demarcation.code,financial_year_end.year,total_revenue,total_expenditure,operating_surplus,cash_coverage_ratio,collection_rate,debtor_days,repairs_maintenance_ratio,irregular_expenditure_ratio,grant_dependency,prior_audit_outcome,prior_audit_opinion_raw,Name,target_next_year,target_opinion_raw
BUF,2018,5504777560.0,6105514561.0,-600737001.0,3.581674279132065,1.0,0.0,0.0,0.03493900045094004,0.0,at_risk,qualified,Buffalo City,at_risk,qualified
BUF,2019,6011582409.0,6877780480.0,-866198071.0,2.044205243375258,1.0,0.0,0.05637093639836554,0.019271179035943876,0.0,at_risk,qualified,Buffalo City,at_risk,qualified
BUF,2020,6668511530.0,7830442944.0,-1161931414.0,2.1051846627183597,1.0,0.0,4.750114427243313e-05,0.03858501864591327,1.813338021775903,at_risk,qualified,Buffalo City,at_risk,qualified
BUF,2021,7884806636.0,8276988077.0,-392181441.0,1.6606145907342957,1.0,469.72403990225126,0.04661955005979163,0.037600951832324356,0.9570373504844945,at_risk,qualified,Buffalo City,not_at_risk,unqualified_emphasis_of_matter
BUF,2022,8249186391.0,9201095919.0,-951909528.0,0.9096179135267202,0.7708874777123637,587.6711182170693,0.04362510015476777,0.7089893181668939,1.0977301082540178,not_at_risk,unqualified_emphasis_of_matter,Buffalo City,at_risk,qualified
BUF,2023,8052720566.0,9108938273.0,-1056217707.0,0.8957904501544754,0.8384529195738826,578.2535385842916,0.04888695506038808,0.18809133662464989,1.407926952522048,at_risk,qualified,Buffalo City,at_risk,qualified
CPT,2018,37086598058.0,33389754913.0,3696843145.0,2.7636536721050473,1.0,0.0,0.0,0.007068605343614191,0.0,not_at_risk,unqualified_emphasis_of_matter,Cape Town,not_at_risk,unqualified_emphasis_of_matter
CPT,2019,40467931573.0,36185942352.0,4281989221.0,3.6912857472846063,1.0,0.0,0.02903475804995667,0.0262635139014826,0.0,not_at_risk,unqualified_emphasis_of_matter,Cape Town,not_at_risk,unqualified_emphasis_of_matter
CPT,2020,42553859099.0,40440135812.0,2113723287.0,3.5476867574076683,1.0,0.0,0.02894236872598958,0.016547026526093803,0.9074097636636534,not_at_risk,unqualified_emphasis_of_matter,Cape Town,not_at_risk,unqualified_emphasis_of_matter
CPT,2021,43476537035.0,43393150340.0,83386695.0,2.988757584822084,1.0,0.0,0.03246644159185055,0.01756466156589266,0.6764481466020239,not_at_risk,unqualified_emphasis_of_matter,Cape Town,not_at_risk,unqualified
CPT,2022,51811075422.0,50597647079.0,1213428343.0,2.6381121956835094,1.0,113.24788515031568,0.029712731693880827,0.0006576195123865751,0.7142774265651682,not_at_risk,unqualified,Cape Town,not_at_risk,unqualified
CPT,2023,54414470221.0,52445477103.0,1968993118.0,2.8814582498164674,1.0,121.27222198385537,0.03416885764010894,0.0002285993123192353,0.902036866271965,not_at_risk,unqualified,Cape Town,not_at_risk,unqualified
DC1,2018,344413110.0,334102397.0,10310713.0,1.2705354759846275,0.990960762131996,0.0,0.0,0.003193179724478301,0.0,not_at_risk,unqualified,West Coast,not_at_risk,unqualified
DC1,2019,357962076.0,349128739.0,8833337.0,10.538666391482598,0.9969258185308547,0.0,0.023728762701485884,0.013028434763143346,0.0,not_at_risk,unqualified,West Coast,not_at_risk,unqualified
DC1,2020,422985664.0,366846654.0,56139010.0,0.8213295574995213,0.9934816849443064,22.806191240088932,0.022934574728327765,0.030730745059487443,1.4015282844195873,not_at_risk,unqualified,West Coast,not_at_risk,unqualified
DC1,2021,450973694.0,416677619.0,34296075.0,-0.18573772257251955,0.9920879077198587,9.931429681129028,0.026514798242619313,0.020764904582024117,1.024273579913067,not_at_risk,unqualified,West Coast,not_at_risk,unqualified
DC1,2022,534015966.0,507713455.0,26302511.0,7.768264924158844,0.9842573174894461,5.490161749208824,0.026226344543104536,0.02577834577970757,0.8311158509444266,not_at_risk,unqualified,West Coast,not_at_risk,unqualified
DC1,2023,577830966.0,541361344.0,36469622.0,7.632514662886606,0.9936130490052817,4.837944588452533,0.029664899753167454,0.011223760372517473,0.8243840016009111,not_at_risk,unqualified,West Coast,not_at_risk,unqualified
DC10,2018,111015448.0,104217956.0,6797492.0,24.60146660331738,,0.0,0.0,0.002960315207103083,0.0,not_at_risk,unqualified_emphasis_of_matter,Sarah Baartman,not_at_risk,unqualified_emphasis_of_matter
DC10,2019,112318112.0,113388992.0,-1070880.0,23.846723745458466,,0.0,0.006844447475112928,0.012347574268937853,0.0,not_at_risk,unqualified_emphasis_of_matter,Sarah Baartman,not_at_risk,unqualified_emphasis_of_matter
DC10,2020,113384659.0,109030894.0,4353765.0,65.81475422920039,,40.480979750532214,0.002499585117590616,0.04600222758881533,4.759068861335113,not_at_risk,unqualified_emphasis_of_matter,Sarah Baartman,not_at_risk,unqualified_emphasis_of_matter
DC10,2021,110452623.0,118271676.0,-7819053.0,56.574348468690005,,11.831601319237118,0.002806901966959528,0.014525895447697891,4.163462048339042,not_at_risk,unqualified_emphasis_of_matter,Sarah Baartman,not_at_risk,unqualified_emphasis_of_matter
DC10,2022,149058854.0,117777028.0,31281826.0,21.30450926304576,,21.97321790760581,0.0,0.008470743547714585,4.342374160477579,not_at_risk,unqualified_emphasis_of_matter,Sarah Baartman,not_at_risk,unqualified_emphasis_of_matter
DC10,2023,126858915.0,138420954.0,-11562039.0,10.028385500073927,,32.79162323751547,0.0015986307968951002,0.010699832338967987,3.7119829694270994,not_at_risk,unqualified_emphasis_of_matter,Sarah Baartman,not_at_risk,unqualified_emphasis_of_matter
DC12,2019,1324309798.0,1573896304.0,-249586506.0,0.0655602886529175,1.0,0.0,0.0,0.07956660656850999,0.0,at_risk,disclaimer,Amathole,at_risk,adverse
DC12,2020,1438405111.0,1705026479.0,-266621368.0,1.3804825537844332,-0.009459698088969258,0.0,0.008539037474971672,0.06124172984178036,5.976591625166994,at_risk,adverse,Amathole,at_risk,adverse
DC12,2021,1520638143.0,1845369317.0,-324731174.0,0.6249632511907642,-0.19650417803592332,791.5268604636074,0.01032242479839606,0.021259999631824376,5.310908415112667,at_risk,adverse,Amathole,at_risk,disclaimer
DC12,2022,1773240077.0,1644388224.0,128851853.0,1.6588267710679008,0.4877517219675492,199.3421543731554,0.0208582143191023,0.02842931207952995,5.37204875276457,at_risk,disclaimer,Amathole,at_risk,disclaimer
DC12,2023,1602661267.0,1473100412.0,129560855.0,2.052027896656375,0.21630022424938303,471.87716847717394,0.016888176662868248,0.15141820963661504,6.2015494282236245,at_risk,disclaimer,Amathole,at_risk,qualified
DC13,2018,976508011.0,1140221357.0,-163713346.0,0.67899456824505,1.0,0.0,0.0,0.2012518583266635,0.0,at_risk,qualified,Chris Hani,at_risk,disclaimer
DC13,2019,977395938.0,1199928029.0,-222532091.0,3.7794193538252614,1.0,0.0,0.06307921822867928,0.0789711646947452,0.0,at_risk,disclaimer,Chris Hani,at_risk,disclaimer
DC13,2020,1079435841.0,1250824555.0,-171388714.0,0.4053044001842449,1.0,1360.5369869314911,0.03318099395642261,0.020143996933286938,7.11493990127756,at_risk,disclaimer,Chris Hani,at_risk,disclaimer
DC13,2021,1157963060.0,1321676114.0,-163713054.0,1.5545770058457755,1.0,1515.1486327465402,0.03255643992065064,0.04275236451765065,6.1470832739690335,at_risk,disclaimer,Chris Hani,at_risk,qualified
DC13,2022,1147640994.0,1502263325.0,-354622331.0,2.8858560598888348,1.0,1164.0104702551257,0.029239696708964123,0.03952645252788821,7.2051208568103835,at_risk,qualified,Chris Hani,at_risk,qualified
DC13,2023,1329428868.0,1622024405.0,-292595537.0,0.7818209812940515,1.0,1328.2815888875373,0.04113189345014818,0.10557376971155992,7.96108233449313,at_risk,qualified,Chris Hani,at_risk,qualified
DC14,2018,375997912.0,563791099.0,-187793187.0,0.45328648936332355,0.6552074116854739,0.0,0.0,0.11213268196701345,0.0,not_at_risk,unqualified,Joe Gqabi,not_at_risk,unqualified_emphasis_of_matter
DC14,2019,546218483.0,616706095.0,-70487612.0,0.1055701387222385,1.0,0.0,0.13134771596509032,0.01607654939748893,0.0,not_at_risk,unqualified_emphasis_of_matter,Joe Gqabi,not_at_risk,unqualified_emphasis_of_matter
DC14,2020,477363289.0,661460654.0,-184097365.0,1.5146186155465569,0.48228876377406954,0.0,0.11763763049162407,0.19081552657249964,7.209544594871433,not_at_risk,unqualified_emphasis_of_matter,Joe Gqabi,not_at_risk,unqualified
DC14,2021,645001452.0,613028087.0,31973365.0,0.10262562080618012,0.4876665839710026,834.0331274168976,0.05805665475161173,0.0865658803003589,5.006835262132092,not_at_risk,unqualified,Joe Gqabi,not_at_risk,unqualified
DC14,2022,612386060.0,643879386.0,-31493326.0,0.46464559435359837,0.4811598665449535,0.0,0.0657521795549454,0.024710326725695175,5.683030818826934,not_at_risk,unqualified,Joe Gqabi,not_at_risk,unqualified
DC14,2023,736801068.0,652477771.0,84323297.0,0.1496547535256952,0.5726374249548032,1157.3546370592394,0.03588733753199387,0.06612980536313168,5.232735908574986,not_at_risk,unqualified,Joe Gqabi,not_at_risk,unqualified
DC15,2018,1466460485.0,1464321036.0,2139449.0,-0.5740400221908716,1.0,0.0,0.0,0.9253661893033134,0.0,at_risk,qualified,O R Tambo,at_risk,qualified
DC15,2019,1132824895.0,1633886395.0,-501061500.0,1.983953972515941,1.0,0.0,0.08883368112016135,0.6004359256568753,0.0,at_risk,qualified,O R Tambo,at_risk,qualified
DC15,2020,1175528872.0,1681055342.0,-505526470.0,2.3053770088194994,0.7208424650022124,74.09278427744138,0.03709684770151963,0.41413841389167066,11.726120509952052,at_risk,qualified,O R Tambo,at_risk,qualified
DC15,2021,1440409613.0,1750146800.0,-309737187.0,2.724820946448607,0.934636698999457,75.02162035001636,0.04861602923823304,0.14276516461361985,7.078389866313674,at_risk,qualified,O R Tambo,at_risk,qualified
DC15,2022,1332950086.0,1570618045.0,-237667959.0,2.9323592064039987,0.7459086524591302,80.95407767954485,0.016073108977937407,0.07896166569256499,7.8289263113487655,at_risk,qualified,O R Tambo,not_at_risk,unqualified_emphasis_of_matter
DC15,2023,1437027202.0,1611216942.0,-174189740.0,3.4569308072730034,0.7279027943620979,80.23066415481813,0.05404191188054178,0.107030231935086,8.045171298016946,not_at_risk,unqualified_emphasis_of_matter,O R Tambo,not_at_risk,unqualified_emphasis_of_matter
DC16,2018,57623951.0,59052816.0,-1428865.0,0.20731597287418096,,0.0,0.0,0.02955908148393804,0.0,not_at_risk,unqualified_emphasis_of_matter,Xhariep,not_at_risk,unqualified_emphasis_of_matter
DC16,2019,68965758.0,62014863.0,6950895.0,1.4262455760000632,,0.0,0.0,0.03978009271745065,0.0,not_at_risk,unqualified_emphasis_of_matter,Xhariep,not_at_risk,unqualified_emphasis_of_matter
DC16,2020,67962784.0,67699906.0,262878.0,1.8924595257192824,,0.0,0.0,0.06472026711528964,6.955060581391133,not_at_risk,unqualified_emphasis_of_matter,Xhariep,not_at_risk,unqualified_emphasis_of_matter
DC16,2021,62708310.0,68918086.0,-6209776.0,1.2762138519052895,,114.31358395721396,0.005495654652974547,0.053644307533439045,3.760852461180982,not_at_risk,unqualified_emphasis_of_matter,Xhariep,not_at_risk,unqualified_emphasis_of_matter
DC16,2022,55633068.0,70093002.0,-14459934.0,0.03870172374697263,,128.11229123657174,0.004967457378983425,0.0518877333859948,4.388925342028593,not_at_risk,unqualified_emphasis_of_matter,Xhariep,not_at_risk,unqualified_emphasis_of_matter
DC16,2023,72404945.0,69141553.0,3263392.0,0.0683995049981015,,58.67978464730552,0.0021296166141943616,0.018739729493782126,4.1830833791808,not_at_risk,unqualified_emphasis_of_matter,Xhariep,not_at_risk,unqualified_emphasis_of_matter
DC18,2018,125564710.0,115797908.0,9766802.0,1.5198069381357047,,0.0,0.0,0.05165903342571612,0.0,not_at_risk,unqualified_emphasis_of_matter,Lejweleputswa,not_at_risk,unqualified_emphasis_of_matter
DC18,2019,132956499.0,127125484.0,5831015.0,2.9226460998174053,,0.0,0.01849392368881758,0.00458822245270665,0.0,not_at_risk,unqualified_emphasis_of_matter,Lejweleputswa,not_at_risk,unqualified_emphasis_of_matter
DC18,2020,145164311.0,149874473.0,-4710162.0,0.47927972363912835,,150.0002661122402,0.016292887982331722,0.007823960788839604,4.47483480977635,not_at_risk,unqualified_emphasis_of_matter,Lejweleputswa,not_at_risk,unqualified_emphasis_of_matter
DC18,2021,147891735.0,155392191.0,-7500456.0,9.361151642427128,,0.0,0.015071671136936348,0.06994522652685939,4.726494594170526,not_at_risk,unqualified_emphasis_of_matter,Lejweleputswa,not_at_risk,unqualified_emphasis_of_matter
DC18,2022,146185498.0,159039436.0,-12853938.0,8.414956350826094,,76.4746937825529,0.016519776893575,0.03751375224947352,4.247771485513563,not_at_risk,unqualified_emphasis_of_matter,Lejweleputswa,not_at_risk,unqualified_emphasis_of_matter
DC18,2023,157577625.0,171343010.0,-13765385.0,7.437522569493789,,72.41565069913955,0.011364887309963797,0.1091021863103724,4.338214108760682,not_at_risk,unqualified_emphasis_of_matter,Lejweleputswa,not_at_risk,unqualified_emphasis_of_matter
DC19,2018,119366210.0,111989056.0,7377154.0,0.055828490955401926,,0.0,0.0,0.12477637100539539,0.0,at_risk,qualified,Thabo Mofutsanyana,not_at_risk,unqualified_emphasis_of_matter
DC19,2019,125513909.0,119020592.0,6493317.0,0.7932949619339821,1.0,0.0,0.014916469244246408,0.14302523381836313,0.0,not_at_risk,unqualified_emphasis_of_matter,Thabo Mofutsanyana,at_risk,qualified
DC19,2020,228286428.0,178904653.0,49381775.0,3.772256096659487,,8.200395557461698,0.008513864644984947,0.13698381561937353,3.3532908491607745,at_risk,qualified,Thabo Mofutsanyana,not_at_risk,unqualified_emphasis_of_matter
DC19,2021,172524077.0,163303299.0,9220778.0,1.3166982009346915,,0.0,0.0024573355373549433,0.10361670035827017,3.720569877327905,not_at_risk,unqualified_emphasis_of_matter,Thabo Mofutsanyana,not_at_risk,unqualified_emphasis_of_matter
DC19,2022,183425459.0,171129833.0,12295626.0,0.9779778140728975,,7.129470397018333,0.0006426699428848271,0.057216645562904275,3.7750048645101115,not_at_risk,unqualified_emphasis_of_matter,Thabo Mofutsanyana,not_at_risk,unqualified_emphasis_of_matter
DC19,2023,148613676.0,162480126.0,-13866450.0,-0.1948790955516615,,32.661774983615906,0.0,0.0990318040496842,4.3639603531508095,not_at_risk,unqualified_emphasis_of_matter,Thabo Mofutsanyana,not_at_risk,unqualified_emphasis_of_matter
DC2,2018,220082.0,-1597823.0,1817905.0,-0.0,,0.0,-0.0,-0.1010531204019469,0.0,not_at_risk,unqualified,Cape Winelands DM,not_at_risk,unqualified
DC2,2019,417221746.0,356710248.0,60511498.0,1.3542476525653393,,0.0,0.01446865075768723,0.00037849487295918676,0.0,not_at_risk,unqualified,Cape Winelands DM,not_at_risk,unqualified
DC2,2020,414996390.0,368843728.0,46152662.0,23.32671479776389,,0.08404659857402615,0.011559328995828825,0.0,3.3191160964074893,not_at_risk,unqualified,Cape Winelands DM,not_at_risk,unqualified
DC2,2021,401258631.0,374764907.0,26493724.0,24.5322961682749,,0.05547516808429724,0.017235383781544947,0.003965211182379998,2.687712175342591,not_at_risk,unqualified,Cape Winelands DM,not_at_risk,unqualified
DC2,2022,411603712.0,376970768.0,34632944.0,25.15830450810976,,0.17434977602923077,0.0160642243750847,0.0,2.4978931045208843,not_at_risk,unqualified,Cape Winelands DM,not_at_risk,unqualified
DC2,2023,450319312.0,400569072.0,49750240.0,19.27882577015332,,0.2544799255689039,0.024462669948717358,0.0,2.321696467683358,not_at_risk,unqualified,Cape Winelands DM,not_at_risk,unqualified
DC20,2018,155055404.0,167265089.0,-12209685.0,6.413885494061466,,0.0,0.0,0.08476111832278402,0.0,at_risk,qualified,Fezile Dabi,at_risk,disclaimer
DC20,2019,162841794.0,152529155.0,10312639.0,7.314930316109074,,0.0,0.010686573330849436,0.19090430285278903,0.0,at_risk,disclaimer,Fezile Dabi,at_risk,qualified
DC20,2020,168091973.0,170636738.0,-2544765.0,7.546928797947369,,0.0,0.03321104274742993,0.2763512157622235,4.206990574142407,at_risk,qualified,Fezile Dabi,at_risk,qualified
DC20,2021,175721494.0,182925714.0,-7204220.0,6.428057632181772,,0.0,0.020265937024031514,0.15161347409036216,3.892405501628617,at_risk,qualified,Fezile Dabi,at_risk,qualified
DC20,2022,178078064.0,191922959.0,-13844895.0,5.289544394738099,,0.0,0.018408313515007862,0.07450118044501387,4.1294698711459485,at_risk,qualified,Fezile Dabi,at_risk,qualified
DC20,2023,188462498.0,174969920.0,13492578.0,7.11212295233375,,0.0,0.022267884674119987,0.2274435971623008,3.8920634491430754,at_risk,qualified,Fezile Dabi,at_risk,qualified
DC21,2018,56725338.0,619988666.0,-563263328.0,-1.991570303964234,1.0,0.0,0.0,0.21179043618194143,0.0,at_risk,adverse,Ugu,at_risk,qualified
DC21,2019,1162828486.0,1399209517.0,-236381031.0,-0.11037135048303134,1.0,0.0,0.11872709410680773,0.2302432238244989,0.0,at_risk,qualified,Ugu,at_risk,qualified
DC21,2021,1069571978.0,1296091611.0,-226519633.0,0.7248926665570402,1.0,556.5268874873235,0.06305657278110413,0.1371444738098841,3.7724972876953964,at_risk,qualified,Ugu,not_at_risk,unqualified_emphasis_of_matter
DC21,2022,1047132868.0,1457574358.0,-410441490.0,0.25143839968677606,1.0,665.4276247109455,0.08091817158600151,0.2226619466915732,4.5640933180983865,not_at_risk,unqualified_emphasis_of_matter,Ugu,not_at_risk,unqualified_emphasis_of_matter
DC21,2023,1195461302.0,1593154296.0,-397692994.0,0.08962652792545336,1.0,690.0436715809308,0.06459768476812995,0.15212023004204986,5.590316448403112,not_at_risk,unqualified_emphasis_of_matter,Ugu,not_at_risk,unqualified_emphasis_of_matter
DC22,2018,27547379.0,239478581.0,-211931202.0,-4.7532761186688335,1.0,0.0,0.0,0.0293943699290585,0.0,at_risk,qualified,uMgungundlovu,at_risk,qualified
DC22,2019,35118178.0,198109158.0,-162990980.0,-3.2207893993472023,1.0,0.0,0.012543125341030423,0.039387845967221766,0.0,at_risk,qualified,uMgungundlovu,not_at_risk,unqualified_emphasis_of_matter
DC22,2020,883303881.0,991833592.0,-108529711.0,1.0725411929786706,0.4056066795964233,677.4603816724315,0.026690235351496342,0.0417161642171926,19.980654370067235,not_at_risk,unqualified_emphasis_of_matter,uMgungundlovu,not_at_risk,unqualified_emphasis_of_matter
DC22,2021,949654079.0,1048320938.0,-98666859.0,0.9431164294841166,0.3685672337352919,770.1086939731873,0.019042614028186088,0.01271771889382982,4.1327249940659705,not_at_risk,unqualified_emphasis_of_matter,uMgungundlovu,not_at_risk,unqualified_emphasis_of_matter
DC22,2022,976150925.0,995314684.0,-19163759.0,0.9848111112565482,1.9865175004618754,523.0069047058475,0.01426180104462319,0.0006841092680995752,4.4611421128346525,not_at_risk,unqualified_emphasis_of_matter,uMgungundlovu,not_at_risk,unqualified_emphasis_of_matter
DC22,2023,1243107796.0,1249212732.0,-6104936.0,3.1571244312293802,0.30740815292577606,501.0941728258617,0.017967765957736012,0.27691608573838966,4.636815184127443,not_at_risk,unqualified_emphasis_of_matter,uMgungundlovu,not_at_risk,unqualified_emphasis_of_matter
DC23,2018,600447237.0,695221409.0,-94774172.0,0.10374987171892458,0.28868991912586944,0.0,0.0,0.57511764859934,0.0,at_risk,qualified,Uthukela,at_risk,qualified
DC23,2019,729337659.0,807963626.0,-78625967.0,1.947922432834866,1.0,0.0,0.017854473315114312,0.303928688245181,0.0,at_risk,qualified,Uthukela,at_risk,qualified
DC23,2020,685959663.0,805937683.0,-119978020.0,0.5803298516319655,0.7273157472088913,1156.567087400298,0.02018820604024294,0.16662068027410998,7.39429213055637,at_risk,qualified,Uthukela,at_risk,qualified
DC23,2021,943487642.0,1292870278.0,-349382636.0,0.4256377003664091,-0.5370990460735602,542.367684991893,0.03614894610486204,0.06406382172241414,4.688984763618134,at_risk,qualified,Uthukela,at_risk,qualified
DC23,2022,882959705.0,1037709695.0,-154749990.0,0.1661689476650789,0.31113896451719525,682.5030139852191,0.05707839609227126,0.29620127717897055,4.903180534155859,at_risk,qualified,Uthukela,at_risk,qualified
DC23,2023,830741624.0,1098038595.0,-267296971.0,0.14959782356284115,0.2033340855060357,857.0384142205929,0.05697112950751972,0.3488868740538214,5.363092291617255,at_risk,qualified,Uthukela,at_risk,qualified
DC24,2018,381516595.0,468226083.0,-86709488.0,3.8848721804334,-0.4129526098273405,0.0,0.0,0.5718782821417491,0.0,at_risk,adverse,Umzinyathi,at_risk,disclaimer
DC24,2019,430322497.0,595354984.0,-165032487.0,1.5738247284077493,1.0,0.0,0.3804597476923112,0.597400640892258,0.0,at_risk,disclaimer,Umzinyathi,at_risk,disclaimer
DC24,2020,443304326.0,623881952.0,-180577626.0,0.04279967374340715,1.0,538.2545834100433,0.3839985965806557,0.4782532673745305,10.936757553771312,at_risk,disclaimer,Umzinyathi,at_risk,qualified
DC24,2021,557068998.0,745841870.0,-188772872.0,0.18307598097167702,0.10082781402996951,530.3130994825168,0.224941997423663,0.4021337016115762,7.16333578484294,at_risk,qualified,Umzinyathi,at_risk,adverse
DC24,2022,538270580.0,733077211.0,-194806631.0,-0.4465417217832461,0.7473077202558431,652.4444432110706,0.24742881824490381,0.18648618174000228,8.215050980493862,at_risk,adverse,Umzinyathi,at_risk,adverse
DC24,2023,589266826.0,768753705.0,-179486879.0,0.8401698278644394,0.09017166219355204,693.2277395164275,0.21113900062439375,0.29622407608429024,8.30854050826883,at_risk,adverse,Umzinyathi,at_risk,adverse
DC25,2018,244310843.0,27573140.0,216737703.0,139.48302935392923,1.0,0.0,0.0,0.09853799748595916,0.0,at_risk,qualified,Amajuba,at_risk,qualified
DC25,2019,3271837.0,26104599.0,-22832762.0,-12.093044294608777,1.0,0.0,0.049580305753786906,0.9989066677484684,0.0,at_risk,qualified,Amajuba,at_risk,disclaimer
DC25,2021,236009749.0,260876467.0,-24866718.0,2.0506749656342134,1.0,66.19304232639983,0.03646663920820424,0.765294586728668,6.110075868094754,at_risk,qualified,Amajuba,at_risk,qualified
DC25,2022,252919841.0,277956474.0,-25036633.0,3.0748643328955167,1.0,90.6703041735662,0.02477999127302212,0.22464372245562447,6.971474634131215,at_risk,qualified,Amajuba,at_risk,qualified
DC25,2023,280752000.0,317699483.0,-36947483.0,2.906300857908541,-0.08665170150112471,541.0498894575995,0.008657388970318217,0.18579595862924334,6.629709736707129,at_risk,qualified,Amajuba,at_risk,qualified
DC26,2018,432405399.0,657086689.0,-224681290.0,0.2410905085310593,1.0,0.0,0.0,0.18701213258027208,0.0,at_risk,qualified,Zululand,at_risk,qualified
DC26,2019,477757907.0,627127276.0,-149369369.0,0.23877126339502414,1.0,0.0,0.12229656552205202,0.1973701395823198,0.0,at_risk,qualified,Zululand,at_risk,qualified
DC26,2020,529507422.0,700854339.0,-171346917.0,0.21042941991402866,1.0,179.65525193337137,0.11488280591211407,0.2670700409261503,14.799176382460603,at_risk,qualified,Zululand,not_at_risk,unqualified_emphasis_of_matter
DC26,2021,662421962.0,806033533.0,-143611571.0,0.29862155623245024,0.8284103556311992,169.0455569919646,0.09896594959654116,0.02222993122049179,8.63513142699819,not_at_risk,unqualified_emphasis_of_matter,Zululand,not_at_risk,unqualified_emphasis_of_matter
DC26,2022,594500563.0,878966487.0,-284465924.0,0.2794398963245114,0.6141622879466075,216.2214496170292,0.15681504134525667,0.0671130286222164,13.119670199538566,not_at_risk,unqualified_emphasis_of_matter,Zululand,not_at_risk,unqualified_emphasis_of_matter
DC26,2023,730784935.0,990581791.0,-259796856.0,0.33224848164001836,0.8809616418072412,201.01841326272003,0.1393093051515622,0.09574574342241265,11.056703031241332,not_at_risk,unqualified_emphasis_of_matter,Zululand,not_at_risk,unqualified_emphasis_of_matter
DC27,2018,18000314.0,171677277.0,-153676963.0,-3.013015519811629,1.0,0.0,0.0,1.351650102185626,0.0,at_risk,qualified,Umkhanyakude,at_risk,qualified
DC27,2019,425480379.0,646535781.0,-221055402.0,0.7450180889524504,1.0,0.0,0.17061708917236246,0.7645943604782486,0.0,at_risk,qualified,Umkhanyakude,at_risk,adverse
DC27,2020,478218888.0,620024121.0,-141805233.0,1.1647881034615426,1.0,0.0,0.058052720500530335,0.7683862028329056,11.293618745564897,at_risk,adverse,Umkhanyakude,at_risk,disclaimer
DC27,2021,582418256.0,566349363.0,16068893.0,3.701686677804209,1.0,221.50497614209402,0.1260479072879261,0.34138714834221506,7.369624282519056,at_risk,disclaimer,Umkhanyakude,at_risk,disclaimer
DC27,2023,607185025.0,752997882.0,-145812857.0,2.242896491971806,1.0,272.5912318242697,0.03914503573597037,0.4465937767405301,7.045661246339203,at_risk,qualified,Umkhanyakude,at_risk,qualified
DC28,2018,697565447.0,866089303.0,-168523856.0,6.3941274517738735,1.0,0.0,0.0,0.0,0.0,at_risk,qualified,King Cetshwayo,not_at_risk,unqualified_emphasis_of_matter
DC28,2019,725559849.0,890480362.0,-164920513.0,6.662257412028139,1.0,0.0,0.22981235379562476,0.007768315052409882,0.0,not_at_risk,unqualified_emphasis_of_matter,King Cetshwayo,not_at_risk,unqualified_emphasis_of_matter
DC28,2020,672675331.0,911826180.0,-239150849.0,6.5988947498743675,1.0,96.43843561731566,0.20187900834345424,0.13674368397713696,9.969471959125553,not_at_risk,unqualified_emphasis_of_matter,King Cetshwayo,not_at_risk,unqualified
DC28,2021,763611242.0,930182864.0,-166571622.0,3.753886371314619,1.0,85.41690955094661,0.19607624700340642,0.033250551259348934,5.9984284123465015,not_at_risk,unqualified,King Cetshwayo,not_at_risk,unqualified
DC28,2022,776491619.0,950486136.0,-173994517.0,4.69632336857147,1.0,91.8709585454006,0.1845708531197345,0.023832684288621755,6.299000205950709,not_at_risk,unqualified,King Cetshwayo,not_at_risk,unqualified
DC28,2023,870483017.0,1009083747.0,-138600730.0,1.5979865385741863,1.0,109.26276461749742,0.15551361764228278,0.0,8.619929613170155,not_at_risk,unqualified,King Cetshwayo,not_at_risk,unqualified
DC29,2018,586946005.0,661855522.0,-74909517.0,1.7766338315751031,0.6800329860779754,0.0,0.0,0.06802848280836735,0.0,not_at_risk,unqualified_emphasis_of_matter,iLembe,not_at_risk,unqualified_emphasis_of_matter
DC29,2019,703208467.0,802050462.0,-98841995.0,3.0465944822309696,1.0,0.0,0.03651281108544514,0.5260212754543616,0.0,not_at_risk,unqualified_emphasis_of_matter,iLembe,not_at_risk,unqualified_emphasis_of_matter
DC29,2020,906141659.0,1094895712.0,-188754053.0,1.6133507078708882,0.40846075173413177,351.58924807804254,0.0379630082979081,0.13741484357918465,6.46119461990214,not_at_risk,unqualified_emphasis_of_matter,iLembe,not_at_risk,unqualified_emphasis_of_matter
DC29,2021,1048247612.0,1076786041.0,-28538429.0,2.281555977191573,0.5566001852865912,386.4271564493676,0.05239764340518601,0.03572222199711818,4.36989096427343,not_at_risk,unqualified_emphasis_of_matter,iLembe,not_at_risk,unqualified_emphasis_of_matter
DC29,2022,1044994047.0,1109840916.0,-64846869.0,2.2409131003780725,0.5884399498916534,444.24769259953496,0.07865322114327239,0.043357390510911746,4.840351847478036,not_at_risk,unqualified_emphasis_of_matter,iLembe,not_at_risk,unqualified_emphasis_of_matter
DC29,2023,1241612517.0,1420874662.0,-179262145.0,2.3494171564022164,0.11206411606839681,495.4525661164867,0.08405728400553321,0.004467351814878095,5.061869618700051,not_at_risk,unqualified_emphasis_of_matter,iLembe,not_at_risk,unqualified_emphasis_of_matter
DC3,2018,-1491781.0,11656248.0,-13148029.0,2.988687955163617,0.8030848260270491,-0.0,0.0,0.06038409615169478,-0.0,not_at_risk,unqualified,Overberg,not_at_risk,unqualified_emphasis_of_matter
DC3,2019,199552338.0,201834144.0,-2281806.0,0.1997204199503529,1.0,0.0,0.4880079408169908,0.08421226787079197,0.0,not_at_risk,unqualified_emphasis_of_matter,Overberg,not_at_risk,unqualified
DC3,2020,213282859.0,207892762.0,5390097.0,-0.10366248344903899,1.0090973365603955,21.1611560870909,0.48341513207660397,0.02648487589000333,2.544266775793736,not_at_risk,unqualified,Overberg,not_at_risk,unqualified
DC3,2021,250994213.0,247909367.0,3084846.0,2.714324110230171,0.9944435440164471,8.644356154936528,0.0392610820550399,0.02766357755251741,1.5363633344008614,not_at_risk,unqualified,Overberg,not_at_risk,unqualified
DC3,2022,266417497.0,243040949.0,23376548.0,-0.5502098989911366,1.1193919930632843,41.33472442314853,0.04079012627621035,0.010414623586743813,1.3319852487015895,not_at_risk,unqualified,Overberg,not_at_risk,unqualified
DC3,2023,268096977.0,255983953.0,12113024.0,1.4935723256058946,1.0,10.555284590172757,0.036761890304897356,0.014635515062930527,1.4421197669826766,not_at_risk,unqualified,Overberg,not_at_risk,unqualified
DC30,2018,309541870.0,435281324.0,-125739454.0,4.0809674526720565,1.0,0.0,0.0,0.0,0.0,not_at_risk,unqualified,Gert Sibande,not_at_risk,unqualified
DC30,2019,315676005.0,435425309.0,-119749304.0,5.234320111603802,1.0,0.0,0.0754210385138637,0.0,0.0,not_at_risk,unqualified,Gert Sibande,not_at_risk,unqualified_emphasis_of_matter
DC30,2020,325443049.0,502232511.0,-176789462.0,3.7068121701105885,1.0,0.0,0.06703755583835551,0.0,5.585254266715034,not_at_risk,unqualified_emphasis_of_matter,Gert Sibande,not_at_risk,unqualified
DC30,2021,339892818.0,353458116.0,-13565298.0,6.342936813480893,1.0,0.0,0.07278654198451055,0.0,4.367901936662869,not_at_risk,unqualified,Gert Sibande,not_at_risk,unqualified_emphasis_of_matter
DC30,2022,350708009.0,352127996.0,-1419987.0,8.722429113531774,1.0,0.0,0.07073809036189216,0.0,4.1490523873379805,not_at_risk,unqualified_emphasis_of_matter,Gert Sibande,not_at_risk,unqualified_emphasis_of_matter
DC30,2023,814864162.0,789093138.0,25771024.0,3.705834055801915,1.0,0.0,0.028408662958110783,0.07966447301687218,1.8362671077931145,not_at_risk,unqualified_emphasis_of_matter,Gert Sibande,not_at_risk,unqualified_emphasis_of_matter
DC31,2018,389212728.0,401989347.0,-12776619.0,12.793501833768744,,0.0,0.0,0.008759724670017188,0.0,not_at_risk,unqualified_emphasis_of_matter,Nkangala,not_at_risk,unqualified
DC31,2019,541364156.0,253387490.0,287976666.0,20.4549988478121,,0.0,0.05782946111506926,0.0013056090496022515,0.0,not_at_risk,unqualified,Nkangala,not_at_risk,unqualified
DC31,2020,406983920.0,476670554.0,-69686634.0,8.356091817662394,,0.10392238592620563,0.04924121031398973,0.005481976971457733,5.616930624679226,not_at_risk,unqualified,Nkangala,not_at_risk,unqualified
DC31,2021,401697618.0,449068707.0,-47371089.0,7.620519075714621,,0.10641671268262289,0.048133382850032345,0.002343044580035723,4.199257268187236,not_at_risk,unqualified,Nkangala,not_at_risk,unqualified
DC31,2022,429321193.0,416702022.0,12619171.0,6.63210106525473,,0.044222927518045914,0.05262090616877304,0.0,3.701692615952458,not_at_risk,unqualified,Nkangala,not_at_risk,unqualified
DC31,2023,726145120.0,796243569.0,-70098449.0,3.49478199427693,,0.14432111035876685,0.027911859970074056,0.0,2.7509628213159374,not_at_risk,unqualified,Nkangala,not_at_risk,unqualified
DC32,2018,242108279.0,230038156.0,12070123.0,0.29658312858324254,,0.0,0.0,0.00713179512706579,0.0,not_at_risk,unqualified_emphasis_of_matter,Ehlanzeni,not_at_risk,unqualified_emphasis_of_matter
DC32,2019,255021966.0,245611028.0,9410938.0,4.399954125838356,,0.0,0.02969565356812887,0.008775623869788127,0.0,not_at_risk,unqualified_emphasis_of_matter,Ehlanzeni,not_at_risk,unqualified
DC32,2020,269511359.0,279027722.0,-9516363.0,3.6763646445137086,,39.19848647269817,0.033381468096564254,0.004789889658347281,5.7140227028427395,not_at_risk,unqualified,Ehlanzeni,not_at_risk,unqualified
DC32,2021,295811248.0,273754985.0,22056263.0,3.58621230586906,,61.580062280119925,0.0260850921125692,0.0024347611423404763,4.262424071176631,not_at_risk,unqualified,Ehlanzeni,not_at_risk,unqualified
DC32,2022,287463751.0,299092283.0,-11628532.0,3.127796928147424,,57.688664126559736,0.0368146877263296,0.002309300638157889,4.923912149187812,not_at_risk,unqualified,Ehlanzeni,not_at_risk,unqualified
DC32,2023,352621169.0,372547024.0,-19925855.0,1.66352560099903,,54.540442593223894,0.03940279496099263,0.0,3.762957299934537,not_at_risk,unqualified,Ehlanzeni,not_at_risk,unqualified
DC33,2020,1257106405.0,1513842768.0,-256736363.0,1.7254299291932806,0.30617943026660477,0.0,0.07618238131319593,0.29761777611504237,10.183137493440741,at_risk,qualified,Mopani,at_risk,disclaimer
DC33,2021,1682948178.0,1486921765.0,196026413.0,0.2433417497254807,0.8079639469684545,0.0,0.07213347166251212,0.20194606876307308,6.912677988591042,at_risk,disclaimer,Mopani,at_risk,disclaimer
DC33,2022,1370128878.0,1581561361.0,-211432483.0,0.2314187340594748,0.8568290857570271,0.0,0.0702855549845467,0.1907557995784901,8.42255884194275,at_risk,disclaimer,Mopani,at_risk,qualified
DC33,2023,1563752436.0,1941091918.0,-377339482.0,0.11422845767574824,-0.7844761786028236,0.0,0.032316762755178294,0.08497734160366537,8.883439905317596,at_risk,qualified,Mopani,at_risk,qualified
DC34,2018,1506372489.0,1388583750.0,117788739.0,1.4615320077020921,-1.4339748689397294,0.0,0.0,0.0001205832921492852,0.0,at_risk,disclaimer,Vhembe,at_risk,qualified
DC34,2019,1563975074.0,1374362293.0,189612781.0,2.053357710971484,1.0,0.0,0.0,0.06028808227788013,0.0,at_risk,qualified,Vhembe,at_risk,qualified
DC34,2020,1791820886.0,1866827431.0,-75006545.0,1.7222145007146084,-1.0606942934314834,129.0093306346246,0.0004975339362259457,0.0384576559181704,6.872036562475921,at_risk,qualified,Vhembe,at_risk,qualified
DC34,2021,2563811204.0,2915748269.0,-351937065.0,0.4153809987222872,-0.15525464304941497,179.35674700327894,0.003640757027231558,0.07668270624633954,3.8099178078168663,at_risk,qualified,Vhembe,at_risk,qualified
DC34,2022,1724754581.0,2004658169.0,-279903588.0,0.7893985001888869,-0.11113739885030856,504.0585656980493,0.08332524197046784,0.052469451214452914,5.895844185614023,at_risk,qualified,Vhembe,at_risk,qualified
DC34,2023,2171716313.0,2368078104.0,-196361791.0,0.6622491062904571,-0.11473242772320345,684.2625349151668,0.038542292944574265,0.03916623224687356,5.368751228789061,at_risk,qualified,Vhembe,at_risk,qualified
DC35,2018,652410968.0,729028021.0,-76617053.0,4.515338819877816,1.0,0.0,0.0,9.854902408476834e-05,0.0,not_at_risk,unqualified_emphasis_of_matter,Capricorn,not_at_risk,unqualified
DC35,2019,674623630.0,754969048.0,-80345418.0,4.078058792153291,1.0,0.0,0.02371696170516384,0.0054522659053434465,0.0,not_at_risk,unqualified,Capricorn,not_at_risk,unqualified
DC35,2020,709771557.0,735125634.0,-25354077.0,5.889389682199546,1.0,0.0,0.03501995415385012,0.004563440376505766,10.64062390429094,not_at_risk,unqualified,Capricorn,not_at_risk,unqualified_emphasis_of_matter
DC35,2021,846685086.0,824586438.0,22098648.0,5.150276779109482,1.0,192.21599479077162,0.015334547619615349,0.0030028749999887823,6.296633768744569,not_at_risk,unqualified_emphasis_of_matter,Capricorn,not_at_risk,unqualified
DC35,2022,860219680.0,865658292.0,-5438612.0,5.922881778391144,0.3029349892839533,447.9565067320943,0.021339495238151082,8.304431513491469e-05,7.1696688013461864,not_at_risk,unqualified,Capricorn,not_at_risk,unqualified_emphasis_of_matter
DC35,2023,969341424.0,902871216.0,66470208.0,6.561739077525315,0.07478124416617099,492.94545534144015,0.02239476532387317,0.21371512966695352,7.5633044069722954,not_at_risk,unqualified_emphasis_of_matter,Capricorn,not_at_risk,unqualified
DC36,2018,131705269.0,139814286.0,-8109017.0,11.061199025112499,,0.0,0.0,0.0023554030809126328,0.0,at_risk,qualified,Waterberg,not_at_risk,unqualified_emphasis_of_matter
DC36,2019,139791093.0,158102788.0,-18311695.0,6.845691652192749,,0.0,0.0023553537841470578,0.19761778647445483,0.0,not_at_risk,unqualified_emphasis_of_matter,Waterberg,not_at_risk,unqualified_emphasis_of_matter
DC36,2020,142715041.0,159948477.0,-17233436.0,5.26902517490054,,0.4105062759292484,0.006365612346530814,0.03592504353761368,6.188374706769695,not_at_risk,unqualified_emphasis_of_matter,Waterberg,not_at_risk,unqualified
DC36,2021,151289156.0,166821473.0,-15532317.0,3.3140696941334404,,0.6064018230097072,0.0,0.008787363962431863,4.433892895800145,not_at_risk,unqualified,Waterberg,not_at_risk,unqualified
DC36,2023,154937349.0,172276820.0,-17339471.0,0.8897072746060671,,0.12459778177823348,0.0,0.0,4.553121610464627,not_at_risk,unqualified_emphasis_of_matter,Waterberg,not_at_risk,unqualified
DC37,2018,2625643.0,41480823.0,-38855180.0,-4.0275748627263255,,0.0,0.0,2.302118378895231,0.0,at_risk,disclaimer,Bojanala Platinum,at_risk,outstanding
DC37,2021,379721282.0,296098698.0,83622584.0,3.1620960521751433,,0.0,0.008583482525140991,0.13097276773570954,4.292576390279858,at_risk,outstanding,Bojanala Platinum,at_risk,qualified
DC37,2022,380400300.0,286713339.0,93686961.0,7.563962721664652,,0.0,0.01342284252774162,0.08510862133275215,4.043603540796366,at_risk,qualified,Bojanala Platinum,at_risk,qualified
DC38,2018,36442477.0,273780553.0,-237338076.0,-6.601720086378816,1.0,0.0,0.0,0.5523733674392863,0.0,at_risk,disclaimer,Ngaka Modiri Molema,at_risk,outstanding
DC38,2019,10187720.0,168290561.0,-158102841.0,-11.574101104814785,1.0,0.0,-0.2543925324486856,9.26647925904769,0.0,at_risk,outstanding,Ngaka Modiri Molema,at_risk,adverse
DC38,2020,803883582.0,1059398718.0,-255515136.0,5.165635999948416,1.0,0.0,0.05189899238673611,0.8201746662865038,9.728395400915154,at_risk,adverse,Ngaka Modiri Molema,at_risk,adverse
DC38,2021,946814049.0,1062546321.0,-115732272.0,6.5829172900594894,1.0,0.056340930995205374,0.04524318992018796,0.3146362632787282,6.747694021595575,at_risk,adverse,Ngaka Modiri Molema,at_risk,adverse
DC38,2022,911473453.0,1249138653.0,-337665200.0,4.386154247041781,1.0,0.058525440126011,0.1761217359431115,0.3297291465689678,6.704573964152525,at_risk,adverse,Ngaka Modiri Molema,at_risk,qualified
DC38,2023,1009082299.0,1601298911.0,-592216612.0,1.1957538713395153,1.0,0.0,0.32956271023155653,0.3034400845851821,6.720248571122741,at_risk,qualified,Ngaka Modiri Molema,at_risk,qualified
DC39,2019,250318671.0,276270782.0,-25952111.0,6.901697349957188,,0.0,0.01988747040213612,1.1834907319298065,0.0,at_risk,disclaimer,Dr Ruth Segomotsi Mompati,at_risk,disclaimer
DC39,2020,383305736.0,579130546.0,-195824810.0,2.3893599285298275,1.0,0.0,-0.0009385517717105531,0.6325341074307622,12.639732555424112,at_risk,disclaimer,Dr Ruth Segomotsi Mompati,at_risk,qualified
DC39,2021,401984425.0,573406575.0,-171422150.0,2.303638384334885,,15.762412051163425,0.008202335315042384,0.15481521641079893,5.274707277526984,at_risk,qualified,Dr Ruth Segomotsi Mompati,at_risk,qualified
DC39,2022,430517026.0,656227815.0,-225710789.0,5.438452979930453,1.0,26.637176423772843,0.01744041282370818,0.20799943537900784,15.505542398687851,at_risk,qualified,Dr Ruth Segomotsi Mompati,at_risk,qualified
DC4,2018,201380906.0,196007756.0,5373150.0,7.956093410915842,,0.0,0.0,0.2898629327708848,0.0,not_at_risk,unqualified_emphasis_of_matter,Garden Route,not_at_risk,unqualified_emphasis_of_matter
DC4,2019,223652266.0,213239477.0,10412789.0,8.15133603052309,,0.0,0.0,0.7512202020641797,0.0,not_at_risk,unqualified_emphasis_of_matter,Garden Route,not_at_risk,unqualified_emphasis_of_matter
DC4,2020,361385196.0,370009853.0,-8624657.0,6.070711506160891,,37.25258164698036,0.01863966038763838,0.1449085059905148,3.0435493932075737,not_at_risk,unqualified_emphasis_of_matter,Garden Route,not_at_risk,unqualified
DC4,2021,379009567.0,396551190.0,-17541623.0,5.136595071118057,,39.22002045399556,0.007949558794666585,0.06343195187486388,2.0739507084790816,not_at_risk,unqualified,Garden Route,not_at_risk,unqualified
DC4,2022,396435441.0,415617724.0,-19182283.0,4.101599998175246,,0.0,0.0064390516704720705,0.04752390684859244,1.8716893679543651,not_at_risk,unqualified,Garden Route,not_at_risk,unqualified
DC4,2023,415920528.0,433723835.0,-17803307.0,3.773925073774191,,105.81429238808815,0.005901192863887686,0.038196185367585345,1.9882974566718188,not_at_risk,unqualified,Garden Route,not_at_risk,unqualified
DC40,2018,183604871.0,186055269.0,-2450398.0,-0.25693829718953026,,0.0,0.0,0.2861214750118149,0.0,at_risk,qualified,Dr Kenneth Kaunda,at_risk,qualified
DC40,2019,186885893.0,169626241.0,17259652.0,2.3640673143254998,,0.0,0.007065174544544674,0.1273850783499942,0.0,at_risk,qualified,Dr Kenneth Kaunda,not_at_risk,unqualified_emphasis_of_matter
DC40,2020,201176992.0,168612346.0,32564646.0,5.231181920688061,,0.0,0.009104309597827433,0.3398962256298836,4.120136183366337,not_at_risk,unqualified_emphasis_of_matter,Dr Kenneth Kaunda,not_at_risk,unqualified_emphasis_of_matter
DC40,2021,208612732.0,194717198.0,13895534.0,6.100228126742046,,0.0,0.012843251780975196,0.1365211921342459,3.9537238599607623,not_at_risk,unqualified_emphasis_of_matter,Dr Kenneth Kaunda,not_at_risk,unqualified_emphasis_of_matter
DC40,2022,213735254.0,200085802.0,13649452.0,6.203584220333634,,0.0,0.01140446736945383,0.1691559204185812,3.9848173853434585,not_at_risk,unqualified_emphasis_of_matter,Dr Kenneth Kaunda,not_at_risk,unqualified_emphasis_of_matter
DC40,2023,225376645.0,233271122.0,-7894477.0,4.978706605612331,,0.0,0.013022259137588407,0.18193468028159954,3.9468953670865052,not_at_risk,unqualified_emphasis_of_matter,Dr Kenneth Kaunda,not_at_risk,unqualified_emphasis_of_matter
DC42,2018,351996437.0,447518162.0,-95521725.0,-0.1353840025826706,,0.0,0.0,0.021057111867562595,0.0,not_at_risk,unqualified_emphasis_of_matter,Sedibeng,not_at_risk,unqualified_emphasis_of_matter
DC42,2019,379825844.0,411883852.0,-32058008.0,0.6265155449697017,,0.0,0.02960773028800362,0.021948741025176195,0.0,not_at_risk,unqualified_emphasis_of_matter,Sedibeng,not_at_risk,unqualified_emphasis_of_matter
DC42,2020,361457679.0,414206971.0,-52749292.0,0.4673278470728586,,10.88671545417631,0.020562700766327758,0.03683642736181763,5.208485732571751,not_at_risk,unqualified_emphasis_of_matter,Sedibeng,not_at_risk,unqualified_emphasis_of_matter
DC42,2021,373575245.0,403432406.0,-29857161.0,0.2847058944491435,,5.853559515165411,0.0195952553201688,0.09420904080769357,3.751940479889132,not_at_risk,unqualified_emphasis_of_matter,Sedibeng,not_at_risk,unqualified_emphasis_of_matter
DC42,2022,404039418.0,392005083.0,12034335.0,0.5641314809175574,,16.240541386979228,0.012695207832292317,0.10792959029054222,3.002433762539476,not_at_risk,unqualified_emphasis_of_matter,Sedibeng,not_at_risk,unqualified_emphasis_of_matter
DC42,2023,395154319.0,399265084.0,-4110765.0,0.9853039490926284,,5.122831467773986,0.005426049225982405,0.052026259826917394,3.2961817380515583,not_at_risk,unqualified_emphasis_of_matter,Sedibeng,not_at_risk,unqualified_emphasis_of_matter
DC43,2018,376040826.0,500983672.0,-124942846.0,1.740874029922476,1.0,0.0,0.0,0.2347739269235106,0.0,at_risk,qualified,Harry Gwala,not_at_risk,unqualified_emphasis_of_matter
DC43,2019,445374587.0,538373036.0,-92998449.0,1.3008708333602355,1.0,0.0,0.062094417373458506,0.25723137070334257,0.0,not_at_risk,unqualified_emphasis_of_matter,Harry Gwala,not_at_risk,unqualified_emphasis_of_matter
DC43,2020,472378549.0,560762092.0,-88383543.0,0.8703342022627306,0.68694987696034,108.37264375863943,0.03652070689542973,0.11073139016679466,10.742757753803083,not_at_risk,unqualified_emphasis_of_matter,Harry Gwala,not_at_risk,unqualified_emphasis_of_matter
DC43,2021,511997152.0,575781667.0,-63784515.0,1.0808739556481919,0.5436946161216901,329.61168012512695,0.061277032636053,0.11906692055202237,7.397039974159856,not_at_risk,unqualified_emphasis_of_matter,Harry Gwala,at_risk,qualified
DC43,2022,535783662.0,640748773.0,-104965111.0,0.9406416764219071,0.8776267518758969,323.3867787106954,0.07068087354729902,0.8591199175031429,8.694701758188364,at_risk,qualified,Harry Gwala,not_at_risk,unqualified_emphasis_of_matter
DC43,2023,560414150.0,635055761.0,-74641611.0,2.355205265195602,1.0154690855820123,562.4346393644772,0.08261874975731462,0.4539467881466869,8.860768743972649,not_at_risk,unqualified_emphasis_of_matter,Harry Gwala,not_at_risk,unqualified_emphasis_of_matter
DC44,2018,664075589.0,504433942.0,159641647.0,2.4260031970648,0.9931509422286672,0.0,0.0,1.2335280761103107,0.0,not_at_risk,unqualified_emphasis_of_matter,Alfred Nzo,not_at_risk,unqualified_emphasis_of_matter
DC44,2019,611868907.0,576113185.0,35755722.0,6.051299242526449,0.7830476265193023,0.0,0.06765853657732204,0.387945568369521,0.0,not_at_risk,unqualified_emphasis_of_matter,Alfred Nzo,not_at_risk,unqualified_emphasis_of_matter
DC44,2020,653212140.0,630032904.0,23179236.0,11.17546039785884,0.8948678732545188,168.32823315255592,0.06842116455555788,0.14062435856524724,12.89986975134908,not_at_risk,unqualified_emphasis_of_matter,Alfred Nzo,not_at_risk,unqualified_emphasis_of_matter
DC44,2021,748951673.0,686914291.0,62037382.0,13.707669465272486,0.9968676288728858,142.00068539001714,0.10939616628241033,0.12285331387871795,9.113428259876523,not_at_risk,unqualified_emphasis_of_matter,Alfred Nzo,not_at_risk,unqualified_emphasis_of_matter
DC44,2022,717495103.0,703093374.0,14401729.0,16.51347739766923,0.7543029471676609,154.4094512656207,0.058649416314937426,0.14729411459366135,10.575504365498087,not_at_risk,unqualified_emphasis_of_matter,Alfred Nzo,not_at_risk,unqualified_emphasis_of_matter
DC44,2023,847482920.0,816811174.0,30671746.0,16.320966235949168,0.470158183058229,153.18327758157062,0.08749760320982093,0.04092214218411268,8.728350537141209,not_at_risk,unqualified_emphasis_of_matter,Alfred Nzo,not_at_risk,unqualified
DC45,2018,19010.0,202635.0,-183625.0,5.393500629210156,,0.0,0.0,1.8031435832901523,0.0,not_at_risk,unqualified_emphasis_of_matter,John Taolo Gaetsewe,not_at_risk,unqualified
DC45,2019,106230585.0,99836235.0,6394350.0,0.2845168590341974,,0.0,0.0,0.0,0.0,not_at_risk,unqualified,John Taolo Gaetsewe,not_at_risk,unqualified
DC45,2020,106571272.0,107653123.0,-1081851.0,0.9747013470291985,,39.665306472085646,0.0,0.0025679793794742027,6.036869410735756,not_at_risk,unqualified,John Taolo Gaetsewe,not_at_risk,unqualified
DC45,2021,108038232.0,108058661.0,-20429.0,1.3427183592437817,,42.983852049707735,0.0,0.0021308241085830223,4.4452346091705754,not_at_risk,unqualified,John Taolo Gaetsewe,not_at_risk,unqualified_emphasis_of_matter
DC45,2022,122440740.0,129784353.0,-7343613.0,4.233378487466821,,40.08385562681179,0.0,0.003562733020674688,6.419348543630168,not_at_risk,unqualified_emphasis_of_matter,John Taolo Gaetsewe,not_at_risk,unqualified_emphasis_of_matter
DC45,2023,162928180.0,170100536.0,-7172356.0,2.0612991131315423,,28.278212031828993,0.0,0.008622577179886135,3.2019822353628453,not_at_risk,unqualified_emphasis_of_matter,John Taolo Gaetsewe,not_at_risk,unqualified_emphasis_of_matter
DC47,2018,1201186510.0,970643914.0,230542596.0,0.23164122368360104,1.0,0.0,0.0,0.027426926204371174,0.0,not_at_risk,unqualified_emphasis_of_matter,Sekhukhune,at_risk,qualified
DC47,2019,1319726186.0,1118025618.0,201700568.0,-0.28048795926606396,1.0,0.0,0.10669295683348107,0.06729290437421802,0.0,at_risk,qualified,Sekhukhune,at_risk,qualified
DC47,2020,982574335.0,1065617865.0,-83043530.0,2.034852090247192,1.0,229.97406066992374,0.09319094420399943,0.15731367172602723,11.182055547990677,at_risk,qualified,Sekhukhune,at_risk,qualified
DC47,2021,1269775083.0,1109700909.0,160074174.0,3.9583279930430337,1.0,623.2336181777163,0.07866124673058189,0.1930585559248199,7.122380842938623,at_risk,qualified,Sekhukhune,at_risk,qualified
DC47,2022,1135801217.0,1148920859.0,-13119642.0,1.6585330356509786,1.0,28.818867087021268,0.1233649175134351,0.06683419262388028,7.895908054833507,at_risk,qualified,Sekhukhune,at_risk,qualified
DC47,2023,1225081497.0,1194907728.0,30173769.0,7.358188544580239,1.0,35.81021683653753,0.03859739871060571,0.08405066319899138,8.03730798327452,at_risk,qualified,Sekhukhune,at_risk,qualified
DC48,2018,-22732148.0,69082147.0,-91814295.0,-1.0618749298570584,,-0.0,0.0,0.3049433452032115,-0.0,not_at_risk,unqualified_emphasis_of_matter,West Rand,not_at_risk,unqualified_emphasis_of_matter
DC48,2019,297076154.0,249531721.0,47544433.0,0.13208767153094736,-0.4217609982165054,0.0,0.002349512910224348,0.12964831833945473,0.0,not_at_risk,unqualified_emphasis_of_matter,West Rand,not_at_risk,unqualified_emphasis_of_matter
DC48,2021,245666607.0,273204650.0,-27538043.0,0.05802889518900941,14.065899450694076,49.680815797647256,0.00032487001959886116,0.1796078800269322,4.6944701523882735,not_at_risk,unqualified_emphasis_of_matter,West Rand,not_at_risk,unqualified_emphasis_of_matter
DC48,2022,248012096.0,258755647.0,-10743551.0,0.12244087565748855,18.07317726396917,48.29276673666755,0.0010163526981886504,0.06555890159954654,4.974926706800623,not_at_risk,unqualified_emphasis_of_matter,West Rand,not_at_risk,unqualified_emphasis_of_matter
DC48,2023,258452450.0,313115087.0,-54662637.0,0.7099107044944148,2.5120921622658376,32.766755509572455,0.0038465217742765616,0.0,5.805385114360495,not_at_risk,unqualified_emphasis_of_matter,West Rand,not_at_risk,unqualified
DC5,2018,74993148.0,75941001.0,-947853.0,0.734993156068617,,0.0,0.0,0.03918175900789088,0.0,not_at_risk,unqualified_emphasis_of_matter,Central Karoo,not_at_risk,unqualified_emphasis_of_matter
DC5,2019,11600293.0,15473439.0,-3873146.0,0.30118191566852076,,0.0,0.4864798316650875,0.9839575416945128,0.0,not_at_risk,unqualified_emphasis_of_matter,Central Karoo,not_at_risk,unqualified
DC5,2020,88802888.0,91444696.0,-2641808.0,2.016305243116561,,0.0,0.002505569049078582,0.0,2.5156117219971494,not_at_risk,unqualified,Central Karoo,not_at_risk,unqualified
DC5,2021,99833209.0,93464268.0,6368941.0,2.809075956171828,,0.0,0.016887576758210957,0.0,1.6831944768999663,not_at_risk,unqualified,Central Karoo,not_at_risk,unqualified_emphasis_of_matter
DC5,2022,105054732.0,99583705.0,5471027.0,1.5551898576177698,,7.092528683048756,0.01917434182630582,0.06697681111583466,1.703188391361562,not_at_risk,unqualified_emphasis_of_matter,Central Karoo,not_at_risk,unqualified_emphasis_of_matter
DC5,2023,113457975.0,117703322.0,-4245347.0,1.1529752745636186,,4.032913420145213,0.01987106192295915,0.156096826222118,1.6229900101777772,not_at_risk,unqualified_emphasis_of_matter,Central Karoo,not_at_risk,unqualified_emphasis_of_matter
DC6,2018,51328545.0,49367202.0,1961343.0,0.7878681072506398,,0.0,0.0,0.008917013364460073,0.0,not_at_risk,unqualified_emphasis_of_matter,Namakwa,not_at_risk,unqualified_emphasis_of_matter
DC6,2019,63400187.0,69114041.0,-5713854.0,1.3087062294621146,,0.0,0.007101957762822753,0.051549756727435454,0.0,not_at_risk,unqualified_emphasis_of_matter,Namakwa,not_at_risk,unqualified_emphasis_of_matter
DC6,2020,69094221.0,67828089.0,1266132.0,0.7409868203717195,,16.415354187146853,0.007164052639018033,0.004970241753383322,5.540528953933788,not_at_risk,unqualified_emphasis_of_matter,Namakwa,not_at_risk,unqualified
DC6,2021,64401993.0,67770488.0,-3368495.0,0.8519487125428401,,17.04614001619484,0.00865736720089724,0.0019541101725577066,4.302108880388221,not_at_risk,unqualified,Namakwa,not_at_risk,unqualified
DC6,2022,65659305.0,65351532.0,307773.0,1.6793061867317816,,13.002009083099493,0.010310928900641534,9.946209065152444e-06,4.1615720422261555,not_at_risk,unqualified,Namakwa,not_at_risk,unqualified
DC6,2023,74064624.0,70276383.0,3788241.0,1.588288230485624,,16.20496851506328,0.004877171894290575,0.033642340414702335,4.09159984394169,not_at_risk,unqualified,Namakwa,not_at_risk,unqualified
DC7,2018,44015654.0,56924693.0,-12909039.0,0.6859715519238724,,0.0,0.0,0.04943524245269096,0.0,not_at_risk,unqualified_emphasis_of_matter,Pixley Ka Seme (NC),not_at_risk,unqualified_emphasis_of_matter
DC7,2019,64129618.0,64995922.0,-866304.0,2.224467313503146,,0.0,0.0,0.048279336663614066,0.0,not_at_risk,unqualified_emphasis_of_matter,Pixley Ka Seme (NC),not_at_risk,unqualified_emphasis_of_matter
DC7,2020,68270664.0,61472918.0,6797746.0,2.3538818183317733,,45.1977985742163,0.0,0.08136983183391425,5.778171631668911,not_at_risk,unqualified_emphasis_of_matter,Pixley Ka Seme (NC),not_at_risk,unqualified_emphasis_of_matter
DC7,2021,65067601.0,75485771.0,-10418170.0,1.0139916302901641,,13.515931684649017,0.0,0.048336222200075295,5.56962903857482,not_at_risk,unqualified_emphasis_of_matter,Pixley Ka Seme (NC),not_at_risk,unqualified_emphasis_of_matter
DC7,2022,66862171.0,71529106.0,-4666935.0,0.36925533502403907,,1.169294069138138,0.0,0.05519569893687753,4.129509943672035,not_at_risk,unqualified_emphasis_of_matter,Pixley Ka Seme (NC),not_at_risk,unqualified_emphasis_of_matter
DC7,2023,71324861.0,73127932.0,-1803071.0,0.09991262982795686,,4.062645982583828,0.0068674990016126805,0.06007640144944889,4.295200322928074,not_at_risk,unqualified_emphasis_of_matter,Pixley Ka Seme (NC),not_at_risk,unqualified_emphasis_of_matter
DC8,2018,64151328.0,65288157.0,-1136829.0,0.11704254417841815,,0.0,0.0,0.01048419853542504,0.0,not_at_risk,unqualified,Z F Mgcawu,not_at_risk,unqualified_emphasis_of_matter
DC8,2019,78244393.0,68523175.0,9721218.0,0.1120504997032026,,0.0,5.211375567463125e-05,0.03878296649272308,0.0,not_at_risk,unqualified_emphasis_of_matter,Z F Mgcawu,not_at_risk,unqualified
DC8,2020,78949720.0,78733238.0,216482.0,-0.020754741472718295,,5.477751726035254,0.008393062660524643,0.05619467854224413,5.665258293506297,not_at_risk,unqualified,Z F Mgcawu,not_at_risk,unqualified
DC8,2021,81088845.0,80714340.0,374505.0,0.33915192765003094,,1.7056802325893283,0.0012326434187530989,0.03766997289453151,4.431787109558657,not_at_risk,unqualified,Z F Mgcawu,not_at_risk,unqualified
DC8,2022,84552577.0,82152602.0,2399975.0,0.31060362519010654,,1.3571672096995933,0.005555709604913061,0.026823751729738273,4.081862578830684,not_at_risk,unqualified,Z F Mgcawu,not_at_risk,unqualified
DC8,2023,87560566.0,85686074.0,1874492.0,0.23888194480704064,,1.8388569461736919,0.0076967932968897606,0.00029668765078442034,4.2031035523456985,not_at_risk,unqualified,Z F Mgcawu,not_at_risk,unqualified_emphasis_of_matter
DC9,2018,124817754.0,117543859.0,7273895.0,-0.35019922223244343,,0.0,0.0,0.032979179286601434,0.0,not_at_risk,unqualified_emphasis_of_matter,Frances Baard,not_at_risk,unqualified_emphasis_of_matter
DC9,2019,131103458.0,108507143.0,22596315.0,8.655706140931201,,0.0,0.033063039914340016,0.05438698169391484,0.0,not_at_risk,unqualified_emphasis_of_matter,Frances Baard,not_at_risk,unqualified
DC9,2020,140200455.0,120175181.0,20025274.0,10.300527660532502,,3.545049693312336,0.0401317057304869,0.0007596077596088663,5.24157196208814,not_at_risk,unqualified,Frances Baard,not_at_risk,unqualified
DC9,2021,134806653.0,127105889.0,7700764.0,10.397827531028087,,13.541202636341694,0.03788913352393924,0.0014066775458373923,4.374279331747818,not_at_risk,unqualified,Frances Baard,not_at_risk,unqualified
DC9,2022,139525419.0,134993399.0,4532020.0,10.038668987066545,,10.81110926461364,0.0384685180050915,0.0,4.126841590061808,not_at_risk,unqualified,Frances Baard,not_at_risk,unqualified
DC9,2023,147573035.0,139579633.0,7993402.0,10.696127106165983,,9.844228689882266,0.03240744299707394,0.0,3.9916768669831857,not_at_risk,unqualified,Frances Baard,not_at_risk,unqualified
EC101,2018,20086212.0,121908784.0,-101822572.0,0.8686412293309397,1.0,0.0,0.0,1.278738724848572,0.0,at_risk,disclaimer,Dr Beyers Naude,at_risk,disclaimer
EC101,2019,14672238.0,120023191.0,-105350953.0,2.1317536208481576,1.0,0.0,0.0035096050729062855,0.3698796010181066,0.0,at_risk,disclaimer,Dr Beyers Naude,at_risk,qualified
EC101,2020,26268978.0,104886645.0,-78617667.0,0.08245450123797934,1.0,5351.127991732301,0.030645522125338266,0.9863388708829423,33.799844896897014,at_risk,qualified,Dr Beyers Naude,at_risk,qualified
EC101,2021,395204127.0,441369319.0,-46165192.0,0.07160612810968857,1.0,327.3084238566163,0.05174037935337322,0.06528061367129145,2.2006753132919585,at_risk,qualified,Dr Beyers Naude,at_risk,qualified
EC101,2022,403325426.0,482981014.0,-79655588.0,0.03274966001044505,1.0,417.094221900109,0.03983464244414378,0.39333563120143683,2.5143969822522423,at_risk,qualified,Dr Beyers Naude,not_at_risk,unqualified_emphasis_of_matter
EC101,2023,405819177.0,478582326.0,-72763149.0,0.30603446897869774,1.0,558.4358262842763,0.04500875571405869,0.42624582212423784,3.2061963695717615,not_at_risk,unqualified_emphasis_of_matter,Dr Beyers Naude,not_at_risk,unqualified_emphasis_of_matter
EC102,2018,-3470167.0,-3359014.0,-111153.0,4.5843059897934335,1.0003523806186028,-0.0,-0.0,-3.8479964656294974,-0.0,not_at_risk,unqualified_emphasis_of_matter,Blue Crane Route,not_at_risk,unqualified_emphasis_of_matter
EC102,2019,200516354.0,245632678.0,-45116324.0,1.3481552808702433,1.0,0.0,0.007237127463960638,0.07696240237221205,0.0,not_at_risk,unqualified_emphasis_of_matter,Blue Crane Route,not_at_risk,unqualified_emphasis_of_matter
EC102,2020,183227882.0,257939397.0,-74711515.0,-0.8264647373739499,1.0,0.0,0.006069518724973991,0.025856480543761214,3.150566560606753,not_at_risk,unqualified_emphasis_of_matter,Blue Crane Route,not_at_risk,unqualified_emphasis_of_matter
EC102,2021,248474432.0,303871709.0,-55397277.0,1.4144548744417664,1.0,289.547710586979,0.005752411126894344,0.02705147190915361,2.2259220940688174,not_at_risk,unqualified_emphasis_of_matter,Blue Crane Route,not_at_risk,unqualified_emphasis_of_matter
EC102,2022,250052874.0,321756797.0,-71703923.0,0.7919171820945246,1.0,359.2798931797121,0.006712992608513566,0.03118554477654127,2.2990952785449688,not_at_risk,unqualified_emphasis_of_matter,Blue Crane Route,not_at_risk,unqualified_emphasis_of_matter
EC104,2018,402259489.0,506725052.0,-104465563.0,0.5780264363167898,1.0,0.0,0.0,0.1877917968026574,0.0,at_risk,qualified,Makana,at_risk,disclaimer
EC104,2019,534451050.0,544190219.0,-9739169.0,1.494233647738531,1.0,0.0,0.052413187529193724,0.10562671101591409,0.0,at_risk,disclaimer,Makana,at_risk,disclaimer
EC104,2020,498628898.0,484815882.0,13813016.0,0.8656868134530296,1.0,0.0,0.019524116992520473,0.11232555289927569,4.02144724873126,at_risk,disclaimer,Makana,at_risk,disclaimer
EC104,2021,519879751.0,588505097.0,-68625346.0,0.38464546382679843,1.0,0.0,0.014789933076824312,0.042788665940815124,2.437344865928429,at_risk,disclaimer,Makana,at_risk,disclaimer
EC104,2022,541926550.0,650701710.0,-108775160.0,0.8872845285745445,1.0,0.0,0.015229886210073122,0.07104474952125145,2.9762188252264075,at_risk,disclaimer,Makana,at_risk,disclaimer
EC104,2023,644009862.0,681258852.0,-37248990.0,0.9907411757197983,0.9970526994987616,0.0,0.014543808085447087,0.054270424364335455,1.7768019925135867,at_risk,disclaimer,Makana,at_risk,disclaimer
EC105,2018,321840505.0,342051232.0,-20210727.0,2.01314569157874,1.0,0.0,0.0,0.30207221706484016,0.0,at_risk,qualified,Ndlambe,at_risk,qualified
EC105,2019,358885237.0,395289392.0,-36404155.0,1.3754148302568159,1.0,0.0,0.035353713716658505,0.31041882095333334,0.0,at_risk,qualified,Ndlambe,at_risk,qualified
EC105,2020,389017335.0,435693587.0,-46676252.0,0.8461197570943362,1.0,0.0,0.03147589363072264,0.12701196357062744,2.8610456909330275,at_risk,qualified,Ndlambe,at_risk,qualified
EC105,2021,430231844.0,472162808.0,-41930964.0,1.9584553978677628,1.0,0.0,0.04197211145016742,0.5163499260619443,3.2865878286777863,at_risk,qualified,Ndlambe,not_at_risk,unqualified_emphasis_of_matter
EC105,2022,448426777.0,522218317.0,-73791540.0,1.7870159464360573,0.8414679926783583,0.0,0.05941688751603096,0.15125927112970264,4.39817801959672,not_at_risk,unqualified_emphasis_of_matter,Ndlambe,not_at_risk,unqualified_emphasis_of_matter
EC105,2023,503884306.0,569082059.0,-65197753.0,1.4177646742506076,0.8166834524643283,323.2108792251212,0.04459062730705415,0.14375872109508903,4.08887688595723,not_at_risk,unqualified_emphasis_of_matter,Ndlambe,not_at_risk,unqualified_emphasis_of_matter
EC106,2018,20943941.0,68211980.0,-47268039.0,-1.8411052721237529,-1.761453504464898,0.0,0.0,0.9664234786909865,0.0,at_risk,qualified,Sundays River Valley,at_risk,disclaimer
EC106,2019,182852937.0,210865687.0,-28012750.0,-0.6847562448602651,1.1249902788452728,0.0,0.018774107140532542,0.3103049146160987,0.0,at_risk,disclaimer,Sundays River Valley,at_risk,disclaimer
EC106,2020,282786867.0,265423507.0,17363360.0,-0.005751261511287319,1.4155516061060873,357.731465726094,0.005630172010348729,0.1311296742077935,4.052698444443673,at_risk,disclaimer,Sundays River Valley,at_risk,disclaimer
EC106,2021,236694650.0,244623903.0,-7929253.0,0.28356761195164154,0.9040961867549647,672.3288506943439,0.01967722263020225,0.12085269524949081,2.96504074764681,at_risk,disclaimer,Sundays River Valley,at_risk,disclaimer
EC106,2022,236963747.0,256469308.0,-19505561.0,0.9487361661224587,0.739833260485104,710.3867202943917,0.009942168206731388,0.1693240502680344,4.493054357382356,at_risk,disclaimer,Sundays River Valley,at_risk,disclaimer
EC106,2023,244528722.0,213443522.0,31085200.0,1.1578975163275276,1.0,851.3995329759259,0.01912836220909061,0.8771796316217083,5.002863410049638,at_risk,disclaimer,Sundays River Valley,at_risk,disclaimer
EC108,2018,34143174.0,68349126.0,-34205952.0,0.8203982593720365,4.4205363296042846,0.0,0.0,0.035107588647146706,0.0,not_at_risk,unqualified_emphasis_of_matter,Kouga,not_at_risk,unqualified_emphasis_of_matter
EC108,2019,842129368.0,819070024.0,23059344.0,1.7568145260312933,1.0,0.0,0.05647764372341381,0.009352444571942972,0.0,not_at_risk,unqualified_emphasis_of_matter,Kouga,not_at_risk,unqualified_emphasis_of_matter
EC108,2020,819627007.0,922645970.0,-103018963.0,-0.9519840638332815,1.0,181.61556346812762,0.06534366264017823,0.001658152801556159,1.6263407752741363,not_at_risk,unqualified_emphasis_of_matter,Kouga,not_at_risk,unqualified_emphasis_of_matter
EC108,2021,887140268.0,978899929.0,-91759661.0,0.6457589312992994,0.9999830738795544,0.0,0.06998975275234696,0.003616846722643904,1.0630306570640304,not_at_risk,unqualified_emphasis_of_matter,Kouga,not_at_risk,unqualified_emphasis_of_matter
EC108,2022,960860549.0,1085564911.0,-124704362.0,0.30786425815121066,0.9201173524824003,221.5334564641388,0.043065945229322174,0.0003525795612234928,1.180326345150008,not_at_risk,unqualified_emphasis_of_matter,Kouga,not_at_risk,unqualified_emphasis_of_matter
EC108,2023,1185175402.0,1267964699.0,-82789297.0,0.9931034617865178,0.851395019520633,233.25729561926903,0.03759762636735678,0.0,1.073482297939221,not_at_risk,unqualified_emphasis_of_matter,Kouga,not_at_risk,unqualified
EC109,2018,20333145.0,31878090.0,-11544945.0,0.0,194.79660825004956,0.0,0.0,1.1743745312219145,0.0,not_at_risk,unqualified_emphasis_of_matter,Kou-Kamma,not_at_risk,unqualified_emphasis_of_matter
EC109,2019,126255504.0,141345504.0,-15090000.0,1.8625036421391938,0.9559187049335254,0.0,0.03243359618994319,0.054141524020459825,0.0,not_at_risk,unqualified_emphasis_of_matter,Kou-Kamma,not_at_risk,unqualified_emphasis_of_matter
EC109,2020,143098562.0,148420686.0,-5322124.0,0.8019314234944313,0.20582511340075607,1078.1974196218687,0.021471508358342987,0.10654700787463009,3.7019549644391256,not_at_risk,unqualified_emphasis_of_matter,Kou-Kamma,not_at_risk,unqualified_emphasis_of_matter
EC109,2021,145193472.0,113716891.0,31476581.0,0.3568379652588286,1.0,0.0,0.023590910518297585,0.010327823682763188,3.496605825363829,not_at_risk,unqualified_emphasis_of_matter,Kou-Kamma,not_at_risk,unqualified_emphasis_of_matter
EC109,2022,135767232.0,160586187.0,-24818955.0,0.21574926615574974,0.20167065300467585,1088.3427987248058,0.018215240392998433,0.3574410170159903,3.3188672506779837,not_at_risk,unqualified_emphasis_of_matter,Kou-Kamma,at_risk,qualified
EC109,2023,172053488.0,210853805.0,-38800317.0,0.2506859195640316,-0.32347822982625457,0.0,0.013676983443575989,0.18817874308694596,3.7720876196360518,at_risk,qualified,Kou-Kamma,at_risk,adverse
EC121,2018,-1971763.0,73183182.0,-75154945.0,-1.8934137080839146,1.0,-0.0,0.0,1.8652884210473384,-0.0,not_at_risk,unqualified_emphasis_of_matter,Mbhashe,not_at_risk,unqualified_emphasis_of_matter
EC121,2019,266448694.0,278677882.0,-12229188.0,0.8024451255159174,1.0,0.0,0.043221603786984426,0.32518846615893254,0.0,not_at_risk,unqualified_emphasis_of_matter,Mbhashe,not_at_risk,unqualified_emphasis_of_matter
EC121,2020,296238601.0,237848038.0,58390563.0,5.5404453493957355,1.0,65.20898596533677,0.005247367228650421,0.1742902667963147,12.681949608585953,not_at_risk,unqualified_emphasis_of_matter,Mbhashe,not_at_risk,unqualified_emphasis_of_matter
EC121,2021,364129084.0,310744663.0,53384421.0,0.25526046765926275,1.0,75.43406505260096,0.022000912047844247,0.06796609086090724,4.864753824498128,not_at_risk,unqualified_emphasis_of_matter,Mbhashe,not_at_risk,unqualified_emphasis_of_matter
EC121,2022,323170929.0,313349658.0,9821271.0,-1.984719830139403,1.0,106.92150643599506,0.036121485091903306,0.01928416976284046,7.663466320016674,not_at_risk,unqualified_emphasis_of_matter,Mbhashe,not_at_risk,unqualified_emphasis_of_matter
EC121,2023,388210561.0,343874380.0,44336181.0,1.0607064707757525,1.0,112.31689849622613,0.15757241641555267,0.037212586177545415,7.755748144110896,not_at_risk,unqualified_emphasis_of_matter,Mbhashe,not_at_risk,unqualified_emphasis_of_matter
EC122,2018,1502999315.0,297758135.0,1205241180.0,-4.532510441738225,1.0,0.0,0.0,0.506400726885262,0.0,at_risk,adverse,Mnquma,at_risk,qualified
EC122,2019,305254871.0,842350938.0,-537096067.0,-0.1558280356541848,1.0,0.0,0.0,0.03812283521194346,0.0,at_risk,qualified,Mnquma,not_at_risk,unqualified_emphasis_of_matter
EC122,2020,369751355.0,474590618.0,-104839263.0,1.271739501601357,0.2002136013525931,0.0,0.0,0.05752917349074103,5.999624493600571,not_at_risk,unqualified_emphasis_of_matter,Mnquma,not_at_risk,unqualified_emphasis_of_matter
EC122,2021,438237783.0,471780595.0,-33542812.0,3.2478346168519288,0.6351027865723508,330.23263712978394,0.0,0.0030755355675449094,4.136234369367463,not_at_risk,unqualified_emphasis_of_matter,Mnquma,not_at_risk,unqualified
EC122,2022,412175357.0,469904354.0,-57728997.0,4.097046881161693,0.6732483261397221,270.7979654882667,0.0,0.0,4.815144191165218,not_at_risk,unqualified,Mnquma,not_at_risk,unqualified
EC122,2023,439368725.0,594270042.0,-154901317.0,3.922245711992327,0.468767170399428,282.8079770470691,0.0,0.0,5.425999067184402,not_at_risk,unqualified,Mnquma,not_at_risk,unqualified
EC123,2018,128184083.0,80814293.0,47369790.0,0.32443612418907136,0.9198429166700032,0.0,0.0,0.03263479642146965,0.0,not_at_risk,unqualified_emphasis_of_matter,Great Kei,at_risk,disclaimer
EC123,2019,102229123.0,106857700.0,-4628577.0,0.02551408087578153,1.0,0.0,0.015285833402740279,0.0007205844782360092,0.0,at_risk,disclaimer,Great Kei,at_risk,qualified
EC123,2020,96557030.0,125799758.0,-29242728.0,0.5828131720253389,1.0,0.0,0.0013652252017845694,0.005332021385923493,4.545553399892271,at_risk,qualified,Great Kei,not_at_risk,unqualified_emphasis_of_matter
EC123,2021,122263214.0,130271723.0,-8008509.0,0.4959327052118594,1.0,0.0,0.0026909062989824736,0.03217321382937416,2.57985403524563,not_at_risk,unqualified_emphasis_of_matter,Great Kei,not_at_risk,unqualified_emphasis_of_matter
EC123,2022,118084884.0,122011547.0,-3926663.0,1.6335967939165628,1.0,461.51939845238786,0.0016173141383085652,0.005638794170850075,3.060763221819314,not_at_risk,unqualified_emphasis_of_matter,Great Kei,not_at_risk,unqualified_emphasis_of_matter
EC123,2023,118924456.0,110903442.0,8021014.0,3.62988625727234,1.0,553.4916838719868,0.0016693530575904037,0.0,5.4027640202112845,not_at_risk,unqualified_emphasis_of_matter,Great Kei,not_at_risk,unqualified_emphasis_of_matter
EC124,2018,18693654.0,26659541.0,-7965887.0,-2.39897588634403,1.0,0.0,0.0,0.7154302844148742,0.0,not_at_risk,unqualified_emphasis_of_matter,Amahlathi,at_risk,qualified
EC124,2019,34929825.0,105746151.0,-70816326.0,1.2532664947776682,1.0,0.0,0.0,0.12421118760152319,0.0,at_risk,qualified,Amahlathi,not_at_risk,unqualified_emphasis_of_matter
EC124,2020,221186298.0,264592441.0,-43406143.0,2.1449586460408367,1.0,0.0,0.006256297397399951,0.11289048125150333,9.278049628553392,not_at_risk,unqualified_emphasis_of_matter,Amahlathi,not_at_risk,unqualified_emphasis_of_matter
EC124,2021,229431631.0,271807390.0,-42375759.0,0.5927639715756073,1.0,382.2591814290855,0.008472172151022089,0.06524325184830332,3.2877084066930595,not_at_risk,unqualified_emphasis_of_matter,Amahlathi,not_at_risk,unqualified_emphasis_of_matter
EC124,2022,211532184.0,234329968.0,-22797784.0,0.5239743642178964,1.0,428.3062815869191,0.009929080005678147,0.07273509293527493,4.221975328350035,not_at_risk,unqualified_emphasis_of_matter,Amahlathi,at_risk,qualified
EC124,2023,225033864.0,298062290.0,-73028426.0,0.6321818838605849,1.0,490.3619512572561,0.009419185499782613,0.05593930047306555,5.326273915822731,at_risk,qualified,Amahlathi,not_at_risk,unqualified_emphasis_of_matter
EC126,2018,4724418.0,18684442.0,-13960024.0,-8.489453632064581,1.0,0.0,0.0,2.3497111125930332,0.0,not_at_risk,unqualified_emphasis_of_matter,Ngqushwa,at_risk,qualified
EC126,2019,133956798.0,151877257.0,-17920459.0,0.10364487949634223,1.0,0.0,0.01705315892029838,0.15386992405321095,0.0,at_risk,qualified,Ngqushwa,at_risk,qualified
EC126,2020,137874014.0,148188179.0,-10314165.0,1.7506419860925615,1.0,87.90672301743533,0.012133261992510212,0.05250138069380014,7.613382838045173,at_risk,qualified,Ngqushwa,at_risk,qualified
EC126,2021,160267873.0,172701964.0,-12434091.0,4.090065588368178,0.9091934902980116,99.22017296629376,0.014360601017832084,0.014483616410986501,4.542248526627667,at_risk,qualified,Ngqushwa,not_at_risk,unqualified_emphasis_of_matter
EC126,2022,125690757.0,153840956.0,-28150199.0,4.4434336978509155,0.9863627124301878,109.95157305003741,0.0134387815426732,0.0021269498611280083,5.41792992781482,not_at_risk,unqualified_emphasis_of_matter,Ngqushwa,not_at_risk,unqualified_emphasis_of_matter
EC126,2023,148104355.0,157000201.0,-8895846.0,5.124664980524451,1.013257721409353,112.27253955496447,0.023004187109289115,0.022241704009028626,6.168138674922827,not_at_risk,unqualified_emphasis_of_matter,Ngqushwa,not_at_risk,unqualified_emphasis_of_matter
EC129,2018,355689512.0,523848925.0,-168159413.0,0.3028495591548651,1.0,0.0,0.0,0.14886619458081354,0.0,not_at_risk,unqualified_emphasis_of_matter,Raymond Mhlaba,at_risk,qualified
EC129,2021,459004024.0,544830381.0,-85826357.0,0.367010150265464,1.0,477.5881367763347,0.04166233343731248,0.0304020325914975,2.9691112250466896,at_risk,qualified,Raymond Mhlaba,at_risk,qualified
EC129,2022,444091017.0,539752722.0,-95661705.0,0.3576685176957755,1.0,510.6916926221005,0.06328998744725181,0.2474686602877382,2.797165100054253,at_risk,qualified,Raymond Mhlaba,at_risk,qualified
EC129,2023,517602370.0,431111484.0,86490886.0,0.22194025339394577,1.0,815.9199966085936,0.01226937160412085,0.1878146628077298,3.129445871741275,at_risk,qualified,Raymond Mhlaba,at_risk,qualified
EC131,2019,218616647.0,340369797.0,-121753150.0,0.26706917241543615,1.0,0.0,0.0015605233034234234,0.20595808622819728,0.0,not_at_risk,unqualified_emphasis_of_matter,Inxuba Yethemba,not_at_risk,unqualified_emphasis_of_matter
EC131,2020,245404771.0,342105054.0,-96700283.0,0.061089761041647754,1.0,0.0,0.003215146888768267,0.17477667839423383,2.267333327435594,not_at_risk,unqualified_emphasis_of_matter,Inxuba Yethemba,not_at_risk,unqualified_emphasis_of_matter
EC131,2021,267433687.0,354242468.0,-86808781.0,0.05985178490795745,1.0,716.389193931279,0.008409070817562168,0.22626681225583603,1.7067443937980782,not_at_risk,unqualified_emphasis_of_matter,Inxuba Yethemba,not_at_risk,unqualified_emphasis_of_matter
EC131,2022,254697645.0,407012733.0,-152315088.0,0.028735209126737566,1.0,898.3609551238685,0.041005761360296315,0.1617454557619454,1.4104655031262656,not_at_risk,unqualified_emphasis_of_matter,Inxuba Yethemba,not_at_risk,unqualified_emphasis_of_matter
EC131,2023,280683845.0,467701081.0,-187017236.0,0.05933425670230597,0.7849265214085566,910.7509544412861,0.03038235440811393,0.07703866521531516,1.9765673795725578,not_at_risk,unqualified_emphasis_of_matter,Inxuba Yethemba,not_at_risk,unqualified_emphasis_of_matter
EC135,2018,17219160.0,127376788.0,-110157628.0,-3.0332234472736115,1.0,0.0,0.0,0.004589070027421323,0.0,not_at_risk,unqualified_emphasis_of_matter,Vuyisile Mini,at_risk,qualified
EC135,2019,180736043.0,218072490.0,-37336447.0,1.0630214567642164,1.0,0.0,0.005564195648887211,0.11743714670291516,0.0,at_risk,qualified,Vuyisile Mini,at_risk,qualified
EC135,2020,187297427.0,220485001.0,-33187574.0,1.8370254763951042,0.9048503707465835,93.14112206143655,0.007803578439333386,0.17137570278533368,13.448069299958936,at_risk,qualified,Vuyisile Mini,at_risk,qualified
EC135,2021,226255642.0,265696804.0,-39441162.0,2.810013190824832,-0.9626760241247391,94.69871873957511,0.025274730064122262,0.02793802894219232,5.867298160016713,at_risk,qualified,Vuyisile Mini,at_risk,qualified
EC135,2022,206648936.0,270594901.0,-63945965.0,2.7088333050296467,0.21211478691117103,137.38916074070664,0.017872882977939042,0.005158755744625062,6.019662283671279,at_risk,qualified,Vuyisile Mini,not_at_risk,unqualified_emphasis_of_matter
EC135,2023,228066770.0,272946771.0,-44880001.0,2.68282326739817,0.2929854004792166,155.03862715291666,0.01936576490952516,0.0851368122614647,6.510259876964978,not_at_risk,unqualified_emphasis_of_matter,Vuyisile Mini,at_risk,qualified
EC136,2018,128184083.0,80814293.0,47369790.0,0.32443612418907136,0.9198429166700032,0.0,0.0,0.19140734176812016,0.0,not_at_risk,unqualified_emphasis_of_matter,Emalahleni (EC),not_at_risk,unqualified_emphasis_of_matter
EC136,2019,163811229.0,209896108.0,-46084879.0,0.236997248181467,0.6779614277273367,0.0,0.01584928387523984,0.02618900394284586,0.0,not_at_risk,unqualified_emphasis_of_matter,Emalahleni (EC),not_at_risk,unqualified_emphasis_of_matter
EC136,2020,174409078.0,204207377.0,-29798299.0,0.3403089399654744,0.44993168953904716,0.0,0.007836856941754851,0.00991100336203819,7.076651182113353,not_at_risk,unqualified_emphasis_of_matter,Emalahleni (EC),at_risk,qualified
EC136,2021,212545012.0,203529228.0,9015784.0,3.7646285967340276,1.0,346.8338491048663,0.007622418731917953,0.026004559895446564,4.928777128865296,at_risk,qualified,Emalahleni (EC),at_risk,qualified
EC136,2022,203746622.0,216241879.0,-12495257.0,4.22157241798662,0.872131823212148,294.1082523812346,0.010857568436130727,0.12898324842987513,5.726229836585953,at_risk,qualified,Emalahleni (EC),at_risk,qualified
EC136,2023,217247985.0,216569791.0,678194.0,6.125446277038703,0.6310382041354925,351.6639910146923,0.018858008686908692,0.04636720086228462,6.7938006513616225,at_risk,qualified,Emalahleni (EC),at_risk,qualified
EC137,2018,-834919.0,46874409.0,-47709328.0,0.0,,-0.0,0.0,0.49436034489522845,-0.0,at_risk,qualified,Dr. A.B. Xuma,not_at_risk,unqualified_emphasis_of_matter
EC137,2019,155418748.0,218540504.0,-63121756.0,2.6939829149474277,1.0,0.0,-0.001579061975623521,0.11270847988892714,0.0,not_at_risk,unqualified_emphasis_of_matter,Dr. A.B. Xuma,not_at_risk,unqualified_emphasis_of_matter
EC137,2020,449478773.0,388467935.0,61010838.0,4.635258433878204,1.0,0.0,0.012671449961500684,0.009500256436866533,3.241742310264783,not_at_risk,unqualified_emphasis_of_matter,Dr. A.B. Xuma,at_risk,qualified
EC137,2021,209640735.0,182630948.0,27009787.0,6.5259484060719,1.0,11.591226962641588,0.02175710657757742,0.04121453719881036,7.295818219679491,at_risk,qualified,Dr. A.B. Xuma,not_at_risk,unqualified_emphasis_of_matter
EC137,2022,190307293.0,179793098.0,10514195.0,6.3002927064530585,1.0,14.686549978933282,0.025274679899002575,0.5843276475496295,7.574460165328504,not_at_risk,unqualified_emphasis_of_matter,Dr. A.B. Xuma,not_at_risk,unqualified_emphasis_of_matter
EC137,2023,216954472.0,327476669.0,-110522197.0,1.5313332749210296,1.0,85.37144244715086,0.020926709132979487,0.18637542083952247,7.480638795037145,not_at_risk,unqualified_emphasis_of_matter,Dr. A.B. Xuma,not_at_risk,unqualified_emphasis_of_matter
EC138,2018,27381349.0,67349669.0,-39968320.0,0.12236799560217586,1.0,0.0,0.0,0.5052611765619813,0.0,not_at_risk,unqualified_emphasis_of_matter,Sakhisizwe,at_risk,qualified
EC138,2019,89313378.0,115011381.0,-25698003.0,1.3557698259444428,1.0,0.0,0.002250759861756638,0.01973436872303968,0.0,at_risk,qualified,Sakhisizwe,at_risk,adverse
EC138,2020,99670368.0,132620431.0,-32950063.0,0.3277825269622295,1.0,0.0,0.017224465210793953,0.03458335918090931,7.107214493278484,at_risk,adverse,Sakhisizwe,at_risk,qualified
EC138,2021,122343938.0,110049745.0,12294193.0,2.0808837676089116,1.0,703.5762587599559,0.007880309036608853,0.12500687757159273,4.377997052865831,at_risk,qualified,Sakhisizwe,at_risk,qualified
EC138,2022,116366682.0,123331342.0,-6964660.0,0.9864940576094599,1.0,855.9000785121638,0.008868045885692219,0.0822327709691183,4.838261505127387,at_risk,qualified,Sakhisizwe,at_risk,qualified
EC138,2023,125152821.0,141670037.0,-16517216.0,1.537641329196519,1.0,914.4632868083733,0.011044212545804587,0.12370556520712986,5.865503551054594,at_risk,qualified,Sakhisizwe,at_risk,qualified
EC139,2018,609976381.0,673317195.0,-63340814.0,-0.8947439163498565,1.0,0.0,0.0,0.03976495505955406,0.0,at_risk,disclaimer,Enoch Mgijima,at_risk,outstanding
EC139,2019,624674408.0,715879745.0,-91205337.0,0.20020929632532067,1.0,0.0,0.02511343996749063,0.05571097000376788,0.0,at_risk,outstanding,Enoch Mgijima,at_risk,qualified
EC139,2020,692871908.0,1171968037.0,-479096129.0,0.4635746904759656,1.0009406633245632,975.3157259480059,0.012164384650363977,0.06792929199996604,3.1858551696398116,at_risk,qualified,Enoch Mgijima,at_risk,qualified
EC139,2021,704242936.0,918771951.0,-214529015.0,0.49106929255832277,1.0,1050.0885900614842,0.011397026202860214,0.05730518976193691,2.149175170427269,at_risk,qualified,Enoch Mgijima,at_risk,qualified
EC139,2022,825602361.0,1136385421.0,-310783060.0,0.6797456582294539,0.9857150157624509,1030.6480026769207,0.06954135413886131,0.10352086257537442,1.6922081670258209,at_risk,qualified,Enoch Mgijima,at_risk,qualified
EC139,2023,826234687.0,1250804362.0,-424569675.0,0.3568665712727983,1.0,1407.6163632851692,0.06531016798612667,0.33274517314163315,2.227211145881122,at_risk,qualified,Enoch Mgijima,at_risk,qualified
EC141,2018,227013016.0,241395905.0,-14382889.0,3.838933870895614,1.0,0.0,0.0,0.22589702588368266,0.0,at_risk,adverse,Elundini,not_at_risk,unqualified_emphasis_of_matter
EC141,2019,231752228.0,303944442.0,-72192214.0,3.135320447807366,1.0,0.0,0.0218473809104889,0.1663985354270765,0.0,not_at_risk,unqualified_emphasis_of_matter,Elundini,not_at_risk,unqualified
EC141,2020,251282139.0,297395689.0,-46113550.0,2.6145401589866357,1.0,169.1039988719612,0.01551859078898753,0.10431275619466024,8.011287614835211,not_at_risk,unqualified,Elundini,not_at_risk,unqualified
EC141,2021,295253447.0,295817601.0,-564154.0,4.483676250217444,1.0,142.32714671744372,0.015268631699842633,0.04374217408381998,4.441158859696564,not_at_risk,unqualified,Elundini,not_at_risk,unqualified_emphasis_of_matter
EC141,2022,265627560.0,337968816.0,-72341256.0,2.7451051815384058,1.0,180.51032155699508,0.03924892585356159,0.003331890241613297,5.808042742251595,not_at_risk,unqualified_emphasis_of_matter,Elundini,not_at_risk,unqualified_emphasis_of_matter
EC141,2023,281769883.0,353979973.0,-72210090.0,1.5510133054900257,1.0,0.0,0.023338645206349005,0.0,5.916211194224757,not_at_risk,unqualified_emphasis_of_matter,Elundini,not_at_risk,unqualified_emphasis_of_matter
EC142,2018,225493538.0,198416029.0,27077509.0,17.796548362531738,0.816465443254556,0.0,0.0,0.0,0.0,not_at_risk,unqualified,Senqu,not_at_risk,unqualified
EC142,2019,252870019.0,231834736.0,21035283.0,16.206134010910255,0.8684670821829058,0.0,0.039187458086522464,0.06140348614540662,0.0,not_at_risk,unqualified,Senqu,not_at_risk,unqualified
EC142,2020,251205034.0,224258321.0,26946713.0,18.80478450563268,0.8356034020871407,0.0,0.03776751276042952,0.042527362897718295,5.599891107277731,not_at_risk,unqualified,Senqu,not_at_risk,unqualified
EC142,2021,293607842.0,244757900.0,48849942.0,21.68138242728835,0.8266500881008277,200.11453270379613,0.042375486143654606,0.00203562785920291,3.42664602943405,not_at_risk,unqualified,Senqu,not_at_risk,unqualified_emphasis_of_matter
EC142,2023,305024825.0,291360497.0,13664328.0,20.503524127363086,0.7957452651843511,257.17399728038527,0.039876960396590756,0.12704829714784568,3.8714932005944105,not_at_risk,unqualified,Senqu,not_at_risk,unqualified
EC145,2018,238325776.0,283386319.0,-45060543.0,0.24348057536256718,1.0,0.0,0.0,0.016998371752730942,0.0,at_risk,disclaimer,Walter Sisulu,at_risk,disclaimer
EC145,2019,221446959.0,249833728.0,-28386769.0,0.5391570989166042,1.0,0.0,0.0,0.07758934374145031,0.0,at_risk,disclaimer,Walter Sisulu,at_risk,qualified
EC145,2020,275113484.0,362393965.0,-87280481.0,0.4035065539791757,1.0,0.0,0.0099760767263329,0.14619148528039091,2.2234895400474084,at_risk,qualified,Walter Sisulu,at_risk,disclaimer
EC145,2021,289646298.0,381787503.0,-92141205.0,0.32280201691148597,1.0,0.0,0.013258446020953179,0.06613807367078749,1.5532978778137188,at_risk,disclaimer,Walter Sisulu,at_risk,adverse
EC145,2022,306258057.0,358492918.0,-52234861.0,0.8184015060515087,1.0,0.0,0.011186901605682486,0.05095863567380151,1.3299960301126053,at_risk,adverse,Walter Sisulu,at_risk,qualified
EC145,2023,353542625.0,409415948.0,-55873323.0,0.15746094971366384,1.0,776.9623545251438,0.00706109767858872,0.026108157369580533,1.9203573317361662,at_risk,qualified,Walter Sisulu,at_risk,qualified
EC153,2018,219845496.0,241175157.0,-21329661.0,3.6894675681707962,0.9999736284035676,0.0,0.0,0.0,0.0,at_risk,qualified,Ngquza Hills,at_risk,disclaimer
EC153,2019,274604551.0,238729845.0,35874706.0,4.5333400522251415,1.0,0.0,0.028684905316300104,0.030525869105306042,0.0,at_risk,disclaimer,Ngquza Hills,at_risk,disclaimer
EC153,2020,343980533.0,290824525.0,53156008.0,5.6928880671257005,1.0,0.0,0.020669030577802887,0.0054810267462828315,7.151527752298703,at_risk,disclaimer,Ngquza Hills,at_risk,qualified
EC153,2021,472331282.0,360878328.0,111452954.0,6.877334645598336,1.0,0.0,0.0596512379097478,0.00528307978638163,3.6597060535152104,at_risk,qualified,Ngquza Hills,at_risk,qualified
EC153,2022,388696381.0,564435524.0,-175739143.0,4.437690509359223,1.0,0.0,0.06557253472940516,0.014789388061265967,4.621005205602879,at_risk,qualified,Ngquza Hills,at_risk,qualified
EC153,2023,379943082.0,396121121.0,-16178039.0,6.8360028295486925,1.0,0.0,0.072355119382791,0.008617866654982025,5.458112275880312,at_risk,qualified,Ngquza Hills,at_risk,qualified
EC154,2018,12693122.0,43818859.0,-31125737.0,0.0,1.0,0.0,0.0,0.2660960660796759,0.0,at_risk,qualified,Port St Johns,at_risk,qualified
EC154,2019,168439644.0,221140388.0,-52700744.0,3.116020380682338,1.0,0.0,0.0,0.027587398462916687,0.0,at_risk,qualified,Port St Johns,at_risk,qualified
EC154,2020,174729588.0,149118359.0,25611229.0,8.776308972123278,1.0,0.0,0.0,0.43746049404956233,8.017256150114656,at_risk,qualified,Port St Johns,not_at_risk,unqualified_emphasis_of_matter
EC154,2021,222798349.0,242248349.0,-19450000.0,7.280495835288438,1.0,205.64471911773455,0.019913733240757816,0.1718688452237914,5.060965411372954,not_at_risk,unqualified_emphasis_of_matter,Port St Johns,at_risk,qualified
EC154,2022,196449122.0,278193135.0,-81744013.0,5.26199078205147,1.0,0.0,0.021344631671087067,0.05655292680029649,6.7666683081434185,at_risk,qualified,Port St Johns,at_risk,qualified
EC154,2023,242222881.0,254344796.0,-12121915.0,7.21727008717725,1.0,220.4697914975258,0.029295441138099794,0.029827238926484662,6.265335932487732,at_risk,qualified,Port St Johns,at_risk,qualified
EC155,2018,1566729.0,45038827.0,-43472098.0,0.27772623829657017,9627.709302325582,0.0,0.0,2.347774998669481,0.0,not_at_risk,unqualified_emphasis_of_matter,Nyandeni,not_at_risk,unqualified_emphasis_of_matter
EC155,2019,222913451.0,275560767.0,-52647316.0,6.140564850438234,1.0,0.0,0.044366950829397275,0.2254365186899048,0.0,not_at_risk,unqualified_emphasis_of_matter,Nyandeni,not_at_risk,unqualified_emphasis_of_matter
EC155,2020,360961157.0,306614547.0,54346610.0,10.669977429348778,1.0,2.8462183259236395,0.048053705031809855,0.09548968007705128,6.628699242561437,not_at_risk,unqualified_emphasis_of_matter,Nyandeni,not_at_risk,unqualified_emphasis_of_matter
EC155,2021,369552090.0,315117428.0,54434662.0,9.011964758737495,1.0,3.4647395716257483,0.048134027674280204,0.7974852758699211,5.094227187295842,not_at_risk,unqualified_emphasis_of_matter,Nyandeni,not_at_risk,unqualified_emphasis_of_matter
EC155,2022,414379506.0,326503549.0,87875957.0,-9.730918202056053,1.0,3.65871581013951,0.04857710750335519,0.3423823855586942,5.119758359864448,not_at_risk,unqualified_emphasis_of_matter,Nyandeni,at_risk,qualified
EC155,2023,452717773.0,310356097.0,142361676.0,16.511031919569476,1.0,102.20532245373101,0.11523777475523543,0.1821798783608237,4.9633212787517405,at_risk,qualified,Nyandeni,at_risk,qualified
EC156,2018,-11257822.0,0.0,-11257822.0,,,-0.0,,,-0.0,not_at_risk,unqualified_emphasis_of_matter,Kumkani Mhlontlo,at_risk,qualified
EC156,2019,216208967.0,289755373.0,-73546406.0,3.9871729591706315,1.0,0.0,0.007078871320877974,0.050156253703015886,0.0,at_risk,qualified,Kumkani Mhlontlo,at_risk,qualified
EC156,2020,215623796.0,259998390.0,-44374594.0,4.603539352685992,1.0,0.0,0.004733810082439356,0.06966469676985307,8.970662171256832,at_risk,qualified,Kumkani Mhlontlo,not_at_risk,unqualified_emphasis_of_matter
EC156,2021,276608626.0,251185389.0,25423237.0,8.11939060675221,1.0,196.17736783812373,0.023042542494380515,0.023546047099100974,5.3485864826211165,not_at_risk,unqualified_emphasis_of_matter,Kumkani Mhlontlo,at_risk,qualified
EC156,2022,251804962.0,242267269.0,9537693.0,8.550563567875114,1.0,258.4045492717495,0.07342121398990963,0.019875970121246547,6.970196790641481,at_risk,qualified,Kumkani Mhlontlo,at_risk,qualified
EC156,2023,278339954.0,373898158.0,-95558204.0,4.088212555462763,1.0,285.5599176394202,0.04066698558060294,0.00039033623696001197,6.606741043005274,at_risk,qualified,Kumkani Mhlontlo,at_risk,qualified
EC157,2018,-125000.0,7389240.0,-7514240.0,0.0,,-0.0,0.0,40.265434875575835,-0.0,at_risk,qualified,King Sabata Dalindyebo,at_risk,qualified
EC157,2019,1089992608.0,1214133539.0,-124140931.0,0.22791806264401365,1.0,0.0,0.024386726870576962,0.04800190434406573,0.0,at_risk,qualified,King Sabata Dalindyebo,at_risk,qualified
EC157,2020,1198522925.0,1395558220.0,-197035295.0,0.2095872890204466,1.0,534.9023908324491,0.046776217619928465,0.016842633767009736,3.1550267492797435,at_risk,qualified,King Sabata Dalindyebo,at_risk,qualified
EC157,2021,1318203946.0,1318598701.0,-394755.0,0.45672741186782045,1.0,511.23637807711435,0.0398322931458735,0.007041317417466499,2.160532666164542,at_risk,qualified,King Sabata Dalindyebo,not_at_risk,unqualified_emphasis_of_matter
EC157,2022,2131413179.0,2089814985.0,41598194.0,0.24795211237323958,1.0,344.8179231231074,0.05049086055816563,0.6267881704370112,1.335240992239356,not_at_risk,unqualified_emphasis_of_matter,King Sabata Dalindyebo,not_at_risk,unqualified_emphasis_of_matter
EC157,2023,1431660290.0,1619944870.0,-188284580.0,0.4281054576875816,1.0,572.2205101463002,0.07086631164182766,0.0054741554260423686,2.521326471938395,not_at_risk,unqualified_emphasis_of_matter,King Sabata Dalindyebo,not_at_risk,unqualified_emphasis_of_matter
EC441,2018,303806960.0,362044857.0,-58237897.0,3.973052830854051,1.0,0.0,0.0,0.000763800381785288,0.0,not_at_risk,unqualified_emphasis_of_matter,Matatiele,not_at_risk,unqualified_emphasis_of_matter
EC441,2019,368996873.0,460362757.0,-91365884.0,3.23216747961217,1.0,0.0,0.023116505056467892,0.015499559622282826,0.0,not_at_risk,unqualified_emphasis_of_matter,Matatiele,not_at_risk,unqualified_emphasis_of_matter
EC441,2020,380515431.0,363062951.0,17452480.0,5.058452290275137,1.0,286.84114016916175,0.04997240271976967,0.004193928341644532,7.879661763309673,not_at_risk,unqualified_emphasis_of_matter,Matatiele,not_at_risk,unqualified_emphasis_of_matter
EC441,2021,452512455.0,435912362.0,16600093.0,6.178002715142087,1.0,288.4967320512758,0.04772409276156293,0.03470357420145841,4.719493583883785,not_at_risk,unqualified_emphasis_of_matter,Matatiele,not_at_risk,unqualified_emphasis_of_matter
EC441,2022,418069513.0,513396224.0,-95326711.0,5.533314837936946,1.0,357.0741319279122,0.03718086169640391,0.020020698477127872,6.792044618666083,not_at_risk,unqualified_emphasis_of_matter,Matatiele,not_at_risk,unqualified_emphasis_of_matter
EC441,2023,458263549.0,530390936.0,-72127387.0,5.764512514218381,1.0,311.4949882256509,0.02779590109737471,0.00037708035040779806,5.590726527542342,not_at_risk,unqualified_emphasis_of_matter,Matatiele,at_risk,qualified
EC442,2018,219820286.0,186924653.0,32895633.0,2.9372406217600417,1.1140033406285978,0.0,0.0,0.7623618164480424,0.0,at_risk,qualified,Umzimvubu,at_risk,qualified
EC442,2019,269481820.0,372852623.0,-103370803.0,2.883203479568923,0.5969856297822551,0.0,0.018433739166694826,0.06952480792927129,0.0,at_risk,qualified,Umzimvubu,at_risk,qualified
EC442,2020,271736615.0,340239761.0,-68503146.0,3.506014818767757,1.0,103.24792034374904,0.015203834451317993,0.0005397870003794178,9.199167171490673,at_risk,qualified,Umzimvubu,not_at_risk,unqualified_emphasis_of_matter
EC442,2021,319241834.0,349568295.0,-30326461.0,4.277827392784578,0.6363774716845138,94.4758427556208,0.01735734643783985,0.0,5.394611365376381,not_at_risk,unqualified_emphasis_of_matter,Umzimvubu,not_at_risk,unqualified_emphasis_of_matter
EC442,2022,318050883.0,436610939.0,-118560056.0,2.767313743369128,0.8631035577219154,113.9892718989873,0.020863661869910226,0.0,6.941592449532674,not_at_risk,unqualified_emphasis_of_matter,Umzimvubu,not_at_risk,unqualified_emphasis_of_matter
EC442,2023,361248170.0,402554270.0,-41306100.0,2.3581004866747532,0.8879852070256095,116.86126130410571,0.049961680943044026,0.06667587205074238,7.831948026200382,not_at_risk,unqualified_emphasis_of_matter,Umzimvubu,not_at_risk,unqualified
EC443,2018,271761131.0,326991378.0,-55230247.0,3.469782900514276,1.0,0.0,0.0,0.017942032710110172,0.0,not_at_risk,unqualified_emphasis_of_matter,Winnie Madikizela-Mandela,not_at_risk,unqualified_emphasis_of_matter
EC443,2019,329895221.0,321974737.0,7920484.0,4.601452889765075,1.0,0.0,0.018040325319063775,0.06888031094191095,0.0,not_at_risk,unqualified_emphasis_of_matter,Winnie Madikizela-Mandela,not_at_risk,unqualified_emphasis_of_matter
EC443,2020,361946266.0,370477290.0,-8531024.0,5.616478321788631,0.8654784457140265,140.7380016458023,0.034548158134065386,0.015447591942815172,6.983856874489762,not_at_risk,unqualified_emphasis_of_matter,Winnie Madikizela-Mandela,not_at_risk,unqualified
EC443,2021,422182098.0,342163922.0,80018176.0,9.053930168593286,0.9137749133036057,134.37247329705582,0.016406452109816533,0.004646895530967172,4.82104600749793,not_at_risk,unqualified,Winnie Madikizela-Mandela,not_at_risk,unqualified
EC443,2022,389042245.0,407811465.0,-18769220.0,8.154027204703526,0.9870204970715355,161.86829281226258,0.03394083096707445,3.87311327797025e-05,5.403106523817227,not_at_risk,unqualified,Winnie Madikizela-Mandela,not_at_risk,unqualified
EC443,2023,464268422.0,387801670.0,76466752.0,11.140190922849817,0.9863337626434532,141.123135615715,0.02910524856687698,0.004750007909971095,5.58584979962303,not_at_risk,unqualified,Winnie Madikizela-Mandela,not_at_risk,unqualified_emphasis_of_matter
EC444,2018,5134821.0,43748404.0,-38613583.0,-4.082610099330709,0.933561829646735,0.0,0.0,0.5946320921787227,0.0,not_at_risk,unqualified_emphasis_of_matter,Ntabankulu,not_at_risk,unqualified_emphasis_of_matter
EC444,2019,128383904.0,204748790.0,-76364886.0,1.1347556583850873,0.9654945987292194,0.0,0.013903579112726381,0.051163755351130526,0.0,not_at_risk,unqualified_emphasis_of_matter,Ntabankulu,not_at_risk,unqualified_emphasis_of_matter
EC444,2020,484583498.0,763611541.0,-279028043.0,0.08100345879921686,0.9976127930675803,0.0,0.01942464224751679,0.0031929978386746253,3.2655159875047994,not_at_risk,unqualified_emphasis_of_matter,Ntabankulu,not_at_risk,unqualified_emphasis_of_matter
EC444,2021,184057499.0,209240231.0,-25182732.0,2.0097687236829707,0.8843539584135708,0.0,0.03038809969579894,0.07341856738821895,5.707357286214131,not_at_risk,unqualified_emphasis_of_matter,Ntabankulu,at_risk,qualified
EC444,2022,164404924.0,185415780.0,-21010856.0,0.6587975198227465,0.8684421168821822,0.0,0.008971760655970058,0.10319341212490113,5.529870200238041,at_risk,qualified,Ntabankulu,not_at_risk,unqualified_emphasis_of_matter
EC444,2023,185150437.0,231749904.0,-46599467.0,1.1928013743643233,0.19921395397232286,172.7736758460905,0.014016437305622357,0.1047659592558019,6.640217522143899,not_at_risk,unqualified_emphasis_of_matter,Ntabankulu,not_at_risk,unqualified_emphasis_of_matter
EKU,2018,32530157175.0,32875559657.0,-345402482.0,1.3347485719427672,1.0,0.0,0.0,0.008352166194729246,0.0,not_at_risk,unqualified_emphasis_of_matter,City of Ekurhuleni,not_at_risk,unqualified_emphasis_of_matter
EKU,2019,35105566026.0,38029472781.0,-2923906755.0,1.1136368287797853,1.0,0.0,0.06456626180804587,0.010860163599384505,0.0,not_at_risk,unqualified_emphasis_of_matter,City of Ekurhuleni,not_at_risk,unqualified
EKU,2020,38025437749.0,40435173995.0,-2409736246.0,0.4955105222615724,1.0,157.7474949119487,0.06959597676883943,0.0036348622369765074,0.9324264959167348,not_at_risk,unqualified,City of Ekurhuleni,not_at_risk,unqualified
EKU,2021,39428484911.0,41583460060.0,-2154975149.0,0.3287654667570729,1.0,184.2686684115535,0.061338508948502346,0.005435553960008782,0.7513598651551291,not_at_risk,unqualified,City of Ekurhuleni,not_at_risk,unqualified
EKU,2022,44784330020.0,46269727672.0,-1485397652.0,0.28016875050346846,1.0,209.2085277357243,0.04714153686968776,0.006234339913233626,0.8067461313782093,not_at_risk,unqualified,City of Ekurhuleni,not_at_risk,unqualified_emphasis_of_matter
EKU,2023,49343031878.0,50994538954.0,-1651507076.0,0.26219304933928084,0.7877595839643224,242.3744205346903,0.05062289866624058,0.0013629723383262024,0.8785344462249747,not_at_risk,unqualified_emphasis_of_matter,City of Ekurhuleni,not_at_risk,unqualified_emphasis_of_matter
ETH,2018,-30121095.0,-32635460.0,2514365.0,-0.05163218168213349,2.5023240465602554,-0.0,-0.0,-22.446841564359747,-0.0,not_at_risk,unqualified_emphasis_of_matter,eThekwini,not_at_risk,unqualified_emphasis_of_matter
ETH,2019,-87243840.0,77369591.0,-164613431.0,0.0,0.23056676398013876,-0.0,0.01834997421661438,30.261979800306815,-0.0,not_at_risk,unqualified_emphasis_of_matter,eThekwini,not_at_risk,unqualified_emphasis_of_matter
ETH,2020,37932379829.0,40681134512.0,-2748754683.0,-0.6540166432219781,0.9017554210902856,0.0,0.07444946799865196,0.026351944528090206,0.9519292085753621,not_at_risk,unqualified_emphasis_of_matter,eThekwini,not_at_risk,unqualified_emphasis_of_matter
ETH,2021,39219442371.0,41348765993.0,-2129323622.0,0.2202143180171689,0.9262711681393919,0.0,0.063575326877833,0.018629915101466617,0.7418963514258171,not_at_risk,unqualified_emphasis_of_matter,eThekwini,not_at_risk,unqualified_emphasis_of_matter
ETH,2022,42684738570.0,44335536285.0,-1650797715.0,-0.04346805496186184,0.9023895300616775,0.0,0.07413833940951053,0.03378055450536432,0.8767685597658329,not_at_risk,unqualified_emphasis_of_matter,eThekwini,not_at_risk,unqualified_emphasis_of_matter
ETH,2023,48864947760.0,46934843268.0,1930104492.0,0.8991867531551763,0.9002821244288649,0.0,0.0752234379230824,0.05132385307531991,1.1736279841671113,not_at_risk,unqualified_emphasis_of_matter,eThekwini,not_at_risk,unqualified_emphasis_of_matter
FS161,2018,1062129928.0,1646184762.0,-584054834.0,1.6509743491356652,1.0,0.0,0.0,0.0618304131769141,0.0,at_risk,qualified,Letsemeng,at_risk,qualified
FS161,2019,47181068.0,156683891.0,-109502823.0,0.09946051186589437,1.0,0.0,-0.0012306115119390289,0.17610280051061536,0.0,at_risk,qualified,Letsemeng,at_risk,qualified
FS161,2020,172680871.0,226297075.0,-53616204.0,0.17606428187372727,1.0,953.3141932669542,0.0001766704231594686,0.13388950785157078,4.644371801900397,at_risk,qualified,Letsemeng,at_risk,qualified
FS161,2021,199194147.0,240696491.0,-41502344.0,0.15191688025065558,1.0,1014.4322344722308,0.00319845128111984,0.6817470305373085,4.428037707352917,at_risk,qualified,Letsemeng,at_risk,qualified
FS161,2022,209344354.0,249991611.0,-40647257.0,0.9619820402693433,1.0,1161.2437439798352,0.003570871824174932,0.0,3.527040428327004,at_risk,qualified,Letsemeng,at_risk,qualified
FS161,2023,212722655.0,159919333.0,52803322.0,0.11850462132680355,1.0,1370.6705015504813,0.013222954100240025,0.5140875118582442,4.154385906851341,at_risk,qualified,Letsemeng,at_risk,qualified
FS162,2018,227478020.0,239837385.0,-12359365.0,-0.7770941798752518,1.0,0.0,0.0,0.10374702009029993,0.0,at_risk,qualified,Kopanong,at_risk,outstanding
FS163,2018,190564494.0,239366812.0,-48802318.0,-0.010230591198248486,1.0,0.0,0.0,0.04407590556037484,0.0,at_risk,qualified,Mohokare,at_risk,qualified
FS163,2019,194149222.0,252743777.0,-58594555.0,0.41325917195579454,1.0,0.0,0.019675479487671024,0.02395130385346738,0.0,at_risk,qualified,Mohokare,at_risk,qualified
FS163,2020,197554635.0,285041014.0,-87486379.0,0.1916855516097764,1.0,1044.4962799784475,0.02908966988168236,0.6409824517393837,5.486569150857939,at_risk,qualified,Mohokare,at_risk,outstanding
FS163,2021,210128548.0,278901416.0,-68772868.0,0.21800959232132402,1.0,1190.5087802253315,0.02488462446529852,0.0889328794228854,5.427622133476123,at_risk,outstanding,Mohokare,at_risk,qualified
FS163,2022,211124931.0,307374656.0,-96249725.0,0.06185225629012172,1.0,1427.225546233571,0.01892294919721683,0.06297794116116066,4.495255787673887,at_risk,qualified,Mohokare,at_risk,disclaimer
FS181,2023,144807861.0,68257592.0,76550269.0,-23.705595122664157,1.0,0.0,-0.00559446925698756,12.714437084156147,9.489747245144377,at_risk,disclaimer,Masilonyana,at_risk,outstanding
FS182,2018,7988009.0,184367599.0,-176379590.0,5.581418088543855,1.0,0.0,0.0,0.615938324390719,0.0,at_risk,disclaimer,Tokologo,at_risk,outstanding
FS182,2019,5351374.0,5666745.0,-315371.0,-15.405925623969315,1.0,0.0,0.06797835441686541,4.6088518188130925,0.0,at_risk,outstanding,Tokologo,at_risk,qualified
FS182,2022,144642131.0,134885268.0,9756863.0,-1.2790958609356806,1.0,0.0,0.026137168663964105,0.7656152634845192,7.445749302462918,at_risk,disclaimer,Tokologo,at_risk,qualified
FS182,2023,192538000.0,278803152.0,-86265152.0,0.29975501855158365,0.2419059914236979,0.0,0.021466471799429298,0.04248355126200295,7.156037779555205,at_risk,qualified,Tokologo,at_risk,qualified
FS183,2018,136890561.0,174774094.0,-37883533.0,0.7644070865559743,1.0,0.0,0.0,0.06917525202562343,0.0,at_risk,qualified,Tswelopele,at_risk,qualified
FS183,2019,154480903.0,181292038.0,-26811135.0,0.5885102797509507,1.0,0.0,0.024939490172204915,0.30709263139289106,0.0,at_risk,qualified,Tswelopele,not_at_risk,unqualified_emphasis_of_matter
FS183,2020,162123486.0,199517132.0,-37393646.0,0.6938762331447307,0.9136836326119239,0.0,0.03729354930783588,0.19513009539451479,4.135195291816017,not_at_risk,unqualified_emphasis_of_matter,Tswelopele,not_at_risk,unqualified_emphasis_of_matter
FS183,2021,187158309.0,222960369.0,-35802060.0,0.6720699318541224,0.8219113039601786,460.26432590818075,0.05483941408439273,0.11338098386444632,3.4539389752661207,not_at_risk,unqualified_emphasis_of_matter,Tswelopele,not_at_risk,unqualified_emphasis_of_matter
FS183,2022,183610437.0,256987266.0,-73376829.0,0.21382654812164895,0.8161611319049095,543.1561157386712,0.05330629495081675,0.13962781330962912,4.010708824793005,not_at_risk,unqualified_emphasis_of_matter,Tswelopele,not_at_risk,unqualified_emphasis_of_matter
FS183,2023,213497472.0,297013597.0,-83516125.0,0.4234449778405263,1.0,571.3480317930884,0.05169834026150661,0.17632465829502075,3.5858597894779756,not_at_risk,unqualified_emphasis_of_matter,Tswelopele,not_at_risk,unqualified_emphasis_of_matter
FS184,2018,2032559244.0,3000468725.0,-967909481.0,0.041846853777821,1.0,0.0,0.0,0.1255425360249339,0.0,at_risk,qualified,Matjhabeng,at_risk,outstanding
FS184,2019,2248897771.0,3904455249.0,-1655557478.0,0.003323498714276082,1.0,0.0,0.00805930584248835,0.07863281467462915,0.0,at_risk,outstanding,Matjhabeng,at_risk,qualified
FS184,2020,2498014192.0,3921207607.0,-1423193415.0,0.17994449228864817,1.0,1141.3660787560489,0.005797775399449795,0.08665534295950375,1.7626561146454847,at_risk,qualified,Matjhabeng,at_risk,qualified
FS184,2021,2699447486.0,4144340062.0,-1444892576.0,0.16553247700164236,1.0,1240.1136288450102,0.007567494590408928,0.10943860402737385,1.2995431176911585,at_risk,qualified,Matjhabeng,at_risk,qualified
FS184,2022,2671474122.0,4090083875.0,-1418609753.0,0.5970740470450621,1.0,598.3313142121465,0.00798170893255826,0.07528518006247488,1.3955523541470412,at_risk,qualified,Matjhabeng,at_risk,qualified
FS184,2023,2918295512.0,4290332376.0,-1372036864.0,0.36746332587636327,1.0,605.381201922638,0.009379206661260317,0.04081941855592962,1.5187701114485352,at_risk,qualified,Matjhabeng,at_risk,outstanding
FS185,2018,-297329021.0,-257268349.0,-40060672.0,-0.0,1.0,-0.0,-0.0,-0.17620641705909965,-0.0,at_risk,qualified,Nala,at_risk,disclaimer
FS185,2021,-5070826.0,167888503.0,-172959329.0,0.7828817914946802,-36.673004837300596,-0.0,-0.026584476722625847,0.5592658956521877,-177.6116486742002,at_risk,outstanding,Nala,at_risk,qualified
FS191,2018,451923274.0,584907351.0,-132984077.0,0.007745062516747204,1.0288389354599834,0.0,0.0,0.16950979472302785,0.0,at_risk,qualified,Setsoto,at_risk,qualified
FS191,2019,498543529.0,1259897521.0,-761353992.0,0.27988798304810697,0.9741411389392377,0.0,0.013225448675202211,0.06106380218840037,0.0,at_risk,qualified,Setsoto,at_risk,qualified
FS191,2020,491784921.0,641892832.0,-150107911.0,0.5648916983076702,0.9665184503977619,642.8330934530626,0.006305611775393684,0.2867033604762235,7.92714705866307,at_risk,qualified,Setsoto,at_risk,qualified
FS191,2021,548642421.0,933519355.0,-384876934.0,0.5852145615127605,0.7308276379612477,672.3981115561605,0.007601326059275975,0.09985544970302196,5.594712564160255,at_risk,qualified,Setsoto,not_at_risk,unqualified_emphasis_of_matter
FS191,2022,565451305.0,831112235.0,-265660930.0,1.3456282375628845,0.9989845090228979,661.4711870724217,0.011399549424272402,0.0645039090298075,6.190785959897997,not_at_risk,unqualified_emphasis_of_matter,Setsoto,not_at_risk,unqualified_emphasis_of_matter
FS191,2023,638192049.0,774153182.0,-135961133.0,1.0262702401447987,0.9398806848707522,656.2454619361765,0.01302238011081378,0.025665442527367924,7.497005159335666,not_at_risk,unqualified_emphasis_of_matter,Setsoto,not_at_risk,unqualified_emphasis_of_matter
FS192,2018,654466237.0,836134440.0,-181668203.0,0.08312617765152695,1.0,0.0,0.0,0.04441684760646864,0.0,at_risk,qualified,Dihlabeng,at_risk,qualified
FS192,2019,739724564.0,1014322207.0,-274597643.0,0.05509375976819169,1.0,0.0,0.007922573265715754,0.052935925714184824,0.0,at_risk,qualified,Dihlabeng,at_risk,qualified
FS192,2020,735348231.0,924969481.0,-189621250.0,-0.0008702816866235612,1.0,925.9017672947933,0.005377463907914601,0.140495499223936,2.058303821499232,at_risk,qualified,Dihlabeng,at_risk,qualified
FS192,2021,810980032.0,1039330276.0,-228350244.0,-0.13015414553361862,1.0,1014.8345609636416,0.00927270206838466,0.14559729519512235,1.865648381340171,at_risk,qualified,Dihlabeng,at_risk,qualified
FS192,2022,822869764.0,1062220321.0,-239350557.0,0.12357235255716785,1.0,1135.5701304635613,0.016929845573910838,0.24178557962270428,1.812410742558284,at_risk,qualified,Dihlabeng,at_risk,outstanding
FS192,2023,870454929.0,1129237761.0,-258782832.0,0.1938706688360557,1.0,1251.350168292286,0.009551008983660793,0.1523491039191347,2.1710182377518596,at_risk,outstanding,Dihlabeng,at_risk,qualified
FS193,2018,312447199.0,409974856.0,-97527657.0,-0.04134721862064633,1.0,0.0,0.0,0.058680879200064893,0.0,at_risk,qualified,Nketoana,at_risk,disclaimer
FS193,2019,333588506.0,440486955.0,-106898449.0,0.14344897909632762,1.0,0.0,0.016731989259477616,0.006870934463882137,0.0,at_risk,disclaimer,Nketoana,at_risk,disclaimer
FS193,2022,413360796.0,658828565.0,-245467769.0,-0.002371609373069609,1.0,0.0,0.032850082934700923,0.15293599481376463,3.933846493754091,at_risk,disclaimer,Nketoana,at_risk,disclaimer
FS193,2023,513015119.0,746213230.0,-233198111.0,0.03128829543802111,1.0,1542.3378166365503,0.004599206851371424,0.07108802399550058,4.498337601625344,at_risk,disclaimer,Nketoana,at_risk,disclaimer
FS194,2019,1348503479.0,2311616144.0,-963112665.0,-0.13186044784778075,1.0,0.0,0.017432743799006795,0.13670468032516042,0.0,at_risk,outstanding,Maluti-a-Phofung,at_risk,disclaimer
FS194,2020,1141787407.0,2025973907.0,-884186500.0,-0.08506139561056054,1.0,1157.2877135261663,0.02710083373250473,0.013785296001840364,5.38335045763909,at_risk,disclaimer,Maluti-a-Phofung,at_risk,outstanding
FS194,2022,1175471281.0,2322858599.0,-1147387318.0,0.31824796581171494,1.0086973498027305,1350.0300909350758,0.026406268563401263,0.048009539645680346,4.885431316632907,at_risk,outstanding,Maluti-a-Phofung,at_risk,outstanding
FS194,2023,1388999681.0,2500845206.0,-1111845525.0,3.23255388402476,1.0,1246.5296079502843,0.020070394152975814,0.05250120946510114,4.702500655217933,at_risk,outstanding,Maluti-a-Phofung,at_risk,outstanding
FS195,2018,86113045.0,95290247.0,-9177202.0,0.17901336744357477,1.0,0.0,0.0,0.21129510767245677,0.0,at_risk,qualified,Phumelela,at_risk,outstanding
FS195,2020,215695166.0,296920823.0,-81225657.0,0.0034889301111764733,0.8664352629553289,0.0,0.026264604554191204,0.05036239240115537,4.415503757742999,not_at_risk,unqualified_emphasis_of_matter,Phumelela,not_at_risk,unqualified_emphasis_of_matter
FS195,2021,249737480.0,254726313.0,-4988833.0,0.20148844222465545,1.039066392139641,1059.5505950088068,0.021744082638215707,0.03325573200598244,4.708419401044649,not_at_risk,unqualified_emphasis_of_matter,Phumelela,not_at_risk,unqualified_emphasis_of_matter
FS195,2022,194794416.0,253518706.0,-58724290.0,0.04409511304463664,1.062269765674126,60.67481236217778,0.022316866038279638,0.05634510062543471,4.344605494235522,not_at_risk,unqualified_emphasis_of_matter,Phumelela,not_at_risk,unqualified_emphasis_of_matter
FS195,2023,222533305.0,256481679.0,-33948374.0,0.0123470339571506,0.8306638042283994,1504.7496967701084,0.027376126931857772,0.04150981871886451,3.460602339950867,not_at_risk,unqualified_emphasis_of_matter,Phumelela,not_at_risk,unqualified_emphasis_of_matter
FS196,2018,261509273.0,386126910.0,-124617637.0,30.554596466741984,1.0,0.0,0.0,0.028712334501627974,0.0,at_risk,qualified,Mantsopa,at_risk,outstanding
FS196,2019,247001243.0,386127010.0,-139125767.0,30.554585445861456,1.0,0.0,0.0,0.003123583610480914,0.0,at_risk,outstanding,Mantsopa,at_risk,qualified
FS196,2023,340026408.0,363771554.0,-23745146.0,-0.12716158669185001,0.5375127275750353,0.0,0.0,0.013810109517249388,2.8622372942280414,at_risk,qualified,Mantsopa,at_risk,qualified
FS201,2018,685334094.0,874367050.0,-189032956.0,-0.0002842559083167647,1.0,0.0,0.0,0.053310004076663225,0.0,not_at_risk,unqualified_emphasis_of_matter,Moqhaka,at_risk,qualified
FS201,2019,766393665.0,887754569.0,-121360904.0,0.20589594735163788,1.0,0.0,0.04253052737597344,0.06072772349764161,0.0,at_risk,qualified,Moqhaka,at_risk,qualified
FS201,2020,799382644.0,1002709566.0,-203326922.0,-0.34186554873258285,1.0,718.7175698863434,0.062242755146907615,0.12824596409604813,2.068075058182024,at_risk,qualified,Moqhaka,at_risk,qualified
FS201,2021,895996521.0,1015967290.0,-119970769.0,-0.0006577652711634054,1.0,872.1009789277965,0.07034800500319258,0.13841329478235465,1.7005135000965033,at_risk,qualified,Moqhaka,not_at_risk,unqualified_emphasis_of_matter
FS201,2022,929575970.0,1197373647.0,-267797677.0,-0.14134767741384907,1.0,867.0520650130402,0.07854109386457876,0.10062293946577898,1.6991661262500148,not_at_risk,unqualified_emphasis_of_matter,Moqhaka,at_risk,outstanding
FS201,2023,1015052874.0,1450780192.0,-435727318.0,-0.17671309093803786,1.0,834.1341576901933,0.08288383427280761,0.06718996408795744,1.615354102233693,at_risk,outstanding,Moqhaka,at_risk,qualified
FS203,2018,601770266.0,839236076.0,-237465810.0,0.10381498423573488,1.0,0.0,0.0,0.11574411631942286,0.0,at_risk,disclaimer,Ngwathe,at_risk,qualified
FS203,2019,654368426.0,924064241.0,-269695815.0,0.5289882611094351,1.0,0.0,0.0373797085391166,0.14962525316462277,0.0,at_risk,qualified,Ngwathe,at_risk,qualified
FS203,2020,745828757.0,979428740.0,-233599983.0,0.25666387939565666,1.0,815.9079106210971,0.06790387527325367,0.005141554249265751,2.7850459914620855,at_risk,qualified,Ngwathe,at_risk,qualified
FS203,2021,789260210.0,940260188.0,-150999978.0,0.723626911660754,1.0,781.6537724548409,0.056562228922107674,0.0,2.5846573413348684,at_risk,qualified,Ngwathe,at_risk,qualified
FS203,2022,799466065.0,1128683564.0,-329217499.0,-0.019034560868293107,1.0,884.0815000884371,0.059234149528202044,0.03051503193502692,2.8802458550882957,at_risk,qualified,Ngwathe,at_risk,qualified
FS203,2023,799499923.0,1099852796.0,-300352873.0,0.5096631604144233,1.0,1007.5303118697111,0.05849882660115545,0.028190948018465556,2.8727817025693447,at_risk,qualified,Ngwathe,at_risk,qualified
FS204,2018,993956655.0,972501160.0,21455495.0,0.1068374211502226,1.0,0.0,0.0,0.013764809288248046,0.0,at_risk,qualified,Metsimaholo,at_risk,qualified
FS204,2019,1068818861.0,1166240650.0,-97421789.0,0.18024632223203677,1.0,0.0,0.018671787850989417,0.08359229975391443,0.0,at_risk,qualified,Metsimaholo,at_risk,qualified
FS204,2020,1246456905.0,1240095485.0,6361420.0,0.45869241431840224,0.7613146072460586,528.5918126266869,0.038201501072314605,0.04632867766630083,1.5095761918860724,at_risk,qualified,Metsimaholo,at_risk,qualified
FS204,2021,1319049061.0,1254849810.0,64199251.0,0.48747140185645005,0.8906625300792288,577.0311621221797,0.01780423108961542,0.05636085006858311,1.3450726833882338,at_risk,qualified,Metsimaholo,at_risk,qualified
FS204,2022,1430281364.0,1473990080.0,-43708716.0,0.9564166944732762,0.6858167510160469,1248.0535992357375,0.03557219326740652,0.11432331959791751,1.4896839598337939,at_risk,qualified,Metsimaholo,at_risk,qualified
FS204,2023,1484086396.0,1582434284.0,-98347888.0,1.2390360217953922,0.621727772526379,706.1574765321142,0.01871384189499777,0.06781761624168653,1.6499452636987855,at_risk,qualified,Metsimaholo,at_risk,qualified
FS205,2019,224423968.0,357661242.0,-133237274.0,4.789782998069441,0.9923466962399632,0.0,0.019488664639821386,0.2170283270447291,0.0,at_risk,outstanding,Mafube,at_risk,qualified
FS205,2020,239868911.0,403865783.0,-163996872.0,-0.39086687371086354,1.0009579107678814,1487.2189102071673,0.018675838155865758,0.49458233999486906,3.9907531826831866,at_risk,qualified,Mafube,at_risk,outstanding
FS205,2022,236496353.0,447649800.0,-211153447.0,-4.026207513105111,1.0,1059.1607733164494,0.009824579392194523,0.16343974463967145,5.7586332589238705,at_risk,qualified,Mafube,at_risk,outstanding
GT421,2018,5112935763.0,6001884564.0,-888948801.0,0.13486336222710463,0.6987476546218098,0.0,0.0,0.12798896643357702,0.0,not_at_risk,unqualified_emphasis_of_matter,Emfuleni,at_risk,outstanding
GT421,2019,5728209444.0,6495947951.0,-767738507.0,0.40180443988905357,0.9618737029863982,0.0,0.02673811648587207,0.05630065076856094,0.0,at_risk,outstanding,Emfuleni,at_risk,qualified
GT421,2020,6066025899.0,7565510266.0,-1499484367.0,0.3812107099981298,0.5873367502748019,1121.9235512367204,0.024185099162748264,0.04092386793676185,1.706652917144098,at_risk,qualified,Emfuleni,not_at_risk,unqualified_emphasis_of_matter
GT421,2021,6732513572.0,7858520236.0,-1126006664.0,0.4114964047793794,0.7867587031227752,1159.0580242606006,0.09897671147257958,0.010191438030929567,1.8856405950368873,not_at_risk,unqualified_emphasis_of_matter,Emfuleni,at_risk,qualified
GT421,2022,6692653394.0,8586732223.0,-1894078829.0,0.18084176141427113,0.7474154358760734,633.6163449435014,0.05864336710666283,0.027054040345843914,1.39522172810732,at_risk,qualified,Emfuleni,at_risk,qualified
GT421,2023,7226795762.0,9130260125.0,-1903464363.0,0.11193147029860774,0.7268229224911616,787.3138719358761,0.06120230380621275,0.010111838954862198,1.319680038579178,at_risk,qualified,Emfuleni,at_risk,qualified
GT422,2018,973335643.0,994425888.0,-21090245.0,0.8675547513501579,1.0,0.0,0.0,0.0002604236304837631,0.0,not_at_risk,unqualified,Midvaal,not_at_risk,unqualified
GT422,2019,1078388340.0,1121715943.0,-43327603.0,3.1334091896739675,1.0,0.0,0.08876981790388977,0.0016341918035839133,0.0,not_at_risk,unqualified,Midvaal,not_at_risk,unqualified
GT422,2020,1131851298.0,1147282599.0,-15431301.0,4.184290371164254,0.966230104099922,281.1261868429646,0.09030775685982491,0.004328453167797065,1.6173169189580237,not_at_risk,unqualified,Midvaal,not_at_risk,unqualified
GT422,2021,1263084729.0,1240086270.0,22998459.0,4.367163210346648,0.9236687604826302,257.5547785440766,0.07983423121038184,0.004404209716796558,1.270663727579593,not_at_risk,unqualified,Midvaal,not_at_risk,unqualified
GT422,2022,1337473452.0,1359229420.0,-21755968.0,4.307992250491459,0.9396866450988078,292.402298404649,0.09898460629258599,0.00048012498140306587,1.4791921522192577,not_at_risk,unqualified,Midvaal,not_at_risk,unqualified
GT422,2023,1421662992.0,1379006892.0,42656100.0,4.310949320476638,0.9389446540629529,289.8808807917538,0.11845905988408939,0.0018742806979386729,1.357002588416538,not_at_risk,unqualified,Midvaal,not_at_risk,unqualified
GT423,2018,731326642.0,717019364.0,14307278.0,0.6023567865595328,0.9303138711041881,0.0,0.0,0.06296445014837843,0.0,not_at_risk,unqualified_emphasis_of_matter,Lesedi,not_at_risk,unqualified_emphasis_of_matter
GT423,2019,762754849.0,801323613.0,-38568764.0,0.6197012292460674,0.982761684837009,0.0,0.03679130693481761,0.07588840764636247,0.0,not_at_risk,unqualified_emphasis_of_matter,Lesedi,not_at_risk,unqualified_emphasis_of_matter
GT423,2020,880120932.0,923403739.0,-43282807.0,0.9209328661815177,0.9986608525898993,764.1972136563161,0.03243684721532192,0.0107315181663998,1.6836654601915546,not_at_risk,unqualified_emphasis_of_matter,Lesedi,not_at_risk,unqualified_emphasis_of_matter
GT423,2021,915215073.0,992334193.0,-77119120.0,0.6654319247064381,0.9983036297218041,897.3632093469685,0.03691026899846028,0.01459307368641685,1.414200819220992,not_at_risk,unqualified_emphasis_of_matter,Lesedi,not_at_risk,unqualified_emphasis_of_matter
GT423,2022,1023914690.0,1103714964.0,-79800274.0,0.4345878887621931,0.9864773092460326,989.0266390064195,0.04846363938579345,0.006783828474033447,1.4812780252229802,not_at_risk,unqualified_emphasis_of_matter,Lesedi,not_at_risk,unqualified_emphasis_of_matter
GT423,2023,1031014295.0,1389535854.0,-358521559.0,0.6092708364184463,0.9985674641378512,1095.5750766093888,0.027773142297053674,0.0046751618400484975,1.5574638332245432,not_at_risk,unqualified_emphasis_of_matter,Lesedi,not_at_risk,unqualified_emphasis_of_matter
GT481,2018,3030227772.0,2871034803.0,159192969.0,0.06680795920675574,0.9794193578631866,0.0,0.0,0.05961522194755505,0.0,not_at_risk,unqualified_emphasis_of_matter,Mogale City,not_at_risk,unqualified_emphasis_of_matter
GT481,2019,2717410539.0,2904119136.0,-186708597.0,-0.7059168622206276,1.0,0.0,0.06549217132392464,0.07619120106235201,0.0,not_at_risk,unqualified_emphasis_of_matter,Mogale City,not_at_risk,unqualified_emphasis_of_matter
GT481,2020,2876490961.0,3079737641.0,-203246680.0,0.05625153055042328,1.0,251.2950540973384,0.12940093490255847,0.03780588140040205,1.2979152281786015,not_at_risk,unqualified_emphasis_of_matter,Mogale City,not_at_risk,unqualified_emphasis_of_matter
GT481,2021,3022713099.0,3217277501.0,-194564402.0,0.10758918367856389,1.0,265.5988302249389,0.15771088531912125,0.026309225416113708,1.205003185782006,not_at_risk,unqualified_emphasis_of_matter,Mogale City,at_risk,qualified
GT481,2022,2214662.0,2602225.0,-387563.0,0.0,,419994.0905835744,0.0,69.58736235337068,1810.6618526890334,at_risk,qualified,Mogale City,at_risk,qualified
GT481,2023,3469113639.0,3617873733.0,-148760094.0,0.05957149859436512,1.0,590.8429111134113,0.02360065477719092,0.12929801715664244,1.326040158582421,at_risk,qualified,Mogale City,not_at_risk,unqualified_emphasis_of_matter
GT484,2018,-1049386044.0,-955798201.0,-93587843.0,0.391709601052074,1.0,-0.0,-0.0,-0.02349515930926093,-0.0,not_at_risk,unqualified_emphasis_of_matter,Merafong City,not_at_risk,unqualified_emphasis_of_matter
GT484,2019,1309899117.0,1531493265.0,-221594148.0,0.6991940718720693,1.0,0.0,0.00669981137657827,0.008449521976840036,0.0,not_at_risk,unqualified_emphasis_of_matter,Merafong City,not_at_risk,unqualified_emphasis_of_matter
GT484,2020,1543474724.0,1257856039.0,285618685.0,0.739171313069476,1.0,1230.076033337751,0.006164268214798466,0.02831400088384836,1.5761451147676844,not_at_risk,unqualified_emphasis_of_matter,Merafong City,at_risk,adverse
GT484,2023,1979688221.0,2396663639.0,-416975418.0,-0.08856519894822004,0.5154954736893257,1842.742131835415,0.0664340583338737,0.11698567935756962,1.2010123951735125,at_risk,disclaimer,Merafong City,at_risk,qualified
GT485,2018,1553268216.0,1936686496.0,-383418280.0,0.347035393383566,1.000877780664631,0.0,0.0,0.0773102788237751,0.0,not_at_risk,unqualified_emphasis_of_matter,Rand West City,not_at_risk,unqualified_emphasis_of_matter
GT485,2019,1700966576.0,1943776875.0,-242810299.0,0.21109030839766524,1.003082887822433,0.0,0.0,0.0909515136607436,0.0,not_at_risk,unqualified_emphasis_of_matter,Rand West City,at_risk,qualified
GT485,2020,1807070464.0,2173666374.0,-366595910.0,0.32180352438943327,0.9997836320620885,323.31222165335555,0.01753512933535402,0.032071843146615285,2.822649013204169,at_risk,qualified,Rand West City,at_risk,qualified
GT485,2021,1990626000.0,2326643985.0,-336017985.0,0.4691827692752916,1.0,365.3921386588942,0.026831708418853777,0.0705429481511328,1.6201024592263942,at_risk,qualified,Rand West City,not_at_risk,unqualified_emphasis_of_matter
GT485,2022,2027000309.0,2730176251.0,-703175942.0,0.4878701818287848,1.0,471.3159587831123,0.027768327034649015,0.03916112044445441,1.5620934964544202,not_at_risk,unqualified_emphasis_of_matter,Rand West City,not_at_risk,unqualified_emphasis_of_matter
GT485,2023,2308440567.0,2787469403.0,-479028836.0,1.0998575843381195,0.7037360854257269,468.14614360829677,0.01580418567198888,0.03197300745403016,2.1207863238871942,not_at_risk,unqualified_emphasis_of_matter,Rand West City,not_at_risk,unqualified_emphasis_of_matter
JHB,2018,48167746473.0,48227444496.0,-59698023.0,0.8210612096455628,0.9999998286447253,0.0,0.0,0.0180043902818035,0.0,not_at_risk,unqualified_emphasis_of_matter,City of Johannesburg,not_at_risk,unqualified_emphasis_of_matter
JHB,2020,61988402747.0,63005091066.0,-1016688319.0,1.2722825017430632,0.9137331657217815,80.57999204120064,0.027735319439019124,0.016594817693458167,0.6929514983200443,not_at_risk,unqualified_emphasis_of_matter,City of Johannesburg,not_at_risk,unqualified_emphasis_of_matter
JHB,2021,66087617063.0,68481638170.0,-2394021107.0,1.2645539266602508,0.8837013386087514,84.83211822898042,0.02662686778130851,0.01632567546390516,0.5604824949686051,not_at_risk,unqualified_emphasis_of_matter,City of Johannesburg,not_at_risk,unqualified_emphasis_of_matter
JHB,2022,60648176628.0,61827424833.0,-1179248205.0,0.7128956687918602,0.9481861485809213,0.0,0.024096924172795266,0.022400949153890178,0.6811637265435514,not_at_risk,unqualified_emphasis_of_matter,City of Johannesburg,not_at_risk,unqualified_emphasis_of_matter
JHB,2023,60648176628.0,61017743170.0,-369566542.0,0.7223555163815149,0.9481861485809213,0.0,0.024416680961948465,0.013298312225991166,0.8706561996724832,not_at_risk,unqualified_emphasis_of_matter,City of Johannesburg,not_at_risk,unqualified_emphasis_of_matter
KZN212,2018,271924631.0,254771091.0,17153540.0,-0.26543168510433546,0.9413942601361373,0.0,0.0,0.18011767277002397,0.0,not_at_risk,unqualified_emphasis_of_matter,Umdoni,not_at_risk,unqualified_emphasis_of_matter
KZN212,2019,276232819.0,333734990.0,-57502171.0,0.15371121859293208,0.9711494762377137,0.0,0.07008117428741889,0.12793855687711977,0.0,not_at_risk,unqualified_emphasis_of_matter,Umdoni,at_risk,qualified
KZN212,2020,292057455.0,382139745.0,-90082290.0,6.113619215399853,0.6181434784659201,257.2180313288014,0.1229590892200967,0.27214112994187506,5.109909651167781,at_risk,qualified,Umdoni,not_at_risk,unqualified_emphasis_of_matter
KZN212,2021,318414095.0,378069120.0,-59655025.0,6.518027021090747,0.8315374621778844,291.343837228688,0.1255022520749645,0.2423912034921022,2.9739925489165295,not_at_risk,unqualified_emphasis_of_matter,Umdoni,not_at_risk,unqualified_emphasis_of_matter
KZN212,2022,317177943.0,387793892.0,-70615949.0,5.949539390888601,1.0194968434496727,319.301278998458,0.04297135500009371,0.1786747275534706,4.457527193181904,not_at_risk,unqualified_emphasis_of_matter,Umdoni,not_at_risk,unqualified_emphasis_of_matter
KZN212,2023,348491179.0,367551435.0,-19060256.0,5.262459029713759,0.8483483999087008,352.2534060611044,0.19497043998753535,0.046030597050995055,5.182339390002179,not_at_risk,unqualified_emphasis_of_matter,Umdoni,at_risk,qualified
KZN213,2018,5411477.0,21530216.0,-16118739.0,-17.8801115604228,1.0,0.0,0.0,0.0,0.0,not_at_risk,unqualified_emphasis_of_matter,Umzumbe,not_at_risk,unqualified_emphasis_of_matter
KZN213,2019,145180350.0,161852576.0,-16672226.0,14.577845310290273,1.0,0.0,0.03591135305748856,0.325757095148118,0.0,not_at_risk,unqualified_emphasis_of_matter,Umzumbe,not_at_risk,unqualified_emphasis_of_matter
KZN213,2020,157121172.0,149769566.0,7351606.0,19.131588135870008,1.0,109.66774589105026,0.038940721775210324,0.480013890138401,14.055573987189963,not_at_risk,unqualified_emphasis_of_matter,Umzumbe,not_at_risk,unqualified_emphasis_of_matter
KZN213,2021,181574196.0,156813269.0,24760927.0,18.19188721842155,1.0,125.06788671117123,0.06310032348091665,0.3875850518746599,5.795957405753844,not_at_risk,unqualified_emphasis_of_matter,Umzumbe,not_at_risk,unqualified_emphasis_of_matter
KZN213,2022,162111504.0,179890454.0,-17778950.0,12.907941763268884,1.0,118.58267156043411,0.042498819865116354,0.23158669664594878,8.125315128777043,not_at_risk,unqualified_emphasis_of_matter,Umzumbe,at_risk,qualified
KZN213,2023,177965666.0,253218944.0,-75253278.0,4.7243207996317995,0.68037692173708,123.18715077322835,0.139958023835689,0.06499157108877289,8.380966753441083,at_risk,qualified,Umzumbe,at_risk,adverse
KZN214,2018,160040630.0,141634670.0,18405960.0,13.934051881506132,1.0,0.0,0.0,0.010064950905029115,0.0,not_at_risk,unqualified_emphasis_of_matter,uMuziwabantu,not_at_risk,unqualified_emphasis_of_matter
KZN214,2019,166718664.0,161559782.0,5158882.0,12.147051671560192,1.0,0.0,0.0024258388761628806,0.4167678438684697,0.0,not_at_risk,unqualified_emphasis_of_matter,uMuziwabantu,not_at_risk,unqualified_emphasis_of_matter
KZN214,2020,171023656.0,172259752.0,-1236096.0,9.424233978927358,1.0,0.0,0.0465854322140206,0.34830088458504227,4.91098372964264,not_at_risk,unqualified_emphasis_of_matter,uMuziwabantu,not_at_risk,unqualified_emphasis_of_matter
KZN214,2021,197682090.0,200565501.0,-2883411.0,7.8153985016595655,1.0159215927106091,0.0,0.03989261842194885,0.13158355683513087,3.870354881415914,not_at_risk,unqualified_emphasis_of_matter,uMuziwabantu,not_at_risk,unqualified_emphasis_of_matter
KZN214,2022,185846971.0,215162872.0,-29315901.0,6.93600953606903,0.9091111154023777,140.34134449250723,0.03721002571484545,0.06158511864444717,4.868393459046476,not_at_risk,unqualified_emphasis_of_matter,uMuziwabantu,not_at_risk,unqualified_emphasis_of_matter
KZN214,2023,205616786.0,245154283.0,-39537497.0,4.778031098073861,0.9231093694805284,132.02796361188138,0.05934853277680652,0.023692688248893454,5.189757727270379,not_at_risk,unqualified_emphasis_of_matter,uMuziwabantu,not_at_risk,unqualified_emphasis_of_matter
KZN216,2018,858513090.0,973293753.0,-114780663.0,0.801479411118752,0.9480401645292882,0.0,0.0,0.011780730087558674,0.0,not_at_risk,unqualified_emphasis_of_matter,Ray Nkonyeni,not_at_risk,unqualified_emphasis_of_matter
KZN216,2019,877410532.0,1030298480.0,-152887948.0,0.8916645708338811,1.0056111393187088,0.0,0.0,0.1488681775013392,0.0,not_at_risk,unqualified_emphasis_of_matter,Ray Nkonyeni,not_at_risk,unqualified_emphasis_of_matter
KZN216,2020,944002949.0,1033523601.0,-89520652.0,1.1188725742509678,1.1925605211890316,0.0,0.0449397903976844,0.016982411415682803,2.624540379481378,not_at_risk,unqualified_emphasis_of_matter,Ray Nkonyeni,not_at_risk,unqualified_emphasis_of_matter
KZN216,2021,1067570853.0,1044780210.0,22790643.0,1.49048874882498,0.9726173336621916,274.3917338290239,0.04151787293137951,0.03048516012760234,1.672888570328924,not_at_risk,unqualified_emphasis_of_matter,Ray Nkonyeni,not_at_risk,unqualified
KZN216,2022,1083015905.0,1125063274.0,-42047369.0,1.4035573469443818,0.9658016771168625,312.32292378014523,0.03941582044744623,0.003904655943822054,2.179856019750698,not_at_risk,unqualified,Ray Nkonyeni,not_at_risk,unqualified_emphasis_of_matter
KZN216,2023,1126895082.0,1163606447.0,-36711365.0,1.1782487623154256,0.9714766125607947,336.81476615051906,0.049746267863364634,0.3328398076501891,2.7042022550951197,not_at_risk,unqualified_emphasis_of_matter,Ray Nkonyeni,not_at_risk,unqualified_emphasis_of_matter
KZN221,2018,24582806.0,66457441.0,-41874635.0,-6.551675199169948,1.0,0.0,0.0,0.35234593218839105,0.0,not_at_risk,unqualified_emphasis_of_matter,uMshwathi,at_risk,qualified
KZN221,2019,162219150.0,154042633.0,8176517.0,3.7253180942447277,1.0,0.0,0.06942900021710223,0.09057203663871417,0.0,at_risk,qualified,uMshwathi,not_at_risk,unqualified_emphasis_of_matter
KZN221,2020,167373823.0,155901483.0,11472340.0,4.105071739439451,1.0,607.9550376584276,0.0574003968903875,0.008489919239575162,22.110894760407067,not_at_risk,unqualified_emphasis_of_matter,uMshwathi,at_risk,qualified
KZN221,2021,195372928.0,246570352.0,-51197424.0,4.057035989468839,1.0,552.9668827249187,0.06942351690360567,0.0005065491409932366,11.446678651404559,at_risk,qualified,uMshwathi,not_at_risk,unqualified_emphasis_of_matter
KZN221,2022,197426765.0,202032264.0,-4605499.0,5.911939649401741,1.0,576.1573686830152,0.07284463238010341,0.0,4.097843572526754,not_at_risk,unqualified_emphasis_of_matter,uMshwathi,not_at_risk,unqualified_emphasis_of_matter
KZN221,2023,211623353.0,254458531.0,-42835178.0,5.287884146434847,0.3658823748487111,488.73242032981113,0.03578426301612187,0.0,5.227301563452688,not_at_risk,unqualified_emphasis_of_matter,uMshwathi,not_at_risk,unqualified
KZN222,2018,336784242.0,386360460.0,-49576218.0,-0.1046079094118482,0.9331057714940093,0.0,0.0,0.002029395036955904,0.0,not_at_risk,unqualified_emphasis_of_matter,uMngeni,at_risk,qualified
KZN222,2019,355996202.0,411061905.0,-55065703.0,0.3873803095424277,0.943124696455409,0.0,0.0004251573738023717,0.0004832313517352088,0.0,at_risk,qualified,uMngeni,at_risk,qualified
KZN222,2020,390697707.0,477403910.0,-86706203.0,0.8068395585616381,0.8525691876180008,283.4998338498055,0.0002477713263806323,1.1876735571771919e-06,1.867024036565436,at_risk,qualified,uMngeni,at_risk,qualified
KZN222,2021,439894681.0,520351763.0,-80457082.0,0.5185183700434585,0.7641778843138594,290.26052554156706,0.033002891930242195,0.04221343053276059,1.391210438391275,at_risk,qualified,uMngeni,not_at_risk,unqualified_emphasis_of_matter
KZN222,2022,476149151.0,522730546.0,-46581395.0,0.3127140765942536,0.9434230138494255,315.6508196525168,0.0566771010929214,0.031480708609670574,1.5360979358335556,not_at_risk,unqualified_emphasis_of_matter,uMngeni,not_at_risk,unqualified_emphasis_of_matter
KZN222,2023,475028372.0,608382200.0,-133353828.0,0.24162379504199827,0.991217059143326,301.75362777067977,0.04719044048297271,0.0054568624788825185,2.023361253041113,not_at_risk,unqualified_emphasis_of_matter,uMngeni,not_at_risk,unqualified_emphasis_of_matter
KZN223,2018,151141201.0,175889766.0,-24748565.0,0.12402854637944086,0.7950773580819535,0.0,0.0,0.09221178905883586,0.0,at_risk,disclaimer,Mpofana,at_risk,disclaimer
KZN223,2019,136341248.0,179284501.0,-42943253.0,0.12812469495062487,0.967465488111609,0.0,0.0058137150405432984,0.16815870770669686,0.0,at_risk,disclaimer,Mpofana,at_risk,qualified
KZN223,2020,136608144.0,178414827.0,-41806683.0,0.1358381946585639,0.7616827813400652,0.0,0.0001630301723746312,0.2017877079240729,4.804491407188725,at_risk,qualified,Mpofana,at_risk,qualified
KZN223,2021,133401423.0,196011302.0,-62609879.0,0.22249717008665143,0.8771552680116422,685.7510240351784,0.0005219545962711885,0.2590766832414592,3.3961960960491404,at_risk,qualified,Mpofana,at_risk,qualified
KZN223,2022,151132816.0,246025768.0,-94892952.0,0.1716298270025114,0.8939190044656249,675.0932227055175,0.0007916203314117893,0.15509348597989134,2.4614095061922225,at_risk,qualified,Mpofana,at_risk,qualified
KZN223,2023,159906901.0,279005371.0,-119098470.0,0.06053190997531012,0.8000175470751404,834.7137752985408,0.05914083998046045,0.1175329667757543,2.936963114556263,at_risk,qualified,Mpofana,not_at_risk,unqualified_emphasis_of_matter
KZN224,2018,763809.0,23728702.0,-22964893.0,-3.210267632843971,1.0,0.0,0.0,0.29788325547684824,0.0,at_risk,qualified,Impendle,at_risk,qualified
KZN224,2019,44535243.0,21114020.0,23421223.0,4.685105536510811,1.0,0.0,0.024703301408258587,0.20025471227175118,0.0,at_risk,qualified,Impendle,not_at_risk,unqualified_emphasis_of_matter
KZN224,2020,45132908.0,61630830.0,-16497922.0,1.724465758452385,1.0,121.84215406638543,0.008754871547243482,0.04890190510171614,10.071624456372277,not_at_risk,unqualified_emphasis_of_matter,Impendle,not_at_risk,unqualified_emphasis_of_matter
KZN224,2021,53023366.0,72121878.0,-19098512.0,0.6842109685496542,1.0,0.0,0.010624529217056717,0.05525731041002565,4.9278977498335355,not_at_risk,unqualified_emphasis_of_matter,Impendle,not_at_risk,unqualified_emphasis_of_matter
KZN224,2022,54312829.0,73387581.0,-19074752.0,-0.7304782535344775,1.0,0.0,0.010640151771728244,0.16286849678285487,6.4670908598776915,not_at_risk,unqualified_emphasis_of_matter,Impendle,not_at_risk,unqualified_emphasis_of_matter
KZN224,2023,65351456.0,76835881.0,-11484425.0,-0.10787803682500888,1.0,0.0,0.02810446072714387,0.08159778892884693,6.408010220919944,not_at_risk,unqualified_emphasis_of_matter,Impendle,not_at_risk,unqualified_emphasis_of_matter
KZN225,2018,74882819.0,766485516.0,-691602697.0,1.4038961644253694,30.72116227354474,0.0,0.0,0.17287992823598247,0.0,at_risk,adverse,Msunduzi,at_risk,qualified
KZN225,2020,5430061242.0,5674015653.0,-243954411.0,1.09481807733744,0.8673623214732153,594.6466854323555,0.04399502843599223,0.009228442641379508,1.4424474238738245,at_risk,qualified,Msunduzi,not_at_risk,unqualified_emphasis_of_matter
KZN225,2021,5508128132.0,6400330357.0,-892202225.0,0.6442873667434976,0.8496791234051821,618.7561089101767,0.05045224933535411,0.00782711207167771,1.1813232593841918,not_at_risk,unqualified_emphasis_of_matter,Msunduzi,at_risk,qualified
KZN225,2022,5819171109.0,6930273144.0,-1111102035.0,0.557247038862167,0.7927850205122993,662.8027386700788,0.03596409374077623,0.025993276059538818,0.915470503309443,at_risk,qualified,Msunduzi,at_risk,qualified
KZN225,2023,6427061377.0,6225701940.0,201359437.0,0.9298867398075277,0.9864147978458104,739.9829171555148,0.028854543749648253,0.009619663385298526,1.1850395898280839,at_risk,qualified,Msunduzi,at_risk,outstanding
KZN226,2018,7714708.0,28811975.0,-21097267.0,-4.17335597438218,1.0,0.0,0.0,0.1958807405601317,0.0,not_at_risk,unqualified_emphasis_of_matter,Mkhambathini,not_at_risk,unqualified_emphasis_of_matter
KZN226,2019,91278666.0,83526451.0,7752215.0,9.201763690402696,1.0,0.0,0.07629047952725777,0.0342863244602599,0.0,not_at_risk,unqualified_emphasis_of_matter,Mkhambathini,not_at_risk,unqualified_emphasis_of_matter
KZN226,2020,97745198.0,96866724.0,878474.0,8.108781009255562,1.0,186.11040263072567,0.11094584968105249,0.029586765007145282,12.12167263705374,not_at_risk,unqualified_emphasis_of_matter,Mkhambathini,not_at_risk,unqualified_emphasis_of_matter
KZN226,2021,116415539.0,133258131.0,-16842592.0,4.5424737046627195,1.0,152.82437385785758,0.20764997071735908,0.0033094565914330585,5.061556344295241,not_at_risk,unqualified_emphasis_of_matter,Mkhambathini,not_at_risk,unqualified_emphasis_of_matter
KZN226,2022,111028303.0,147215537.0,-36187234.0,4.341820551182719,1.0,170.58487564202437,0.22596784740186765,0.0418253611369838,6.518352892415189,not_at_risk,unqualified_emphasis_of_matter,Mkhambathini,not_at_risk,unqualified_emphasis_of_matter
KZN226,2023,138531294.0,162518932.0,-23987638.0,3.2542858945196613,1.0,149.0416375523064,0.14360310342182164,0.053749965573241645,7.9204306429130735,not_at_risk,unqualified_emphasis_of_matter,Mkhambathini,not_at_risk,unqualified_emphasis_of_matter
KZN227,2018,89896230.0,139936460.0,-50040230.0,3.427085778788459,-1.3040899027641502,0.0,0.0,0.015721420993499477,0.0,at_risk,adverse,Richmond,at_risk,qualified
KZN227,2019,99100215.0,114944889.0,-15844674.0,2.492664810872974,1.0,0.0,0.06177798823225624,0.3199345731674942,0.0,at_risk,qualified,Richmond,not_at_risk,unqualified_emphasis_of_matter
KZN227,2020,92393324.0,120375932.0,-27982608.0,1.8990395521922108,0.7427976033540469,350.9265898908454,0.04063406130055965,0.12209680752461381,6.980442244939688,not_at_risk,unqualified_emphasis_of_matter,Richmond,not_at_risk,unqualified_emphasis_of_matter
KZN227,2021,122110519.0,129233138.0,-7122619.0,1.9538436650822486,0.8087235601829623,314.2290625265461,0.04750706432586973,0.17475257777923803,4.272438691379241,not_at_risk,unqualified_emphasis_of_matter,Richmond,not_at_risk,unqualified_emphasis_of_matter
KZN227,2022,115470739.0,142166924.0,-26696185.0,2.2707394020848337,0.7721835871332807,328.49481252562174,0.04888913542224491,0.009028126682968818,5.783255964093207,not_at_risk,unqualified_emphasis_of_matter,Richmond,not_at_risk,unqualified_emphasis_of_matter
KZN227,2023,140755566.0,155560698.0,-14805132.0,1.4457626308670843,0.9942971702576268,241.2563670839134,0.08304642603236455,0.0,4.8598034410944715,not_at_risk,unqualified_emphasis_of_matter,Richmond,not_at_risk,unqualified
KZN235,2018,4117325.0,28554771.0,-24437446.0,-7.28363901079788,1.0,0.0,0.0,0.0,0.0,not_at_risk,unqualified,Okhahlamba,not_at_risk,unqualified
KZN235,2019,167259003.0,193479269.0,-26220266.0,1.6601377380643298,1.0,0.0,0.03343830082384692,0.16232788743893797,0.0,not_at_risk,unqualified,Okhahlamba,not_at_risk,unqualified
KZN235,2020,180274035.0,187051106.0,-6777071.0,3.703607996843387,1.0,233.28388148076897,0.023483614151952676,0.12391063862514665,6.881494597932531,not_at_risk,unqualified,Okhahlamba,not_at_risk,unqualified
KZN235,2021,229873871.0,220143186.0,9730685.0,3.8770464237762052,1.0,151.70398935858177,0.03278988158189007,0.01652960087531394,4.5878789416653625,not_at_risk,unqualified,Okhahlamba,not_at_risk,unqualified
KZN235,2022,192839827.0,230651856.0,-37812029.0,2.9397677684414556,1.0139314504269985,243.52823929363927,0.025466268088473566,0.0036656197555158627,5.2054311892739875,not_at_risk,unqualified,Okhahlamba,not_at_risk,unqualified
KZN235,2023,210166433.0,266107591.0,-55941158.0,1.952475170090131,0.7606473234087359,250.07230369656605,0.03376431677967428,0.14822615864423047,6.242262302658008,not_at_risk,unqualified,Okhahlamba,not_at_risk,unqualified_emphasis_of_matter
KZN237,2018,506637271.0,510440783.0,-3803512.0,0.06533957534502098,1.0386424462239778,0.0,0.0,0.1528049552419874,0.0,at_risk,adverse,Inkosi Langalibalele,at_risk,outstanding
KZN237,2019,490814975.0,698990680.0,-208175705.0,0.05024370854272334,1.0,0.0,0.02076696501876105,0.024563215921562787,0.0,at_risk,outstanding,Inkosi Langalibalele,at_risk,disclaimer
KZN237,2020,652722740.0,566936436.0,85786304.0,1.226967137458775,1.0,284.88283296212416,0.021202726155353332,0.057015201259705245,2.567890495128146,at_risk,disclaimer,Inkosi Langalibalele,at_risk,disclaimer
KZN237,2021,593704999.0,603554482.0,-9849483.0,1.2252429731770262,1.0,246.9550571949959,0.023409382949458404,0.057793967305838016,2.279147543441857,at_risk,disclaimer,Inkosi Langalibalele,at_risk,qualified
KZN237,2022,600491751.0,716790921.0,-116299170.0,1.454036335373729,1.0,362.05999736539263,0.026892376054523156,0.04586974951374977,1.9789359371233062,at_risk,qualified,Inkosi Langalibalele,at_risk,qualified
KZN237,2023,692557605.0,749667786.0,-57110181.0,2.006524938234441,1.0,454.9199777684919,0.030598889839452165,0.024238212364643342,4.467335975611733,at_risk,qualified,Inkosi Langalibalele,at_risk,qualified
KZN238,2018,887983179.0,887909205.0,73974.0,3.706675265293595,1.0,0.0,0.0,0.01745401434373011,0.0,at_risk,qualified,Alfred Duma,not_at_risk,unqualified_emphasis_of_matter
KZN238,2019,837635948.0,954219139.0,-116583191.0,3.786817053142339,1.0,0.0,0.08330647411170822,0.0009632546261472545,0.0,not_at_risk,unqualified_emphasis_of_matter,Alfred Duma,not_at_risk,unqualified_emphasis_of_matter
KZN238,2020,957365246.0,1016205890.0,-58840644.0,4.398085533631378,1.0,414.13069501584977,0.08062725458125419,0.0008336224069710913,2.2305953145075836,not_at_risk,unqualified_emphasis_of_matter,Alfred Duma,not_at_risk,unqualified_emphasis_of_matter
KZN238,2021,1017343919.0,960012664.0,57331255.0,5.684211165781038,0.8982098263347166,457.86428560743184,0.0672173570410317,5.3899288978546225e-05,1.711096068388649,not_at_risk,unqualified_emphasis_of_matter,Alfred Duma,not_at_risk,unqualified_emphasis_of_matter
KZN238,2022,1066385946.0,1073302910.0,-6916964.0,5.612323011404115,0.8911525603688123,495.7862255997886,0.07585306090337536,0.0,2.1985203544683625,not_at_risk,unqualified_emphasis_of_matter,Alfred Duma,not_at_risk,unqualified_emphasis_of_matter
KZN238,2023,1190111164.0,1152914668.0,37196496.0,5.502648575896165,0.8985279754278102,510.33508683227507,0.06357525759226441,0.001295192993415884,2.2276504600539986,not_at_risk,unqualified_emphasis_of_matter,Alfred Duma,not_at_risk,unqualified_emphasis_of_matter
KZN241,2019,329921633.0,313434556.0,16487077.0,0.1719946794890095,1.0,0.0,0.0030720065211954487,0.29807188202949775,0.0,not_at_risk,unqualified_emphasis_of_matter,Endumeni,at_risk,qualified
KZN241,2020,291866548.0,303130146.0,-11263598.0,0.006007162349336248,0.9383565499759347,313.6006991112938,0.009790979350499834,0.034949902343266115,2.7581873891214146,at_risk,qualified,Endumeni,at_risk,qualified
KZN241,2021,335202900.0,366662650.0,-31459750.0,-0.39210009527831646,0.8865963961841264,327.0574566926479,0.007284308887201901,0.026902680161178128,1.30699345978212,at_risk,qualified,Endumeni,at_risk,qualified
KZN241,2022,354166740.0,347184252.0,6982488.0,0.10180726745635917,1.0950364373574402,359.1100647536807,0.006353490941173219,0.007416442379419905,1.4763893413593834,at_risk,qualified,Endumeni,at_risk,qualified
KZN241,2023,341768022.0,457744000.0,-115975978.0,0.0412061414240274,0.7699821789280507,422.59576128512106,0.012297065608724527,0.04748207294907197,1.9717994564160832,at_risk,qualified,Endumeni,at_risk,disclaimer
KZN242,2018,156891391.0,116956007.0,39935384.0,22.123199948165126,1.0,0.0,0.0,0.052293055798322524,0.0,not_at_risk,unqualified_emphasis_of_matter,Nquthu,not_at_risk,unqualified_emphasis_of_matter
KZN242,2019,183301976.0,121173990.0,62127986.0,23.399050439784972,1.0,0.0,0.0008243023110817759,0.8825005184693514,0.0,not_at_risk,unqualified_emphasis_of_matter,Nquthu,at_risk,disclaimer
KZN242,2020,230696693.0,186543141.0,44153552.0,18.796186561477487,1.0041729710525196,0.0,0.02818225302639243,0.6904728649336939,5.3934117209040355,at_risk,disclaimer,Nquthu,at_risk,disclaimer
KZN242,2021,253958346.0,237576876.0,16381470.0,9.744150099860729,1.0572058761535825,0.0,0.01674958466917462,0.9165485238554951,3.84712239384328,at_risk,disclaimer,Nquthu,at_risk,qualified
KZN242,2022,249902248.0,276135341.0,-26233093.0,5.671260963296979,0.9854275174125414,0.0,0.13508744250161012,0.4384784669775391,5.312401535499593,at_risk,qualified,Nquthu,not_at_risk,unqualified_emphasis_of_matter
KZN242,2023,254997197.0,275389463.0,-20392266.0,4.743267319563349,1.08088655860985,38.39573965983634,0.0653423947451468,0.3508732322122288,4.807106636548636,not_at_risk,unqualified_emphasis_of_matter,Nquthu,not_at_risk,unqualified_emphasis_of_matter
KZN244,2018,155422829.0,157018362.0,-1595533.0,3.2642150221895703,3.3940718703465453,0.0,0.0,0.06070401498647655,0.0,not_at_risk,unqualified_emphasis_of_matter,Msinga,not_at_risk,unqualified_emphasis_of_matter
KZN244,2019,186746745.0,211133298.0,-24386553.0,1.7162699367297336,1.0,0.0,0.034701679315405756,0.0,0.0,not_at_risk,unqualified_emphasis_of_matter,Msinga,not_at_risk,unqualified_emphasis_of_matter
KZN244,2020,194054518.0,158178398.0,35876120.0,4.513048766621091,1.0,161.46533377800563,0.09604171740315641,0.0,10.348785365564124,not_at_risk,unqualified_emphasis_of_matter,Msinga,not_at_risk,unqualified_emphasis_of_matter
KZN244,2021,248088089.0,220648636.0,27439453.0,4.845518682472164,1.0,157.21175586144324,0.07691977755983047,0.003663136172752049,5.495143259376713,not_at_risk,unqualified_emphasis_of_matter,Msinga,not_at_risk,unqualified_emphasis_of_matter
KZN244,2022,207414580.0,261223574.0,-53808994.0,2.1046286121175264,1.0,211.65311927445023,0.10072268975234218,0.027658690559068763,6.500466216020108,not_at_risk,unqualified_emphasis_of_matter,Msinga,not_at_risk,unqualified_emphasis_of_matter
KZN244,2023,265253714.0,279739388.0,-14485674.0,2.2391717393762223,1.0,180.5951381136929,0.0876303661606638,0.08769529802503179,5.93946327929644,not_at_risk,unqualified_emphasis_of_matter,Msinga,not_at_risk,unqualified
KZN245,2018,103857041.0,53556928.0,50300113.0,-4.758953164752094,0.8711302726209542,0.0,0.0,0.6653254645225357,0.0,not_at_risk,unqualified_emphasis_of_matter,Umvoti,not_at_risk,unqualified_emphasis_of_matter
KZN245,2019,274997343.0,310027671.0,-35030328.0,0.6884820548808368,1.0,0.0,0.014614434206422819,0.18765194671929783,0.0,not_at_risk,unqualified_emphasis_of_matter,Umvoti,not_at_risk,unqualified_emphasis_of_matter
KZN245,2020,318831187.0,315205771.0,3625416.0,1.7218264699855386,0.9125353432945038,175.94857204166792,0.01589147300225033,0.005803142481169864,4.285507521571282,not_at_risk,unqualified_emphasis_of_matter,Umvoti,not_at_risk,unqualified_emphasis_of_matter
KZN245,2021,331691693.0,358943916.0,-27252223.0,2.1211846031122032,0.7664728072904696,140.79066568604117,0.023532294666334448,0.09506952055429183,3.464885187824104,not_at_risk,unqualified_emphasis_of_matter,Umvoti,not_at_risk,unqualified_emphasis_of_matter
KZN245,2022,326127057.0,378250027.0,-52122970.0,1.5063511839484944,0.9159629854734581,122.0237494124874,0.028609816860634355,0.024052749109255186,3.4639689524442003,not_at_risk,unqualified_emphasis_of_matter,Umvoti,not_at_risk,unqualified_emphasis_of_matter
KZN245,2023,363077616.0,412807572.0,-49729956.0,1.0580496037994187,0.8885136717517942,97.04505140851205,0.03222832356379354,0.00010271129425891442,4.012816080625582,not_at_risk,unqualified_emphasis_of_matter,Umvoti,not_at_risk,unqualified
KZN252,2018,1655631259.0,2291987436.0,-636356177.0,0.3008762880495999,0.9964910364122335,0.0,0.0,0.04175183619985603,0.0,not_at_risk,unqualified_emphasis_of_matter,Newcastle,not_at_risk,unqualified_emphasis_of_matter
KZN252,2019,1767717385.0,2231529208.0,-463811823.0,0.05377652041021369,1.0,0.0,0.003211314902045414,0.03893602050491288,0.0,not_at_risk,unqualified_emphasis_of_matter,Newcastle,not_at_risk,unqualified_emphasis_of_matter
KZN252,2020,1815449633.0,2332273035.0,-516823402.0,-0.70283963129557,0.9974673031305241,0.0,0.005230924431624276,0.04136833361793766,1.9084704334510172,not_at_risk,unqualified_emphasis_of_matter,Newcastle,not_at_risk,unqualified_emphasis_of_matter
KZN252,2021,1984359983.0,2285184927.0,-300824944.0,-0.11353078909924037,0.9618457796708277,506.1457734380244,0.002868434813547149,0.01384798649164204,1.5095181507699251,not_at_risk,unqualified_emphasis_of_matter,Newcastle,not_at_risk,unqualified_emphasis_of_matter
KZN252,2022,2049888672.0,2323597125.0,-273708453.0,0.23264176142411092,0.9987948330883276,489.96583672764444,0.04459466784716391,0.04794102161750609,1.6606828148762998,not_at_risk,unqualified_emphasis_of_matter,Newcastle,not_at_risk,unqualified_emphasis_of_matter
KZN252,2023,2103840119.0,2641309709.0,-537469590.0,0.0877600756965983,0.9999659828277101,546.8492288434205,0.026114659619418376,0.026716763187425212,2.5989138806797323,not_at_risk,unqualified_emphasis_of_matter,Newcastle,not_at_risk,unqualified_emphasis_of_matter
KZN253,2018,6221305.0,17001586.0,-10780281.0,-1.0057052324412559,1.0,0.0,0.0,0.45818819491310986,0.0,not_at_risk,unqualified_emphasis_of_matter,Emadlangeni,not_at_risk,unqualified_emphasis_of_matter
KZN253,2019,79504884.0,80431124.0,-926240.0,1.7989434537804045,1.0,0.0,0.017845554414979953,0.020838786239018615,0.0,not_at_risk,unqualified_emphasis_of_matter,Emadlangeni,at_risk,qualified
KZN253,2020,79798802.0,104151927.0,-24353125.0,0.4566228332962097,1.0,0.0,0.010820577520375595,0.08159442887696164,23.249204493069957,at_risk,qualified,Emadlangeni,at_risk,qualified
KZN253,2021,89092423.0,99542308.0,-10449885.0,0.599237582475986,1.0,302.3875035927578,0.008458092010484627,0.2993861163034315,3.2914183510308166,at_risk,qualified,Emadlangeni,at_risk,qualified
KZN253,2022,100134433.0,105551387.0,-5416954.0,0.3937795720296883,1.0,369.23659012479754,0.008233506206791958,0.13045511187834982,2.9482965165439143,at_risk,qualified,Emadlangeni,not_at_risk,unqualified_emphasis_of_matter
KZN253,2023,93091081.0,141455211.0,-48364130.0,0.230095616625958,0.8369847614208071,458.6764699831985,0.006748637913381643,0.3187437329544544,5.103152685486593,not_at_risk,unqualified_emphasis_of_matter,Emadlangeni,not_at_risk,unqualified_emphasis_of_matter
KZN254,2018,104319482.0,110680007.0,-6360525.0,5.337651379078789,0.8889090506452589,0.0,0.0,0.11518815679149713,0.0,at_risk,qualified,Dannhauser,at_risk,qualified
KZN254,2019,118712557.0,186454828.0,-67742271.0,1.0640650613777616,1.0,0.0,0.128758569877311,0.0,0.0,at_risk,qualified,Dannhauser,at_risk,qualified
KZN254,2020,128943534.0,168745584.0,-39802050.0,1.7857122945510682,0.34039722686597934,0.0,0.15283788996813097,0.049166483669285235,6.036369950896491,at_risk,qualified,Dannhauser,at_risk,qualified
KZN254,2021,140529805.0,150495677.0,-9965872.0,0.9270287012961841,0.9233239656673564,257.87159812824046,0.16066026268648234,0.1437850603509362,4.5361919487471,at_risk,qualified,Dannhauser,not_at_risk,unqualified_emphasis_of_matter
KZN254,2022,137383035.0,179734770.0,-42351735.0,0.9992469236753689,-0.2717974808719792,294.41382467638743,0.10804128772635367,0.4254180757568499,5.501115912892738,not_at_risk,unqualified_emphasis_of_matter,Dannhauser,not_at_risk,unqualified_emphasis_of_matter
KZN254,2023,154450616.0,235760444.0,-81309828.0,0.39639438412323313,0.7416812796562525,311.97820583635615,0.12684890854718614,0.017799304789229187,5.218113432451444,not_at_risk,unqualified_emphasis_of_matter,Dannhauser,not_at_risk,unqualified_emphasis_of_matter
KZN261,2018,6389969.0,38974023.0,-32584054.0,-2.369601413741661,1.0,0.0,0.0,0.043513393523681144,0.0,not_at_risk,unqualified_emphasis_of_matter,eDumbe,at_risk,qualified
KZN261,2019,131416077.0,130586979.0,829098.0,0.28215447115902725,0.9441980318694987,0.0,0.0062789261707325355,0.04437327553155204,0.0,at_risk,qualified,eDumbe,at_risk,qualified
KZN261,2020,151479250.0,142764154.0,8715096.0,2.104591913177309,1.1668846286258574,0.0,0.019084090254196443,0.04385677233796377,9.79468729875544,at_risk,qualified,eDumbe,at_risk,qualified
KZN261,2021,177888096.0,194012454.0,-16124358.0,0.6060201681692042,0.9401734259542842,644.1307657539941,0.0702519643403923,0.08274988882930165,2.607594585755755,at_risk,qualified,eDumbe,not_at_risk,unqualified_emphasis_of_matter
KZN261,2022,188783637.0,228515861.0,-39732224.0,0.6701353128394006,0.9575081675020184,663.1550876678999,0.046734519666448884,0.10292185801492353,5.038102121107032,not_at_risk,unqualified_emphasis_of_matter,eDumbe,not_at_risk,unqualified_emphasis_of_matter
KZN261,2023,181499204.0,195550684.0,-14051480.0,1.2902374506652199,0.9722120798572788,758.281450204046,0.03241142332184325,0.13153287154955695,5.126457788762534,not_at_risk,unqualified_emphasis_of_matter,eDumbe,not_at_risk,unqualified_emphasis_of_matter
KZN262,2020,260893154.0,242460700.0,18432454.0,1.4492761424841223,1.0,589.1094298127883,0.04692536563657533,0.002587957553533418,3.5262711416337127,not_at_risk,unqualified_emphasis_of_matter,uPhongolo,not_at_risk,unqualified_emphasis_of_matter
KZN262,2021,318470838.0,307549976.0,10920862.0,0.1427985674757458,1.0,570.2420269167627,0.005688977845994044,0.0013147034028706932,3.4103588976017956,not_at_risk,unqualified_emphasis_of_matter,uPhongolo,not_at_risk,unqualified_emphasis_of_matter
KZN262,2022,307626118.0,334929596.0,-27303478.0,0.37378989941515944,1.0,678.6216120797649,0.005534524336272749,0.07348789206433701,4.257828979267619,not_at_risk,unqualified_emphasis_of_matter,uPhongolo,not_at_risk,unqualified_emphasis_of_matter
KZN262,2023,311470171.0,326843940.0,-15373769.0,0.21530502906065813,1.0,674.4609404988576,0.006969387286177005,0.0022403597264186695,4.470994964073141,not_at_risk,unqualified_emphasis_of_matter,uPhongolo,not_at_risk,unqualified_emphasis_of_matter
KZN263,2018,482938341.0,530289138.0,-47350797.0,0.29742169073053876,1.0,0.0,0.0,0.07893806793379954,0.0,at_risk,qualified,Abaqulusi,not_at_risk,unqualified_emphasis_of_matter
KZN263,2019,502219013.0,563306258.0,-61087245.0,-1.9562814514302804,1.0,0.0,0.02916468398261608,0.02755277574068776,0.0,not_at_risk,unqualified_emphasis_of_matter,Abaqulusi,at_risk,qualified
KZN263,2020,567523880.0,582904417.0,-15380537.0,0.2989257842594114,0.9669092366414735,295.9114326783923,0.024392395365911253,0.05586898820840467,3.1921169061643715,at_risk,qualified,Abaqulusi,at_risk,qualified
KZN263,2021,648619846.0,681623419.0,-33003573.0,0.4176726914953607,0.8328852892171978,320.97009728253056,0.03653686376641352,0.11845847391578546,1.8889687720100998,at_risk,qualified,Abaqulusi,not_at_risk,unqualified_emphasis_of_matter
KZN263,2022,629607961.0,792915500.0,-163307539.0,0.4393604766207749,0.9374333881024002,387.203607833669,0.056548653671166724,0.07345593572076722,2.01032396412154,not_at_risk,unqualified_emphasis_of_matter,Abaqulusi,not_at_risk,unqualified_emphasis_of_matter
KZN263,2023,689033822.0,864984078.0,-175950256.0,0.27903111992311147,0.9912332392421062,333.6956085299395,0.05100612152539529,0.17391026705118148,2.2606586270013316,not_at_risk,unqualified_emphasis_of_matter,Abaqulusi,not_at_risk,unqualified_emphasis_of_matter
KZN265,2018,15950109.0,49118197.0,-33168088.0,-3.2132926214697983,1.0,0.0,0.0,0.06602274102202896,0.0,at_risk,adverse,Nongoma,not_at_risk,unqualified_emphasis_of_matter
KZN265,2019,172777045.0,190489376.0,-17712331.0,0.3895231406501117,1.0,0.0,0.05371402970000805,0.1941190778009583,0.0,not_at_risk,unqualified_emphasis_of_matter,Nongoma,not_at_risk,unqualified_emphasis_of_matter
KZN265,2020,199869671.0,222721146.0,-22851475.0,0.3978782867792895,1.0,215.87428657447484,0.05751015217926366,0.19284653824473408,7.385139939515886,not_at_risk,unqualified_emphasis_of_matter,Nongoma,not_at_risk,unqualified_emphasis_of_matter
KZN265,2021,308559807.0,343779272.0,-35219465.0,0.49078047963287325,1.0,119.86001016976265,0.047073286024062556,0.05252835604352551,3.8147614993808965,not_at_risk,unqualified_emphasis_of_matter,Nongoma,not_at_risk,unqualified_emphasis_of_matter
KZN265,2022,214244076.0,257891378.0,-43647302.0,-0.5951383299057016,1.0,0.0,0.06959720072533794,0.01456303824162745,5.641132415721963,not_at_risk,unqualified_emphasis_of_matter,Nongoma,not_at_risk,unqualified_emphasis_of_matter
KZN265,2023,237434521.0,276581847.0,-39147326.0,-0.006229172372256231,0.8807808978328927,172.1156633327131,0.08837766565352353,0.0,6.33549053298783,not_at_risk,unqualified_emphasis_of_matter,Nongoma,at_risk,qualified
KZN266,2018,283511211.0,336651159.0,-53139948.0,0.028836258959678795,1.1910304777943759,0.0,0.0,0.1656282312100996,0.0,not_at_risk,unqualified_emphasis_of_matter,Ulundi,not_at_risk,unqualified_emphasis_of_matter
KZN266,2019,291446247.0,384627316.0,-93181069.0,0.1293881893713446,1.0,0.0,0.0637997874285143,0.1887789373753163,0.0,not_at_risk,unqualified_emphasis_of_matter,Ulundi,not_at_risk,unqualified_emphasis_of_matter
KZN266,2020,362712035.0,262848726.0,99863309.0,0.27494057551566753,1.7267156314896466,170.31634350098142,0.08055929097407914,0.11582233044568761,5.5261814348123295,not_at_risk,unqualified_emphasis_of_matter,Ulundi,not_at_risk,unqualified_emphasis_of_matter
KZN266,2021,403686880.0,397966816.0,5720064.0,0.30118492090556614,0.9673468205028486,173.4962812266775,0.025340982198877607,0.11103197358043039,3.096976755846016,not_at_risk,unqualified_emphasis_of_matter,Ulundi,at_risk,qualified
KZN266,2022,374046393.0,446700471.0,-72654078.0,0.16108146883955266,0.9459246846102997,224.01530566289944,0.019822846795252203,0.07411960843891745,3.694903279016515,at_risk,qualified,Ulundi,not_at_risk,unqualified_emphasis_of_matter
KZN266,2023,407388983.0,510084259.0,-102695276.0,1.4813477786617995,0.8693192302386401,241.61422793065566,0.017087145596468994,0.13958456420432297,4.623939474573371,not_at_risk,unqualified_emphasis_of_matter,Ulundi,not_at_risk,unqualified_emphasis_of_matter
KZN271,2018,3451440.0,25190690.0,-21739250.0,-7.7496640227004505,3.6044111361374163,0.0,0.0,0.19501899312801674,0.0,not_at_risk,unqualified_emphasis_of_matter,Umhlabuyalingana,not_at_risk,unqualified_emphasis_of_matter
KZN271,2019,185548752.0,161505078.0,24043674.0,3.615102554236716,1.5077803915593757,0.0,0.029109165223894694,0.011029064980854658,0.0,not_at_risk,unqualified_emphasis_of_matter,Umhlabuyalingana,not_at_risk,unqualified_emphasis_of_matter
KZN271,2020,204971665.0,224392024.0,-19420359.0,3.4309914152741903,1.0,174.49516912496173,0.022210486411941274,0.14214604615358342,13.69709470818808,not_at_risk,unqualified_emphasis_of_matter,Umhlabuyalingana,not_at_risk,unqualified_emphasis_of_matter
KZN271,2021,253145588.0,239230887.0,13914701.0,4.221412948236906,0.9450707024099969,159.83175104754343,0.026947954258097116,0.10492735413383306,5.211542031694425,not_at_risk,unqualified_emphasis_of_matter,Umhlabuyalingana,not_at_risk,unqualified_emphasis_of_matter
KZN271,2022,230257896.0,244762554.0,-14504658.0,5.022436201576815,0.9006173400024242,186.30010067059766,0.0672048511146031,0.06815184646259248,8.773776096694638,not_at_risk,unqualified_emphasis_of_matter,Umhlabuyalingana,not_at_risk,unqualified_emphasis_of_matter
KZN271,2023,257069801.0,271820017.0,-14750216.0,4.784975905582407,1.2290820713700623,185.3118758784117,0.0830292163509062,0.08667319743416836,7.8076795336998766,not_at_risk,unqualified_emphasis_of_matter,Umhlabuyalingana,not_at_risk,unqualified_emphasis_of_matter
KZN272,2018,7528862.0,57542509.0,-50013647.0,-4.583991149916664,0.8762523985196875,0.0,0.0,1.0688718839145508,0.0,not_at_risk,unqualified_emphasis_of_matter,Jozini,at_risk,qualified
KZN272,2019,1329861.0,20000713.0,-18670852.0,-12.303215390371333,4.1784931919501185,0.0,-0.07297284851795033,2.756211241069256,0.0,at_risk,qualified,Jozini,not_at_risk,unqualified_emphasis_of_matter
KZN272,2020,260062016.0,265144418.0,-5082402.0,1.8079909191224233,0.9482010450681514,474.067515265282,0.014285712777102477,0.15671077789765123,7.877897093591707,not_at_risk,unqualified_emphasis_of_matter,Jozini,not_at_risk,unqualified_emphasis_of_matter
KZN272,2021,386528051.0,287196180.0,99331871.0,2.789837469286674,0.9843721322985759,308.87511848396224,0.02419548546920088,0.1408824727404104,4.026474978914273,not_at_risk,unqualified_emphasis_of_matter,Jozini,not_at_risk,unqualified_emphasis_of_matter
KZN272,2022,277305548.0,316941159.0,-39635611.0,1.6156569932906695,1.0033973609277724,0.0,0.021226580420247658,0.3125632919137524,6.863800056391226,not_at_risk,unqualified_emphasis_of_matter,Jozini,at_risk,qualified
KZN272,2023,294840802.0,415901438.0,-121060636.0,0.22675212774811326,1.019221715608926,335.6511310127287,0.038265775363825506,0.09349396142265803,7.699637542025137,at_risk,qualified,Jozini,not_at_risk,unqualified_emphasis_of_matter
KZN275,2018,197629441.0,228026560.0,-30397119.0,0.646883222726335,1.0,0.0,0.0,0.03018894377918081,0.0,not_at_risk,unqualified_emphasis_of_matter,Mtubatuba,at_risk,qualified
KZN275,2019,214787611.0,247384227.0,-32596616.0,2.2919167437461563,1.0,0.0,0.03677428068200969,0.06285003368464555,0.0,at_risk,qualified,Mtubatuba,at_risk,qualified
KZN275,2020,233971806.0,267472615.0,-33500809.0,1.4579821564162747,1.0,410.20368347287103,0.024344488500252632,0.9554678784592583,12.004163689705416,at_risk,qualified,Mtubatuba,at_risk,qualified
KZN275,2021,320014429.0,307720615.0,12293814.0,1.743728479159578,1.0,399.9934096409134,0.024377011595404487,0.5832898553124236,4.202004578987281,at_risk,qualified,Mtubatuba,at_risk,qualified
KZN275,2022,287887750.0,344152334.0,-56264584.0,0.2320025178152649,1.0,524.7179556268024,0.03316247159317536,0.06942792083461506,4.682778763597965,at_risk,qualified,Mtubatuba,at_risk,qualified
KZN275,2023,303756573.0,356751132.0,-52994559.0,0.010800503921035912,1.0,521.6973036333275,0.030274163222557063,0.2835324261844248,4.800921447056226,at_risk,qualified,Mtubatuba,at_risk,qualified
KZN276,2018,11463462.0,18176485.0,-6713023.0,-5.10379339019618,1.0,0.0,0.0,0.7017039323059436,0.0,at_risk,qualified,Hlabisa Big Five,at_risk,qualified
KZN276,2019,139247119.0,178655409.0,-39408290.0,0.3691676639916343,1.0,0.0,0.02060554461018306,0.07347803278656959,0.0,at_risk,qualified,Hlabisa Big Five,at_risk,qualified
KZN276,2020,151348263.0,169034963.0,-17686700.0,1.0963052182287283,1.0,189.1390958018461,0.011622601414122828,0.0927403699316336,8.371756364326428,at_risk,qualified,Hlabisa Big Five,not_at_risk,unqualified_emphasis_of_matter
KZN276,2021,232945444.0,203369861.0,29575583.0,3.068734299818398,1.0,158.84427670970032,0.028946511400723237,0.043452353050484706,3.29570182965244,not_at_risk,unqualified_emphasis_of_matter,Hlabisa Big Five,not_at_risk,unqualified_emphasis_of_matter
KZN276,2022,186074066.0,188786046.0,-2711980.0,4.221690706949813,1.0,203.31289388280473,0.022043430053087718,0.03847894033439315,4.337202745921616,not_at_risk,unqualified_emphasis_of_matter,Hlabisa Big Five,not_at_risk,unqualified_emphasis_of_matter
KZN276,2023,188744111.0,187987972.0,756139.0,5.164602041666793,1.0,215.76221729111325,0.03988211543661953,0.03736588530249159,5.114181517430231,not_at_risk,unqualified_emphasis_of_matter,Hlabisa Big Five,not_at_risk,unqualified_emphasis_of_matter
KZN281,2018,149337056.0,159371000.0,-10033944.0,0.032261779119162205,1.0,0.0,0.0,0.09657777763834073,0.0,not_at_risk,unqualified_emphasis_of_matter,Mfolozi,not_at_risk,unqualified_emphasis_of_matter
KZN281,2019,161534698.0,160605378.0,929320.0,0.38646192781912947,1.0,0.0,0.021122094678548062,0.19489617589269023,0.0,not_at_risk,unqualified_emphasis_of_matter,Mfolozi,not_at_risk,unqualified_emphasis_of_matter
KZN281,2020,172897258.0,178642388.0,-5745130.0,0.3422737945039114,1.0,79.51106445540044,0.04519673684612859,0.13822364488320654,7.387941849257089,not_at_risk,unqualified_emphasis_of_matter,Mfolozi,not_at_risk,unqualified_emphasis_of_matter
KZN281,2021,201938154.0,182250063.0,19688091.0,2.321072053621183,1.0,61.78235104595439,0.04777533053582538,0.2469224331626157,5.5673008974817115,not_at_risk,unqualified_emphasis_of_matter,Mfolozi,not_at_risk,unqualified_emphasis_of_matter
KZN281,2022,186773013.0,228949333.0,-42176320.0,1.1368352490461286,1.0,69.38105787799226,0.04277221895204211,0.23442067420218254,5.298039465690903,not_at_risk,unqualified_emphasis_of_matter,Mfolozi,not_at_risk,unqualified_emphasis_of_matter
KZN281,2023,208555262.0,236416236.0,-27860974.0,1.6644549742345107,1.4242219996322392,64.35274879326708,0.05476891612469458,0.14590917097588849,5.62656049407183,not_at_risk,unqualified_emphasis_of_matter,Mfolozi,not_at_risk,unqualified_emphasis_of_matter
KZN282,2018,2993243405.0,2845927445.0,147315960.0,11.332483007837187,1.0,0.0,0.0,0.0010673743651957368,0.0,not_at_risk,unqualified_emphasis_of_matter,uMhlathuze,not_at_risk,unqualified_emphasis_of_matter
KZN282,2019,2998012866.0,3200107395.0,-202094529.0,1.7292722127533473,1.0,0.0,0.06602859089358781,0.03911161050268439,0.0,not_at_risk,unqualified_emphasis_of_matter,uMhlathuze,not_at_risk,unqualified
KZN282,2020,3204253368.0,3317005395.0,-112752027.0,2.169869077345893,0.9143127885602963,168.14065753991275,0.03848240108153336,0.01587497779755646,1.0164151432359514,not_at_risk,unqualified,uMhlathuze,not_at_risk,unqualified
KZN282,2021,3577766306.0,3632188572.0,-54422266.0,2.7113910967946295,0.9868037897623932,161.30691206330567,0.044788294928868023,0.0034361715402699087,0.8484001749665983,not_at_risk,unqualified,uMhlathuze,not_at_risk,unqualified
KZN282,2022,4274472210.0,4216801821.0,57670389.0,1.9486047447331531,1.0454000778442236,155.16317985022062,0.048861688252434476,0.0,0.7821951744540644,not_at_risk,unqualified,uMhlathuze,not_at_risk,unqualified
KZN282,2023,4615444673.0,4773587782.0,-158143109.0,1.2446211066659716,1.0631895740608082,120.10655614243997,0.05223103552010893,8.48537868157297e-05,0.9052098014392123,not_at_risk,unqualified,uMhlathuze,not_at_risk,unqualified
KZN284,2018,367145376.0,390464981.0,-23319605.0,3.066215384882364,1.0,0.0,0.0,0.00781605815759442,0.0,not_at_risk,unqualified_emphasis_of_matter,uMlalazi,not_at_risk,unqualified_emphasis_of_matter
KZN284,2019,403520952.0,449327835.0,-45806883.0,3.0230160924706566,1.0,0.0,0.016842085912616565,0.12850008947253402,0.0,not_at_risk,unqualified_emphasis_of_matter,uMlalazi,not_at_risk,unqualified_emphasis_of_matter
KZN284,2020,437502178.0,458638083.0,-21135905.0,3.3064346206941564,1.0,0.0,0.0664724956998392,0.11668782201847813,3.6639905733223572,not_at_risk,unqualified_emphasis_of_matter,uMlalazi,not_at_risk,unqualified_emphasis_of_matter
KZN284,2021,429648386.0,429135100.0,513286.0,4.0974472607810455,1.0,111.86284650677125,0.07415724558536461,0.08188232330564431,3.211071138528611,not_at_risk,unqualified_emphasis_of_matter,uMlalazi,not_at_risk,unqualified_emphasis_of_matter
KZN284,2022,415347728.0,471244247.0,-55896519.0,2.535253978389682,0.9763583489944411,0.0,0.07316386188158601,0.039700565299421044,3.4797534561209877,not_at_risk,unqualified_emphasis_of_matter,uMlalazi,not_at_risk,unqualified
KZN284,2023,432117271.0,497581200.0,-65463929.0,1.7764483867155754,0.9684843881792125,100.57588259414885,0.074280155681123,0.016331260103878524,3.556733111924147,not_at_risk,unqualified,uMlalazi,not_at_risk,unqualified
KZN285,2018,8748605.0,26167415.0,-17418810.0,-0.5515610922974241,1.0,0.0,0.0,1.3850623762415966,0.0,not_at_risk,unqualified_emphasis_of_matter,Mthonjaneni,not_at_risk,unqualified_emphasis_of_matter
KZN285,2019,116612120.0,154084896.0,-37472776.0,0.6524171194560173,1.0,0.0,0.028342972694740957,0.15281240154778053,0.0,not_at_risk,unqualified_emphasis_of_matter,Mthonjaneni,not_at_risk,unqualified_emphasis_of_matter
KZN285,2020,128229538.0,155879561.0,-27650023.0,0.31014344465596744,0.9997255126862026,166.48912608575412,0.030346043892181606,0.15369822602977437,13.60716740631164,not_at_risk,unqualified_emphasis_of_matter,Mthonjaneni,not_at_risk,unqualified_emphasis_of_matter
KZN285,2021,155577738.0,163996147.0,-8418409.0,0.18387622240905452,1.0,180.55353963945663,0.06198707217188462,0.14845359141272996,-0.21885105438414332,not_at_risk,unqualified_emphasis_of_matter,Mthonjaneni,not_at_risk,unqualified_emphasis_of_matter
KZN285,2022,148322577.0,197528462.0,-49205885.0,0.08525199776020126,1.0446423848135806,179.78943852897052,0.06691041820595961,0.24763461682802956,5.694660267398132,not_at_risk,unqualified_emphasis_of_matter,Mthonjaneni,not_at_risk,unqualified_emphasis_of_matter
KZN285,2023,160138224.0,214030563.0,-53892339.0,0.08334469502843853,0.8558227837893332,168.7402203548854,0.06052868720435969,0.2993369082526779,6.103882131226833,not_at_risk,unqualified_emphasis_of_matter,Mthonjaneni,not_at_risk,unqualified_emphasis_of_matter
KZN286,2018,124363499.0,135050626.0,-10687127.0,0.1344183032517006,1.0,0.0,0.0,0.07949256007150977,0.0,not_at_risk,unqualified_emphasis_of_matter,Nkandla,not_at_risk,unqualified_emphasis_of_matter
KZN286,2019,137283367.0,158719144.0,-21435777.0,0.3982815582725169,1.0,0.0,0.03725406306374737,0.030700348283128343,0.0,not_at_risk,unqualified_emphasis_of_matter,Nkandla,not_at_risk,unqualified_emphasis_of_matter
KZN286,2020,176979222.0,168609549.0,8369673.0,1.4986755465433337,1.0,149.01356115126327,0.02110612371070395,0.011613440707323166,6.160913194657393,not_at_risk,unqualified_emphasis_of_matter,Nkandla,not_at_risk,unqualified_emphasis_of_matter
KZN286,2021,198001833.0,193321797.0,4680036.0,1.7043752184860976,1.0,165.95703048365215,0.029046600472061618,0.04861073684308863,2.175874392031512,not_at_risk,unqualified_emphasis_of_matter,Nkandla,not_at_risk,unqualified_emphasis_of_matter
KZN286,2022,186290313.0,237340666.0,-51050353.0,0.1294344054802644,1.0,181.5075823615155,0.06925709056533953,0.048821924178808866,3.9136656558196883,not_at_risk,unqualified_emphasis_of_matter,Nkandla,not_at_risk,unqualified_emphasis_of_matter
KZN286,2023,200290552.0,232524503.0,-32233951.0,0.04907147355562781,1.0,227.78367336568127,0.04872046968744623,0.05280448228718502,4.680792412015521,not_at_risk,unqualified_emphasis_of_matter,Nkandla,not_at_risk,unqualified_emphasis_of_matter
KZN291,2018,50618086.0,35121079.0,15497007.0,-4.880369649235434,1.0,0.0,0.0,0.3063676659820161,0.0,not_at_risk,unqualified_emphasis_of_matter,Mandeni,not_at_risk,unqualified_emphasis_of_matter
KZN291,2019,250001715.0,265909195.0,-15907480.0,2.7363279709075123,1.0,0.0,0.06196801505867445,0.08188176418645471,0.0,not_at_risk,unqualified_emphasis_of_matter,Mandeni,not_at_risk,unqualified_emphasis_of_matter
KZN291,2020,293445847.0,286257233.0,7188614.0,4.660586068055789,1.0,653.1378366210104,0.031591676846817004,0.05429687780151218,5.159932633158036,not_at_risk,unqualified_emphasis_of_matter,Mandeni,not_at_risk,unqualified_emphasis_of_matter
KZN291,2021,333930507.0,301884631.0,32045876.0,7.235328876348131,1.0,359.3525350620331,0.0709205862155997,0.03425934591549313,2.8290301670461035,not_at_risk,unqualified_emphasis_of_matter,Mandeni,not_at_risk,unqualified_emphasis_of_matter
KZN291,2022,341566840.0,306106162.0,35460678.0,8.16057669561059,1.0,0.0,0.0598474067960775,0.04853483478715466,3.6055862507027907,not_at_risk,unqualified_emphasis_of_matter,Mandeni,not_at_risk,unqualified_emphasis_of_matter
KZN291,2023,467275458.0,340533543.0,126741915.0,8.972252944844263,1.0,308.78584561785397,0.054846174140325436,0.04200032946534139,3.2318958082322395,not_at_risk,unqualified_emphasis_of_matter,Mandeni,not_at_risk,unqualified_emphasis_of_matter
KZN292,2018,1506679357.0,1345345619.0,161333738.0,4.493468127910111,1.0,0.0,0.0,0.0949120985690741,0.0,not_at_risk,unqualified_emphasis_of_matter,KwaDukuza,not_at_risk,unqualified_emphasis_of_matter
KZN292,2019,1648762401.0,1463365737.0,185396664.0,5.724242920414912,1.0,0.0,0.03026881105663061,0.1251465476945221,0.0,not_at_risk,unqualified_emphasis_of_matter,KwaDukuza,not_at_risk,unqualified_emphasis_of_matter
KZN292,2020,1725377371.0,1611146217.0,114231154.0,5.803210356295055,1.0,130.89338893386935,0.024154902012844436,0.09653665778988699,0.9523020561279866,not_at_risk,unqualified_emphasis_of_matter,KwaDukuza,not_at_risk,unqualified_emphasis_of_matter
KZN292,2021,1859005596.0,1683056055.0,175949541.0,6.944041751479276,0.9952652898499609,120.04284172687342,0.025826200423253284,0.04085060018990277,0.7204825154275651,not_at_risk,unqualified_emphasis_of_matter,KwaDukuza,not_at_risk,unqualified_emphasis_of_matter
KZN292,2022,2077794808.0,2003528788.0,74266020.0,5.592875779531848,0.9959285755128393,114.06778134080312,0.028440735836334784,0.040761648392146785,0.7265451343836451,not_at_risk,unqualified_emphasis_of_matter,KwaDukuza,not_at_risk,unqualified_emphasis_of_matter
KZN292,2023,2225253223.0,2169314064.0,55939159.0,10.335204935084032,0.9924338833446531,136.11409151523785,0.030658782471250322,0.024028575145032573,4.973411149621779,not_at_risk,unqualified_emphasis_of_matter,KwaDukuza,not_at_risk,unqualified_emphasis_of_matter
KZN293,2018,-136895.0,16912889.0,-17049784.0,-14.722319291517847,1.0,-0.0,0.0,0.19718742315402177,-0.0,not_at_risk,unqualified_emphasis_of_matter,Ndwedwe,not_at_risk,unqualified_emphasis_of_matter
KZN293,2019,8314543.0,20836772.0,-12522229.0,-18.353738669310196,1.0,0.0,0.047161911643511766,1.518126800062889,0.0,not_at_risk,unqualified_emphasis_of_matter,Ndwedwe,not_at_risk,unqualified_emphasis_of_matter
KZN293,2020,178742259.0,173723749.0,5018510.0,7.601985218497673,0.8536676793526174,82.4556904867136,0.04700436783689258,0.3304686568789164,7.768827661510086,not_at_risk,unqualified_emphasis_of_matter,Ndwedwe,not_at_risk,unqualified_emphasis_of_matter
KZN293,2021,220613531.0,216593247.0,4020284.0,6.18082854633044,0.9114345471819234,82.6498456252894,0.1040124441183524,0.0,5.107881293101646,not_at_risk,unqualified_emphasis_of_matter,Ndwedwe,not_at_risk,unqualified_emphasis_of_matter
KZN293,2022,200019838.0,201450985.0,-1431147.0,6.175203938566,0.9466132514406099,72.84227432480972,0.027126131947183083,0.04359115444384648,6.304198336566996,not_at_risk,unqualified_emphasis_of_matter,Ndwedwe,not_at_risk,unqualified_emphasis_of_matter
KZN293,2023,220275432.0,230268508.0,-9993076.0,4.1876916317189155,0.9791242679534843,82.0810075405958,0.027481200338519585,0.013483324432709661,5.677785691506441,not_at_risk,unqualified_emphasis_of_matter,Ndwedwe,not_at_risk,unqualified_emphasis_of_matter
KZN294,2018,4370023.0,4485150.0,-115127.0,-42.10487140898298,1.0,0.0,0.0,0.7014545778847976,0.0,not_at_risk,unqualified_emphasis_of_matter,Maphumulo,not_at_risk,unqualified_emphasis_of_matter
KZN294,2019,11579051.0,24625767.0,-13046716.0,-3.486780005674544,1.0,0.0,0.01861140000228216,0.2728848201966664,0.0,not_at_risk,unqualified_emphasis_of_matter,Maphumulo,not_at_risk,unqualified_emphasis_of_matter
KZN294,2020,119062316.0,134034189.0,-14971873.0,1.4883590633730026,1.0,60.275245107780364,0.03058477863435276,0.2540483532899207,9.973809849289342,not_at_risk,unqualified_emphasis_of_matter,Maphumulo,not_at_risk,unqualified_emphasis_of_matter
KZN294,2021,137012925.0,143904767.0,-6891842.0,0.6824620896679539,1.0,13.11154787039252,0.045692885212065285,0.001108649861474012,5.5545427849233935,not_at_risk,unqualified_emphasis_of_matter,Maphumulo,not_at_risk,unqualified_emphasis_of_matter
KZN294,2022,130430523.0,145023152.0,-14592629.0,0.5210669535027069,1.0,9.600656435303875,0.037540536975778874,0.0040466917999410195,6.8279997006528905,not_at_risk,unqualified_emphasis_of_matter,Maphumulo,not_at_risk,unqualified_emphasis_of_matter
KZN294,2023,168878667.0,177715906.0,-8837239.0,1.153396387603032,1.0,6.565789745367898,0.02637743072924491,0.09569060745750017,5.851751873432303,not_at_risk,unqualified_emphasis_of_matter,Maphumulo,not_at_risk,unqualified_emphasis_of_matter
KZN433,2018,282679389.0,302128596.0,-19449207.0,4.538291449909627,1.0,0.0,0.0,0.09475506912957024,0.0,not_at_risk,unqualified_emphasis_of_matter,Greater Kokstad,not_at_risk,unqualified_emphasis_of_matter
KZN433,2019,354574038.0,372493890.0,-17919852.0,3.739269870976944,1.0,0.0,0.04625693323452903,0.6066367182559692,0.0,not_at_risk,unqualified_emphasis_of_matter,Greater Kokstad,not_at_risk,unqualified_emphasis_of_matter
KZN433,2020,358349857.0,383947495.0,-25597638.0,3.6672798711709267,0.9981016421537375,143.51831598470542,0.056906244433239495,0.09308270652996446,2.509168597212528,not_at_risk,unqualified_emphasis_of_matter,Greater Kokstad,not_at_risk,unqualified_emphasis_of_matter
KZN433,2021,383415508.0,414658514.0,-31243006.0,1.4636032192986639,0.9787655897355925,156.98749386527163,0.05375368706405001,0.11988986918522551,1.3369306491379582,not_at_risk,unqualified_emphasis_of_matter,Greater Kokstad,not_at_risk,unqualified_emphasis_of_matter
KZN433,2022,428462424.0,427042806.0,1419618.0,1.9953016138621007,0.9989133242131961,132.60006284705145,0.0417405696795651,0.05129904705618668,1.6432922995366332,not_at_risk,unqualified_emphasis_of_matter,Greater Kokstad,not_at_risk,unqualified_emphasis_of_matter
KZN433,2023,451296049.0,444854395.0,6441654.0,3.5663119749553105,0.9954597006080192,129.69949302613992,0.05312176807874406,0.022283037127238003,1.798101144023089,not_at_risk,unqualified_emphasis_of_matter,Greater Kokstad,not_at_risk,unqualified_emphasis_of_matter
KZN434,2019,16378227.0,44876971.0,-28498744.0,-3.2895543685423867,1.0,0.0,-0.011430272332773975,0.012924223428537546,0.0,at_risk,qualified,Johannes Phumani Phungula,at_risk,qualified
KZN434,2020,159366798.0,164162671.0,-4795873.0,10.880970765881361,1.0,346.486123539986,0.0029751708900983952,1.6682107347047246,8.20116618017261,at_risk,qualified,Johannes Phumani Phungula,not_at_risk,unqualified_emphasis_of_matter
KZN434,2021,183692022.0,187817624.0,-4125602.0,10.256028390605133,1.0,219.41332392214616,0.0046838096514307944,0.35425552502996205,4.829149368283398,not_at_risk,unqualified_emphasis_of_matter,Johannes Phumani Phungula,not_at_risk,unqualified_emphasis_of_matter
KZN434,2022,169986341.0,179642061.0,-9655720.0,11.116467050553378,1.0,261.61188639268374,0.01461639320648854,0.29657501535790104,5.51355330367397,not_at_risk,unqualified_emphasis_of_matter,Johannes Phumani Phungula,not_at_risk,unqualified_emphasis_of_matter
KZN434,2023,193975881.0,207367823.0,-13391942.0,10.548782585232617,1.0,263.58880978609915,0.014654896579591329,0.03672069219726534,4.048647429522436,not_at_risk,unqualified_emphasis_of_matter,Johannes Phumani Phungula,not_at_risk,unqualified_emphasis_of_matter
KZN435,2018,196141294.0,217097234.0,-20955940.0,11.407794665868474,0.9563319672472234,0.0,0.0,0.012018107978289581,0.0,not_at_risk,unqualified_emphasis_of_matter,Umzimkhulu,at_risk,qualified
KZN435,2019,204696443.0,241376114.0,-36679671.0,9.089603853677087,0.8796205550169021,0.0,0.04760401437235832,0.1677820780559919,0.0,at_risk,qualified,Umzimkhulu,not_at_risk,unqualified_emphasis_of_matter
KZN435,2020,225866871.0,226283545.0,-416674.0,12.185011720582688,0.8302287446671559,34.107864937837654,0.04317028001306945,0.02417806385347198,8.541008681171308,not_at_risk,unqualified_emphasis_of_matter,Umzimkhulu,not_at_risk,unqualified_emphasis_of_matter
KZN435,2021,274951230.0,259602816.0,15348414.0,9.729492564518253,0.8351343041031652,37.203039026230215,0.042373781492416475,0.08237790841221075,5.147500434895308,not_at_risk,unqualified_emphasis_of_matter,Umzimkhulu,not_at_risk,unqualified_emphasis_of_matter
KZN435,2022,244711349.0,274379958.0,-29668609.0,7.991506143462563,0.8281407857038894,39.6841127707567,0.03834862092952139,0.09424261592750882,5.924022837208094,not_at_risk,unqualified_emphasis_of_matter,Umzimkhulu,not_at_risk,unqualified_emphasis_of_matter
KZN435,2023,277033973.0,312671819.0,-35637846.0,7.060799643091595,0.9181446698871549,37.02563396439468,0.06318724873634998,0.0610052004718724,5.977530994005562,not_at_risk,unqualified_emphasis_of_matter,Umzimkhulu,not_at_risk,unqualified_emphasis_of_matter
KZN436,2018,166083533.0,135381518.0,30702015.0,-0.2753375242845187,1.084057102422658,0.0,0.0,0.08023553111584995,0.0,not_at_risk,unqualified_emphasis_of_matter,Dr Nkosazana Dlamini Zuma,not_at_risk,unqualified_emphasis_of_matter
KZN436,2019,178100551.0,156244964.0,21855587.0,2.5228516421175664,1.0,0.0,0.04756796513454347,0.0595256945369452,0.0,not_at_risk,unqualified_emphasis_of_matter,Dr Nkosazana Dlamini Zuma,not_at_risk,unqualified_emphasis_of_matter
KZN436,2020,194682363.0,169614047.0,25068316.0,0.1781312605553242,1.0,214.8716488765857,0.02659002647345594,0.2693155066337165,5.849871824290524,not_at_risk,unqualified_emphasis_of_matter,Dr Nkosazana Dlamini Zuma,not_at_risk,unqualified_emphasis_of_matter
KZN436,2021,222381118.0,166042910.0,56338208.0,11.503703398115585,1.0,219.6661523439234,0.03504915084901849,0.06644621561980575,4.212794811113414,not_at_risk,unqualified_emphasis_of_matter,Dr Nkosazana Dlamini Zuma,not_at_risk,unqualified_emphasis_of_matter
KZN436,2022,206993448.0,221066156.0,-14072708.0,9.783584855928828,1.0,257.8311602162403,0.0660253259209881,0.0006167746455047602,5.20380829638627,not_at_risk,unqualified_emphasis_of_matter,Dr Nkosazana Dlamini Zuma,not_at_risk,unqualified_emphasis_of_matter
KZN436,2023,234299216.0,230151431.0,4147785.0,8.303528123620486,1.0,256.93817304535924,0.07106161334273868,0.007016476034858979,4.36716786111653,not_at_risk,unqualified_emphasis_of_matter,Dr Nkosazana Dlamini Zuma,not_at_risk,unqualified_emphasis_of_matter
LIM331,2018,12373692.0,307529280.0,-295155588.0,-7.025795085267978,-10.65263757899617,0.0,0.0,0.009527544824349733,0.0,at_risk,qualified,Greater Giyani,at_risk,qualified
LIM331,2019,20210892.0,145385765.0,-125174873.0,-3.093966620459713,1.0,0.0,0.014055083040626432,0.0,0.0,at_risk,qualified,Greater Giyani,not_at_risk,unqualified_emphasis_of_matter
LIM331,2020,407356570.0,389325249.0,18031321.0,7.733655496872231,0.4416789316138431,711.091740486719,0.02190302073113167,0.0679608760745954,7.299262589529365,not_at_risk,unqualified_emphasis_of_matter,Greater Giyani,at_risk,qualified
LIM331,2021,501132741.0,419225334.0,81907407.0,9.702724978925056,0.5182167753425312,699.5528451512611,0.028499229485973766,0.02527679064357308,4.219335730849803,at_risk,qualified,Greater Giyani,not_at_risk,unqualified_emphasis_of_matter
LIM331,2022,480229125.0,445402702.0,34826423.0,9.938352210535085,0.9892640242625482,802.0248866205272,0.05897436607827314,0.014103461815101427,4.464714629709308,not_at_risk,unqualified_emphasis_of_matter,Greater Giyani,not_at_risk,unqualified_emphasis_of_matter
LIM331,2023,550198480.0,562233257.0,-12034777.0,8.471456991737506,-0.284703193223283,795.2789038693818,0.020663505503019364,0.025546873688405806,4.645054879104719,not_at_risk,unqualified_emphasis_of_matter,Greater Giyani,not_at_risk,unqualified_emphasis_of_matter
LIM332,2018,302755383.0,134282953.0,168472430.0,-2.2452557176040058,0.9823966077655122,0.0,0.0,0.71771250815433,0.0,not_at_risk,unqualified_emphasis_of_matter,Greater Letaba,not_at_risk,unqualified_emphasis_of_matter
LIM332,2019,297837.0,-68841502.0,69139339.0,0.008291916698737922,1.0,0.0,-0.0,-0.6748662166028858,0.0,not_at_risk,unqualified_emphasis_of_matter,Greater Letaba,not_at_risk,unqualified_emphasis_of_matter
LIM332,2020,356575652.0,333441586.0,23134066.0,0.03281529497043599,0.46903425804439886,0.0,0.044903103357959676,0.08560765123040172,6.238454587471384,not_at_risk,unqualified_emphasis_of_matter,Greater Letaba,not_at_risk,unqualified_emphasis_of_matter
LIM332,2021,429986809.0,428647819.0,1338990.0,0.11713492936260571,-0.7195412542461629,531.3272540646707,0.0627022530120467,0.07902151019692928,4.592195659658016,not_at_risk,unqualified_emphasis_of_matter,Greater Letaba,not_at_risk,unqualified_emphasis_of_matter
LIM332,2022,387631173.0,418840556.0,-31209383.0,0.042057474491558076,-0.33729562151192066,611.767310700783,0.03596775618834772,0.051374755122806204,5.282854766688231,not_at_risk,unqualified_emphasis_of_matter,Greater Letaba,not_at_risk,unqualified_emphasis_of_matter
LIM332,2023,448187952.0,457444729.0,-9256777.0,0.08443042306866322,0.4311554376672989,557.1243689299349,0.04799459171383304,0.039920658917462354,5.577071786168853,not_at_risk,unqualified_emphasis_of_matter,Greater Letaba,not_at_risk,unqualified_emphasis_of_matter
LIM333,2018,156373107.0,92453582.0,63919525.0,0.9265941042716982,1.0089566099035292,0.0,0.0,0.1325304518758397,0.0,at_risk,qualified,Greater Tzaneen,at_risk,qualified
LIM333,2019,1051413139.0,1099186813.0,-47773674.0,0.2759921538469185,0.8557926197625773,0.0,0.055815664156807894,0.006766942536090997,0.0,at_risk,qualified,Greater Tzaneen,not_at_risk,unqualified_emphasis_of_matter
LIM333,2020,1236836572.0,1112101384.0,124735188.0,0.7576550268909655,0.9657750160592657,0.0,0.032464552710241026,0.042954933504515805,3.447699693343156,not_at_risk,unqualified_emphasis_of_matter,Greater Tzaneen,not_at_risk,unqualified_emphasis_of_matter
LIM333,2021,1244726002.0,1125256987.0,119469015.0,1.1001269561545945,1.0671826809656262,0.0,0.04016977323598703,0.026274239877259256,2.4971777555909047,not_at_risk,unqualified_emphasis_of_matter,Greater Tzaneen,not_at_risk,unqualified_emphasis_of_matter
LIM333,2022,1957054809.0,1428547901.0,528506908.0,1.2386949676390304,0.7783818223568569,359.5909561212498,0.0673222416501944,0.0480975373327716,1.7345192124356084,not_at_risk,unqualified_emphasis_of_matter,Greater Tzaneen,not_at_risk,unqualified_emphasis_of_matter
LIM333,2023,1459690923.0,1457859393.0,1831530.0,1.459494314895154,0.8392125466307483,545.376688627254,0.04517946471124462,0.07861198723984214,2.4126640581980245,not_at_risk,unqualified_emphasis_of_matter,Greater Tzaneen,not_at_risk,unqualified_emphasis_of_matter
LIM334,2018,397971658.0,563826614.0,-165854956.0,-2.529939205743133,1.0,0.0,0.0,0.06626334243952521,0.0,at_risk,qualified,Ba-Phalaborwa,at_risk,qualified
LIM334,2019,463099963.0,523942359.0,-60842396.0,0.6755839262081881,1.0,0.0,0.030565667625281658,0.0677642041917821,0.0,at_risk,qualified,Ba-Phalaborwa,at_risk,qualified
LIM334,2021,593673855.0,433870502.0,159803353.0,2.0794736305903556,1.0,2314.6560315006627,0.054845795900639496,0.0658111783778285,1.9416308841830334,at_risk,qualified,Ba-Phalaborwa,at_risk,qualified
LIM334,2022,553068992.0,626221526.0,-73152534.0,1.0331499974659129,1.0,1741.5326731786836,0.026768228660347903,0.06475214651116927,2.270594070838815,at_risk,qualified,Ba-Phalaborwa,at_risk,qualified
LIM334,2023,562020403.0,448700020.0,113320383.0,0.9552455558170021,0.9958586626391168,2819.384856789621,0.057705798631343945,0.048961319413357726,2.3908622192849465,at_risk,qualified,Ba-Phalaborwa,at_risk,qualified
LIM335,2018,196161661.0,150811464.0,45350197.0,10.555273702534974,1.0,0.0,0.0,0.03450925985308385,0.0,not_at_risk,unqualified_emphasis_of_matter,Maruleng,not_at_risk,unqualified_emphasis_of_matter
LIM335,2019,219980315.0,187107990.0,32872325.0,8.843623556642344,1.0,0.0,0.013421131828736978,0.092095586083737,0.0,not_at_risk,unqualified_emphasis_of_matter,Maruleng,not_at_risk,unqualified_emphasis_of_matter
LIM335,2021,304220331.0,217940131.0,86280200.0,6.821951189888933,0.9957868595180406,0.0,0.011937723392485252,0.2401131942056142,2.6993944727513957,not_at_risk,unqualified_emphasis_of_matter,Maruleng,not_at_risk,unqualified_emphasis_of_matter
LIM335,2022,293493332.0,212991656.0,80501676.0,8.718568637261546,0.9999178963683363,464.29590080090816,0.010902708789681413,0.37618488679199713,3.510649454891193,not_at_risk,unqualified_emphasis_of_matter,Maruleng,not_at_risk,unqualified_emphasis_of_matter
LIM335,2023,324107619.0,250631341.0,73476278.0,7.2162707695842405,1.0,489.47266123972236,0.01701260098991371,0.1509283749154101,3.9325571608978436,not_at_risk,unqualified_emphasis_of_matter,Maruleng,not_at_risk,unqualified_emphasis_of_matter
LIM341,2018,325228689.0,401151068.0,-75922379.0,0.7268310201781639,1.0,0.0,0.0,0.054180855377904666,0.0,at_risk,qualified,Musina,at_risk,qualified
LIM341,2020,345114422.0,394464716.0,-49350294.0,0.7118019143694464,1.0,201.70847458817587,0.0,0.03156482822154365,3.2648770093995085,not_at_risk,unqualified_emphasis_of_matter,Musina,not_at_risk,unqualified_emphasis_of_matter
LIM341,2021,397512676.0,405442714.0,-7930038.0,0.6867798739133341,1.0,202.68491045553475,0.0004289656565390888,0.05717726376506053,2.9457458307568536,not_at_risk,unqualified_emphasis_of_matter,Musina,at_risk,qualified
LIM341,2022,376383201.0,448825854.0,-72442653.0,0.4397092418833787,1.0,243.17509043130752,0.0011428129539079537,0.06972915379335523,2.9263208269489156,at_risk,qualified,Musina,not_at_risk,unqualified_emphasis_of_matter
LIM341,2023,780678300.0,436975542.0,343702758.0,0.646709220169581,1.0,126.46467944606631,0.014915882866506061,0.07615751409720775,1.436427783377609,not_at_risk,unqualified_emphasis_of_matter,Musina,not_at_risk,unqualified_emphasis_of_matter
LIM343,2018,562891163.0,628799277.0,-65908114.0,9.16530357270115,0.041440976117173095,0.0,0.0,0.001418457419759406,0.0,not_at_risk,unqualified_emphasis_of_matter,Thulamela,not_at_risk,unqualified_emphasis_of_matter
LIM343,2019,31210979.0,158605045.0,-127394066.0,-6.057968635234774,,0.0,0.09133274417594976,0.18777042054368448,0.0,not_at_risk,unqualified_emphasis_of_matter,Thulamela,not_at_risk,unqualified_emphasis_of_matter
LIM343,2020,707263737.0,592180531.0,115083206.0,13.118907321861954,0.3651178027245761,623.5447840725361,0.018140804092054826,0.027495731702803988,5.552172804244876,not_at_risk,unqualified_emphasis_of_matter,Thulamela,not_at_risk,unqualified_emphasis_of_matter
LIM343,2021,801714631.0,606874356.0,194840275.0,17.623911859607393,0.39708437210954534,623.0115308198734,0.03620109794192721,0.0003068476994602158,4.091717448025468,not_at_risk,unqualified_emphasis_of_matter,Thulamela,not_at_risk,unqualified_emphasis_of_matter
LIM343,2022,749219251.0,686485984.0,62733267.0,17.27761014272944,2.2316562551241432,541.117213110692,0.05420732085915391,0.0021971417263487785,4.978162449806032,not_at_risk,unqualified_emphasis_of_matter,Thulamela,not_at_risk,unqualified_emphasis_of_matter
LIM343,2023,829146970.0,836738037.0,-7591067.0,14.721732488898434,0.48142863080717757,485.95804976529064,0.14800410465862449,0.042060081463704276,5.010674278891714,not_at_risk,unqualified_emphasis_of_matter,Thulamela,at_risk,qualified
LIM344,2018,729308076.0,944418094.0,-215110018.0,0.45035464981254375,0.818113587969239,0.0,0.0,0.03548393260665334,0.0,at_risk,qualified,Makhado,at_risk,qualified
LIM344,2019,794304166.0,905489924.0,-111185758.0,1.4985220354588948,1.0,0.0,0.027129686757287427,0.015687090075228713,0.0,at_risk,qualified,Makhado,not_at_risk,unqualified_emphasis_of_matter
LIM344,2020,857585592.0,932286961.0,-74701369.0,1.849021719826456,1.0676518371225818,0.0,0.02311462768597061,0.006794005778227333,2.9680320538780696,not_at_risk,unqualified_emphasis_of_matter,Makhado,not_at_risk,unqualified_emphasis_of_matter
LIM344,2021,1065613659.0,951908613.0,113705046.0,2.5941956384000067,1.123984561983869,247.0729412637906,0.019676022198151913,0.0,2.434369456594963,not_at_risk,unqualified_emphasis_of_matter,Makhado,not_at_risk,unqualified_emphasis_of_matter
LIM344,2022,1007999502.0,1113273563.0,-105274061.0,2.1700729167499326,0.8487102590722759,356.7773541519071,0.03472721645865581,0.0,3.0487583197238526,not_at_risk,unqualified_emphasis_of_matter,Makhado,not_at_risk,unqualified_emphasis_of_matter
LIM344,2023,1075893315.0,1191149704.0,-115256389.0,1.4768471923324258,0.9297251323559936,310.4197140959092,0.027436134929350577,0.0005821434515505702,2.9166311866153753,not_at_risk,unqualified_emphasis_of_matter,Makhado,not_at_risk,unqualified_emphasis_of_matter
LIM345,2018,351319675.0,165907165.0,185412510.0,18.12073550892151,1.0,0.0,0.0,0.27381952431047807,0.0,at_risk,disclaimer,Collins Chabane,at_risk,qualified
LIM345,2019,396241008.0,279091305.0,117149703.0,14.333665923415278,1.0,0.0,0.01321190568799698,0.37593010287439804,0.0,at_risk,qualified,Collins Chabane,not_at_risk,unqualified_emphasis_of_matter
LIM345,2020,432751862.0,364651350.0,68100512.0,16.33633590003163,1.0,310.1759589193865,0.0055036982586242995,0.21991991528346186,7.356732718113642,not_at_risk,unqualified_emphasis_of_matter,Collins Chabane,not_at_risk,unqualified_emphasis_of_matter
LIM345,2021,539771198.0,375426284.0,164344914.0,13.527901195111847,1.0,284.6764485755314,0.05166990918515444,0.2193278294814329,5.029734387569157,not_at_risk,unqualified_emphasis_of_matter,Collins Chabane,not_at_risk,unqualified_emphasis_of_matter
LIM345,2022,519061008.0,425568583.0,93492425.0,11.581051245035162,1.0,331.4598560830445,0.05177260230227098,0.035037377277448135,5.774908833067268,not_at_risk,unqualified_emphasis_of_matter,Collins Chabane,not_at_risk,unqualified_emphasis_of_matter
LIM345,2023,593673986.0,548134285.0,45539701.0,5.161481778137633,1.0,314.9673321208991,0.02159548002001006,0.010410740864348596,5.673521221123541,not_at_risk,unqualified_emphasis_of_matter,Collins Chabane,at_risk,qualified
LIM351,2018,262159676.0,294724741.0,-32565065.0,-1.0395759479181288,1.0,0.0,0.0,0.04736285780636244,0.0,at_risk,qualified,Blouberg,at_risk,qualified
LIM351,2019,239245801.0,275634161.0,-36388360.0,0.4638416934104187,1.0,0.0,0.006721967963905606,0.09176217094513187,0.0,at_risk,qualified,Blouberg,not_at_risk,unqualified_emphasis_of_matter
LIM351,2020,259944478.0,300612710.0,-40668232.0,1.6569264286929184,1.0,298.30810289418804,0.011138457851632422,0.03806369996797541,6.944041934985824,not_at_risk,unqualified_emphasis_of_matter,Blouberg,not_at_risk,unqualified_emphasis_of_matter
LIM351,2021,306141415.0,322082089.0,-15940674.0,1.5398782761869134,1.0,315.82089107414623,0.04987776889387972,0.094033058758508,4.416923427364442,not_at_risk,unqualified_emphasis_of_matter,Blouberg,not_at_risk,unqualified_emphasis_of_matter
LIM351,2022,289568764.0,323994687.0,-34425923.0,3.3138513780628753,1.0,143.5138189317961,0.05169195567703862,0.025733878778080085,5.798055000158788,not_at_risk,unqualified_emphasis_of_matter,Blouberg,at_risk,qualified
LIM351,2023,319733052.0,409711274.0,-89978222.0,2.9828618091675945,0.9869281836213752,267.58045725907624,0.014233088933745084,0.011476603887644059,6.016948013244499,at_risk,qualified,Blouberg,at_risk,qualified
LIM353,2018,164901833.0,161157802.0,3744031.0,3.095931353047369,1.0,0.0,0.0,0.00033608053304176984,0.0,not_at_risk,unqualified_emphasis_of_matter,Molemole,not_at_risk,unqualified_emphasis_of_matter
LIM353,2019,166925749.0,194195001.0,-27269252.0,1.196541099428198,1.0,0.0,0.04048669615341952,0.0,0.0,not_at_risk,unqualified_emphasis_of_matter,Molemole,not_at_risk,unqualified_emphasis_of_matter
LIM353,2020,186566512.0,190407096.0,-3840584.0,1.4502168553634156,0.9995753082186102,423.4020465580661,0.03298306697561314,0.010680363509141488,6.6274106255467755,not_at_risk,unqualified_emphasis_of_matter,Molemole,not_at_risk,unqualified_emphasis_of_matter
LIM353,2021,256277888.0,221073899.0,35203989.0,4.860481897051085,1.0,284.20966337915195,0.08232225098630934,0.01041919471461441,4.500342870002113,not_at_risk,unqualified_emphasis_of_matter,Molemole,not_at_risk,unqualified_emphasis_of_matter
LIM353,2022,215749837.0,226772432.0,-11022595.0,5.570398945141621,1.0,388.72918138056343,0.06949718650104701,0.010923245732091457,5.343474414768619,not_at_risk,unqualified_emphasis_of_matter,Molemole,not_at_risk,unqualified_emphasis_of_matter
LIM353,2023,234767452.0,241655543.0,-6888091.0,5.5689413588166685,1.0,332.4940130542457,0.05357260520194233,0.016697460980648806,5.058350107237182,not_at_risk,unqualified_emphasis_of_matter,Molemole,not_at_risk,unqualified_emphasis_of_matter
LIM354,2018,304815675.0,1789038601.0,-1484222926.0,4.5557429534747076e-05,1.0,0.0,0.0,0.04999965174032597,0.0,at_risk,qualified,Polokwane,at_risk,outstanding
LIM354,2020,3877563982.0,4046735584.0,-169171602.0,1.2479982482591578,1.0,287.20713483252075,0.11276640974623164,0.00036063957471553943,5.345517981964791,at_risk,qualified,Polokwane,at_risk,qualified
LIM354,2021,3603342937.0,4324408002.0,-721065065.0,0.8684267077165583,1.0,307.9678238518989,0.145124296021502,0.016865800813953818,3.366041477056337,at_risk,qualified,Polokwane,not_at_risk,unqualified_emphasis_of_matter
LIM354,2022,4066551620.0,4944104750.0,-877553130.0,0.5647210690671551,1.0,320.36634164255366,0.16755046543057164,0.03382963801484991,3.2720938951218823,not_at_risk,unqualified_emphasis_of_matter,Polokwane,not_at_risk,unqualified_emphasis_of_matter
LIM354,2023,4169977110.0,5109414602.0,-939437492.0,0.433015721044436,1.0,329.43308788330495,0.14549652962376686,0.05006608054470033,3.2349357850551845,not_at_risk,unqualified_emphasis_of_matter,Polokwane,not_at_risk,unqualified_emphasis_of_matter
LIM355,2018,82481222.0,212625796.0,-130144574.0,-7.809967403955069,1.0,0.0,0.0,0.3340084144823143,0.0,at_risk,qualified,Lepelle-Nkumpi,at_risk,qualified
LIM355,2021,433809657.0,534191338.0,-100381681.0,6.626553611395323,1.0,1336.4176468067883,0.0048525627721803305,0.019193867946993928,3.784033857964577,not_at_risk,unqualified_emphasis_of_matter,Lepelle-Nkumpi,at_risk,qualified
LIM355,2022,410785558.0,330853952.0,79931606.0,14.66846160568153,1.0,1636.4209662891801,0.0059191736660893805,0.10343253811276826,4.379573256565169,at_risk,qualified,Lepelle-Nkumpi,not_at_risk,unqualified_emphasis_of_matter
LIM355,2023,446351491.0,370908448.0,75443043.0,17.695237742333656,1.0,1726.5520063200595,0.023007106055454418,0.19586374047754232,4.198765295487721,not_at_risk,unqualified_emphasis_of_matter,Lepelle-Nkumpi,not_at_risk,unqualified_emphasis_of_matter
LIM361,2018,153831029.0,243539324.0,-89708295.0,-4.244743046096326,0.9932680117166187,0.0,0.0,0.011236361976598079,0.0,at_risk,disclaimer,Thabazimbi,at_risk,outstanding
LIM361,2019,336867810.0,381200880.0,-44333070.0,1.0004355813659191,0.9686448467085006,0.0,0.026109095026223446,0.10360920730298419,0.0,at_risk,outstanding,Thabazimbi,at_risk,qualified
LIM361,2020,363622207.0,390732408.0,-27110201.0,-0.13824269217003365,0.7612737766394501,926.5463322486241,0.030442038480719007,0.15037197784730463,3.4601213176179857,at_risk,qualified,Thabazimbi,at_risk,qualified
LIM361,2021,396111798.0,433758560.0,-37646762.0,0.05564182986959382,0.8554620826004721,986.3639981003546,0.04404201498640165,0.13856087589372298,3.1456258821152305,at_risk,qualified,Thabazimbi,at_risk,qualified
LIM361,2022,428348153.0,474123074.0,-45774921.0,0.27605981479821423,0.7439165749359119,1056.295385636926,0.07191049512177929,0.01744962532660876,2.762808691275015,at_risk,qualified,Thabazimbi,at_risk,qualified
LIM361,2023,432772377.0,453359188.0,-20586811.0,0.05768726584184723,0.8076457356405651,1214.5689567197123,0.061610225929732344,0.0894928702757426,3.1295251314064343,at_risk,qualified,Thabazimbi,at_risk,disclaimer
LIM362,2019,536320407.0,530038407.0,6282000.0,0.03831304247354286,1.0,0.0,0.0635632862733285,0.21669047465837699,0.0,at_risk,qualified,Lephalale,not_at_risk,unqualified_emphasis_of_matter
LIM362,2020,378712435.0,442188198.0,-63475763.0,-0.76771679917156,1.0,0.0,0.0218355104086247,0.11769760983082592,4.973098345714473,not_at_risk,unqualified_emphasis_of_matter,Lephalale,not_at_risk,unqualified_emphasis_of_matter
LIM362,2021,610403005.0,602327944.0,8075061.0,1.4447029274803163,1.0,525.1350427575303,0.006225377781908123,0.03832416415334036,2.4551391354962284,not_at_risk,unqualified_emphasis_of_matter,Lephalale,not_at_risk,unqualified_emphasis_of_matter
LIM362,2022,605973991.0,688261792.0,-82287801.0,1.611963390813942,1.0,0.0,0.013959213066414124,0.10682060933000331,2.9723983945707,not_at_risk,unqualified_emphasis_of_matter,Lephalale,not_at_risk,unqualified_emphasis_of_matter
LIM362,2023,698456181.0,706940875.0,-8484694.0,1.5490999356912274,1.0,619.1435405738073,0.017929715833732207,0.007549632775159592,2.7827110946563445,not_at_risk,unqualified_emphasis_of_matter,Lephalale,not_at_risk,unqualified_emphasis_of_matter
LIM366,2018,328455459.0,461655848.0,-133200389.0,0.09388120650428759,1.0,0.0,0.0,0.06904118324956213,0.0,at_risk,qualified,Bela Bela,at_risk,qualified
LIM366,2019,348231475.0,380865974.0,-32634499.0,0.41232425766655645,1.0,0.0,0.04298905420204326,0.029214906974073772,0.0,at_risk,qualified,Bela Bela,at_risk,qualified
LIM366,2021,429869167.0,464922162.0,-35052995.0,0.3230676278236872,1.0,0.0,0.0373714901549477,0.031076823565145514,2.5224484593006413,at_risk,outstanding,Bela Bela,at_risk,qualified
LIM366,2022,445390361.0,471763602.0,-26373241.0,0.42811708055425607,0.9355164283625398,462.92224831062293,0.016720522665502287,0.16008272083695002,2.4462059384352055,at_risk,qualified,Bela Bela,at_risk,qualified
LIM366,2023,507705891.0,474637867.0,33068024.0,0.28471149353113034,0.9362692841509028,502.9293725291834,0.015628675071557237,0.14212268908582468,2.9227495806228494,at_risk,qualified,Bela Bela,at_risk,qualified
LIM367,2018,1034048638.0,1050240814.0,-16192176.0,1.7365026531905474,0.931917733316205,0.0,0.0,0.3558089030807748,0.0,at_risk,adverse,Mogalakwena,at_risk,outstanding
LIM367,2019,914138693.0,1120933625.0,-206794932.0,0.2943055223274259,1.0,0.0,0.07288470804861438,0.49174365074470844,0.0,at_risk,outstanding,Mogalakwena,at_risk,adverse
LIM367,2020,999036507.0,965302435.0,33734072.0,0.44644162531300363,1.0,750.2393996799158,0.08612476151062438,0.4526025328010283,5.844645220757683,at_risk,adverse,Mogalakwena,at_risk,qualified
LIM367,2021,1122952620.0,1632759487.0,-509806867.0,0.5367013004530776,1.0,748.7608112620104,0.031002047394626468,0.148459772507817,3.7346695268407673,at_risk,qualified,Mogalakwena,at_risk,qualified
LIM367,2022,1091407838.0,1614591567.0,-523183729.0,0.5070590734727899,0.6539927618195317,879.4087674400594,0.014212201691748338,0.18316420947837145,3.819169933430513,at_risk,qualified,Mogalakwena,at_risk,qualified
LIM367,2023,1223326790.0,1314000575.0,-90673785.0,0.368438870736415,0.9974960868398695,890.0179433412064,0.02268291320953189,0.414199336252193,3.78614307138651,at_risk,qualified,Mogalakwena,not_at_risk,unqualified_emphasis_of_matter
LIM368,2018,434960141.0,761082512.0,-326122371.0,-1.6634649936615546,0.9985634599910935,0.0,0.0,0.10030927106626253,0.0,at_risk,disclaimer,Modimolle-Mookgopong,at_risk,disclaimer
LIM368,2019,545710630.0,736310770.0,-190600140.0,-1.5859501443935147,1.0,0.0,0.01993989304271619,0.030219518587240004,0.0,at_risk,disclaimer,Modimolle-Mookgopong,at_risk,qualified
LIM368,2020,578068667.0,683270098.0,-105201431.0,-1.078981512813107,1.0,790.8690284713183,0.009183639117776818,0.07079980982864553,2.805872583299866,at_risk,qualified,Modimolle-Mookgopong,at_risk,qualified
LIM368,2021,832856763.0,866912654.0,-34055891.0,0.17179546672068763,1.0,0.0,0.010317192809138532,0.03811507635462431,1.6899303992324068,at_risk,qualified,Modimolle-Mookgopong,at_risk,qualified
LIM368,2022,811418298.0,838599923.0,-27181625.0,0.3462639812333968,0.5989944046067915,733.1123199910879,0.004380984184755285,0.05411361455610341,1.4467668980272368,at_risk,qualified,Modimolle-Mookgopong,at_risk,adverse
LIM471,2018,235655436.0,334126305.0,-98470869.0,3.3867668216065776,0.04993581062184202,0.0,0.0,0.06274985443004855,0.0,not_at_risk,unqualified_emphasis_of_matter,Ephraim Mogale,at_risk,qualified
LIM471,2019,245390895.0,246268578.0,-877683.0,2.0995269969033563,1.0,0.0,0.025299874026153673,0.09602494232942702,0.0,at_risk,qualified,Ephraim Mogale,not_at_risk,unqualified_emphasis_of_matter
LIM471,2020,270502172.0,258510648.0,11991524.0,8.50063019454425,1.0,377.9615897132242,0.021985384524663757,0.004250122803452181,4.407188493850615,not_at_risk,unqualified_emphasis_of_matter,Ephraim Mogale,not_at_risk,unqualified_emphasis_of_matter
LIM471,2021,322743713.0,268739904.0,54003809.0,12.178317277362725,0.8727337939845956,0.0,0.02819191674638687,0.02968453467930092,3.326185975929452,not_at_risk,unqualified_emphasis_of_matter,Ephraim Mogale,at_risk,qualified
LIM471,2022,312685677.0,290040797.0,22644880.0,8.527403336296858,0.9156102750726376,425.23855277195827,0.04033771497324909,0.1777402714832562,3.5630669453401285,at_risk,qualified,Ephraim Mogale,not_at_risk,unqualified_emphasis_of_matter
LIM471,2023,346973865.0,337039381.0,9934484.0,9.279386007417335,0.914566483815848,0.0,0.04440867994592003,0.16738773621234487,3.536710178445284,not_at_risk,unqualified_emphasis_of_matter,Ephraim Mogale,not_at_risk,unqualified_emphasis_of_matter
LIM472,2018,414563227.0,463090623.0,-48527396.0,0.1531902666057654,0.7331007023342432,0.0,0.0,0.17840562709903976,0.0,not_at_risk,unqualified_emphasis_of_matter,Elias Motsoaledi,at_risk,qualified
LIM472,2019,452501953.0,484344274.0,-31842321.0,0.5983395356502139,0.9053964417317532,0.0,0.02495648580744861,0.10288734413736457,0.0,at_risk,qualified,Elias Motsoaledi,at_risk,qualified
LIM472,2020,445592567.0,471096277.0,-25503710.0,0.049381090736151156,0.8936736293681309,184.98188945328613,0.02524063037755656,0.1753501185066678,5.8580887099941235,at_risk,qualified,Elias Motsoaledi,not_at_risk,unqualified_emphasis_of_matter
LIM472,2021,527579720.0,542773631.0,-15193911.0,0.1516019631395837,0.5529425438515058,178.5440947199411,0.03342567870619345,0.14256292970135095,3.8675788296032305,not_at_risk,unqualified_emphasis_of_matter,Elias Motsoaledi,not_at_risk,unqualified_emphasis_of_matter
LIM472,2022,507502477.0,530178691.0,-22676214.0,0.33315369138440154,0.8666600048134102,231.98094034130202,0.07023355640673985,0.1447421639207299,3.870180125248926,not_at_risk,unqualified_emphasis_of_matter,Elias Motsoaledi,not_at_risk,unqualified_emphasis_of_matter
LIM472,2023,646021493.0,668096893.0,-22075400.0,0.594561920826056,0.18615428400081313,213.707055827011,0.05606518364694745,0.11354612002364155,3.855704720338151,not_at_risk,unqualified_emphasis_of_matter,Elias Motsoaledi,at_risk,qualified
LIM473,2018,7065237.0,211705501.0,-204640264.0,-1.807794970807112,1.0,0.0,0.0,0.0,0.0,at_risk,qualified,Makhuduthamaga,not_at_risk,unqualified_emphasis_of_matter
LIM473,2019,336264410.0,469749239.0,-133484829.0,-0.2612195141842476,1.0,0.0,0.027423695304804954,0.14460644394998157,0.0,not_at_risk,unqualified_emphasis_of_matter,Makhuduthamaga,not_at_risk,unqualified_emphasis_of_matter
LIM473,2020,364926509.0,423851562.0,-58925053.0,0.31881180138248494,1.0,926.718775382251,0.14303203393644684,0.1903197303776835,6.287368802796401,not_at_risk,unqualified_emphasis_of_matter,Makhuduthamaga,not_at_risk,unqualified_emphasis_of_matter
LIM473,2021,432679411.0,402160265.0,30519146.0,0.42910994202771374,1.0006923988454743,902.5808984934575,0.17126545557652245,0.1552058456098342,4.350379907492293,not_at_risk,unqualified_emphasis_of_matter,Makhuduthamaga,not_at_risk,unqualified_emphasis_of_matter
LIM473,2022,828518022.0,803430473.0,25087549.0,1.5674933604366785,1.0,87.86738949173998,0.09025950401062272,0.08180901174257552,2.4970633650259932,not_at_risk,unqualified_emphasis_of_matter,Makhuduthamaga,not_at_risk,unqualified_emphasis_of_matter
LIM473,2023,426929004.0,515458253.0,-88529249.0,0.15468288951811585,1.0,179.03509093750864,0.06877921304715244,0.012923902103086513,5.612412029987075,not_at_risk,unqualified_emphasis_of_matter,Makhuduthamaga,not_at_risk,unqualified_emphasis_of_matter
LIM476,2018,533496959.0,642031292.0,-108534333.0,-3.825679773876193,1.0,0.0,0.0,0.12040706265139488,0.0,at_risk,qualified,Tubatse Fetakgomo,at_risk,qualified
LIM476,2019,599734489.0,548661198.0,51073291.0,2.059746357350388,1.0,0.0,0.007810269827027207,0.271529724615226,0.0,at_risk,qualified,Tubatse Fetakgomo,at_risk,qualified
LIM476,2020,624741495.0,580145344.0,44596151.0,4.607917880661298,1.0,608.169525413067,0.017637823186597873,0.7892919088910244,5.597076429187723,at_risk,qualified,Tubatse Fetakgomo,not_at_risk,unqualified_emphasis_of_matter
LIM476,2021,780731048.0,712558613.0,68172435.0,8.86263232355315,1.0,0.0,0.042475905066352765,0.19614380971632434,3.6395838711412436,not_at_risk,unqualified_emphasis_of_matter,Tubatse Fetakgomo,at_risk,qualified
LIM476,2022,646844602.0,712467664.0,-65623062.0,6.962457945319466,1.0,569.6081309495105,0.07090853740135496,0.03634407890826046,4.899687062705055,at_risk,qualified,Tubatse Fetakgomo,not_at_risk,unqualified_emphasis_of_matter
LIM476,2023,740729825.0,831205584.0,-90475759.0,3.1481512039505257,1.0,0.0,0.0618442741356752,0.06122775277217098,6.094751821286526,not_at_risk,unqualified_emphasis_of_matter,Tubatse Fetakgomo,not_at_risk,unqualified_emphasis_of_matter
MAN,2018,6357748673.0,7218280598.0,-860531925.0,-0.17510373652559413,0.9220667773539756,0.0,0.0,0.013194536525275712,0.0,at_risk,qualified,Mangaung,at_risk,qualified
MAN,2019,6593682750.0,7859497862.0,-1265815112.0,0.19541129611162938,0.9826780722929727,0.0,0.07734329911062708,0.10718976056641111,0.0,at_risk,qualified,Mangaung,not_at_risk,unqualified_emphasis_of_matter
MAN,2020,6852788122.0,7416835392.0,-564047270.0,0.691871237365598,0.9041980326667513,715.8776655432687,0.07478864241726453,0.21577391183929892,1.5440178776331355,not_at_risk,unqualified_emphasis_of_matter,Mangaung,not_at_risk,unqualified_emphasis_of_matter
MAN,2021,6916801024.0,7977077981.0,-1060276957.0,0.6940824905043635,0.8496027369142366,746.115623913891,0.07023467168485237,0.023924155744065555,1.1765010492226067,not_at_risk,unqualified_emphasis_of_matter,Mangaung,at_risk,qualified
MAN,2022,7704997896.0,9582319649.0,-1877321753.0,1.9683912086953175,0.7166847243531873,753.6353067448002,0.06543015344571919,0.01935105306358164,1.4082060847327194,at_risk,qualified,Mangaung,at_risk,qualified
MAN,2023,8385699251.0,9083896556.0,-698197305.0,0.939457087758585,0.785049106885912,835.8484333604202,0.06263236128819695,0.021813394811185913,1.4226374541845586,at_risk,qualified,Mangaung,at_risk,qualified
MP301,2018,-1651089.0,30584081.0,-32235170.0,6.773480622157652,1.0,-0.0,0.0,1.32848389330384,-0.0,not_at_risk,unqualified_emphasis_of_matter,Albert Luthuli,not_at_risk,unqualified_emphasis_of_matter
MP301,2019,503211974.0,584936067.0,-81724093.0,0.09462024847238562,0.9645551677141656,0.0,0.03601266050841758,0.06741104066677427,0.0,not_at_risk,unqualified_emphasis_of_matter,Albert Luthuli,not_at_risk,unqualified_emphasis_of_matter
MP301,2020,564984063.0,369429952.0,195554111.0,7.346079410475088,1.0,1207.3583310880044,0.05788547432125915,0.055606630942582586,7.954980988552238,not_at_risk,unqualified_emphasis_of_matter,Albert Luthuli,not_at_risk,unqualified_emphasis_of_matter
MP301,2021,627301595.0,740514966.0,-113213371.0,0.96918992991696,-0.10057112811615136,1075.184209694222,0.04806168765534443,0.021862466990302528,6.685831120834309,not_at_risk,unqualified_emphasis_of_matter,Albert Luthuli,at_risk,qualified
MP301,2022,574161254.0,600949765.0,-26788511.0,0.6020799625406293,0.8850358699601308,695.0363216689644,0.20008459608932536,0.1045661362393577,8.907509464231454,at_risk,qualified,Albert Luthuli,at_risk,qualified
MP301,2023,579217416.0,726048202.0,-146830786.0,0.13650100327636372,0.8913159891347381,0.0,0.08024718309267295,0.058774101888072715,8.829643530608202,at_risk,qualified,Albert Luthuli,at_risk,qualified
MP302,2018,605531999.0,844664602.0,-239132603.0,0.037123535099911766,0.8207027448852082,0.0,0.0,0.11144410784719969,0.0,at_risk,adverse,Msukaligwa,at_risk,adverse
MP302,2019,648057889.0,908730835.0,-260672946.0,0.32397621018329376,0.9312543863434469,0.0,0.027531719004560903,0.11911538139893757,0.0,at_risk,adverse,Msukaligwa,at_risk,adverse
MP302,2020,737209803.0,854630420.0,-117420617.0,0.30925662580557334,0.8624825888444917,645.2812429299722,0.027009274956536183,0.0029488992446582932,3.146862603507729,at_risk,adverse,Msukaligwa,at_risk,qualified
MP302,2021,801211481.0,1036364856.0,-235153375.0,0.07182541126230549,0.9010391423141213,718.1955388754595,0.022396229344928693,0.16863532180601076,2.334548061724542,at_risk,qualified,Msukaligwa,at_risk,qualified
MP302,2022,906577191.0,1160680791.0,-254103600.0,0.003840477101511711,0.7896305116764836,767.0582623007995,0.018074554315597353,0.06414845716181065,3.739110416246949,at_risk,qualified,Msukaligwa,at_risk,qualified
MP302,2023,1035996825.0,1231129798.0,-195132973.0,0.7671486739532236,0.7570593020784171,800.9281553541441,0.02939652671781079,0.04139968676154161,3.308654927586289,at_risk,qualified,Msukaligwa,at_risk,qualified
MP303,2018,436915114.0,623418019.0,-186502905.0,0.0654730642297973,0.6527093465150521,0.0,0.0,0.04926521701965756,0.0,at_risk,qualified,Mkhondo,at_risk,qualified
MP303,2019,542829896.0,780745316.0,-237915420.0,0.08913768750679255,0.9594215942874332,0.0,0.24684255038169195,0.041033639707420286,0.0,at_risk,qualified,Mkhondo,at_risk,qualified
MP303,2020,560485863.0,749949012.0,-189463149.0,0.07277515554617466,0.6514337865632973,647.3523974502101,0.18511133527568405,0.05739726342889028,5.104549332763456,at_risk,qualified,Mkhondo,not_at_risk,unqualified_emphasis_of_matter
MP303,2022,614747371.0,837716086.0,-222968715.0,0.06063534991018425,0.7953937535933594,813.7679300787119,0.049249486418480926,0.0159855674539357,5.134317940824508,not_at_risk,unqualified_emphasis_of_matter,Mkhondo,not_at_risk,unqualified_emphasis_of_matter
MP303,2023,676446600.0,894072058.0,-217625458.0,0.14820966477402206,0.6252093496187389,860.4514355309052,0.0619391999833642,0.022126568907939185,4.438903567554335,not_at_risk,unqualified_emphasis_of_matter,Mkhondo,not_at_risk,unqualified_emphasis_of_matter
MP304,2018,203694274.0,306021929.0,-102327655.0,3.6721211570429646,0.4149993819842453,0.0,0.0,0.008630283485338073,0.0,not_at_risk,unqualified_emphasis_of_matter,Pixley Ka Seme (MP),at_risk,disclaimer
MP304,2019,288346680.0,255389513.0,32957167.0,12.566534241364876,1.0,0.0,0.053689577300693625,0.014581706806418477,0.0,at_risk,disclaimer,Pixley Ka Seme (MP),at_risk,disclaimer
MP304,2020,383739250.0,418036603.0,-34297353.0,4.199314077767491,0.41806959387670156,1312.75568561204,0.014060498429607611,0.10070961178488,3.5763816654147313,at_risk,disclaimer,Pixley Ka Seme (MP),at_risk,qualified
MP304,2021,387292670.0,513417890.0,-126125220.0,3.422218388221727,-0.052825672373556974,1540.293582550891,0.023164640795824237,0.019822846453597477,2.659663086316609,at_risk,qualified,Pixley Ka Seme (MP),not_at_risk,unqualified_emphasis_of_matter
MP304,2022,415185440.0,519983659.0,-104798219.0,2.3821672134508365,0.5668317899801965,1668.3170546876597,0.03923098091049819,0.011799170788942043,3.0327460423467643,not_at_risk,unqualified_emphasis_of_matter,Pixley Ka Seme (MP),not_at_risk,unqualified_emphasis_of_matter
MP304,2023,420022921.0,596588917.0,-176565996.0,0.6648455992017699,0.17252475008609297,1791.5408377201395,0.04071363598596653,0.024352361544121678,2.3060399077601765,not_at_risk,unqualified_emphasis_of_matter,Pixley Ka Seme (MP),not_at_risk,unqualified_emphasis_of_matter
MP305,2018,573063657.0,937321898.0,-364258241.0,0.3474334406300193,0.7828619025349514,0.0,0.0,0.09717836977281416,0.0,at_risk,qualified,Lekwa,at_risk,disclaimer
MP305,2019,637435053.0,925738582.0,-288303529.0,0.2912703405074242,0.9803074584129458,0.0,0.01660871362494428,0.0752441427357513,0.0,at_risk,disclaimer,Lekwa,at_risk,disclaimer
MP305,2020,739050795.0,1175580949.0,-436530154.0,0.44000486094981794,0.6529267512268817,1171.076289093228,0.014815774289993193,0.0639824021169979,1.4837482638794808,at_risk,disclaimer,Lekwa,at_risk,disclaimer
MP305,2021,838642748.0,1226422044.0,-387779296.0,-1.3655203868791517,0.6677090397857023,1217.4594185008084,0.012084316383993503,0.033227628449248585,1.8233798833254802,at_risk,disclaimer,Lekwa,at_risk,disclaimer
MP305,2022,899108017.0,1278248327.0,-379140310.0,0.14523125442745052,0.6586850608729897,1332.5004297231173,0.012939582748227606,0.15755371530402168,1.9497990973869828,at_risk,disclaimer,Lekwa,at_risk,qualified
MP305,2023,939069676.0,1372354866.0,-433285190.0,0.08619620983658902,0.6056145031548535,1464.1663730285334,0.0325793343308625,0.045043109134135575,1.9069937468622935,at_risk,qualified,Lekwa,at_risk,qualified
MP306,2019,213485146.0,278432627.0,-64947481.0,0.11473327800768118,0.6486527463011937,0.0,0.06597056601416183,0.0578180875332545,0.0,at_risk,disclaimer,Dipaleseng,at_risk,disclaimer
MP306,2020,253273674.0,310212291.0,-56938617.0,0.12052686848568486,0.38928917276091557,1417.9588558027551,0.01516318062329774,0.08632743052724497,8.025813973859755,at_risk,disclaimer,Dipaleseng,at_risk,disclaimer
MP306,2021,290870821.0,277078618.0,13792203.0,0.27952170600186843,0.6612567299534862,1428.097764918125,0.022560484981197646,0.011973244359115433,5.016113575723706,at_risk,disclaimer,Dipaleseng,at_risk,qualified
MP306,2022,301288749.0,304639097.0,-3350348.0,0.2844422428156029,0.9364257404702121,1652.1518077995006,0.031586323274848734,0.2527897264611443,5.233338487525135,at_risk,qualified,Dipaleseng,at_risk,qualified
MP306,2023,324231198.0,570696978.0,-246465780.0,0.2810751522851064,-0.0824501002200777,1723.5271237840598,0.03313325412422282,0.20726890900060102,1.3564394873561798,at_risk,qualified,Dipaleseng,at_risk,qualified
MP307,2018,1701011984.0,1975833848.0,-274821864.0,4.588141781848855,1.0,0.0,0.0,0.029399713472263583,0.0,at_risk,disclaimer,Govan Mbeki,at_risk,outstanding
MP307,2019,1858476551.0,2708568730.0,-850092179.0,0.42924068461796056,1.0,0.0,0.03071764215486605,0.12324878497729684,0.0,at_risk,outstanding,Govan Mbeki,at_risk,disclaimer
MP307,2020,1914986111.0,2659723003.0,-744736892.0,0.803965854184102,0.9933567822843431,0.0,0.025795612145555445,0.08348663028049917,1.3844983505470447,at_risk,disclaimer,Govan Mbeki,at_risk,qualified
MP307,2021,2093012470.0,2807940139.0,-714927669.0,0.8683931790897769,1.0,908.4965920676049,0.024574032060588738,0.028351878622438112,1.3553221792319279,at_risk,qualified,Govan Mbeki,at_risk,qualified
MP307,2022,2246339345.0,3047868844.0,-801529499.0,1.0096726511240914,1.0,965.282295587446,0.021392213489879422,0.03317645810089852,1.0436345911930773,at_risk,qualified,Govan Mbeki,at_risk,qualified
MP307,2023,2492402475.0,3382515139.0,-890112664.0,0.6720677964717308,0.6184155232257639,0.0,0.022118766635326505,0.04177166315411427,0.0,at_risk,qualified,Govan Mbeki,at_risk,qualified
MP311,2020,517110411.0,754074435.0,-236964024.0,0.022429939558950836,0.8258518748829831,1123.3826777082622,0.0,0.06744736413189767,1.619168406183955,at_risk,qualified,Victor Khanye,at_risk,qualified
MP311,2021,585436585.0,724815468.0,-139378883.0,0.06236986101405882,1.0387393525352713,0.0,0.00024695940953622144,0.1682221632720454,1.3949157003913584,at_risk,qualified,Victor Khanye,at_risk,qualified
MP311,2022,548502610.0,800554811.0,-252052201.0,0.08401895170173426,0.6446306629101742,1113.0123029496615,0.0026792768846404446,0.21135195826085668,1.70492169581472,at_risk,qualified,Victor Khanye,at_risk,qualified
MP311,2023,559072179.0,789031152.0,-229958973.0,0.101186742497589,0.8086277021808395,1149.2674253247003,0.0639606977139985,0.1501764153413299,0.0,at_risk,qualified,Victor Khanye,at_risk,qualified
MP312,2018,2596301622.0,3173890117.0,-577588495.0,0.046137517872991946,1.0,0.0,0.0,0.042620912197131364,0.0,at_risk,qualified,Emalahleni (MP),at_risk,qualified
MP312,2019,3144866025.0,3328023010.0,-183156985.0,0.10846893753898655,1.0,0.0,0.0005400737899345234,0.026699001999989178,0.0,at_risk,qualified,Emalahleni (MP),at_risk,qualified
MP312,2020,3049965589.0,3763062353.0,-713096764.0,0.13855142941874074,0.8503434313012169,1114.3368053323961,0.0006802845023174135,0.02924564667717054,1.105784024634122,at_risk,qualified,Emalahleni (MP),at_risk,qualified
MP312,2021,3323312253.0,4158455573.0,-835143320.0,0.10435172394710587,0.9933198876208001,0.0,0.024692824101983018,0.0478273759352725,0.9939130134456252,at_risk,qualified,Emalahleni (MP),at_risk,qualified
MP312,2022,3584525610.0,4819288021.0,-1234762411.0,0.04073518228098449,0.759053321091264,0.0,0.03931100033334156,0.03896735123148598,0.8563481849415493,at_risk,qualified,Emalahleni (MP),at_risk,qualified
MP312,2023,3714507427.0,5613898559.0,-1899391132.0,0.08199692801039798,0.5208028886871287,1468.5902737919064,0.033645486111819854,0.02747169197647057,0.0,at_risk,qualified,Emalahleni (MP),not_at_risk,unqualified_emphasis_of_matter
MP313,2018,1420217609.0,1379749036.0,40468573.0,5.7727475244998105,0.9851600550465363,0.0,0.0,0.006078788084762974,0.0,not_at_risk,unqualified_emphasis_of_matter,Steve Tshwete,not_at_risk,unqualified_emphasis_of_matter
MP313,2019,1513923250.0,1597672956.0,-83749706.0,4.961481856615967,1.001530098649536,0.0,0.04636114213602549,0.014111362350681236,0.0,not_at_risk,unqualified_emphasis_of_matter,Steve Tshwete,not_at_risk,unqualified
MP313,2020,1717881550.0,1826577781.0,-108696231.0,2.472961208105268,0.9573338621280172,88.91876283903277,0.0457019826192663,0.0011420208992457901,1.1248223662452164,not_at_risk,unqualified,Steve Tshwete,not_at_risk,unqualified
MP313,2021,1810682859.0,1872377696.0,-61694837.0,2.208307027387278,1.0869096858206468,97.49365296222756,0.04920832276352858,0.0,1.1845213287016598,not_at_risk,unqualified,Steve Tshwete,not_at_risk,unqualified_emphasis_of_matter
MP313,2022,1848883410.0,2101779314.0,-252895904.0,2.1059935562768604,0.9664753781362819,122.69763617490624,0.06419969456412682,0.0,0.0,not_at_risk,unqualified_emphasis_of_matter,Steve Tshwete,at_risk,qualified
MP313,2023,1957069316.0,2194754228.0,-237684912.0,0.6804452785407734,0.9796116208905408,142.3946441966494,0.06005590800028294,0.13209100376773486,0.0,at_risk,qualified,Steve Tshwete,at_risk,qualified
MP314,2018,255535652.0,242576079.0,12959573.0,1.7527944954539396,0.8934194846540697,0.0,0.0,0.1674101550631462,0.0,at_risk,qualified,Emakhazeni,at_risk,adverse
MP314,2019,228376910.0,233943866.0,-5566956.0,2.0980004664879734,0.8391873635917466,0.0,0.032915639685974926,0.2618573294843302,0.0,at_risk,adverse,Emakhazeni,at_risk,adverse
MP314,2020,280200934.0,386082653.0,-105881719.0,0.9143722704371283,0.51681527232395,686.9052241274828,0.022633575821392835,0.2715421119943454,4.711270184417016,at_risk,adverse,Emakhazeni,at_risk,adverse
MP314,2021,326964747.0,376778412.0,-49813665.0,1.1367039468280364,0.718971157055267,0.0,0.02700050925422978,0.059304021377955166,2.67323705696015,at_risk,adverse,Emakhazeni,at_risk,adverse
MP314,2022,344277529.0,508823195.0,-164545666.0,0.5218185464206285,0.6604731672087648,749.8789747907131,0.022496385999069873,0.13065025465279742,0.0,at_risk,adverse,Emakhazeni,at_risk,adverse
MP314,2023,325777073.0,505941373.0,-180164300.0,0.178313814237129,0.5648047423794431,957.0022663319834,0.024401313390909424,0.293413290397186,0.0,at_risk,adverse,Emakhazeni,at_risk,qualified
MP315,2019,588936681.0,747962396.0,-159025715.0,1.5126431569963579,1.0,0.0,0.03827063519915244,0.025499517224392657,0.0,at_risk,qualified,Thembisile Hani,at_risk,qualified
MP315,2020,702322475.0,755668148.0,-53345673.0,1.5794070388686015,0.9814143001160267,1274.0217769479755,0.03366375447652188,0.01732346273247976,5.883518353872984,at_risk,qualified,Thembisile Hani,not_at_risk,unqualified_emphasis_of_matter
MP315,2021,757673954.0,775345230.0,-17671276.0,2.1327538288976124,1.0,0.0,0.03203850367403434,0.026396588523540668,4.087253879654942,not_at_risk,unqualified_emphasis_of_matter,Thembisile Hani,not_at_risk,unqualified_emphasis_of_matter
MP315,2022,729540569.0,823750117.0,-94209548.0,1.9266654768802904,1.0,1639.3384630128774,0.03110456371564922,0.11011764262972482,0.0,not_at_risk,unqualified_emphasis_of_matter,Thembisile Hani,not_at_risk,unqualified_emphasis_of_matter
MP315,2023,861619666.0,928306367.0,-66686701.0,2.396565314088813,1.0,1591.7060339242535,0.062285459903562206,0.04110479509401017,0.0,not_at_risk,unqualified_emphasis_of_matter,Thembisile Hani,not_at_risk,unqualified_emphasis_of_matter
MP316,2018,545207310.0,573768343.0,-28561033.0,0.02112156264431619,1.0,0.0,0.0,0.48417453557558854,0.0,at_risk,adverse,Dr J.S. Moroka,at_risk,outstanding
MP316,2019,611887181.0,545711888.0,66175293.0,0.3276060352198155,1.0,0.0,0.0566670777749302,0.30415855994692936,0.0,at_risk,outstanding,Dr J.S. Moroka,at_risk,disclaimer
MP316,2020,616729330.0,535638314.0,81091016.0,2.1824751692426543,1.0,742.8666862495415,0.03824801823269125,0.2911085352270002,0.0,at_risk,disclaimer,Dr J.S. Moroka,at_risk,disclaimer
MP316,2021,763224081.0,699606934.0,63617147.0,1.0502578237739422,1.0,393.21194600776755,0.09259699675875425,0.0707044350135043,0.0,at_risk,disclaimer,Dr J.S. Moroka,at_risk,qualified
MP316,2022,742665266.0,655514562.0,87150704.0,0.061002525829471965,0.9589296501694028,539.0325628208388,0.11026834671599561,0.10972768748347043,0.0,at_risk,qualified,Dr J.S. Moroka,at_risk,qualified
MP316,2023,866349642.0,720345933.0,146003709.0,0.12851067210786904,0.30621731236603383,0.0,0.09362134345527012,0.3164074808485106,0.0,at_risk,qualified,Dr J.S. Moroka,at_risk,qualified
MP321,2018,19993947.0,40598410.0,-20604463.0,-2.917152272712158,1.0,0.0,0.0,3.3058242675021017,0.0,at_risk,qualified,Thaba Chweu,at_risk,qualified
MP321,2020,538561822.0,636355610.0,-97793788.0,0.11929024401937778,1.0948928859363438,622.296259796893,0.029844800142486368,0.11128587048992937,0.0,at_risk,qualified,Thaba Chweu,not_at_risk,unqualified_emphasis_of_matter
MP321,2021,601926887.0,976395329.0,-374468442.0,-0.44057096057656375,0.34452508879656524,645.3317552668153,0.04937030275367079,0.21032934601431302,0.0,not_at_risk,unqualified_emphasis_of_matter,Thaba Chweu,not_at_risk,unqualified_emphasis_of_matter
MP321,2022,611868331.0,878572956.0,-266704625.0,0.015596027519881912,0.7454024470675967,715.1972437514502,0.07244737908823135,0.10116123697301696,0.0,not_at_risk,unqualified_emphasis_of_matter,Thaba Chweu,at_risk,qualified
MP321,2023,624033763.0,932131208.0,-308097445.0,0.33097805260909147,0.7625325774026153,798.1202405870466,0.07609707774101261,0.08612274893386039,0.0,at_risk,qualified,Thaba Chweu,at_risk,outstanding
MP324,2018,862962541.0,856963378.0,5999163.0,1.2033415084862589,0.9392405582371037,0.0,0.0,0.06831617955090726,0.0,not_at_risk,unqualified_emphasis_of_matter,Nkomazi,not_at_risk,unqualified_emphasis_of_matter
MP324,2019,861374105.0,897907896.0,-36533791.0,2.7506884603674315,0.9205799885174413,0.0,0.036116024978134285,0.16749025559298567,0.0,not_at_risk,unqualified_emphasis_of_matter,Nkomazi,not_at_risk,unqualified_emphasis_of_matter
MP324,2020,913131935.0,960311936.0,-47180001.0,2.733327125905889,0.9679099956820854,95.26837364964133,0.041504542957175115,0.11698572493844334,0.0,not_at_risk,unqualified_emphasis_of_matter,Nkomazi,not_at_risk,unqualified_emphasis_of_matter
MP324,2021,1056247179.0,1173370412.0,-117123233.0,2.5221541175183475,0.9687840666347037,94.15328643448146,0.04453258789007201,0.0326670432524934,0.0,not_at_risk,unqualified_emphasis_of_matter,Nkomazi,not_at_risk,unqualified_emphasis_of_matter
MP324,2022,992242744.0,1251431359.0,-259188615.0,1.301138767451967,0.9884693754252255,92.94997845809391,0.03033132398914098,0.08932731563425685,0.0,not_at_risk,unqualified_emphasis_of_matter,Nkomazi,not_at_risk,unqualified_emphasis_of_matter
MP324,2023,1161999832.0,1311425799.0,-149425967.0,1.070708528893292,0.9861614324051362,99.83602345735967,0.03569680193549403,0.06659508305128288,0.0,not_at_risk,unqualified_emphasis_of_matter,Nkomazi,not_at_risk,unqualified_emphasis_of_matter
MP325,2018,8318603559.0,5596095726.0,2722507833.0,8.27256884418778,0.9886021733067507,0.0,0.0,0.038736535901780604,0.0,at_risk,qualified,Bushbuckridge,not_at_risk,unqualified_emphasis_of_matter
MP325,2019,8618090451.0,6414922349.0,2203168102.0,7.560805246467372,1.0006992368002554,0.0,0.0580133159457516,0.03348917092246474,0.0,not_at_risk,unqualified_emphasis_of_matter,Bushbuckridge,not_at_risk,unqualified_emphasis_of_matter
MP325,2020,1383357122.0,1277501823.0,105855299.0,1.919314374238666,0.93795703921931,858.1688129625287,0.08052250035810712,0.32243274145214273,0.0,not_at_risk,unqualified_emphasis_of_matter,Bushbuckridge,not_at_risk,unqualified_emphasis_of_matter
MP325,2022,1389917356.0,1491523706.0,-101606350.0,2.8059632650585575,0.3444618779648234,1018.2458731632674,0.085767397786167,0.4015847442387215,0.0,not_at_risk,unqualified_emphasis_of_matter,Bushbuckridge,not_at_risk,unqualified_emphasis_of_matter
MP325,2023,1563522695.0,1577102103.0,-13579408.0,1.6387873829371211,0.1027796707445238,1056.6177531372514,0.0889451619734477,0.004556966214380858,0.0,not_at_risk,unqualified_emphasis_of_matter,Bushbuckridge,not_at_risk,unqualified_emphasis_of_matter
MP326,2018,2477957869.0,3109469794.0,-631511925.0,0.3584667026355426,1.1213202458319504,0.0,0.0,0.059985140347692346,0.0,not_at_risk,unqualified_emphasis_of_matter,City of Mbombela,at_risk,qualified
MP326,2019,2845875617.0,3475208456.0,-629332839.0,0.435256941605462,1.0,0.0,0.001122778978413029,0.06012157821476019,0.0,at_risk,qualified,City of Mbombela,not_at_risk,unqualified_emphasis_of_matter
MP326,2020,3246065553.0,3659950194.0,-413884641.0,0.23941200222791884,1.05931166035276,71.7244951845863,0.004074863101811926,0.034259519488969305,0.0,not_at_risk,unqualified_emphasis_of_matter,City of Mbombela,not_at_risk,unqualified_emphasis_of_matter
MP326,2021,3254086630.0,4062639812.0,-808553182.0,0.18411789738056158,1.0292987154761597,54.59740360845895,0.062680769101861,0.012501281518973112,0.0,not_at_risk,unqualified_emphasis_of_matter,City of Mbombela,not_at_risk,unqualified_emphasis_of_matter
MP326,2022,3361150129.0,4200679337.0,-839529208.0,0.4128206532514005,1.012306336318941,59.30758200893204,0.11948739685482924,0.03634306638340769,0.0,not_at_risk,unqualified_emphasis_of_matter,City of Mbombela,not_at_risk,unqualified_emphasis_of_matter
MP326,2023,3883557481.0,4551434964.0,-667877483.0,0.5413073862390797,0.8651752535078772,74.67173623507905,0.0842974352121271,0.04498369758535783,0.0,not_at_risk,unqualified_emphasis_of_matter,City of Mbombela,not_at_risk,unqualified_emphasis_of_matter
NC061,2018,1901051.0,3902431.0,-2001380.0,0.0,2.756288496898374,0.0,0.0,0.0,0.0,at_risk,qualified,Richtersveld,at_risk,qualified
NC061,2019,49595926.0,75487358.0,-25891432.0,0.0403951082776006,0.984299814342439,0.0,0.014372221107539622,0.0,0.0,at_risk,qualified,Richtersveld,at_risk,qualified
NC061,2020,66172776.0,88218631.0,-22045855.0,0.034044509260181106,0.596720306933256,1258.6519744917457,0.01203215225591066,0.08181695769003715,0.0,at_risk,qualified,Richtersveld,at_risk,qualified
NC061,2021,72112714.0,84685566.0,-12572852.0,0.46151420892670186,0.6188836312204627,1130.4729496105222,0.023166710605677477,0.09729973346343343,0.0,at_risk,qualified,Richtersveld,at_risk,qualified
NC061,2022,79163882.0,102244194.0,-23080312.0,0.5942063761586306,0.8096414635819705,0.0,0.03595143994191005,0.3827066209744878,0.0,at_risk,qualified,Richtersveld,at_risk,qualified
NC061,2023,77302332.0,104909047.0,-27606715.0,0.25149613645808827,1.0462308038284769,1381.3162970296937,0.03528297230647801,0.0778409797202714,0.0,at_risk,qualified,Richtersveld,at_risk,qualified
NC062,2018,-94769.0,487439.0,-582208.0,0.0,1.0,-0.0,0.0,81.8512347186007,-0.0,at_risk,qualified,Nama Khoi,at_risk,qualified
NC062,2019,246658270.0,243176895.0,3481375.0,1.4515309441713202,1.0,0.0,0.04789028579380455,0.014778118620192104,0.0,at_risk,qualified,Nama Khoi,at_risk,qualified
NC062,2020,266462169.0,250498591.0,15963578.0,1.8873863765565053,1.0,703.3301659793965,0.037304712823714045,0.01543366365681474,0.0,at_risk,qualified,Nama Khoi,at_risk,outstanding
NC062,2021,281185789.0,390097660.0,-108911871.0,0.9991413124600645,0.8386273463607589,764.4205931047248,0.01986603559734247,0.01013682317397136,0.0,at_risk,outstanding,Nama Khoi,at_risk,qualified
NC062,2022,304365053.0,304029603.0,335450.0,0.9712268314871957,1.0,791.0692640524667,0.033630882976879065,0.26252145913567504,0.0,at_risk,qualified,Nama Khoi,at_risk,qualified
NC062,2023,329640305.0,414093213.0,-84452908.0,1.3553496226947337,0.7848843904242255,859.2677683937951,0.01725797906279618,0.04187612463959896,0.0,at_risk,qualified,Nama Khoi,not_at_risk,unqualified_emphasis_of_matter
NC064,2018,59835121.0,78422096.0,-18586975.0,1.0202530674518058,0.45934547694357214,0.0,0.0,0.09262050328264626,0.0,at_risk,qualified,Kamiesberg,at_risk,disclaimer
NC064,2019,61933257.0,88248610.0,-26315353.0,0.3336221159744046,0.34573548068604676,0.0,0.008432642735109368,0.20856449750313347,0.0,at_risk,disclaimer,Kamiesberg,at_risk,qualified
NC064,2020,63733383.0,92455476.0,-28722093.0,0.26160176818515324,0.34216735073847765,1324.979956187168,0.010108768462778776,0.4296898000936148,0.0,at_risk,qualified,Kamiesberg,at_risk,qualified
NC064,2021,60123776.0,85324600.0,-25200824.0,0.6608511496098429,0.7217892390017195,0.0,0.011426423329262605,0.37130989187174623,0.0,at_risk,qualified,Kamiesberg,at_risk,qualified
NC064,2022,65638401.0,125181072.0,-59542671.0,0.7556707614710313,0.2352767095588701,1369.4074956213512,0.017498723768718007,0.06899884193354727,0.0,at_risk,qualified,Kamiesberg,at_risk,qualified
NC064,2023,77537687.0,109995215.0,-32457528.0,0.08959109721272876,0.20462254654961312,1223.886290804625,0.005672083099251181,0.10657232680530694,0.0,at_risk,qualified,Kamiesberg,at_risk,qualified
NC065,2018,81119485.0,104453375.0,-23333890.0,0.8502325559131049,1.055401644631092,0.0,0.0,0.7838375255945536,0.0,at_risk,qualified,Hantam,not_at_risk,unqualified_emphasis_of_matter
NC065,2019,91395808.0,108776796.0,-17380988.0,-0.2967795080119845,0.9962130076897819,0.0,0.09208887711677038,0.633272853522915,0.0,not_at_risk,unqualified_emphasis_of_matter,Hantam,not_at_risk,unqualified_emphasis_of_matter
NC065,2020,92661405.0,113394212.0,-20732807.0,0.10484905525865819,0.7938533324821754,60.616591773025675,0.0876742721224607,0.5279607216636418,0.0,not_at_risk,unqualified_emphasis_of_matter,Hantam,at_risk,outstanding
NC065,2021,103925352.0,113460583.0,-9535231.0,0.9764642580763048,0.8972216217053746,88.99412676514196,0.07486915522018779,0.40308830424395053,0.0,at_risk,outstanding,Hantam,not_at_risk,unqualified
NC065,2022,110570673.0,128131381.0,-17560708.0,0.29196472954584013,0.8392544857093843,521.133423055135,0.06972495676137293,0.0007957223219189373,0.0,not_at_risk,unqualified,Hantam,not_at_risk,unqualified_emphasis_of_matter
NC065,2023,118966165.0,139933945.0,-20967780.0,0.5349112683130601,0.8497353801022994,603.5421230902081,0.0932395209754145,0.001505739011359967,0.0,not_at_risk,unqualified_emphasis_of_matter,Hantam,at_risk,qualified
NC066,2018,45368728.0,54109083.0,-8740355.0,0.0,0.9026693695073251,0.0,0.0,0.11924541393540157,0.0,not_at_risk,unqualified_emphasis_of_matter,Karoo Hoogland,at_risk,qualified
NC066,2019,55329725.0,64789229.0,-9459504.0,1.1065231845867467,1.0,0.0,0.005316346641507341,0.005349608343078138,0.0,at_risk,qualified,Karoo Hoogland,not_at_risk,unqualified_emphasis_of_matter
NC066,2020,57300992.0,69795116.0,-12494124.0,0.734528244067966,1.0,693.4302639123595,0.012884311274731601,0.015828987231714036,0.0,not_at_risk,unqualified_emphasis_of_matter,Karoo Hoogland,not_at_risk,unqualified_emphasis_of_matter
NC066,2021,65427338.0,76541726.0,-11114388.0,1.3464561799925965,1.0,589.3434213233619,0.016602970254420445,0.11180608861629276,0.0,not_at_risk,unqualified_emphasis_of_matter,Karoo Hoogland,not_at_risk,unqualified_emphasis_of_matter
NC066,2022,66576640.0,82005237.0,-15428597.0,0.43215532686040525,1.0,659.682819604594,0.009864516335706706,0.013341428426089421,0.0,not_at_risk,unqualified_emphasis_of_matter,Karoo Hoogland,not_at_risk,unqualified_emphasis_of_matter
NC066,2023,72662711.0,89786169.0,-17123458.0,1.8704159211871485,1.336738602005583,456.51842146379596,0.01361098277842771,0.0022329051593681427,0.0,not_at_risk,unqualified_emphasis_of_matter,Karoo Hoogland,at_risk,qualified
NC067,2018,50384772.0,67271991.0,-16887219.0,-1.0087063425846874,0.5813681168061589,0.0,0.0,0.17603492663090647,0.0,at_risk,qualified,Khai-Ma,at_risk,qualified
NC067,2019,50901023.0,68301569.0,-17400546.0,0.2074030246655095,1.0,0.0,0.021407458443597392,0.0851191573651844,0.0,at_risk,qualified,Khai-Ma,at_risk,qualified
NC067,2020,58162241.0,75115386.0,-16953145.0,0.2068138210725563,0.6266198013217776,847.4110055353609,0.011466612179826913,0.07828075329333993,0.0,at_risk,qualified,Khai-Ma,at_risk,qualified
NC067,2021,60095029.0,74866685.0,-14771656.0,0.00229383737239067,0.6129301092546673,981.5926566904561,0.006988488938704846,0.027726110752733343,0.0,at_risk,qualified,Khai-Ma,at_risk,qualified
NC067,2022,64763317.0,81356277.0,-16592960.0,0.652456847306324,0.6075305219846093,1061.590092582812,0.010874489745886479,0.0,0.0,at_risk,qualified,Khai-Ma,at_risk,qualified
NC067,2023,63186043.0,83476922.0,-20290879.0,0.12306246749251247,0.49638956310079274,1294.3136581602364,0.010177495523852689,0.0,0.0,at_risk,qualified,Khai-Ma,at_risk,qualified
NC071,2018,46548678.0,35781816.0,10766862.0,-1.86462084540371,1.0,0.0,0.0,0.10925666824735782,0.0,at_risk,qualified,Ubuntu,at_risk,qualified
NC071,2019,99249753.0,136038930.0,-36789177.0,0.16404386597277706,1.0,0.0,0.0,0.0455229837517834,0.0,at_risk,qualified,Ubuntu,at_risk,qualified
NC071,2020,114139314.0,148521457.0,-34382143.0,0.38328409342227227,1.0,668.6407008719187,0.0,0.02314525503207257,0.0,at_risk,qualified,Ubuntu,at_risk,qualified
NC071,2021,112975934.0,144994710.0,-32018776.0,1.041351067221694,1.0,0.0,0.0,0.16356342931407636,0.0,at_risk,qualified,Ubuntu,at_risk,qualified
NC071,2022,111071882.0,154774273.0,-43702391.0,0.48916928202919097,1.0,830.0555472716309,0.0,0.09526632375136403,0.0,at_risk,qualified,Ubuntu,at_risk,qualified
NC071,2023,131731657.0,165697522.0,-33965865.0,1.3018783225979687,1.0,1024.8459428776487,0.02117831309511074,0.0,0.0,at_risk,qualified,Ubuntu,at_risk,qualified
NC072,2018,116278633.0,141776510.0,-25497877.0,0.8749771876878617,1.0,0.0,0.0,0.046111383331413645,0.0,not_at_risk,unqualified_emphasis_of_matter,Umsobomvu,at_risk,qualified
NC072,2019,119545058.0,143749005.0,-24203947.0,-0.4367465082627876,1.0,0.0,0.013868742952342522,0.05540426523300109,0.0,at_risk,qualified,Umsobomvu,at_risk,qualified
NC072,2020,155597888.0,187184804.0,-31586916.0,0.4617842162016528,1.0,480.0403989416617,0.009027324675351318,0.015997901197150596,0.0,at_risk,qualified,Umsobomvu,at_risk,qualified
NC072,2021,175376476.0,181035249.0,-5658773.0,0.1845481926008785,1.0,1005.7714700573639,0.010923154528872993,0.05919549954605802,0.0,at_risk,qualified,Umsobomvu,at_risk,qualified
NC072,2022,192185586.0,230388701.0,-38203115.0,0.10154909463203232,1.0,1079.6781791429457,0.014200179895106921,0.0737277779955016,0.0,at_risk,qualified,Umsobomvu,at_risk,qualified
NC072,2023,199130066.0,230293615.0,-31163549.0,-0.06921649130393824,1.0,0.0,0.014355990720802224,0.009672969005241418,0.0,at_risk,qualified,Umsobomvu,at_risk,qualified
NC073,2018,165850404.0,-192515642.0,358366046.0,-42.61603380778794,1.0,0.0,-0.0,-0.1463143810413078,0.0,not_at_risk,unqualified_emphasis_of_matter,Emthanjeni,at_risk,qualified
NC073,2019,221997448.0,332889909.0,-110892461.0,0.6175766054837066,1.0,0.0,0.006240898098235834,0.08152963867703181,0.0,at_risk,qualified,Emthanjeni,at_risk,qualified
NC073,2020,234247683.0,311999906.0,-77752223.0,0.8370812521975567,1.0,95.77583168666817,0.007712146554300564,0.16519529336012043,0.0,at_risk,qualified,Emthanjeni,at_risk,qualified
NC073,2021,233843492.0,317491190.0,-83647698.0,0.9655557497516702,0.829362826385075,561.9183242439776,0.008467069590182959,0.030325654075629625,0.0,at_risk,qualified,Emthanjeni,at_risk,qualified
NC073,2022,249334880.0,306721804.0,-57386924.0,0.7496882354017453,0.8569294849840136,830.9597410117669,0.007582776867079199,0.0107920759360166,0.0,at_risk,qualified,Emthanjeni,at_risk,qualified
NC074,2018,43300986.0,45220156.0,-1919170.0,0.2238183344612964,1.0,0.0,0.0,0.010527119809139977,0.0,not_at_risk,unqualified_emphasis_of_matter,Kareeberg,not_at_risk,unqualified_emphasis_of_matter
NC074,2019,60324015.0,62510852.0,-2186837.0,8.14477889375112,1.0,0.0,0.005842521551298005,0.0,0.0,not_at_risk,unqualified_emphasis_of_matter,Kareeberg,not_at_risk,unqualified_emphasis_of_matter
NC074,2020,57338105.0,65469547.0,-8131442.0,4.5173539997153185,1.0,0.0,0.04387994314364203,0.005443950910489727,0.0,not_at_risk,unqualified_emphasis_of_matter,Kareeberg,not_at_risk,unqualified_emphasis_of_matter
NC074,2021,-63903533.0,-64993103.0,1089570.0,-16.046621685380984,1.0,-251.4541895516168,0.016381599752207553,-0.036061287918504215,-0.0,not_at_risk,unqualified_emphasis_of_matter,Kareeberg,not_at_risk,unqualified_emphasis_of_matter
NC074,2022,55961850.0,61269979.0,-5308129.0,7.166985515043184,1.0,354.19403522220944,0.09929681875686623,0.19127750965933904,0.0,not_at_risk,unqualified_emphasis_of_matter,Kareeberg,at_risk,outstanding
NC075,2019,45685719.0,86288123.0,-40602404.0,0.09370494708756151,1.0,0.0,0.07649052697553753,0.0,0.0,at_risk,outstanding,Renosterberg,at_risk,disclaimer
NC075,2020,56236182.0,94337338.0,-38101156.0,0.08465784777603116,1.0,885.5296534000121,0.04977891150585572,0.15586446800099446,0.0,at_risk,disclaimer,Renosterberg,at_risk,outstanding
NC075,2022,75649721.0,51778693.0,23871028.0,5.198188915274474,1.0,842.4233191818381,0.06673687186349025,0.33232885967206627,0.0,at_risk,disclaimer,Renosterberg,at_risk,qualified
NC075,2023,51259674.0,45464633.0,5795041.0,-6.021893809194501,1.0,1243.2597417611355,0.030191181791789676,0.7039660916211509,0.0,at_risk,qualified,Renosterberg,at_risk,qualified
NC076,2018,67781824.0,82780874.0,-14999050.0,0.13807667698700546,0.6876918349786801,0.0,0.0,0.01599868346400885,0.0,at_risk,qualified,Thembelihle,at_risk,qualified
NC076,2019,58510218.0,93144996.0,-34634778.0,0.34497118879043165,1.0,0.0,0.007557421549516197,0.16125381550287468,0.0,at_risk,qualified,Thembelihle,at_risk,qualified
NC076,2020,59449999.0,141082899.0,-81632900.0,-9.516525231027469,-0.23645360743080898,757.501832590443,0.010255814207503633,0.1723494425784375,0.0,at_risk,qualified,Thembelihle,at_risk,qualified
NC076,2021,70415355.0,110183101.0,-39767746.0,-0.03258031374520853,1.0,781.6558416839622,0.014025444791211676,0.03651160625802318,0.0,at_risk,qualified,Thembelihle,at_risk,qualified
NC076,2022,79673509.0,121563125.0,-41889616.0,0.06598744479462831,1.0,940.8997326827918,0.012050924159772958,0.22568535483108057,0.0,at_risk,qualified,Thembelihle,at_risk,qualified
NC076,2023,94301063.0,134123553.0,-39822490.0,0.38277778102105603,1.0,991.5174464152117,0.013158292936066195,0.05826149714360758,0.0,at_risk,qualified,Thembelihle,at_risk,qualified
NC077,2018,2337380.0,24441946.0,-22104566.0,3.2052585338335993,0.9427586643031958,0.0,0.0,0.5871554171668655,0.0,at_risk,qualified,Siyathemba,at_risk,qualified
NC077,2019,97816558.0,134428771.0,-36612213.0,1.7184538271200887,0.8564659148422047,0.0,0.0,0.11805925087271682,0.0,at_risk,qualified,Siyathemba,at_risk,qualified
NC077,2020,104415801.0,151914819.0,-47499018.0,1.0351989689695775,0.6930680238927707,0.0,0.0,0.30835083968997123,0.0,at_risk,qualified,Siyathemba,at_risk,qualified
NC077,2021,125905894.0,73801574.0,52104320.0,4.532324473188065,1.0,0.0,0.0,0.9443927036027714,0.0,at_risk,qualified,Siyathemba,at_risk,qualified
NC077,2022,115235729.0,189585437.0,-74349708.0,0.3572606687084304,0.9933837018440131,1064.6312545564754,0.03574290888176184,0.042362330815525664,0.0,at_risk,qualified,Siyathemba,at_risk,qualified
NC077,2023,134348395.0,211086714.0,-76738319.0,0.03815739914355765,0.7032015674900558,1100.4576967964522,0.02838391808970033,0.24679717170641066,0.0,at_risk,qualified,Siyathemba,at_risk,qualified
NC078,2018,134269517.0,106374631.0,27894886.0,0.21061277288943073,1.6324766784604423,0.0,0.0,0.06563622298252672,0.0,not_at_risk,unqualified_emphasis_of_matter,Siyancuma,not_at_risk,unqualified_emphasis_of_matter
NC078,2019,150159274.0,187394367.0,-37235093.0,0.4252566674002533,0.821355525748184,0.0,0.008013133073525096,0.24109481903476854,0.0,not_at_risk,unqualified_emphasis_of_matter,Siyancuma,at_risk,qualified
NC078,2020,186511425.0,200785214.0,-14273789.0,0.22557059405778754,0.7171138347498511,707.8865663591387,0.0,0.09704393372312764,0.0,at_risk,qualified,Siyancuma,at_risk,qualified
NC078,2021,189620214.0,199722884.0,-10102670.0,0.19013410601461173,0.5945982015294261,0.0,0.0001541736198842392,0.06595648298369254,0.0,at_risk,qualified,Siyancuma,at_risk,qualified
NC078,2022,174097635.0,228518391.0,-54420756.0,0.6978227148466138,0.5684585428990196,648.40588173412,0.0022300393319328073,0.01989495453781661,0.0,at_risk,qualified,Siyancuma,at_risk,qualified
NC078,2023,181568311.0,206445129.0,-24876818.0,1.1464013180955217,1.1219107003936428,355.4339579663766,0.00244297360002134,0.0762328327930663,0.0,at_risk,qualified,Siyancuma,at_risk,qualified
NC082,2018,179783139.0,207685759.0,-27902620.0,0.10139071692440887,0.893137398796132,0.0,0.0,0.037388418143778454,0.0,at_risk,qualified,!Kai! Garib,at_risk,disclaimer
NC082,2019,228579567.0,335743523.0,-107163956.0,0.13258988766851057,0.9718783276451755,0.0,0.011322312240108353,0.002124350735427292,0.0,at_risk,disclaimer,!Kai! Garib,at_risk,disclaimer
NC082,2020,217422194.0,295486221.0,-78064027.0,0.22569966130501903,0.8742979519917479,567.1583890373216,0.011989499842024782,0.10433235734535316,0.0,at_risk,disclaimer,!Kai! Garib,at_risk,outstanding
NC082,2021,94668815.0,121634513.0,-26965698.0,1.2624654319946182,1.0,2048.370608737418,6.739863380716622e-05,0.0,0.0,at_risk,outstanding,!Kai! Garib,at_risk,qualified
NC084,2018,3373447.0,21584840.0,-18211393.0,7.237106598890702,0.5926492518084822,0.0,0.0,0.22327124037055637,0.0,at_risk,disclaimer,!Kheis,at_risk,disclaimer
NC084,2019,47155627.0,62857549.0,-15701922.0,-0.021295389675470802,1.0,0.0,0.030163330103755714,0.5443106761926082,0.0,at_risk,disclaimer,!Kheis,at_risk,disclaimer
NC084,2020,47768091.0,51131274.0,-3363183.0,-0.03909677666157898,1.0,756.1686957513124,0.005971941946918827,0.0035203503828205025,0.0,at_risk,disclaimer,!Kheis,at_risk,outstanding
NC084,2021,55413454.0,69571800.0,-14158346.0,0.703520391882918,0.5581191111499187,810.1888806642517,0.003342173121868343,0.48561956137400497,0.0,at_risk,outstanding,!Kheis,at_risk,disclaimer
NC084,2022,55141899.0,65395195.0,-10253296.0,-0.47209468524407644,0.9791602785539485,994.9327519532834,0.0032266132091203336,0.003717429086341894,0.0,at_risk,disclaimer,!Kheis,at_risk,disclaimer
NC084,2023,60640260.0,54263396.0,6376864.0,-0.9520192212076074,0.9926859134554128,1118.7813093149666,0.0015258720630017333,0.04852088505481669,0.0,at_risk,disclaimer,!Kheis,at_risk,outstanding
NC085,2019,181943521.0,299034003.0,-117090482.0,0.49882192159933064,1.0,0.0,0.0,0.0,0.0,at_risk,outstanding,Tsantsabane,at_risk,qualified
NC085,2020,214185766.0,306379514.0,-92193748.0,0.47588073398406133,0.5627243478972497,1030.565464933837,0.0,0.045373865956325005,0.0,at_risk,qualified,Tsantsabane,at_risk,qualified
NC085,2021,223809137.0,271832371.0,-48023234.0,0.38815465432555124,0.7224463788288406,0.0,0.0,0.0,0.0,at_risk,qualified,Tsantsabane,at_risk,qualified
NC085,2022,211848547.0,256405665.0,-44557118.0,0.8105238236448481,0.7705082043902967,1342.8509880693211,0.4267756447580829,0.07506682038401921,0.0,at_risk,qualified,Tsantsabane,at_risk,qualified
NC085,2023,231360363.0,311178337.0,-79817974.0,0.36779741515232794,0.7333042860868672,0.0,0.30630140555060553,0.05282111588635426,0.0,at_risk,qualified,Tsantsabane,at_risk,disclaimer
NC086,2018,1065494.0,28674657.0,-27609163.0,-3.1791361968165828,1.0,0.0,0.0,0.2751642678759854,0.0,at_risk,disclaimer,Kgatelopele,at_risk,disclaimer
NC086,2019,80884460.0,102951473.0,-22067013.0,-0.2746049102182346,1.0,0.0,0.0,0.3078098940847597,0.0,at_risk,disclaimer,Kgatelopele,at_risk,qualified
NC086,2020,89888184.0,104772915.0,-14884731.0,-0.8585427254744225,1.0,0.0,0.0,0.1300277175642197,0.0,at_risk,qualified,Kgatelopele,at_risk,outstanding
NC086,2021,90702504.0,110375506.0,-19673002.0,2.0186191671909524,1.0,505.39445256108917,0.0,0.02077903950900121,0.0,at_risk,outstanding,Kgatelopele,at_risk,disclaimer
NC086,2022,93033091.0,108812386.0,-15779295.0,8.314849156970052,1.0,544.871273222557,0.0,0.11880188896877972,0.0,at_risk,disclaimer,Kgatelopele,at_risk,qualified
NC086,2023,107932293.0,131675488.0,-23743195.0,7.207574457593807,1.0,489.7671325763458,0.0,0.0881121549365361,0.0,at_risk,qualified,Kgatelopele,at_risk,qualified
NC087,2018,-550687882.0,-476518967.0,-74168915.0,-4.819955047035935e-05,1.0,-0.0,-0.0,-0.016195090929087823,-0.0,not_at_risk,unqualified_emphasis_of_matter,Dawid Kruiper,not_at_risk,unqualified_emphasis_of_matter
NC087,2021,784985638.0,788261008.0,-3275370.0,0.40683539176150646,0.9231499862104646,195.2239974866903,0.017038381784323906,0.0037195712717531756,0.0,not_at_risk,unqualified_emphasis_of_matter,Dawid Kruiper,not_at_risk,unqualified_emphasis_of_matter
NC087,2022,875220554.0,861289120.0,13931434.0,0.19950911721722436,0.933999485159451,205.97185433558727,0.006421764621849629,0.002109782833434608,0.0,not_at_risk,unqualified_emphasis_of_matter,Dawid Kruiper,not_at_risk,unqualified_emphasis_of_matter
NC087,2023,813027290.0,825926768.0,-12899478.0,0.4793825449667469,0.9817168361478048,283.8455586527729,0.007555217050429827,0.0025062415703180113,0.0,not_at_risk,unqualified_emphasis_of_matter,Dawid Kruiper,at_risk,qualified
NC091,2018,1949081217.0,1936318315.0,12762902.0,-0.8983639572711473,1.0,0.0,0.0,0.008198543016931594,0.0,at_risk,qualified,Sol Plaatje,at_risk,qualified
NC091,2019,1833633551.0,1860985456.0,-27351905.0,0.4766251800304236,1.0,0.0,0.12490486706952535,0.02191256458696365,0.0,at_risk,qualified,Sol Plaatje,at_risk,qualified
NC091,2020,2037441809.0,1936837581.0,100604228.0,0.5980918768634735,1.0,838.012466755069,0.11246870834028906,0.13322279964579023,0.0,at_risk,qualified,Sol Plaatje,at_risk,qualified
NC091,2021,2064336056.0,2166359095.0,-102023039.0,0.2382291307065138,1.0,880.7250279675394,0.11218072782158028,0.05380856630327024,0.0,at_risk,qualified,Sol Plaatje,at_risk,qualified
NC091,2022,2178297061.0,2314657682.0,-136360621.0,1.0243800154289944,1.0,1005.8387321581204,0.11812960340802567,0.08562102532101332,0.0,at_risk,qualified,Sol Plaatje,at_risk,qualified
NC091,2023,2422901039.0,2595981881.0,-173080842.0,0.5063353660595138,0.7888407776115486,1040.0200853271415,0.12040509230349285,0.054953261439963035,0.0,at_risk,qualified,Sol Plaatje,at_risk,qualified
NC092,2018,192951204.0,94133461.0,98817743.0,-24.578748039445827,1.0,0.0,0.0,0.05225779385717051,0.0,at_risk,disclaimer,Dikgatlong,at_risk,disclaimer
NC092,2019,176581942.0,140919395.0,35662547.0,5.709151391119725,1.0,0.0,0.0,0.051237347421197774,0.0,at_risk,disclaimer,Dikgatlong,at_risk,qualified
NC092,2020,188833151.0,250500012.0,-61666861.0,0.37008065293026815,-0.09511730951730263,2500.4266801119047,0.00565007557764109,0.00493833110075859,0.0,at_risk,qualified,Dikgatlong,at_risk,qualified
NC092,2021,310948166.0,348395757.0,-37447591.0,0.1605711518467201,-0.008925223943010579,1500.8557503439336,0.00044592678549756275,0.0030439779437382757,0.0,at_risk,qualified,Dikgatlong,at_risk,qualified
NC092,2022,246759422.0,237662402.0,9097020.0,0.03130198103442546,1.0,2232.108672126003,0.02603158071254367,0.0034095548693478237,0.0,at_risk,qualified,Dikgatlong,at_risk,qualified
NC092,2023,246759422.0,237662402.0,9097020.0,0.03130198103442546,1.0,0.0,0.02603158071254367,0.037691094277503764,0.0,at_risk,qualified,Dikgatlong,at_risk,qualified
NC093,2018,143906492.0,161600451.0,-17693959.0,0.2886379568334249,1.0,0.0,0.0,0.14138190121759003,0.0,at_risk,qualified,Magareng,at_risk,qualified
NC093,2019,113461081.0,186959208.0,-73498127.0,0.03703154326584439,1.0,0.0,0.0015049700039379713,0.04526517356663171,0.0,at_risk,qualified,Magareng,at_risk,qualified
NC093,2020,120544896.0,169606768.0,-49061872.0,0.015041357311873308,1.0,31.657528453133345,0.005271534918936726,0.13028165243971868,0.0,at_risk,qualified,Magareng,at_risk,qualified
NC093,2021,123876310.0,177411725.0,-53535415.0,0.4514363410873774,1.0,1904.4913977902636,0.0,0.14714108100803372,0.0,at_risk,qualified,Magareng,at_risk,qualified
NC093,2022,125326909.0,181309827.0,-55982918.0,0.015984550026623762,1.0,1992.9848314937697,0.03734196933517564,0.14813149096435904,0.0,at_risk,qualified,Magareng,at_risk,qualified
NC093,2023,134128988.0,165727521.0,-31598533.0,0.053117140393356875,1.0,2167.73340062776,0.026681953445740616,0.13804858035618597,0.0,at_risk,qualified,Magareng,at_risk,qualified
NC094,2018,324574243.0,387597404.0,-63023161.0,0.20770872861676853,1.0,0.0,0.0,0.12416535431697577,0.0,at_risk,outstanding,Phokwane,at_risk,outstanding
NC094,2019,330773197.0,431372000.0,-100598803.0,0.3833242120489972,1.0,0.0,0.01230838348339716,0.6905214130727075,0.0,at_risk,outstanding,Phokwane,at_risk,disclaimer
NC094,2020,338640769.0,385018233.0,-46377464.0,1.2995152362044111,1.0,1402.7965956751061,0.017949505783535193,0.010113604152351923,0.0,at_risk,disclaimer,Phokwane,at_risk,outstanding
NC094,2022,348889281.0,533404986.0,-184515705.0,0.6356691536437944,1.0,0.0,0.08854152518176873,0.0649490254296198,0.0,at_risk,qualified,Phokwane,at_risk,outstanding
NC094,2023,325452049.0,634424485.0,-308972436.0,0.09640356803063803,1.0,2376.0126108162863,0.09595934652490595,0.0537765924970566,0.0,at_risk,outstanding,Phokwane,at_risk,qualified
NC451,2018,128888202.0,72580310.0,56307892.0,7.949333806923668,1.0,0.0,0.0,0.5129300219301901,0.0,at_risk,disclaimer,Joe Morolong,at_risk,disclaimer
NC451,2019,186043632.0,169755275.0,16288357.0,0.2641274505313605,1.0,0.0,0.004492732258246467,0.015064715956543913,0.0,at_risk,disclaimer,Joe Morolong,at_risk,disclaimer
NC451,2020,237619550.0,304025253.0,-66405703.0,0.11329782529611118,1.0,499.270925056461,0.0,0.01195311232912616,0.0,at_risk,disclaimer,Joe Morolong,at_risk,outstanding
NC451,2021,275895854.0,621310361.0,-345414507.0,2.2431907714476376,1.0,832.4453830139832,0.0018738477145723955,0.006542718832915133,0.0,at_risk,outstanding,Joe Morolong,at_risk,disclaimer
NC451,2022,272681720.0,324941358.0,-52259638.0,2.0927813934968538,1.0,879.481350931775,0.015808689394349117,0.5142107733789922,0.0,at_risk,disclaimer,Joe Morolong,at_risk,disclaimer
NC451,2023,286510566.0,388753907.0,-102243341.0,-0.6702431623407453,0.6225293575334498,1070.6865178577743,0.033229266040533965,0.02995679732165367,0.0,at_risk,disclaimer,Joe Morolong,at_risk,qualified
NC452,2018,350699090.0,331312457.0,19386633.0,0.42334136564023006,1.0,0.0,0.0,0.7712440646323178,0.0,at_risk,qualified,Ga-Segonyana,at_risk,outstanding
NC452,2019,375275897.0,508090192.0,-132814295.0,0.013014547621891508,1.0,0.0,0.013345827388063418,0.16340559866583687,0.0,at_risk,outstanding,Ga-Segonyana,not_at_risk,unqualified_emphasis_of_matter
NC452,2020,367683037.0,339991476.0,27691561.0,4.221601085081321,1.0,317.2231265866094,0.017504868269109193,0.16562047573216218,0.0,not_at_risk,unqualified_emphasis_of_matter,Ga-Segonyana,not_at_risk,unqualified_emphasis_of_matter
NC452,2021,436385271.0,521651199.0,-85265928.0,2.0810949808628734,1.0,217.9819563845912,0.039935775169185415,0.03616332146108994,0.0,not_at_risk,unqualified_emphasis_of_matter,Ga-Segonyana,at_risk,qualified
NC452,2022,479560678.0,548191987.0,-68631309.0,2.109496299514498,1.0,198.29835145491222,0.05645767492767091,0.304460189054168,0.0,at_risk,qualified,Ga-Segonyana,at_risk,qualified
NC452,2023,513106048.0,723175270.0,-210069222.0,0.6340371180004537,0.6715558268525977,216.56865859043626,0.04901957170078562,0.0711998489660743,0.0,at_risk,qualified,Ga-Segonyana,not_at_risk,unqualified_emphasis_of_matter
NC453,2018,256869370.0,413144433.0,-156275063.0,-1.4584752543428317,1.0,0.0,0.0,0.05644009972657674,0.0,at_risk,disclaimer,Gamagara,at_risk,qualified
NC453,2019,382158549.0,436629386.0,-54470837.0,0.30316649369999116,1.1123181333706214,0.0,0.017849158233248185,0.07904528670454626,0.0,at_risk,qualified,Gamagara,at_risk,qualified
NC453,2020,519298787.0,437485204.0,81813583.0,0.9708831387129608,1.0,193.27781342381607,-0.005676429687894085,0.3101592436941022,0.0,at_risk,qualified,Gamagara,at_risk,qualified
NC453,2021,454558420.0,502333900.0,-47775480.0,0.7283650336957151,1.050482483187386,423.6843637392087,0.018052787199908268,1.341122669602828,0.0,at_risk,qualified,Gamagara,not_at_risk,unqualified_emphasis_of_matter
NC453,2022,591611566.0,567112866.0,24498700.0,0.40739575109551474,0.9830177475818026,374.21418377915893,0.03990450817950584,0.29155225690118625,0.0,not_at_risk,unqualified_emphasis_of_matter,Gamagara,not_at_risk,unqualified_emphasis_of_matter
NMA,2018,7402652834.0,8817457205.0,-1414804371.0,3.5183202007953494,1.0,0.0,0.0,0.3462929662157629,0.0,at_risk,qualified,Nelson Mandela Bay,at_risk,outstanding
NMA,2020,10872276603.0,10656565080.0,215711523.0,3.6757162978823565,0.8569242081628491,0.0,0.026135302314505265,0.1287670919004982,0.0,at_risk,qualified,Nelson Mandela Bay,at_risk,qualified
NMA,2021,11857045353.0,12319319869.0,-462274516.0,4.162657460420553,0.8147106887157916,242.06496601691796,0.02697458289367192,0.11281509245467908,0.0,at_risk,qualified,Nelson Mandela Bay,at_risk,qualified
NMA,2022,13693112325.0,14247478087.0,-554365762.0,3.9578691675583135,0.725380471720995,285.1789065792243,0.026795819980824934,0.09690499719103025,0.0,at_risk,qualified,Nelson Mandela Bay,not_at_risk,unqualified_emphasis_of_matter
NMA,2023,17093543678.0,15741079801.0,1352463877.0,3.6726016115061815,0.7224199098290904,344.18727081395764,0.028754585690572855,0.08902587361960862,0.0,not_at_risk,unqualified_emphasis_of_matter,Nelson Mandela Bay,at_risk,qualified
NW371,2018,343059532.0,267573926.0,75485606.0,-4.962581922126448,1.0,0.0,0.0,0.6206558668948932,0.0,at_risk,qualified,Moretele,at_risk,qualified
NW371,2020,577346982.0,491320455.0,86026527.0,1.183987114886149,1.0,0.0,0.02443577277888827,0.2201965863603216,0.0,at_risk,qualified,Moretele,not_at_risk,unqualified_emphasis_of_matter
NW371,2021,663277248.0,531393891.0,131883357.0,5.028859987402452,1.0,499.0775650652199,0.0318148444804007,0.08880752262919786,0.0,not_at_risk,unqualified_emphasis_of_matter,Moretele,at_risk,qualified
NW371,2022,499705681.0,642316629.0,-142610948.0,5.680636413976447,1.0,0.0,0.03550676873414716,0.07179153849993195,0.0,at_risk,qualified,Moretele,not_at_risk,unqualified_emphasis_of_matter
NW371,2023,562357460.0,693237745.0,-130880285.0,4.703465308283235,1.0,0.0,0.022790830582948136,0.0403250864535658,0.0,not_at_risk,unqualified_emphasis_of_matter,Moretele,not_at_risk,unqualified_emphasis_of_matter
NW372,2018,1802220138.0,2114770399.0,-312550261.0,0.004558962998800703,1.0,0.0,0.0,0.028916047353847986,0.0,at_risk,disclaimer,Madibeng,at_risk,disclaimer
NW372,2019,1866291304.0,3170598293.0,-1304306989.0,0.2362181212465568,1.0,0.0,0.03024858059494325,0.13998518386258402,0.0,at_risk,disclaimer,Madibeng,at_risk,disclaimer
NW372,2020,1960365446.0,2407374628.0,-447009182.0,1.2201773557945796,1.0,980.4506531890789,0.0449825061461103,0.13799768350802774,0.0,at_risk,disclaimer,Madibeng,at_risk,disclaimer
NW372,2021,2205837301.0,2293571072.0,-87733771.0,0.6521776657636533,0.9975082102552532,940.0693524993574,0.04229738994545533,0.23066240259939938,0.0,at_risk,disclaimer,Madibeng,at_risk,disclaimer
NW372,2022,2078850535.0,2322671877.0,-243821342.0,1.163246000760873,0.9936574960824279,1053.4814058000568,0.031993045912270285,0.28464861203466496,0.0,at_risk,disclaimer,Madibeng,at_risk,adverse
NW372,2023,2390897491.0,2498295818.0,-107398327.0,0.8689723740313287,0.9806213798582631,973.2582261093686,0.05098430581450063,0.03047139311986792,0.0,at_risk,adverse,Madibeng,at_risk,qualified
NW373,2020,4561785826.0,4542321499.0,19464327.0,1.218629447787575,1.0,0.0,0.017769375421305907,0.12573130284277131,0.0,at_risk,disclaimer,Rustenburg,at_risk,qualified
NW373,2021,4984784869.0,5174726365.0,-189941496.0,1.1697524933765266,1.0,0.0,0.007919974527967142,0.11876840564109713,0.0,at_risk,qualified,Rustenburg,at_risk,qualified
NW373,2022,6532828541.0,6703716199.0,-170887658.0,1.194904973631626,1.0,0.0,0.005154195669135605,0.04868463853656046,0.0,at_risk,qualified,Rustenburg,at_risk,qualified
NW373,2023,6881722590.0,7085877853.0,-204155263.0,1.4589778083209641,1.0,0.0,0.008102828497910322,0.05352265560708643,0.0,at_risk,qualified,Rustenburg,at_risk,qualified
NW374,2018,233605049.0,258170561.0,-24565512.0,0.12414578903130631,1.0,0.0,0.0,0.05481055990733196,0.0,at_risk,disclaimer,Kgetlengrivier,at_risk,disclaimer
NW374,2019,186462312.0,211535602.0,-25073290.0,3.428573616652955,1.0,0.0,0.0,0.18400093710939494,0.0,at_risk,disclaimer,Kgetlengrivier,at_risk,disclaimer
NW374,2021,233411711.0,262378894.0,-28967183.0,0.08457661994718219,1.0,797.7099013253882,0.0,0.38207119281476964,0.0,at_risk,disclaimer,Kgetlengrivier,at_risk,disclaimer
NW374,2023,237205918.0,330209823.0,-93003905.0,0.07932825184307131,1.0,0.0,0.0,0.3559457890506183,0.0,at_risk,qualified,Kgetlengrivier,at_risk,qualified
NW375,2018,695585995.0,913789554.0,-218203559.0,-0.389399290506663,1.0,0.0,0.0,0.01635038935890484,0.0,at_risk,disclaimer,Moses Kotane,at_risk,qualified
NW375,2019,742329341.0,1076070467.0,-333741126.0,0.7214376974440281,1.0,0.0,0.05843182387050866,0.08927872007103416,0.0,at_risk,qualified,Moses Kotane,at_risk,qualified
NW375,2020,830899262.0,996124506.0,-165225244.0,0.5876452396001991,1.0,1070.326213979716,0.04598279605019576,0.6267896585610153,0.0,at_risk,qualified,Moses Kotane,at_risk,qualified
NW375,2021,947346591.0,1003490267.0,-56143676.0,0.735445219818958,1.00067755841442,1154.1348470055348,0.05332149673953938,0.2306308308219994,0.0,at_risk,qualified,Moses Kotane,not_at_risk,unqualified_emphasis_of_matter
NW375,2022,930728969.0,1125693980.0,-194965011.0,0.39314554387152356,1.0,1449.6119119399625,0.040219670536036804,0.10037277982067559,0.0,not_at_risk,unqualified_emphasis_of_matter,Moses Kotane,at_risk,qualified
NW375,2023,975003980.0,1043681617.0,-68677637.0,0.4467481389010611,1.0,1566.5387670879047,0.048505402581983006,0.07419576021908604,0.0,at_risk,qualified,Moses Kotane,at_risk,qualified
NW381,2018,140624657.0,120311459.0,20313198.0,-0.5342858654885069,1.0,0.0,0.0,0.35956758699102803,0.0,at_risk,qualified,Ratlou,at_risk,disclaimer
NW381,2019,172858004.0,137953927.0,34904077.0,4.674522559984827,1.0,0.0,0.0,0.08166952724731062,0.0,at_risk,disclaimer,Ratlou,at_risk,disclaimer
NW381,2020,169146277.0,171669316.0,-2523039.0,2.627278948324114,1.0,136.24159318623373,2.423846087905424e-05,0.03869940275174161,0.0,at_risk,disclaimer,Ratlou,at_risk,disclaimer
NW381,2021,157181760.0,149953576.0,7228184.0,0.7118139016571369,1.0,0.0,0.00020593706948342466,0.6190610686069934,0.0,at_risk,disclaimer,Ratlou,at_risk,disclaimer
NW381,2022,157181760.0,149953577.0,7228183.0,0.7118138969102418,1.0,0.0,0.00020593706811008583,0.16134888199432548,0.0,at_risk,disclaimer,Ratlou,at_risk,disclaimer
NW382,2018,359961408.0,363905960.0,-3944552.0,0.0011820746216962205,1.0,0.0,0.0,0.15712708579985885,0.0,at_risk,qualified,Tswaing,at_risk,qualified
NW382,2019,228110190.0,273679958.0,-45569768.0,-0.043368290782915125,1.0,0.0,0.0,0.3216688231149173,0.0,at_risk,qualified,Tswaing,at_risk,qualified
NW382,2020,262015497.0,303458704.0,-41443207.0,0.31307092117548885,0.9069131890188895,690.902838277539,0.1626088866444246,0.3317589862243661,0.0,at_risk,qualified,Tswaing,at_risk,qualified
NW382,2021,339440109.0,327824833.0,11615276.0,0.8211658449925909,1.0,762.7516016382142,0.22053231092471876,0.3521027676387164,0.0,at_risk,qualified,Tswaing,at_risk,qualified
NW382,2022,291176373.0,122970104.0,168206269.0,0.10508720070692955,1.0,901.3163468108726,-1.3267717737312803,0.47209172076491046,0.0,at_risk,qualified,Tswaing,at_risk,qualified
NW382,2023,319899016.0,303599488.0,16299528.0,0.0195580962244574,1.0,909.7576218552671,0.06718917457462906,1.1071103123862975,0.0,at_risk,qualified,Tswaing,at_risk,qualified
NW383,2018,808624011.0,680823895.0,127800116.0,-0.4257571482563784,0.8334828300295853,0.0,0.0,0.31012078240879015,0.0,at_risk,disclaimer,Mafikeng,at_risk,disclaimer
NW383,2019,934019950.0,1114091071.0,-180071121.0,0.08471030641623373,1.0,0.0,0.015653780425998944,0.1498873102448552,0.0,at_risk,disclaimer,Mafikeng,at_risk,qualified
NW383,2020,1013120406.0,524423526.0,488696880.0,0.35301198901591613,0.5657061621875954,1326.188036696203,0.04389003135606849,0.41874615861531733,0.0,at_risk,qualified,Mafikeng,at_risk,qualified
NW383,2021,883548707.0,1113225280.0,-229676573.0,0.44139956289889504,0.4218055672816311,1658.1639244931857,0.03492482222466238,0.18843467963645238,0.0,at_risk,qualified,Mafikeng,at_risk,qualified
NW383,2022,1066509348.0,996450752.0,70058596.0,0.26654309554879035,0.6635609287144941,1577.368143321703,0.058978089867506064,0.223637075442741,0.0,at_risk,qualified,Mafikeng,at_risk,qualified
NW383,2023,1245155350.0,1229542686.0,15612664.0,1.903158677323058,0.33965943245067787,0.0,0.022927136504474314,0.1837728608960226,0.0,at_risk,qualified,Mafikeng,at_risk,qualified
NW384,2018,128184083.0,80814293.0,47369790.0,0.32443612418907136,0.9198429166700032,0.0,0.0,0.0,0.0,at_risk,disclaimer,Ditsobotla,at_risk,disclaimer
NW384,2021,605620766.0,608008965.0,-2388199.0,0.3990150375496519,0.7519736060602068,1379.2229822829424,0.00772697652574909,0.3218884083395053,0.0,at_risk,outstanding,Ditsobotla,at_risk,outstanding
NW384,2023,264653100.0,546532176.0,-281879076.0,-5.0505368964772535,1.0,0.0,0.002461856884341975,0.05435168742928687,0.0,at_risk,outstanding,Ditsobotla,at_risk,disclaimer
NW385,2018,1389478560.0,284095611.0,1105382949.0,-0.2260694270282127,1.0,0.0,0.0,0.0440743450978551,0.0,at_risk,disclaimer,Ramotshere Moiloa,at_risk,disclaimer
NW385,2019,252438479.0,296952333.0,-44513854.0,-0.9229379046501716,1.0,0.0,0.01838422330226313,0.11318888004830055,0.0,at_risk,disclaimer,Ramotshere Moiloa,at_risk,disclaimer
NW385,2020,299261192.0,336498338.0,-37237146.0,-0.37300456443859165,1.0,0.0,0.01810078479496086,0.13620117493715525,0.0,at_risk,disclaimer,Ramotshere Moiloa,at_risk,outstanding
NW385,2021,349291661.0,360030842.0,-10739181.0,-0.11991672646756191,1.0,469.5763780200868,0.021405399485191882,0.4151517219183128,0.0,at_risk,outstanding,Ramotshere Moiloa,at_risk,qualified
NW385,2022,338702727.0,411780938.0,-73078211.0,0.2615706995159645,0.9489527416311062,616.0036932327386,0.02323851377501112,0.02305134629617071,0.0,at_risk,qualified,Ramotshere Moiloa,at_risk,qualified
NW392,2018,2311896.0,78067199.0,-75755303.0,-19.99657582181218,,0.0,0.0,0.8690976090995656,0.0,at_risk,disclaimer,Naledi (NW),at_risk,outstanding
NW392,2020,322564724.0,358356130.0,-35791406.0,1.8744753270998882,1.0,0.0,0.00306895824553078,0.011784631673525439,0.0,at_risk,disclaimer,Naledi (NW),at_risk,disclaimer
NW392,2021,408681926.0,458432022.0,-49750096.0,1.3246703695580846,0.8524795639828412,465.60905720112515,0.005029356348060694,0.01636951748540812,0.0,at_risk,disclaimer,Naledi (NW),at_risk,disclaimer
NW392,2022,379453730.0,518230535.0,-138776805.0,0.42878625822386174,0.9450124984883277,1010.4156064166242,0.02536161826126282,0.09319321371134566,0.0,at_risk,disclaimer,Naledi (NW),at_risk,adverse
NW392,2023,434493486.0,654914624.0,-220421138.0,0.14334957956290803,0.6541215324950944,560.9872630173332,0.009225997982906547,0.19163215845367962,0.0,at_risk,adverse,Naledi (NW),at_risk,qualified
NW393,2020,161186783.0,226901149.0,-65714366.0,0.2757408866184278,0.5892170940975748,0.0,0.025982041192748655,0.1826507938926303,0.0,at_risk,disclaimer,Mamusa,at_risk,disclaimer
NW393,2021,249177103.0,239474228.0,9702875.0,-0.10283097352755637,1.0,955.0262294364985,0.049112700344523086,0.22591794721225703,0.0,at_risk,disclaimer,Mamusa,at_risk,disclaimer
NW393,2022,148499186.0,226480197.0,-77981011.0,0.07179727064613954,0.7761863942572446,1777.6591667647256,0.010088784936901128,0.12336029096618986,0.0,at_risk,disclaimer,Mamusa,at_risk,outstanding
NW394,2018,128184083.0,80814293.0,47369790.0,0.32443612418907136,0.9198429166700032,0.0,0.0,0.6870375887592063,0.0,at_risk,qualified,Greater Taung,at_risk,outstanding
NW394,2020,208701463.0,217120585.0,-8419122.0,8.245735833845512,1.0,0.0,0.06924876330818655,0.19021632149710724,0.0,at_risk,disclaimer,Greater Taung,at_risk,disclaimer
NW394,2021,312752808.0,322548269.0,-9795461.0,5.369170900743541,0.9994637478672652,0.0,0.06597129188127808,0.004516759629548655,0.0,at_risk,disclaimer,Greater Taung,at_risk,qualified
NW394,2022,267270069.0,331162514.0,-63892445.0,3.152498655086306,1.0,0.0,0.06818875339254128,0.04356731329802624,0.0,at_risk,qualified,Greater Taung,at_risk,qualified
NW394,2023,298744315.0,382713986.0,-83969671.0,1.498233827284274,1.0,0.0,0.07706898905962636,0.8506946725484968,0.0,at_risk,qualified,Greater Taung,at_risk,qualified
NW396,2018,237219546.0,257366756.0,-20147210.0,-0.22548068329384388,1.0,0.0,0.0,0.004519511447702282,0.0,at_risk,disclaimer,Lekwa-Teemane,at_risk,disclaimer
NW396,2019,65105098.0,218464140.0,-153359042.0,0.7912470760647491,1.0,0.0,0.0042341045079526555,0.044413357725437225,0.0,at_risk,disclaimer,Lekwa-Teemane,at_risk,disclaimer
NW396,2020,339716597.0,436813768.0,-97097171.0,0.44334778385465173,1.0,2023.2871478752038,0.003345015901605006,0.05567397317018634,0.0,at_risk,disclaimer,Lekwa-Teemane,at_risk,qualified
NW396,2021,420224503.0,683998833.0,-263774330.0,0.16047451940608792,1.0,1092.5634092070068,0.00452385274756748,0.11485098396359399,0.0,at_risk,qualified,Lekwa-Teemane,at_risk,disclaimer
NW396,2022,288141299.0,305171683.0,-17030384.0,0.2889713591152558,1.0,1888.9201867240836,0.008904469685019891,0.008178681506304764,0.0,at_risk,disclaimer,Lekwa-Teemane,at_risk,disclaimer
NW396,2023,341222830.0,362748986.0,-21526156.0,1.0993073430672524,1.0,0.0,0.027341526462599127,0.08892739951036004,0.0,at_risk,disclaimer,Lekwa-Teemane,at_risk,disclaimer
NW397,2018,133717049.0,181851168.0,-48134119.0,-0.036847121047911005,1.0,0.0,0.0,0.611681570282793,0.0,at_risk,disclaimer,Kagisano-Molopo,at_risk,qualified
NW397,2020,200437870.0,186143949.0,14293921.0,-2.4347708450087735,1.0,0.0,0.009038134245234048,0.20132137628604838,0.0,at_risk,qualified,Kagisano-Molopo,at_risk,qualified
NW397,2021,237916697.0,184949239.0,52967458.0,0.9875177696730074,1.0,0.0,0.011710499657692563,0.6134851790333671,0.0,at_risk,qualified,Kagisano-Molopo,at_risk,qualified
NW397,2022,219084233.0,200941150.0,18143083.0,-0.04699602843917236,1.0,0.0,0.014027266192116448,1.4630339032099697,0.0,at_risk,qualified,Kagisano-Molopo,at_risk,qualified
NW397,2023,222473967.0,205240507.0,17233460.0,-0.6775089480752452,1.0,8.39072245248362,0.01568207975631243,0.6757588646962366,0.0,at_risk,qualified,Kagisano-Molopo,at_risk,outstanding
NW403,2019,2694378842.0,3269326427.0,-574947585.0,-0.19240807366464907,1.0,0.0,0.029983655712822462,0.07606935420890598,0.0,at_risk,qualified,City of Matlosana,at_risk,qualified
NW403,2020,2849406076.0,3514281929.0,-664875853.0,-0.4657099655250795,0.9941266829306409,1134.932270629439,0.04018554881286532,0.05108059558872119,0.0,at_risk,qualified,City of Matlosana,not_at_risk,unqualified_emphasis_of_matter
NW403,2021,3599649384.0,4049851752.0,-450202368.0,-0.5802282730076584,1.0019398914955544,1113.418930422697,0.0309599196904134,0.12075228649011545,0.0,not_at_risk,unqualified_emphasis_of_matter,City of Matlosana,not_at_risk,unqualified_emphasis_of_matter
NW403,2022,3695814982.0,4473889985.0,-778075003.0,0.6032904405448852,0.992336443126251,1313.0087882196913,0.025843139278714292,0.06729852343474646,0.0,not_at_risk,unqualified_emphasis_of_matter,City of Matlosana,not_at_risk,unqualified_emphasis_of_matter
NW403,2023,3745721837.0,4737696396.0,-991974559.0,0.26537773865406633,0.9984415897286427,1533.0841835333006,0.029027932882341664,0.05845375069491895,0.0,not_at_risk,unqualified_emphasis_of_matter,City of Matlosana,at_risk,qualified
NW404,2018,213529092.0,250013879.0,-36484787.0,0.3223337373202389,1.0,0.0,0.0,0.4206044697222589,0.0,at_risk,disclaimer,Maquassi Hills,at_risk,disclaimer
NW404,2019,466095790.0,414013339.0,52082451.0,0.21789335632975823,1.0,0.0,0.25442160210205206,0.17769036663816284,0.0,at_risk,disclaimer,Maquassi Hills,at_risk,disclaimer
NW404,2020,500760665.0,655395605.0,-154634940.0,0.4492583681576565,1.0,2201.3052819753725,0.10403206014785528,0.027985311253345985,0.0,at_risk,disclaimer,Maquassi Hills,at_risk,disclaimer
NW404,2021,545673580.0,583753681.0,-38080101.0,0.4512987661999856,1.0,2317.589285869402,0.11470334351519061,0.18828211723088048,0.0,at_risk,disclaimer,Maquassi Hills,at_risk,disclaimer
NW404,2022,524521234.0,651405170.0,-126883936.0,0.23731106708901314,1.0,2660.54495734676,0.01358224252349732,0.2609290666207024,0.0,at_risk,disclaimer,Maquassi Hills,at_risk,disclaimer
NW404,2023,729386502.0,833035208.0,-103648706.0,0.3778037866557976,1.0,2167.4971264000715,0.024650651980606324,0.029930665307486018,0.0,at_risk,disclaimer,Maquassi Hills,at_risk,adverse
NW405,2018,1532737576.0,1601484350.0,-68746774.0,2.6358448498107396,1.0,0.0,0.0,0.7931841781657123,0.0,at_risk,qualified,J B Marks,at_risk,qualified
NW405,2019,1619989011.0,1743717067.0,-123728056.0,1.122736029284962,1.0,0.0,0.0001254595737692576,0.3904349001821177,0.0,at_risk,qualified,J B Marks,at_risk,qualified
NW405,2020,1403255075.0,1668208438.0,-264953363.0,0.29309223048061334,1.0,0.0,0.00033624215489071874,0.20667742000715142,0.0,at_risk,qualified,J B Marks,at_risk,qualified
NW405,2021,2051442264.0,2347153244.0,-295710980.0,2.9066099137070234,0.9990383185349813,199.71461002813774,0.012949049269660725,0.15538387445826268,0.0,at_risk,qualified,J B Marks,at_risk,qualified
NW405,2022,1775861252.0,2055863913.0,-280002661.0,2.7431644849344656,1.0,0.0,0.046716419502617144,0.13549450488360218,0.0,at_risk,qualified,J B Marks,at_risk,qualified
NW405,2023,1753529842.0,2147881811.0,-394351969.0,0.5051339503149226,1.0,0.0,0.0672283112881205,0.13863329605708924,0.0,at_risk,qualified,J B Marks,at_risk,qualified
TSH,2018,30682222136.0,32691577304.0,-2009355168.0,1.1253972156154857,0.9276404169472832,0.0,0.0,0.051507663773505644,0.0,not_at_risk,unqualified_emphasis_of_matter,City of Tshwane,at_risk,outstanding
TSH,2019,55831355350.0,33292164282.0,22539191068.0,1.1800716551564445,0.996402245435646,0.0,0.037785811260103164,0.08640802357073987,0.0,at_risk,outstanding,City of Tshwane,not_at_risk,unqualified_emphasis_of_matter
TSH,2020,32940516627.0,37521593046.0,-4581076419.0,-0.9277797552284662,0.8742138790618638,379.8844563486026,0.03496554571634485,0.06743155566177983,0.0,not_at_risk,unqualified_emphasis_of_matter,City of Tshwane,not_at_risk,unqualified_emphasis_of_matter
TSH,2023,41537418881.0,42185371898.0,-647953017.0,0.07337389063403629,0.8945445068323031,0.0,0.028980993908411225,0.09047812325155669,0.0,at_risk,qualified,City of Tshwane,at_risk,qualified
WC011,2018,267803297.0,286037264.0,-18233967.0,1.948806935868328,0.9438173522619985,0.0,0.0,0.0,0.0,not_at_risk,unqualified,Matzikama,not_at_risk,unqualified_emphasis_of_matter
WC011,2019,326500528.0,330267016.0,-3766488.0,1.1417871532166568,1.0039235791500736,0.0,0.02834936141488619,0.23450926446739084,0.0,not_at_risk,unqualified_emphasis_of_matter,Matzikama,not_at_risk,unqualified_emphasis_of_matter
WC011,2020,318403293.0,414746279.0,-96342986.0,0.4135262271997382,1.0,0.0,0.017543834311289867,0.24152523620350552,0.0,not_at_risk,unqualified_emphasis_of_matter,Matzikama,not_at_risk,unqualified
WC011,2021,354187505.0,387208749.0,-33021244.0,0.47280722988002527,0.9201542430178383,191.13372984459178,0.012286814314725104,0.07752745018682417,0.0,not_at_risk,unqualified,Matzikama,not_at_risk,unqualified_emphasis_of_matter
WC011,2022,372818591.0,451763009.0,-78944418.0,0.5402442057844538,0.8878246380922051,207.72778816440515,0.014400705392857873,0.1362947292570384,0.0,not_at_risk,unqualified_emphasis_of_matter,Matzikama,not_at_risk,unqualified_emphasis_of_matter
WC011,2023,400794554.0,459779357.0,-58984803.0,0.4830781648163469,0.8450070538876088,0.0,0.020823899233910148,0.18527715023099656,0.0,not_at_risk,unqualified_emphasis_of_matter,Matzikama,not_at_risk,unqualified
WC012,2018,254261421.0,269322691.0,-15061270.0,0.8257186914859692,0.8373888485031958,0.0,0.0,0.19001978559615684,0.0,not_at_risk,unqualified,Cederberg,not_at_risk,unqualified
WC012,2019,285189581.0,363686248.0,-78496667.0,0.23715156807358853,0.9780326261422577,0.0,0.08880092986083983,0.196273989991505,0.0,not_at_risk,unqualified,Cederberg,not_at_risk,unqualified_emphasis_of_matter
WC012,2020,279229988.0,317413514.0,-38183526.0,0.6307819521509094,0.7587601585976671,332.7285647234996,0.10033788290438068,0.11412601670135569,0.0,not_at_risk,unqualified_emphasis_of_matter,Cederberg,not_at_risk,unqualified
WC012,2021,301801564.0,323070631.0,-21269067.0,0.3621479044314616,0.8365857396140406,307.8439750398378,0.0949231191491374,0.03960005884905087,0.0,not_at_risk,unqualified,Cederberg,not_at_risk,unqualified_emphasis_of_matter
WC012,2022,345614909.0,384865406.0,-39250497.0,0.3749875612358883,0.8805715441974381,241.9511388757827,0.0927403384236618,0.09147040615024776,0.0,not_at_risk,unqualified_emphasis_of_matter,Cederberg,not_at_risk,unqualified_emphasis_of_matter
WC012,2023,370819895.0,365945857.0,4874038.0,0.9436660571347855,0.8562783255592334,261.93518697264074,0.09253858829723,0.09901228913215979,0.0,not_at_risk,unqualified_emphasis_of_matter,Cederberg,not_at_risk,unqualified_emphasis_of_matter
WC013,2018,288347975.0,285476478.0,2871497.0,3.3922413460628444,0.9414980441519547,0.0,0.0,0.0,0.0,not_at_risk,unqualified,Bergrivier,not_at_risk,unqualified
WC013,2019,321357013.0,315385755.0,5971258.0,2.720235757001771,0.989864816089096,0.0,0.07465531536134218,0.04879756221075996,0.0,not_at_risk,unqualified,Bergrivier,not_at_risk,unqualified
WC013,2020,364063028.0,354278485.0,9784543.0,3.4496165241307275,0.8629411358219157,0.0,0.0634281841867987,4.516221186844016e-06,0.0,not_at_risk,unqualified,Bergrivier,not_at_risk,unqualified
WC013,2021,405190100.0,386791679.0,18398421.0,4.397559534883376,0.8794150527273271,175.27506554330915,0.0575467498617001,0.00024496390471729875,0.0,not_at_risk,unqualified,Bergrivier,not_at_risk,unqualified
WC013,2022,425629059.0,416774047.0,8855012.0,4.192436723393191,0.9557657317704991,0.0,0.061808308807673906,0.0,0.0,not_at_risk,unqualified,Bergrivier,not_at_risk,unqualified
WC013,2023,463342087.0,457863393.0,5478694.0,4.67349046181554,0.9019881343704583,203.72083181815512,0.058267080111381604,0.002989721434226999,0.0,not_at_risk,unqualified,Bergrivier,not_at_risk,unqualified
WC014,2018,1020057917.0,950967560.0,69090357.0,8.036704364552666,0.9514748563357102,0.0,0.0,0.04667359736224861,0.0,not_at_risk,unqualified_emphasis_of_matter,Saldanha Bay,not_at_risk,unqualified
WC014,2019,1071307010.0,1082503443.0,-11196433.0,6.653937266045259,0.9956591579397299,0.0,0.05028204700130455,0.01924192771366548,0.0,not_at_risk,unqualified,Saldanha Bay,not_at_risk,unqualified
WC014,2020,1125135318.0,1058076732.0,67058586.0,7.523692298716951,0.9918097027922469,169.82706609872858,0.04930244227315642,0.0011127756280723126,0.0,not_at_risk,unqualified,Saldanha Bay,not_at_risk,unqualified
WC014,2021,1142643207.0,1117373608.0,25269599.0,7.140917786918053,0.9974432226475884,172.27657319805866,0.04447585359470921,0.0003830052875206267,0.0,not_at_risk,unqualified,Saldanha Bay,not_at_risk,unqualified
WC014,2022,1252860066.0,1232104700.0,20755366.0,7.495793992182644,0.9982825546448099,155.6915001391704,0.04140110170832073,0.0009291426288691213,0.0,not_at_risk,unqualified,Saldanha Bay,not_at_risk,unqualified
WC014,2023,1404825557.0,1355682218.0,49143339.0,6.918834871078909,0.9790444869074892,150.54711814301083,0.0430260419628813,0.0008479560952683382,0.0,not_at_risk,unqualified,Saldanha Bay,not_at_risk,unqualified
WC015,2018,112367396.0,38786686.0,73580710.0,7.842139748675614,-10.324068393118633,0.0,0.0,0.0,0.0,not_at_risk,unqualified_emphasis_of_matter,Swartland,not_at_risk,unqualified_emphasis_of_matter
WC015,2019,755817061.0,692426093.0,63390968.0,9.10410897528092,0.9914355738404156,0.0,0.07683242087181137,0.013074781686483903,0.0,not_at_risk,unqualified_emphasis_of_matter,Swartland,not_at_risk,unqualified
WC015,2020,812507080.0,746094720.0,66412360.0,10.138646658697706,0.9650372127120754,164.48361593353746,0.07120721749645943,0.04404344263420065,0.0,not_at_risk,unqualified,Swartland,not_at_risk,unqualified
WC015,2021,847176825.0,780448722.0,66728103.0,9.843629388376396,1.0007617669299178,65.45865890512292,0.06443312620351757,0.019741213696292018,0.0,not_at_risk,unqualified,Swartland,not_at_risk,unqualified
WC015,2022,947446057.0,912284076.0,35161981.0,8.74847167671049,0.9791474977051171,66.22923881142924,0.06286855871854548,0.0,0.0,not_at_risk,unqualified,Swartland,not_at_risk,unqualified
WC015,2023,996623489.0,934531186.0,62092303.0,9.27117477703949,1.0081134286696465,68.72748241036089,0.06964079099228691,0.0004660764739851068,0.0,not_at_risk,unqualified,Swartland,not_at_risk,unqualified
WC022,2018,27100523.0,39314865.0,-12214342.0,1.4196651571867283,1.0,0.0,0.0,0.0,0.0,not_at_risk,unqualified,Witzenberg,not_at_risk,unqualified
WC022,2019,536858323.0,558668966.0,-21810643.0,-0.06946974749265024,1.0,0.0,0.03269261783193449,0.049536236455275016,0.0,not_at_risk,unqualified,Witzenberg,not_at_risk,unqualified
WC022,2020,606261417.0,600357673.0,5903744.0,0.7220237859773302,1.0,276.3973011662063,0.02410234540302111,0.0,0.0,not_at_risk,unqualified,Witzenberg,not_at_risk,unqualified
WC022,2021,623555063.0,646096183.0,-22541120.0,-0.2802527127760481,0.9289644232754476,320.3304363755924,0.03150088103832677,0.0,0.0,not_at_risk,unqualified,Witzenberg,not_at_risk,unqualified
WC022,2022,715692725.0,690509751.0,25182974.0,2.5177858321076774,0.9307040410382553,329.36416094630556,0.020612479373951664,0.0,0.0,not_at_risk,unqualified,Witzenberg,not_at_risk,unqualified
WC022,2023,763032567.0,727987230.0,35045337.0,3.7385554688919473,0.8920597593543775,364.97713131030747,0.03714235481850416,0.0074690348620538305,0.0,not_at_risk,unqualified,Witzenberg,not_at_risk,unqualified
WC023,2018,1886807497.0,2035223806.0,-148416309.0,-0.35483432233398315,0.9170753862647012,0.0,0.0,0.02351032149827359,0.0,not_at_risk,unqualified_emphasis_of_matter,Drakenstein,not_at_risk,unqualified
WC023,2019,1979252370.0,2266875911.0,-287623541.0,0.34860447727436283,0.9526783282904991,0.0,0.11652254528721753,0.00427368298061199,0.0,not_at_risk,unqualified,Drakenstein,not_at_risk,unqualified
WC023,2020,2229357305.0,2325997977.0,-96640672.0,0.40008355174936594,0.9187032786624973,121.13062987227164,0.1082585292377492,0.0021085568639770146,0.0,not_at_risk,unqualified,Drakenstein,not_at_risk,unqualified
WC023,2021,2401569571.0,2476200525.0,-74630954.0,0.672360652213334,0.9109603189815434,109.08743757979602,0.10096312413955247,0.0012571909942552008,0.0,not_at_risk,unqualified,Drakenstein,not_at_risk,unqualified
WC023,2022,2649866932.0,2624201430.0,25665502.0,1.05121631002236,0.9477479878758853,106.12607131285188,0.10270665998379552,0.010443806899381196,0.0,not_at_risk,unqualified,Drakenstein,not_at_risk,unqualified
WC023,2023,2780763587.0,2757562395.0,23201192.0,1.93766973965425,0.9267318341928611,114.90510700505659,0.10102942711473986,0.0001629243279552338,0.0,not_at_risk,unqualified,Drakenstein,not_at_risk,unqualified
WC024,2018,126954501.0,695590935.0,-568636434.0,-0.05172950679697975,1.0,0.0,0.0,0.042086643926721096,0.0,not_at_risk,unqualified_emphasis_of_matter,Stellenbosch,not_at_risk,unqualified_emphasis_of_matter
WC024,2019,1518361672.0,1526075768.0,-7714096.0,0.3032829363423848,1.0,0.0,0.004849001704350501,0.034700915977063075,0.0,not_at_risk,unqualified_emphasis_of_matter,Stellenbosch,not_at_risk,unqualified
WC024,2020,1617512496.0,1659810244.0,-42297748.0,3.0020954684504284,1.0,123.11413446106694,0.029887971338487532,0.018545334993124673,0.0,not_at_risk,unqualified,Stellenbosch,not_at_risk,unqualified
WC024,2021,1736284353.0,1812983689.0,-76699336.0,2.2112723442157782,1.0,0.0,0.03657054909113416,0.049542763426372996,0.0,not_at_risk,unqualified,Stellenbosch,not_at_risk,unqualified
WC024,2022,1949812685.0,1926662472.0,23150213.0,2.7616678838803894,1.0,0.0,0.03316869920327176,0.023405511165216695,0.0,not_at_risk,unqualified,Stellenbosch,not_at_risk,unqualified
WC024,2023,2102017035.0,1953591005.0,148426030.0,3.5645200976956795,0.9527225997272571,196.93743116834446,0.04350568659584916,0.019670242595122924,0.0,not_at_risk,unqualified,Stellenbosch,not_at_risk,unqualified
WC025,2018,927754346.0,957193449.0,-29439103.0,1.6657771839807065,0.8227432336492163,0.0,0.0,0.0,0.0,not_at_risk,unqualified,Breede Valley,not_at_risk,unqualified_emphasis_of_matter
WC025,2019,951038510.0,1058073292.0,-107034782.0,-0.12003593036539854,0.9894945745291586,0.0,0.047952475866860834,0.0,0.0,not_at_risk,unqualified_emphasis_of_matter,Breede Valley,not_at_risk,unqualified
WC025,2020,1010668092.0,1009381939.0,1286153.0,1.7442694781563752,0.8820198183602018,141.3845906099903,0.0397579126883902,0.0,0.0,not_at_risk,unqualified,Breede Valley,not_at_risk,unqualified
WC025,2021,1070848467.0,1071446976.0,-598509.0,1.0006764795797043,0.9030423737372322,140.9547589145496,0.04341640981027884,0.0,0.0,not_at_risk,unqualified,Breede Valley,not_at_risk,unqualified
WC025,2022,1132248782.0,1136012164.0,-3763382.0,1.9298827684031736,0.9100342429168898,153.90294859244105,0.0667549894298491,0.0,0.0,not_at_risk,unqualified,Breede Valley,not_at_risk,unqualified
WC025,2023,1272243967.0,1236607167.0,35636800.0,1.5427928342259074,0.870171738594858,153.12120204379008,0.06213260528515116,0.0,0.0,not_at_risk,unqualified,Breede Valley,not_at_risk,unqualified
WC026,2018,1276350.0,1231854.0,44496.0,0.0,,0.0,0.0,0.6790642397556853,0.0,not_at_risk,unqualified_emphasis_of_matter,Langeberg,not_at_risk,unqualified
WC026,2019,649389305.0,647278589.0,2110716.0,-0.6987663730678415,0.9983208717727933,0.0,0.048357287776747394,0.01743116981118002,0.0,not_at_risk,unqualified,Langeberg,not_at_risk,unqualified
WC026,2020,730239841.0,682763120.0,47476721.0,2.1653885757625573,0.9871231681344317,101.83859200035074,0.029553571962117695,0.003957217255671337,0.0,not_at_risk,unqualified,Langeberg,not_at_risk,unqualified
WC026,2021,777431658.0,771288725.0,6142933.0,3.8593305976306085,0.9892880289544909,138.16183094643156,0.029012088825750695,0.0014218488672967443,0.0,not_at_risk,unqualified,Langeberg,not_at_risk,unqualified
WC026,2022,917927981.0,854834533.0,63093448.0,5.033523085338435,0.9819839606759341,92.09597325152244,0.027430694590341264,0.00028682042025085107,0.0,not_at_risk,unqualified,Langeberg,not_at_risk,unqualified
WC026,2023,911115199.0,875034251.0,36080948.0,5.020782067649601,0.9842495656084309,98.43556884841298,0.03406662649597244,0.0,0.0,not_at_risk,unqualified,Langeberg,not_at_risk,unqualified
WC031,2018,476571896.0,458488406.0,18083490.0,1.6724670067229574,0.7273019680408759,0.0,0.0,0.0411196090310733,0.0,not_at_risk,unqualified_emphasis_of_matter,Theewaterskloof,not_at_risk,unqualified
WC031,2019,525549220.0,509392239.0,16156981.0,3.3969974795787965,0.9227291028707516,0.0,0.18446437893216508,0.19883651387943505,0.0,not_at_risk,unqualified,Theewaterskloof,not_at_risk,unqualified
WC031,2020,541897285.0,512459764.0,29437521.0,3.259306570652052,0.8034217815602734,160.4257829230497,0.17620375167639502,0.0018976084920493386,0.0,not_at_risk,unqualified,Theewaterskloof,not_at_risk,unqualified
WC031,2021,563971242.0,549625015.0,14346227.0,3.582587855831125,0.8323424319150245,166.5095804743179,0.2011058776136672,0.008145937462471572,0.0,not_at_risk,unqualified,Theewaterskloof,not_at_risk,unqualified
WC031,2022,602804530.0,613683610.0,-10879080.0,3.245637301605627,0.7893136320286729,363.37009954122277,0.19991610497793807,0.003227547497968864,0.0,not_at_risk,unqualified,Theewaterskloof,not_at_risk,unqualified_emphasis_of_matter
WC031,2023,664099467.0,805328005.0,-141228538.0,1.2802191474764373,0.7571497101033182,297.0198925035427,0.16064426071958096,0.24446968536751681,0.0,not_at_risk,unqualified_emphasis_of_matter,Theewaterskloof,at_risk,qualified
WC032,2020,1300468597.0,1199611764.0,100856833.0,1.2066464463247795,0.975062720035562,0.0,0.15823076573297093,0.006836452630852993,0.0,not_at_risk,unqualified,Overstrand,not_at_risk,unqualified
WC032,2021,1290645806.0,1320935452.0,-30289646.0,-0.3732856796699859,0.9904525355794904,0.0,0.16012768275674988,0.0010983958359231016,0.0,not_at_risk,unqualified,Overstrand,not_at_risk,unqualified
WC032,2022,1476749510.0,1498693625.0,-21944115.0,4.934535385109148,0.974411858414027,0.0,0.1637332967236716,0.00016042905366999208,0.0,not_at_risk,unqualified,Overstrand,not_at_risk,unqualified
WC033,2018,287997301.0,286035345.0,1961956.0,2.0051407982464546,1.0,0.0,0.0,0.0008764930781543799,0.0,not_at_risk,unqualified,Cape Agulhas,not_at_risk,unqualified
WC033,2019,330731909.0,305510275.0,25221634.0,3.2912292327974897,1.0,0.0,0.1945560063405396,0.019575960252073355,0.0,not_at_risk,unqualified,Cape Agulhas,not_at_risk,unqualified
WC033,2020,342320871.0,334735573.0,7585298.0,2.6201632415088434,1.0,0.0,0.17845365063724494,0.015050883163827945,0.0,not_at_risk,unqualified,Cape Agulhas,not_at_risk,unqualified
WC033,2021,354228664.0,353430792.0,797872.0,3.7131161339219134,0.999933177966884,125.27062910131971,0.19350940989884097,0.011742861951881092,0.0,not_at_risk,unqualified,Cape Agulhas,not_at_risk,unqualified
WC033,2022,393296019.0,386467601.0,6828418.0,3.833390959983732,0.9949774554503588,108.15139747193831,0.18946808428580278,0.024993088618572194,0.0,not_at_risk,unqualified,Cape Agulhas,not_at_risk,unqualified
WC033,2023,405683928.0,418379261.0,-12695333.0,3.42965754222698,0.9587756263834892,0.0,0.19789857365802843,0.007040755301683082,0.0,not_at_risk,unqualified,Cape Agulhas,not_at_risk,unqualified
WC034,2018,29279052.0,44013914.0,-14734862.0,3.346006446961295,289.59746787424723,0.0,0.0,0.1056908958380752,0.0,not_at_risk,unqualified,Swellendam,not_at_risk,unqualified_emphasis_of_matter
WC034,2019,247771610.0,247046751.0,724859.0,0.4628346478436383,0.9988719579291899,0.0,0.06313098608611128,0.14418097326040122,0.0,not_at_risk,unqualified_emphasis_of_matter,Swellendam,not_at_risk,unqualified
WC034,2020,255869755.0,262600954.0,-6731199.0,4.062530222186474,0.82614010498848,95.53909468510649,0.04436085178883242,0.07683802245440434,0.0,not_at_risk,unqualified,Swellendam,not_at_risk,unqualified
WC034,2021,294732528.0,305285773.0,-10553245.0,4.315256210776648,0.8077305763880099,103.45738487677207,0.08122948788707557,0.06497564496724845,0.0,not_at_risk,unqualified,Swellendam,not_at_risk,unqualified
WC034,2022,327208525.0,324715757.0,2492768.0,0.130902523464545,0.9023856091836396,99.90812409303823,0.07769695327720114,0.16820314635978692,0.0,not_at_risk,unqualified,Swellendam,not_at_risk,unqualified_emphasis_of_matter
WC034,2023,332192317.0,327716267.0,4476050.0,4.4589753977638225,0.9573325215340988,78.54061674460701,0.08372033909442768,0.10716215377859165,0.0,not_at_risk,unqualified_emphasis_of_matter,Swellendam,not_at_risk,unqualified
WC041,2018,76445507.0,-3222654.0,79668161.0,-149.4656466378333,1.1457022578721325,0.0,-0.0,-9.48679659684223,0.0,not_at_risk,unqualified_emphasis_of_matter,Kannaland,at_risk,outstanding
WC041,2019,137212834.0,172271847.0,-35059013.0,0.69800619250341,0.9052084822834466,0.0,0.14213930149596643,0.0722526472941339,0.0,at_risk,outstanding,Kannaland,at_risk,qualified
WC041,2020,156810304.0,167396662.0,-10586358.0,2.2119651824359554,0.789195181273459,0.0,0.1371847426682857,0.10728104602229165,0.0,at_risk,qualified,Kannaland,at_risk,outstanding
WC041,2021,157387296.0,182032940.0,-24645644.0,3.633754440267789,0.8060375439921832,286.26089779825685,0.16277724240458896,0.11788804268062693,0.0,at_risk,outstanding,Kannaland,at_risk,disclaimer
WC041,2022,178599611.0,211493668.0,-32894057.0,1.7551866753760212,1.1116840994730488,403.1621819433862,0.1526749254734189,0.024039230337619375,0.0,at_risk,disclaimer,Kannaland,at_risk,outstanding
WC042,2018,424793654.0,405357851.0,19435803.0,6.508628288539057,0.9954202368406191,0.0,0.0,0.004163116603852333,0.0,not_at_risk,unqualified,Hessequa,not_at_risk,unqualified
WC042,2019,468598120.0,438263664.0,30334456.0,7.050790329722612,0.9961439442121977,0.0,0.1613967066181421,0.013368457121282134,0.0,not_at_risk,unqualified,Hessequa,not_at_risk,unqualified
WC042,2020,535915452.0,473998771.0,61916681.0,6.471714299022939,0.9630879772787122,99.46284144462399,0.16142054300811678,0.000246078697111221,0.0,not_at_risk,unqualified,Hessequa,not_at_risk,unqualified
WC042,2021,532122483.0,499365596.0,32756887.0,8.378692880556393,0.9952335748610296,101.66253483598813,0.16475452586044795,0.00024286014289218275,0.0,not_at_risk,unqualified,Hessequa,not_at_risk,unqualified
WC042,2022,632764294.0,573007119.0,59757175.0,7.595219898131842,0.9941501666131566,89.23196650062559,0.15477698105178342,2.67535943126738e-06,0.0,not_at_risk,unqualified,Hessequa,not_at_risk,unqualified
WC042,2023,653236408.0,605026186.0,48210222.0,8.22933499278327,0.9971123689910514,88.66349667699477,0.15663669803541364,0.008945728507691401,0.0,not_at_risk,unqualified,Hessequa,not_at_risk,unqualified
WC043,2018,3556307.0,1658600.0,1897707.0,0.0,,0.0,0.0,13.500805498613289,0.0,not_at_risk,unqualified_emphasis_of_matter,Mossel Bay,not_at_risk,unqualified_emphasis_of_matter
WC043,2019,990127342.0,977352569.0,12774773.0,2.7788868235941577,1.0116892549110472,0.0,0.10007082612988967,0.02197230219793897,0.0,not_at_risk,unqualified_emphasis_of_matter,Mossel Bay,not_at_risk,unqualified
WC043,2020,1127061644.0,1078404459.0,48657185.0,5.94006796479687,0.9990332036108538,78.31119214717948,0.1024746328501596,0.040385641617603885,0.0,not_at_risk,unqualified,Mossel Bay,not_at_risk,unqualified
WC043,2021,1246960405.0,1227697601.0,19262804.0,5.410679576623201,0.9599449833857567,89.0782930753924,0.09798790345604007,0.03512080333534837,0.0,not_at_risk,unqualified,Mossel Bay,not_at_risk,unqualified
WC043,2022,1366610337.0,1585032756.0,-218422419.0,4.452276172392238,0.9533219272615094,108.89597975432261,0.07079102723603271,0.0007662245435639439,0.0,not_at_risk,unqualified,Mossel Bay,not_at_risk,unqualified
WC043,2023,1417211222.0,1380540689.0,36670533.0,5.334634140580553,1.0363628537073675,88.45236063901278,0.08391945266308627,0.001982502233949006,0.0,not_at_risk,unqualified,Mossel Bay,not_at_risk,unqualified
WC044,2020,2100151039.0,2023909091.0,76241948.0,1.4046198382336335,0.9162200208734532,97.45020538972769,0.035867232536681164,0.0017430471633767665,0.0,not_at_risk,unqualified_emphasis_of_matter,George,not_at_risk,unqualified
WC044,2021,2221131104.0,2224086033.0,-2954929.0,-0.7007908529049245,0.9467856530469841,114.62578845593438,0.029779847999252283,0.002487550354577493,0.0,not_at_risk,unqualified,George,not_at_risk,unqualified
WC044,2022,2417369772.0,2393233247.0,24136525.0,2.9710400542500905,0.9582841156936078,112.57967646995132,0.06390608988560487,0.006427401933882628,0.0,not_at_risk,unqualified,George,not_at_risk,unqualified
WC044,2023,2687133949.0,2675324063.0,11809886.0,3.7851543878555547,0.9276897636258432,128.80188936014966,0.08267749543282152,6.474729637267125e-05,0.0,not_at_risk,unqualified,George,not_at_risk,unqualified
WC045,2018,3317188.0,-3017032.0,6334220.0,-23.060418318400334,-7.950269546496771,0.0,-0.0,-15.716318885580266,0.0,at_risk,qualified,Oudtshoorn,not_at_risk,unqualified_emphasis_of_matter
WC045,2019,611393743.0,575417004.0,35976739.0,2.664056976668698,0.9987313656063754,0.0,0.02961422738908147,0.2955508332527483,0.0,not_at_risk,unqualified_emphasis_of_matter,Oudtshoorn,not_at_risk,unqualified_emphasis_of_matter
WC045,2020,600780026.0,607987512.0,-7207486.0,3.5244677722920073,0.9697909976813096,65.33186224803019,0.02163025512931917,0.043862094983293014,0.0,not_at_risk,unqualified_emphasis_of_matter,Oudtshoorn,not_at_risk,unqualified_emphasis_of_matter
WC045,2021,586560951.0,573676278.0,12884673.0,2.4257629422145985,1.0,138.92690723116343,0.026882540888330055,0.04290683603968021,0.0,not_at_risk,unqualified_emphasis_of_matter,Oudtshoorn,not_at_risk,unqualified_emphasis_of_matter
WC045,2022,658412628.0,678567892.0,-20155264.0,2.5453523875249906,1.002079895520305,132.4153407413079,0.025053770153922933,0.014637575866911192,0.0,not_at_risk,unqualified_emphasis_of_matter,Oudtshoorn,not_at_risk,unqualified
WC045,2023,720284564.0,728697861.0,-8413297.0,2.1264938665711273,0.9763324021376155,120.46666776826832,0.03199416280432858,0.007351289590240748,0.0,not_at_risk,unqualified,Oudtshoorn,not_at_risk,unqualified_emphasis_of_matter
WC047,2018,66038780.0,91794542.0,-25755762.0,1.5025607078033028,-30.823589455309328,0.0,0.0,0.18208279747177125,0.0,not_at_risk,unqualified_emphasis_of_matter,Bitou,not_at_risk,unqualified_emphasis_of_matter
WC047,2019,714102705.0,851576209.0,-137473504.0,-0.7151788901138736,0.9640052965845523,0.0,0.044348744834415636,0.056761820597080584,0.0,not_at_risk,unqualified_emphasis_of_matter,Bitou,not_at_risk,unqualified_emphasis_of_matter
WC047,2020,663994923.0,649042232.0,14952691.0,2.324348798307473,0.9527489883787601,0.0,0.06871844820107176,0.1826798752904572,0.0,not_at_risk,unqualified_emphasis_of_matter,Bitou,not_at_risk,unqualified_emphasis_of_matter
WC047,2021,736841590.0,763556285.0,-26714695.0,1.1545686851362897,0.9839793543126354,0.0,0.04732830271968752,0.057729926222793125,0.0,not_at_risk,unqualified_emphasis_of_matter,Bitou,not_at_risk,unqualified_emphasis_of_matter
WC047,2023,839978933.0,796793986.0,43184947.0,1.431909286524158,0.9499606505532768,0.0,0.0506946747964034,0.00022006315695259277,0.0,not_at_risk,unqualified,Bitou,not_at_risk,unqualified_emphasis_of_matter
WC048,2018,84061344.0,110376588.0,-26315244.0,0.0,92.31396880830395,0.0,0.0,0.16792259423710398,0.0,not_at_risk,unqualified_emphasis_of_matter,Knysna,not_at_risk,unqualified_emphasis_of_matter
WC048,2019,892279831.0,907828055.0,-15548224.0,0.6820552995578,1.0060326667004404,0.0,0.06739292166951152,0.13412174180935618,0.0,not_at_risk,unqualified_emphasis_of_matter,Knysna,not_at_risk,unqualified_emphasis_of_matter
WC048,2020,810126743.0,896732037.0,-86605294.0,0.24576302273897682,0.845586873147362,52.47223574250035,0.06983472811956645,0.09874072671276715,0.0,not_at_risk,unqualified_emphasis_of_matter,Knysna,not_at_risk,unqualified_emphasis_of_matter
WC048,2021,956771048.0,953878166.0,2892882.0,0.5325253413966915,0.7713015332819665,229.30095091046275,0.048059376589190114,0.07097346958248754,0.0,not_at_risk,unqualified_emphasis_of_matter,Knysna,not_at_risk,unqualified_emphasis_of_matter
WC048,2022,876691167.0,816977729.0,59713438.0,0.6341559207913242,0.9267385765060919,286.9504001515736,0.0606450533977775,0.07814775450261999,0.0,not_at_risk,unqualified_emphasis_of_matter,Knysna,at_risk,qualified
WC048,2023,1010105331.0,916793688.0,93311643.0,0.26646399424163575,0.9210664707119514,269.34802413195064,0.06260642361665125,0.07816264546533397,0.0,at_risk,qualified,Knysna,not_at_risk,unqualified_emphasis_of_matter
WC051,2018,74807339.0,74147131.0,660208.0,3.5328238930782097,0.10859187701078157,0.0,0.0,0.1932147044232905,0.0,at_risk,qualified,Laingsburg,at_risk,qualified
WC051,2019,77432693.0,87894007.0,-10461314.0,1.30315110107564,1.0,0.0,0.015473068601821738,0.2688684906582994,0.0,at_risk,qualified,Laingsburg,at_risk,qualified
WC051,2020,77033033.0,89174037.0,-12141004.0,1.6271858141849067,-0.18068548562291992,0.0,0.011623921433544609,0.16109909883299328,0.0,at_risk,qualified,Laingsburg,at_risk,outstanding
WC051,2021,76668808.0,93521471.0,-16852663.0,1.2339429519879985,1.0,0.0,0.02850326210117033,0.14820701440848807,0.0,at_risk,outstanding,Laingsburg,at_risk,adverse
WC051,2022,57370719.0,60837976.0,-3467257.0,0.016982813497937538,1.0058716686655556,158.9595350896683,0.026955005866730348,0.08876292991732664,0.0,at_risk,adverse,Laingsburg,at_risk,adverse
WC051,2023,77292246.0,82129092.0,-4836846.0,0.3693606645499015,1.0,142.48283016643092,0.023325400943188315,0.045310180709169416,0.0,at_risk,adverse,Laingsburg,at_risk,adverse
WC052,2018,63327652.0,51530642.0,11797010.0,5.918173734377304,1.0,0.0,0.0,0.014983589763931139,0.0,not_at_risk,unqualified_emphasis_of_matter,Prince Albert,not_at_risk,unqualified
WC052,2019,56040893.0,59179663.0,-3138770.0,6.683634545198408,1.0,0.0,0.11176809168379347,0.14220795748701712,0.0,not_at_risk,unqualified,Prince Albert,not_at_risk,unqualified
WC052,2020,68257086.0,69114598.0,-857512.0,9.02274110022314,1.0,0.0,0.18506327708076953,0.05065644742663482,0.0,not_at_risk,unqualified,Prince Albert,not_at_risk,unqualified_emphasis_of_matter
WC052,2021,77988248.0,71519931.0,6468317.0,8.714258574997785,0.7281980648166219,213.0198290260348,0.2053944515131034,0.011782659577789581,0.0,not_at_risk,unqualified_emphasis_of_matter,Prince Albert,not_at_risk,unqualified
WC052,2022,81201574.0,80377074.0,824500.0,6.846881338327892,1.0,241.23939019950524,0.21080293368230846,0.000948317675759135,0.0,not_at_risk,unqualified,Prince Albert,not_at_risk,unqualified_emphasis_of_matter
WC052,2023,87299276.0,94974523.0,-7675247.0,6.62014447811441,1.0987552490275527,189.36642189334995,0.21482180015792235,0.017839163035333172,0.0,not_at_risk,unqualified_emphasis_of_matter,Prince Albert,not_at_risk,unqualified_emphasis_of_matter
WC053,2018,128184083.0,80814293.0,47369790.0,0.32443612418907136,0.9198429166700032,0.0,0.0,0.6462432579840797,0.0,at_risk,qualified,Beaufort West,at_risk,qualified
WC053,2019,-1461954.0,33388015.0,-34849969.0,-0.10412227261788398,1.0,-0.0,0.013748885640550958,2.0508173966017447,-0.0,at_risk,qualified,Beaufort West,at_risk,disclaimer
WC053,2020,293573473.0,336781231.0,-43207758.0,0.10014411996730305,0.7044287203356122,0.0,0.016613696028683973,0.22446468817616502,0.0,at_risk,disclaimer,Beaufort West,at_risk,outstanding
WC053,2021,302786848.0,354148820.0,-51361972.0,0.21772738364623098,0.6324186019140147,363.30393960836767,0.008341575160408553,0.06571398430750101,0.0,at_risk,outstanding,Beaufort West,at_risk,qualified
WC053,2022,301417007.0,327282814.0,-25865807.0,1.1198127867477943,0.8514097774616295,450.9368846595972,0.017924463946952008,0.025362086381963217,0.0,at_risk,qualified,Beaufort West,at_risk,qualified
WC053,2023,332926862.0,369201017.0,-36274155.0,0.49637977026482566,0.7523845747548641,421.4421397453955,0.011039557889408523,0.07524618763441814,0.0,at_risk,qualified,Beaufort West,at_risk,qualified
