demarcation.code,financial_year_end.year,total_revenue,total_expenditure,operating_surplus,cash_coverage_ratio,collection_rate,debtor_days,repairs_maintenance_ratio,irregular_expenditure_ratio,grant_dependency,prior_audit_outcome,prior_audit_opinion_raw,Name,target_next_year,target_opinion_raw
BUF,2018,5504777560.0,6105514561.0,-600737001.0,3.581674279132065,1.0,0.0,0.0,0.03493900045094,0.0,at_risk,qualified,Buffalo City,at_risk,qualified
BUF,2019,6011582409.0,6877780480.0,-866198071.0,2.044205243375258,1.0,0.0,0.0563709363983655,0.0192711790359438,0.0,at_risk,qualified,Buffalo City,at_risk,qualified
BUF,2020,6668511530.0,7830442944.0,-1161931414.0,2.10518466271836,1.0,0.0,4.750114427243313e-05,0.0385850186459132,1.813338021775903,at_risk,qualified,Buffalo City,at_risk,qualified
BUF,2021,7884806636.0,8276988077.0,-392181441.0,1.6606145907342955,1.0,469.72403990225126,0.0466195500597916,0.0376009518323243,0.9570373504844945,at_risk,qualified,Buffalo City,not_at_risk,unqualified_emphasis_of_matter
CPT,2018,37086598058.0,33389754913.0,3696843145.0,2.7636536721050478,1.0,0.0,0.0,0.0070686053436141,0.0,not_at_risk,unqualified_emphasis_of_matter,Cape Town,not_at_risk,unqualified_emphasis_of_matter
CPT,2019,40467931573.0,36185942352.0,4281989221.0,3.6912857472846063,1.0,0.0,0.0290347580499566,0.0262635139014826,0.0,not_at_risk,unqualified_emphasis_of_matter,Cape Town,not_at_risk,unqualified_emphasis_of_matter
CPT,2020,42553859099.0,40440135812.0,2113723287.0,3.5476867574076683,1.0,0.0,0.0289423687259895,0.0165470265260938,0.9074097636636534,not_at_risk,unqualified_emphasis_of_matter,Cape Town,not_at_risk,unqualified_emphasis_of_matter
CPT,2021,43476537035.0,43393150340.0,83386695.0,2.988757584822084,1.0,0.0,0.0324664415918505,0.0175646615658926,0.6764481466020239,not_at_risk,unqualified_emphasis_of_matter,Cape Town,not_at_risk,unqualified
DC1,2018,344413110.0,334102397.0,10310713.0,1.2705354759846277,0.990960762131996,0.0,0.0,0.0031931797244783,0.0,not_at_risk,unqualified,West Coast,not_at_risk,unqualified
DC1,2019,357962076.0,349128739.0,8833337.0,10.538666391482598,0.9969258185308548,0.0,0.0237287627014858,0.0130284347631433,0.0,not_at_risk,unqualified,West Coast,not_at_risk,unqualified
DC1,2020,422985664.0,366846654.0,56139010.0,0.8213295574995213,0.9934816849443064,22.80619124008893,0.0229345747283277,0.0307307450594874,1.401528284419587,not_at_risk,unqualified,West Coast,not_at_risk,unqualified
DC1,2021,450973694.0,416677619.0,34296075.0,-0.1857377225725195,0.9920879077198588,9.931429681129028,0.0265147982426193,0.0207649045820241,1.024273579913067,not_at_risk,unqualified,West Coast,not_at_risk,unqualified
DC10,2018,111015448.0,104217956.0,6797492.0,24.60146660331738,,0.0,0.0,0.002960315207103,0.0,not_at_risk,unqualified_emphasis_of_matter,Sarah Baartman,not_at_risk,unqualified_emphasis_of_matter
DC10,2019,112318112.0,113388992.0,-1070880.0,23.846723745458466,,0.0,0.0068444474751129,0.0123475742689378,0.0,not_at_risk,unqualified_emphasis_of_matter,Sarah Baartman,not_at_risk,unqualified_emphasis_of_matter
DC10,2020,113384659.0,109030894.0,4353765.0,65.81475422920039,,40.48097975053221,0.0024995851175906,0.0460022275888153,4.759068861335113,not_at_risk,unqualified_emphasis_of_matter,Sarah Baartman,not_at_risk,unqualified_emphasis_of_matter
DC10,2021,110452623.0,118271676.0,-7819053.0,56.574348468690005,,11.831601319237118,0.0028069019669595,0.0145258954476978,4.163462048339042,not_at_risk,unqualified_emphasis_of_matter,Sarah Baartman,not_at_risk,unqualified_emphasis_of_matter
DC12,2019,1324309798.0,1573896304.0,-249586506.0,0.0655602886529175,1.0,0.0,0.0,0.0795666065685099,0.0,at_risk,disclaimer,Amathole,at_risk,adverse
DC12,2020,1438405111.0,1705026479.0,-266621368.0,1.3804825537844332,-0.0094596980889692,0.0,0.0085390374749716,0.0612417298417803,5.976591625166994,at_risk,adverse,Amathole,at_risk,adverse
DC12,2021,1520638143.0,1845369317.0,-324731174.0,0.6249632511907642,-0.1965041780359233,791.5268604636074,0.010322424798396,0.0212599996318243,5.310908415112667,at_risk,adverse,Amathole,at_risk,disclaimer
DC13,2018,976508011.0,1140221357.0,-163713346.0,0.67899456824505,1.0,0.0,0.0,0.2012518583266635,0.0,at_risk,qualified,Chris Hani,at_risk,disclaimer
DC13,2019,977395938.0,1199928029.0,-222532091.0,3.779419353825261,1.0,0.0,0.0630792182286792,0.0789711646947452,0.0,at_risk,disclaimer,Chris Hani,at_risk,disclaimer
DC13,2020,1079435841.0,1250824555.0,-171388714.0,0.4053044001842449,1.0,1360.5369869314911,0.0331809939564226,0.0201439969332869,7.11493990127756,at_risk,disclaimer,Chris Hani,at_risk,disclaimer
DC13,2021,1157963060.0,1321676114.0,-163713054.0,1.5545770058457755,1.0,1515.1486327465402,0.0325564399206506,0.0427523645176506,6.1470832739690335,at_risk,disclaimer,Chris Hani,at_risk,qualified
DC14,2018,375997912.0,563791099.0,-187793187.0,0.4532864893633235,0.6552074116854739,0.0,0.0,0.1121326819670134,0.0,not_at_risk,unqualified,Joe Gqabi,not_at_risk,unqualified_emphasis_of_matter
DC14,2019,546218483.0,616706095.0,-70487612.0,0.1055701387222385,1.0,0.0,0.1313477159650903,0.0160765493974889,0.0,not_at_risk,unqualified_emphasis_of_matter,Joe Gqabi,not_at_risk,unqualified_emphasis_of_matter
DC14,2020,477363289.0,661460654.0,-184097365.0,1.5146186155465569,0.4822887637740695,0.0,0.117637630491624,0.1908155265724996,7.209544594871433,not_at_risk,unqualified_emphasis_of_matter,Joe Gqabi,not_at_risk,unqualified
DC14,2021,645001452.0,613028087.0,31973365.0,0.1026256208061801,0.4876665839710026,834.0331274168976,0.0580566547516117,0.0865658803003589,5.006835262132092,not_at_risk,unqualified,Joe Gqabi,not_at_risk,unqualified
DC15,2018,1466460485.0,1464321036.0,2139449.0,-0.5740400221908716,1.0,0.0,0.0,0.9253661893033134,0.0,at_risk,qualified,O R Tambo,at_risk,qualified
DC15,2019,1132824895.0,1633886395.0,-501061500.0,1.983953972515941,1.0,0.0,0.0888336811201613,0.6004359256568753,0.0,at_risk,qualified,O R Tambo,at_risk,qualified
DC15,2020,1175528872.0,1681055342.0,-505526470.0,2.3053770088195,0.7208424650022124,74.09278427744138,0.0370968477015196,0.4141384138916706,11.726120509952052,at_risk,qualified,O R Tambo,at_risk,qualified
DC15,2021,1440409613.0,1750146800.0,-309737187.0,2.724820946448607,0.934636698999457,75.02162035001636,0.048616029238233,0.1427651646136198,7.078389866313674,at_risk,qualified,O R Tambo,at_risk,qualified
DC16,2018,57623951.0,59052816.0,-1428865.0,0.2073159728741809,,0.0,0.0,0.029559081483938,0.0,not_at_risk,unqualified_emphasis_of_matter,Xhariep,not_at_risk,unqualified_emphasis_of_matter
DC16,2019,68965758.0,62014863.0,6950895.0,1.4262455760000632,,0.0,0.0,0.0397800927174506,0.0,not_at_risk,unqualified_emphasis_of_matter,Xhariep,not_at_risk,unqualified_emphasis_of_matter
DC16,2020,67962784.0,67699906.0,262878.0,1.8924595257192824,,0.0,0.0,0.0647202671152896,6.955060581391133,not_at_risk,unqualified_emphasis_of_matter,Xhariep,not_at_risk,unqualified_emphasis_of_matter
DC16,2021,62708310.0,68918086.0,-6209776.0,1.2762138519052897,,114.31358395721396,0.0054956546529745,0.053644307533439,3.760852461180982,not_at_risk,unqualified_emphasis_of_matter,Xhariep,not_at_risk,unqualified_emphasis_of_matter
DC18,2018,125564710.0,115797908.0,9766802.0,1.5198069381357049,,0.0,0.0,0.0516590334257161,0.0,not_at_risk,unqualified_emphasis_of_matter,Lejweleputswa,not_at_risk,unqualified_emphasis_of_matter
DC18,2019,132956499.0,127125484.0,5831015.0,2.9226460998174053,,0.0,0.0184939236888175,0.0045882224527066,0.0,not_at_risk,unqualified_emphasis_of_matter,Lejweleputswa,not_at_risk,unqualified_emphasis_of_matter
DC18,2020,145164311.0,149874473.0,-4710162.0,0.4792797236391283,,150.0002661122402,0.0162928879823317,0.0078239607888396,4.47483480977635,not_at_risk,unqualified_emphasis_of_matter,Lejweleputswa,not_at_risk,unqualified_emphasis_of_matter
DC18,2021,147891735.0,155392191.0,-7500456.0,9.361151642427128,,0.0,0.0150716711369363,0.0699452265268593,4.726494594170526,not_at_risk,unqualified_emphasis_of_matter,Lejweleputswa,not_at_risk,unqualified_emphasis_of_matter
DC19,2018,119366210.0,111989056.0,7377154.0,0.0558284909554019,,0.0,0.0,0.1247763710053953,0.0,at_risk,qualified,Thabo Mofutsanyana,not_at_risk,unqualified_emphasis_of_matter
DC19,2019,125513909.0,119020592.0,6493317.0,0.7932949619339821,1.0,0.0,0.0149164692442464,0.1430252338183631,0.0,not_at_risk,unqualified_emphasis_of_matter,Thabo Mofutsanyana,at_risk,qualified
DC19,2020,228286428.0,178904653.0,49381775.0,3.772256096659487,,8.200395557461698,0.0085138646449849,0.1369838156193735,3.3532908491607745,at_risk,qualified,Thabo Mofutsanyana,not_at_risk,unqualified_emphasis_of_matter
DC19,2021,172524077.0,163303299.0,9220778.0,1.3166982009346917,,0.0,0.0024573355373549,0.1036167003582701,3.720569877327905,not_at_risk,unqualified_emphasis_of_matter,Thabo Mofutsanyana,not_at_risk,unqualified_emphasis_of_matter
DC2,2018,220082.0,-1597823.0,1817905.0,-0.0,,0.0,-0.0,-0.1010531204019469,0.0,not_at_risk,unqualified,Cape Winelands DM,not_at_risk,unqualified
DC2,2019,417221746.0,356710248.0,60511498.0,1.3542476525653393,,0.0,0.0144686507576872,0.0003784948729591,0.0,not_at_risk,unqualified,Cape Winelands DM,not_at_risk,unqualified
DC2,2020,414996390.0,368843728.0,46152662.0,23.32671479776389,,0.0840465985740261,0.0115593289958288,0.0,3.3191160964074893,not_at_risk,unqualified,Cape Winelands DM,not_at_risk,unqualified
DC2,2021,401258631.0,374764907.0,26493724.0,24.5322961682749,,0.0554751680842972,0.0172353837815449,0.0039652111823799,2.687712175342591,not_at_risk,unqualified,Cape Winelands DM,not_at_risk,unqualified
DC20,2018,155055404.0,167265089.0,-12209685.0,6.413885494061466,,0.0,0.0,0.084761118322784,0.0,at_risk,qualified,Fezile Dabi,at_risk,disclaimer
DC20,2019,162841794.0,152529155.0,10312639.0,7.314930316109074,,0.0,0.0106865733308494,0.190904302852789,0.0,at_risk,disclaimer,Fezile Dabi,at_risk,qualified
DC20,2020,168091973.0,170636738.0,-2544765.0,7.546928797947369,,0.0,0.0332110427474299,0.2763512157622235,4.206990574142407,at_risk,qualified,Fezile Dabi,at_risk,qualified
DC20,2021,175721494.0,182925714.0,-7204220.0,6.428057632181772,,0.0,0.0202659370240315,0.1516134740903621,3.892405501628617,at_risk,qualified,Fezile Dabi,at_risk,qualified
DC21,2018,56725338.0,619988666.0,-563263328.0,-1.991570303964234,1.0,0.0,0.0,0.2117904361819414,0.0,at_risk,adverse,Ugu,at_risk,qualified
DC21,2019,1162828486.0,1399209517.0,-236381031.0,-0.1103713504830313,1.0,0.0,0.1187270941068077,0.2302432238244989,0.0,at_risk,qualified,Ugu,at_risk,qualified
DC21,2021,1069571978.0,1296091611.0,-226519633.0,0.7248926665570402,1.0,556.5268874873235,0.0630565727811041,0.1371444738098841,3.772497287695397,at_risk,qualified,Ugu,not_at_risk,unqualified_emphasis_of_matter
DC22,2018,27547379.0,239478581.0,-211931202.0,-4.7532761186688335,1.0,0.0,0.0,0.0293943699290585,0.0,at_risk,qualified,uMgungundlovu,at_risk,qualified
DC22,2019,35118178.0,198109158.0,-162990980.0,-3.2207893993472023,1.0,0.0,0.0125431253410304,0.0393878459672217,0.0,at_risk,qualified,uMgungundlovu,not_at_risk,unqualified_emphasis_of_matter
DC22,2020,883303881.0,991833592.0,-108529711.0,1.0725411929786706,0.4056066795964233,677.4603816724315,0.0266902353514963,0.0417161642171926,19.980654370067235,not_at_risk,unqualified_emphasis_of_matter,uMgungundlovu,not_at_risk,unqualified_emphasis_of_matter
DC22,2021,949654079.0,1048320938.0,-98666859.0,0.9431164294841166,0.3685672337352919,770.1086939731873,0.019042614028186,0.0127177188938298,4.1327249940659705,not_at_risk,unqualified_emphasis_of_matter,uMgungundlovu,not_at_risk,unqualified_emphasis_of_matter
DC23,2018,600447237.0,695221409.0,-94774172.0,0.1037498717189245,0.2886899191258694,0.0,0.0,0.57511764859934,0.0,at_risk,qualified,Uthukela,at_risk,qualified
DC23,2019,729337659.0,807963626.0,-78625967.0,1.947922432834866,1.0,0.0,0.0178544733151143,0.303928688245181,0.0,at_risk,qualified,Uthukela,at_risk,qualified
DC23,2020,685959663.0,805937683.0,-119978020.0,0.5803298516319655,0.7273157472088913,1156.567087400298,0.0201882060402429,0.1666206802741099,7.39429213055637,at_risk,qualified,Uthukela,at_risk,qualified
DC23,2021,943487642.0,1292870278.0,-349382636.0,0.4256377003664091,-0.5370990460735602,542.367684991893,0.036148946104862,0.0640638217224141,4.688984763618134,at_risk,qualified,Uthukela,at_risk,qualified
DC24,2018,381516595.0,468226083.0,-86709488.0,3.8848721804334,-0.4129526098273405,0.0,0.0,0.5718782821417491,0.0,at_risk,adverse,Umzinyathi,at_risk,disclaimer
DC24,2019,430322497.0,595354984.0,-165032487.0,1.5738247284077491,1.0,0.0,0.3804597476923112,0.597400640892258,0.0,at_risk,disclaimer,Umzinyathi,at_risk,disclaimer
DC24,2020,443304326.0,623881952.0,-180577626.0,0.0427996737434071,1.0,538.2545834100433,0.3839985965806557,0.4782532673745305,10.936757553771312,at_risk,disclaimer,Umzinyathi,at_risk,qualified
DC24,2021,557068998.0,745841870.0,-188772872.0,0.183075980971677,0.1008278140299695,530.3130994825168,0.224941997423663,0.4021337016115762,7.16333578484294,at_risk,qualified,Umzinyathi,at_risk,adverse
DC25,2018,244310843.0,27573140.0,216737703.0,139.48302935392925,1.0,0.0,0.0,0.0985379974859591,0.0,at_risk,qualified,Amajuba,at_risk,qualified
DC25,2019,3271837.0,26104599.0,-22832762.0,-12.093044294608776,1.0,0.0,0.0495803057537869,0.9989066677484684,0.0,at_risk,qualified,Amajuba,at_risk,disclaimer
DC25,2021,236009749.0,260876467.0,-24866718.0,2.0506749656342134,1.0,66.19304232639983,0.0364666392082042,0.765294586728668,6.110075868094754,at_risk,qualified,Amajuba,at_risk,qualified
DC26,2018,432405399.0,657086689.0,-224681290.0,0.2410905085310593,1.0,0.0,0.0,0.187012132580272,0.0,at_risk,qualified,Zululand,at_risk,qualified
DC26,2019,477757907.0,627127276.0,-149369369.0,0.2387712633950241,1.0,0.0,0.122296565522052,0.1973701395823198,0.0,at_risk,qualified,Zululand,at_risk,qualified
DC26,2020,529507422.0,700854339.0,-171346917.0,0.2104294199140286,1.0,179.65525193337135,0.114882805912114,0.2670700409261503,14.799176382460605,at_risk,qualified,Zululand,not_at_risk,unqualified_emphasis_of_matter
DC26,2021,662421962.0,806033533.0,-143611571.0,0.2986215562324502,0.8284103556311992,169.0455569919646,0.0989659495965411,0.0222299312204917,8.63513142699819,not_at_risk,unqualified_emphasis_of_matter,Zululand,not_at_risk,unqualified_emphasis_of_matter
DC27,2018,18000314.0,171677277.0,-153676963.0,-3.013015519811629,1.0,0.0,0.0,1.351650102185626,0.0,at_risk,qualified,Umkhanyakude,at_risk,qualified
DC27,2019,425480379.0,646535781.0,-221055402.0,0.7450180889524504,1.0,0.0,0.1706170891723624,0.7645943604782486,0.0,at_risk,qualified,Umkhanyakude,at_risk,adverse
DC27,2020,478218888.0,620024121.0,-141805233.0,1.1647881034615426,1.0,0.0,0.0580527205005303,0.7683862028329056,11.293618745564896,at_risk,adverse,Umkhanyakude,at_risk,disclaimer
DC27,2021,582418256.0,566349363.0,16068893.0,3.701686677804209,1.0,221.504976142094,0.1260479072879261,0.341387148342215,7.369624282519056,at_risk,disclaimer,Umkhanyakude,at_risk,disclaimer
DC28,2018,697565447.0,866089303.0,-168523856.0,6.3941274517738735,1.0,0.0,0.0,0.0,0.0,at_risk,qualified,King Cetshwayo,not_at_risk,unqualified_emphasis_of_matter
DC28,2019,725559849.0,890480362.0,-164920513.0,6.662257412028139,1.0,0.0,0.2298123537956247,0.0077683150524098,0.0,not_at_risk,unqualified_emphasis_of_matter,King Cetshwayo,not_at_risk,unqualified_emphasis_of_matter
DC28,2020,672675331.0,911826180.0,-239150849.0,6.598894749874368,1.0,96.43843561731566,0.2018790083434542,0.1367436839771369,9.969471959125553,not_at_risk,unqualified_emphasis_of_matter,King Cetshwayo,not_at_risk,unqualified
DC28,2021,763611242.0,930182864.0,-166571622.0,3.753886371314619,1.0,85.41690955094661,0.1960762470034064,0.0332505512593489,5.9984284123465015,not_at_risk,unqualified,King Cetshwayo,not_at_risk,unqualified
DC29,2018,586946005.0,661855522.0,-74909517.0,1.7766338315751031,0.6800329860779754,0.0,0.0,0.0680284828083673,0.0,not_at_risk,unqualified_emphasis_of_matter,iLembe,not_at_risk,unqualified_emphasis_of_matter
DC29,2019,703208467.0,802050462.0,-98841995.0,3.0465944822309696,1.0,0.0,0.0365128110854451,0.5260212754543616,0.0,not_at_risk,unqualified_emphasis_of_matter,iLembe,not_at_risk,unqualified_emphasis_of_matter
DC29,2020,906141659.0,1094895712.0,-188754053.0,1.6133507078708882,0.4084607517341317,351.58924807804254,0.0379630082979081,0.1374148435791846,6.46119461990214,not_at_risk,unqualified_emphasis_of_matter,iLembe,not_at_risk,unqualified_emphasis_of_matter
DC29,2021,1048247612.0,1076786041.0,-28538429.0,2.281555977191573,0.5566001852865912,386.4271564493676,0.052397643405186,0.0357222219971181,4.36989096427343,not_at_risk,unqualified_emphasis_of_matter,iLembe,not_at_risk,unqualified_emphasis_of_matter
DC3,2018,-1491781.0,11656248.0,-13148029.0,2.988687955163617,0.8030848260270491,-0.0,0.0,0.0603840961516947,-0.0,not_at_risk,unqualified,Overberg,not_at_risk,unqualified_emphasis_of_matter
DC3,2019,199552338.0,201834144.0,-2281806.0,0.1997204199503529,1.0,0.0,0.4880079408169908,0.0842122678707919,0.0,not_at_risk,unqualified_emphasis_of_matter,Overberg,not_at_risk,unqualified
DC3,2020,213282859.0,207892762.0,5390097.0,-0.1036624834490389,1.0090973365603957,21.1611560870909,0.4834151320766039,0.0264848758900033,2.544266775793736,not_at_risk,unqualified,Overberg,not_at_risk,unqualified
DC3,2021,250994213.0,247909367.0,3084846.0,2.714324110230171,0.9944435440164472,8.644356154936528,0.0392610820550399,0.0276635775525174,1.5363633344008614,not_at_risk,unqualified,Overberg,not_at_risk,unqualified
DC30,2018,309541870.0,435281324.0,-125739454.0,4.0809674526720565,1.0,0.0,0.0,0.0,0.0,not_at_risk,unqualified,Gert Sibande,not_at_risk,unqualified
DC30,2019,315676005.0,435425309.0,-119749304.0,5.234320111603802,1.0,0.0,0.0754210385138637,0.0,0.0,not_at_risk,unqualified,Gert Sibande,not_at_risk,unqualified_emphasis_of_matter
DC30,2020,325443049.0,502232511.0,-176789462.0,3.706812170110589,1.0,0.0,0.0670375558383555,0.0,5.585254266715034,not_at_risk,unqualified_emphasis_of_matter,Gert Sibande,not_at_risk,unqualified
DC30,2021,339892818.0,353458116.0,-13565298.0,6.342936813480893,1.0,0.0,0.0727865419845105,0.0,4.367901936662869,not_at_risk,unqualified,Gert Sibande,not_at_risk,unqualified_emphasis_of_matter
DC31,2018,389212728.0,401989347.0,-12776619.0,12.793501833768744,,0.0,0.0,0.0087597246700171,0.0,not_at_risk,unqualified_emphasis_of_matter,Nkangala,not_at_risk,unqualified
DC31,2019,541364156.0,253387490.0,287976666.0,20.4549988478121,,0.0,0.0578294611150692,0.0013056090496022,0.0,not_at_risk,unqualified,Nkangala,not_at_risk,unqualified
DC31,2020,406983920.0,476670554.0,-69686634.0,8.356091817662394,,0.1039223859262056,0.0492412103139897,0.0054819769714577,5.616930624679226,not_at_risk,unqualified,Nkangala,not_at_risk,unqualified
DC31,2021,401697618.0,449068707.0,-47371089.0,7.620519075714621,,0.1064167126826228,0.0481333828500323,0.0023430445800357,4.199257268187236,not_at_risk,unqualified,Nkangala,not_at_risk,unqualified
DC32,2018,242108279.0,230038156.0,12070123.0,0.2965831285832425,,0.0,0.0,0.0071317951270657,0.0,not_at_risk,unqualified_emphasis_of_matter,Ehlanzeni,not_at_risk,unqualified_emphasis_of_matter
DC32,2019,255021966.0,245611028.0,9410938.0,4.399954125838356,,0.0,0.0296956535681288,0.0087756238697881,0.0,not_at_risk,unqualified_emphasis_of_matter,Ehlanzeni,not_at_risk,unqualified
DC32,2020,269511359.0,279027722.0,-9516363.0,3.6763646445137086,,39.19848647269817,0.0333814680965642,0.0047898896583472,5.71402270284274,not_at_risk,unqualified,Ehlanzeni,not_at_risk,unqualified
DC32,2021,295811248.0,273754985.0,22056263.0,3.58621230586906,,61.580062280119925,0.0260850921125692,0.0024347611423404,4.262424071176631,not_at_risk,unqualified,Ehlanzeni,not_at_risk,unqualified
DC33,2020,1257106405.0,1513842768.0,-256736363.0,1.7254299291932806,0.3061794302666047,0.0,0.0761823813131959,0.2976177761150423,10.18313749344074,at_risk,qualified,Mopani,at_risk,disclaimer
DC33,2021,1682948178.0,1486921765.0,196026413.0,0.2433417497254807,0.8079639469684545,0.0,0.0721334716625121,0.201946068763073,6.912677988591042,at_risk,disclaimer,Mopani,at_risk,disclaimer
DC34,2018,1506372489.0,1388583750.0,117788739.0,1.461532007702092,-1.4339748689397294,0.0,0.0,0.0001205832921492,0.0,at_risk,disclaimer,Vhembe,at_risk,qualified
DC34,2019,1563975074.0,1374362293.0,189612781.0,2.053357710971484,1.0,0.0,0.0,0.0602880822778801,0.0,at_risk,qualified,Vhembe,at_risk,qualified
DC34,2020,1791820886.0,1866827431.0,-75006545.0,1.7222145007146084,-1.0606942934314834,129.0093306346246,0.0004975339362259,0.0384576559181704,6.872036562475921,at_risk,qualified,Vhembe,at_risk,qualified
DC34,2021,2563811204.0,2915748269.0,-351937065.0,0.4153809987222872,-0.1552546430494149,179.35674700327894,0.0036407570272315,0.0766827062463395,3.8099178078168654,at_risk,qualified,Vhembe,at_risk,qualified
DC35,2018,652410968.0,729028021.0,-76617053.0,4.515338819877816,1.0,0.0,0.0,9.854902408476834e-05,0.0,not_at_risk,unqualified_emphasis_of_matter,Capricorn,not_at_risk,unqualified
DC35,2019,674623630.0,754969048.0,-80345418.0,4.078058792153291,1.0,0.0,0.0237169617051638,0.0054522659053434,0.0,not_at_risk,unqualified,Capricorn,not_at_risk,unqualified
DC35,2020,709771557.0,735125634.0,-25354077.0,5.889389682199546,1.0,0.0,0.0350199541538501,0.0045634403765057,10.64062390429094,not_at_risk,unqualified,Capricorn,not_at_risk,unqualified_emphasis_of_matter
DC35,2021,846685086.0,824586438.0,22098648.0,5.150276779109482,1.0,192.2159947907716,0.0153345476196153,0.0030028749999887,6.296633768744569,not_at_risk,unqualified_emphasis_of_matter,Capricorn,not_at_risk,unqualified
DC36,2018,131705269.0,139814286.0,-8109017.0,11.0611990251125,,0.0,0.0,0.0023554030809126,0.0,at_risk,qualified,Waterberg,not_at_risk,unqualified_emphasis_of_matter
DC36,2019,139791093.0,158102788.0,-18311695.0,6.845691652192749,,0.0,0.002355353784147,0.1976177864744548,0.0,not_at_risk,unqualified_emphasis_of_matter,Waterberg,not_at_risk,unqualified_emphasis_of_matter
DC36,2020,142715041.0,159948477.0,-17233436.0,5.26902517490054,,0.4105062759292484,0.0063656123465308,0.0359250435376136,6.188374706769695,not_at_risk,unqualified_emphasis_of_matter,Waterberg,not_at_risk,unqualified
DC36,2021,151289156.0,166821473.0,-15532317.0,3.3140696941334404,,0.6064018230097072,0.0,0.0087873639624318,4.433892895800145,not_at_risk,unqualified,Waterberg,not_at_risk,unqualified
DC37,2018,2625643.0,41480823.0,-38855180.0,-4.0275748627263255,,0.0,0.0,2.302118378895231,0.0,at_risk,disclaimer,Bojanala Platinum,at_risk,outstanding
DC37,2021,379721282.0,296098698.0,83622584.0,3.162096052175144,,0.0,0.0085834825251409,0.1309727677357095,4.292576390279858,at_risk,outstanding,Bojanala Platinum,at_risk,qualified
DC38,2018,36442477.0,273780553.0,-237338076.0,-6.601720086378816,1.0,0.0,0.0,0.5523733674392863,0.0,at_risk,disclaimer,Ngaka Modiri Molema,at_risk,outstanding
DC38,2019,10187720.0,168290561.0,-158102841.0,-11.574101104814783,1.0,0.0,-0.2543925324486856,9.26647925904769,0.0,at_risk,outstanding,Ngaka Modiri Molema,at_risk,adverse
DC38,2020,803883582.0,1059398718.0,-255515136.0,5.165635999948416,1.0,0.0,0.0518989923867361,0.8201746662865038,9.728395400915154,at_risk,adverse,Ngaka Modiri Molema,at_risk,adverse
DC38,2021,946814049.0,1062546321.0,-115732272.0,6.5829172900594894,1.0,0.0563409309952053,0.0452431899201879,0.3146362632787282,6.747694021595575,at_risk,adverse,Ngaka Modiri Molema,at_risk,adverse
DC39,2019,250318671.0,276270782.0,-25952111.0,6.901697349957188,,0.0,0.0198874704021361,1.1834907319298065,0.0,at_risk,disclaimer,Dr Ruth Segomotsi Mompati,at_risk,disclaimer
DC39,2020,383305736.0,579130546.0,-195824810.0,2.3893599285298275,1.0,0.0,-0.0009385517717105,0.6325341074307622,12.639732555424112,at_risk,disclaimer,Dr Ruth Segomotsi Mompati,at_risk,qualified
DC39,2021,401984425.0,573406575.0,-171422150.0,2.303638384334885,,15.762412051163423,0.0082023353150423,0.1548152164107989,5.274707277526984,at_risk,qualified,Dr Ruth Segomotsi Mompati,at_risk,qualified
DC4,2018,201380906.0,196007756.0,5373150.0,7.956093410915842,,0.0,0.0,0.2898629327708848,0.0,not_at_risk,unqualified_emphasis_of_matter,Garden Route,not_at_risk,unqualified_emphasis_of_matter
DC4,2019,223652266.0,213239477.0,10412789.0,8.15133603052309,,0.0,0.0,0.7512202020641797,0.0,not_at_risk,unqualified_emphasis_of_matter,Garden Route,not_at_risk,unqualified_emphasis_of_matter
DC4,2020,361385196.0,370009853.0,-8624657.0,6.070711506160891,,37.25258164698036,0.0186396603876383,0.1449085059905148,3.0435493932075737,not_at_risk,unqualified_emphasis_of_matter,Garden Route,not_at_risk,unqualified
DC4,2021,379009567.0,396551190.0,-17541623.0,5.136595071118057,,39.22002045399556,0.0079495587946665,0.0634319518748638,2.0739507084790816,not_at_risk,unqualified,Garden Route,not_at_risk,unqualified
DC40,2018,183604871.0,186055269.0,-2450398.0,-0.2569382971895302,,0.0,0.0,0.2861214750118149,0.0,at_risk,qualified,Dr Kenneth Kaunda,at_risk,qualified
DC40,2019,186885893.0,169626241.0,17259652.0,2.3640673143255,,0.0,0.0070651745445446,0.1273850783499942,0.0,at_risk,qualified,Dr Kenneth Kaunda,not_at_risk,unqualified_emphasis_of_matter
DC40,2020,201176992.0,168612346.0,32564646.0,5.231181920688061,,0.0,0.0091043095978274,0.3398962256298836,4.120136183366337,not_at_risk,unqualified_emphasis_of_matter,Dr Kenneth Kaunda,not_at_risk,unqualified_emphasis_of_matter
DC40,2021,208612732.0,194717198.0,13895534.0,6.100228126742046,,0.0,0.0128432517809751,0.1365211921342459,3.953723859960762,not_at_risk,unqualified_emphasis_of_matter,Dr Kenneth Kaunda,not_at_risk,unqualified_emphasis_of_matter
DC42,2018,351996437.0,447518162.0,-95521725.0,-0.1353840025826706,,0.0,0.0,0.0210571118675625,0.0,not_at_risk,unqualified_emphasis_of_matter,Sedibeng,not_at_risk,unqualified_emphasis_of_matter
DC42,2019,379825844.0,411883852.0,-32058008.0,0.6265155449697017,,0.0,0.0296077302880036,0.0219487410251761,0.0,not_at_risk,unqualified_emphasis_of_matter,Sedibeng,not_at_risk,unqualified_emphasis_of_matter
DC42,2020,361457679.0,414206971.0,-52749292.0,0.4673278470728586,,10.88671545417631,0.0205627007663277,0.0368364273618176,5.208485732571751,not_at_risk,unqualified_emphasis_of_matter,Sedibeng,not_at_risk,unqualified_emphasis_of_matter
DC42,2021,373575245.0,403432406.0,-29857161.0,0.2847058944491435,,5.853559515165411,0.0195952553201688,0.0942090408076935,3.751940479889132,not_at_risk,unqualified_emphasis_of_matter,Sedibeng,not_at_risk,unqualified_emphasis_of_matter
DC43,2018,376040826.0,500983672.0,-124942846.0,1.740874029922476,1.0,0.0,0.0,0.2347739269235106,0.0,at_risk,qualified,Harry Gwala,not_at_risk,unqualified_emphasis_of_matter
DC43,2019,445374587.0,538373036.0,-92998449.0,1.3008708333602357,1.0,0.0,0.0620944173734585,0.2572313707033425,0.0,not_at_risk,unqualified_emphasis_of_matter,Harry Gwala,not_at_risk,unqualified_emphasis_of_matter
DC43,2020,472378549.0,560762092.0,-88383543.0,0.8703342022627306,0.68694987696034,108.37264375863944,0.0365207068954297,0.1107313901667946,10.742757753803083,not_at_risk,unqualified_emphasis_of_matter,Harry Gwala,not_at_risk,unqualified_emphasis_of_matter
DC43,2021,511997152.0,575781667.0,-63784515.0,1.080873955648192,0.5436946161216901,329.6116801251269,0.061277032636053,0.1190669205520223,7.397039974159856,not_at_risk,unqualified_emphasis_of_matter,Harry Gwala,at_risk,qualified
DC44,2018,664075589.0,504433942.0,159641647.0,2.4260031970648,0.9931509422286672,0.0,0.0,1.233528076110311,0.0,not_at_risk,unqualified_emphasis_of_matter,Alfred Nzo,not_at_risk,unqualified_emphasis_of_matter
DC44,2019,611868907.0,576113185.0,35755722.0,6.051299242526449,0.7830476265193023,0.0,0.067658536577322,0.387945568369521,0.0,not_at_risk,unqualified_emphasis_of_matter,Alfred Nzo,not_at_risk,unqualified_emphasis_of_matter
DC44,2020,653212140.0,630032904.0,23179236.0,11.17546039785884,0.8948678732545188,168.32823315255592,0.0684211645555578,0.1406243585652472,12.89986975134908,not_at_risk,unqualified_emphasis_of_matter,Alfred Nzo,not_at_risk,unqualified_emphasis_of_matter
DC44,2021,748951673.0,686914291.0,62037382.0,13.707669465272486,0.9968676288728858,142.00068539001714,0.1093961662824103,0.1228533138787179,9.113428259876525,not_at_risk,unqualified_emphasis_of_matter,Alfred Nzo,not_at_risk,unqualified_emphasis_of_matter
DC45,2018,19010.0,202635.0,-183625.0,5.393500629210156,,0.0,0.0,1.8031435832901523,0.0,not_at_risk,unqualified_emphasis_of_matter,John Taolo Gaetsewe,not_at_risk,unqualified
DC45,2019,106230585.0,99836235.0,6394350.0,0.2845168590341974,,0.0,0.0,0.0,0.0,not_at_risk,unqualified,John Taolo Gaetsewe,not_at_risk,unqualified
DC45,2020,106571272.0,107653123.0,-1081851.0,0.9747013470291984,,39.665306472085646,0.0,0.0025679793794742,6.036869410735756,not_at_risk,unqualified,John Taolo Gaetsewe,not_at_risk,unqualified
DC45,2021,108038232.0,108058661.0,-20429.0,1.3427183592437817,,42.983852049707735,0.0,0.002130824108583,4.445234609170576,not_at_risk,unqualified,John Taolo Gaetsewe,not_at_risk,unqualified_emphasis_of_matter
DC47,2018,1201186510.0,970643914.0,230542596.0,0.231641223683601,1.0,0.0,0.0,0.0274269262043711,0.0,not_at_risk,unqualified_emphasis_of_matter,Sekhukhune,at_risk,qualified
DC47,2019,1319726186.0,1118025618.0,201700568.0,-0.2804879592660639,1.0,0.0,0.106692956833481,0.067292904374218,0.0,at_risk,qualified,Sekhukhune,at_risk,qualified
DC47,2020,982574335.0,1065617865.0,-83043530.0,2.034852090247192,1.0,229.97406066992372,0.0931909442039994,0.1573136717260272,11.182055547990675,at_risk,qualified,Sekhukhune,at_risk,qualified
DC47,2021,1269775083.0,1109700909.0,160074174.0,3.9583279930430337,1.0,623.2336181777163,0.0786612467305818,0.1930585559248199,7.122380842938623,at_risk,qualified,Sekhukhune,at_risk,qualified
DC48,2018,-22732148.0,69082147.0,-91814295.0,-1.0618749298570584,,-0.0,0.0,0.3049433452032115,-0.0,not_at_risk,unqualified_emphasis_of_matter,West Rand,not_at_risk,unqualified_emphasis_of_matter
DC48,2019,297076154.0,249531721.0,47544433.0,0.1320876715309473,-0.4217609982165054,0.0,0.0023495129102243,0.1296483183394547,0.0,not_at_risk,unqualified_emphasis_of_matter,West Rand,not_at_risk,unqualified_emphasis_of_matter
DC48,2021,245666607.0,273204650.0,-27538043.0,0.0580288951890094,14.065899450694076,49.680815797647256,0.0003248700195988,0.1796078800269322,4.6944701523882735,not_at_risk,unqualified_emphasis_of_matter,West Rand,not_at_risk,unqualified_emphasis_of_matter
DC5,2018,74993148.0,75941001.0,-947853.0,0.734993156068617,,0.0,0.0,0.0391817590078908,0.0,not_at_risk,unqualified_emphasis_of_matter,Central Karoo,not_at_risk,unqualified_emphasis_of_matter
DC5,2019,11600293.0,15473439.0,-3873146.0,0.3011819156685207,,0.0,0.4864798316650875,0.9839575416945128,0.0,not_at_risk,unqualified_emphasis_of_matter,Central Karoo,not_at_risk,unqualified
DC5,2020,88802888.0,91444696.0,-2641808.0,2.016305243116561,,0.0,0.0025055690490785,0.0,2.515611721997149,not_at_risk,unqualified,Central Karoo,not_at_risk,unqualified
DC5,2021,99833209.0,93464268.0,6368941.0,2.809075956171828,,0.0,0.0168875767582109,0.0,1.6831944768999665,not_at_risk,unqualified,Central Karoo,not_at_risk,unqualified_emphasis_of_matter
DC6,2018,51328545.0,49367202.0,1961343.0,0.7878681072506398,,0.0,0.0,0.00891701336446,0.0,not_at_risk,unqualified_emphasis_of_matter,Namakwa,not_at_risk,unqualified_emphasis_of_matter
DC6,2019,63400187.0,69114041.0,-5713854.0,1.3087062294621146,,0.0,0.0071019577628227,0.0515497567274354,0.0,not_at_risk,unqualified_emphasis_of_matter,Namakwa,not_at_risk,unqualified_emphasis_of_matter
DC6,2020,69094221.0,67828089.0,1266132.0,0.7409868203717195,,16.415354187146853,0.007164052639018,0.0049702417533833,5.540528953933788,not_at_risk,unqualified_emphasis_of_matter,Namakwa,not_at_risk,unqualified
DC6,2021,64401993.0,67770488.0,-3368495.0,0.8519487125428401,,17.04614001619484,0.0086573672008972,0.0019541101725577,4.302108880388221,not_at_risk,unqualified,Namakwa,not_at_risk,unqualified
DC7,2018,44015654.0,56924693.0,-12909039.0,0.6859715519238724,,0.0,0.0,0.0494352424526909,0.0,not_at_risk,unqualified_emphasis_of_matter,Pixley Ka Seme (NC),not_at_risk,unqualified_emphasis_of_matter
DC7,2019,64129618.0,64995922.0,-866304.0,2.224467313503146,,0.0,0.0,0.048279336663614,0.0,not_at_risk,unqualified_emphasis_of_matter,Pixley Ka Seme (NC),not_at_risk,unqualified_emphasis_of_matter
DC7,2020,68270664.0,61472918.0,6797746.0,2.3538818183317733,,45.1977985742163,0.0,0.0813698318339142,5.778171631668911,not_at_risk,unqualified_emphasis_of_matter,Pixley Ka Seme (NC),not_at_risk,unqualified_emphasis_of_matter
DC7,2021,65067601.0,75485771.0,-10418170.0,1.013991630290164,,13.515931684649017,0.0,0.0483362222000752,5.56962903857482,not_at_risk,unqualified_emphasis_of_matter,Pixley Ka Seme (NC),not_at_risk,unqualified_emphasis_of_matter
DC8,2018,64151328.0,65288157.0,-1136829.0,0.1170425441784181,,0.0,0.0,0.010484198535425,0.0,not_at_risk,unqualified,Z F Mgcawu,not_at_risk,unqualified_emphasis_of_matter
DC8,2019,78244393.0,68523175.0,9721218.0,0.1120504997032026,,0.0,5.211375567463125e-05,0.038782966492723,0.0,not_at_risk,unqualified_emphasis_of_matter,Z F Mgcawu,not_at_risk,unqualified
DC8,2020,78949720.0,78733238.0,216482.0,-0.0207547414727182,,5.477751726035254,0.0083930626605246,0.0561946785422441,5.665258293506297,not_at_risk,unqualified,Z F Mgcawu,not_at_risk,unqualified
DC8,2021,81088845.0,80714340.0,374505.0,0.3391519276500309,,1.7056802325893283,0.001232643418753,0.0376699728945315,4.431787109558657,not_at_risk,unqualified,Z F Mgcawu,not_at_risk,unqualified
DC9,2018,124817754.0,117543859.0,7273895.0,-0.3501992222324434,,0.0,0.0,0.0329791792866014,0.0,not_at_risk,unqualified_emphasis_of_matter,Frances Baard,not_at_risk,unqualified_emphasis_of_matter
DC9,2019,131103458.0,108507143.0,22596315.0,8.655706140931201,,0.0,0.03306303991434,0.0543869816939148,0.0,not_at_risk,unqualified_emphasis_of_matter,Frances Baard,not_at_risk,unqualified
DC9,2020,140200455.0,120175181.0,20025274.0,10.300527660532502,,3.545049693312336,0.0401317057304869,0.0007596077596088,5.24157196208814,not_at_risk,unqualified,Frances Baard,not_at_risk,unqualified
DC9,2021,134806653.0,127105889.0,7700764.0,10.397827531028089,,13.541202636341694,0.0378891335239392,0.0014066775458373,4.374279331747818,not_at_risk,unqualified,Frances Baard,not_at_risk,unqualified
EC101,2018,20086212.0,121908784.0,-101822572.0,0.8686412293309397,1.0,0.0,0.0,1.278738724848572,0.0,at_risk,disclaimer,Dr Beyers Naude,at_risk,disclaimer
EC101,2019,14672238.0,120023191.0,-105350953.0,2.1317536208481576,1.0,0.0,0.0035096050729062,0.3698796010181066,0.0,at_risk,disclaimer,Dr Beyers Naude,at_risk,qualified
EC101,2020,26268978.0,104886645.0,-78617667.0,0.0824545012379793,1.0,5351.127991732301,0.0306455221253382,0.9863388708829424,33.799844896897014,at_risk,qualified,Dr Beyers Naude,at_risk,qualified
EC101,2021,395204127.0,441369319.0,-46165192.0,0.0716061281096885,1.0,327.3084238566163,0.0517403793533732,0.0652806136712914,2.2006753132919585,at_risk,qualified,Dr Beyers Naude,at_risk,qualified
EC102,2018,-3470167.0,-3359014.0,-111153.0,4.5843059897934335,1.0003523806186028,-0.0,-0.0,-3.847996465629498,-0.0,not_at_risk,unqualified_emphasis_of_matter,Blue Crane Route,not_at_risk,unqualified_emphasis_of_matter
EC102,2019,200516354.0,245632678.0,-45116324.0,1.3481552808702433,1.0,0.0,0.0072371274639606,0.076962402372212,0.0,not_at_risk,unqualified_emphasis_of_matter,Blue Crane Route,not_at_risk,unqualified_emphasis_of_matter
EC102,2020,183227882.0,257939397.0,-74711515.0,-0.8264647373739499,1.0,0.0,0.0060695187249739,0.0258564805437612,3.150566560606753,not_at_risk,unqualified_emphasis_of_matter,Blue Crane Route,not_at_risk,unqualified_emphasis_of_matter
EC102,2021,248474432.0,303871709.0,-55397277.0,1.4144548744417664,1.0,289.547710586979,0.0057524111268943,0.0270514719091536,2.2259220940688174,not_at_risk,unqualified_emphasis_of_matter,Blue Crane Route,not_at_risk,unqualified_emphasis_of_matter
EC104,2018,402259489.0,506725052.0,-104465563.0,0.5780264363167898,1.0,0.0,0.0,0.1877917968026574,0.0,at_risk,qualified,Makana,at_risk,disclaimer
EC104,2019,534451050.0,544190219.0,-9739169.0,1.494233647738531,1.0,0.0,0.0524131875291937,0.105626711015914,0.0,at_risk,disclaimer,Makana,at_risk,disclaimer
EC104,2020,498628898.0,484815882.0,13813016.0,0.8656868134530296,1.0,0.0,0.0195241169925204,0.1123255528992756,4.02144724873126,at_risk,disclaimer,Makana,at_risk,disclaimer
EC104,2021,519879751.0,588505097.0,-68625346.0,0.3846454638267984,1.0,0.0,0.0147899330768243,0.0427886659408151,2.437344865928429,at_risk,disclaimer,Makana,at_risk,disclaimer
EC105,2018,321840505.0,342051232.0,-20210727.0,2.01314569157874,1.0,0.0,0.0,0.3020722170648401,0.0,at_risk,qualified,Ndlambe,at_risk,qualified
EC105,2019,358885237.0,395289392.0,-36404155.0,1.375414830256816,1.0,0.0,0.0353537137166585,0.3104188209533333,0.0,at_risk,qualified,Ndlambe,at_risk,qualified
EC105,2020,389017335.0,435693587.0,-46676252.0,0.8461197570943362,1.0,0.0,0.0314758936307226,0.1270119635706274,2.8610456909330275,at_risk,qualified,Ndlambe,at_risk,qualified
EC105,2021,430231844.0,472162808.0,-41930964.0,1.9584553978677628,1.0,0.0,0.0419721114501674,0.5163499260619443,3.2865878286777863,at_risk,qualified,Ndlambe,not_at_risk,unqualified_emphasis_of_matter
EC106,2018,20943941.0,68211980.0,-47268039.0,-1.8411052721237529,-1.761453504464898,0.0,0.0,0.9664234786909864,0.0,at_risk,qualified,Sundays River Valley,at_risk,disclaimer
EC106,2019,182852937.0,210865687.0,-28012750.0,-0.6847562448602651,1.1249902788452728,0.0,0.0187741071405325,0.3103049146160987,0.0,at_risk,disclaimer,Sundays River Valley,at_risk,disclaimer
EC106,2020,282786867.0,265423507.0,17363360.0,-0.0057512615112873,1.415551606106087,357.731465726094,0.0056301720103487,0.1311296742077935,4.052698444443673,at_risk,disclaimer,Sundays River Valley,at_risk,disclaimer
EC106,2021,236694650.0,244623903.0,-7929253.0,0.2835676119516415,0.9040961867549648,672.3288506943439,0.0196772226302022,0.1208526952494908,2.96504074764681,at_risk,disclaimer,Sundays River Valley,at_risk,disclaimer
EC108,2018,34143174.0,68349126.0,-34205952.0,0.8203982593720365,4.4205363296042846,0.0,0.0,0.0351075886471467,0.0,not_at_risk,unqualified_emphasis_of_matter,Kouga,not_at_risk,unqualified_emphasis_of_matter
EC108,2019,842129368.0,819070024.0,23059344.0,1.7568145260312933,1.0,0.0,0.0564776437234138,0.0093524445719429,0.0,not_at_risk,unqualified_emphasis_of_matter,Kouga,not_at_risk,unqualified_emphasis_of_matter
EC108,2020,819627007.0,922645970.0,-103018963.0,-0.9519840638332816,1.0,181.6155634681276,0.0653436626401782,0.0016581528015561,1.6263407752741363,not_at_risk,unqualified_emphasis_of_matter,Kouga,not_at_risk,unqualified_emphasis_of_matter
EC108,2021,887140268.0,978899929.0,-91759661.0,0.6457589312992994,0.9999830738795544,0.0,0.0699897527523469,0.0036168467226439,1.0630306570640304,not_at_risk,unqualified_emphasis_of_matter,Kouga,not_at_risk,unqualified_emphasis_of_matter
EC109,2018,20333145.0,31878090.0,-11544945.0,0.0,194.7966082500496,0.0,0.0,1.1743745312219145,0.0,not_at_risk,unqualified_emphasis_of_matter,Kou-Kamma,not_at_risk,unqualified_emphasis_of_matter
EC109,2019,126255504.0,141345504.0,-15090000.0,1.8625036421391936,0.9559187049335254,0.0,0.0324335961899431,0.0541415240204598,0.0,not_at_risk,unqualified_emphasis_of_matter,Kou-Kamma,not_at_risk,unqualified_emphasis_of_matter
EC109,2020,143098562.0,148420686.0,-5322124.0,0.8019314234944313,0.205825113400756,1078.197419621869,0.0214715083583429,0.10654700787463,3.7019549644391256,not_at_risk,unqualified_emphasis_of_matter,Kou-Kamma,not_at_risk,unqualified_emphasis_of_matter
EC109,2021,145193472.0,113716891.0,31476581.0,0.3568379652588286,1.0,0.0,0.0235909105182975,0.0103278236827631,3.496605825363829,not_at_risk,unqualified_emphasis_of_matter,Kou-Kamma,not_at_risk,unqualified_emphasis_of_matter
EC121,2018,-1971763.0,73183182.0,-75154945.0,-1.8934137080839144,1.0,-0.0,0.0,1.8652884210473384,-0.0,not_at_risk,unqualified_emphasis_of_matter,Mbhashe,not_at_risk,unqualified_emphasis_of_matter
EC121,2019,266448694.0,278677882.0,-12229188.0,0.8024451255159174,1.0,0.0,0.0432216037869844,0.3251884661589325,0.0,not_at_risk,unqualified_emphasis_of_matter,Mbhashe,not_at_risk,unqualified_emphasis_of_matter
EC121,2020,296238601.0,237848038.0,58390563.0,5.540445349395736,1.0,65.20898596533677,0.0052473672286504,0.1742902667963147,12.681949608585953,not_at_risk,unqualified_emphasis_of_matter,Mbhashe,not_at_risk,unqualified_emphasis_of_matter
EC121,2021,364129084.0,310744663.0,53384421.0,0.2552604676592627,1.0,75.43406505260096,0.0220009120478442,0.0679660908609072,4.864753824498128,not_at_risk,unqualified_emphasis_of_matter,Mbhashe,not_at_risk,unqualified_emphasis_of_matter
EC122,2018,1502999315.0,297758135.0,1205241180.0,-4.532510441738225,1.0,0.0,0.0,0.506400726885262,0.0,at_risk,adverse,Mnquma,at_risk,qualified
EC122,2019,305254871.0,842350938.0,-537096067.0,-0.1558280356541848,1.0,0.0,0.0,0.0381228352119434,0.0,at_risk,qualified,Mnquma,not_at_risk,unqualified_emphasis_of_matter
EC122,2020,369751355.0,474590618.0,-104839263.0,1.271739501601357,0.2002136013525931,0.0,0.0,0.057529173490741,5.999624493600571,not_at_risk,unqualified_emphasis_of_matter,Mnquma,not_at_risk,unqualified_emphasis_of_matter
EC122,2021,438237783.0,471780595.0,-33542812.0,3.2478346168519288,0.6351027865723508,330.23263712978394,0.0,0.0030755355675449,4.136234369367463,not_at_risk,unqualified_emphasis_of_matter,Mnquma,not_at_risk,unqualified
EC123,2018,128184083.0,80814293.0,47369790.0,0.3244361241890713,0.9198429166700032,0.0,0.0,0.0326347964214696,0.0,not_at_risk,unqualified_emphasis_of_matter,Great Kei,at_risk,disclaimer
EC123,2019,102229123.0,106857700.0,-4628577.0,0.0255140808757815,1.0,0.0,0.0152858334027402,0.000720584478236,0.0,at_risk,disclaimer,Great Kei,at_risk,qualified
EC123,2020,96557030.0,125799758.0,-29242728.0,0.5828131720253389,1.0,0.0,0.0013652252017845,0.0053320213859234,4.545553399892271,at_risk,qualified,Great Kei,not_at_risk,unqualified_emphasis_of_matter
EC123,2021,122263214.0,130271723.0,-8008509.0,0.4959327052118594,1.0,0.0,0.0026909062989824,0.0321732138293741,2.57985403524563,not_at_risk,unqualified_emphasis_of_matter,Great Kei,not_at_risk,unqualified_emphasis_of_matter
EC124,2018,18693654.0,26659541.0,-7965887.0,-2.39897588634403,1.0,0.0,0.0,0.7154302844148742,0.0,not_at_risk,unqualified_emphasis_of_matter,Amahlathi,at_risk,qualified
EC124,2019,34929825.0,105746151.0,-70816326.0,1.2532664947776682,1.0,0.0,0.0,0.1242111876015231,0.0,at_risk,qualified,Amahlathi,not_at_risk,unqualified_emphasis_of_matter
EC124,2020,221186298.0,264592441.0,-43406143.0,2.1449586460408367,1.0,0.0,0.0062562973973999,0.1128904812515033,9.278049628553392,not_at_risk,unqualified_emphasis_of_matter,Amahlathi,not_at_risk,unqualified_emphasis_of_matter
EC124,2021,229431631.0,271807390.0,-42375759.0,0.5927639715756073,1.0,382.2591814290855,0.008472172151022,0.0652432518483033,3.2877084066930595,not_at_risk,unqualified_emphasis_of_matter,Amahlathi,not_at_risk,unqualified_emphasis_of_matter
EC126,2018,4724418.0,18684442.0,-13960024.0,-8.489453632064581,1.0,0.0,0.0,2.349711112593033,0.0,not_at_risk,unqualified_emphasis_of_matter,Ngqushwa,at_risk,qualified
EC126,2019,133956798.0,151877257.0,-17920459.0,0.1036448794963422,1.0,0.0,0.0170531589202983,0.1538699240532109,0.0,at_risk,qualified,Ngqushwa,at_risk,qualified
EC126,2020,137874014.0,148188179.0,-10314165.0,1.7506419860925615,1.0,87.90672301743533,0.0121332619925102,0.0525013806938001,7.613382838045173,at_risk,qualified,Ngqushwa,at_risk,qualified
EC126,2021,160267873.0,172701964.0,-12434091.0,4.090065588368178,0.9091934902980116,99.22017296629376,0.014360601017832,0.0144836164109865,4.542248526627667,at_risk,qualified,Ngqushwa,not_at_risk,unqualified_emphasis_of_matter
EC129,2018,355689512.0,523848925.0,-168159413.0,0.3028495591548651,1.0,0.0,0.0,0.1488661945808135,0.0,not_at_risk,unqualified_emphasis_of_matter,Raymond Mhlaba,at_risk,qualified
EC129,2021,459004024.0,544830381.0,-85826357.0,0.367010150265464,1.0,477.5881367763347,0.0416623334373124,0.0304020325914975,2.9691112250466896,at_risk,qualified,Raymond Mhlaba,at_risk,qualified
EC131,2019,218616647.0,340369797.0,-121753150.0,0.2670691724154361,1.0,0.0,0.0015605233034234,0.2059580862281972,0.0,not_at_risk,unqualified_emphasis_of_matter,Inxuba Yethemba,not_at_risk,unqualified_emphasis_of_matter
EC131,2020,245404771.0,342105054.0,-96700283.0,0.0610897610416477,1.0,0.0,0.0032151468887682,0.1747766783942338,2.267333327435594,not_at_risk,unqualified_emphasis_of_matter,Inxuba Yethemba,not_at_risk,unqualified_emphasis_of_matter
EC131,2021,267433687.0,354242468.0,-86808781.0,0.0598517849079574,1.0,716.389193931279,0.0084090708175621,0.226266812255836,1.7067443937980782,not_at_risk,unqualified_emphasis_of_matter,Inxuba Yethemba,not_at_risk,unqualified_emphasis_of_matter
EC135,2018,17219160.0,127376788.0,-110157628.0,-3.0332234472736115,1.0,0.0,0.0,0.0045890700274213,0.0,not_at_risk,unqualified_emphasis_of_matter,Vuyisile Mini,at_risk,qualified
EC135,2019,180736043.0,218072490.0,-37336447.0,1.0630214567642164,1.0,0.0,0.0055641956488872,0.1174371467029151,0.0,at_risk,qualified,Vuyisile Mini,at_risk,qualified
EC135,2020,187297427.0,220485001.0,-33187574.0,1.837025476395104,0.9048503707465836,93.14112206143656,0.0078035784393333,0.1713757027853336,13.448069299958936,at_risk,qualified,Vuyisile Mini,at_risk,qualified
EC135,2021,226255642.0,265696804.0,-39441162.0,2.810013190824832,-0.9626760241247392,94.69871873957511,0.0252747300641222,0.0279380289421923,5.867298160016713,at_risk,qualified,Vuyisile Mini,at_risk,qualified
EC136,2018,128184083.0,80814293.0,47369790.0,0.3244361241890713,0.9198429166700032,0.0,0.0,0.1914073417681201,0.0,not_at_risk,unqualified_emphasis_of_matter,Emalahleni (EC),not_at_risk,unqualified_emphasis_of_matter
EC136,2019,163811229.0,209896108.0,-46084879.0,0.236997248181467,0.6779614277273367,0.0,0.0158492838752398,0.0261890039428458,0.0,not_at_risk,unqualified_emphasis_of_matter,Emalahleni (EC),not_at_risk,unqualified_emphasis_of_matter
EC136,2020,174409078.0,204207377.0,-29798299.0,0.3403089399654744,0.4499316895390471,0.0,0.0078368569417548,0.0099110033620381,7.076651182113353,not_at_risk,unqualified_emphasis_of_matter,Emalahleni (EC),at_risk,qualified
EC136,2021,212545012.0,203529228.0,9015784.0,3.764628596734028,1.0,346.8338491048663,0.0076224187319179,0.0260045598954465,4.928777128865296,at_risk,qualified,Emalahleni (EC),at_risk,qualified
EC137,2018,-834919.0,46874409.0,-47709328.0,0.0,,-0.0,0.0,0.4943603448952284,-0.0,at_risk,qualified,Dr. A.B. Xuma,not_at_risk,unqualified_emphasis_of_matter
EC137,2019,155418748.0,218540504.0,-63121756.0,2.693982914947428,1.0,0.0,-0.0015790619756235,0.1127084798889271,0.0,not_at_risk,unqualified_emphasis_of_matter,Dr. A.B. Xuma,not_at_risk,unqualified_emphasis_of_matter
EC137,2020,449478773.0,388467935.0,61010838.0,4.635258433878204,1.0,0.0,0.0126714499615006,0.0095002564368665,3.241742310264783,not_at_risk,unqualified_emphasis_of_matter,Dr. A.B. Xuma,at_risk,qualified
EC137,2021,209640735.0,182630948.0,27009787.0,6.5259484060719,1.0,11.591226962641588,0.0217571065775774,0.0412145371988103,7.295818219679491,at_risk,qualified,Dr. A.B. Xuma,not_at_risk,unqualified_emphasis_of_matter
EC138,2018,27381349.0,67349669.0,-39968320.0,0.1223679956021758,1.0,0.0,0.0,0.5052611765619813,0.0,not_at_risk,unqualified_emphasis_of_matter,Sakhisizwe,at_risk,qualified
EC138,2019,89313378.0,115011381.0,-25698003.0,1.3557698259444428,1.0,0.0,0.0022507598617566,0.0197343687230396,0.0,at_risk,qualified,Sakhisizwe,at_risk,adverse
EC138,2020,99670368.0,132620431.0,-32950063.0,0.3277825269622295,1.0,0.0,0.0172244652107939,0.0345833591809093,7.107214493278484,at_risk,adverse,Sakhisizwe,at_risk,qualified
EC138,2021,122343938.0,110049745.0,12294193.0,2.080883767608912,1.0,703.5762587599559,0.0078803090366088,0.1250068775715927,4.377997052865831,at_risk,qualified,Sakhisizwe,at_risk,qualified
EC139,2018,609976381.0,673317195.0,-63340814.0,-0.8947439163498565,1.0,0.0,0.0,0.039764955059554,0.0,at_risk,disclaimer,Enoch Mgijima,at_risk,outstanding
EC139,2019,624674408.0,715879745.0,-91205337.0,0.2002092963253206,1.0,0.0,0.0251134399674906,0.0557109700037678,0.0,at_risk,outstanding,Enoch Mgijima,at_risk,qualified
EC139,2020,692871908.0,1171968037.0,-479096129.0,0.4635746904759656,1.0009406633245632,975.315725948006,0.0121643846503639,0.067929291999966,3.185855169639812,at_risk,qualified,Enoch Mgijima,at_risk,qualified
EC139,2021,704242936.0,918771951.0,-214529015.0,0.4910692925583227,1.0,1050.0885900614842,0.0113970262028602,0.0573051897619369,2.149175170427269,at_risk,qualified,Enoch Mgijima,at_risk,qualified
EC141,2018,227013016.0,241395905.0,-14382889.0,3.838933870895614,1.0,0.0,0.0,0.2258970258836826,0.0,at_risk,adverse,Elundini,not_at_risk,unqualified_emphasis_of_matter
EC141,2019,231752228.0,303944442.0,-72192214.0,3.135320447807366,1.0,0.0,0.0218473809104889,0.1663985354270765,0.0,not_at_risk,unqualified_emphasis_of_matter,Elundini,not_at_risk,unqualified
EC141,2020,251282139.0,297395689.0,-46113550.0,2.614540158986636,1.0,169.1039988719612,0.0155185907889875,0.1043127561946602,8.011287614835211,not_at_risk,unqualified,Elundini,not_at_risk,unqualified
EC141,2021,295253447.0,295817601.0,-564154.0,4.483676250217444,1.0,142.32714671744372,0.0152686316998426,0.0437421740838199,4.441158859696564,not_at_risk,unqualified,Elundini,not_at_risk,unqualified_emphasis_of_matter
EC142,2018,225493538.0,198416029.0,27077509.0,17.796548362531738,0.816465443254556,0.0,0.0,0.0,0.0,not_at_risk,unqualified,Senqu,not_at_risk,unqualified
EC142,2019,252870019.0,231834736.0,21035283.0,16.206134010910255,0.8684670821829058,0.0,0.0391874580865224,0.0614034861454066,0.0,not_at_risk,unqualified,Senqu,not_at_risk,unqualified
EC142,2020,251205034.0,224258321.0,26946713.0,18.80478450563268,0.8356034020871407,0.0,0.0377675127604295,0.0425273628977182,5.599891107277731,not_at_risk,unqualified,Senqu,not_at_risk,unqualified
EC142,2021,293607842.0,244757900.0,48849942.0,21.68138242728835,0.8266500881008277,200.11453270379613,0.0423754861436546,0.0020356278592029,3.42664602943405,not_at_risk,unqualified,Senqu,not_at_risk,unqualified_emphasis_of_matter
EC145,2018,238325776.0,283386319.0,-45060543.0,0.2434805753625671,1.0,0.0,0.0,0.0169983717527309,0.0,at_risk,disclaimer,Walter Sisulu,at_risk,disclaimer
EC145,2019,221446959.0,249833728.0,-28386769.0,0.5391570989166042,1.0,0.0,0.0,0.0775893437414503,0.0,at_risk,disclaimer,Walter Sisulu,at_risk,qualified
EC145,2020,275113484.0,362393965.0,-87280481.0,0.4035065539791757,1.0,0.0,0.0099760767263329,0.1461914852803909,2.2234895400474084,at_risk,qualified,Walter Sisulu,at_risk,disclaimer
EC145,2021,289646298.0,381787503.0,-92141205.0,0.3228020169114859,1.0,0.0,0.0132584460209531,0.0661380736707874,1.5532978778137188,at_risk,disclaimer,Walter Sisulu,at_risk,adverse
EC153,2018,219845496.0,241175157.0,-21329661.0,3.689467568170796,0.9999736284035676,0.0,0.0,0.0,0.0,at_risk,qualified,Ngquza Hills,at_risk,disclaimer
EC153,2019,274604551.0,238729845.0,35874706.0,4.5333400522251415,1.0,0.0,0.0286849053163001,0.030525869105306,0.0,at_risk,disclaimer,Ngquza Hills,at_risk,disclaimer
EC153,2020,343980533.0,290824525.0,53156008.0,5.6928880671257005,1.0,0.0,0.0206690305778028,0.0054810267462828,7.151527752298703,at_risk,disclaimer,Ngquza Hills,at_risk,qualified
EC153,2021,472331282.0,360878328.0,111452954.0,6.877334645598336,1.0,0.0,0.0596512379097478,0.0052830797863816,3.6597060535152095,at_risk,qualified,Ngquza Hills,at_risk,qualified
EC154,2018,12693122.0,43818859.0,-31125737.0,0.0,1.0,0.0,0.0,0.2660960660796759,0.0,at_risk,qualified,Port St Johns,at_risk,qualified
EC154,2019,168439644.0,221140388.0,-52700744.0,3.116020380682338,1.0,0.0,0.0,0.0275873984629166,0.0,at_risk,qualified,Port St Johns,at_risk,qualified
EC154,2020,174729588.0,149118359.0,25611229.0,8.776308972123278,1.0,0.0,0.0,0.4374604940495623,8.017256150114656,at_risk,qualified,Port St Johns,not_at_risk,unqualified_emphasis_of_matter
EC154,2021,222798349.0,242248349.0,-19450000.0,7.280495835288438,1.0,205.64471911773452,0.0199137332407578,0.1718688452237914,5.060965411372954,not_at_risk,unqualified_emphasis_of_matter,Port St Johns,at_risk,qualified
EC155,2018,1566729.0,45038827.0,-43472098.0,0.2777262382965701,9627.709302325582,0.0,0.0,2.347774998669481,0.0,not_at_risk,unqualified_emphasis_of_matter,Nyandeni,not_at_risk,unqualified_emphasis_of_matter
EC155,2019,222913451.0,275560767.0,-52647316.0,6.140564850438234,1.0,0.0,0.0443669508293972,0.2254365186899048,0.0,not_at_risk,unqualified_emphasis_of_matter,Nyandeni,not_at_risk,unqualified_emphasis_of_matter
EC155,2020,360961157.0,306614547.0,54346610.0,10.669977429348778,1.0,2.8462183259236395,0.0480537050318098,0.0954896800770512,6.628699242561437,not_at_risk,unqualified_emphasis_of_matter,Nyandeni,not_at_risk,unqualified_emphasis_of_matter
EC155,2021,369552090.0,315117428.0,54434662.0,9.011964758737497,1.0,3.4647395716257483,0.0481340276742802,0.7974852758699211,5.094227187295842,not_at_risk,unqualified_emphasis_of_matter,Nyandeni,not_at_risk,unqualified_emphasis_of_matter
EC156,2018,-11257822.0,0.0,-11257822.0,,,-0.0,,,-0.0,not_at_risk,unqualified_emphasis_of_matter,Kumkani Mhlontlo,at_risk,qualified
EC156,2019,216208967.0,289755373.0,-73546406.0,3.987172959170632,1.0,0.0,0.0070788713208779,0.0501562537030158,0.0,at_risk,qualified,Kumkani Mhlontlo,at_risk,qualified
EC156,2020,215623796.0,259998390.0,-44374594.0,4.603539352685992,1.0,0.0,0.0047338100824393,0.069664696769853,8.970662171256832,at_risk,qualified,Kumkani Mhlontlo,not_at_risk,unqualified_emphasis_of_matter
EC156,2021,276608626.0,251185389.0,25423237.0,8.11939060675221,1.0,196.17736783812373,0.0230425424943805,0.0235460470991009,5.3485864826211165,not_at_risk,unqualified_emphasis_of_matter,Kumkani Mhlontlo,at_risk,qualified
EC157,2018,-125000.0,7389240.0,-7514240.0,0.0,,-0.0,0.0,40.26543487557584,-0.0,at_risk,qualified,King Sabata Dalindyebo,at_risk,qualified
EC157,2019,1089992608.0,1214133539.0,-124140931.0,0.2279180626440136,1.0,0.0,0.0243867268705769,0.0480019043440657,0.0,at_risk,qualified,King Sabata Dalindyebo,at_risk,qualified
EC157,2020,1198522925.0,1395558220.0,-197035295.0,0.2095872890204466,1.0,534.9023908324491,0.0467762176199284,0.0168426337670097,3.1550267492797435,at_risk,qualified,King Sabata Dalindyebo,at_risk,qualified
EC157,2021,1318203946.0,1318598701.0,-394755.0,0.4567274118678204,1.0,511.2363780771144,0.0398322931458735,0.0070413174174664,2.160532666164542,at_risk,qualified,King Sabata Dalindyebo,not_at_risk,unqualified_emphasis_of_matter
EC441,2018,303806960.0,362044857.0,-58237897.0,3.973052830854051,1.0,0.0,0.0,0.0007638003817852,0.0,not_at_risk,unqualified_emphasis_of_matter,Matatiele,not_at_risk,unqualified_emphasis_of_matter
EC441,2019,368996873.0,460362757.0,-91365884.0,3.23216747961217,1.0,0.0,0.0231165050564678,0.0154995596222828,0.0,not_at_risk,unqualified_emphasis_of_matter,Matatiele,not_at_risk,unqualified_emphasis_of_matter
EC441,2020,380515431.0,363062951.0,17452480.0,5.058452290275137,1.0,286.84114016916175,0.0499724027197696,0.0041939283416445,7.879661763309673,not_at_risk,unqualified_emphasis_of_matter,Matatiele,not_at_risk,unqualified_emphasis_of_matter
EC441,2021,452512455.0,435912362.0,16600093.0,6.178002715142087,1.0,288.4967320512758,0.0477240927615629,0.0347035742014584,4.719493583883785,not_at_risk,unqualified_emphasis_of_matter,Matatiele,not_at_risk,unqualified_emphasis_of_matter
EC442,2018,219820286.0,186924653.0,32895633.0,2.9372406217600417,1.1140033406285978,0.0,0.0,0.7623618164480424,0.0,at_risk,qualified,Umzimvubu,at_risk,qualified
EC442,2019,269481820.0,372852623.0,-103370803.0,2.883203479568923,0.5969856297822551,0.0,0.0184337391666948,0.0695248079292712,0.0,at_risk,qualified,Umzimvubu,at_risk,qualified
EC442,2020,271736615.0,340239761.0,-68503146.0,3.506014818767757,1.0,103.24792034374904,0.0152038344513179,0.0005397870003794,9.199167171490672,at_risk,qualified,Umzimvubu,not_at_risk,unqualified_emphasis_of_matter
EC442,2021,319241834.0,349568295.0,-30326461.0,4.277827392784578,0.6363774716845138,94.4758427556208,0.0173573464378398,0.0,5.394611365376381,not_at_risk,unqualified_emphasis_of_matter,Umzimvubu,not_at_risk,unqualified_emphasis_of_matter
EC443,2018,271761131.0,326991378.0,-55230247.0,3.469782900514276,1.0,0.0,0.0,0.0179420327101101,0.0,not_at_risk,unqualified_emphasis_of_matter,Winnie Madikizela-Mandela,not_at_risk,unqualified_emphasis_of_matter
EC443,2019,329895221.0,321974737.0,7920484.0,4.601452889765075,1.0,0.0,0.0180403253190637,0.0688803109419109,0.0,not_at_risk,unqualified_emphasis_of_matter,Winnie Madikizela-Mandela,not_at_risk,unqualified_emphasis_of_matter
EC443,2020,361946266.0,370477290.0,-8531024.0,5.616478321788631,0.8654784457140265,140.7380016458023,0.0345481581340653,0.0154475919428151,6.983856874489762,not_at_risk,unqualified_emphasis_of_matter,Winnie Madikizela-Mandela,not_at_risk,unqualified
EC443,2021,422182098.0,342163922.0,80018176.0,9.053930168593286,0.9137749133036056,134.37247329705582,0.0164064521098165,0.0046468955309671,4.82104600749793,not_at_risk,unqualified,Winnie Madikizela-Mandela,not_at_risk,unqualified
EC444,2018,5134821.0,43748404.0,-38613583.0,-4.082610099330709,0.933561829646735,0.0,0.0,0.5946320921787227,0.0,not_at_risk,unqualified_emphasis_of_matter,Ntabankulu,not_at_risk,unqualified_emphasis_of_matter
EC444,2019,128383904.0,204748790.0,-76364886.0,1.1347556583850873,0.9654945987292194,0.0,0.0139035791127263,0.0511637553511305,0.0,not_at_risk,unqualified_emphasis_of_matter,Ntabankulu,not_at_risk,unqualified_emphasis_of_matter
EC444,2020,484583498.0,763611541.0,-279028043.0,0.0810034587992168,0.9976127930675804,0.0,0.0194246422475167,0.0031929978386746,3.2655159875047994,not_at_risk,unqualified_emphasis_of_matter,Ntabankulu,not_at_risk,unqualified_emphasis_of_matter
EC444,2021,184057499.0,209240231.0,-25182732.0,2.0097687236829707,0.8843539584135708,0.0,0.0303880996957989,0.0734185673882189,5.707357286214131,not_at_risk,unqualified_emphasis_of_matter,Ntabankulu,at_risk,qualified
EKU,2018,32530157175.0,32875559657.0,-345402482.0,1.3347485719427672,1.0,0.0,0.0,0.0083521661947292,0.0,not_at_risk,unqualified_emphasis_of_matter,City of Ekurhuleni,not_at_risk,unqualified_emphasis_of_matter
EKU,2019,35105566026.0,38029472781.0,-2923906755.0,1.113636828779785,1.0,0.0,0.0645662618080458,0.0108601635993845,0.0,not_at_risk,unqualified_emphasis_of_matter,City of Ekurhuleni,not_at_risk,unqualified
EKU,2020,38025437749.0,40435173995.0,-2409736246.0,0.4955105222615724,1.0,157.7474949119487,0.0695959767688394,0.0036348622369765,0.9324264959167348,not_at_risk,unqualified,City of Ekurhuleni,not_at_risk,unqualified
EKU,2021,39428484911.0,41583460060.0,-2154975149.0,0.3287654667570729,1.0,184.2686684115535,0.0613385089485023,0.0054355539600087,0.7513598651551291,not_at_risk,unqualified,City of Ekurhuleni,not_at_risk,unqualified
ETH,2018,-30121095.0,-32635460.0,2514365.0,-0.0516321816821334,2.5023240465602554,-0.0,-0.0,-22.446841564359747,-0.0,not_at_risk,unqualified_emphasis_of_matter,eThekwini,not_at_risk,unqualified_emphasis_of_matter
ETH,2019,-87243840.0,77369591.0,-164613431.0,0.0,0.2305667639801387,-0.0,0.0183499742166143,30.26197980030681,-0.0,not_at_risk,unqualified_emphasis_of_matter,eThekwini,not_at_risk,unqualified_emphasis_of_matter
ETH,2020,37932379829.0,40681134512.0,-2748754683.0,-0.6540166432219781,0.9017554210902856,0.0,0.0744494679986519,0.0263519445280902,0.951929208575362,not_at_risk,unqualified_emphasis_of_matter,eThekwini,not_at_risk,unqualified_emphasis_of_matter
ETH,2021,39219442371.0,41348765993.0,-2129323622.0,0.2202143180171689,0.926271168139392,0.0,0.063575326877833,0.0186299151014666,0.7418963514258171,not_at_risk,unqualified_emphasis_of_matter,eThekwini,not_at_risk,unqualified_emphasis_of_matter
FS161,2018,1062129928.0,1646184762.0,-584054834.0,1.6509743491356652,1.0,0.0,0.0,0.0618304131769141,0.0,at_risk,qualified,Letsemeng,at_risk,qualified
FS161,2019,47181068.0,156683891.0,-109502823.0,0.0994605118658943,1.0,0.0,-0.001230611511939,0.1761028005106153,0.0,at_risk,qualified,Letsemeng,at_risk,qualified
FS161,2020,172680871.0,226297075.0,-53616204.0,0.1760642818737272,1.0,953.3141932669542,0.0001766704231594,0.1338895078515707,4.644371801900397,at_risk,qualified,Letsemeng,at_risk,qualified
FS161,2021,199194147.0,240696491.0,-41502344.0,0.1519168802506555,1.0,1014.4322344722308,0.0031984512811198,0.6817470305373085,4.428037707352917,at_risk,qualified,Letsemeng,at_risk,qualified
FS162,2018,227478020.0,239837385.0,-12359365.0,-0.7770941798752518,1.0,0.0,0.0,0.1037470200902999,0.0,at_risk,qualified,Kopanong,at_risk,outstanding
FS163,2018,190564494.0,239366812.0,-48802318.0,-0.0102305911982484,1.0,0.0,0.0,0.0440759055603748,0.0,at_risk,qualified,Mohokare,at_risk,qualified
FS163,2019,194149222.0,252743777.0,-58594555.0,0.4132591719557945,1.0,0.0,0.019675479487671,0.0239513038534673,0.0,at_risk,qualified,Mohokare,at_risk,qualified
FS163,2020,197554635.0,285041014.0,-87486379.0,0.1916855516097764,1.0,1044.4962799784475,0.0290896698816823,0.6409824517393837,5.486569150857939,at_risk,qualified,Mohokare,at_risk,outstanding
FS163,2021,210128548.0,278901416.0,-68772868.0,0.218009592321324,1.0,1190.5087802253315,0.0248846244652985,0.0889328794228854,5.427622133476123,at_risk,outstanding,Mohokare,at_risk,qualified
FS182,2018,7988009.0,184367599.0,-176379590.0,5.581418088543855,1.0,0.0,0.0,0.615938324390719,0.0,at_risk,disclaimer,Tokologo,at_risk,outstanding
FS182,2019,5351374.0,5666745.0,-315371.0,-15.405925623969315,1.0,0.0,0.0679783544168654,4.6088518188130925,0.0,at_risk,outstanding,Tokologo,at_risk,qualified
FS183,2018,136890561.0,174774094.0,-37883533.0,0.7644070865559743,1.0,0.0,0.0,0.0691752520256234,0.0,at_risk,qualified,Tswelopele,at_risk,qualified
FS183,2019,154480903.0,181292038.0,-26811135.0,0.5885102797509507,1.0,0.0,0.0249394901722049,0.307092631392891,0.0,at_risk,qualified,Tswelopele,not_at_risk,unqualified_emphasis_of_matter
FS183,2020,162123486.0,199517132.0,-37393646.0,0.6938762331447307,0.913683632611924,0.0,0.0372935493078358,0.1951300953945147,4.135195291816017,not_at_risk,unqualified_emphasis_of_matter,Tswelopele,not_at_risk,unqualified_emphasis_of_matter
FS183,2021,187158309.0,222960369.0,-35802060.0,0.6720699318541224,0.8219113039601786,460.2643259081808,0.0548394140843927,0.1133809838644463,3.4539389752661207,not_at_risk,unqualified_emphasis_of_matter,Tswelopele,not_at_risk,unqualified_emphasis_of_matter
FS184,2018,2032559244.0,3000468725.0,-967909481.0,0.041846853777821,1.0,0.0,0.0,0.1255425360249339,0.0,at_risk,qualified,Matjhabeng,at_risk,outstanding
FS184,2019,2248897771.0,3904455249.0,-1655557478.0,0.003323498714276,1.0,0.0,0.0080593058424883,0.0786328146746291,0.0,at_risk,outstanding,Matjhabeng,at_risk,qualified
FS184,2020,2498014192.0,3921207607.0,-1423193415.0,0.1799444922886481,1.0,1141.3660787560489,0.0057977753994497,0.0866553429595037,1.7626561146454849,at_risk,qualified,Matjhabeng,at_risk,qualified
FS184,2021,2699447486.0,4144340062.0,-1444892576.0,0.1655324770016423,1.0,1240.1136288450102,0.0075674945904089,0.1094386040273738,1.2995431176911585,at_risk,qualified,Matjhabeng,at_risk,qualified
FS185,2018,-297329021.0,-257268349.0,-40060672.0,-0.0,1.0,-0.0,-0.0,-0.1762064170590996,-0.0,at_risk,qualified,Nala,at_risk,disclaimer
FS185,2021,-5070826.0,167888503.0,-172959329.0,0.7828817914946802,-36.6730048373006,-0.0,-0.0265844767226258,0.5592658956521877,-177.6116486742002,at_risk,outstanding,Nala,at_risk,qualified
FS191,2018,451923274.0,584907351.0,-132984077.0,0.0077450625167472,1.0288389354599834,0.0,0.0,0.1695097947230278,0.0,at_risk,qualified,Setsoto,at_risk,qualified
FS191,2019,498543529.0,1259897521.0,-761353992.0,0.2798879830481069,0.9741411389392376,0.0,0.0132254486752022,0.0610638021884003,0.0,at_risk,qualified,Setsoto,at_risk,qualified
FS191,2020,491784921.0,641892832.0,-150107911.0,0.5648916983076702,0.966518450397762,642.8330934530626,0.0063056117753936,0.2867033604762235,7.92714705866307,at_risk,qualified,Setsoto,at_risk,qualified
FS191,2021,548642421.0,933519355.0,-384876934.0,0.5852145615127605,0.7308276379612477,672.3981115561605,0.0076013260592759,0.0998554497030219,5.594712564160255,at_risk,qualified,Setsoto,not_at_risk,unqualified_emphasis_of_matter
FS192,2018,654466237.0,836134440.0,-181668203.0,0.0831261776515269,1.0,0.0,0.0,0.0444168476064686,0.0,at_risk,qualified,Dihlabeng,at_risk,qualified
FS192,2019,739724564.0,1014322207.0,-274597643.0,0.0550937597681916,1.0,0.0,0.0079225732657157,0.0529359257141848,0.0,at_risk,qualified,Dihlabeng,at_risk,qualified
FS192,2020,735348231.0,924969481.0,-189621250.0,-0.0008702816866235,1.0,925.9017672947932,0.0053774639079146,0.140495499223936,2.058303821499232,at_risk,qualified,Dihlabeng,at_risk,qualified
FS192,2021,810980032.0,1039330276.0,-228350244.0,-0.1301541455336186,1.0,1014.8345609636416,0.0092727020683846,0.1455972951951223,1.865648381340171,at_risk,qualified,Dihlabeng,at_risk,qualified
FS193,2018,312447199.0,409974856.0,-97527657.0,-0.0413472186206463,1.0,0.0,0.0,0.0586808792000648,0.0,at_risk,qualified,Nketoana,at_risk,disclaimer
FS193,2019,333588506.0,440486955.0,-106898449.0,0.1434489790963276,1.0,0.0,0.0167319892594776,0.0068709344638821,0.0,at_risk,disclaimer,Nketoana,at_risk,disclaimer
FS194,2019,1348503479.0,2311616144.0,-963112665.0,-0.1318604478477807,1.0,0.0,0.0174327437990067,0.1367046803251604,0.0,at_risk,outstanding,Maluti-a-Phofung,at_risk,disclaimer
FS194,2020,1141787407.0,2025973907.0,-884186500.0,-0.0850613956105605,1.0,1157.2877135261665,0.0271008337325047,0.0137852960018403,5.38335045763909,at_risk,disclaimer,Maluti-a-Phofung,at_risk,outstanding
FS195,2018,86113045.0,95290247.0,-9177202.0,0.1790133674435747,1.0,0.0,0.0,0.2112951076724567,0.0,at_risk,qualified,Phumelela,at_risk,outstanding
FS195,2020,215695166.0,296920823.0,-81225657.0,0.0034889301111764,0.8664352629553289,0.0,0.0262646045541912,0.0503623924011553,4.415503757742999,not_at_risk,unqualified_emphasis_of_matter,Phumelela,not_at_risk,unqualified_emphasis_of_matter
FS195,2021,249737480.0,254726313.0,-4988833.0,0.2014884422246554,1.039066392139641,1059.5505950088068,0.0217440826382157,0.0332557320059824,4.708419401044649,not_at_risk,unqualified_emphasis_of_matter,Phumelela,not_at_risk,unqualified_emphasis_of_matter
FS196,2018,261509273.0,386126910.0,-124617637.0,30.554596466741984,1.0,0.0,0.0,0.0287123345016279,0.0,at_risk,qualified,Mantsopa,at_risk,outstanding
FS196,2019,247001243.0,386127010.0,-139125767.0,30.554585445861456,1.0,0.0,0.0,0.0031235836104809,0.0,at_risk,outstanding,Mantsopa,at_risk,qualified
FS201,2018,685334094.0,874367050.0,-189032956.0,-0.0002842559083167,1.0,0.0,0.0,0.0533100040766632,0.0,not_at_risk,unqualified_emphasis_of_matter,Moqhaka,at_risk,qualified
FS201,2019,766393665.0,887754569.0,-121360904.0,0.2058959473516378,1.0,0.0,0.0425305273759734,0.0607277234976416,0.0,at_risk,qualified,Moqhaka,at_risk,qualified
FS201,2020,799382644.0,1002709566.0,-203326922.0,-0.3418655487325828,1.0,718.7175698863434,0.0622427551469076,0.1282459640960481,2.068075058182024,at_risk,qualified,Moqhaka,at_risk,qualified
FS201,2021,895996521.0,1015967290.0,-119970769.0,-0.0006577652711634,1.0,872.1009789277965,0.0703480050031925,0.1384132947823546,1.7005135000965033,at_risk,qualified,Moqhaka,not_at_risk,unqualified_emphasis_of_matter
FS203,2018,601770266.0,839236076.0,-237465810.0,0.1038149842357348,1.0,0.0,0.0,0.1157441163194228,0.0,at_risk,disclaimer,Ngwathe,at_risk,qualified
FS203,2019,654368426.0,924064241.0,-269695815.0,0.5289882611094351,1.0,0.0,0.0373797085391166,0.1496252531646227,0.0,at_risk,qualified,Ngwathe,at_risk,qualified
FS203,2020,745828757.0,979428740.0,-233599983.0,0.2566638793956566,1.0,815.9079106210971,0.0679038752732536,0.0051415542492657,2.785045991462085,at_risk,qualified,Ngwathe,at_risk,qualified
FS203,2021,789260210.0,940260188.0,-150999978.0,0.723626911660754,1.0,781.6537724548409,0.0565622289221076,0.0,2.5846573413348684,at_risk,qualified,Ngwathe,at_risk,qualified
FS204,2018,993956655.0,972501160.0,21455495.0,0.1068374211502226,1.0,0.0,0.0,0.013764809288248,0.0,at_risk,qualified,Metsimaholo,at_risk,qualified
FS204,2019,1068818861.0,1166240650.0,-97421789.0,0.1802463222320367,1.0,0.0,0.0186717878509894,0.0835922997539144,0.0,at_risk,qualified,Metsimaholo,at_risk,qualified
FS204,2020,1246456905.0,1240095485.0,6361420.0,0.4586924143184022,0.7613146072460586,528.5918126266869,0.0382015010723146,0.0463286776663008,1.5095761918860724,at_risk,qualified,Metsimaholo,at_risk,qualified
FS204,2021,1319049061.0,1254849810.0,64199251.0,0.48747140185645,0.8906625300792288,577.0311621221797,0.0178042310896154,0.0563608500685831,1.3450726833882338,at_risk,qualified,Metsimaholo,at_risk,qualified
FS205,2019,224423968.0,357661242.0,-133237274.0,4.789782998069441,0.9923466962399632,0.0,0.0194886646398213,0.2170283270447291,0.0,at_risk,outstanding,Mafube,at_risk,qualified
FS205,2020,239868911.0,403865783.0,-163996872.0,-0.3908668737108635,1.0009579107678814,1487.2189102071673,0.0186758381558657,0.494582339994869,3.9907531826831866,at_risk,qualified,Mafube,at_risk,outstanding
GT421,2018,5112935763.0,6001884564.0,-888948801.0,0.1348633622271046,0.6987476546218098,0.0,0.0,0.127988966433577,0.0,not_at_risk,unqualified_emphasis_of_matter,Emfuleni,at_risk,outstanding
GT421,2019,5728209444.0,6495947951.0,-767738507.0,0.4018044398890535,0.9618737029863982,0.0,0.026738116485872,0.0563006507685609,0.0,at_risk,outstanding,Emfuleni,at_risk,qualified
GT421,2020,6066025899.0,7565510266.0,-1499484367.0,0.3812107099981298,0.5873367502748019,1121.9235512367204,0.0241850991627482,0.0409238679367618,1.706652917144098,at_risk,qualified,Emfuleni,not_at_risk,unqualified_emphasis_of_matter
GT421,2021,6732513572.0,7858520236.0,-1126006664.0,0.4114964047793794,0.7867587031227752,1159.0580242606006,0.0989767114725795,0.0101914380309295,1.8856405950368875,not_at_risk,unqualified_emphasis_of_matter,Emfuleni,at_risk,qualified
GT422,2018,973335643.0,994425888.0,-21090245.0,0.8675547513501579,1.0,0.0,0.0,0.0002604236304837,0.0,not_at_risk,unqualified,Midvaal,not_at_risk,unqualified
GT422,2019,1078388340.0,1121715943.0,-43327603.0,3.1334091896739675,1.0,0.0,0.0887698179038897,0.0016341918035839,0.0,not_at_risk,unqualified,Midvaal,not_at_risk,unqualified
GT422,2020,1131851298.0,1147282599.0,-15431301.0,4.184290371164254,0.966230104099922,281.1261868429646,0.0903077568598249,0.004328453167797,1.6173169189580237,not_at_risk,unqualified,Midvaal,not_at_risk,unqualified
GT422,2021,1263084729.0,1240086270.0,22998459.0,4.367163210346648,0.9236687604826302,257.5547785440766,0.0798342312103818,0.0044042097167965,1.270663727579593,not_at_risk,unqualified,Midvaal,not_at_risk,unqualified
GT423,2018,731326642.0,717019364.0,14307278.0,0.6023567865595328,0.930313871104188,0.0,0.0,0.0629644501483784,0.0,not_at_risk,unqualified_emphasis_of_matter,Lesedi,not_at_risk,unqualified_emphasis_of_matter
GT423,2019,762754849.0,801323613.0,-38568764.0,0.6197012292460674,0.982761684837009,0.0,0.0367913069348176,0.0758884076463624,0.0,not_at_risk,unqualified_emphasis_of_matter,Lesedi,not_at_risk,unqualified_emphasis_of_matter
GT423,2020,880120932.0,923403739.0,-43282807.0,0.9209328661815176,0.9986608525898992,764.1972136563161,0.0324368472153219,0.0107315181663998,1.6836654601915546,not_at_risk,unqualified_emphasis_of_matter,Lesedi,not_at_risk,unqualified_emphasis_of_matter
GT423,2021,915215073.0,992334193.0,-77119120.0,0.6654319247064381,0.998303629721804,897.3632093469685,0.0369102689984602,0.0145930736864168,1.414200819220992,not_at_risk,unqualified_emphasis_of_matter,Lesedi,not_at_risk,unqualified_emphasis_of_matter
GT481,2018,3030227772.0,2871034803.0,159192969.0,0.0668079592067557,0.9794193578631866,0.0,0.0,0.059615221947555,0.0,not_at_risk,unqualified_emphasis_of_matter,Mogale City,not_at_risk,unqualified_emphasis_of_matter
GT481,2019,2717410539.0,2904119136.0,-186708597.0,-0.7059168622206276,1.0,0.0,0.0654921713239246,0.076191201062352,0.0,not_at_risk,unqualified_emphasis_of_matter,Mogale City,not_at_risk,unqualified_emphasis_of_matter
GT481,2020,2876490961.0,3079737641.0,-203246680.0,0.0562515305504232,1.0,251.2950540973384,0.1294009349025584,0.037805881400402,1.2979152281786015,not_at_risk,unqualified_emphasis_of_matter,Mogale City,not_at_risk,unqualified_emphasis_of_matter
GT481,2021,3022713099.0,3217277501.0,-194564402.0,0.1075891836785638,1.0,265.5988302249389,0.1577108853191212,0.0263092254161137,1.205003185782006,not_at_risk,unqualified_emphasis_of_matter,Mogale City,at_risk,qualified
GT484,2018,-1049386044.0,-955798201.0,-93587843.0,0.391709601052074,1.0,-0.0,-0.0,-0.0234951593092609,-0.0,not_at_risk,unqualified_emphasis_of_matter,Merafong City,not_at_risk,unqualified_emphasis_of_matter
GT484,2019,1309899117.0,1531493265.0,-221594148.0,0.6991940718720693,1.0,0.0,0.0066998113765782,0.00844952197684,0.0,not_at_risk,unqualified_emphasis_of_matter,Merafong City,not_at_risk,unqualified_emphasis_of_matter
GT484,2020,1543474724.0,1257856039.0,285618685.0,0.739171313069476,1.0,1230.076033337751,0.0061642682147984,0.0283140008838483,1.5761451147676844,not_at_risk,unqualified_emphasis_of_matter,Merafong City,at_risk,adverse
GT485,2018,1553268216.0,1936686496.0,-383418280.0,0.347035393383566,1.000877780664631,0.0,0.0,0.0773102788237751,0.0,not_at_risk,unqualified_emphasis_of_matter,Rand West City,not_at_risk,unqualified_emphasis_of_matter
GT485,2019,1700966576.0,1943776875.0,-242810299.0,0.2110903083976652,1.003082887822433,0.0,0.0,0.0909515136607436,0.0,not_at_risk,unqualified_emphasis_of_matter,Rand West City,at_risk,qualified
GT485,2020,1807070464.0,2173666374.0,-366595910.0,0.3218035243894332,0.9997836320620884,323.31222165335555,0.017535129335354,0.0320718431466152,2.822649013204169,at_risk,qualified,Rand West City,at_risk,qualified
GT485,2021,1990626000.0,2326643985.0,-336017985.0,0.4691827692752916,1.0,365.3921386588942,0.0268317084188537,0.0705429481511328,1.6201024592263942,at_risk,qualified,Rand West City,not_at_risk,unqualified_emphasis_of_matter
JHB,2018,48167746473.0,48227444496.0,-59698023.0,0.8210612096455628,0.9999998286447253,0.0,0.0,0.0180043902818035,0.0,not_at_risk,unqualified_emphasis_of_matter,City of Johannesburg,not_at_risk,unqualified_emphasis_of_matter
JHB,2020,61988402747.0,63005091066.0,-1016688319.0,1.2722825017430632,0.9137331657217816,80.57999204120064,0.0277353194390191,0.0165948176934581,0.6929514983200443,not_at_risk,unqualified_emphasis_of_matter,City of Johannesburg,not_at_risk,unqualified_emphasis_of_matter
JHB,2021,66087617063.0,68481638170.0,-2394021107.0,1.2645539266602508,0.8837013386087514,84.83211822898042,0.0266268677813085,0.0163256754639051,0.5604824949686051,not_at_risk,unqualified_emphasis_of_matter,City of Johannesburg,not_at_risk,unqualified_emphasis_of_matter
KZN212,2018,271924631.0,254771091.0,17153540.0,-0.2654316851043354,0.9413942601361373,0.0,0.0,0.1801176727700239,0.0,not_at_risk,unqualified_emphasis_of_matter,Umdoni,not_at_risk,unqualified_emphasis_of_matter
KZN212,2019,276232819.0,333734990.0,-57502171.0,0.153711218592932,0.9711494762377136,0.0,0.0700811742874188,0.1279385568771197,0.0,not_at_risk,unqualified_emphasis_of_matter,Umdoni,at_risk,qualified
KZN212,2020,292057455.0,382139745.0,-90082290.0,6.113619215399853,0.6181434784659201,257.2180313288014,0.1229590892200967,0.272141129941875,5.109909651167781,at_risk,qualified,Umdoni,not_at_risk,unqualified_emphasis_of_matter
KZN212,2021,318414095.0,378069120.0,-59655025.0,6.518027021090747,0.8315374621778844,291.343837228688,0.1255022520749645,0.2423912034921022,2.973992548916529,not_at_risk,unqualified_emphasis_of_matter,Umdoni,not_at_risk,unqualified_emphasis_of_matter
KZN213,2018,5411477.0,21530216.0,-16118739.0,-17.8801115604228,1.0,0.0,0.0,0.0,0.0,not_at_risk,unqualified_emphasis_of_matter,Umzumbe,not_at_risk,unqualified_emphasis_of_matter
KZN213,2019,145180350.0,161852576.0,-16672226.0,14.577845310290272,1.0,0.0,0.0359113530574885,0.325757095148118,0.0,not_at_risk,unqualified_emphasis_of_matter,Umzumbe,not_at_risk,unqualified_emphasis_of_matter
KZN213,2020,157121172.0,149769566.0,7351606.0,19.131588135870008,1.0,109.66774589105026,0.0389407217752103,0.480013890138401,14.055573987189964,not_at_risk,unqualified_emphasis_of_matter,Umzumbe,not_at_risk,unqualified_emphasis_of_matter
KZN213,2021,181574196.0,156813269.0,24760927.0,18.19188721842155,1.0,125.06788671117124,0.0631003234809166,0.3875850518746599,5.795957405753844,not_at_risk,unqualified_emphasis_of_matter,Umzumbe,not_at_risk,unqualified_emphasis_of_matter
KZN214,2018,160040630.0,141634670.0,18405960.0,13.934051881506132,1.0,0.0,0.0,0.0100649509050291,0.0,not_at_risk,unqualified_emphasis_of_matter,uMuziwabantu,not_at_risk,unqualified_emphasis_of_matter
KZN214,2019,166718664.0,161559782.0,5158882.0,12.147051671560192,1.0,0.0,0.0024258388761628,0.4167678438684697,0.0,not_at_risk,unqualified_emphasis_of_matter,uMuziwabantu,not_at_risk,unqualified_emphasis_of_matter
KZN214,2020,171023656.0,172259752.0,-1236096.0,9.424233978927358,1.0,0.0,0.0465854322140206,0.3483008845850422,4.91098372964264,not_at_risk,unqualified_emphasis_of_matter,uMuziwabantu,not_at_risk,unqualified_emphasis_of_matter
KZN214,2021,197682090.0,200565501.0,-2883411.0,7.815398501659565,1.0159215927106091,0.0,0.0398926184219488,0.1315835568351308,3.870354881415914,not_at_risk,unqualified_emphasis_of_matter,uMuziwabantu,not_at_risk,unqualified_emphasis_of_matter
KZN216,2018,858513090.0,973293753.0,-114780663.0,0.801479411118752,0.9480401645292882,0.0,0.0,0.0117807300875586,0.0,not_at_risk,unqualified_emphasis_of_matter,Ray Nkonyeni,not_at_risk,unqualified_emphasis_of_matter
KZN216,2019,877410532.0,1030298480.0,-152887948.0,0.8916645708338811,1.0056111393187088,0.0,0.0,0.1488681775013392,0.0,not_at_risk,unqualified_emphasis_of_matter,Ray Nkonyeni,not_at_risk,unqualified_emphasis_of_matter
KZN216,2020,944002949.0,1033523601.0,-89520652.0,1.1188725742509678,1.1925605211890316,0.0,0.0449397903976844,0.0169824114156828,2.624540379481378,not_at_risk,unqualified_emphasis_of_matter,Ray Nkonyeni,not_at_risk,unqualified_emphasis_of_matter
KZN216,2021,1067570853.0,1044780210.0,22790643.0,1.49048874882498,0.9726173336621916,274.3917338290239,0.0415178729313795,0.0304851601276023,1.672888570328924,not_at_risk,unqualified_emphasis_of_matter,Ray Nkonyeni,not_at_risk,unqualified
KZN221,2018,24582806.0,66457441.0,-41874635.0,-6.551675199169948,1.0,0.0,0.0,0.352345932188391,0.0,not_at_risk,unqualified_emphasis_of_matter,uMshwathi,at_risk,qualified
KZN221,2019,162219150.0,154042633.0,8176517.0,3.725318094244728,1.0,0.0,0.0694290002171022,0.0905720366387141,0.0,at_risk,qualified,uMshwathi,not_at_risk,unqualified_emphasis_of_matter
KZN221,2020,167373823.0,155901483.0,11472340.0,4.105071739439451,1.0,607.9550376584276,0.0574003968903875,0.0084899192395751,22.110894760407067,not_at_risk,unqualified_emphasis_of_matter,uMshwathi,at_risk,qualified
KZN221,2021,195372928.0,246570352.0,-51197424.0,4.057035989468839,1.0,552.9668827249187,0.0694235169036056,0.0005065491409932,11.44667865140456,at_risk,qualified,uMshwathi,not_at_risk,unqualified_emphasis_of_matter
KZN222,2018,336784242.0,386360460.0,-49576218.0,-0.1046079094118482,0.9331057714940092,0.0,0.0,0.0020293950369559,0.0,not_at_risk,unqualified_emphasis_of_matter,uMngeni,at_risk,qualified
KZN222,2019,355996202.0,411061905.0,-55065703.0,0.3873803095424277,0.943124696455409,0.0,0.0004251573738023,0.0004832313517352,0.0,at_risk,qualified,uMngeni,at_risk,qualified
KZN222,2020,390697707.0,477403910.0,-86706203.0,0.8068395585616381,0.8525691876180008,283.4998338498055,0.0002477713263806,1.187673557177192e-06,1.867024036565436,at_risk,qualified,uMngeni,at_risk,qualified
KZN222,2021,439894681.0,520351763.0,-80457082.0,0.5185183700434585,0.7641778843138594,290.26052554156706,0.0330028919302421,0.0422134305327605,1.391210438391275,at_risk,qualified,uMngeni,not_at_risk,unqualified_emphasis_of_matter
KZN223,2018,151141201.0,175889766.0,-24748565.0,0.1240285463794408,0.7950773580819535,0.0,0.0,0.0922117890588358,0.0,at_risk,disclaimer,Mpofana,at_risk,disclaimer
KZN223,2019,136341248.0,179284501.0,-42943253.0,0.1281246949506248,0.967465488111609,0.0,0.0058137150405432,0.1681587077066968,0.0,at_risk,disclaimer,Mpofana,at_risk,qualified
KZN223,2020,136608144.0,178414827.0,-41806683.0,0.1358381946585639,0.7616827813400652,0.0,0.0001630301723746,0.2017877079240729,4.804491407188725,at_risk,qualified,Mpofana,at_risk,qualified
KZN223,2021,133401423.0,196011302.0,-62609879.0,0.2224971700866514,0.8771552680116422,685.7510240351784,0.0005219545962711,0.2590766832414592,3.3961960960491404,at_risk,qualified,Mpofana,at_risk,qualified
KZN224,2018,763809.0,23728702.0,-22964893.0,-3.210267632843971,1.0,0.0,0.0,0.2978832554768482,0.0,at_risk,qualified,Impendle,at_risk,qualified
KZN224,2019,44535243.0,21114020.0,23421223.0,4.685105536510811,1.0,0.0,0.0247033014082585,0.2002547122717511,0.0,at_risk,qualified,Impendle,not_at_risk,unqualified_emphasis_of_matter
KZN224,2020,45132908.0,61630830.0,-16497922.0,1.724465758452385,1.0,121.84215406638543,0.0087548715472434,0.0489019051017161,10.071624456372277,not_at_risk,unqualified_emphasis_of_matter,Impendle,not_at_risk,unqualified_emphasis_of_matter
KZN224,2021,53023366.0,72121878.0,-19098512.0,0.6842109685496542,1.0,0.0,0.0106245292170567,0.0552573104100256,4.927897749833536,not_at_risk,unqualified_emphasis_of_matter,Impendle,not_at_risk,unqualified_emphasis_of_matter
KZN225,2018,74882819.0,766485516.0,-691602697.0,1.4038961644253694,30.72116227354474,0.0,0.0,0.1728799282359824,0.0,at_risk,adverse,Msunduzi,at_risk,qualified
KZN225,2020,5430061242.0,5674015653.0,-243954411.0,1.09481807733744,0.8673623214732153,594.6466854323555,0.0439950284359922,0.0092284426413795,1.4424474238738243,at_risk,qualified,Msunduzi,not_at_risk,unqualified_emphasis_of_matter
KZN225,2021,5508128132.0,6400330357.0,-892202225.0,0.6442873667434976,0.8496791234051821,618.7561089101767,0.0504522493353541,0.0078271120716777,1.1813232593841918,not_at_risk,unqualified_emphasis_of_matter,Msunduzi,at_risk,qualified
KZN226,2018,7714708.0,28811975.0,-21097267.0,-4.17335597438218,1.0,0.0,0.0,0.1958807405601317,0.0,not_at_risk,unqualified_emphasis_of_matter,Mkhambathini,not_at_risk,unqualified_emphasis_of_matter
KZN226,2019,91278666.0,83526451.0,7752215.0,9.201763690402696,1.0,0.0,0.0762904795272577,0.0342863244602599,0.0,not_at_risk,unqualified_emphasis_of_matter,Mkhambathini,not_at_risk,unqualified_emphasis_of_matter
KZN226,2020,97745198.0,96866724.0,878474.0,8.108781009255562,1.0,186.11040263072567,0.1109458496810524,0.0295867650071452,12.12167263705374,not_at_risk,unqualified_emphasis_of_matter,Mkhambathini,not_at_risk,unqualified_emphasis_of_matter
KZN226,2021,116415539.0,133258131.0,-16842592.0,4.54247370466272,1.0,152.82437385785758,0.207649970717359,0.003309456591433,5.061556344295241,not_at_risk,unqualified_emphasis_of_matter,Mkhambathini,not_at_risk,unqualified_emphasis_of_matter
KZN227,2018,89896230.0,139936460.0,-50040230.0,3.427085778788459,-1.3040899027641502,0.0,0.0,0.0157214209934994,0.0,at_risk,adverse,Richmond,at_risk,qualified
KZN227,2019,99100215.0,114944889.0,-15844674.0,2.492664810872974,1.0,0.0,0.0617779882322562,0.3199345731674942,0.0,at_risk,qualified,Richmond,not_at_risk,unqualified_emphasis_of_matter
KZN227,2020,92393324.0,120375932.0,-27982608.0,1.8990395521922108,0.7427976033540469,350.9265898908454,0.0406340613005596,0.1220968075246138,6.980442244939688,not_at_risk,unqualified_emphasis_of_matter,Richmond,not_at_risk,unqualified_emphasis_of_matter
KZN227,2021,122110519.0,129233138.0,-7122619.0,1.9538436650822488,0.8087235601829623,314.2290625265461,0.0475070643258697,0.174752577779238,4.272438691379241,not_at_risk,unqualified_emphasis_of_matter,Richmond,not_at_risk,unqualified_emphasis_of_matter
KZN235,2018,4117325.0,28554771.0,-24437446.0,-7.28363901079788,1.0,0.0,0.0,0.0,0.0,not_at_risk,unqualified,Okhahlamba,not_at_risk,unqualified
KZN235,2019,167259003.0,193479269.0,-26220266.0,1.6601377380643298,1.0,0.0,0.0334383008238469,0.1623278874389379,0.0,not_at_risk,unqualified,Okhahlamba,not_at_risk,unqualified
KZN235,2020,180274035.0,187051106.0,-6777071.0,3.703607996843387,1.0,233.28388148076897,0.0234836141519526,0.1239106386251466,6.881494597932531,not_at_risk,unqualified,Okhahlamba,not_at_risk,unqualified
KZN235,2021,229873871.0,220143186.0,9730685.0,3.877046423776205,1.0,151.70398935858177,0.03278988158189,0.0165296008753139,4.5878789416653625,not_at_risk,unqualified,Okhahlamba,not_at_risk,unqualified
KZN237,2018,506637271.0,510440783.0,-3803512.0,0.0653395753450209,1.0386424462239778,0.0,0.0,0.1528049552419874,0.0,at_risk,adverse,Inkosi Langalibalele,at_risk,outstanding
KZN237,2019,490814975.0,698990680.0,-208175705.0,0.0502437085427233,1.0,0.0,0.020766965018761,0.0245632159215627,0.0,at_risk,outstanding,Inkosi Langalibalele,at_risk,disclaimer
KZN237,2020,652722740.0,566936436.0,85786304.0,1.226967137458775,1.0,284.88283296212416,0.0212027261553533,0.0570152012597052,2.567890495128146,at_risk,disclaimer,Inkosi Langalibalele,at_risk,disclaimer
KZN237,2021,593704999.0,603554482.0,-9849483.0,1.2252429731770262,1.0,246.9550571949959,0.0234093829494584,0.057793967305838,2.279147543441857,at_risk,disclaimer,Inkosi Langalibalele,at_risk,qualified
KZN238,2018,887983179.0,887909205.0,73974.0,3.706675265293595,1.0,0.0,0.0,0.0174540143437301,0.0,at_risk,qualified,Alfred Duma,not_at_risk,unqualified_emphasis_of_matter
KZN238,2019,837635948.0,954219139.0,-116583191.0,3.786817053142339,1.0,0.0,0.0833064741117082,0.0009632546261472,0.0,not_at_risk,unqualified_emphasis_of_matter,Alfred Duma,not_at_risk,unqualified_emphasis_of_matter
KZN238,2020,957365246.0,1016205890.0,-58840644.0,4.398085533631378,1.0,414.13069501584977,0.0806272545812541,0.000833622406971,2.230595314507584,not_at_risk,unqualified_emphasis_of_matter,Alfred Duma,not_at_risk,unqualified_emphasis_of_matter
KZN238,2021,1017343919.0,960012664.0,57331255.0,5.684211165781038,0.8982098263347166,457.86428560743184,0.0672173570410317,5.389928897854623e-05,1.711096068388649,not_at_risk,unqualified_emphasis_of_matter,Alfred Duma,not_at_risk,unqualified_emphasis_of_matter
KZN241,2019,329921633.0,313434556.0,16487077.0,0.1719946794890095,1.0,0.0,0.0030720065211954,0.2980718820294977,0.0,not_at_risk,unqualified_emphasis_of_matter,Endumeni,at_risk,qualified
KZN241,2020,291866548.0,303130146.0,-11263598.0,0.0060071623493362,0.9383565499759348,313.6006991112938,0.0097909793504998,0.0349499023432661,2.7581873891214146,at_risk,qualified,Endumeni,at_risk,qualified
KZN241,2021,335202900.0,366662650.0,-31459750.0,-0.3921000952783164,0.8865963961841264,327.0574566926479,0.0072843088872019,0.0269026801611781,1.30699345978212,at_risk,qualified,Endumeni,at_risk,qualified
KZN242,2018,156891391.0,116956007.0,39935384.0,22.123199948165126,1.0,0.0,0.0,0.0522930557983225,0.0,not_at_risk,unqualified_emphasis_of_matter,Nquthu,not_at_risk,unqualified_emphasis_of_matter
KZN242,2019,183301976.0,121173990.0,62127986.0,23.39905043978497,1.0,0.0,0.0008243023110817,0.8825005184693514,0.0,not_at_risk,unqualified_emphasis_of_matter,Nquthu,at_risk,disclaimer
KZN242,2020,230696693.0,186543141.0,44153552.0,18.796186561477487,1.0041729710525196,0.0,0.0281822530263924,0.6904728649336939,5.393411720904036,at_risk,disclaimer,Nquthu,at_risk,disclaimer
KZN242,2021,253958346.0,237576876.0,16381470.0,9.744150099860729,1.0572058761535823,0.0,0.0167495846691746,0.9165485238554952,3.84712239384328,at_risk,disclaimer,Nquthu,at_risk,qualified
KZN244,2018,155422829.0,157018362.0,-1595533.0,3.2642150221895703,3.3940718703465453,0.0,0.0,0.0607040149864765,0.0,not_at_risk,unqualified_emphasis_of_matter,Msinga,not_at_risk,unqualified_emphasis_of_matter
KZN244,2019,186746745.0,211133298.0,-24386553.0,1.7162699367297336,1.0,0.0,0.0347016793154057,0.0,0.0,not_at_risk,unqualified_emphasis_of_matter,Msinga,not_at_risk,unqualified_emphasis_of_matter
KZN244,2020,194054518.0,158178398.0,35876120.0,4.513048766621091,1.0,161.46533377800563,0.0960417174031564,0.0,10.348785365564124,not_at_risk,unqualified_emphasis_of_matter,Msinga,not_at_risk,unqualified_emphasis_of_matter
KZN244,2021,248088089.0,220648636.0,27439453.0,4.845518682472164,1.0,157.21175586144324,0.0769197775598304,0.003663136172752,5.495143259376713,not_at_risk,unqualified_emphasis_of_matter,Msinga,not_at_risk,unqualified_emphasis_of_matter
KZN245,2018,103857041.0,53556928.0,50300113.0,-4.758953164752094,0.8711302726209542,0.0,0.0,0.6653254645225357,0.0,not_at_risk,unqualified_emphasis_of_matter,Umvoti,not_at_risk,unqualified_emphasis_of_matter
KZN245,2019,274997343.0,310027671.0,-35030328.0,0.6884820548808368,1.0,0.0,0.0146144342064228,0.1876519467192978,0.0,not_at_risk,unqualified_emphasis_of_matter,Umvoti,not_at_risk,unqualified_emphasis_of_matter
KZN245,2020,318831187.0,315205771.0,3625416.0,1.7218264699855386,0.9125353432945038,175.94857204166792,0.0158914730022503,0.0058031424811698,4.285507521571282,not_at_risk,unqualified_emphasis_of_matter,Umvoti,not_at_risk,unqualified_emphasis_of_matter
KZN245,2021,331691693.0,358943916.0,-27252223.0,2.1211846031122032,0.7664728072904696,140.79066568604117,0.0235322946663344,0.0950695205542918,3.464885187824104,not_at_risk,unqualified_emphasis_of_matter,Umvoti,not_at_risk,unqualified_emphasis_of_matter
KZN252,2018,1655631259.0,2291987436.0,-636356177.0,0.3008762880495999,0.9964910364122336,0.0,0.0,0.041751836199856,0.0,not_at_risk,unqualified_emphasis_of_matter,Newcastle,not_at_risk,unqualified_emphasis_of_matter
KZN252,2019,1767717385.0,2231529208.0,-463811823.0,0.0537765204102136,1.0,0.0,0.0032113149020454,0.0389360205049128,0.0,not_at_risk,unqualified_emphasis_of_matter,Newcastle,not_at_risk,unqualified_emphasis_of_matter
KZN252,2020,1815449633.0,2332273035.0,-516823402.0,-0.70283963129557,0.997467303130524,0.0,0.0052309244316242,0.0413683336179376,1.9084704334510167,not_at_risk,unqualified_emphasis_of_matter,Newcastle,not_at_risk,unqualified_emphasis_of_matter
KZN252,2021,1984359983.0,2285184927.0,-300824944.0,-0.1135307890992403,0.9618457796708276,506.1457734380244,0.0028684348135471,0.013847986491642,1.5095181507699251,not_at_risk,unqualified_emphasis_of_matter,Newcastle,not_at_risk,unqualified_emphasis_of_matter
KZN253,2018,6221305.0,17001586.0,-10780281.0,-1.005705232441256,1.0,0.0,0.0,0.4581881949131098,0.0,not_at_risk,unqualified_emphasis_of_matter,Emadlangeni,not_at_risk,unqualified_emphasis_of_matter
KZN253,2019,79504884.0,80431124.0,-926240.0,1.7989434537804043,1.0,0.0,0.0178455544149799,0.0208387862390186,0.0,not_at_risk,unqualified_emphasis_of_matter,Emadlangeni,at_risk,qualified
KZN253,2020,79798802.0,104151927.0,-24353125.0,0.4566228332962097,1.0,0.0,0.0108205775203755,0.0815944288769616,23.24920449306996,at_risk,qualified,Emadlangeni,at_risk,qualified
KZN253,2021,89092423.0,99542308.0,-10449885.0,0.599237582475986,1.0,302.3875035927578,0.0084580920104846,0.2993861163034315,3.2914183510308166,at_risk,qualified,Emadlangeni,at_risk,qualified
KZN254,2018,104319482.0,110680007.0,-6360525.0,5.337651379078789,0.8889090506452589,0.0,0.0,0.1151881567914971,0.0,at_risk,qualified,Dannhauser,at_risk,qualified
KZN254,2019,118712557.0,186454828.0,-67742271.0,1.0640650613777616,1.0,0.0,0.128758569877311,0.0,0.0,at_risk,qualified,Dannhauser,at_risk,qualified
KZN254,2020,128943534.0,168745584.0,-39802050.0,1.7857122945510682,0.3403972268659793,0.0,0.1528378899681309,0.0491664836692852,6.036369950896491,at_risk,qualified,Dannhauser,at_risk,qualified
KZN254,2021,140529805.0,150495677.0,-9965872.0,0.927028701296184,0.9233239656673564,257.87159812824046,0.1606602626864823,0.1437850603509362,4.5361919487471,at_risk,qualified,Dannhauser,not_at_risk,unqualified_emphasis_of_matter
KZN261,2018,6389969.0,38974023.0,-32584054.0,-2.369601413741661,1.0,0.0,0.0,0.0435133935236811,0.0,not_at_risk,unqualified_emphasis_of_matter,eDumbe,at_risk,qualified
KZN261,2019,131416077.0,130586979.0,829098.0,0.2821544711590272,0.9441980318694988,0.0,0.0062789261707325,0.044373275531552,0.0,at_risk,qualified,eDumbe,at_risk,qualified
KZN261,2020,151479250.0,142764154.0,8715096.0,2.104591913177309,1.1668846286258574,0.0,0.0190840902541964,0.0438567723379637,9.79468729875544,at_risk,qualified,eDumbe,at_risk,qualified
KZN261,2021,177888096.0,194012454.0,-16124358.0,0.6060201681692042,0.9401734259542842,644.1307657539941,0.0702519643403923,0.0827498888293016,2.607594585755755,at_risk,qualified,eDumbe,not_at_risk,unqualified_emphasis_of_matter
KZN262,2020,260893154.0,242460700.0,18432454.0,1.4492761424841225,1.0,589.1094298127883,0.0469253656365753,0.0025879575535334,3.5262711416337127,not_at_risk,unqualified_emphasis_of_matter,uPhongolo,not_at_risk,unqualified_emphasis_of_matter
KZN262,2021,318470838.0,307549976.0,10920862.0,0.1427985674757458,1.0,570.2420269167627,0.005688977845994,0.0013147034028706,3.410358897601796,not_at_risk,unqualified_emphasis_of_matter,uPhongolo,not_at_risk,unqualified_emphasis_of_matter
KZN263,2018,482938341.0,530289138.0,-47350797.0,0.2974216907305387,1.0,0.0,0.0,0.0789380679337995,0.0,at_risk,qualified,Abaqulusi,not_at_risk,unqualified_emphasis_of_matter
KZN263,2019,502219013.0,563306258.0,-61087245.0,-1.9562814514302804,1.0,0.0,0.029164683982616,0.0275527757406877,0.0,not_at_risk,unqualified_emphasis_of_matter,Abaqulusi,at_risk,qualified
KZN263,2020,567523880.0,582904417.0,-15380537.0,0.2989257842594114,0.9669092366414735,295.9114326783923,0.0243923953659112,0.0558689882084046,3.1921169061643715,at_risk,qualified,Abaqulusi,at_risk,qualified
KZN263,2021,648619846.0,681623419.0,-33003573.0,0.4176726914953607,0.8328852892171978,320.97009728253056,0.0365368637664135,0.1184584739157854,1.8889687720101,at_risk,qualified,Abaqulusi,not_at_risk,unqualified_emphasis_of_matter
KZN265,2018,15950109.0,49118197.0,-33168088.0,-3.2132926214697983,1.0,0.0,0.0,0.0660227410220289,0.0,at_risk,adverse,Nongoma,not_at_risk,unqualified_emphasis_of_matter
KZN265,2019,172777045.0,190489376.0,-17712331.0,0.3895231406501117,1.0,0.0,0.053714029700008,0.1941190778009583,0.0,not_at_risk,unqualified_emphasis_of_matter,Nongoma,not_at_risk,unqualified_emphasis_of_matter
KZN265,2020,199869671.0,222721146.0,-22851475.0,0.3978782867792895,1.0,215.87428657447484,0.0575101521792636,0.192846538244734,7.385139939515886,not_at_risk,unqualified_emphasis_of_matter,Nongoma,not_at_risk,unqualified_emphasis_of_matter
KZN265,2021,308559807.0,343779272.0,-35219465.0,0.4907804796328732,1.0,119.86001016976265,0.0470732860240625,0.0525283560435255,3.814761499380897,not_at_risk,unqualified_emphasis_of_matter,Nongoma,not_at_risk,unqualified_emphasis_of_matter
KZN266,2018,283511211.0,336651159.0,-53139948.0,0.0288362589596787,1.191030477794376,0.0,0.0,0.1656282312100996,0.0,not_at_risk,unqualified_emphasis_of_matter,Ulundi,not_at_risk,unqualified_emphasis_of_matter
KZN266,2019,291446247.0,384627316.0,-93181069.0,0.1293881893713446,1.0,0.0,0.0637997874285143,0.1887789373753163,0.0,not_at_risk,unqualified_emphasis_of_matter,Ulundi,not_at_risk,unqualified_emphasis_of_matter
KZN266,2020,362712035.0,262848726.0,99863309.0,0.2749405755156675,1.7267156314896466,170.31634350098142,0.0805592909740791,0.1158223304456876,5.5261814348123295,not_at_risk,unqualified_emphasis_of_matter,Ulundi,not_at_risk,unqualified_emphasis_of_matter
KZN266,2021,403686880.0,397966816.0,5720064.0,0.3011849209055661,0.9673468205028486,173.4962812266775,0.0253409821988776,0.1110319735804303,3.096976755846016,not_at_risk,unqualified_emphasis_of_matter,Ulundi,at_risk,qualified
KZN271,2018,3451440.0,25190690.0,-21739250.0,-7.74966402270045,3.604411136137416,0.0,0.0,0.1950189931280167,0.0,not_at_risk,unqualified_emphasis_of_matter,Umhlabuyalingana,not_at_risk,unqualified_emphasis_of_matter
KZN271,2019,185548752.0,161505078.0,24043674.0,3.615102554236716,1.5077803915593757,0.0,0.0291091652238946,0.0110290649808546,0.0,not_at_risk,unqualified_emphasis_of_matter,Umhlabuyalingana,not_at_risk,unqualified_emphasis_of_matter
KZN271,2020,204971665.0,224392024.0,-19420359.0,3.4309914152741903,1.0,174.49516912496173,0.0222104864119412,0.1421460461535834,13.69709470818808,not_at_risk,unqualified_emphasis_of_matter,Umhlabuyalingana,not_at_risk,unqualified_emphasis_of_matter
KZN271,2021,253145588.0,239230887.0,13914701.0,4.221412948236906,0.9450707024099968,159.83175104754343,0.0269479542580971,0.104927354133833,5.211542031694425,not_at_risk,unqualified_emphasis_of_matter,Umhlabuyalingana,not_at_risk,unqualified_emphasis_of_matter
KZN272,2018,7528862.0,57542509.0,-50013647.0,-4.583991149916664,0.8762523985196875,0.0,0.0,1.0688718839145508,0.0,not_at_risk,unqualified_emphasis_of_matter,Jozini,at_risk,qualified
KZN272,2019,1329861.0,20000713.0,-18670852.0,-12.303215390371331,4.178493191950119,0.0,-0.0729728485179503,2.756211241069256,0.0,at_risk,qualified,Jozini,not_at_risk,unqualified_emphasis_of_matter
KZN272,2020,260062016.0,265144418.0,-5082402.0,1.8079909191224235,0.9482010450681514,474.067515265282,0.0142857127771024,0.1567107778976512,7.877897093591707,not_at_risk,unqualified_emphasis_of_matter,Jozini,not_at_risk,unqualified_emphasis_of_matter
KZN272,2021,386528051.0,287196180.0,99331871.0,2.789837469286674,0.984372132298576,308.87511848396224,0.0241954854692008,0.1408824727404104,4.026474978914273,not_at_risk,unqualified_emphasis_of_matter,Jozini,not_at_risk,unqualified_emphasis_of_matter
KZN275,2018,197629441.0,228026560.0,-30397119.0,0.646883222726335,1.0,0.0,0.0,0.0301889437791808,0.0,not_at_risk,unqualified_emphasis_of_matter,Mtubatuba,at_risk,qualified
KZN275,2019,214787611.0,247384227.0,-32596616.0,2.2919167437461563,1.0,0.0,0.0367742806820096,0.0628500336846455,0.0,at_risk,qualified,Mtubatuba,at_risk,qualified
KZN275,2020,233971806.0,267472615.0,-33500809.0,1.4579821564162747,1.0,410.20368347287103,0.0243444885002526,0.9554678784592584,12.004163689705416,at_risk,qualified,Mtubatuba,at_risk,qualified
KZN275,2021,320014429.0,307720615.0,12293814.0,1.743728479159578,1.0,399.9934096409134,0.0243770115954044,0.5832898553124236,4.202004578987281,at_risk,qualified,Mtubatuba,at_risk,qualified
KZN276,2018,11463462.0,18176485.0,-6713023.0,-5.10379339019618,1.0,0.0,0.0,0.7017039323059436,0.0,at_risk,qualified,Hlabisa Big Five,at_risk,qualified
KZN276,2019,139247119.0,178655409.0,-39408290.0,0.3691676639916343,1.0,0.0,0.020605544610183,0.0734780327865695,0.0,at_risk,qualified,Hlabisa Big Five,at_risk,qualified
KZN276,2020,151348263.0,169034963.0,-17686700.0,1.0963052182287285,1.0,189.1390958018461,0.0116226014141228,0.0927403699316336,8.371756364326428,at_risk,qualified,Hlabisa Big Five,not_at_risk,unqualified_emphasis_of_matter
KZN276,2021,232945444.0,203369861.0,29575583.0,3.068734299818398,1.0,158.84427670970032,0.0289465114007232,0.0434523530504847,3.29570182965244,not_at_risk,unqualified_emphasis_of_matter,Hlabisa Big Five,not_at_risk,unqualified_emphasis_of_matter
KZN281,2018,149337056.0,159371000.0,-10033944.0,0.0322617791191622,1.0,0.0,0.0,0.0965777776383407,0.0,not_at_risk,unqualified_emphasis_of_matter,Mfolozi,not_at_risk,unqualified_emphasis_of_matter
KZN281,2019,161534698.0,160605378.0,929320.0,0.3864619278191294,1.0,0.0,0.021122094678548,0.1948961758926902,0.0,not_at_risk,unqualified_emphasis_of_matter,Mfolozi,not_at_risk,unqualified_emphasis_of_matter
KZN281,2020,172897258.0,178642388.0,-5745130.0,0.3422737945039114,1.0,79.51106445540044,0.0451967368461285,0.1382236448832065,7.387941849257089,not_at_risk,unqualified_emphasis_of_matter,Mfolozi,not_at_risk,unqualified_emphasis_of_matter
KZN281,2021,201938154.0,182250063.0,19688091.0,2.321072053621183,1.0,61.78235104595439,0.0477753305358253,0.2469224331626157,5.567300897481712,not_at_risk,unqualified_emphasis_of_matter,Mfolozi,not_at_risk,unqualified_emphasis_of_matter
KZN282,2018,2993243405.0,2845927445.0,147315960.0,11.332483007837189,1.0,0.0,0.0,0.0010673743651957,0.0,not_at_risk,unqualified_emphasis_of_matter,uMhlathuze,not_at_risk,unqualified_emphasis_of_matter
KZN282,2019,2998012866.0,3200107395.0,-202094529.0,1.7292722127533473,1.0,0.0,0.0660285908935878,0.0391116105026843,0.0,not_at_risk,unqualified_emphasis_of_matter,uMhlathuze,not_at_risk,unqualified
KZN282,2020,3204253368.0,3317005395.0,-112752027.0,2.169869077345893,0.9143127885602964,168.14065753991275,0.0384824010815333,0.0158749777975564,1.0164151432359514,not_at_risk,unqualified,uMhlathuze,not_at_risk,unqualified
KZN282,2021,3577766306.0,3632188572.0,-54422266.0,2.711391096794629,0.9868037897623932,161.30691206330567,0.044788294928868,0.0034361715402699,0.8484001749665983,not_at_risk,unqualified,uMhlathuze,not_at_risk,unqualified
KZN284,2018,367145376.0,390464981.0,-23319605.0,3.066215384882364,1.0,0.0,0.0,0.0078160581575944,0.0,not_at_risk,unqualified_emphasis_of_matter,uMlalazi,not_at_risk,unqualified_emphasis_of_matter
KZN284,2019,403520952.0,449327835.0,-45806883.0,3.0230160924706566,1.0,0.0,0.0168420859126165,0.128500089472534,0.0,not_at_risk,unqualified_emphasis_of_matter,uMlalazi,not_at_risk,unqualified_emphasis_of_matter
KZN284,2020,437502178.0,458638083.0,-21135905.0,3.3064346206941564,1.0,0.0,0.0664724956998392,0.1166878220184781,3.663990573322357,not_at_risk,unqualified_emphasis_of_matter,uMlalazi,not_at_risk,unqualified_emphasis_of_matter
KZN284,2021,429648386.0,429135100.0,513286.0,4.0974472607810455,1.0,111.86284650677123,0.0741572455853646,0.0818823233056443,3.211071138528611,not_at_risk,unqualified_emphasis_of_matter,uMlalazi,not_at_risk,unqualified_emphasis_of_matter
KZN285,2018,8748605.0,26167415.0,-17418810.0,-0.5515610922974241,1.0,0.0,0.0,1.3850623762415966,0.0,not_at_risk,unqualified_emphasis_of_matter,Mthonjaneni,not_at_risk,unqualified_emphasis_of_matter
KZN285,2019,116612120.0,154084896.0,-37472776.0,0.6524171194560173,1.0,0.0,0.0283429726947409,0.1528124015477805,0.0,not_at_risk,unqualified_emphasis_of_matter,Mthonjaneni,not_at_risk,unqualified_emphasis_of_matter
KZN285,2020,128229538.0,155879561.0,-27650023.0,0.3101434446559674,0.9997255126862026,166.48912608575412,0.0303460438921816,0.1536982260297743,13.60716740631164,not_at_risk,unqualified_emphasis_of_matter,Mthonjaneni,not_at_risk,unqualified_emphasis_of_matter
KZN285,2021,155577738.0,163996147.0,-8418409.0,0.1838762224090545,1.0,180.55353963945663,0.0619870721718846,0.1484535914127299,-0.2188510543841433,not_at_risk,unqualified_emphasis_of_matter,Mthonjaneni,not_at_risk,unqualified_emphasis_of_matter
KZN286,2018,124363499.0,135050626.0,-10687127.0,0.1344183032517006,1.0,0.0,0.0,0.0794925600715097,0.0,not_at_risk,unqualified_emphasis_of_matter,Nkandla,not_at_risk,unqualified_emphasis_of_matter
KZN286,2019,137283367.0,158719144.0,-21435777.0,0.3982815582725169,1.0,0.0,0.0372540630637473,0.0307003482831283,0.0,not_at_risk,unqualified_emphasis_of_matter,Nkandla,not_at_risk,unqualified_emphasis_of_matter
KZN286,2020,176979222.0,168609549.0,8369673.0,1.4986755465433337,1.0,149.01356115126327,0.0211061237107039,0.0116134407073231,6.160913194657393,not_at_risk,unqualified_emphasis_of_matter,Nkandla,not_at_risk,unqualified_emphasis_of_matter
KZN286,2021,198001833.0,193321797.0,4680036.0,1.7043752184860976,1.0,165.95703048365215,0.0290466004720616,0.0486107368430886,2.175874392031512,not_at_risk,unqualified_emphasis_of_matter,Nkandla,not_at_risk,unqualified_emphasis_of_matter
KZN291,2018,50618086.0,35121079.0,15497007.0,-4.880369649235434,1.0,0.0,0.0,0.3063676659820161,0.0,not_at_risk,unqualified_emphasis_of_matter,Mandeni,not_at_risk,unqualified_emphasis_of_matter
KZN291,2019,250001715.0,265909195.0,-15907480.0,2.7363279709075123,1.0,0.0,0.0619680150586744,0.0818817641864547,0.0,not_at_risk,unqualified_emphasis_of_matter,Mandeni,not_at_risk,unqualified_emphasis_of_matter
KZN291,2020,293445847.0,286257233.0,7188614.0,4.660586068055789,1.0,653.1378366210104,0.031591676846817,0.0542968778015121,5.159932633158036,not_at_risk,unqualified_emphasis_of_matter,Mandeni,not_at_risk,unqualified_emphasis_of_matter
KZN291,2021,333930507.0,301884631.0,32045876.0,7.235328876348131,1.0,359.3525350620331,0.0709205862155997,0.0342593459154931,2.8290301670461035,not_at_risk,unqualified_emphasis_of_matter,Mandeni,not_at_risk,unqualified_emphasis_of_matter
KZN292,2018,1506679357.0,1345345619.0,161333738.0,4.493468127910111,1.0,0.0,0.0,0.0949120985690741,0.0,not_at_risk,unqualified_emphasis_of_matter,KwaDukuza,not_at_risk,unqualified_emphasis_of_matter
KZN292,2019,1648762401.0,1463365737.0,185396664.0,5.724242920414912,1.0,0.0,0.0302688110566306,0.1251465476945221,0.0,not_at_risk,unqualified_emphasis_of_matter,KwaDukuza,not_at_risk,unqualified_emphasis_of_matter
KZN292,2020,1725377371.0,1611146217.0,114231154.0,5.803210356295055,1.0,130.89338893386935,0.0241549020128444,0.0965366577898869,0.9523020561279866,not_at_risk,unqualified_emphasis_of_matter,KwaDukuza,not_at_risk,unqualified_emphasis_of_matter
KZN292,2021,1859005596.0,1683056055.0,175949541.0,6.944041751479276,0.9952652898499608,120.04284172687342,0.0258262004232532,0.0408506001899027,0.7204825154275651,not_at_risk,unqualified_emphasis_of_matter,KwaDukuza,not_at_risk,unqualified_emphasis_of_matter
KZN293,2018,-136895.0,16912889.0,-17049784.0,-14.722319291517849,1.0,-0.0,0.0,0.1971874231540217,-0.0,not_at_risk,unqualified_emphasis_of_matter,Ndwedwe,not_at_risk,unqualified_emphasis_of_matter
KZN293,2019,8314543.0,20836772.0,-12522229.0,-18.3537386693102,1.0,0.0,0.0471619116435117,1.518126800062889,0.0,not_at_risk,unqualified_emphasis_of_matter,Ndwedwe,not_at_risk,unqualified_emphasis_of_matter
KZN293,2020,178742259.0,173723749.0,5018510.0,7.601985218497673,0.8536676793526174,82.4556904867136,0.0470043678368925,0.3304686568789164,7.768827661510086,not_at_risk,unqualified_emphasis_of_matter,Ndwedwe,not_at_risk,unqualified_emphasis_of_matter
KZN293,2021,220613531.0,216593247.0,4020284.0,6.18082854633044,0.9114345471819234,82.6498456252894,0.1040124441183524,0.0,5.107881293101646,not_at_risk,unqualified_emphasis_of_matter,Ndwedwe,not_at_risk,unqualified_emphasis_of_matter
KZN294,2018,4370023.0,4485150.0,-115127.0,-42.10487140898298,1.0,0.0,0.0,0.7014545778847976,0.0,not_at_risk,unqualified_emphasis_of_matter,Maphumulo,not_at_risk,unqualified_emphasis_of_matter
KZN294,2019,11579051.0,24625767.0,-13046716.0,-3.486780005674544,1.0,0.0,0.0186114000022821,0.2728848201966664,0.0,not_at_risk,unqualified_emphasis_of_matter,Maphumulo,not_at_risk,unqualified_emphasis_of_matter
KZN294,2020,119062316.0,134034189.0,-14971873.0,1.4883590633730026,1.0,60.27524510778037,0.0305847786343527,0.2540483532899207,9.973809849289342,not_at_risk,unqualified_emphasis_of_matter,Maphumulo,not_at_risk,unqualified_emphasis_of_matter
KZN294,2021,137012925.0,143904767.0,-6891842.0,0.6824620896679539,1.0,13.11154787039252,0.0456928852120652,0.001108649861474,5.5545427849233935,not_at_risk,unqualified_emphasis_of_matter,Maphumulo,not_at_risk,unqualified_emphasis_of_matter
KZN433,2018,282679389.0,302128596.0,-19449207.0,4.538291449909627,1.0,0.0,0.0,0.0947550691295702,0.0,not_at_risk,unqualified_emphasis_of_matter,Greater Kokstad,not_at_risk,unqualified_emphasis_of_matter
KZN433,2019,354574038.0,372493890.0,-17919852.0,3.739269870976944,1.0,0.0,0.046256933234529,0.6066367182559692,0.0,not_at_risk,unqualified_emphasis_of_matter,Greater Kokstad,not_at_risk,unqualified_emphasis_of_matter
KZN433,2020,358349857.0,383947495.0,-25597638.0,3.667279871170927,0.9981016421537376,143.51831598470542,0.0569062444332394,0.0930827065299644,2.509168597212528,not_at_risk,unqualified_emphasis_of_matter,Greater Kokstad,not_at_risk,unqualified_emphasis_of_matter
KZN433,2021,383415508.0,414658514.0,-31243006.0,1.463603219298664,0.9787655897355924,156.98749386527163,0.05375368706405,0.1198898691852255,1.3369306491379582,not_at_risk,unqualified_emphasis_of_matter,Greater Kokstad,not_at_risk,unqualified_emphasis_of_matter
KZN434,2019,16378227.0,44876971.0,-28498744.0,-3.2895543685423867,1.0,0.0,-0.0114302723327739,0.0129242234285375,0.0,at_risk,qualified,Johannes Phumani Phungula,at_risk,qualified
KZN434,2020,159366798.0,164162671.0,-4795873.0,10.88097076588136,1.0,346.486123539986,0.0029751708900983,1.6682107347047246,8.20116618017261,at_risk,qualified,Johannes Phumani Phungula,not_at_risk,unqualified_emphasis_of_matter
KZN434,2021,183692022.0,187817624.0,-4125602.0,10.256028390605133,1.0,219.41332392214616,0.0046838096514307,0.354255525029962,4.829149368283398,not_at_risk,unqualified_emphasis_of_matter,Johannes Phumani Phungula,not_at_risk,unqualified_emphasis_of_matter
KZN435,2018,196141294.0,217097234.0,-20955940.0,11.407794665868474,0.9563319672472234,0.0,0.0,0.0120181079782895,0.0,not_at_risk,unqualified_emphasis_of_matter,Umzimkhulu,at_risk,qualified
KZN435,2019,204696443.0,241376114.0,-36679671.0,9.089603853677088,0.8796205550169021,0.0,0.0476040143723583,0.1677820780559919,0.0,at_risk,qualified,Umzimkhulu,not_at_risk,unqualified_emphasis_of_matter
KZN435,2020,225866871.0,226283545.0,-416674.0,12.185011720582688,0.8302287446671559,34.107864937837654,0.0431702800130694,0.0241780638534719,8.541008681171308,not_at_risk,unqualified_emphasis_of_matter,Umzimkhulu,not_at_risk,unqualified_emphasis_of_matter
KZN435,2021,274951230.0,259602816.0,15348414.0,9.729492564518251,0.8351343041031652,37.203039026230215,0.0423737814924164,0.0823779084122107,5.147500434895308,not_at_risk,unqualified_emphasis_of_matter,Umzimkhulu,not_at_risk,unqualified_emphasis_of_matter
KZN436,2018,166083533.0,135381518.0,30702015.0,-0.2753375242845187,1.084057102422658,0.0,0.0,0.0802355311158499,0.0,not_at_risk,unqualified_emphasis_of_matter,Dr Nkosazana Dlamini Zuma,not_at_risk,unqualified_emphasis_of_matter
KZN436,2019,178100551.0,156244964.0,21855587.0,2.5228516421175664,1.0,0.0,0.0475679651345434,0.0595256945369452,0.0,not_at_risk,unqualified_emphasis_of_matter,Dr Nkosazana Dlamini Zuma,not_at_risk,unqualified_emphasis_of_matter
KZN436,2020,194682363.0,169614047.0,25068316.0,0.1781312605553242,1.0,214.8716488765857,0.0265900264734559,0.2693155066337165,5.849871824290524,not_at_risk,unqualified_emphasis_of_matter,Dr Nkosazana Dlamini Zuma,not_at_risk,unqualified_emphasis_of_matter
KZN436,2021,222381118.0,166042910.0,56338208.0,11.503703398115585,1.0,219.6661523439234,0.0350491508490184,0.0664462156198057,4.212794811113414,not_at_risk,unqualified_emphasis_of_matter,Dr Nkosazana Dlamini Zuma,not_at_risk,unqualified_emphasis_of_matter
LIM331,2018,12373692.0,307529280.0,-295155588.0,-7.025795085267978,-10.65263757899617,0.0,0.0,0.0095275448243497,0.0,at_risk,qualified,Greater Giyani,at_risk,qualified
LIM331,2019,20210892.0,145385765.0,-125174873.0,-3.093966620459713,1.0,0.0,0.0140550830406264,0.0,0.0,at_risk,qualified,Greater Giyani,not_at_risk,unqualified_emphasis_of_matter
LIM331,2020,407356570.0,389325249.0,18031321.0,7.733655496872231,0.4416789316138431,711.091740486719,0.0219030207311316,0.0679608760745954,7.299262589529365,not_at_risk,unqualified_emphasis_of_matter,Greater Giyani,at_risk,qualified
LIM331,2021,501132741.0,419225334.0,81907407.0,9.702724978925056,0.5182167753425312,699.5528451512611,0.0284992294859737,0.025276790643573,4.219335730849803,at_risk,qualified,Greater Giyani,not_at_risk,unqualified_emphasis_of_matter
LIM332,2018,302755383.0,134282953.0,168472430.0,-2.2452557176040058,0.9823966077655122,0.0,0.0,0.71771250815433,0.0,not_at_risk,unqualified_emphasis_of_matter,Greater Letaba,not_at_risk,unqualified_emphasis_of_matter
LIM332,2019,297837.0,-68841502.0,69139339.0,0.0082919166987379,1.0,0.0,-0.0,-0.6748662166028858,0.0,not_at_risk,unqualified_emphasis_of_matter,Greater Letaba,not_at_risk,unqualified_emphasis_of_matter
LIM332,2020,356575652.0,333441586.0,23134066.0,0.0328152949704359,0.4690342580443988,0.0,0.0449031033579596,0.0856076512304017,6.238454587471384,not_at_risk,unqualified_emphasis_of_matter,Greater Letaba,not_at_risk,unqualified_emphasis_of_matter
LIM332,2021,429986809.0,428647819.0,1338990.0,0.1171349293626057,-0.7195412542461629,531.3272540646707,0.0627022530120467,0.0790215101969292,4.592195659658016,not_at_risk,unqualified_emphasis_of_matter,Greater Letaba,not_at_risk,unqualified_emphasis_of_matter
LIM333,2018,156373107.0,92453582.0,63919525.0,0.9265941042716982,1.0089566099035292,0.0,0.0,0.1325304518758397,0.0,at_risk,qualified,Greater Tzaneen,at_risk,qualified
LIM333,2019,1051413139.0,1099186813.0,-47773674.0,0.2759921538469185,0.8557926197625773,0.0,0.0558156641568078,0.0067669425360909,0.0,at_risk,qualified,Greater Tzaneen,not_at_risk,unqualified_emphasis_of_matter
LIM333,2020,1236836572.0,1112101384.0,124735188.0,0.7576550268909655,0.9657750160592656,0.0,0.032464552710241,0.0429549335045158,3.447699693343156,not_at_risk,unqualified_emphasis_of_matter,Greater Tzaneen,not_at_risk,unqualified_emphasis_of_matter
LIM333,2021,1244726002.0,1125256987.0,119469015.0,1.1001269561545943,1.0671826809656262,0.0,0.040169773235987,0.0262742398772592,2.4971777555909047,not_at_risk,unqualified_emphasis_of_matter,Greater Tzaneen,not_at_risk,unqualified_emphasis_of_matter
LIM334,2018,397971658.0,563826614.0,-165854956.0,-2.529939205743133,1.0,0.0,0.0,0.0662633424395252,0.0,at_risk,qualified,Ba-Phalaborwa,at_risk,qualified
LIM334,2019,463099963.0,523942359.0,-60842396.0,0.6755839262081881,1.0,0.0,0.0305656676252816,0.0677642041917821,0.0,at_risk,qualified,Ba-Phalaborwa,at_risk,qualified
LIM334,2021,593673855.0,433870502.0,159803353.0,2.079473630590356,1.0,2314.6560315006627,0.0548457959006394,0.0658111783778285,1.9416308841830332,at_risk,qualified,Ba-Phalaborwa,at_risk,qualified
LIM335,2018,196161661.0,150811464.0,45350197.0,10.555273702534974,1.0,0.0,0.0,0.0345092598530838,0.0,not_at_risk,unqualified_emphasis_of_matter,Maruleng,not_at_risk,unqualified_emphasis_of_matter
LIM335,2019,219980315.0,187107990.0,32872325.0,8.843623556642344,1.0,0.0,0.0134211318287369,0.092095586083737,0.0,not_at_risk,unqualified_emphasis_of_matter,Maruleng,not_at_risk,unqualified_emphasis_of_matter
LIM335,2021,304220331.0,217940131.0,86280200.0,6.821951189888933,0.9957868595180406,0.0,0.0119377233924852,0.2401131942056142,2.699394472751396,not_at_risk,unqualified_emphasis_of_matter,Maruleng,not_at_risk,unqualified_emphasis_of_matter
LIM341,2018,325228689.0,401151068.0,-75922379.0,0.7268310201781639,1.0,0.0,0.0,0.0541808553779046,0.0,at_risk,qualified,Musina,at_risk,qualified
LIM341,2020,345114422.0,394464716.0,-49350294.0,0.7118019143694464,1.0,201.70847458817587,0.0,0.0315648282215436,3.2648770093995085,not_at_risk,unqualified_emphasis_of_matter,Musina,not_at_risk,unqualified_emphasis_of_matter
LIM341,2021,397512676.0,405442714.0,-7930038.0,0.6867798739133341,1.0,202.68491045553475,0.000428965656539,0.0571772637650605,2.9457458307568536,not_at_risk,unqualified_emphasis_of_matter,Musina,at_risk,qualified
LIM343,2018,562891163.0,628799277.0,-65908114.0,9.16530357270115,0.041440976117173,0.0,0.0,0.0014184574197594,0.0,not_at_risk,unqualified_emphasis_of_matter,Thulamela,not_at_risk,unqualified_emphasis_of_matter
LIM343,2019,31210979.0,158605045.0,-127394066.0,-6.057968635234774,,0.0,0.0913327441759497,0.1877704205436844,0.0,not_at_risk,unqualified_emphasis_of_matter,Thulamela,not_at_risk,unqualified_emphasis_of_matter
LIM343,2020,707263737.0,592180531.0,115083206.0,13.118907321861954,0.3651178027245761,623.5447840725361,0.0181408040920548,0.0274957317028039,5.552172804244876,not_at_risk,unqualified_emphasis_of_matter,Thulamela,not_at_risk,unqualified_emphasis_of_matter
LIM343,2021,801714631.0,606874356.0,194840275.0,17.623911859607393,0.3970843721095453,623.0115308198734,0.0362010979419272,0.0003068476994602,4.091717448025468,not_at_risk,unqualified_emphasis_of_matter,Thulamela,not_at_risk,unqualified_emphasis_of_matter
LIM344,2018,729308076.0,944418094.0,-215110018.0,0.4503546498125437,0.818113587969239,0.0,0.0,0.0354839326066533,0.0,at_risk,qualified,Makhado,at_risk,qualified
LIM344,2019,794304166.0,905489924.0,-111185758.0,1.4985220354588948,1.0,0.0,0.0271296867572874,0.0156870900752287,0.0,at_risk,qualified,Makhado,not_at_risk,unqualified_emphasis_of_matter
LIM344,2020,857585592.0,932286961.0,-74701369.0,1.849021719826456,1.0676518371225818,0.0,0.0231146276859706,0.0067940057782273,2.9680320538780696,not_at_risk,unqualified_emphasis_of_matter,Makhado,not_at_risk,unqualified_emphasis_of_matter
LIM344,2021,1065613659.0,951908613.0,113705046.0,2.5941956384000067,1.123984561983869,247.0729412637906,0.0196760221981519,0.0,2.434369456594963,not_at_risk,unqualified_emphasis_of_matter,Makhado,not_at_risk,unqualified_emphasis_of_matter
LIM345,2018,351319675.0,165907165.0,185412510.0,18.12073550892151,1.0,0.0,0.0,0.273819524310478,0.0,at_risk,disclaimer,Collins Chabane,at_risk,qualified
LIM345,2019,396241008.0,279091305.0,117149703.0,14.333665923415278,1.0,0.0,0.0132119056879969,0.375930102874398,0.0,at_risk,qualified,Collins Chabane,not_at_risk,unqualified_emphasis_of_matter
LIM345,2020,432751862.0,364651350.0,68100512.0,16.33633590003163,1.0,310.1759589193865,0.0055036982586242,0.2199199152834618,7.356732718113642,not_at_risk,unqualified_emphasis_of_matter,Collins Chabane,not_at_risk,unqualified_emphasis_of_matter
LIM345,2021,539771198.0,375426284.0,164344914.0,13.527901195111848,1.0,284.6764485755314,0.0516699091851544,0.2193278294814329,5.029734387569157,not_at_risk,unqualified_emphasis_of_matter,Collins Chabane,not_at_risk,unqualified_emphasis_of_matter
LIM351,2018,262159676.0,294724741.0,-32565065.0,-1.0395759479181288,1.0,0.0,0.0,0.0473628578063624,0.0,at_risk,qualified,Blouberg,at_risk,qualified
LIM351,2019,239245801.0,275634161.0,-36388360.0,0.4638416934104187,1.0,0.0,0.0067219679639056,0.0917621709451318,0.0,at_risk,qualified,Blouberg,not_at_risk,unqualified_emphasis_of_matter
LIM351,2020,259944478.0,300612710.0,-40668232.0,1.6569264286929184,1.0,298.30810289418804,0.0111384578516324,0.0380636999679754,6.944041934985824,not_at_risk,unqualified_emphasis_of_matter,Blouberg,not_at_risk,unqualified_emphasis_of_matter
LIM351,2021,306141415.0,322082089.0,-15940674.0,1.5398782761869134,1.0,315.82089107414623,0.0498777688938797,0.094033058758508,4.416923427364442,not_at_risk,unqualified_emphasis_of_matter,Blouberg,not_at_risk,unqualified_emphasis_of_matter
LIM353,2018,164901833.0,161157802.0,3744031.0,3.095931353047369,1.0,0.0,0.0,0.0003360805330417,0.0,not_at_risk,unqualified_emphasis_of_matter,Molemole,not_at_risk,unqualified_emphasis_of_matter
LIM353,2019,166925749.0,194195001.0,-27269252.0,1.196541099428198,1.0,0.0,0.0404866961534195,0.0,0.0,not_at_risk,unqualified_emphasis_of_matter,Molemole,not_at_risk,unqualified_emphasis_of_matter
LIM353,2020,186566512.0,190407096.0,-3840584.0,1.4502168553634156,0.9995753082186102,423.4020465580661,0.0329830669756131,0.0106803635091414,6.627410625546776,not_at_risk,unqualified_emphasis_of_matter,Molemole,not_at_risk,unqualified_emphasis_of_matter
LIM353,2021,256277888.0,221073899.0,35203989.0,4.860481897051085,1.0,284.20966337915195,0.0823222509863093,0.0104191947146144,4.500342870002113,not_at_risk,unqualified_emphasis_of_matter,Molemole,not_at_risk,unqualified_emphasis_of_matter
LIM354,2018,304815675.0,1789038601.0,-1484222926.0,4.555742953474708e-05,1.0,0.0,0.0,0.0499996517403259,0.0,at_risk,qualified,Polokwane,at_risk,outstanding
LIM354,2020,3877563982.0,4046735584.0,-169171602.0,1.2479982482591578,1.0,287.20713483252075,0.1127664097462316,0.0003606395747155,5.345517981964791,at_risk,qualified,Polokwane,at_risk,qualified
LIM354,2021,3603342937.0,4324408002.0,-721065065.0,0.8684267077165583,1.0,307.9678238518989,0.145124296021502,0.0168658008139538,3.366041477056337,at_risk,qualified,Polokwane,not_at_risk,unqualified_emphasis_of_matter
LIM355,2018,82481222.0,212625796.0,-130144574.0,-7.809967403955069,1.0,0.0,0.0,0.3340084144823143,0.0,at_risk,qualified,Lepelle-Nkumpi,at_risk,qualified
LIM355,2021,433809657.0,534191338.0,-100381681.0,6.626553611395323,1.0,1336.4176468067883,0.0048525627721803,0.0191938679469939,3.784033857964577,not_at_risk,unqualified_emphasis_of_matter,Lepelle-Nkumpi,at_risk,qualified
LIM361,2018,153831029.0,243539324.0,-89708295.0,-4.244743046096326,0.9932680117166188,0.0,0.0,0.011236361976598,0.0,at_risk,disclaimer,Thabazimbi,at_risk,outstanding
LIM361,2019,336867810.0,381200880.0,-44333070.0,1.0004355813659191,0.9686448467085006,0.0,0.0261090950262234,0.1036092073029841,0.0,at_risk,outstanding,Thabazimbi,at_risk,qualified
LIM361,2020,363622207.0,390732408.0,-27110201.0,-0.1382426921700336,0.7612737766394501,926.546332248624,0.030442038480719,0.1503719778473046,3.4601213176179857,at_risk,qualified,Thabazimbi,at_risk,qualified
LIM361,2021,396111798.0,433758560.0,-37646762.0,0.0556418298695938,0.8554620826004721,986.3639981003546,0.0440420149864016,0.1385608758937229,3.1456258821152305,at_risk,qualified,Thabazimbi,at_risk,qualified
LIM362,2019,536320407.0,530038407.0,6282000.0,0.0383130424735428,1.0,0.0,0.0635632862733285,0.2166904746583769,0.0,at_risk,qualified,Lephalale,not_at_risk,unqualified_emphasis_of_matter
LIM362,2020,378712435.0,442188198.0,-63475763.0,-0.76771679917156,1.0,0.0,0.0218355104086247,0.1176976098308259,4.973098345714473,not_at_risk,unqualified_emphasis_of_matter,Lephalale,not_at_risk,unqualified_emphasis_of_matter
LIM362,2021,610403005.0,602327944.0,8075061.0,1.4447029274803165,1.0,525.1350427575303,0.0062253777819081,0.0383241641533403,2.4551391354962284,not_at_risk,unqualified_emphasis_of_matter,Lephalale,not_at_risk,unqualified_emphasis_of_matter
LIM366,2018,328455459.0,461655848.0,-133200389.0,0.0938812065042875,1.0,0.0,0.0,0.0690411832495621,0.0,at_risk,qualified,Bela Bela,at_risk,qualified
LIM366,2019,348231475.0,380865974.0,-32634499.0,0.4123242576665564,1.0,0.0,0.0429890542020432,0.0292149069740737,0.0,at_risk,qualified,Bela Bela,at_risk,qualified
LIM366,2021,429869167.0,464922162.0,-35052995.0,0.3230676278236872,1.0,0.0,0.0373714901549477,0.0310768235651455,2.5224484593006413,at_risk,outstanding,Bela Bela,at_risk,qualified
LIM367,2018,1034048638.0,1050240814.0,-16192176.0,1.7365026531905474,0.931917733316205,0.0,0.0,0.3558089030807748,0.0,at_risk,adverse,Mogalakwena,at_risk,outstanding
LIM367,2019,914138693.0,1120933625.0,-206794932.0,0.2943055223274259,1.0,0.0,0.0728847080486143,0.4917436507447084,0.0,at_risk,outstanding,Mogalakwena,at_risk,adverse
LIM367,2020,999036507.0,965302435.0,33734072.0,0.4464416253130036,1.0,750.2393996799158,0.0861247615106243,0.4526025328010283,5.844645220757683,at_risk,adverse,Mogalakwena,at_risk,qualified
LIM367,2021,1122952620.0,1632759487.0,-509806867.0,0.5367013004530776,1.0,748.7608112620104,0.0310020473946264,0.148459772507817,3.7346695268407673,at_risk,qualified,Mogalakwena,at_risk,qualified
LIM368,2018,434960141.0,761082512.0,-326122371.0,-1.6634649936615546,0.9985634599910936,0.0,0.0,0.1003092710662625,0.0,at_risk,disclaimer,Modimolle-Mookgopong,at_risk,disclaimer
LIM368,2019,545710630.0,736310770.0,-190600140.0,-1.585950144393515,1.0,0.0,0.0199398930427161,0.03021951858724,0.0,at_risk,disclaimer,Modimolle-Mookgopong,at_risk,qualified
LIM368,2020,578068667.0,683270098.0,-105201431.0,-1.078981512813107,1.0,790.8690284713183,0.0091836391177768,0.0707998098286455,2.805872583299866,at_risk,qualified,Modimolle-Mookgopong,at_risk,qualified
LIM368,2021,832856763.0,866912654.0,-34055891.0,0.1717954667206876,1.0,0.0,0.0103171928091385,0.0381150763546243,1.6899303992324068,at_risk,qualified,Modimolle-Mookgopong,at_risk,qualified
LIM471,2018,235655436.0,334126305.0,-98470869.0,3.3867668216065776,0.049935810621842,0.0,0.0,0.0627498544300485,0.0,not_at_risk,unqualified_emphasis_of_matter,Ephraim Mogale,at_risk,qualified
LIM471,2019,245390895.0,246268578.0,-877683.0,2.0995269969033563,1.0,0.0,0.0252998740261536,0.096024942329427,0.0,at_risk,qualified,Ephraim Mogale,not_at_risk,unqualified_emphasis_of_matter
LIM471,2020,270502172.0,258510648.0,11991524.0,8.50063019454425,1.0,377.9615897132242,0.0219853845246637,0.0042501228034521,4.407188493850615,not_at_risk,unqualified_emphasis_of_matter,Ephraim Mogale,not_at_risk,unqualified_emphasis_of_matter
LIM471,2021,322743713.0,268739904.0,54003809.0,12.178317277362725,0.8727337939845956,0.0,0.0281919167463868,0.0296845346793009,3.326185975929452,not_at_risk,unqualified_emphasis_of_matter,Ephraim Mogale,at_risk,qualified
LIM472,2018,414563227.0,463090623.0,-48527396.0,0.1531902666057654,0.7331007023342432,0.0,0.0,0.1784056270990397,0.0,not_at_risk,unqualified_emphasis_of_matter,Elias Motsoaledi,at_risk,qualified
LIM472,2019,452501953.0,484344274.0,-31842321.0,0.5983395356502139,0.9053964417317532,0.0,0.0249564858074486,0.1028873441373645,0.0,at_risk,qualified,Elias Motsoaledi,at_risk,qualified
LIM472,2020,445592567.0,471096277.0,-25503710.0,0.0493810907361511,0.8936736293681309,184.98188945328613,0.0252406303775565,0.1753501185066678,5.858088709994124,at_risk,qualified,Elias Motsoaledi,not_at_risk,unqualified_emphasis_of_matter
LIM472,2021,527579720.0,542773631.0,-15193911.0,0.1516019631395837,0.5529425438515058,178.5440947199411,0.0334256787061934,0.1425629297013509,3.8675788296032314,not_at_risk,unqualified_emphasis_of_matter,Elias Motsoaledi,not_at_risk,unqualified_emphasis_of_matter
LIM473,2018,7065237.0,211705501.0,-204640264.0,-1.807794970807112,1.0,0.0,0.0,0.0,0.0,at_risk,qualified,Makhuduthamaga,not_at_risk,unqualified_emphasis_of_matter
LIM473,2019,336264410.0,469749239.0,-133484829.0,-0.2612195141842476,1.0,0.0,0.0274236953048049,0.1446064439499815,0.0,not_at_risk,unqualified_emphasis_of_matter,Makhuduthamaga,not_at_risk,unqualified_emphasis_of_matter
LIM473,2020,364926509.0,423851562.0,-58925053.0,0.3188118013824849,1.0,926.718775382251,0.1430320339364468,0.1903197303776835,6.287368802796401,not_at_risk,unqualified_emphasis_of_matter,Makhuduthamaga,not_at_risk,unqualified_emphasis_of_matter
LIM473,2021,432679411.0,402160265.0,30519146.0,0.4291099420277137,1.0006923988454743,902.5808984934577,0.1712654555765224,0.1552058456098342,4.350379907492293,not_at_risk,unqualified_emphasis_of_matter,Makhuduthamaga,not_at_risk,unqualified_emphasis_of_matter
LIM476,2018,533496959.0,642031292.0,-108534333.0,-3.825679773876193,1.0,0.0,0.0,0.1204070626513948,0.0,at_risk,qualified,Tubatse Fetakgomo,at_risk,qualified
LIM476,2019,599734489.0,548661198.0,51073291.0,2.059746357350388,1.0,0.0,0.0078102698270272,0.271529724615226,0.0,at_risk,qualified,Tubatse Fetakgomo,at_risk,qualified
LIM476,2020,624741495.0,580145344.0,44596151.0,4.607917880661298,1.0,608.169525413067,0.0176378231865978,0.7892919088910244,5.597076429187723,at_risk,qualified,Tubatse Fetakgomo,not_at_risk,unqualified_emphasis_of_matter
LIM476,2021,780731048.0,712558613.0,68172435.0,8.86263232355315,1.0,0.0,0.0424759050663527,0.1961438097163243,3.639583871141244,not_at_risk,unqualified_emphasis_of_matter,Tubatse Fetakgomo,at_risk,qualified
MAN,2018,6357748673.0,7218280598.0,-860531925.0,-0.1751037365255941,0.9220667773539756,0.0,0.0,0.0131945365252757,0.0,at_risk,qualified,Mangaung,at_risk,qualified
MAN,2019,6593682750.0,7859497862.0,-1265815112.0,0.1954112961116293,0.9826780722929728,0.0,0.077343299110627,0.1071897605664111,0.0,at_risk,qualified,Mangaung,not_at_risk,unqualified_emphasis_of_matter
MAN,2020,6852788122.0,7416835392.0,-564047270.0,0.691871237365598,0.9041980326667513,715.8776655432687,0.0747886424172645,0.2157739118392989,1.5440178776331357,not_at_risk,unqualified_emphasis_of_matter,Mangaung,not_at_risk,unqualified_emphasis_of_matter
MAN,2021,6916801024.0,7977077981.0,-1060276957.0,0.6940824905043635,0.8496027369142366,746.115623913891,0.0702346716848523,0.0239241557440655,1.176501049222607,not_at_risk,unqualified_emphasis_of_matter,Mangaung,at_risk,qualified
MP301,2018,-1651089.0,30584081.0,-32235170.0,6.773480622157652,1.0,-0.0,0.0,1.32848389330384,-0.0,not_at_risk,unqualified_emphasis_of_matter,Albert Luthuli,not_at_risk,unqualified_emphasis_of_matter
MP301,2019,503211974.0,584936067.0,-81724093.0,0.0946202484723856,0.9645551677141656,0.0,0.0360126605084175,0.0674110406667742,0.0,not_at_risk,unqualified_emphasis_of_matter,Albert Luthuli,not_at_risk,unqualified_emphasis_of_matter
MP301,2020,564984063.0,369429952.0,195554111.0,7.346079410475088,1.0,1207.3583310880044,0.0578854743212591,0.0556066309425825,7.954980988552238,not_at_risk,unqualified_emphasis_of_matter,Albert Luthuli,not_at_risk,unqualified_emphasis_of_matter
MP301,2021,627301595.0,740514966.0,-113213371.0,0.96918992991696,-0.1005711281161513,1075.184209694222,0.0480616876553444,0.0218624669903025,6.685831120834309,not_at_risk,unqualified_emphasis_of_matter,Albert Luthuli,at_risk,qualified
MP302,2018,605531999.0,844664602.0,-239132603.0,0.0371235350999117,0.8207027448852082,0.0,0.0,0.1114441078471996,0.0,at_risk,adverse,Msukaligwa,at_risk,adverse
MP302,2019,648057889.0,908730835.0,-260672946.0,0.3239762101832937,0.9312543863434468,0.0,0.0275317190045609,0.1191153813989375,0.0,at_risk,adverse,Msukaligwa,at_risk,adverse
MP302,2020,737209803.0,854630420.0,-117420617.0,0.3092566258055733,0.8624825888444917,645.2812429299722,0.0270092749565361,0.0029488992446582,3.146862603507729,at_risk,adverse,Msukaligwa,at_risk,qualified
MP302,2021,801211481.0,1036364856.0,-235153375.0,0.0718254112623054,0.9010391423141212,718.1955388754595,0.0223962293449286,0.1686353218060107,2.334548061724542,at_risk,qualified,Msukaligwa,at_risk,qualified
MP303,2018,436915114.0,623418019.0,-186502905.0,0.0654730642297973,0.6527093465150521,0.0,0.0,0.0492652170196575,0.0,at_risk,qualified,Mkhondo,at_risk,qualified
MP303,2019,542829896.0,780745316.0,-237915420.0,0.0891376875067925,0.9594215942874332,0.0,0.2468425503816919,0.0410336397074202,0.0,at_risk,qualified,Mkhondo,at_risk,qualified
MP303,2020,560485863.0,749949012.0,-189463149.0,0.0727751555461746,0.6514337865632973,647.3523974502101,0.185111335275684,0.0573972634288902,5.104549332763456,at_risk,qualified,Mkhondo,not_at_risk,unqualified_emphasis_of_matter
MP304,2018,203694274.0,306021929.0,-102327655.0,3.6721211570429646,0.4149993819842453,0.0,0.0,0.008630283485338,0.0,not_at_risk,unqualified_emphasis_of_matter,Pixley Ka Seme (MP),at_risk,disclaimer
MP304,2019,288346680.0,255389513.0,32957167.0,12.566534241364876,1.0,0.0,0.0536895773006936,0.0145817068064184,0.0,at_risk,disclaimer,Pixley Ka Seme (MP),at_risk,disclaimer
MP304,2020,383739250.0,418036603.0,-34297353.0,4.199314077767491,0.4180695938767015,1312.75568561204,0.0140604984296076,0.10070961178488,3.576381665414732,at_risk,disclaimer,Pixley Ka Seme (MP),at_risk,qualified
MP304,2021,387292670.0,513417890.0,-126125220.0,3.422218388221727,-0.0528256723735569,1540.293582550891,0.0231646407958242,0.0198228464535974,2.659663086316609,at_risk,qualified,Pixley Ka Seme (MP),not_at_risk,unqualified_emphasis_of_matter
MP305,2018,573063657.0,937321898.0,-364258241.0,0.3474334406300193,0.7828619025349514,0.0,0.0,0.0971783697728141,0.0,at_risk,qualified,Lekwa,at_risk,disclaimer
MP305,2019,637435053.0,925738582.0,-288303529.0,0.2912703405074242,0.9803074584129458,0.0,0.0166087136249442,0.0752441427357513,0.0,at_risk,disclaimer,Lekwa,at_risk,disclaimer
MP305,2020,739050795.0,1175580949.0,-436530154.0,0.4400048609498179,0.6529267512268817,1171.076289093228,0.0148157742899931,0.0639824021169979,1.4837482638794808,at_risk,disclaimer,Lekwa,at_risk,disclaimer
MP305,2021,838642748.0,1226422044.0,-387779296.0,-1.3655203868791517,0.6677090397857023,1217.4594185008084,0.0120843163839935,0.0332276284492485,1.82337988332548,at_risk,disclaimer,Lekwa,at_risk,disclaimer
MP306,2019,213485146.0,278432627.0,-64947481.0,0.1147332780076811,0.6486527463011937,0.0,0.0659705660141618,0.0578180875332545,0.0,at_risk,disclaimer,Dipaleseng,at_risk,disclaimer
MP306,2020,253273674.0,310212291.0,-56938617.0,0.1205268684856848,0.3892891727609155,1417.9588558027551,0.0151631806232977,0.0863274305272449,8.025813973859755,at_risk,disclaimer,Dipaleseng,at_risk,disclaimer
MP306,2021,290870821.0,277078618.0,13792203.0,0.2795217060018684,0.6612567299534862,1428.097764918125,0.0225604849811976,0.0119732443591154,5.016113575723706,at_risk,disclaimer,Dipaleseng,at_risk,qualified
MP307,2018,1701011984.0,1975833848.0,-274821864.0,4.588141781848855,1.0,0.0,0.0,0.0293997134722635,0.0,at_risk,disclaimer,Govan Mbeki,at_risk,outstanding
MP307,2019,1858476551.0,2708568730.0,-850092179.0,0.4292406846179605,1.0,0.0,0.030717642154866,0.1232487849772968,0.0,at_risk,outstanding,Govan Mbeki,at_risk,disclaimer
MP307,2020,1914986111.0,2659723003.0,-744736892.0,0.803965854184102,0.9933567822843432,0.0,0.0257956121455554,0.0834866302804991,1.3844983505470447,at_risk,disclaimer,Govan Mbeki,at_risk,qualified
MP307,2021,2093012470.0,2807940139.0,-714927669.0,0.8683931790897769,1.0,908.4965920676048,0.0245740320605887,0.0283518786224381,1.355322179231928,at_risk,qualified,Govan Mbeki,at_risk,qualified
MP311,2020,517110411.0,754074435.0,-236964024.0,0.0224299395589508,0.8258518748829831,1123.3826777082622,0.0,0.0674473641318976,1.619168406183955,at_risk,qualified,Victor Khanye,at_risk,qualified
MP311,2021,585436585.0,724815468.0,-139378883.0,0.0623698610140588,1.0387393525352713,0.0,0.0002469594095362,0.1682221632720454,1.3949157003913584,at_risk,qualified,Victor Khanye,at_risk,qualified
MP312,2018,2596301622.0,3173890117.0,-577588495.0,0.0461375178729919,1.0,0.0,0.0,0.0426209121971313,0.0,at_risk,qualified,Emalahleni (MP),at_risk,qualified
MP312,2019,3144866025.0,3328023010.0,-183156985.0,0.1084689375389865,1.0,0.0,0.0005400737899345,0.0266990019999891,0.0,at_risk,qualified,Emalahleni (MP),at_risk,qualified
MP312,2020,3049965589.0,3763062353.0,-713096764.0,0.1385514294187407,0.8503434313012169,1114.336805332396,0.0006802845023174,0.0292456466771705,1.105784024634122,at_risk,qualified,Emalahleni (MP),at_risk,qualified
MP312,2021,3323312253.0,4158455573.0,-835143320.0,0.1043517239471058,0.9933198876208,0.0,0.024692824101983,0.0478273759352725,0.9939130134456252,at_risk,qualified,Emalahleni (MP),at_risk,qualified
MP313,2018,1420217609.0,1379749036.0,40468573.0,5.7727475244998105,0.9851600550465364,0.0,0.0,0.0060787880847629,0.0,not_at_risk,unqualified_emphasis_of_matter,Steve Tshwete,not_at_risk,unqualified_emphasis_of_matter
MP313,2019,1513923250.0,1597672956.0,-83749706.0,4.961481856615967,1.001530098649536,0.0,0.0463611421360254,0.0141113623506812,0.0,not_at_risk,unqualified_emphasis_of_matter,Steve Tshwete,not_at_risk,unqualified
MP313,2020,1717881550.0,1826577781.0,-108696231.0,2.472961208105268,0.9573338621280172,88.91876283903277,0.0457019826192663,0.0011420208992457,1.1248223662452164,not_at_risk,unqualified,Steve Tshwete,not_at_risk,unqualified
MP313,2021,1810682859.0,1872377696.0,-61694837.0,2.208307027387278,1.0869096858206468,97.49365296222756,0.0492083227635285,0.0,1.1845213287016598,not_at_risk,unqualified,Steve Tshwete,not_at_risk,unqualified_emphasis_of_matter
MP314,2018,255535652.0,242576079.0,12959573.0,1.7527944954539396,0.8934194846540697,0.0,0.0,0.1674101550631462,0.0,at_risk,qualified,Emakhazeni,at_risk,adverse
MP314,2019,228376910.0,233943866.0,-5566956.0,2.098000466487973,0.8391873635917466,0.0,0.0329156396859749,0.2618573294843302,0.0,at_risk,adverse,Emakhazeni,at_risk,adverse
MP314,2020,280200934.0,386082653.0,-105881719.0,0.9143722704371284,0.51681527232395,686.9052241274828,0.0226335758213928,0.2715421119943454,4.711270184417016,at_risk,adverse,Emakhazeni,at_risk,adverse
MP314,2021,326964747.0,376778412.0,-49813665.0,1.1367039468280364,0.718971157055267,0.0,0.0270005092542297,0.0593040213779551,2.67323705696015,at_risk,adverse,Emakhazeni,at_risk,adverse
MP315,2019,588936681.0,747962396.0,-159025715.0,1.512643156996358,1.0,0.0,0.0382706351991524,0.0254995172243926,0.0,at_risk,qualified,Thembisile Hani,at_risk,qualified
MP315,2020,702322475.0,755668148.0,-53345673.0,1.5794070388686017,0.9814143001160268,1274.0217769479757,0.0336637544765218,0.0173234627324797,5.883518353872984,at_risk,qualified,Thembisile Hani,not_at_risk,unqualified_emphasis_of_matter
MP315,2021,757673954.0,775345230.0,-17671276.0,2.1327538288976124,1.0,0.0,0.0320385036740343,0.0263965885235406,4.087253879654942,not_at_risk,unqualified_emphasis_of_matter,Thembisile Hani,not_at_risk,unqualified_emphasis_of_matter
MP316,2018,545207310.0,573768343.0,-28561033.0,0.0211215626443161,1.0,0.0,0.0,0.4841745355755885,0.0,at_risk,adverse,Dr J.S. Moroka,at_risk,outstanding
MP316,2019,611887181.0,545711888.0,66175293.0,0.3276060352198155,1.0,0.0,0.0566670777749302,0.3041585599469293,0.0,at_risk,outstanding,Dr J.S. Moroka,at_risk,disclaimer
MP316,2020,616729330.0,535638314.0,81091016.0,2.1824751692426543,1.0,742.8666862495415,0.0382480182326912,0.2911085352270002,0.0,at_risk,disclaimer,Dr J.S. Moroka,at_risk,disclaimer
MP316,2021,763224081.0,699606934.0,63617147.0,1.0502578237739422,1.0,393.2119460077676,0.0925969967587542,0.0707044350135043,0.0,at_risk,disclaimer,Dr J.S. Moroka,at_risk,qualified
MP321,2018,19993947.0,40598410.0,-20604463.0,-2.917152272712158,1.0,0.0,0.0,3.3058242675021017,0.0,at_risk,qualified,Thaba Chweu,at_risk,qualified
MP321,2020,538561822.0,636355610.0,-97793788.0,0.1192902440193777,1.0948928859363438,622.296259796893,0.0298448001424863,0.1112858704899293,0.0,at_risk,qualified,Thaba Chweu,not_at_risk,unqualified_emphasis_of_matter
MP321,2021,601926887.0,976395329.0,-374468442.0,-0.4405709605765637,0.3445250887965652,645.3317552668153,0.0493703027536707,0.210329346014313,0.0,not_at_risk,unqualified_emphasis_of_matter,Thaba Chweu,not_at_risk,unqualified_emphasis_of_matter
MP324,2018,862962541.0,856963378.0,5999163.0,1.2033415084862589,0.9392405582371036,0.0,0.0,0.0683161795509072,0.0,not_at_risk,unqualified_emphasis_of_matter,Nkomazi,not_at_risk,unqualified_emphasis_of_matter
MP324,2019,861374105.0,897907896.0,-36533791.0,2.7506884603674315,0.9205799885174412,0.0,0.0361160249781342,0.1674902555929856,0.0,not_at_risk,unqualified_emphasis_of_matter,Nkomazi,not_at_risk,unqualified_emphasis_of_matter
MP324,2020,913131935.0,960311936.0,-47180001.0,2.733327125905889,0.9679099956820854,95.26837364964132,0.0415045429571751,0.1169857249384433,0.0,not_at_risk,unqualified_emphasis_of_matter,Nkomazi,not_at_risk,unqualified_emphasis_of_matter
MP324,2021,1056247179.0,1173370412.0,-117123233.0,2.5221541175183475,0.9687840666347036,94.15328643448146,0.044532587890072,0.0326670432524934,0.0,not_at_risk,unqualified_emphasis_of_matter,Nkomazi,not_at_risk,unqualified_emphasis_of_matter
MP325,2018,8318603559.0,5596095726.0,2722507833.0,8.27256884418778,0.9886021733067508,0.0,0.0,0.0387365359017806,0.0,at_risk,qualified,Bushbuckridge,not_at_risk,unqualified_emphasis_of_matter
MP325,2019,8618090451.0,6414922349.0,2203168102.0,7.560805246467372,1.0006992368002554,0.0,0.0580133159457516,0.0334891709224647,0.0,not_at_risk,unqualified_emphasis_of_matter,Bushbuckridge,not_at_risk,unqualified_emphasis_of_matter
MP325,2020,1383357122.0,1277501823.0,105855299.0,1.919314374238666,0.93795703921931,858.1688129625287,0.0805225003581071,0.3224327414521427,0.0,not_at_risk,unqualified_emphasis_of_matter,Bushbuckridge,not_at_risk,unqualified_emphasis_of_matter
MP326,2018,2477957869.0,3109469794.0,-631511925.0,0.3584667026355426,1.1213202458319504,0.0,0.0,0.0599851403476923,0.0,not_at_risk,unqualified_emphasis_of_matter,City of Mbombela,at_risk,qualified
MP326,2019,2845875617.0,3475208456.0,-629332839.0,0.435256941605462,1.0,0.0,0.001122778978413,0.0601215782147601,0.0,at_risk,qualified,City of Mbombela,not_at_risk,unqualified_emphasis_of_matter
MP326,2020,3246065553.0,3659950194.0,-413884641.0,0.2394120022279188,1.05931166035276,71.7244951845863,0.0040748631018119,0.0342595194889693,0.0,not_at_risk,unqualified_emphasis_of_matter,City of Mbombela,not_at_risk,unqualified_emphasis_of_matter
MP326,2021,3254086630.0,4062639812.0,-808553182.0,0.1841178973805615,1.0292987154761597,54.59740360845895,0.062680769101861,0.0125012815189731,0.0,not_at_risk,unqualified_emphasis_of_matter,City of Mbombela,not_at_risk,unqualified_emphasis_of_matter
NC061,2018,1901051.0,3902431.0,-2001380.0,0.0,2.756288496898374,0.0,0.0,0.0,0.0,at_risk,qualified,Richtersveld,at_risk,qualified
NC061,2019,49595926.0,75487358.0,-25891432.0,0.0403951082776006,0.984299814342439,0.0,0.0143722211075396,0.0,0.0,at_risk,qualified,Richtersveld,at_risk,qualified
NC061,2020,66172776.0,88218631.0,-22045855.0,0.0340445092601811,0.596720306933256,1258.6519744917457,0.0120321522559106,0.0818169576900371,0.0,at_risk,qualified,Richtersveld,at_risk,qualified
NC061,2021,72112714.0,84685566.0,-12572852.0,0.4615142089267018,0.6188836312204627,1130.4729496105222,0.0231667106056774,0.0972997334634334,0.0,at_risk,qualified,Richtersveld,at_risk,qualified
NC062,2018,-94769.0,487439.0,-582208.0,0.0,1.0,-0.0,0.0,81.8512347186007,-0.0,at_risk,qualified,Nama Khoi,at_risk,qualified
NC062,2019,246658270.0,243176895.0,3481375.0,1.4515309441713202,1.0,0.0,0.0478902857938045,0.0147781186201921,0.0,at_risk,qualified,Nama Khoi,at_risk,qualified
NC062,2020,266462169.0,250498591.0,15963578.0,1.887386376556505,1.0,703.3301659793965,0.037304712823714,0.0154336636568147,0.0,at_risk,qualified,Nama Khoi,at_risk,outstanding
NC062,2021,281185789.0,390097660.0,-108911871.0,0.9991413124600644,0.8386273463607589,764.4205931047248,0.0198660355973424,0.0101368231739713,0.0,at_risk,outstanding,Nama Khoi,at_risk,qualified
NC064,2018,59835121.0,78422096.0,-18586975.0,1.0202530674518058,0.4593454769435721,0.0,0.0,0.0926205032826462,0.0,at_risk,qualified,Kamiesberg,at_risk,disclaimer
NC064,2019,61933257.0,88248610.0,-26315353.0,0.3336221159744046,0.3457354806860467,0.0,0.0084326427351093,0.2085644975031334,0.0,at_risk,disclaimer,Kamiesberg,at_risk,qualified
NC064,2020,63733383.0,92455476.0,-28722093.0,0.2616017681851532,0.3421673507384776,1324.979956187168,0.0101087684627787,0.4296898000936148,0.0,at_risk,qualified,Kamiesberg,at_risk,qualified
NC064,2021,60123776.0,85324600.0,-25200824.0,0.6608511496098429,0.7217892390017195,0.0,0.0114264233292626,0.3713098918717462,0.0,at_risk,qualified,Kamiesberg,at_risk,qualified
NC065,2018,81119485.0,104453375.0,-23333890.0,0.8502325559131049,1.055401644631092,0.0,0.0,0.7838375255945536,0.0,at_risk,qualified,Hantam,not_at_risk,unqualified_emphasis_of_matter
NC065,2019,91395808.0,108776796.0,-17380988.0,-0.2967795080119845,0.996213007689782,0.0,0.0920888771167703,0.633272853522915,0.0,not_at_risk,unqualified_emphasis_of_matter,Hantam,not_at_risk,unqualified_emphasis_of_matter
NC065,2020,92661405.0,113394212.0,-20732807.0,0.1048490552586581,0.7938533324821754,60.61659177302568,0.0876742721224607,0.5279607216636418,0.0,not_at_risk,unqualified_emphasis_of_matter,Hantam,at_risk,outstanding
NC065,2021,103925352.0,113460583.0,-9535231.0,0.9764642580763048,0.8972216217053746,88.99412676514196,0.0748691552201877,0.4030883042439505,0.0,at_risk,outstanding,Hantam,not_at_risk,unqualified
NC066,2018,45368728.0,54109083.0,-8740355.0,0.0,0.9026693695073252,0.0,0.0,0.1192454139354015,0.0,not_at_risk,unqualified_emphasis_of_matter,Karoo Hoogland,at_risk,qualified
NC066,2019,55329725.0,64789229.0,-9459504.0,1.1065231845867467,1.0,0.0,0.0053163466415073,0.0053496083430781,0.0,at_risk,qualified,Karoo Hoogland,not_at_risk,unqualified_emphasis_of_matter
NC066,2020,57300992.0,69795116.0,-12494124.0,0.734528244067966,1.0,693.4302639123595,0.0128843112747316,0.015828987231714,0.0,not_at_risk,unqualified_emphasis_of_matter,Karoo Hoogland,not_at_risk,unqualified_emphasis_of_matter
NC066,2021,65427338.0,76541726.0,-11114388.0,1.3464561799925965,1.0,589.3434213233619,0.0166029702544204,0.1118060886162927,0.0,not_at_risk,unqualified_emphasis_of_matter,Karoo Hoogland,not_at_risk,unqualified_emphasis_of_matter
NC067,2018,50384772.0,67271991.0,-16887219.0,-1.0087063425846874,0.5813681168061589,0.0,0.0,0.1760349266309064,0.0,at_risk,qualified,Khai-Ma,at_risk,qualified
NC067,2019,50901023.0,68301569.0,-17400546.0,0.2074030246655095,1.0,0.0,0.0214074584435973,0.0851191573651844,0.0,at_risk,qualified,Khai-Ma,at_risk,qualified
NC067,2020,58162241.0,75115386.0,-16953145.0,0.2068138210725563,0.6266198013217776,847.4110055353609,0.0114666121798269,0.0782807532933399,0.0,at_risk,qualified,Khai-Ma,at_risk,qualified
NC067,2021,60095029.0,74866685.0,-14771656.0,0.0022938373723906,0.6129301092546673,981.592656690456,0.0069884889387048,0.0277261107527333,0.0,at_risk,qualified,Khai-Ma,at_risk,qualified
NC071,2018,46548678.0,35781816.0,10766862.0,-1.86462084540371,1.0,0.0,0.0,0.1092566682473578,0.0,at_risk,qualified,Ubuntu,at_risk,qualified
NC071,2019,99249753.0,136038930.0,-36789177.0,0.164043865972777,1.0,0.0,0.0,0.0455229837517834,0.0,at_risk,qualified,Ubuntu,at_risk,qualified
NC071,2020,114139314.0,148521457.0,-34382143.0,0.3832840934222722,1.0,668.6407008719187,0.0,0.0231452550320725,0.0,at_risk,qualified,Ubuntu,at_risk,qualified
NC071,2021,112975934.0,144994710.0,-32018776.0,1.041351067221694,1.0,0.0,0.0,0.1635634293140763,0.0,at_risk,qualified,Ubuntu,at_risk,qualified
NC072,2018,116278633.0,141776510.0,-25497877.0,0.8749771876878617,1.0,0.0,0.0,0.0461113833314136,0.0,not_at_risk,unqualified_emphasis_of_matter,Umsobomvu,at_risk,qualified
NC072,2019,119545058.0,143749005.0,-24203947.0,-0.4367465082627876,1.0,0.0,0.0138687429523425,0.055404265233001,0.0,at_risk,qualified,Umsobomvu,at_risk,qualified
NC072,2020,155597888.0,187184804.0,-31586916.0,0.4617842162016528,1.0,480.0403989416617,0.0090273246753513,0.0159979011971505,0.0,at_risk,qualified,Umsobomvu,at_risk,qualified
NC072,2021,175376476.0,181035249.0,-5658773.0,0.1845481926008785,1.0,1005.771470057364,0.0109231545288729,0.059195499546058,0.0,at_risk,qualified,Umsobomvu,at_risk,qualified
NC073,2018,165850404.0,-192515642.0,358366046.0,-42.61603380778794,1.0,0.0,-0.0,-0.1463143810413078,0.0,not_at_risk,unqualified_emphasis_of_matter,Emthanjeni,at_risk,qualified
NC073,2019,221997448.0,332889909.0,-110892461.0,0.6175766054837066,1.0,0.0,0.0062408980982358,0.0815296386770318,0.0,at_risk,qualified,Emthanjeni,at_risk,qualified
NC073,2020,234247683.0,311999906.0,-77752223.0,0.8370812521975567,1.0,95.77583168666816,0.0077121465543005,0.1651952933601204,0.0,at_risk,qualified,Emthanjeni,at_risk,qualified
NC073,2021,233843492.0,317491190.0,-83647698.0,0.9655557497516702,0.829362826385075,561.9183242439776,0.0084670695901829,0.0303256540756296,0.0,at_risk,qualified,Emthanjeni,at_risk,qualified
NC074,2018,43300986.0,45220156.0,-1919170.0,0.2238183344612964,1.0,0.0,0.0,0.0105271198091399,0.0,not_at_risk,unqualified_emphasis_of_matter,Kareeberg,not_at_risk,unqualified_emphasis_of_matter
NC074,2019,60324015.0,62510852.0,-2186837.0,8.14477889375112,1.0,0.0,0.005842521551298,0.0,0.0,not_at_risk,unqualified_emphasis_of_matter,Kareeberg,not_at_risk,unqualified_emphasis_of_matter
NC074,2020,57338105.0,65469547.0,-8131442.0,4.517353999715319,1.0,0.0,0.043879943143642,0.0054439509104897,0.0,not_at_risk,unqualified_emphasis_of_matter,Kareeberg,not_at_risk,unqualified_emphasis_of_matter
NC074,2021,-63903533.0,-64993103.0,1089570.0,-16.046621685380984,1.0,-251.4541895516168,0.0163815997522075,-0.0360612879185042,-0.0,not_at_risk,unqualified_emphasis_of_matter,Kareeberg,not_at_risk,unqualified_emphasis_of_matter
NC075,2019,45685719.0,86288123.0,-40602404.0,0.0937049470875615,1.0,0.0,0.0764905269755375,0.0,0.0,at_risk,outstanding,Renosterberg,at_risk,disclaimer
NC075,2020,56236182.0,94337338.0,-38101156.0,0.0846578477760311,1.0,885.5296534000121,0.0497789115058557,0.1558644680009944,0.0,at_risk,disclaimer,Renosterberg,at_risk,outstanding
NC076,2018,67781824.0,82780874.0,-14999050.0,0.1380766769870054,0.6876918349786801,0.0,0.0,0.0159986834640088,0.0,at_risk,qualified,Thembelihle,at_risk,qualified
NC076,2019,58510218.0,93144996.0,-34634778.0,0.3449711887904316,1.0,0.0,0.0075574215495161,0.1612538155028746,0.0,at_risk,qualified,Thembelihle,at_risk,qualified
NC076,2020,59449999.0,141082899.0,-81632900.0,-9.516525231027469,-0.2364536074308089,757.501832590443,0.0102558142075036,0.1723494425784375,0.0,at_risk,qualified,Thembelihle,at_risk,qualified
NC076,2021,70415355.0,110183101.0,-39767746.0,-0.0325803137452085,1.0,781.6558416839622,0.0140254447912116,0.0365116062580231,0.0,at_risk,qualified,Thembelihle,at_risk,qualified
NC077,2018,2337380.0,24441946.0,-22104566.0,3.2052585338335997,0.9427586643031958,0.0,0.0,0.5871554171668655,0.0,at_risk,qualified,Siyathemba,at_risk,qualified
NC077,2019,97816558.0,134428771.0,-36612213.0,1.7184538271200889,0.8564659148422047,0.0,0.0,0.1180592508727168,0.0,at_risk,qualified,Siyathemba,at_risk,qualified
NC077,2020,104415801.0,151914819.0,-47499018.0,1.0351989689695775,0.6930680238927707,0.0,0.0,0.3083508396899712,0.0,at_risk,qualified,Siyathemba,at_risk,qualified
NC077,2021,125905894.0,73801574.0,52104320.0,4.532324473188065,1.0,0.0,0.0,0.9443927036027714,0.0,at_risk,qualified,Siyathemba,at_risk,qualified
NC078,2018,134269517.0,106374631.0,27894886.0,0.2106127728894307,1.6324766784604423,0.0,0.0,0.0656362229825267,0.0,not_at_risk,unqualified_emphasis_of_matter,Siyancuma,not_at_risk,unqualified_emphasis_of_matter
NC078,2019,150159274.0,187394367.0,-37235093.0,0.4252566674002533,0.821355525748184,0.0,0.008013133073525,0.2410948190347685,0.0,not_at_risk,unqualified_emphasis_of_matter,Siyancuma,at_risk,qualified
NC078,2020,186511425.0,200785214.0,-14273789.0,0.2255705940577875,0.7171138347498511,707.8865663591387,0.0,0.0970439337231276,0.0,at_risk,qualified,Siyancuma,at_risk,qualified
NC078,2021,189620214.0,199722884.0,-10102670.0,0.1901341060146117,0.5945982015294261,0.0,0.0001541736198842,0.0659564829836925,0.0,at_risk,qualified,Siyancuma,at_risk,qualified
NC082,2018,179783139.0,207685759.0,-27902620.0,0.1013907169244088,0.893137398796132,0.0,0.0,0.0373884181437784,0.0,at_risk,qualified,!Kai! Garib,at_risk,disclaimer
NC082,2019,228579567.0,335743523.0,-107163956.0,0.1325898876685105,0.9718783276451756,0.0,0.0113223122401083,0.0021243507354272,0.0,at_risk,disclaimer,!Kai! Garib,at_risk,disclaimer
NC082,2020,217422194.0,295486221.0,-78064027.0,0.225699661305019,0.8742979519917479,567.1583890373216,0.0119894998420247,0.1043323573453531,0.0,at_risk,disclaimer,!Kai! Garib,at_risk,outstanding
NC082,2021,94668815.0,121634513.0,-26965698.0,1.2624654319946182,1.0,2048.370608737418,6.739863380716622e-05,0.0,0.0,at_risk,outstanding,!Kai! Garib,at_risk,qualified
NC084,2018,3373447.0,21584840.0,-18211393.0,7.237106598890702,0.5926492518084822,0.0,0.0,0.2232712403705563,0.0,at_risk,disclaimer,!Kheis,at_risk,disclaimer
NC084,2019,47155627.0,62857549.0,-15701922.0,-0.0212953896754708,1.0,0.0,0.0301633301037557,0.5443106761926082,0.0,at_risk,disclaimer,!Kheis,at_risk,disclaimer
NC084,2020,47768091.0,51131274.0,-3363183.0,-0.0390967766615789,1.0,756.1686957513124,0.0059719419469188,0.0035203503828205,0.0,at_risk,disclaimer,!Kheis,at_risk,outstanding
NC084,2021,55413454.0,69571800.0,-14158346.0,0.703520391882918,0.5581191111499187,810.1888806642517,0.0033421731218683,0.4856195613740049,0.0,at_risk,outstanding,!Kheis,at_risk,disclaimer
NC085,2019,181943521.0,299034003.0,-117090482.0,0.4988219215993306,1.0,0.0,0.0,0.0,0.0,at_risk,outstanding,Tsantsabane,at_risk,qualified
NC085,2020,214185766.0,306379514.0,-92193748.0,0.4758807339840613,0.5627243478972497,1030.565464933837,0.0,0.045373865956325,0.0,at_risk,qualified,Tsantsabane,at_risk,qualified
NC085,2021,223809137.0,271832371.0,-48023234.0,0.3881546543255512,0.7224463788288406,0.0,0.0,0.0,0.0,at_risk,qualified,Tsantsabane,at_risk,qualified
NC086,2018,1065494.0,28674657.0,-27609163.0,-3.1791361968165828,1.0,0.0,0.0,0.2751642678759854,0.0,at_risk,disclaimer,Kgatelopele,at_risk,disclaimer
NC086,2019,80884460.0,102951473.0,-22067013.0,-0.2746049102182346,1.0,0.0,0.0,0.3078098940847597,0.0,at_risk,disclaimer,Kgatelopele,at_risk,qualified
NC086,2020,89888184.0,104772915.0,-14884731.0,-0.8585427254744225,1.0,0.0,0.0,0.1300277175642197,0.0,at_risk,qualified,Kgatelopele,at_risk,outstanding
NC086,2021,90702504.0,110375506.0,-19673002.0,2.0186191671909524,1.0,505.3944525610892,0.0,0.0207790395090012,0.0,at_risk,outstanding,Kgatelopele,at_risk,disclaimer
NC087,2018,-550687882.0,-476518967.0,-74168915.0,-4.819955047035935e-05,1.0,-0.0,-0.0,-0.0161950909290878,-0.0,not_at_risk,unqualified_emphasis_of_matter,Dawid Kruiper,not_at_risk,unqualified_emphasis_of_matter
NC087,2021,784985638.0,788261008.0,-3275370.0,0.4068353917615064,0.9231499862104646,195.2239974866903,0.0170383817843239,0.0037195712717531,0.0,not_at_risk,unqualified_emphasis_of_matter,Dawid Kruiper,not_at_risk,unqualified_emphasis_of_matter
NC091,2018,1949081217.0,1936318315.0,12762902.0,-0.8983639572711473,1.0,0.0,0.0,0.0081985430169315,0.0,at_risk,qualified,Sol Plaatje,at_risk,qualified
NC091,2019,1833633551.0,1860985456.0,-27351905.0,0.4766251800304236,1.0,0.0,0.1249048670695253,0.0219125645869636,0.0,at_risk,qualified,Sol Plaatje,at_risk,qualified
NC091,2020,2037441809.0,1936837581.0,100604228.0,0.5980918768634735,1.0,838.012466755069,0.112468708340289,0.1332227996457902,0.0,at_risk,qualified,Sol Plaatje,at_risk,qualified
NC091,2021,2064336056.0,2166359095.0,-102023039.0,0.2382291307065138,1.0,880.7250279675394,0.1121807278215802,0.0538085663032702,0.0,at_risk,qualified,Sol Plaatje,at_risk,qualified
NC092,2018,192951204.0,94133461.0,98817743.0,-24.578748039445827,1.0,0.0,0.0,0.0522577938571705,0.0,at_risk,disclaimer,Dikgatlong,at_risk,disclaimer
NC092,2019,176581942.0,140919395.0,35662547.0,5.709151391119725,1.0,0.0,0.0,0.0512373474211977,0.0,at_risk,disclaimer,Dikgatlong,at_risk,qualified
NC092,2020,188833151.0,250500012.0,-61666861.0,0.3700806529302681,-0.0951173095173026,2500.4266801119047,0.005650075577641,0.0049383311007585,0.0,at_risk,qualified,Dikgatlong,at_risk,qualified
NC092,2021,310948166.0,348395757.0,-37447591.0,0.1605711518467201,-0.0089252239430105,1500.8557503439336,0.0004459267854975,0.0030439779437382,0.0,at_risk,qualified,Dikgatlong,at_risk,qualified
NC093,2018,143906492.0,161600451.0,-17693959.0,0.2886379568334249,1.0,0.0,0.0,0.14138190121759,0.0,at_risk,qualified,Magareng,at_risk,qualified
NC093,2019,113461081.0,186959208.0,-73498127.0,0.0370315432658443,1.0,0.0,0.0015049700039379,0.0452651735666317,0.0,at_risk,qualified,Magareng,at_risk,qualified
NC093,2020,120544896.0,169606768.0,-49061872.0,0.0150413573118733,1.0,31.657528453133345,0.0052715349189367,0.1302816524397186,0.0,at_risk,qualified,Magareng,at_risk,qualified
NC093,2021,123876310.0,177411725.0,-53535415.0,0.4514363410873774,1.0,1904.491397790264,0.0,0.1471410810080337,0.0,at_risk,qualified,Magareng,at_risk,qualified
NC094,2018,324574243.0,387597404.0,-63023161.0,0.2077087286167685,1.0,0.0,0.0,0.1241653543169757,0.0,at_risk,outstanding,Phokwane,at_risk,outstanding
NC094,2019,330773197.0,431372000.0,-100598803.0,0.3833242120489972,1.0,0.0,0.0123083834833971,0.6905214130727075,0.0,at_risk,outstanding,Phokwane,at_risk,disclaimer
NC094,2020,338640769.0,385018233.0,-46377464.0,1.2995152362044111,1.0,1402.796595675106,0.0179495057835351,0.0101136041523519,0.0,at_risk,disclaimer,Phokwane,at_risk,outstanding
NC451,2018,128888202.0,72580310.0,56307892.0,7.949333806923668,1.0,0.0,0.0,0.5129300219301901,0.0,at_risk,disclaimer,Joe Morolong,at_risk,disclaimer
NC451,2019,186043632.0,169755275.0,16288357.0,0.2641274505313605,1.0,0.0,0.0044927322582464,0.0150647159565439,0.0,at_risk,disclaimer,Joe Morolong,at_risk,disclaimer
NC451,2020,237619550.0,304025253.0,-66405703.0,0.1132978252961111,1.0,499.270925056461,0.0,0.0119531123291261,0.0,at_risk,disclaimer,Joe Morolong,at_risk,outstanding
NC451,2021,275895854.0,621310361.0,-345414507.0,2.2431907714476376,1.0,832.4453830139832,0.0018738477145723,0.0065427188329151,0.0,at_risk,outstanding,Joe Morolong,at_risk,disclaimer
NC452,2018,350699090.0,331312457.0,19386633.0,0.42334136564023,1.0,0.0,0.0,0.7712440646323178,0.0,at_risk,qualified,Ga-Segonyana,at_risk,outstanding
NC452,2019,375275897.0,508090192.0,-132814295.0,0.0130145476218915,1.0,0.0,0.0133458273880634,0.1634055986658368,0.0,at_risk,outstanding,Ga-Segonyana,not_at_risk,unqualified_emphasis_of_matter
NC452,2020,367683037.0,339991476.0,27691561.0,4.221601085081321,1.0,317.2231265866094,0.0175048682691091,0.1656204757321621,0.0,not_at_risk,unqualified_emphasis_of_matter,Ga-Segonyana,not_at_risk,unqualified_emphasis_of_matter
NC452,2021,436385271.0,521651199.0,-85265928.0,2.0810949808628734,1.0,217.9819563845912,0.0399357751691854,0.0361633214610899,0.0,not_at_risk,unqualified_emphasis_of_matter,Ga-Segonyana,at_risk,qualified
NC453,2018,256869370.0,413144433.0,-156275063.0,-1.4584752543428317,1.0,0.0,0.0,0.0564400997265767,0.0,at_risk,disclaimer,Gamagara,at_risk,qualified
NC453,2019,382158549.0,436629386.0,-54470837.0,0.3031664936999911,1.1123181333706214,0.0,0.0178491582332481,0.0790452867045462,0.0,at_risk,qualified,Gamagara,at_risk,qualified
NC453,2020,519298787.0,437485204.0,81813583.0,0.9708831387129608,1.0,193.27781342381607,-0.005676429687894,0.3101592436941022,0.0,at_risk,qualified,Gamagara,at_risk,qualified
NC453,2021,454558420.0,502333900.0,-47775480.0,0.7283650336957151,1.050482483187386,423.6843637392087,0.0180527871999082,1.341122669602828,0.0,at_risk,qualified,Gamagara,not_at_risk,unqualified_emphasis_of_matter
NMA,2018,7402652834.0,8817457205.0,-1414804371.0,3.5183202007953494,1.0,0.0,0.0,0.3462929662157629,0.0,at_risk,qualified,Nelson Mandela Bay,at_risk,outstanding
NMA,2020,10872276603.0,10656565080.0,215711523.0,3.675716297882357,0.8569242081628491,0.0,0.0261353023145052,0.1287670919004982,0.0,at_risk,qualified,Nelson Mandela Bay,at_risk,qualified
NMA,2021,11857045353.0,12319319869.0,-462274516.0,4.162657460420553,0.8147106887157916,242.064966016918,0.0269745828936719,0.112815092454679,0.0,at_risk,qualified,Nelson Mandela Bay,at_risk,qualified
NW371,2018,343059532.0,267573926.0,75485606.0,-4.962581922126448,1.0,0.0,0.0,0.6206558668948932,0.0,at_risk,qualified,Moretele,at_risk,qualified
NW371,2020,577346982.0,491320455.0,86026527.0,1.183987114886149,1.0,0.0,0.0244357727788882,0.2201965863603216,0.0,at_risk,qualified,Moretele,not_at_risk,unqualified_emphasis_of_matter
NW371,2021,663277248.0,531393891.0,131883357.0,5.028859987402452,1.0,499.0775650652199,0.0318148444804007,0.0888075226291978,0.0,not_at_risk,unqualified_emphasis_of_matter,Moretele,at_risk,qualified
NW372,2018,1802220138.0,2114770399.0,-312550261.0,0.0045589629988007,1.0,0.0,0.0,0.0289160473538479,0.0,at_risk,disclaimer,Madibeng,at_risk,disclaimer
NW372,2019,1866291304.0,3170598293.0,-1304306989.0,0.2362181212465568,1.0,0.0,0.0302485805949432,0.139985183862584,0.0,at_risk,disclaimer,Madibeng,at_risk,disclaimer
NW372,2020,1960365446.0,2407374628.0,-447009182.0,1.2201773557945796,1.0,980.4506531890788,0.0449825061461103,0.1379976835080277,0.0,at_risk,disclaimer,Madibeng,at_risk,disclaimer
NW372,2021,2205837301.0,2293571072.0,-87733771.0,0.6521776657636533,0.9975082102552532,940.0693524993574,0.0422973899454553,0.2306624025993993,0.0,at_risk,disclaimer,Madibeng,at_risk,disclaimer
NW373,2020,4561785826.0,4542321499.0,19464327.0,1.218629447787575,1.0,0.0,0.0177693754213059,0.1257313028427713,0.0,at_risk,disclaimer,Rustenburg,at_risk,qualified
NW373,2021,4984784869.0,5174726365.0,-189941496.0,1.1697524933765266,1.0,0.0,0.0079199745279671,0.1187684056410971,0.0,at_risk,qualified,Rustenburg,at_risk,qualified
NW374,2018,233605049.0,258170561.0,-24565512.0,0.1241457890313063,1.0,0.0,0.0,0.0548105599073319,0.0,at_risk,disclaimer,Kgetlengrivier,at_risk,disclaimer
NW374,2019,186462312.0,211535602.0,-25073290.0,3.428573616652955,1.0,0.0,0.0,0.1840009371093949,0.0,at_risk,disclaimer,Kgetlengrivier,at_risk,disclaimer
NW374,2021,233411711.0,262378894.0,-28967183.0,0.0845766199471821,1.0,797.7099013253882,0.0,0.3820711928147696,0.0,at_risk,disclaimer,Kgetlengrivier,at_risk,disclaimer
NW375,2018,695585995.0,913789554.0,-218203559.0,-0.389399290506663,1.0,0.0,0.0,0.0163503893589048,0.0,at_risk,disclaimer,Moses Kotane,at_risk,qualified
NW375,2019,742329341.0,1076070467.0,-333741126.0,0.7214376974440281,1.0,0.0,0.0584318238705086,0.0892787200710341,0.0,at_risk,qualified,Moses Kotane,at_risk,qualified
NW375,2020,830899262.0,996124506.0,-165225244.0,0.5876452396001991,1.0,1070.326213979716,0.0459827960501957,0.6267896585610153,0.0,at_risk,qualified,Moses Kotane,at_risk,qualified
NW375,2021,947346591.0,1003490267.0,-56143676.0,0.735445219818958,1.00067755841442,1154.1348470055348,0.0533214967395393,0.2306308308219994,0.0,at_risk,qualified,Moses Kotane,not_at_risk,unqualified_emphasis_of_matter
NW381,2018,140624657.0,120311459.0,20313198.0,-0.5342858654885069,1.0,0.0,0.0,0.359567586991028,0.0,at_risk,qualified,Ratlou,at_risk,disclaimer
NW381,2019,172858004.0,137953927.0,34904077.0,4.674522559984827,1.0,0.0,0.0,0.0816695272473106,0.0,at_risk,disclaimer,Ratlou,at_risk,disclaimer
NW381,2020,169146277.0,171669316.0,-2523039.0,2.627278948324114,1.0,136.24159318623373,2.423846087905424e-05,0.0386994027517416,0.0,at_risk,disclaimer,Ratlou,at_risk,disclaimer
NW381,2021,157181760.0,149953576.0,7228184.0,0.7118139016571369,1.0,0.0,0.0002059370694834,0.6190610686069934,0.0,at_risk,disclaimer,Ratlou,at_risk,disclaimer
NW382,2018,359961408.0,363905960.0,-3944552.0,0.0011820746216962,1.0,0.0,0.0,0.1571270857998588,0.0,at_risk,qualified,Tswaing,at_risk,qualified
NW382,2019,228110190.0,273679958.0,-45569768.0,-0.0433682907829151,1.0,0.0,0.0,0.3216688231149173,0.0,at_risk,qualified,Tswaing,at_risk,qualified
NW382,2020,262015497.0,303458704.0,-41443207.0,0.3130709211754888,0.9069131890188896,690.902838277539,0.1626088866444246,0.3317589862243661,0.0,at_risk,qualified,Tswaing,at_risk,qualified
NW382,2021,339440109.0,327824833.0,11615276.0,0.8211658449925909,1.0,762.7516016382142,0.2205323109247187,0.3521027676387164,0.0,at_risk,qualified,Tswaing,at_risk,qualified
NW383,2018,808624011.0,680823895.0,127800116.0,-0.4257571482563784,0.8334828300295853,0.0,0.0,0.3101207824087901,0.0,at_risk,disclaimer,Mafikeng,at_risk,disclaimer
NW383,2019,934019950.0,1114091071.0,-180071121.0,0.0847103064162337,1.0,0.0,0.0156537804259989,0.1498873102448552,0.0,at_risk,disclaimer,Mafikeng,at_risk,qualified
NW383,2020,1013120406.0,524423526.0,488696880.0,0.3530119890159161,0.5657061621875954,1326.188036696203,0.0438900313560684,0.4187461586153173,0.0,at_risk,qualified,Mafikeng,at_risk,qualified
NW383,2021,883548707.0,1113225280.0,-229676573.0,0.441399562898895,0.4218055672816311,1658.1639244931855,0.0349248222246623,0.1884346796364523,0.0,at_risk,qualified,Mafikeng,at_risk,qualified
NW384,2018,128184083.0,80814293.0,47369790.0,0.3244361241890713,0.9198429166700032,0.0,0.0,0.0,0.0,at_risk,disclaimer,Ditsobotla,at_risk,disclaimer
NW384,2021,605620766.0,608008965.0,-2388199.0,0.3990150375496519,0.7519736060602068,1379.2229822829424,0.007726976525749,0.3218884083395053,0.0,at_risk,outstanding,Ditsobotla,at_risk,outstanding
NW385,2018,1389478560.0,284095611.0,1105382949.0,-0.2260694270282127,1.0,0.0,0.0,0.0440743450978551,0.0,at_risk,disclaimer,Ramotshere Moiloa,at_risk,disclaimer
NW385,2019,252438479.0,296952333.0,-44513854.0,-0.9229379046501716,1.0,0.0,0.0183842233022631,0.1131888800483005,0.0,at_risk,disclaimer,Ramotshere Moiloa,at_risk,disclaimer
NW385,2020,299261192.0,336498338.0,-37237146.0,-0.3730045644385916,1.0,0.0,0.0181007847949608,0.1362011749371552,0.0,at_risk,disclaimer,Ramotshere Moiloa,at_risk,outstanding
NW385,2021,349291661.0,360030842.0,-10739181.0,-0.1199167264675619,1.0,469.5763780200868,0.0214053994851918,0.4151517219183128,0.0,at_risk,outstanding,Ramotshere Moiloa,at_risk,qualified
NW392,2018,2311896.0,78067199.0,-75755303.0,-19.99657582181218,,0.0,0.0,0.8690976090995656,0.0,at_risk,disclaimer,Naledi (NW),at_risk,outstanding
NW392,2020,322564724.0,358356130.0,-35791406.0,1.874475327099888,1.0,0.0,0.0030689582455307,0.0117846316735254,0.0,at_risk,disclaimer,Naledi (NW),at_risk,disclaimer
NW392,2021,408681926.0,458432022.0,-49750096.0,1.3246703695580846,0.8524795639828412,465.6090572011252,0.0050293563480606,0.0163695174854081,0.0,at_risk,disclaimer,Naledi (NW),at_risk,disclaimer
NW393,2020,161186783.0,226901149.0,-65714366.0,0.2757408866184278,0.5892170940975748,0.0,0.0259820411927486,0.1826507938926303,0.0,at_risk,disclaimer,Mamusa,at_risk,disclaimer
NW393,2021,249177103.0,239474228.0,9702875.0,-0.1028309735275563,1.0,955.0262294364984,0.049112700344523,0.225917947212257,0.0,at_risk,disclaimer,Mamusa,at_risk,disclaimer
NW394,2018,128184083.0,80814293.0,47369790.0,0.3244361241890713,0.9198429166700032,0.0,0.0,0.6870375887592063,0.0,at_risk,qualified,Greater Taung,at_risk,outstanding
NW394,2020,208701463.0,217120585.0,-8419122.0,8.245735833845512,1.0,0.0,0.0692487633081865,0.1902163214971072,0.0,at_risk,disclaimer,Greater Taung,at_risk,disclaimer
NW394,2021,312752808.0,322548269.0,-9795461.0,5.369170900743541,0.9994637478672652,0.0,0.065971291881278,0.0045167596295486,0.0,at_risk,disclaimer,Greater Taung,at_risk,qualified
NW396,2018,237219546.0,257366756.0,-20147210.0,-0.2254806832938438,1.0,0.0,0.0,0.0045195114477022,0.0,at_risk,disclaimer,Lekwa-Teemane,at_risk,disclaimer
NW396,2019,65105098.0,218464140.0,-153359042.0,0.7912470760647491,1.0,0.0,0.0042341045079526,0.0444133577254372,0.0,at_risk,disclaimer,Lekwa-Teemane,at_risk,disclaimer
NW396,2020,339716597.0,436813768.0,-97097171.0,0.4433477838546517,1.0,2023.287147875204,0.003345015901605,0.0556739731701863,0.0,at_risk,disclaimer,Lekwa-Teemane,at_risk,qualified
NW396,2021,420224503.0,683998833.0,-263774330.0,0.1604745194060879,1.0,1092.5634092070068,0.0045238527475674,0.1148509839635939,0.0,at_risk,qualified,Lekwa-Teemane,at_risk,disclaimer
NW397,2018,133717049.0,181851168.0,-48134119.0,-0.036847121047911,1.0,0.0,0.0,0.611681570282793,0.0,at_risk,disclaimer,Kagisano-Molopo,at_risk,qualified
NW397,2020,200437870.0,186143949.0,14293921.0,-2.434770845008773,1.0,0.0,0.009038134245234,0.2013213762860483,0.0,at_risk,qualified,Kagisano-Molopo,at_risk,qualified
NW397,2021,237916697.0,184949239.0,52967458.0,0.9875177696730074,1.0,0.0,0.0117104996576925,0.6134851790333671,0.0,at_risk,qualified,Kagisano-Molopo,at_risk,qualified
NW403,2019,2694378842.0,3269326427.0,-574947585.0,-0.192408073664649,1.0,0.0,0.0299836557128224,0.0760693542089059,0.0,at_risk,qualified,City of Matlosana,at_risk,qualified
NW403,2020,2849406076.0,3514281929.0,-664875853.0,-0.4657099655250795,0.9941266829306408,1134.932270629439,0.0401855488128653,0.0510805955887211,0.0,at_risk,qualified,City of Matlosana,not_at_risk,unqualified_emphasis_of_matter
NW403,2021,3599649384.0,4049851752.0,-450202368.0,-0.5802282730076584,1.0019398914955544,1113.418930422697,0.0309599196904134,0.1207522864901154,0.0,not_at_risk,unqualified_emphasis_of_matter,City of Matlosana,not_at_risk,unqualified_emphasis_of_matter
NW404,2018,213529092.0,250013879.0,-36484787.0,0.3223337373202389,1.0,0.0,0.0,0.4206044697222589,0.0,at_risk,disclaimer,Maquassi Hills,at_risk,disclaimer
NW404,2019,466095790.0,414013339.0,52082451.0,0.2178933563297582,1.0,0.0,0.254421602102052,0.1776903666381628,0.0,at_risk,disclaimer,Maquassi Hills,at_risk,disclaimer
NW404,2020,500760665.0,655395605.0,-154634940.0,0.4492583681576565,1.0,2201.3052819753725,0.1040320601478552,0.0279853112533459,0.0,at_risk,disclaimer,Maquassi Hills,at_risk,disclaimer
NW404,2021,545673580.0,583753681.0,-38080101.0,0.4512987661999856,1.0,2317.589285869402,0.1147033435151906,0.1882821172308804,0.0,at_risk,disclaimer,Maquassi Hills,at_risk,disclaimer
NW405,2018,1532737576.0,1601484350.0,-68746774.0,2.63584484981074,1.0,0.0,0.0,0.7931841781657123,0.0,at_risk,qualified,J B Marks,at_risk,qualified
NW405,2019,1619989011.0,1743717067.0,-123728056.0,1.122736029284962,1.0,0.0,0.0001254595737692,0.3904349001821177,0.0,at_risk,qualified,J B Marks,at_risk,qualified
NW405,2020,1403255075.0,1668208438.0,-264953363.0,0.2930922304806133,1.0,0.0,0.0003362421548907,0.2066774200071514,0.0,at_risk,qualified,J B Marks,at_risk,qualified
NW405,2021,2051442264.0,2347153244.0,-295710980.0,2.906609913707024,0.9990383185349812,199.7146100281377,0.0129490492696607,0.1553838744582626,0.0,at_risk,qualified,J B Marks,at_risk,qualified
TSH,2018,30682222136.0,32691577304.0,-2009355168.0,1.1253972156154857,0.9276404169472832,0.0,0.0,0.0515076637735056,0.0,not_at_risk,unqualified_emphasis_of_matter,City of Tshwane,at_risk,outstanding
TSH,2019,55831355350.0,33292164282.0,22539191068.0,1.1800716551564443,0.996402245435646,0.0,0.0377858112601031,0.0864080235707398,0.0,at_risk,outstanding,City of Tshwane,not_at_risk,unqualified_emphasis_of_matter
TSH,2020,32940516627.0,37521593046.0,-4581076419.0,-0.9277797552284662,0.8742138790618638,379.8844563486026,0.0349655457163448,0.0674315556617798,0.0,not_at_risk,unqualified_emphasis_of_matter,City of Tshwane,not_at_risk,unqualified_emphasis_of_matter
WC011,2018,267803297.0,286037264.0,-18233967.0,1.948806935868328,0.9438173522619984,0.0,0.0,0.0,0.0,not_at_risk,unqualified,Matzikama,not_at_risk,unqualified_emphasis_of_matter
WC011,2019,326500528.0,330267016.0,-3766488.0,1.1417871532166568,1.0039235791500736,0.0,0.0283493614148861,0.2345092644673908,0.0,not_at_risk,unqualified_emphasis_of_matter,Matzikama,not_at_risk,unqualified_emphasis_of_matter
WC011,2020,318403293.0,414746279.0,-96342986.0,0.4135262271997382,1.0,0.0,0.0175438343112898,0.2415252362035055,0.0,not_at_risk,unqualified_emphasis_of_matter,Matzikama,not_at_risk,unqualified
WC011,2021,354187505.0,387208749.0,-33021244.0,0.4728072298800252,0.9201542430178384,191.13372984459176,0.0122868143147251,0.0775274501868241,0.0,not_at_risk,unqualified,Matzikama,not_at_risk,unqualified_emphasis_of_matter
WC012,2018,254261421.0,269322691.0,-15061270.0,0.8257186914859692,0.8373888485031958,0.0,0.0,0.1900197855961568,0.0,not_at_risk,unqualified,Cederberg,not_at_risk,unqualified
WC012,2019,285189581.0,363686248.0,-78496667.0,0.2371515680735885,0.9780326261422576,0.0,0.0888009298608398,0.196273989991505,0.0,not_at_risk,unqualified,Cederberg,not_at_risk,unqualified_emphasis_of_matter
WC012,2020,279229988.0,317413514.0,-38183526.0,0.6307819521509094,0.7587601585976671,332.7285647234996,0.1003378829043806,0.1141260167013556,0.0,not_at_risk,unqualified_emphasis_of_matter,Cederberg,not_at_risk,unqualified
WC012,2021,301801564.0,323070631.0,-21269067.0,0.3621479044314616,0.8365857396140406,307.8439750398378,0.0949231191491374,0.0396000588490508,0.0,not_at_risk,unqualified,Cederberg,not_at_risk,unqualified_emphasis_of_matter
WC013,2018,288347975.0,285476478.0,2871497.0,3.3922413460628444,0.9414980441519548,0.0,0.0,0.0,0.0,not_at_risk,unqualified,Bergrivier,not_at_risk,unqualified
WC013,2019,321357013.0,315385755.0,5971258.0,2.720235757001771,0.989864816089096,0.0,0.0746553153613421,0.0487975622107599,0.0,not_at_risk,unqualified,Bergrivier,not_at_risk,unqualified
WC013,2020,364063028.0,354278485.0,9784543.0,3.4496165241307275,0.8629411358219157,0.0,0.0634281841867987,4.516221186844016e-06,0.0,not_at_risk,unqualified,Bergrivier,not_at_risk,unqualified
WC013,2021,405190100.0,386791679.0,18398421.0,4.397559534883376,0.8794150527273271,175.27506554330915,0.0575467498617001,0.0002449639047172,0.0,not_at_risk,unqualified,Bergrivier,not_at_risk,unqualified
WC014,2018,1020057917.0,950967560.0,69090357.0,8.036704364552666,0.9514748563357102,0.0,0.0,0.0466735973622486,0.0,not_at_risk,unqualified_emphasis_of_matter,Saldanha Bay,not_at_risk,unqualified
WC014,2019,1071307010.0,1082503443.0,-11196433.0,6.653937266045259,0.99565915793973,0.0,0.0502820470013045,0.0192419277136654,0.0,not_at_risk,unqualified,Saldanha Bay,not_at_risk,unqualified
WC014,2020,1125135318.0,1058076732.0,67058586.0,7.523692298716951,0.9918097027922468,169.82706609872858,0.0493024422731564,0.0011127756280723,0.0,not_at_risk,unqualified,Saldanha Bay,not_at_risk,unqualified
WC014,2021,1142643207.0,1117373608.0,25269599.0,7.140917786918053,0.9974432226475884,172.27657319805866,0.0444758535947092,0.0003830052875206,0.0,not_at_risk,unqualified,Saldanha Bay,not_at_risk,unqualified
WC015,2018,112367396.0,38786686.0,73580710.0,7.842139748675614,-10.324068393118631,0.0,0.0,0.0,0.0,not_at_risk,unqualified_emphasis_of_matter,Swartland,not_at_risk,unqualified_emphasis_of_matter
WC015,2019,755817061.0,692426093.0,63390968.0,9.10410897528092,0.9914355738404156,0.0,0.0768324208718113,0.0130747816864839,0.0,not_at_risk,unqualified_emphasis_of_matter,Swartland,not_at_risk,unqualified
WC015,2020,812507080.0,746094720.0,66412360.0,10.138646658697706,0.9650372127120754,164.48361593353746,0.0712072174964594,0.0440434426342006,0.0,not_at_risk,unqualified,Swartland,not_at_risk,unqualified
WC015,2021,847176825.0,780448722.0,66728103.0,9.843629388376396,1.0007617669299178,65.45865890512292,0.0644331262035175,0.019741213696292,0.0,not_at_risk,unqualified,Swartland,not_at_risk,unqualified
WC022,2018,27100523.0,39314865.0,-12214342.0,1.4196651571867285,1.0,0.0,0.0,0.0,0.0,not_at_risk,unqualified,Witzenberg,not_at_risk,unqualified
WC022,2019,536858323.0,558668966.0,-21810643.0,-0.0694697474926502,1.0,0.0,0.0326926178319344,0.049536236455275,0.0,not_at_risk,unqualified,Witzenberg,not_at_risk,unqualified
WC022,2020,606261417.0,600357673.0,5903744.0,0.7220237859773302,1.0,276.3973011662063,0.0241023454030211,0.0,0.0,not_at_risk,unqualified,Witzenberg,not_at_risk,unqualified
WC022,2021,623555063.0,646096183.0,-22541120.0,-0.2802527127760481,0.9289644232754476,320.3304363755924,0.0315008810383267,0.0,0.0,not_at_risk,unqualified,Witzenberg,not_at_risk,unqualified
WC023,2018,1886807497.0,2035223806.0,-148416309.0,-0.3548343223339831,0.9170753862647012,0.0,0.0,0.0235103214982735,0.0,not_at_risk,unqualified_emphasis_of_matter,Drakenstein,not_at_risk,unqualified
WC023,2019,1979252370.0,2266875911.0,-287623541.0,0.3486044772743628,0.9526783282904993,0.0,0.1165225452872175,0.0042736829806119,0.0,not_at_risk,unqualified,Drakenstein,not_at_risk,unqualified
WC023,2020,2229357305.0,2325997977.0,-96640672.0,0.4000835517493659,0.9187032786624972,121.13062987227164,0.1082585292377492,0.002108556863977,0.0,not_at_risk,unqualified,Drakenstein,not_at_risk,unqualified
WC023,2021,2401569571.0,2476200525.0,-74630954.0,0.672360652213334,0.9109603189815434,109.08743757979602,0.1009631241395524,0.0012571909942552,0.0,not_at_risk,unqualified,Drakenstein,not_at_risk,unqualified
WC024,2018,126954501.0,695590935.0,-568636434.0,-0.0517295067969797,1.0,0.0,0.0,0.042086643926721,0.0,not_at_risk,unqualified_emphasis_of_matter,Stellenbosch,not_at_risk,unqualified_emphasis_of_matter
WC024,2019,1518361672.0,1526075768.0,-7714096.0,0.3032829363423848,1.0,0.0,0.0048490017043505,0.034700915977063,0.0,not_at_risk,unqualified_emphasis_of_matter,Stellenbosch,not_at_risk,unqualified
WC024,2020,1617512496.0,1659810244.0,-42297748.0,3.0020954684504284,1.0,123.11413446106694,0.0298879713384875,0.0185453349931246,0.0,not_at_risk,unqualified,Stellenbosch,not_at_risk,unqualified
WC024,2021,1736284353.0,1812983689.0,-76699336.0,2.2112723442157782,1.0,0.0,0.0365705490911341,0.0495427634263729,0.0,not_at_risk,unqualified,Stellenbosch,not_at_risk,unqualified
WC025,2018,927754346.0,957193449.0,-29439103.0,1.6657771839807065,0.8227432336492163,0.0,0.0,0.0,0.0,not_at_risk,unqualified,Breede Valley,not_at_risk,unqualified_emphasis_of_matter
WC025,2019,951038510.0,1058073292.0,-107034782.0,-0.1200359303653985,0.9894945745291586,0.0,0.0479524758668608,0.0,0.0,not_at_risk,unqualified_emphasis_of_matter,Breede Valley,not_at_risk,unqualified
WC025,2020,1010668092.0,1009381939.0,1286153.0,1.7442694781563752,0.8820198183602018,141.3845906099903,0.0397579126883902,0.0,0.0,not_at_risk,unqualified,Breede Valley,not_at_risk,unqualified
WC025,2021,1070848467.0,1071446976.0,-598509.0,1.0006764795797043,0.9030423737372322,140.9547589145496,0.0434164098102788,0.0,0.0,not_at_risk,unqualified,Breede Valley,not_at_risk,unqualified
WC026,2018,1276350.0,1231854.0,44496.0,0.0,,0.0,0.0,0.6790642397556853,0.0,not_at_risk,unqualified_emphasis_of_matter,Langeberg,not_at_risk,unqualified
WC026,2019,649389305.0,647278589.0,2110716.0,-0.6987663730678415,0.9983208717727932,0.0,0.0483572877767473,0.01743116981118,0.0,not_at_risk,unqualified,Langeberg,not_at_risk,unqualified
WC026,2020,730239841.0,682763120.0,47476721.0,2.1653885757625573,0.9871231681344316,101.83859200035074,0.0295535719621176,0.0039572172556713,0.0,not_at_risk,unqualified,Langeberg,not_at_risk,unqualified
WC026,2021,777431658.0,771288725.0,6142933.0,3.859330597630609,0.9892880289544908,138.16183094643156,0.0290120888257506,0.0014218488672967,0.0,not_at_risk,unqualified,Langeberg,not_at_risk,unqualified
WC031,2018,476571896.0,458488406.0,18083490.0,1.6724670067229574,0.7273019680408759,0.0,0.0,0.0411196090310733,0.0,not_at_risk,unqualified_emphasis_of_matter,Theewaterskloof,not_at_risk,unqualified
WC031,2019,525549220.0,509392239.0,16156981.0,3.3969974795787965,0.9227291028707516,0.0,0.184464378932165,0.198836513879435,0.0,not_at_risk,unqualified,Theewaterskloof,not_at_risk,unqualified
WC031,2020,541897285.0,512459764.0,29437521.0,3.259306570652052,0.8034217815602734,160.4257829230497,0.176203751676395,0.0018976084920493,0.0,not_at_risk,unqualified,Theewaterskloof,not_at_risk,unqualified
WC031,2021,563971242.0,549625015.0,14346227.0,3.582587855831125,0.8323424319150245,166.5095804743179,0.2011058776136672,0.0081459374624715,0.0,not_at_risk,unqualified,Theewaterskloof,not_at_risk,unqualified
WC032,2020,1300468597.0,1199611764.0,100856833.0,1.2066464463247797,0.975062720035562,0.0,0.1582307657329709,0.0068364526308529,0.0,not_at_risk,unqualified,Overstrand,not_at_risk,unqualified
WC032,2021,1290645806.0,1320935452.0,-30289646.0,-0.3732856796699859,0.9904525355794904,0.0,0.1601276827567498,0.0010983958359231,0.0,not_at_risk,unqualified,Overstrand,not_at_risk,unqualified
WC033,2018,287997301.0,286035345.0,1961956.0,2.005140798246454,1.0,0.0,0.0,0.0008764930781543,0.0,not_at_risk,unqualified,Cape Agulhas,not_at_risk,unqualified
WC033,2019,330731909.0,305510275.0,25221634.0,3.2912292327974897,1.0,0.0,0.1945560063405396,0.0195759602520733,0.0,not_at_risk,unqualified,Cape Agulhas,not_at_risk,unqualified
WC033,2020,342320871.0,334735573.0,7585298.0,2.6201632415088434,1.0,0.0,0.1784536506372449,0.0150508831638279,0.0,not_at_risk,unqualified,Cape Agulhas,not_at_risk,unqualified
WC033,2021,354228664.0,353430792.0,797872.0,3.7131161339219134,0.999933177966884,125.27062910131971,0.1935094098988409,0.011742861951881,0.0,not_at_risk,unqualified,Cape Agulhas,not_at_risk,unqualified
WC034,2018,29279052.0,44013914.0,-14734862.0,3.346006446961295,289.59746787424723,0.0,0.0,0.1056908958380752,0.0,not_at_risk,unqualified,Swellendam,not_at_risk,unqualified_emphasis_of_matter
WC034,2019,247771610.0,247046751.0,724859.0,0.4628346478436383,0.99887195792919,0.0,0.0631309860861112,0.1441809732604012,0.0,not_at_risk,unqualified_emphasis_of_matter,Swellendam,not_at_risk,unqualified
WC034,2020,255869755.0,262600954.0,-6731199.0,4.062530222186474,0.82614010498848,95.53909468510648,0.0443608517888324,0.0768380224544043,0.0,not_at_risk,unqualified,Swellendam,not_at_risk,unqualified
WC034,2021,294732528.0,305285773.0,-10553245.0,4.315256210776648,0.8077305763880099,103.45738487677208,0.0812294878870755,0.0649756449672484,0.0,not_at_risk,unqualified,Swellendam,not_at_risk,unqualified
WC041,2018,76445507.0,-3222654.0,79668161.0,-149.4656466378333,1.1457022578721323,0.0,-0.0,-9.48679659684223,0.0,not_at_risk,unqualified_emphasis_of_matter,Kannaland,at_risk,outstanding
WC041,2019,137212834.0,172271847.0,-35059013.0,0.69800619250341,0.9052084822834466,0.0,0.1421393014959664,0.0722526472941339,0.0,at_risk,outstanding,Kannaland,at_risk,qualified
WC041,2020,156810304.0,167396662.0,-10586358.0,2.2119651824359554,0.789195181273459,0.0,0.1371847426682857,0.1072810460222916,0.0,at_risk,qualified,Kannaland,at_risk,outstanding
WC041,2021,157387296.0,182032940.0,-24645644.0,3.633754440267789,0.8060375439921832,286.26089779825685,0.1627772424045889,0.1178880426806269,0.0,at_risk,outstanding,Kannaland,at_risk,disclaimer
WC042,2018,424793654.0,405357851.0,19435803.0,6.508628288539057,0.9954202368406192,0.0,0.0,0.0041631166038523,0.0,not_at_risk,unqualified,Hessequa,not_at_risk,unqualified
WC042,2019,468598120.0,438263664.0,30334456.0,7.050790329722612,0.9961439442121977,0.0,0.1613967066181421,0.0133684571212821,0.0,not_at_risk,unqualified,Hessequa,not_at_risk,unqualified
WC042,2020,535915452.0,473998771.0,61916681.0,6.471714299022939,0.9630879772787122,99.462841444624,0.1614205430081167,0.0002460786971112,0.0,not_at_risk,unqualified,Hessequa,not_at_risk,unqualified
WC042,2021,532122483.0,499365596.0,32756887.0,8.378692880556393,0.9952335748610296,101.66253483598813,0.1647545258604479,0.0002428601428921,0.0,not_at_risk,unqualified,Hessequa,not_at_risk,unqualified
WC043,2018,3556307.0,1658600.0,1897707.0,0.0,,0.0,0.0,13.500805498613287,0.0,not_at_risk,unqualified_emphasis_of_matter,Mossel Bay,not_at_risk,unqualified_emphasis_of_matter
WC043,2019,990127342.0,977352569.0,12774773.0,2.7788868235941577,1.0116892549110472,0.0,0.1000708261298896,0.0219723021979389,0.0,not_at_risk,unqualified_emphasis_of_matter,Mossel Bay,not_at_risk,unqualified
WC043,2020,1127061644.0,1078404459.0,48657185.0,5.94006796479687,0.9990332036108538,78.31119214717948,0.1024746328501596,0.0403856416176038,0.0,not_at_risk,unqualified,Mossel Bay,not_at_risk,unqualified
WC043,2021,1246960405.0,1227697601.0,19262804.0,5.410679576623201,0.9599449833857568,89.0782930753924,0.09798790345604,0.0351208033353483,0.0,not_at_risk,unqualified,Mossel Bay,not_at_risk,unqualified
WC044,2020,2100151039.0,2023909091.0,76241948.0,1.4046198382336337,0.9162200208734532,97.45020538972769,0.0358672325366811,0.0017430471633767,0.0,not_at_risk,unqualified_emphasis_of_matter,George,not_at_risk,unqualified
WC044,2021,2221131104.0,2224086033.0,-2954929.0,-0.7007908529049245,0.946785653046984,114.62578845593438,0.0297798479992522,0.0024875503545774,0.0,not_at_risk,unqualified,George,not_at_risk,unqualified
WC045,2018,3317188.0,-3017032.0,6334220.0,-23.06041831840033,-7.950269546496771,0.0,-0.0,-15.716318885580266,0.0,at_risk,qualified,Oudtshoorn,not_at_risk,unqualified_emphasis_of_matter
WC045,2019,611393743.0,575417004.0,35976739.0,2.664056976668698,0.9987313656063754,0.0,0.0296142273890814,0.2955508332527483,0.0,not_at_risk,unqualified_emphasis_of_matter,Oudtshoorn,not_at_risk,unqualified_emphasis_of_matter
WC045,2020,600780026.0,607987512.0,-7207486.0,3.5244677722920077,0.9697909976813096,65.33186224803019,0.0216302551293191,0.043862094983293,0.0,not_at_risk,unqualified_emphasis_of_matter,Oudtshoorn,not_at_risk,unqualified_emphasis_of_matter
WC045,2021,586560951.0,573676278.0,12884673.0,2.4257629422145985,1.0,138.92690723116343,0.02688254088833,0.0429068360396802,0.0,not_at_risk,unqualified_emphasis_of_matter,Oudtshoorn,not_at_risk,unqualified_emphasis_of_matter
WC047,2018,66038780.0,91794542.0,-25755762.0,1.5025607078033028,-30.823589455309328,0.0,0.0,0.1820827974717712,0.0,not_at_risk,unqualified_emphasis_of_matter,Bitou,not_at_risk,unqualified_emphasis_of_matter
WC047,2019,714102705.0,851576209.0,-137473504.0,-0.7151788901138736,0.9640052965845524,0.0,0.0443487448344156,0.0567618205970805,0.0,not_at_risk,unqualified_emphasis_of_matter,Bitou,not_at_risk,unqualified_emphasis_of_matter
WC047,2020,663994923.0,649042232.0,14952691.0,2.324348798307473,0.95274898837876,0.0,0.0687184482010717,0.1826798752904572,0.0,not_at_risk,unqualified_emphasis_of_matter,Bitou,not_at_risk,unqualified_emphasis_of_matter
WC047,2021,736841590.0,763556285.0,-26714695.0,1.1545686851362895,0.9839793543126354,0.0,0.0473283027196875,0.0577299262227931,0.0,not_at_risk,unqualified_emphasis_of_matter,Bitou,not_at_risk,unqualified_emphasis_of_matter
WC048,2018,84061344.0,110376588.0,-26315244.0,0.0,92.31396880830395,0.0,0.0,0.1679225942371039,0.0,not_at_risk,unqualified_emphasis_of_matter,Knysna,not_at_risk,unqualified_emphasis_of_matter
WC048,2019,892279831.0,907828055.0,-15548224.0,0.6820552995578,1.0060326667004404,0.0,0.0673929216695115,0.1341217418093561,0.0,not_at_risk,unqualified_emphasis_of_matter,Knysna,not_at_risk,unqualified_emphasis_of_matter
WC048,2020,810126743.0,896732037.0,-86605294.0,0.2457630227389768,0.845586873147362,52.47223574250035,0.0698347281195664,0.0987407267127671,0.0,not_at_risk,unqualified_emphasis_of_matter,Knysna,not_at_risk,unqualified_emphasis_of_matter
WC048,2021,956771048.0,953878166.0,2892882.0,0.5325253413966915,0.7713015332819665,229.30095091046277,0.0480593765891901,0.0709734695824875,0.0,not_at_risk,unqualified_emphasis_of_matter,Knysna,not_at_risk,unqualified_emphasis_of_matter
WC051,2018,74807339.0,74147131.0,660208.0,3.5328238930782097,0.1085918770107815,0.0,0.0,0.1932147044232905,0.0,at_risk,qualified,Laingsburg,at_risk,qualified
WC051,2019,77432693.0,87894007.0,-10461314.0,1.30315110107564,1.0,0.0,0.0154730686018217,0.2688684906582994,0.0,at_risk,qualified,Laingsburg,at_risk,qualified
WC051,2020,77033033.0,89174037.0,-12141004.0,1.6271858141849067,-0.1806854856229199,0.0,0.0116239214335446,0.1610990988329932,0.0,at_risk,qualified,Laingsburg,at_risk,outstanding
WC051,2021,76668808.0,93521471.0,-16852663.0,1.2339429519879983,1.0,0.0,0.0285032621011703,0.148207014408488,0.0,at_risk,outstanding,Laingsburg,at_risk,adverse
WC052,2018,63327652.0,51530642.0,11797010.0,5.918173734377304,1.0,0.0,0.0,0.0149835897639311,0.0,not_at_risk,unqualified_emphasis_of_matter,Prince Albert,not_at_risk,unqualified
WC052,2019,56040893.0,59179663.0,-3138770.0,6.683634545198408,1.0,0.0,0.1117680916837934,0.1422079574870171,0.0,not_at_risk,unqualified,Prince Albert,not_at_risk,unqualified
WC052,2020,68257086.0,69114598.0,-857512.0,9.02274110022314,1.0,0.0,0.1850632770807695,0.0506564474266348,0.0,not_at_risk,unqualified,Prince Albert,not_at_risk,unqualified_emphasis_of_matter
WC052,2021,77988248.0,71519931.0,6468317.0,8.714258574997785,0.7281980648166219,213.0198290260348,0.2053944515131034,0.0117826595777895,0.0,not_at_risk,unqualified_emphasis_of_matter,Prince Albert,not_at_risk,unqualified
WC053,2018,128184083.0,80814293.0,47369790.0,0.3244361241890713,0.9198429166700032,0.0,0.0,0.6462432579840797,0.0,at_risk,qualified,Beaufort West,at_risk,qualified
WC053,2019,-1461954.0,33388015.0,-34849969.0,-0.1041222726178839,1.0,-0.0,0.0137488856405509,2.0508173966017447,-0.0,at_risk,qualified,Beaufort West,at_risk,disclaimer
WC053,2020,293573473.0,336781231.0,-43207758.0,0.100144119967303,0.7044287203356122,0.0,0.0166136960286839,0.224464688176165,0.0,at_risk,disclaimer,Beaufort West,at_risk,outstanding
WC053,2021,302786848.0,354148820.0,-51361972.0,0.2177273836462309,0.6324186019140147,363.30393960836767,0.0083415751604085,0.065713984307501,0.0,at_risk,outstanding,Beaufort West,at_risk,qualified
