num__total_revenue,num__total_expenditure,num__operating_surplus,num__cash_coverage_ratio,num__collection_rate,num__debtor_days,num__repairs_maintenance_ratio,num__irregular_expenditure_ratio,num__grant_dependency,cat__prior_audit_outcome_at_risk,cat__prior_audit_outcome_not_at_risk
0.7316079947264827,0.8370896399210995,-0.6444922931238648,0.18247224654456196,-0.033964541812220514,-0.466103101007771,-0.6003291896423625,-0.07901952224796764,-0.23292250835671402,1.0,0.0
0.8209801841220593,0.9749641529462569,-0.9613327784107277,0.007372095981855751,-0.033964541812220514,-0.466103101007771,0.4935871094025986,-0.08375255409005077,-0.23292250835671402,1.0,0.0
0.9368259459322064,1.1450452999576746,-1.3143046695871863,0.014316954876492068,-0.033964541812220514,-0.466103101007771,-0.5994073976824829,-0.077918110650494,0.04100655244131271,1.0,0.0
1.1513127583390559,1.2247680887554142,-0.3955712560781185,-0.03631449507772741,-0.033964541812220514,0.7011969998064614,0.3043548359014677,-0.07821538360504757,-0.08834916382930966,1.0,0.0
6.3008847066080484,5.708211437791543,4.484875184441968,0.08930904902798861,-0.033964541812220514,-0.466103101007771,-0.6003291896423625,-0.08743878259058006,-0.23292250835671402,0.0,1.0
6.89716388568155,6.207421582890782,5.183275016415612,0.19495573995518642,-0.033964541812220514,-0.466103101007771,-0.03688999386211717,-0.08164026657460674,-0.23292250835671402,0.0,1.0
7.265005492341312,6.966933089460722,2.595345905907871,0.17860145628291244,-0.033964541812220514,-0.466103101007771,-0.03868287142993214,-0.08457548283236269,-0.09584607730283387,0.0,1.0
7.427714565488542,7.494141956234779,0.17204206288126342,0.11494581184552738,-0.033964541812220514,-0.466103101007771,0.029704155525667807,-0.08426806938160832,-0.13073593130816968,0.0,1.0
-0.17839330041818843,-0.19329461244802532,0.0848223827990048,-0.08074004781116013,-0.033993478872476196,-0.466103101007771,-0.6003291896423625,-0.08860949499348236,-0.23292250835671402,0.0,1.0
-0.17600401634196952,-0.19061192305978691,0.08305906387321592,0.9747941327128276,-0.03397438310367767,-0.466103101007771,-0.13985643659300737,-0.0856384006696439,-0.23292250835671402,0.0,1.0
-0.1645374717077134,-0.18744870059671442,0.13952064744982715,-0.13189946769611607,-0.033985408712537385,-0.40942797460954705,-0.15526819349914808,-0.08029077791522327,-0.02120283887284494,0.0,1.0
-0.1596019397709046,-0.17855225720342688,0.11345005967780694,-0.2465929205503315,-0.033989870572720265,-0.44142274002300247,-0.0857915250821024,-0.08330132029144718,-0.07819222841087523,0.0,1.0
-0.2195516675764883,-0.2343364408845014,0.08062918548174845,2.576386345081144,-0.033964541812220514,-0.466103101007771,-0.6003291896423625,-0.08867984013888808,-0.23292250835671402,0.0,1.0
-0.21932195009458869,-0.2326991135192416,0.07123790711879464,2.490429759957353,-0.033964541812220514,-0.466103101007771,-0.46750803872033825,-0.08584407919467527,-0.23292250835671402,0.0,1.0
-0.2191338705198345,-0.23347717535608142,0.07771248041238137,7.270108755512642,-0.033964541812220514,-0.36550477575771884,-0.5518230431121824,-0.07567747456100309,0.48599875607578685,0.0,1.0
-0.21965091860495778,-0.23182739606778727,0.0631836398466869,6.21773215325514,-0.033964541812220514,-0.4367006684313729,-0.545859350969124,-0.08518603853744088,0.3960243481443116,0.0,1.0
-0.005594021640897073,0.02804880951798059,-0.2253773801743987,-0.21797294929996883,-0.033964541812220514,-0.466103101007771,-0.6003291896423625,-0.0655381405551541,-0.23292250835671402,1.0,0.0
0.01452604615779041,0.05145979862965816,-0.24570930282834846,-0.06821833229758623,-0.0371960970092216,-0.466103101007771,-0.4346233690752589,-0.07107383200532882,0.6699219205335945,1.0,0.0
0.02902737960986339,0.07651554687616154,-0.3150661359525631,-0.15426334560223648,-0.037794877289788746,1.5009015773319068,-0.4000155270692729,-0.0831517589342237,0.5693615317205856,1.0,0.0
-0.0669269138600951,-0.04937623366696405,-0.12288365600039303,-0.14810979614447473,-0.033964541812220514,-0.466103101007771,-0.6003291896423625,-0.02877871140235622,-0.23292250835671402,1.0,0.0
-0.06677033291938383,-0.03871665628070262,-0.19308664173296855,0.20499315041094013,-0.033964541812220514,-0.466103101007771,0.6237658735250996,-0.06571801529804212,-0.23292250835671402,1.0,0.0
-0.04877616898268037,-0.029629975690150412,-0.13204457485706478,-0.17927997812566143,-0.033964541812220514,2.9149351833796193,0.043570529371272475,-0.08348888789224033,0.8418847153304692,1.0,0.0
-0.034928334844897865,-0.01698067451828527,-0.1228833074844253,-0.048390964032528856,-0.033964541812220514,3.299156927245482,0.031450634208680966,-0.07665921318252644,0.6956769737390147,1.0,0.0
-0.1728234979351704,-0.15228772977134655,-0.15162409808506666,-0.17381536658281224,-0.03506831671553227,-0.466103101007771,-0.6003291896423625,-0.055700380234164744,-0.23292250835671402,0.0,1.0
-0.14280605603331684,-0.14284068682184645,-0.011614283049459039,-0.2134162846724559,-0.033964541812220514,-0.466103101007771,1.9485624292789523,-0.08471760745656395,-0.23292250835671402,0.0,1.0
-0.15494828287108167,-0.13485054653989434,-0.14721295773965232,-0.052941767980390145,-0.035621876363702835,-0.466103101007771,1.6825089109421667,-0.031931382676725156,0.8561760248116848,0.0,1.0
-0.1253862341197239,-0.14349733053669442,0.11067779418674775,-0.21375163160852126,-0.03560466049779077,1.6065328959038447,0.5262996187209417,-0.06342375690430462,0.5234271983477659,0.0,1.0
0.019473453830860504,0.00848607038446573,0.07506958834531306,-0.2908161143485403,-0.033964541812220514,-0.466103101007771,-0.6003291896423625,0.18996619862967015,-0.23292250835671402,1.0,0.0
-0.03936130909104059,0.03875898638771745,-0.5255248147359747,0.0005101648770984789,-0.033964541812220514,-0.466103101007771,1.1235487142968872,0.09180926643339979,-0.23292250835671402,1.0,0.0
-0.03183070253129881,0.04718017323221222,-0.5308539700113274,0.03711657498497512,-0.03485820104865355,-0.28197687537396565,0.11956033032412781,0.03553136844551398,1.5384654731018288,1.0,0.0
0.014879528830147027,0.059515239291171786,-0.29717009523568916,0.08488644541707681,-0.03417378752598336,-0.27966864682048925,0.3430978700523829,-0.04644673150226912,0.836363341692703,1.0,0.0
-0.22896695827746058,-0.24239988319110545,0.07081063489720141,-0.2018285970736851,-0.033964541812220514,-0.466103101007771,-0.6003291896423625,-0.08064472125325345,-0.23292250835671402,0.0,1.0
-0.22696689429762268,-0.2418710617351341,0.08081227930022986,-0.0630064471188926,-0.033964541812220514,-0.466103101007771,-0.6003291896423625,-0.07755709532587328,-0.23292250835671402,0.0,1.0
-0.22714376313079132,-0.24085609717970344,0.07282981109166432,-0.00991000687085504,-0.033964541812220514,-0.466103101007771,-0.6003291896423625,-0.07002301407453251,0.8177327969282814,0.0,1.0
-0.22807036011665036,-0.24063861254112912,0.06510438892541617,-0.0800933456951919,-0.033964541812220514,-0.18202511746351735,-0.49368227932094016,-0.07336890805647112,0.33520476307297503,0.0,1.0
-0.2169859869173637,-0.2322690438861694,0.08417319900270327,-0.05235087733778249,-0.033964541812220514,-0.466103101007771,-0.6003291896423625,-0.07396863186734645,-0.23292250835671402,0.0,1.0
-0.21568248643234736,-0.23024670418901197,0.07947564895114308,0.10741646932934128,-0.033964541812220514,-0.466103101007771,-0.24144204230950791,-0.08818807190734408,-0.23292250835671402,0.0,1.0
-0.21352970733340548,-0.22618527184683235,0.06689424996795236,-0.17085503429028923,-0.033964541812220514,-0.09334098776481944,-0.2841546347896032,-0.08721060017263896,0.44306138540616563,0.0,1.0
-0.21304874142557922,-0.2252001802306631,0.06356390060616827,0.8406886612826805,-0.033964541812220514,-0.466103101007771,-0.3078531769320579,-0.06844462620467325,0.4810779755575245,0.0,1.0
-0.21807905758758628,-0.23294904749861017,0.08132103980668715,-0.21908128982745265,-0.033964541812220514,-0.466103101007771,-0.6003291896423625,-0.05188089689726756,-0.23292250835671402,1.0,0.0
-0.21699494538846445,-0.23169369027259892,0.08026613806913864,-0.13509228770765808,-0.033964541812220514,-0.466103101007771,-0.3108649750483125,-0.046368168197608445,-0.23292250835671402,0.0,1.0
-0.19887158873382346,-0.22100244319667584,0.13145556424724164,0.20417733729270782,-0.033964541812220514,-0.44572449197823616,-0.43511186493456017,-0.04819319695877302,0.27363710814193953,1.0,0.0
-0.20870496622527404,-0.223787790875968,0.0835214932398271,-0.07548264105944485,-0.033964541812220514,-0.466103101007771,-0.5526429249058966,-0.05827294032743959,0.32911953779843717,0.0,1.0
-0.23908980825103462,-0.253227989302039,0.07468581020036291,-0.22543951685162658,-0.033964541812220514,-0.466103101007771,-0.6003291896423625,-0.12010085839678702,-0.23292250835671402,0.0,1.0
-0.16555390628242794,-0.18925837781629826,0.14473942103433424,-0.07120618769280064,-0.033964541812220514,-0.466103101007771,-0.3195551968675648,-0.08945977230229304,-0.23292250835671402,0.0,1.0
-0.1659463353175822,-0.18709215811769145,0.12760146341819686,2.431206684293618,-0.033964541812220514,-0.4658942387936741,-0.3760125612081611,-0.08957411036106529,0.26847455278144255,0.0,1.0
-0.16836891197927234,-0.1860350356277894,0.10413758053644569,2.568508623118136,-0.033964541812220514,-0.46596524097976194,-0.26586486381161706,-0.08837627498308318,0.17309251093129166,0.0,1.0
-0.2117854686216617,-0.22308048287037163,0.05794321053026762,0.5050287329686349,-0.033964541812220514,-0.466103101007771,-0.6003291896423625,-0.06396895050084811,-0.23292250835671402,1.0,0.0
-0.2104123824659927,-0.22571132501196414,0.08482468157213435,0.6076474396449749,-0.033964541812220514,-0.466103101007771,-0.3929489775248585,-0.03190456459204688,-0.23292250835671402,1.0,0.0
-0.20948654287926713,-0.22247853417299973,0.0694787548684966,0.6340694150834645,-0.033964541812220514,-0.466103101007771,0.044153646565160944,-0.006092235685810443,0.4025999165425084,1.0,0.0
-0.20814111969092364,-0.2202845533952751,0.06391747244251866,0.5066427775190928,-0.033964541812220514,-0.466103101007771,-0.20705492026816064,-0.04377377976298371,0.3550776165521367,1.0,0.0
-0.2291254236342696,-0.14225464143649325,-0.5997656718576987,-0.45225661168091863,-0.033964541812220514,-0.466103101007771,-0.6003291896423625,-0.025595152997001852,-0.23292250835671402,1.0,0.0
-0.034070344289321784,-0.003138447483780747,-0.2096160140824006,-0.23800955217456557,-0.033964541812220514,-0.466103101007771,1.7036506921863834,-0.020020821430787494,-0.23292250835671402,1.0,0.0
-0.05051560583682148,-0.021548338072159747,-0.19784596385271194,-0.1428825273422674,-0.033964541812220514,0.9169087031250798,0.6233264232376942,-0.04814466434461836,0.33696387050465265,1.0,0.0
-0.2342707928687387,-0.21018803248716872,-0.18043397362147423,-0.7667833388657953,-0.033964541812220514,-0.466103101007771,-0.6003291896423625,-0.08069447833264277,-0.23292250835671402,1.0,0.0
-0.23293572497536927,-0.21757381620483235,-0.12202147762525602,-0.592250617199321,-0.033964541812220514,-0.466103101007771,-0.3569213250904638,-0.07767558763629813,-0.23292250835671402,1.0,0.0
-0.08336293884139895,-0.0758682622997419,-0.057019347937093526,-0.10328933365601795,-0.03586735658258653,1.2174376689908044,-0.0823870488551749,-0.07697223494138754,2.78542366869097,0.0,1.0
-0.07166245398260077,-0.06578343901514273,-0.04524756228885326,-0.11802933494865127,-0.03598592992830125,1.4476757984070596,-0.23079433369026417,-0.08573226363018888,0.391381103306554,0.0,1.0
-0.13324311976161965,-0.12882315682805254,-0.0406014541489672,-0.21362359227926422,-0.03624163894931243,-0.466103101007771,-0.6003291896423625,0.08416096560548111,-0.23292250835671402,1.0,0.0
-0.1105140175657964,-0.10869501458609038,-0.021327799037459717,-0.00359341566757032,-0.033964541812220514,-0.466103101007771,-0.2538510110248937,0.00223853678910933,-0.23292250835671402,1.0,0.0
-0.11816348359154974,-0.10905671111790603,-0.07068345235464131,-0.15934657967141824,-0.03483747831074113,2.408054410712805,-0.2085633427911829,-0.03924031063239992,0.8840846211832326,1.0,0.0
-0.07274987052280812,-0.02212345048841396,-0.3444888350440369,-0.17696424763579105,-0.03888521414817209,0.8817220039222785,0.10116565617596951,-0.07022131713561379,0.4754116119063355,1.0,0.0
-0.17185030917570343,-0.16934918453592146,-0.03097586802349427,0.2170030220811419,-0.0384877876218827,-0.466103101007771,-0.6003291896423625,0.0831823978655349,-0.23292250835671402,1.0,0.0
-0.16324366240471735,-0.14665255260440352,-0.12445811388456338,-0.04619886842591276,-0.033964541812220514,-0.466103101007771,6.782750562483601,0.09089234894626444,-0.23292250835671402,1.0,0.0
-0.1609543897539559,-0.14155956361665012,-0.1430119808776096,-0.2205651231941203,-0.033964541812220514,0.871500632471604,6.851424328189033,0.05489957765898001,1.4192215976529599,1.0,0.0
-0.14089262863905855,-0.11978576279346745,-0.15279339899547234,-0.2045892550986956,-0.036843036670481,0.8517654386093836,3.764823015432759,0.03190491113713861,0.849195563485835,1.0,0.0
-0.19604577312618054,-0.24802002632044343,0.33120286973031415,15.660083295510645,-0.033964541812220514,-0.466103101007771,-0.6003291896423625,-0.05980714612251712,-0.23292250835671402,1.0,0.0
-0.23855164839248738,-0.24828220851734092,0.045264059979417695,-1.6026990437110746,-0.033964541812220514,-0.466103101007771,0.36181031062098196,0.2121817585944906,-0.23292250835671402,1.0,0.0
-0.19750962444217,-0.20636781585008335,0.04283643619980991,0.008108923401007214,-0.033964541812220514,-0.3016083372377787,0.10733070657329236,0.14161078456591758,0.6900865080828736,1.0,0.0
-0.16287635433257927,-0.13563144115083997,-0.19565181354568686,-0.19798206349078676,-0.033964541812220514,-0.466103101007771,-0.6003291896423625,-0.03308033532281359,-0.23292250835671402,1.0,0.0
-0.15487869420257447,-0.14098016802880878,-0.10576343331153096,-0.1982461990038065,-0.033964541812220514,-0.466103101007771,1.7729187088202891,-0.029951324871220816,-0.23292250835671402,1.0,0.0
-0.14575295780752034,-0.12781749613327467,-0.13199468813821919,-0.20147401104120738,-0.033964541812220514,-0.019646083953095028,1.62904966933512,-0.008895950054741789,2.002691832901921,1.0,0.0
-0.12231422499794944,-0.10903959878425472,-0.09889122597618145,-0.19142993471273623,-0.0345138469583906,-0.04601198589264573,1.3201722643171192,-0.08285875603533878,1.071530061026107,0.0,1.0
-0.2359543641744108,-0.22229276421426006,-0.11090475280285517,-0.5685875470863232,-0.033964541812220514,-0.466103101007771,-0.6003291896423625,0.31874066445991284,-0.23292250835671402,1.0,0.0
-0.1640975427253686,-0.13751512042074343,-0.1913241427745421,-0.14059047175635456,-0.033964541812220514,-0.466103101007771,2.7106112819206842,0.1413992559141597,-0.23292250835671402,1.0,0.0
-0.15479740279164766,-0.14224831156910037,-0.09673527516760488,-0.09278346489454109,-0.033964541812220514,-0.466103101007771,0.5262232719071852,0.14254471897053417,1.473130273216683,1.0,0.0
-0.13642242932765983,-0.15183099667655126,0.09169504606962714,0.19614028706320552,-0.033964541812220514,0.08435367577403245,1.8457160431057764,0.013554218765479688,0.8803582114550826,1.0,0.0
-0.11611686875000124,-0.09831769608288632,-0.12862522979453658,0.5027785177780059,-0.033964541812220514,-0.466103101007771,-0.6003291896423625,-0.08957411036106529,-0.23292250835671402,1.0,0.0
-0.1111802131467714,-0.09396310098933683,-0.12432446755932439,0.5333154556408122,-0.033964541812220514,-0.466103101007771,3.8593355880073186,-0.08722740997889232,-0.23292250835671402,0.0,1.0
-0.1205061009477971,-0.09015218017894477,-0.21292192435872206,0.5260991726294814,-0.033964541812220514,-0.2264462257882579,3.317270051592551,-0.04826573740194591,1.2731001182140211,0.0,1.0
-0.1044700636510204,-0.08687491673252212,-0.12629514513107343,0.20208523553398938,-0.033964541812220514,-0.2538355595150915,3.204663527470125,-0.07952957936285736,0.6732206604988387,0.0,1.0
-0.1356239862149665,-0.13478004979535366,-0.01689203818731185,-0.023101229595996003,-0.0349888432961392,-0.466103101007771,-0.6003291896423625,-0.06902364793414306,-0.23292250835671402,0.0,1.0
-0.11512175385874054,-0.10975070613854628,-0.045456595482425484,0.12153277340953089,-0.033964541812220514,-0.466103101007771,0.10822670320379699,0.06932963128840984,-0.23292250835671402,0.0,1.0
-0.07933562492595903,-0.05746833132164013,-0.15277093761877172,-0.04169731113001101,-0.035858219920997476,0.407623022977931,0.13636876485649008,-0.04806298938207308,0.7431277109673623,0.0,1.0
-0.05427603804391859,-0.0607014949363235,0.03845407348623721,0.03440363174670314,-0.03538398528113664,0.4941978850234574,0.41648266083703916,-0.0787829218668886,0.42720820817724803,0.0,1.0
-0.23939168567891866,-0.2508617077664092,0.05682325208089493,0.11493788182326505,-0.03459492087046854,-0.466103101007771,-0.6003291896423625,-0.07133291126443585,-0.23292250835671402,0.0,1.0
-0.20393868416248132,-0.2169087853933723,0.06979260901355278,-0.20269364373780516,-0.033964541812220514,-0.466103101007771,8.869796279810615,-0.0641347506205338,-0.23292250835671402,0.0,1.0
-0.2015173838814496,-0.21582712558448533,0.0789493922269774,-0.2372454888988593,-0.03393541876224015,-0.41351601255697074,8.78066970749327,-0.08157339618385205,0.15142315689892383,0.0,1.0
-0.19486719835401864,-0.20868286375503758,0.07619796488756365,0.08369097574612151,-0.03398232953989756,-0.4446212159987956,0.1615587675602624,-0.08121732673723096,-0.0008341937771816863,0.0,1.0
-0.1845426477890511,-0.1752308924970055,-0.07755999942991766,0.23933603230448067,-0.033964541812220514,-0.466103101007771,-0.6003291896423625,-0.08957411036106529,-0.23292250835671402,0.0,1.0
-0.18346092752516696,-0.17520518650471772,-0.07041046886808763,0.3706897178318362,-0.033964541812220514,-0.466103101007771,0.8632672767737161,-0.08957411036106529,-0.23292250835671402,0.0,1.0
-0.18173856415803405,-0.1632779342257999,-0.13849062593804645,0.19672402205472903,-0.033964541812220514,-0.466103101007771,0.7005801027184454,-0.08957411036106529,0.6108051569911082,0.0,1.0
-0.17919042853080305,-0.18983898885293982,0.0563252215694713,0.49694848916342005,-0.033964541812220514,-0.466103101007771,0.8121430826877649,-0.08957411036106529,0.4269077388446033,0.0,1.0
-0.17049313933518848,-0.18117459013222348,0.057266547682168566,1.2315941177896537,-0.033964541812220514,-0.466103101007771,-0.6003291896423625,-0.08692791886494641,-0.23292250835671402,0.0,1.0
-0.14366208934256416,-0.2077048411305316,0.41622997976288073,2.10415106007263,-0.033964541812220514,-0.466103101007771,0.5218907719298079,-0.0891797039505375,-0.23292250835671402,0.0,1.0
-0.16735928941180472,-0.1678415725874521,-0.0106582774919432,0.7262238346436164,-0.033964541812220514,-0.4658448459446626,0.35522993335166403,-0.08791808104618928,0.6155902962659882,0.0,1.0
-0.1682914990867485,-0.17276939747275552,0.015976392922218946,0.6424505066159222,-0.033964541812220514,-0.4658386473522404,0.3337317891521685,-0.08886630904580936,0.40143169682190216,0.0,1.0
-0.19643418292011264,-0.2118734545258765,0.08692232279479611,-0.19166208832362944,-0.033964541812220514,-0.466103101007771,-0.6003291896423625,-0.08741969383221035,-0.23292250835671402,0.0,1.0
-0.19415692672843166,-0.20909319180732566,0.08374845829606736,0.2756649684976065,-0.033964541812220514,-0.466103101007771,-0.024064867556156094,-0.0869231159369077,-0.23292250835671402,0.0,1.0
-0.1916018036312907,-0.20312722814272854,0.06115781917142839,0.19325639689137003,-0.033964541812220514,-0.36869186946665655,0.04746086619108584,-0.08812715103771461,0.6302573585913084,0.0,1.0
-0.1869639658808657,-0.20406858270506126,0.0988412585684768,0.18298907592221136,-0.033964541812220514,-0.3130719448363958,-0.0941302643242443,-0.08883860274265867,0.41097389072547064,0.0,1.0
-0.017444962647227804,0.017327305658066294,-0.23391107651492682,-0.028932768838698136,-0.03618565026474498,-0.466103101007771,0.8780416507785118,0.00033209764397421635,1.3053771666390834,1.0,0.0
0.05764984290603173,0.0125210335082088,0.30648295439765555,-0.19772567284946105,-0.03457930147658403,-0.466103101007771,0.7994698096271936,-0.028569000044688608,0.8113303370997802,1.0,0.0
0.026511711629070726,-0.005035491513045734,0.2131025480055794,-0.058987725856773345,-0.04175635772322975,-0.466103101007771,-0.6003291896423625,-0.08953768381864764,-0.23292250835671402,1.0,0.0
0.03666960405344804,-0.007574482824383424,0.2988279778117051,0.00841445743229667,-0.033964541812220514,-0.466103101007771,-0.6003291896423625,-0.07136191572587369,-0.23292250835671402,1.0,0.0
0.07684893363806473,0.08034651616458913,-0.017007845746613914,-0.029298969391453974,-0.040561385020498913,-0.1455050650053727,-0.5906742057634484,-0.0779565851665058,0.8051909038824121,1.0,0.0
0.21298509146682945,0.26761290483088745,-0.34753766824579724,-0.17813236872336696,-0.03766282630309569,-0.02038789149409915,-0.5296778273019189,-0.06640932689897863,0.3426167426158372,1.0,0.0
-0.12407960757779524,-0.12278758015445541,-0.01893006408272766,0.28880596635126154,-0.033964541812220514,-0.466103101007771,-0.6003291896423625,-0.08954434006584396,-0.23292250835671402,0.0,1.0
-0.12016252935890882,-0.11815626550363051,-0.023380046055325582,0.23900476911613233,-0.033964541812220514,-0.466103101007771,-0.1400854429400082,-0.08792705634774885,-0.23292250835671402,0.0,1.0
-0.11396438978920258,-0.12169895847336468,0.04225474992065447,0.4452946547591679,-0.033964541812220514,-0.466103101007771,0.07925680073360537,-0.08819555822931988,1.3744866329090977,0.0,1.0
-0.08982045772393392,-0.1057273035254023,0.09889184709344916,0.36111814283988636,-0.033964541812220514,0.011568321012842255,-0.30275188028149336,-0.08866698341493234,0.7182685843950479,0.0,1.0
-0.21590313381715057,-0.22798134150294652,0.06283755394235553,1.034304627359951,-0.033964541812220514,-0.466103101007771,-0.6003291896423625,-0.08886257571386605,-0.23292250835671402,1.0,0.0
-0.2144772441569131,-0.22471625075483387,0.05066016970765175,0.5542065190210697,-0.033964541812220514,-0.466103101007771,-0.5546219500767919,-0.029876514175143695,-0.23292250835671402,0.0,1.0
-0.21396162234517543,-0.2243867354080989,0.05194712340231186,0.37464222787738377,-0.033964541812220514,-0.46508296157148243,-0.47680015953964816,-0.07872165228868758,0.7019145991956367,0.0,1.0
-0.21244962530885772,-0.22315968271392989,0.053977490301272614,0.1519951429185599,-0.033964541812220514,-0.46459614618110195,-0.6003291896423625,-0.08691956941752636,0.43687655946191517,0.0,1.0
-0.23866560107598725,-0.2455370538445685,0.026140537669389455,-0.6841342602672603,-0.033964541812220514,-0.466103101007771,-0.6003291896423625,0.6058639663792641,-0.23292250835671402,1.0,0.0
-0.17216690254251305,-0.20007950527297938,0.17232360768643515,0.1346870820928915,-0.033964541812220514,-0.466103101007771,-0.43376088269666685,-0.05000905126832221,0.41552880346299775,1.0,0.0
-0.23270219228270086,-0.20406401798782814,-0.2107582930698294,-0.9772999798682097,-0.033964541812220514,-0.466103101007771,-0.6003291896423625,0.07729023328702424,-0.23292250835671402,1.0,0.0
-0.2373320712583435,-0.22289740285979184,-0.1161872499062551,-1.5435973456910617,-0.033964541812220514,-0.466103101007771,-5.536989025028923,2.7097009282921736,-0.23292250835671402,1.0,0.0
-0.09736826262250844,-0.06380569600548414,-0.23245348367344004,0.36286738254415096,-0.033964541812220514,-0.466103101007771,0.40680599921902266,0.15818929648300373,1.2366822665074095,1.0,0.0
-0.07216327732624071,-0.06324374678547522,-0.06561594902269992,0.5242795225720622,-0.033964541812220514,-0.4659630894928305,0.2776456327860847,0.005473146901320989,0.7864072931978274,1.0,0.0
-0.19498632639252853,-0.20361943134707527,0.04154096773489728,0.5605849278753953,-0.033964541812220514,-0.466103101007771,-0.21439932206078138,0.2679420477994208,-0.23292250835671402,1.0,0.0
-0.17153480420643785,-0.1495491409858427,-0.16121022432557766,0.04668126965132033,-0.033964541812220514,-0.466103101007771,-0.6185424240884982,0.10150568257095988,1.6764788421177321,1.0,0.0
-0.16824092228272905,-0.1505710554518042,-0.1320844823224647,0.03691856552790779,-0.033964541812220514,-0.4269323036599763,-0.4411573031236027,-0.042806577753758096,0.5638928637173886,1.0,0.0
-0.2036162264631496,-0.21794898461546902,0.0789291651718233,0.680668587924981,-0.033964541812220514,-0.466103101007771,-0.6003291896423625,-0.0020105331217258066,-0.23292250835671402,0.0,1.0
-0.19968879718155436,-0.21487256354986406,0.08494421538777625,0.7029044907590554,-0.033964541812220514,-0.466103101007771,-0.6003291896423625,0.13735910789624411,-0.23292250835671402,0.0,1.0
-0.17540036835089873,-0.18688396698488885,0.06222211293688789,0.4659451380778824,-0.033964541812220514,-0.3735275915210525,-0.2386139227075475,-0.04579925775868989,0.22684650148142396,0.0,1.0
-0.17229240948646035,-0.18214547752953378,0.05157928747578937,0.35955995267570257,-0.033964541812220514,-0.3686383558790944,-0.4460626031473748,-0.07041219626483626,0.08037559872135293,0.0,1.0
-0.20675093042238976,-0.21972582632860724,0.06959138639701061,-0.2547018522072561,-0.033964541812220514,-0.466103101007771,-0.6003291896423625,-0.0031407756896259967,-0.23292250835671402,1.0,0.0
-0.2061723406157341,-0.22265894066040345,0.09311627389568727,0.04380072997715243,-0.033964541812220514,-0.466103101007771,-0.4632246800550604,-0.051092842540403055,-0.23292250835671402,1.0,0.0
-0.20365218555206593,-0.22283995380101265,0.11138351634397743,0.3703323137547061,-0.033964541812220514,-0.466103101007771,-0.42365387968771634,0.013103831664130967,0.3894793943862626,0.0,1.0
-0.20234093455498586,-0.21817939107443995,0.08910103814122328,0.4693067437997943,-0.033964541812220514,-0.466103101007771,-0.35109716772487204,-0.04833294910605679,0.36434057806614667,0.0,1.0
-0.17705602328236414,-0.17304622004324446,-0.04149369441341596,-0.24085820736485597,-0.033964541812220514,-0.466103101007771,-0.6003291896423625,-0.08321304851770729,-0.23292250835671402,0.0,1.0
-0.17214846362093203,-0.17940810008658417,0.03425328759184806,-0.15408655708286592,-0.033964541812220514,-0.466103101007771,-0.025771078510587606,-0.08294369969871476,-0.23292250835671402,0.0,1.0
-0.17538758638084312,-0.17899334800061975,0.009557250377169828,-0.1722162164263773,-0.033964541812220514,-0.43904878194451763,-0.20129601833385105,-0.0784463358585304,0.5538892100155731,0.0,1.0
-0.17325072165726704,-0.18091695729876994,0.036880103763131236,-0.19301476953982416,-0.033964541812220514,-0.45155655871541445,-0.2200699541526772,-0.061114863976744045,0.33385848861349204,0.0,1.0
-0.17281593029223388,-0.163500892490221,-0.07660920967643932,-0.02717386228507342,-0.033964541812220514,-0.466103101007771,-0.6003291896423625,-0.0186521587771449,-0.23292250835671402,1.0,0.0
-0.1605893108511882,-0.15682567838716235,-0.03848204380734896,-0.07728519732616951,-0.033964541812220514,-0.466103101007771,0.6046551442083771,-0.011868076058407723,-0.23292250835671402,0.0,1.0
-0.1558273137806058,-0.15282850575899543,-0.03297393274385759,-0.12631839875960507,-0.034966700446137054,-0.1967888074253309,0.10837992675813495,-0.05612369107839848,1.3899153225061691,0.0,1.0
-0.14884079560128952,-0.1501470244997275,-0.003613816139546731,-0.1023403272278538,-0.03542529952001517,0.35300708871059244,0.5887932383404377,-0.053605642800405424,0.8844997198622895,0.0,1.0
-0.12202261716166839,-0.16288490739447667,0.2630559957234931,0.050854519120650324,-0.03398646750997488,-0.466103101007771,-0.6003291896423625,0.2830576364333916,-0.23292250835671402,0.0,1.0
-0.1312289723901651,-0.15008783778478316,0.11519221819403501,0.46373430312374586,-0.03465906539879909,-0.466103101007771,0.7126306556301075,0.02761887259765851,-0.23292250835671402,0.0,1.0
-0.12393832539420187,-0.1404614191941444,0.10018158056101621,1.047317691757399,-0.03430109835944999,-0.047794590398543356,0.7274299694042182,-0.04709343935821733,1.7157760591300188,0.0,1.0
-0.10705519633021764,-0.1303062468113262,0.14656063657848714,1.3357073624749778,-0.033974569384607925,-0.1132205565973318,1.5225777016618474,-0.052461825819906244,1.1437832210214611,0.0,1.0
-0.23912526616920887,-0.25290654915575667,0.07229688840284204,0.3888185594223285,-0.033964541812220514,-0.466103101007771,-0.6003291896423625,0.4551305916845968,-0.23292250835671402,0.0,1.0
-0.22039545129937824,-0.2351187201929932,0.08014801622058516,-0.19303629851299303,-0.033964541812220514,-0.466103101007771,-0.6003291896423625,-0.08957411036106529,-0.23292250835671402,0.0,1.0
-0.22033537305989673,-0.23372315216408449,0.07122481270550052,-0.11443217384229301,-0.033964541812220514,-0.36753178612823406,-0.6003291896423625,-0.08879835935836167,0.6790276895571022,0.0,1.0
-0.22007668290092444,-0.23365075047848946,0.07249167063526835,-0.07251924242726077,-0.033964541812220514,-0.35928494700941654,-0.6003291896423625,-0.0889304179108725,0.4385898775824716,0.0,1.0
-0.027306122138463743,-0.07965130705612962,0.3476796698782726,-0.19905822903364948,-0.033964541812220514,-0.466103101007771,-0.6003291896423625,-0.08128881583176305,-0.23292250835671402,0.0,1.0
-0.006402315879967853,-0.053338892940885084,0.31325532981147003,-0.25738388955526176,-0.033964541812220514,-0.466103101007771,1.4701200867125621,-0.06924585599095982,-0.23292250835671402,1.0,0.0
-0.06585715168530001,-0.06269537656374677,-0.026600371790614405,0.006306878743087577,-0.033964541812220514,0.10539999740832033,1.208104363203504,-0.04205182900791913,1.4562771539613988,1.0,0.0
-0.01521091241696339,-0.05482512348817814,0.2635722373877781,0.22536879956902575,-0.033964541812220514,1.082680021697762,0.9261457174566724,-0.0312537945764997,0.8430087694980819,1.0,0.0
-0.24313730513402287,-0.24060932233172727,-0.037068699364736786,-0.3463749345884848,-0.033964541812220514,-0.466103101007771,-0.6003291896423625,0.002545050602609462,-0.23292250835671402,0.0,1.0
-0.18674090681025368,-0.2083932209491061,0.12926260868159908,-0.21039624076954191,-0.03851598567013574,-0.466103101007771,-0.5547352962014608,-0.05040914908662526,-0.23292250835671402,0.0,1.0
-0.19580669175743912,-0.20416683535127925,0.039648082030368306,-0.21883068893491903,0.007862957941675193,-0.3426424808078871,-0.5940248663116525,-0.0353170574664704,0.47624025354726074,0.0,1.0
-0.22590399791511195,-0.2393847944432181,0.07138474572825021,-0.14173219703115084,-0.033964541812220514,-0.466103101007771,-0.6003291896423625,-0.0777378436523016,-0.23292250835671402,0.0,1.0
-0.23708297194143646,-0.2501802153720142,0.06789326860233393,-0.19113833903677524,-0.033964541812220514,-0.466103101007771,8.840142284067602,0.20766583466667732,-0.23292250835671402,0.0,1.0
-0.22346872780824747,-0.23661688206274756,0.06936292940597702,0.004194604837396625,-0.033964541812220514,-0.466103101007771,-0.5517069208583188,-0.08957411036106529,0.14709442619380764,0.0,1.0
-0.22152359263550567,-0.2362563229610591,0.08011768936365411,0.09448212802601873,-0.033964541812220514,-0.466103101007771,-0.272614295274998,-0.08957411036106529,0.02134662219737672,0.0,1.0
-0.23007711777665282,-0.2441290794183957,0.07485701031467187,-0.1357103444294752,-0.033964541812220514,-0.466103101007771,-0.6003291896423625,-0.08688040412888455,-0.23292250835671402,0.0,1.0
-0.22794835149261203,-0.2406036282183264,0.06569629555467986,-0.07639283526537387,-0.033964541812220514,-0.466103101007771,-0.4625108767270229,-0.07400164284435856,-0.23292250835671402,0.0,1.0
-0.2269442405688966,-0.2408332123569134,0.07402724273098525,-0.14104958717203328,-0.033964541812220514,-0.4253096926023904,-0.4613058834894228,-0.08807266916777352,0.604048797847397,0.0,1.0
-0.22777168862968503,-0.24084349600355554,0.06849559371064642,-0.12841229590045852,-0.033964541812220514,-0.4237421416590894,-0.43232710039281613,-0.08898380074336683,0.41696881411247005,0.0,1.0
-0.231366705042384,-0.24277982216686989,0.05710849807790197,-0.1473151974473803,-0.033964541812220514,-0.466103101007771,-0.6003291896423625,-0.07464040831964831,-0.23292250835671402,0.0,1.0
-0.2278197204315406,-0.24133884602055683,0.07148207836061947,0.02790188545147013,-0.033964541812220514,-0.466103101007771,-0.6003291896423625,-0.07498959144863858,-0.23292250835671402,0.0,1.0
-0.22708947022154746,-0.24196781649424373,0.08062948864289846,0.04264071839930657,-0.033964541812220514,-0.3537831208695537,-0.6003291896423625,-0.06499341117807308,0.6399479157921898,0.0,1.0
-0.2276543123962954,-0.23946606776244697,0.060081469379290924,-0.10995745964991259,-0.033964541812220514,-0.4325149788810596,-0.6003291896423625,-0.0749724071159676,0.608444756438203,0.0,1.0
-0.22781589199494295,-0.24128667259515682,0.0711591938326462,-0.21210970881565847,-0.033964541812220514,-0.466103101007771,-0.6003291896423625,-0.08640697919505692,-0.23292250835671402,0.0,1.0
-0.2253306591152075,-0.2407091169625644,0.08411879231820782,-0.21267824562446366,-0.033964541812220514,-0.466103101007771,-0.5993178868260662,-0.07785831334765228,-0.23292250835671402,0.0,1.0
-0.22520627865919135,-0.23888628957960284,0.07277443524632712,-0.22780324468759833,-0.033964541812220514,-0.4524904697629088,-0.4374561094726362,-0.07259847629866166,0.6228908396690281,0.0,1.0
-0.22482905597669722,-0.23853259862059112,0.07296304325580469,-0.18681398865299173,-0.033964541812220514,-0.4618643554075401,-0.5764089070847801,-0.078194533298132,0.43655845217003403,0.0,1.0
-0.21711770841378167,-0.23195733500718313,0.08119779525082726,-0.2653232056373712,-0.033964541812220514,-0.466103101007771,-0.6003291896423625,-0.07961155707718294,-0.23292250835671402,0.0,1.0
-0.21600925980781238,-0.23357068189611485,0.09948583646368434,0.7603464816010475,-0.033964541812220514,-0.466103101007771,0.04128155108890833,-0.07314455647901058,-0.23292250835671402,0.0,1.0
-0.21440505546679395,-0.23148755868993717,0.09641717604529447,0.947672853080911,-0.033964541812220514,-0.4572933818687291,0.17845381117237305,-0.08934464337784573,0.5588873293225826,0.0,1.0
-0.21535622216312175,-0.23025020253202602,0.08170728382146371,0.9587541962346757,-0.033964541812220514,-0.43245217863676155,0.13493517470354766,-0.08914917255767554,0.4278711300187691,0.0,1.0
-0.23558652777449535,-0.23117805432942692,-0.049014056706833495,-0.1265112090265834,-0.033964541812220514,-0.466103101007771,-0.6003291896423625,0.2967151472264757,-0.23292250835671402,1.0,0.0
-0.2365412516897567,-0.2315146938343468,-0.05322534820926339,0.017342855535708756,-0.033964541812220514,-0.466103101007771,-0.5322229200332897,0.02216139408373844,-0.23292250835671402,1.0,0.0
-0.23449623170682585,-0.23421705821077204,-0.02131789259043198,-0.2160488915801159,-0.033964541812220514,12.831858496867515,-0.005632023202841219,0.20838520123186752,4.872997985528015,1.0,0.0
-0.1694365897634371,-0.17414398794085015,0.017415688675400276,-0.21728439728718799,-0.033964541812220514,0.34728332103842274,0.40372800560170063,-0.06985374114105246,0.09951905215338078,1.0,0.0
-0.2397405629413175,-0.25354241901529595,0.07238338720151602,0.2966605387395529,-0.03396341374596733,-0.466103101007771,-0.6003291896423625,-1.2520005458970067,-0.23292250835671402,0.0,1.0
-0.20376868535386225,-0.20908932658016288,0.018667562805651697,-0.0719000391956832,-0.033964541812220514,-0.466103101007771,-0.45988781689053465,-0.06632483457328778,-0.23292250835671402,0.0,1.0
-0.20681741031573436,-0.20689217810148913,-0.016655713328952132,-0.31956440430193656,-0.033964541812220514,-0.466103101007771,-0.48254605732597156,-0.08176322571435295,0.24301288182688902,0.0,1.0
-0.19531154758471705,-0.19869177071160973,0.006396753614189353,-0.06434927326373359,-0.033964541812220514,0.25344506567547076,-0.48869974559609103,-0.08140223537411312,0.10333291744673935,0.0,1.0
-0.1681924162908223,-0.16247586995314284,-0.05216859289192764,-0.15960891234877012,-0.033964541812220514,-0.466103101007771,-0.6003291896423625,-0.03284480955998156,-0.23292250835671402,1.0,0.0
-0.144881176768351,-0.1557871225561064,0.06089188955257759,-0.05526338282230742,-0.033964541812220514,-0.466103101007771,0.4167843051185221,-0.057665743947447064,-0.23292250835671402,1.0,0.0
-0.15119821213101212,-0.1663873673664262,0.08900254896100224,-0.12684768322737422,-0.033964541812220514,-0.466103101007771,-0.22145044170660827,-0.05564211659688997,0.3745711054455891,1.0,0.0
-0.14745074352868714,-0.1478754795925908,-0.009391579497585218,-0.181632794854015,-0.033964541812220514,-0.466103101007771,-0.3133204953005134,-0.07664824702538182,0.13527116648323154,1.0,0.0
-0.1823738525640333,-0.19187548760025078,0.048393584176088564,0.0038347680295543023,-0.033964541812220514,-0.466103101007771,-0.6003291896423625,0.0016777225586092981,-0.23292250835671402,1.0,0.0
-0.17584122208319833,-0.18237074939574716,0.029065953250853937,-0.06879548808548093,-0.033964541812220514,-0.466103101007771,0.08573363168667103,0.004199115988565149,-0.23292250835671402,1.0,0.0
-0.17052759579360047,-0.17515729018080217,0.0168057141190154,-0.12907614730358868,-0.033964541812220514,-0.466103101007771,0.010481899716289697,-0.051205555347418115,0.19927686628055385,1.0,0.0
-0.16325964855224784,-0.16864635144574472,0.022469442336286307,-0.002393831337584724,-0.033964541812220514,-0.466103101007771,0.2141681338755959,0.06640805059012529,0.2635607210955786,1.0,0.0
-0.23543527208152135,-0.24076467536288385,0.01609938802658137,-0.4351203643049045,-0.04280470595203136,-0.466103101007771,-0.6003291896423625,0.2023690370891054,-0.23292250835671402,1.0,0.0
-0.2068835297611561,-0.21529636205271369,0.03908149651841708,-0.3034254266717651,-0.03356441391613738,-0.466103101007771,-0.23600489217264048,0.004164706461747957,-0.23292250835671402,1.0,0.0
-0.1892607423378963,-0.20555602173838966,0.09324005435452491,-0.22609451980331607,-0.032634248037366004,0.4228869027684681,-0.4910718786581554,-0.049961651996341,0.37929201825253106,1.0,0.0
-0.19738884599656117,-0.2092694256347179,0.0630521108753066,-0.19314440690621015,-0.034271556016641884,1.2046854227372392,-0.21847932284223104,-0.05306618499819847,0.21498671622091123,1.0,0.0
-0.23310766145609035,-0.24074019035390165,0.03168961368166226,-0.13200553190849945,-0.02301447419348384,-0.466103101007771,-0.6003291896423625,-0.07896859408892686,-0.23292250835671402,0.0,1.0
-0.09062383301273041,-0.10671216233527964,0.10003848372402233,-0.02535842197129553,-0.033964541812220514,-0.466103101007771,0.4956578375039188,-0.0867488663920502,-0.23292250835671402,0.0,1.0
-0.0945919980235976,-0.08822049675153658,-0.05044200659429848,-0.33385962095372407,-0.033964541812220514,-0.014774560126840678,0.6677089549831513,-0.08907320536598455,0.01275810703791267,0.0,1.0
-0.08268641353538568,-0.07817734061575199,-0.037003491072337594,-0.15189495532355615,-0.03396459599733815,-0.466103101007771,0.7578694885002126,-0.08848151106134243,-0.07233745141080848,0.0,1.0
-0.2355429825264821,-0.24725145312532404,0.058736609517884106,-0.22543951685162658,0.5864311389041323,-0.466103101007771,-0.6003291896423625,0.2651881698296365,-0.23292250835671402,0.0,1.0
-0.2168641692742943,-0.22770796942877974,0.05450541679885898,-0.01332163962775834,-0.03410565803353404,-0.466103101007771,0.029066768198246565,-0.07321870584244627,-0.23292250835671402,0.0,1.0
-0.21389399057030822,-0.22644481997622135,0.06616384404795393,-0.13410869344696502,-0.03650691174236837,2.213299803055136,-0.18365998989225044,-0.05738773501301392,0.3263075052136538,0.0,1.0
-0.21352456495479544,-0.23264057291317036,0.11008485871925058,-0.18479975111315486,-0.033964541812220514,-0.466103101007771,-0.1425315518152017,-0.08645421787217392,0.2952867599763761,0.0,1.0
-0.23947632780950426,-0.239877154577573,-0.017184968245278483,-0.4410776972978355,-0.033964541812220514,-0.466103101007771,-0.6003291896423625,0.47390368643306807,-0.23292250835671402,0.0,1.0
-0.19214188740707794,-0.2031896859289004,0.05791993276684811,-0.13405018865811097,-0.033964541812220514,-0.466103101007771,0.23841538112933358,0.008660821237992023,-0.23292250835671402,0.0,1.0
-0.18688860457891657,-0.2104791372951896,0.14220798365761497,0.405553883536498,-0.033964541812220514,-0.30405379242400854,-0.49850046538754417,-0.03692343477176095,1.6828562949607258,0.0,1.0
-0.17491649910911836,-0.19746472551580288,0.13623291371347984,-0.1963682671026244,-0.033964541812220514,-0.2786436902459706,-0.17338655181012558,-0.06904249567731019,0.5019638890802591,0.0,1.0
0.025916871334651533,-0.19978324194885497,1.5110290542643827,-0.7416406515201609,-0.033964541812220514,-0.466103101007771,-0.6003291896423625,0.06340253532037675,-0.23292250835671402,1.0,0.0
-0.18529863599106344,-0.10255576412896364,-0.5685337941519846,-0.24318654906519402,-0.033964541812220514,-0.466103101007771,-0.6003291896423625,-0.07805772986441793,-0.23292250835671402,1.0,0.0
-0.17392504318750138,-0.16821290862089358,-0.05261462171774267,-0.08060292305490974,-0.0365248757194906,-0.466103101007771,-0.6003291896423625,-0.07219534385816234,0.6734013446352936,0.0,1.0
-0.16184784616320355,-0.1687145888623526,0.032481102992743274,0.14445172465464912,-0.03513267709157409,0.35455021427488825,-0.6003291896423625,-0.08864503366385984,0.3919112415757467,0.0,1.0
-0.2165240751966776,-0.23851475376836945,0.12905416390710933,-0.18848995047188905,-0.03422114644903948,-0.466103101007771,-0.6003291896423625,-0.07971559037085939,-0.23292250835671402,0.0,1.0
-0.22110108665474004,-0.23386516096710927,0.06699162556804367,-0.22253375465484887,-0.033964541812220514,-0.466103101007771,-0.303697212738955,-0.08935643177065594,-0.23292250835671402,1.0,0.0
-0.2221013284063049,-0.23048338927656767,0.037613458939829134,-0.15906375786189733,-0.033964541812220514,-0.466103101007771,-0.5738360675564517,-0.08796338055161718,0.4537443781735278,1.0,0.0
-0.21756818719895718,-0.22968499848724092,0.06295751504812223,-0.16895845002557405,-0.033964541812220514,-0.466103101007771,-0.5481103256721526,-0.07985502807877508,0.15679909036580494,0.0,1.0
-0.23583209755853726,-0.2481831333722066,0.06300838644393142,-0.49865545104334796,-0.033964541812220514,-0.466103101007771,-0.6003291896423625,0.12654746948316123,-0.23292250835671402,0.0,1.0
-0.23296893996931112,-0.23406360851387792,-0.01200661893238374,-0.08270678739360299,-0.033964541812220514,-0.466103101007771,-0.6003291896423625,-0.052051630975496435,-0.23292250835671402,1.0,0.0
-0.2001236567918645,-0.2057043939729046,0.0207087456350902,0.01884675697739489,-0.033964541812220514,-0.466103101007771,-0.4789214903569775,-0.0554714595662303,1.168651489577798,0.0,1.0
-0.19866963861512524,-0.20441629157785854,0.021938558227165637,-0.15793047552648193,-0.033964541812220514,0.4838401488888986,-0.4359209360908657,-0.06986502763029669,0.26372999945382647,0.0,1.0
-0.23829549388942656,-0.24960694719578727,0.05585409720688456,-1.1922912547390832,-0.033964541812220514,-0.466103101007771,-0.6003291896423625,0.6202410720455233,-0.23292250835671402,0.0,1.0
-0.21550608932040852,-0.22582770994762005,0.05112712858829549,-0.21363554969340037,-0.033964541812220514,-0.466103101007771,-0.2694010609824457,-0.043092137482199956,-0.23292250835671402,1.0,0.0
-0.2148153102741027,-0.22648633001649535,0.06020560432183546,-0.026061403720839666,-0.033964541812220514,-0.2476481829630085,-0.36487500168293563,-0.0737141704246013,0.9171812148746872,1.0,0.0
-0.21086627898169327,-0.22210982435163976,0.057675371234881354,0.24037220597248996,-0.03425523816087566,-0.2195333961009024,-0.32165197543976887,-0.08519881044884495,0.45324513268341066,1.0,0.0
-0.17640477024284937,-0.15941870325331384,-0.12819024964102707,-0.1909484135041286,-0.033964541812220514,-0.466103101007771,-0.6003291896423625,-0.04460369485158375,-0.23292250835671402,0.0,1.0
-0.15818583616596654,-0.15567283287707784,-0.02992180893071704,-0.18364125550459987,-0.033964541812220514,0.7207398809326665,0.20815668118385608,-0.08039007739896624,0.21560161649750534,1.0,0.0
-0.20057680031704125,-0.19217567828082444,-0.07280215492239359,-0.19502339059931406,-0.033964541812220514,-0.466103101007771,-0.5700461752785309,-0.027357025136980545,-0.23292250835671402,0.0,1.0
-0.19585286506582153,-0.1918658786276709,-0.04290035976234533,-0.2184820912986841,-0.033964541812220514,-0.466103101007771,-0.5379370810459686,-0.03677649656508047,0.10958864038776028,0.0,1.0
-0.1919681894222954,-0.18969895658247482,-0.03109437896864185,-0.2186230826307765,-0.033964541812220514,1.3141787395218918,-0.4371454603151122,-0.021222040290334587,0.024904153413456056,0.0,1.0
-0.23609211629610588,-0.230201838274605,-0.05896234474746099,-0.5708889990563212,-0.033964541812220514,-0.466103101007771,-0.6003291896423625,-0.08818781586676212,-0.23292250835671402,0.0,1.0
-0.207256832131628,-0.21400971398286245,0.027953218152976647,-0.10437352280435265,-0.033964541812220514,-0.466103101007771,-0.49235219475303765,-0.05409797490701442,-0.23292250835671402,1.0,0.0
-0.2060997689056108,-0.21357900252569553,0.03290509653843468,-0.01622331150153086,-0.03426914166844926,-0.23464030171205938,-0.4488954510694113,-0.03780388419126734,1.798588963110013,1.0,0.0
-0.19922970644199456,-0.20550722936019558,0.025441140122135667,0.0945888683408068,-0.040247601866818875,-0.23076955505025898,-0.10985589014424295,-0.08113441877370314,0.6534116748428006,1.0,0.0
-0.2165240751966776,-0.23851475376836945,0.12905416390710933,-0.18848995047188905,-0.03422114644903948,-0.466103101007771,-0.6003291896423625,-0.031752603503073136,-0.23292250835671402,0.0,1.0
-0.21024142804715149,-0.21546946335004596,0.017511546082645883,-0.19844823906039954,-0.034995474918151026,-0.466103101007771,-0.2927630737135517,-0.08166277500110965,-0.23292250835671402,0.0,1.0
-0.20837255688326545,-0.21648508633308755,0.0369503583757754,-0.186682218174416,-0.03572546016363253,-0.466103101007771,-0.4482496591324205,-0.08658013351788905,0.8361006900942152,0.0,1.0
-0.2016474990568649,-0.21660615792362797,0.08327682309500739,0.2033086522302425,-0.033964541812220514,0.3958054934728291,-0.4524109782068613,-0.08171849299318404,0.5116354690195077,1.0,0.0
-0.23927585175351998,-0.2445741238163054,0.015572688496169043,-0.22543951685162658,-0.033964541812220514,-0.466103101007771,-0.6003291896423625,0.059765302686672565,-0.23292250835671402,1.0,0.0
-0.21172139494745,-0.21392615830501702,-0.0028227815701907196,0.08137434609453281,-0.033964541812220514,-0.466103101007771,-0.6309719595287745,-0.05552643965705206,-0.23292250835671402,0.0,1.0
-0.15986556069522495,-0.18358860070687957,0.14533540721009683,0.30246343975628104,-0.033964541812220514,-0.466103101007771,-0.3544310986924298,-0.08670421447492715,0.2567862032768634,0.0,1.0
-0.20215965199820587,-0.22033717868626165,0.1047535264126474,0.5177914178157242,-0.033964541812220514,-0.4372980170591874,-0.17811776251481248,-0.07712376951584857,0.8692088144689423,1.0,0.0
-0.2343000713269749,-0.240918625843251,0.024811951832708325,-0.21150320076611243,-0.033964541812220514,-0.466103101007771,-0.6003291896423625,0.06305829295107188,-0.23292250835671402,0.0,1.0
-0.2233787057631653,-0.232409464464675,0.04184425778806882,-0.07103282954270795,-0.033964541812220514,-0.466103101007771,-0.5566516661644463,-0.08361263090099459,-0.23292250835671402,1.0,0.0
-0.2215523087314982,-0.22926567793486227,0.033188577278194256,-0.1881088334439711,-0.033964541812220514,-0.466103101007771,-0.26607674609120857,-0.07912695654982935,0.8407176887021982,1.0,0.0
-0.21755395197482505,-0.23329527740873693,0.08718976105810992,0.011549360672308074,-0.033964541812220514,1.282337617401925,-0.4474064417259802,-0.05181126405625385,0.4284327417215717,1.0,0.0
-0.13156270872367057,-0.1327337694346006,-0.003084237771757185,-0.3273406223856355,-0.033964541812220514,-0.466103101007771,-0.6003291896423625,-0.07756166820265949,-0.23292250835671402,1.0,0.0
-0.12897079419211624,-0.12513497385139308,-0.036341878862433695,-0.2026379663063431,-0.033964541812220514,-0.466103101007771,-0.1129858339921326,-0.07274459794852324,-0.23292250835671402,1.0,0.0
-0.11694454799827837,-0.043708421664029475,-0.49930809374126917,-0.1726436580657973,-0.033961530492936674,1.9576309396466751,-0.3642710453736919,-0.06905361210351738,0.24834370013721574,1.0,0.0
-0.11493933105916734,-0.08891213478700348,-0.18353458770249378,-0.16951233714009642,-0.033964541812220514,2.1434472155945596,-0.3791621571161337,-0.07226300624034418,0.0917392639415434,1.0,0.0
-0.199096147789774,-0.20984572796963447,0.05534938760177814,0.21177117367991344,-0.033964541812220514,-0.466103101007771,-0.6003291896423625,-0.02133374763163063,-0.23292250835671402,1.0,0.0
-0.19826041436440225,-0.1986787855121996,-0.013648807075527935,0.1316376467890465,-0.033964541812220514,-0.466103101007771,-0.17636592778459922,-0.039307417513868285,-0.23292250835671402,0.0,1.0
-0.19481642422063242,-0.19984795031487043,0.017477325872678147,0.07232672418714024,-0.033964541812220514,-0.04586675335903722,-0.2991803976067798,-0.05806267149999758,0.9772900751556822,0.0,1.0
-0.1870623309551451,-0.20012969020414664,0.07184270883886408,0.28519996155650207,-0.033964541812220514,-0.11240927527458684,-0.3040310234643621,-0.07636020542195841,0.43797418088827733,0.0,1.0
-0.19936409920315604,-0.21751902977875087,0.10483435585910672,1.8013839347451568,-0.034552085873467184,-0.466103101007771,-0.6003291896423625,-0.08957411036106529,-0.23292250835671402,0.0,1.0
-0.19453641049862985,-0.2115527067283672,0.09762267010023856,1.6202539178476587,-0.03438561447609529,-0.466103101007771,0.16013004445741186,-0.07102496766641135,-0.23292250835671402,0.0,1.0
-0.19483002125443535,-0.21290534252764493,0.10467824457652362,1.916210507738762,-0.034490820059247446,-0.466103101007771,0.13257504120203262,-0.07672718305551983,0.613016248326668,0.0,1.0
-0.18735252415676995,-0.20924550282436555,0.13082079612168723,2.243822132737985,-0.03451948205377544,0.031196790750259232,0.22199589371108278,-0.0889591753792932,0.28471839326121867,0.0,1.0
-0.19710120608528628,-0.20234907721820494,0.01873414009741725,-0.19770986219611422,-0.033964541812220514,-0.466103101007771,-0.6003291896423625,-0.08443913769075921,-0.23292250835671402,1.0,0.0
-0.2000776906881344,-0.2083393029047761,0.03863508695084279,-0.1640356856188379,-0.033964541812220514,-0.466103101007771,-0.6003291896423625,-0.0661354442691014,-0.23292250835671402,1.0,0.0
-0.19061390034365325,-0.18824364999487306,-0.03165737548225423,-0.17948473225980974,-0.033964541812220514,-0.466103101007771,-0.40673664659255276,-0.045411687485141544,0.10296544749330373,1.0,0.0
-0.1880511201969726,-0.18478127448172432,-0.03745888208736775,-0.18867605661366244,-0.033964541812220514,-0.466103101007771,-0.3430400415637624,-0.06959471435146684,0.0017239964313842467,1.0,0.0
-0.20036009969591803,-0.20988513864703517,0.04705808292325337,0.1947486701351289,-0.03396462623487718,-0.466103101007771,-0.6003291896423625,-0.08957411036106529,-0.23292250835671402,1.0,0.0
-0.19070364782052804,-0.2103217061465192,0.11533423128959501,0.2908561009692764,-0.033964541812220514,-0.466103101007771,-0.043679123723429455,-0.0803526681033441,-0.23292250835671402,1.0,0.0
-0.1784695829432046,-0.20102111620788513,0.13596029187192007,0.422915366731225,-0.033964541812220514,-0.466103101007771,-0.19923261613976645,-0.08791836809605351,0.8474118015915427,1.0,0.0
-0.1558356490506501,-0.18851424035520967,0.2055404855379143,0.5578102943041573,-0.033964541812220514,-0.466103101007771,0.5572435876935459,-0.08797816513097244,0.3199252398278579,1.0,0.0
-0.23689025768355654,-0.24511963859030905,0.035365997625220816,-0.22543951685162658,-0.033964541812220514,-0.466103101007771,-0.6003291896423625,-0.009190174365808995,-0.23292250835671402,1.0,0.0
-0.209425233050601,-0.21346199469038274,0.00961519473744724,0.12943958973497435,-0.033964541812220514,-0.466103101007771,-0.6003291896423625,-0.0812403393850798,-0.23292250835671402,1.0,0.0
-0.20831603674443944,-0.22632026271846956,0.1030842805400913,0.7740817656353216,-0.033964541812220514,-0.466103101007771,-0.6003291896423625,0.04257664583840434,0.9781917025653568,1.0,0.0
-0.19983938064973286,-0.20969353906877838,0.049301548239711224,0.603725745850814,-0.033964541812220514,0.04493972619775107,-0.21388967384375626,-0.037654912690885715,0.5316042843429543,0.0,1.0
-0.23885233461405098,-0.2449018347357455,0.020630025187654742,-0.19380967260113358,30.783751643234574,-0.466103101007771,-0.6003291896423625,0.6196561988453922,-0.23292250835671402,0.0,1.0
-0.19981908305833432,-0.20374619205210848,0.009678963611157823,0.4739006355973824,-0.033964541812220514,-0.466103101007771,0.26064161822612647,-0.021472860476609353,-0.23292250835671402,0.0,1.0
-0.17547514524755609,-0.19820208517162555,0.1373813323109702,0.989748959097084,-0.033964541812220514,-0.45903003116982666,0.33218558698497413,-0.06072800059098381,0.768431533759018,0.0,1.0
-0.17396018245137196,-0.19668404514377621,0.13748642658490826,0.8009202662863679,-0.033964541812220514,-0.45749295865249484,0.33374430240456177,0.15133514589788435,0.5366289222922032,0.0,1.0
-0.24111387217263347,-0.2529427260752082,0.05907930455281717,-0.13838228653721885,-0.033964541812220514,-0.466103101007771,-0.2824331226561436,-0.06964957038291378,-0.23292250835671402,0.0,1.0
-0.2010013811658404,-0.2012119945151148,-0.015265100004851196,0.22865391152539916,-0.033964541812220514,-0.466103101007771,-0.462958884809626,-0.07442260080730191,-0.23292250835671402,1.0,0.0
-0.20110457278593635,-0.20652458107278066,0.01955285304105919,0.29885099894394745,-0.033964541812220514,-0.466103101007771,-0.508466390536654,-0.0685293703587834,1.1222164860278938,1.0,0.0
-0.19035024044722382,-0.20809798757858455,0.1028599030955566,0.6992662721140098,-0.033964541812220514,0.021412635471389458,-0.1531730056842432,-0.08246117565729297,0.575053309823361,0.0,1.0
-0.23915066152408807,-0.25162350708397624,0.06354744874281522,-0.22543951685162658,-0.033964541812220514,-0.466103101007771,-0.6003291896423625,12.074056068561987,-0.23292250835671402,1.0,0.0
-0.04691454239881757,-0.03618051202606538,-0.07565208576460239,-0.1994822545219287,-0.033964541812220514,-0.466103101007771,-0.12708819510647426,-0.07507339990979377,-0.23292250835671402,1.0,0.0
-0.027775830397098057,-0.0037903224188252627,-0.16265499607622444,-0.20156992012479236,-0.033964541812220514,0.8631701779890343,0.30739507628977936,-0.08448618397919436,0.24368665322499697,1.0,0.0
-0.006670754356541155,-0.017530092546859815,0.07204489464850881,-0.17342348483781475,-0.033964541812220514,0.8043583294812979,0.17264350665422296,-0.08744702589511746,0.09345496620056401,1.0,0.0
-0.18555396696584647,-0.18830597709530436,0.003006337764077815,0.22704579029713584,-0.033964541812220514,-0.466103101007771,-0.6003291896423625,-0.08934337684475621,-0.23292250835671402,0.0,1.0
-0.1740580918517606,-0.17075304325392876,-0.03653349938664596,0.14266741679168266,-0.033964541812220514,-0.466103101007771,-0.15173771194325136,-0.08489190807604849,-0.23292250835671402,0.0,1.0
-0.17202685882553528,-0.18812421429701126,0.09334642333755043,0.350660383076079,-0.033964541812220514,0.24671903155076133,0.36941921849619314,-0.08830718269711967,0.9574062225853712,0.0,1.0
-0.15933058790874724,-0.17511823174789068,0.0923290586794022,0.47816438048845533,-0.033964541812220514,0.2508333037760047,0.32578923706025026,-0.07909064125716135,0.4800203789321551,0.0,1.0
-0.20036454533786308,-0.21957061308834527,0.11177856516113034,0.10907861856949716,-0.03359958609523521,-0.466103101007771,-0.6003291896423625,0.1407248352845178,-0.23292250835671402,1.0,0.0
-0.19160701266807825,-0.18637644034186404,-0.050861944464447695,0.10292440569522898,-0.035254700483248996,-0.466103101007771,-0.24260996382911848,-0.06857162883999074,-0.23292250835671402,1.0,0.0
-0.1912093922305749,-0.19219889392421183,-0.00924572795218892,0.173855498764167,-0.033964541812220514,-0.20952413636461933,-0.30528845807203864,-0.08941104818457833,1.1567352350697335,1.0,0.0
-0.18283211360326182,-0.19053344805790445,0.03631997176432205,0.26175612945882765,-0.03512859647765107,-0.2313234188861254,-0.26349809564844573,-0.08957411036106529,0.5820059864644991,0.0,1.0
-0.19120506897163303,-0.19456415996736579,0.006596111909013768,0.16972909739034206,-0.033964541812220514,-0.466103101007771,-0.6003291896423625,-0.0841540707857247,-0.23292250835671402,0.0,1.0
-0.18095344862492344,-0.1954597930878752,0.08196953015169672,0.29861337466462906,-0.033964541812220514,-0.466103101007771,-0.2502444266869349,-0.06876632245325744,-0.23292250835671402,0.0,1.0
-0.1753014268068249,-0.18680051432025696,0.06233386840129126,0.4142131700678671,-0.0343951819147273,-0.1163584221028426,0.07010127860035781,-0.08490760679223658,0.8220828637267742,0.0,1.0
-0.1646791760597644,-0.19185536878043685,0.16802157432277903,0.8056996468223521,-0.03424057177909597,-0.13217724603353584,-0.28195084578094576,-0.08817034758305392,0.49536123633895135,0.0,1.0
-0.23822312162480264,-0.24513221709283803,0.02642889524560148,-0.6904021446874093,-0.03417722847528472,-0.466103101007771,-0.6003291896423625,0.09005600872572946,-0.23292250835671402,0.0,1.0
-0.21648883788532894,-0.21638842655323198,-0.01862909070590321,-0.09620381713081555,-0.0340750029916141,-0.466103101007771,-0.3305207958454239,-0.07411824851382262,-0.23292250835671402,0.0,1.0
-0.1536750395556381,-0.11661330020582053,-0.26051726291001465,-0.2162141487290998,-0.03397218391123981,-0.466103101007771,-0.22338081668093715,-0.08860954993866445,0.2603775364976246,0.0,1.0
-0.20667111201611058,-0.21558655866625065,0.042459258374385474,0.00345016998351721,-0.03433475626199867,-0.466103101007771,-0.010627480248698605,-0.06739537803801438,0.6292504578949262,0.0,1.0
5.497381941453519,5.616410907978383,-0.339738330855696,-0.07342691010960434,-0.033964541812220514,-0.466103101007771,-0.6003291896423625,-0.08705103663543634,-0.23292250835671402,0.0,1.0
5.951540831323604,6.536551554694491,-3.4173065225742394,-0.0986090104437178,-0.033964541812220514,-0.466103101007771,0.6526229639477884,-0.0862934053565443,-0.23292250835671402,0.0,1.0
6.466443814500752,6.966047244202291,-2.8036194249077027,-0.16900653183824216,-0.033964541812220514,-0.07408853272587242,0.7502279981498093,-0.08847606882398669,-0.09206696392847749,0.0,1.0
6.713863303364383,7.171053548546856,-2.499549869225984,-0.18799688783591764,-0.033964541812220514,-0.008181391787880882,0.589986227928516,-0.08793210479496542,-0.1194195101778603,0.0,1.0
-0.24444030444829715,-0.2587692141334647,0.07551706852529504,-0.23131983221158586,-0.029155193713002393,-0.466103101007771,-0.6003291896423625,-6.870454046650239,-0.23292250835671402,0.0,1.0
-0.25451357978299155,-0.23912974479552984,-0.12395795050315919,-0.22543951685162658,-0.036427706985939216,-0.466103101007771,-0.24423547956535174,9.05215084332249,-0.23292250835671402,0.0,1.0
6.450033572831974,7.0099591735914615,-3.2082541463012153,-0.2999245373855935,-0.03427904944452511,-0.466103101007771,0.8444132911888232,-0.08161355290711825,-0.08912081726556272,0.0,1.0
6.676999825215988,7.129153045881376,-2.468933544719234,-0.20035962298443769,-0.0342005678667713,-0.466103101007771,0.6333931987405497,-0.08394627104282092,-0.120849101018944,0.0,1.0
-0.051827969566970694,0.04095464376351531,-0.6245813288234628,-0.037412408411995064,-0.033964541812220514,-0.466103101007771,-0.6003291896423625,-0.07089599892335197,-0.23292250835671402,1.0,0.0
-0.2308085020573857,-0.2249695698876543,-0.05818080365758192,-0.2141121013409856,-0.033964541812220514,-0.466103101007771,-0.624210041668469,-0.03637589344119518,-0.23292250835671402,1.0,0.0
-0.2086773164837774,-0.21254135881683703,0.008522549436723063,-0.20538780748524632,-0.033964541812220514,1.9029554512003017,-0.5969007801143128,-0.04912794447767173,0.46867222489961,1.0,0.0
-0.20400184913407732,-0.20997059605235116,0.02298102080918124,-0.2081379205356966,-0.033964541812220514,2.0548384497271264,-0.538261070649405,0.11637222501714387,0.43599205461346235,1.0,0.0
-0.19901414694538647,-0.21012397433627228,0.057764560290374675,-0.3139416620870786,-0.033964541812220514,-0.466103101007771,-0.6003291896423625,-0.05823357254138872,-0.23292250835671402,1.0,0.0
-0.20552363998484738,-0.21020798687861236,0.01426815264835645,-0.22660466425784864,-0.033964541812220514,-0.466103101007771,-0.6003291896423625,-0.07625938976524381,-0.23292250835671402,1.0,0.0
-0.2048914933304107,-0.20781976477822783,0.0025806493804611816,-0.1783740205405029,-0.033964541812220514,-0.466103101007771,-0.218513149706716,-0.08233875320481343,-0.23292250835671402,1.0,0.0
-0.20429096786936454,-0.20205366049487528,-0.03190312459431648,-0.20360872340670655,-0.033964541812220514,2.129549898086451,-0.03582439248003867,0.10405781037267933,0.5958974449281338,1.0,0.0
-0.2020736289147416,-0.20314977786014285,-0.00956765406125095,-0.2006107160421277,-0.033964541812220514,2.492402108703123,-0.11742615418751177,-0.06270871925354496,0.5869927063110988,1.0,0.0
-0.2377199779417453,-0.22002713015889727,-0.13800142409995586,0.41022021022467786,-0.033964541812220514,-0.466103101007771,-0.6003291896423625,0.09649232637469599,-0.23292250835671402,1.0,0.0
-0.2381849337192047,-0.2519310283062267,0.07213964324981602,-1.979998362316126,-0.033964541812220514,-0.466103101007771,0.7188369379761997,1.3026961891335607,-0.23292250835671402,1.0,0.0
-0.21498873668853238,-0.22173988194236607,0.02730024484230006,-0.13838228653721885,-0.033964541812220514,-0.466103101007771,-0.6003291896423625,-0.06867722483695364,-0.23292250835671402,1.0,0.0
-0.21188677864717007,-0.2205762175454069,0.04051568149977036,-0.1584149224074418,-0.033964541812220514,-0.466103101007771,-0.11636144788887244,0.0031943201917921738,-0.23292250835671402,1.0,0.0
-0.21053905204847012,-0.21732244718177168,0.027884948410381534,-0.14641494460343205,-0.03424086399343018,-0.466103101007771,0.1233774585633503,-0.030628011194592297,0.39175427495708776,0.0,1.0
-0.20612430158375872,-0.21313706905542146,0.029784582434367716,-0.1488984330837849,-0.034534652191371,0.6776888883177452,0.4638668789319464,-0.055323285520573764,0.2888413592655759,0.0,1.0
0.11930179131771981,0.28273825391970214,-1.0827302115771467,-0.22067363849787805,-0.033964541812220514,-0.466103101007771,-0.6003291896423625,-0.05164944905664464,-0.23292250835671402,1.0,0.0
0.15745187580636294,0.44412916696063465,-1.9034709894095392,-0.2250610083342318,-0.033964541812220514,-0.466103101007771,-0.4439328871615354,-0.06582022615279734,-0.23292250835671402,1.0,0.0
0.20138215785297403,0.4471200061838182,-1.6261333651614822,-0.20494589586812345,-0.033964541812220514,2.370278743692223,-0.4878194210829061,-0.06339673147408083,0.03335036972580796,1.0,0.0
0.2369037881954312,0.4869563861357773,-1.652032351787121,-0.2065872596861756,-0.033964541812220514,2.6156739446659483,-0.4534768184686436,-0.05651422386536437,-0.03660906793866944,1.0,0.0
-0.29156092181727417,-0.29887347021718974,0.024701725303081165,-0.22543951685162658,-0.033964541812220514,-0.466103101007771,-0.6003291896423625,-0.14280362840508998,-0.23292250835671402,1.0,0.0
-0.24002283016821557,-0.2229691832525219,-0.13391917898941014,-0.1362782288026339,-0.15456608221952836,-0.466103101007771,-1.1162190124217646,0.07937237059507997,-27.0635473140199,1.0,0.0
-0.15943448666982693,-0.14851779393734466,-0.08620680352454581,-0.2245574427537034,-0.03387222053189787,-0.466103101007771,-0.6003291896423625,-0.0383675491731033,-0.23292250835671402,1.0,0.0
-0.15121326647481242,-0.028010157000542008,-0.8361963549426306,-0.19356347458174655,-0.034047323063426116,-0.466103101007771,-0.343680377464643,-0.07112758148502539,-0.23292250835671402,1.0,0.0
-0.1524051090458105,-0.13834403739950193,-0.10664491851644153,-0.16110480888360112,-0.0340717253638032,1.1313862141029425,-0.47796451136547474,-0.0029649961502411955,0.964579514162379,1.0,0.0
-0.1423786081775069,-0.08627924487841067,-0.3868529775649592,-0.15879026704612928,-0.03482623579275496,1.204857541266659,-0.4528202958422904,-0.05940916205513344,0.6122339598424267,1.0,0.0
-0.12371717243004697,-0.10366561063828741,-0.14431363669449715,-0.21597239531358545,-0.033964541812220514,-0.466103101007771,-0.6003291896423625,-0.07615639589534164,-0.23292250835671402,1.0,0.0
-0.10868234519185299,-0.07185331516113168,-0.2552293685833063,-0.21916496731201437,-0.033964541812220514,-0.466103101007771,-0.4465862756609732,-0.07358290039261517,-0.23292250835671402,1.0,0.0
-0.10945408694315203,-0.08780567468085862,-0.15380597872035137,-0.2255386319887875,-0.033964541812220514,1.8348334798242463,-0.4959758509853101,-0.047132365980459265,0.07801192630984889,1.0,0.0
-0.09611684351180408,-0.06738856377142995,-0.20003088564787938,-0.24026258642198625,-0.033964541812220514,2.0558382617743907,-0.42038610945099003,-0.04559118408006281,0.048908734766598926,1.0,0.0
-0.18403030933341713,-0.1797489177860209,-0.043887870208505035,-0.23014849247158792,-0.033964541812220514,-0.466103101007771,-0.6003291896423625,-0.07184742951509221,-0.23292250835671402,1.0,0.0
-0.18030215855308784,-0.17430151853208542,-0.0550723587092191,-0.2091023176927054,-0.033964541812220514,-0.466103101007771,-0.2756335763383676,-0.08749849622550372,-0.23292250835671402,1.0,0.0
-0.0013276018448462289,0.1597557270273069,-1.077004982227051,-0.24045691475326755,-0.033964541812220514,-0.466103101007771,-0.26203495865702536,-0.048277519864987364,-0.23292250835671402,1.0,0.0
-0.03778082042463454,0.10875932364233294,-0.9828028288927373,-0.2351270375964925,-0.033964541812220514,2.4098452216526725,-0.07441910845815171,-0.08540976337235108,0.5803048751200249,1.0,0.0
-0.22394306651774226,-0.23593032648856793,0.06156262404858186,-0.2050519403456207,-0.033964541812220514,-0.466103101007771,-0.6003291896423625,-0.02574478487916249,-0.23292250835671402,1.0,0.0
-0.2010919870871812,-0.19993272929694306,-0.024430653407764954,-0.22504216758893458,-0.03439211888236002,-0.466103101007771,-0.09064670349807794,-0.07436032916172099,0.43409863319754116,0.0,1.0
-0.19508881616197232,-0.20746581780370796,0.0665616427993179,-0.20249228620849646,-0.0338394796598771,2.166961020277013,-0.1783705009019284,-0.07952801433105537,0.478347474891209,0.0,1.0
-0.1930129265654197,-0.18400654959457965,-0.07622105717867513,3.254379794810608,-0.033964541812220514,-0.466103101007771,-0.6003291896423625,-0.080900511788728,-0.23292250835671402,1.0,0.0
-0.19557133619286332,-0.1840065317413364,-0.09353720432524126,3.2543785396582803,-0.033964541812220514,-0.466103101007771,-0.6003291896423625,-0.088630519015579,-0.23292250835671402,1.0,0.0
-0.11827379917210963,-0.09683984977568645,-0.15310382169050385,-0.22547189035066104,-0.033964541812220514,-0.466103101007771,-0.6003291896423625,-0.07346989650048821,-0.23292250835671402,0.0,1.0
-0.10397939897836529,-0.09444974344400973,-0.07233399055843683,-0.20199032175042164,-0.033964541812220514,-0.466103101007771,0.22500457410374106,-0.07122910620264082,-0.23292250835671402,1.0,0.0
-0.0981619777658964,-0.07392654820614836,-0.17016435385860634,-0.2643740954760419,-0.033964541812220514,1.319964931532941,0.6075337394297385,-0.05083278088023065,0.07948800283568659,1.0,0.0
-0.08112466304698193,-0.0715596144915428,-0.07067479793929214,-0.22551442879803787,-0.033964541812220514,1.7011344132451771,0.7648216166962049,-0.04776137110265826,0.023962893240720488,1.0,0.0
-0.13300981102632015,-0.10311186801860138,-0.21091074970894275,-0.21361617670780758,-0.033964541812220514,-0.466103101007771,-0.6003291896423625,-0.05460941593652562,-0.23292250835671402,1.0,0.0
-0.12373442085068505,-0.08796728938001885,-0.24937880238799667,-0.16519380001963077,-0.033964541812220514,-0.466103101007771,0.12504943695209297,-0.044374393766766884,-0.23292250835671402,1.0,0.0
-0.10760590503154358,-0.07808293070161029,-0.20629670026389585,-0.19620843454624184,-0.033964541812220514,1.5614903483744047,0.7173916196199446,-0.08802091803553364,0.18779609102133396,1.0,0.0
-0.099947012164003,-0.08507578756611289,-0.10770964315266934,-0.14302668235792015,-0.033964541812220514,1.4763661998571258,0.4972992707214763,-0.08957411036106529,0.15752469425760549,1.0,0.0
-0.06384994346539394,-0.0793197284100727,0.09812421322293963,-0.21327195568840177,-0.033964541812220514,-0.466103101007771,-0.6003291896423625,-0.08541595212477579,-0.23292250835671402,1.0,0.0
-0.05064841379099523,-0.04473094599678022,-0.04376151168634452,-0.20491152088735795,-0.033964541812220514,-0.466103101007771,-0.2379904674653217,-0.06432203440176511,-0.23292250835671402,1.0,0.0
-0.019322942174941817,-0.031545462655285836,0.08010871269038958,-0.17319969351782658,-0.03472863870768099,0.847487909358893,0.1409968790904641,-0.07557885851409624,-0.004880751397670305,1.0,0.0
-0.006521723071639138,-0.028911337123727957,0.14914093064227066,-0.16992209576869605,-0.0343145608073506,0.9678633910166577,-0.2548259955272823,-0.07254827818211577,-0.029731215591136628,1.0,0.0
-0.19955271186698598,-0.18908859454422322,-0.08650900625563997,0.32006202146833707,-0.03398904212024351,-0.466103101007771,-0.22213841868437162,-0.02401285871483688,-0.23292250835671402,1.0,0.0
-0.19682908289278908,-0.18083958544878764,-0.12322205784376479,-0.26995478632699327,-0.033961475279177075,3.229749434406265,-0.2379118685488699,0.05983236433152765,0.369934354556537,1.0,0.0
0.6625088940298614,0.8185883244808496,-0.9884868629393194,-0.21008012132420073,-0.03492893254932338,-0.466103101007771,-0.6003291896423625,-0.05091041631451334,-0.23292250835671402,0.0,1.0
0.7710089528926476,0.9067946627514691,-0.843816578996279,-0.1796785836002425,-0.03408659446423818,-0.466103101007771,-0.08145788292931208,-0.07256646355686121,-0.23292250835671402,1.0,0.0
0.830580987881607,1.097746224516148,-1.7171902657257598,-0.182023974057341,-0.03528558917229382,2.3219625784431153,-0.13100091769057678,-0.0772115766739946,0.024890334636367167,1.0,0.0
0.9481123466653761,1.150058007195329,-1.271426762013736,-0.17857477957422568,-0.03464718523269921,2.4142445789842824,1.3203811058294102,-0.08649541808858141,0.05192882713517542,0.0,1.0
-0.06748634314394646,-0.07540545338920514,0.047343837371637984,-0.12663494645061826,-0.033964541812220514,-0.466103101007771,-0.6003291896423625,-0.08949543998929743,-0.23292250835671402,0.0,1.0
-0.04896088990227847,-0.05268005024206651,0.02080248688202494,0.13141997633251107,-0.033964541812220514,-0.466103101007771,1.1223094052193294,-0.08908044365159981,-0.23292250835671402,0.0,1.0
-0.03953299745521203,-0.04811557295651415,0.05409805772933932,0.2511033317842106,-0.034072648438770024,0.23251693622005015,1.1521541549844314,-0.08826654461037704,0.0113949323535655,0.0,1.0
-0.016390718778309887,-0.031547107831650954,0.09996581456410862,0.27193045800916554,-0.034208898881871605,0.17394018700927696,0.9489082777929454,-0.08824365960619147,-0.04097168765693542,0.0,1.0
-0.11016327158195009,-0.12493151489924524,0.08959247430086037,-0.15683796354156337,-0.03418762607444364,-0.466103101007771,-0.6003291896423625,-0.07055342206126808,-0.23292250835671402,0.0,1.0
-0.10462108374789608,-0.10988047225854752,0.026482388866003417,-0.15486262975908918,-0.03401972635010545,-0.466103101007771,0.11363110427125524,-0.06664927350458745,-0.23292250835671402,0.0,1.0
-0.08392423402518764,-0.08808521040872366,0.02085595305082668,-0.1205557892602273,-0.03396882878750131,1.4329853185004295,0.02912985655330501,-0.08633226736004357,0.021417770548741433,0.0,1.0
-0.07773557931457128,-0.07577888878551992,-0.019529305063435375,-0.14965442622833866,-0.03396997235511284,1.7639129845127415,0.11593964389648019,-0.08516574492197702,-0.019288482302590348,0.0,1.0
0.29523503428955633,0.2596301009821824,0.2625204770681304,-0.2178308538842246,-0.03403042604829329,-0.466103101007771,-0.6003291896423625,-0.07156517751220316,-0.23292250835671402,0.0,1.0
0.24007147172885923,0.26553672742899465,-0.1503295880390653,-0.3058353791323527,-0.033964541812220514,-0.466103101007771,0.6705908668348871,-0.06655780380746158,-0.23292250835671402,0.0,1.0
0.26812441090685873,0.2968903263116629,-0.17006858119325702,-0.2190331104527404,-0.033964541812220514,0.1583842938528028,1.9107838208143706,-0.07815347722091123,-0.03685498251162974,0.0,1.0
0.2939098639011376,0.32144565207769393,-0.15970586708638082,-0.21318633852874616,-0.033964541812220514,0.19393026956919762,2.4601576322937673,-0.08162645775916468,-0.05089059429767719,0.0,1.0
-0.4241819549988832,-0.4235837038407912,-0.03918551373981463,-0.18082827036410715,-0.033964541812220514,-0.466103101007771,-0.6003291896423625,-0.09667167256834899,-0.23292250835671402,0.0,1.0
-0.008135264318808457,0.0204784918216072,-0.19196716189627758,-0.14580930355299826,-0.033964541812220514,-0.466103101007771,-0.470314800426393,-0.08702162680208832,-0.23292250835671402,0.0,1.0
0.033054482441074506,-0.02837462774782566,0.413415616646145,-0.14125635270329098,-0.033964541812220514,2.590729753497886,-0.48070737913704187,-0.08102084285753368,0.005175378405110498,0.0,1.0
0.03478150976450105,0.09281862496843214,-0.3851120042417309,-0.1859161520105657,-0.03396173179744332,-0.466103101007771,-0.6003291896423625,-0.06621974591553839,-0.23292250835671402,0.0,1.0
0.060827286219445796,0.09408448757836664,-0.2172896529822939,-0.2013987433965924,-0.03395467264935724,-0.466103101007771,-0.6003291896423625,-0.062098917809410716,-0.23292250835671402,0.0,1.0
0.0795381110914924,0.1351272190318861,-0.36503370095426524,-0.18878977349958406,-0.0339652344648698,0.3373524534683681,-0.2600480978001243,-0.07988565075800043,0.1934765324532568,1.0,0.0
0.11190709919483738,0.16243868403566153,-0.3285374847819078,-0.17200496198848336,-0.033964541812220514,0.44192425986993444,-0.07964166791694671,-0.06826406278073223,0.011815725620108564,1.0,0.0
8.254983008587537,8.357220251133436,0.001263607538436948,-0.13193002944958138,-0.03396454236077538,-0.466103101007771,-0.6003291896423625,-0.08413523342700058,-0.23292250835671402,0.0,1.0
10.692178139076688,10.995509439312201,-1.140950088049615,-0.08054108154502755,-0.034240705424466125,-0.26585566880720174,-0.062106482480782196,-0.08456104578263418,-0.12824287839588946,0.0,1.0
11.415051566482688,11.973250715272012,-2.784862654782763,-0.08142127791266984,-0.03433684547559077,-0.25528881059678726,-0.08361673958391222,-0.0846423499224238,-0.14825410037278952,0.0,1.0
-0.1911762366646908,-0.20745782347844727,0.09298962414785511,-0.2556691520149806,-0.03415215473385542,-0.466103101007771,-0.6003291896423625,-0.035163056139674166,-0.23292250835671402,0.0,1.0
-0.19041651190150538,-0.19336020651343822,0.0038844619382859672,-0.20793356590702702,-0.03405690018985236,-0.466103101007771,0.7596435854673469,-0.050925644343320794,-0.23292250835671402,0.0,1.0
-0.18762592619874693,-0.1847183878606497,-0.03500146854735452,0.47083183574353316,-0.035186968451945015,0.17310334446993939,1.7857754310622787,-0.007364044300283143,0.5389979690710448,1.0,0.0
-0.18297808072813063,-0.18544512644353287,0.0013149277082319562,0.5168892626043952,-0.03450383623935779,0.25790857750760593,1.8351272331754371,-0.016351085028972718,0.21633900602282208,0.0,1.0
-0.238174334892635,-0.24909888424133536,0.05327756759297157,-2.261779861596781,-0.033964541812220514,-0.466103101007771,-0.6003291896423625,-0.08957411036106529,-0.23292250835671402,0.0,1.0
-0.21352687894581499,-0.2240467919819839,0.05261695438260528,1.4348104454867554,-0.033964541812220514,-0.466103101007771,0.0965550017560232,0.008832596179820927,-0.23292250835671402,0.0,1.0
-0.21142118203421567,-0.22620400114872447,0.08129054704660707,1.9534297059978198,-0.033964541812220514,-0.1935703797501315,0.15534195879207666,0.055431437410414224,1.890360704729712,0.0,1.0
-0.20710902855633412,-0.22494647171860746,0.10206940442917836,1.846408511877872,-0.033964541812220514,-0.15529985406951805,0.6241754352761194,0.027509965557899908,0.6426346958255562,0.0,1.0
-0.2109063520087665,-0.22765634391941494,0.09448444732694865,1.361489732230313,-0.033964541812220514,-0.466103101007771,-0.6003291896423625,-0.08653362809740414,-0.23292250835671402,0.0,1.0
-0.2097287182102428,-0.22409906520701367,0.07867342606438489,1.1579708329614915,-0.033964541812220514,-0.466103101007771,-0.5532541390038859,0.03632568282254704,-0.23292250835671402,0.0,1.0
-0.20896955704371173,-0.22218877353566283,0.07104071391974232,0.8478730184060749,-0.033964541812220514,-0.466103101007771,0.30369275593683054,0.015642762725633908,0.5089475371066849,0.0,1.0
-0.20426849189577848,-0.21713527931408586,0.06907456466847799,0.6646450458430074,-0.033913572461224235,-0.466103101007771,0.17381415959986168,-0.049824540341130305,0.35174657423551214,0.0,1.0
-0.08773465563315788,-0.0791782248538318,-0.06448015816130036,-0.13416017249024778,-0.034130879385348575,-0.466103101007771,-0.6003291896423625,-0.08601531497078638,-0.23292250835671402,0.0,1.0
-0.08440219784620423,-0.06900103228079396,-0.10996302565808545,-0.1238891135762921,-0.03394657902830671,-0.466103101007771,-0.6003291896423625,-0.0446030958387574,-0.23292250835671402,0.0,1.0
-0.07265899902682355,-0.0684252435836856,-0.03433112672858785,-0.09801271887686955,-0.03334810318256182,-0.466103101007771,0.27175795903087874,-0.08444395908752257,0.16354956278738222,0.0,1.0
-0.05086849299419006,-0.06641557379766257,0.09971777622729949,-0.05568988400597653,-0.03405220117878979,0.21578130633034387,0.20535332697147402,-0.0803649657216681,0.019789776604455737,0.0,1.0
-0.2347935786711157,-0.24107791747840007,0.02253667369226526,-0.9716004392066618,-0.033964541812220514,-0.466103101007771,-0.6003291896423625,0.01686471558061521,-0.23292250835671402,0.0,1.0
-0.21052218223922656,-0.22544112010314918,0.08227511778445,0.19883163529885187,-0.033964541812220514,-0.466103101007771,0.7469877047792536,-0.062213552561813844,-0.23292250835671402,1.0,0.0
-0.2096131845993317,-0.2251092550910706,0.08620884018954542,0.24208123506565352,-0.033964541812220514,1.0447115826453868,0.5135644892972204,-0.08700942334853892,3.107225088168362,0.0,1.0
-0.20467569964845936,-0.20892192136008825,0.011409479068258708,0.23661051217196852,-0.033964541812220514,0.90806181949758,0.7468812973574517,-0.08942108888153745,1.4962520275443358,1.0,0.0
-0.17973860845364856,-0.18396485334497858,0.013344465979107722,-0.2373531621102111,-0.03417868844153831,-0.466103101007771,-0.6003291896423625,-0.08896105822856622,-0.23292250835671402,0.0,1.0
-0.17635068718342362,-0.17955484428384752,0.006792503043921201,-0.18132132718511543,-0.03414661513629525,-0.466103101007771,-0.5920787221040057,-0.0894281328627089,-0.23292250835671402,1.0,0.0
-0.17023127162674345,-0.16771064475691286,-0.030971947218857387,-0.13354971296068358,-0.03443650796287823,0.2384156302510377,-0.5955210188068043,-0.08957375158133354,0.04911654596302975,1.0,0.0
-0.16155566150443926,-0.1600430600918811,-0.023513322380735828,-0.16638620094569248,-0.034719472578605776,0.2552164652583528,0.040114338614479716,-0.07682201767484878,-0.022761488081130002,1.0,0.0
-0.2124757163423356,-0.22154069830637838,0.04297745745711931,-0.2113140830119633,-0.03462055495442631,-0.466103101007771,-0.6003291896423625,-0.0617182060671097,-0.23292250835671402,1.0,0.0
-0.21508560495167217,-0.2209346280092707,0.02126122699227917,-0.21084757850692235,-0.0340686936383646,-0.466103101007771,-0.4875101015238006,-0.03877569384748662,-0.23292250835671402,1.0,0.0
-0.2150385393407018,-0.22108989302393806,0.022617777654726546,-0.20996909905217306,-0.03472746008221517,-0.466103101007771,-0.5971654784430953,-0.028616838660771443,0.49286044163871884,1.0,0.0
-0.21560402658320996,-0.21794835153946351,-0.0022118318852249225,-0.2000996322257412,-0.03435780122894881,1.2380405482214758,-0.5902003062726169,-0.011310632699170679,0.280118521889569,1.0,0.0
-0.23899392504762929,-0.24870638318802574,0.04510635531047532,-0.59105230825387,-0.033964541812220514,-0.466103101007771,-0.6003291896423625,0.00041229528215002917,-0.23292250835671402,1.0,0.0
-0.231275078439743,-0.24917318872559555,0.10047040362088375,0.3081404550151852,-0.033964541812220514,-0.466103101007771,-0.12094485123534839,-0.0290799354145594,-0.23292250835671402,1.0,0.0
-0.23116968357290124,-0.24193962408076908,0.05282499454437906,-0.029042576866029155,-0.033964541812220514,-0.1633160459643204,-0.43043496234241957,-0.0748015221463811,1.288531624801835,0.0,1.0
-0.22977824560977742,-0.2400666317622727,0.049721065981022626,-0.14751570777099282,-0.033964541812220514,-0.466103101007771,-0.39415298568356644,-0.07288164222837398,0.5115026270069526,0.0,1.0
-0.22592345381476106,-0.11610020245824082,-0.7529448478301672,-0.06555178965308578,0.061180986620278544,-0.466103101007771,-0.6003291896423625,-0.037349478516922704,-0.23292250835671402,1.0,0.0
0.7184321915817182,0.7600530902719531,-0.21865520538251035,-0.10075225114276365,-0.03438915111576461,1.011639311321147,0.2534242116311681,-0.08678632565778288,-0.015021453325992988,1.0,0.0
0.7321988492851129,0.8897238211086603,-0.9923699801097728,-0.15206254970711186,-0.0344457598448942,1.071553069326997,0.37873096790762695,-0.08720964821374046,-0.054467765194676825,0.0,1.0
-0.23776817303850137,-0.24779885409447663,0.04733545627874295,-0.7007370626694392,-0.033964541812220514,-0.466103101007771,-0.6003291896423625,-0.030401251686881136,-0.23292250835671402,0.0,1.0
-0.22303213825952078,-0.23803054560341314,0.08176869305110515,0.8225361952828554,-0.033964541812220514,-0.466103101007771,0.8801393700256112,-0.07921668662485384,-0.23292250835671402,0.0,1.0
-0.22189180165110653,-0.2356488742150404,0.07356455436449394,0.6980579602222791,-0.033964541812220514,-0.0036045416437833528,1.5526503603126467,-0.08063635844432358,1.598218934051989,0.0,1.0
-0.21859939185032345,-0.22915182780268242,0.05241361441220442,0.29189631958819656,-0.033964541812220514,-0.0863228644069955,3.4292594951841373,-0.08857436936246978,0.5316935526969251,0.0,1.0
-0.22327592308569807,-0.22795952948154313,0.012790645461248256,0.16486638323551384,-0.04134056060101516,-0.466103101007771,-0.6003291896423625,-0.08482488682869808,-0.23292250835671402,1.0,0.0
-0.2216528520116207,-0.23242133544317414,0.05360467728027956,0.058446515019818825,-0.033964541812220514,-0.466103101007771,0.5985146218546623,0.007073692934399416,-0.23292250835671402,1.0,0.0
-0.22283557458006142,-0.23145171812558837,0.039117472437249605,-0.009160617062461794,-0.034787916676156,0.40597626679129517,0.18820236213017627,-0.05269035591147889,0.8215670380757415,0.0,1.0
-0.21759511410481983,-0.22987041959360757,0.06401486713937532,-0.0029190549917319903,-0.034576869747971486,0.3147801095733382,0.32157765289419576,-0.036783777027064785,0.41248673360054766,0.0,1.0
-0.23840255133112978,-0.24784477335023514,0.04334879286589304,-1.0549627513194482,-0.033964541812220514,-0.466103101007771,-0.6003291896423625,-0.08957411036106529,-0.23292250835671402,0.0,1.0
-0.2096334324616137,-0.21840040155002294,0.041220911915292174,-0.036368803146615516,-0.033964541812220514,-0.466103101007771,0.04856374385581671,-0.040537103890516096,-0.23292250835671402,0.0,1.0
-0.2073383046482382,-0.2195480371266634,0.0644272952065488,0.19635910334191742,-0.033964541812220514,0.11362515481559449,-0.14461371066286607,-0.05214242265850182,0.8066196671568324,0.0,1.0
-0.19859165207431712,-0.2136400275890969,0.08413009163555861,0.216111757842921,-0.033964541812220514,-0.08910710542482274,0.03598072816172946,-0.08458074688010907,0.4601382196782218,0.0,1.0
-0.14978598051973482,-0.1618124914593452,0.06797638011225313,-0.21799808602308002,-0.033840836826121184,-0.466103101007771,-0.6003291896423625,-0.04341384980970465,-0.23292250835671402,1.0,0.0
-0.15257615357663246,-0.12815021970782098,-0.17595160830902612,-0.21971733271259514,-0.033964541812220514,-0.466103101007771,-0.19733213181137166,-0.08215390304433876,-0.23292250835671402,1.0,0.0
-0.12402462833620508,-0.15172618510582958,0.17490611100726067,-0.08570198360187903,-0.033964541812220514,0.24185248863191067,-0.18887589105567443,-0.07235060775037842,0.15499183696415153,1.0,0.0
-0.1344320755750358,-0.14518867628151122,0.06076022451674415,-0.08589834620711383,-0.033964541812220514,0.1475990702081026,-0.14605421755337192,-0.0721153533141521,0.11137333637703378,1.0,0.0
-0.08253777091350814,-0.09442213590278382,0.0726043451315044,0.19670843016083658,-0.033964541812220514,-0.466103101007771,-0.6003291896423625,-0.08430149437490266,-0.23292250835671402,1.0,0.0
-0.09141622239903217,-0.08258366208949058,-0.06663156155262685,0.205835663810633,-0.033964541812220514,-0.466103101007771,1.0162895090920276,-0.08928312448007834,-0.23292250835671402,0.0,1.0
-0.07030263298060219,-0.07151701665315781,0.0022869303873758345,0.2754521572024372,-0.033964541812220514,0.5630432934217484,0.9642974348009162,-0.08932228457801855,0.10403887015402323,0.0,1.0
-0.05972573077923563,-0.08154932997872179,0.14094364888796962,0.42192716684131937,-0.03429039985819741,0.6717246049363678,0.7040692671489495,-0.08955782813239775,0.025561532302101557,0.0,1.0
-0.18094879101702768,-0.19698449237545532,0.09219416867731949,-0.20585128868306027,-0.033964541812220514,-0.466103101007771,-0.5407148170770435,0.00046927675113064816,-0.23292250835671402,0.0,1.0
-0.18765959157624798,-0.1988241637578222,0.05907241062052414,-0.22475536971931986,-0.03416187927072774,0.3132185785132617,-0.41032858685949053,-0.07901622893729274,0.18373873843446098,1.0,0.0
-0.1800174692360622,-0.1874815512784168,0.03496733713232021,-0.2700952361683339,-0.03432757760846242,0.34665964847556585,-0.4589722293343682,-0.08144718330033425,-0.03548359370987543,1.0,0.0
-0.21146170262333794,-0.23206228565466971,0.1201808447237746,2.29414009858156,-0.033964541812220514,-0.466103101007771,-0.6003291896423625,-0.0737771024901181,-0.23292250835671402,0.0,1.0
-0.20680434425487457,-0.23130923888960409,0.14666877678649928,2.439444887154534,-0.033964541812220514,-0.466103101007771,-0.5843330435599133,0.17701707318232443,-0.23292250835671402,0.0,1.0
-0.19844655203478917,-0.219638725353718,0.12521543000643587,1.9152313001702903,-0.0339511829962943,-0.466103101007771,-0.053433432731116094,0.11900817873099633,0.5818247640560708,1.0,0.0
-0.19434449014317104,-0.21052754850664038,0.09206812167114382,0.8843078080766817,-0.03378141023526596,-0.466103101007771,-0.2752921254651747,0.1873025040270872,0.34823699498203087,1.0,0.0
-0.21172067528601493,-0.22490985596643692,0.07061170866669314,0.14631726560161676,-0.0263004662584775,-0.466103101007771,-0.6003291896423625,-0.07123626821548873,-0.23292250835671402,0.0,1.0
-0.2061968785842136,-0.2152485848099306,0.04340953609584275,-0.029975987285520922,-0.033964541812220514,-0.466103101007771,0.07308046137160173,-0.08957411036106529,-0.23292250835671402,0.0,1.0
-0.20490819384904468,-0.22470275191761555,0.11533591896623323,0.28854515545964454,-0.033964541812220514,-0.06484941930075917,1.263425552927945,-0.08957411036106529,1.3304005023266634,0.0,1.0
-0.19537967700343867,-0.2135497883711099,0.1052663533365774,0.32640967888689987,-0.033964541812220514,-0.07541988516803248,0.8923513256674933,-0.08846752765959748,0.5971926791677092,0.0,1.0
-0.22081401245625212,-0.2433810774442741,0.132551644578634,-0.7674298895284829,-0.03437708887877133,-0.466103101007771,-0.6003291896423625,0.11141149737121873,-0.23292250835671402,0.0,1.0
-0.1906343811568678,-0.19759273184161738,0.030705681491910882,-0.14702927985455141,-0.033964541812220514,-0.466103101007771,-0.31672617005176257,-0.032887056333168886,-0.23292250835671402,0.0,1.0
-0.18290452889591566,-0.19666827305309537,0.07684316104054956,-0.029343161656470638,-0.034244539980018245,-0.028857466474994275,-0.2919443650557228,-0.08782106139401279,0.4144609559116911,0.0,1.0
-0.18063665087497166,-0.1888595956349498,0.0399892218724728,0.01613916521491179,-0.03471212590564219,-0.1162275479421484,-0.1436690322251723,-0.06085492496338388,0.2904949316769498,0.0,1.0
0.052832657625762995,0.1562513660420165,-0.6870054835112847,-0.19117314652937806,-0.03397577495955627,-0.466103101007771,-0.6003291896423625,-0.07696145892950024,-0.23292250835671402,0.0,1.0
0.07259841657865028,0.14545761153494505,-0.4810655434105826,-0.2193149858194086,-0.033964541812220514,-0.466103101007771,-0.5380114433504045,-0.07781207785044655,-0.23292250835671402,0.0,1.0
0.08101573049533821,0.16344365202460145,-0.5443373987383068,-0.30548491770141495,-0.03397264966412038,-0.466103101007771,-0.49881954902918774,-0.07707730974778973,0.05537758082580199,0.0,1.0
0.11080212228077493,0.15503689756341432,-0.2865329069010138,-0.23836937612192688,-0.034086683854370074,0.7917077883047133,-0.5446652642977029,-0.08539082544367753,-0.004889519287739868,0.0,1.0
-0.23803152627204535,-0.24990739157094746,0.05964927257933185,-0.3399778480483144,-0.033964541812220514,-0.466103101007771,-0.6003291896423625,0.048838197179961296,-0.23292250835671402,0.0,1.0
-0.22510837860505511,-0.23858316186198278,0.07141054187760087,-0.02056041861620126,-0.033964541812220514,-0.466103101007771,-0.2540240883383097,-0.08327900166616813,-0.23292250835671402,0.0,1.0
-0.22505654781611417,-0.2343482292024843,0.04344943401285999,-0.1734353951418331,-0.033964541812220514,-0.466103101007771,-0.39034853523262875,-0.06492556352215306,3.2791820604598385,1.0,0.0
-0.22341766993674583,-0.23517119569526893,0.06004361600971446,-0.15719320523551789,-0.033964541812220514,0.2853529315645541,-0.436194170779001,0.0008662887224652172,0.26429043636953153,1.0,0.0
-0.22073246358252324,-0.23318275520078974,0.06492446278288797,0.3824579681652806,-0.034320174172191624,-0.466103101007771,-0.6003291896423625,-0.05477736360958649,-0.23292250835671402,1.0,0.0
-0.2181943256238536,-0.21965449208842588,-0.00833758724348673,-0.10425466816682186,-0.033964541812220514,-0.466103101007771,1.8983182913065983,-0.08957411036106529,-0.23292250835671402,1.0,0.0
-0.21639015027716946,-0.22281616649677652,0.025010403031178394,-0.02206729642596182,-0.03607610978617019,-0.466103101007771,2.3655938485391808,-0.07472159662566775,0.6789522394407791,1.0,0.0
-0.21434697644360481,-0.22607436678565837,0.0606213086778151,-0.11986154331344104,-0.03421000266390402,0.17472750786390331,2.5173923028585836,-0.046138635126106504,0.4523302052564498,1.0,0.0
-0.23800178332269914,-0.24598459894625965,0.03362542652761286,-0.49531003435152954,-0.033964541812220514,-0.466103101007771,-0.6003291896423625,-0.07642931686044788,-0.23292250835671402,0.0,1.0
-0.21595413120252815,-0.22962871506671326,0.07350562174660943,-0.19330534749089728,-0.03414317909754889,-0.466103101007771,-0.4784823636445703,-0.07616955841567827,-0.23292250835671402,1.0,0.0
-0.21241610329934166,-0.2274546943934701,0.08291793758369706,0.014249447478638724,-0.033430298701815575,-0.466103101007771,-0.22998945936043194,-0.07632558687662634,1.2466965479573313,1.0,0.0
-0.20775905159376373,-0.21830521073502165,0.05327086104768858,-0.15642074624709842,-0.034156062956296106,1.1346110288431384,0.7629578824189208,-0.06457651507426594,0.16098967306798462,1.0,0.0
-0.19312157569154165,-0.20965562752821304,0.09451606918328032,-0.060383528825830424,-0.033964541812220514,0.9978788083579603,0.3102893948305834,-0.08879232422868638,0.29976810439561863,0.0,1.0
-0.18296807441869442,-0.19803508075686177,0.08555062481677897,-0.20917639214236453,-0.033964541812220514,0.950991871706354,-0.4899307114858247,-0.08917695667237657,0.2822580032664544,0.0,1.0
-0.1539651537549785,-0.15826891636086224,0.016000612394880008,-0.1915665856794572,-0.033964541812220514,-0.466103101007771,-0.6003291896423625,-0.06572801337111665,-0.23292250835671402,1.0,0.0
-0.15056511550937363,-0.15237428961443297,-0.0003944953715346958,-0.44823761471371226,-0.033964541812220514,-0.466103101007771,-0.03436869291369338,-0.08125079842992262,-0.23292250835671402,0.0,1.0
-0.13904896890285817,-0.14887538261642183,0.054158646991618355,-0.19139528661766086,-0.03407047435069275,0.2692594009187901,-0.12697819410536562,-0.07269686283753589,0.24928961953257336,1.0,0.0
-0.12474815065522293,-0.13125083905932158,0.03312471053356123,-0.17787137110957688,-0.0344995214782219,0.33153209559451435,0.10869346181076986,-0.05378944610191364,0.05243159296343995,1.0,0.0
-0.23631590631419358,-0.24417353488674046,0.032928354011541004,-0.5913968198840324,-0.033964541812220514,-0.466103101007771,-0.6003291896423625,-0.06962955474724027,-0.23292250835671402,1.0,0.0
-0.20866035673889752,-0.21893419442010856,0.051375539312029046,-0.1810772832135884,-0.033964541812220514,-0.466103101007771,0.4420280307696725,-0.030933425606491878,-0.23292250835671402,0.0,1.0
-0.20388272426976636,-0.2131797781195119,0.04524172511878757,-0.18012572756520276,-0.033964541812220514,0.07036098231660741,0.5156943652063145,-0.0313178421810997,0.8827020598152707,0.0,1.0
-0.18471582908478568,-0.1915669764156623,0.03047993743510549,-0.16954522963129756,-0.033964541812220514,-0.1682418248766315,0.31315989039393155,-0.07370602154507172,0.34334844727597047,0.0,1.0
-0.18913300834071123,-0.19283957576840327,0.00909098375427019,-0.22215539654216002,-0.03335300126783753,-0.466103101007771,-0.6003291896423625,-0.039540115748707305,-0.23292250835671402,0.0,1.0
-0.1877337092975943,-0.18427427575910232,-0.03870000951291583,-0.21070368093360028,-0.033964541812220514,-0.466103101007771,0.6377490081446667,-0.03254660806538608,-0.23292250835671402,0.0,1.0
-0.17516638774349252,-0.20601570365337188,0.19170768984360603,-0.1941269277529506,-0.031638127315308816,-0.04285398439798644,0.9629785548535401,-0.05458578853228691,0.60188141240104,0.0,1.0
-0.1679407039028188,-0.1818927423762999,0.07934322362533894,-0.19113799677462434,-0.03406907352567316,-0.03495159637339127,-0.1085702224813308,-0.05603288899237406,0.23491742212209468,0.0,1.0
-0.23851997641191403,-0.24844537091415816,0.046569218859199984,-1.1080376737096473,-0.025627113029233504,-0.466103101007771,-0.6003291896423625,-0.03066157365047779,-0.23292250835671402,0.0,1.0
-0.20640813792299426,-0.22410883164519896,0.10121332866412001,0.1862793450081708,-0.032338998596988244,-0.466103101007771,-0.03544607212625235,-0.08624238258857322,-0.23292250835671402,0.0,1.0
-0.20298301627572723,-0.2128814722058277,0.04933692619107859,0.16531119059149293,-0.033964541812220514,-0.03246928368483492,-0.16931961896502312,-0.046633758613936926,1.8362075953627286,0.0,1.0
-0.19448781545280866,-0.21023225389949451,0.08912391487257035,0.25533116901769176,-0.034140385441669654,-0.06890899710383207,-0.07738583847061875,-0.05787700997507112,0.5543509050432724,0.0,1.0
-0.23780094593707007,-0.24266952197357708,0.012822373543337207,-0.7475037157793265,-0.03436069155988967,-0.466103101007771,-0.6003291896423625,0.23331728134402513,-0.23292250835671402,0.0,1.0
-0.23889410495582952,-0.2493719501323805,0.05023149864799628,-1.626635129353175,-0.02378932014411022,-0.466103101007771,-2.0164168667638545,0.7430391306222786,-0.23292250835671402,1.0,0.0
-0.19326814221097496,-0.20560584817643252,0.06644996372197595,-0.019530015722383887,-0.034130364362963385,0.7119908676915393,-0.3231052326033892,-0.04223395488308182,0.957139645525465,0.0,1.0
-0.1709665670495905,-0.20166889346653982,0.1910733931694463,0.09229108425743257,-0.03401457086953126,0.3014751498741019,-0.13079936436112555,-0.04701546664091464,0.37533061161070536,0.0,1.0
-0.20427777625130264,-0.21223258965288366,0.036235638061420154,-0.1517669113801844,-0.033964541812220514,-0.466103101007771,-0.6003291896423625,-0.08045444857777742,-0.23292250835671402,0.0,1.0
-0.2012520293154806,-0.20877661827661972,0.033610433179713774,0.0355836046381634,-0.033964541812220514,-0.466103101007771,0.11330069827397485,-0.0705879856902349,-0.23292250835671402,1.0,0.0
-0.1978690042471043,-0.20519018950277607,0.032531235582442794,-0.0593920133449541,-0.033964541812220514,0.5532843699249402,-0.12790785936424573,0.1990595019997999,1.5804676294436146,1.0,0.0
-0.18269587081315766,-0.1980046161611192,0.08718930870348059,-0.026848773142094932,-0.033964541812220514,0.5279110599366644,-0.12727672661827674,0.08662967606423634,0.40184671501384384,1.0,0.0
-0.23710710131997598,-0.24969763399458245,0.06450373955826355,-0.8067032498310628,-0.033964541812220514,-0.466103101007771,-0.6003291896423625,0.12240092862809182,-0.23292250835671402,1.0,0.0
-0.21457317091738157,-0.22104694133427194,0.02548037442655684,-0.18339553935064326,-0.033964541812220514,-0.466103101007771,-0.2004646044510685,-0.06737741436479902,-0.23292250835671402,1.0,0.0
-0.21243920212129544,-0.22276450296000364,0.051406131136579394,-0.10058288279262684,-0.033964541812220514,0.003921992115740586,-0.37478471696653515,-0.061558529106554516,1.0317437207580966,1.0,0.0
-0.19804999742274856,-0.21663461010179186,0.10781592667264443,0.12405424558414371,-0.033964541812220514,-0.07136294622330998,-0.038602480013674494,-0.07644775634195855,0.26493751334121524,0.0,1.0
-0.21279386718275325,-0.2244898337815987,0.060540061489613654,-0.22176526894821735,-0.033964541812220514,-0.466103101007771,-0.6003291896423625,-0.06039930138842928,-0.23292250835671402,0.0,1.0
-0.2106428815062065,-0.22426945727468336,0.07362524149769542,-0.1814259203666909,-0.033964541812220514,-0.466103101007771,-0.1904405996152424,-0.030698675036188033,-0.23292250835671402,0.0,1.0
-0.2086391578513474,-0.221049266005075,0.06565896615260282,-0.18645844369993056,-0.033964541812220514,-0.268512035466501,0.27674417934037265,-0.04781866171044223,0.8831253259105224,0.0,1.0
-0.2035179589073151,-0.22040517901179926,0.09601473200575797,0.03890406120027336,-0.033964541812220514,-0.31256924180931356,0.326783540862414,-0.01498226330537271,0.608093059459823,0.0,1.0
0.28871304883751997,0.25514762328579416,0.24834469869386094,1.0652007723330177,-0.033964541812220514,-0.466103101007771,-0.6003291896423625,-0.08925167134902375,-0.23292250835671402,0.0,1.0
0.2895541165041926,0.318380231287915,-0.1686934338619977,-0.028495176656855522,-0.033964541812220514,-0.466103101007771,0.6810004528356312,-0.07775903454413159,-0.23292250835671402,0.0,1.0
0.32592347098482183,0.33925031557764374,-0.062058884056173005,0.021683770387522037,-0.034238849894027756,-0.04826073011665152,0.14644793451226348,-0.08477849944503318,-0.07937935080750087,0.0,1.0
0.39179038031392766,0.3955207348379776,0.007560475882015778,0.0833569390388957,-0.03400678647226469,-0.06524310935668841,0.268818086586707,-0.08853609053149337,-0.10476026815735058,0.0,1.0
-0.17438459295149522,-0.18323206322676475,0.04468298957094494,0.12376736996304404,-0.033964541812220514,-0.466103101007771,-0.6003291896423625,-0.08721298744808263,-0.23292250835671402,0.0,1.0
-0.16796996437392772,-0.17272313472059697,0.017843347606491946,0.11884746430668791,-0.033964541812220514,-0.466103101007771,-0.2734970760239532,-0.05075601312376147,-0.23292250835671402,0.0,1.0
-0.16197756597450774,-0.17106095349834957,0.047289339977507096,0.1511255953194319,-0.033964541812220514,-0.466103101007771,0.6896147270309574,-0.054324335515650454,0.32057247408459794,0.0,1.0
-0.16336253809441234,-0.17632819281817055,0.0731286850178476,0.24121289409097385,-0.033964541812220514,-0.18811538713241982,0.8387425168276845,-0.06483859460273397,0.25215291088108804,0.0,1.0
-0.23758585110791636,-0.2482709938240635,0.05172587066600832,-0.2882560211581798,-0.033964541812220514,-0.466103101007771,-0.6003291896423625,0.3288340496750362,-0.23292250835671402,0.0,1.0
-0.2185647258947821,-0.2254335747869561,0.02779050297022434,-0.15113666379273372,-0.033964541812220514,-0.466103101007771,-0.05031455843140472,-0.043411600383859716,-0.23292250835671402,0.0,1.0
-0.2165160594626589,-0.225113168879055,0.0395144285438423,-0.1901177233115281,-0.03396542052080798,-0.05236491186842736,-0.011443601675550277,-0.0431440050769742,1.8226228687164585,0.0,1.0
-0.21169335795368396,-0.22366409503720283,0.06246827979069227,-0.20449811674539387,-0.033964541812220514,-0.017413770422597962,0.6025720376799327,-0.04472833655389565,-0.26598289922823737,0.0,1.0
-0.2171978137323752,-0.22883180931015973,0.059760456334322413,-0.21013080845466656,-0.033964541812220514,-0.466103101007771,-0.6003291896423625,-0.06556050897631577,-0.23292250835671402,0.0,1.0
-0.21491946755605074,-0.22460621121889246,0.04693142840122985,-0.18007979955134393,-0.033964541812220514,-0.466103101007771,0.12261120118399395,-0.08029996036035038,-0.23292250835671402,0.0,1.0
-0.20791932642030692,-0.22284045315622625,0.08250565871000291,-0.054757501317433795,-0.033964541812220514,-0.09579302492404587,-0.19075052709121548,-0.08606585077551154,0.6977661689908538,0.0,1.0
-0.20421210701309575,-0.2184285154092273,0.07810190045794597,-0.03133065974195605,-0.033964541812220514,-0.053687210063141214,-0.03666018361966735,-0.07488948004448229,0.09577253992774151,0.0,1.0
-0.23020240323205263,-0.24667247441071247,0.09101247277265082,-0.7812578393729247,-0.033964541812220514,-0.466103101007771,-0.6003291896423625,0.002975318182310777,-0.23292250835671402,0.0,1.0
-0.19504221980341035,-0.20546931067833293,0.05352971531497547,0.0861969639826044,-0.033964541812220514,-0.466103101007771,0.602202221457508,-0.06483876350489705,-0.23292250835671402,0.0,1.0
-0.18738109106541279,-0.201836525958401,0.08109600829793905,0.30534796780513973,-0.033964541812220514,1.156994287603531,0.0127287516462708,-0.07317177561692018,0.5465546122949525,0.0,1.0
-0.18024184859708448,-0.1990465285804378,0.11076433953378728,0.5985817454664327,-0.033964541812220514,0.4269153838308007,0.775932943929671,-0.07922483646956116,0.1944404914381442,0.0,1.0
0.026565826077797006,-0.012754900215507152,0.2650755872726025,0.2863151445087451,-0.033964541812220514,-0.466103101007771,-0.6003291896423625,-0.06090247996474266,-0.23292250835671402,0.0,1.0
0.05162137308632221,0.008315518530268963,0.2937958404956527,0.42648632614837506,-0.033964541812220514,-0.466103101007771,-0.01294235729375831,-0.05176907164661994,-0.23292250835671402,0.0,1.0
0.06513199285029453,0.03469912709480024,0.2088564001321859,0.43547981453128587,-0.033964541812220514,-0.14082303629101106,-0.13158691388959373,-0.060411723125116105,-0.08906449363550324,0.0,1.0
0.08869658000225111,0.0475373653907569,0.2825202472951707,0.565407471230459,-0.03397969890786348,-0.16778747449871206,-0.0991542333537577,-0.07723370984552473,-0.1240839485281466,0.0,1.0
-0.23915275914054726,-0.24992322686210938,0.05216632084924411,-1.9021434143763454,-0.033964541812220514,-0.466103101007771,-0.6003291896423625,-0.030006520973493135,-0.23292250835671402,0.0,1.0
-0.23766239550434423,-0.24922268648543028,0.05757017431582948,-2.3157205759448525,-0.033964541812220514,-0.466103101007771,0.31487973071986325,0.369030969100721,-0.23292250835671402,0.0,1.0
-0.20760842474486654,-0.22192740259013843,0.07850588536773703,0.6403397121129306,-0.03443299139190408,-0.26119441496760687,0.31182248617355246,0.01025589372114119,0.940663243038392,0.0,1.0
-0.2002246610362093,-0.2142738068338521,0.07731445488692881,0.47848621036277333,-0.03424806392793334,-0.2607119246252342,1.4181029172947157,-0.08957411036106529,0.5386915583448889,0.0,1.0
-0.2383579894577372,-0.2521419813357595,0.07237864404242106,-5.020703129758936,-0.033964541812220514,-0.466103101007771,-0.6003291896423625,0.12232560211115062,-0.23292250835671402,0.0,1.0
-0.23708671784886193,-0.24854622799150086,0.05694417399266854,-0.6225439071017462,-0.033964541812220514,-0.466103101007771,-0.23916233467537382,-0.007139385774803305,-0.23292250835671402,0.0,1.0
-0.21813264758811168,-0.22901327628021226,0.054646407023924676,-0.05593243083756777,-0.033964541812220514,-0.31631451512752473,-0.006810791892797852,-0.012829621532573707,1.2737554147798804,0.0,1.0
-0.2149671584842102,-0.22725105798008444,0.06429031052801625,-0.14771488508668487,-0.033964541812220514,-0.4335199035326646,0.28637227528696435,-0.08923920259328492,0.6061657752201017,0.0,1.0
-0.18927969547970386,-0.1990029729155527,0.04930249472314411,0.2914200085731928,-0.033964541812220514,-0.466103101007771,-0.6003291896423625,-0.06094991638347826,-0.23292250835671402,0.0,1.0
-0.1766014778193269,-0.18644048581695777,0.05112785307183113,0.20042058320584222,-0.033964541812220514,-0.466103101007771,0.2973180101751845,0.09368243999341842,-0.23292250835671402,0.0,1.0
-0.17593563334002235,-0.18439564585586984,0.041964048216495166,0.19222174504268025,-0.03397061897228493,-0.10944912870416489,0.5039751253159774,-0.061455113961736786,0.14612110566577552,0.0,1.0
-0.17151544653061118,-0.1789127329304694,0.03522603146419726,-0.058751838528981734,-0.03403251893797908,-0.07597719335007569,0.4427976088479243,-0.05335704141657669,-0.03096117920982205,0.0,1.0
-0.23624041010878996,-0.24493073128113377,0.038501439432055966,-0.6000821612366224,-0.033964541812220514,-0.466103101007771,-0.822141385895086,-0.08566988147044773,-0.23292250835671402,1.0,0.0
-0.21102517849837807,-0.22363436510241985,0.06679194978949522,1.013778688565032,-0.033964541812220514,0.39494136889656745,-0.5425939782539456,0.414369247016311,1.0059737824644888,1.0,0.0
-0.20673556183289543,-0.2194111888035989,0.06759195029018525,0.9426048948437049,-0.033964541812220514,0.07915576031771153,-0.5094366828527697,0.017441577129210524,0.496585357811404,0.0,1.0
-0.20454020261875924,-0.21418382880881381,0.04750413681357293,1.0737779094029125,-0.03410433506840717,-0.466103101007771,-0.6003291896423625,-0.08594360639780248,-0.23292250835671402,0.0,1.0
-0.2030315501300468,-0.20984926130500528,0.028737111725637848,0.8097624718185157,-0.03434990917436849,-0.466103101007771,0.32345903437946266,-0.03888946844845014,-0.23292250835671402,1.0,0.0
-0.19929826402488288,-0.2125437743606482,0.07201873327352075,1.1622940486781157,-0.03450802580024982,-0.3813424526305209,0.23741940844551374,-0.0822702521495547,1.0573115562275155,0.0,1.0
-0.1906425129254918,-0.20659520386121866,0.09083511991925415,0.8826384823305001,-0.03449232176954939,-0.3736507087160087,0.22196281379627567,-0.06468888520614895,0.5446765617865158,0.0,1.0
-0.20984071999581175,-0.22877273435651813,0.10916037714714397,-0.25679731387812094,-0.03369545215297703,-0.466103101007771,-0.6003291896423625,-0.0653360677143518,-0.23292250835671402,0.0,1.0
-0.2077215863474554,-0.22504793259263675,0.09860174216320718,0.06188445007607657,-0.033964541812220514,-0.466103101007771,0.32275947444071723,-0.0715922225029477,-0.23292250835671402,0.0,1.0
-0.20479747690866462,-0.22266111768488486,0.10243628790452879,-0.20515240223809,-0.033964541812220514,0.06786935108974987,-0.08433167017958815,-0.008217625965341308,0.6507791928006764,0.0,1.0
-0.19991295699381734,-0.22329868146014337,0.13975839979139715,1.084700817810288,-0.033964541812220514,0.07978405824832345,0.07982338242912919,-0.06950162893659294,0.4034767244862144,0.0,1.0
-0.2369465873704468,-0.19803877566408395,-0.2797662593232579,-1.0255972752467926,-0.07126780572504719,-0.466103101007771,-0.6003291896423625,-0.08669597103102669,-0.23292250835671402,1.0,0.0
-0.23556454115657757,-0.22698665180467578,-0.07688614499987358,-0.5778069522138671,-0.033964541812220514,-0.466103101007771,-0.32758075924698876,-0.08957411036106529,-0.23292250835671402,1.0,0.0
-0.1672935746767465,-0.18343554235307744,0.09403729775971686,0.6553354518851268,-0.035751879487567174,1.3010141632715888,-0.1752861992832513,-0.06904407099202751,0.8697291327916633,0.0,1.0
-0.15075667347712132,-0.17809740744726163,0.17027646189201465,0.879589960273429,-0.035506861021612636,1.2723391274118787,-0.047282289292604675,-0.08193834200419645,0.4044648182550692,1.0,0.0
-0.1857394066651577,-0.22896886383818374,0.27359595765155653,-0.481148480779291,-0.03402089506115943,-0.466103101007771,-0.6003291896423625,0.1272368976648779,-0.23292250835671402,0.0,1.0
-0.23907609659338147,-0.26523316688147974,0.15503716197773468,-0.22449516231268282,-0.033964541812220514,-0.466103101007771,-0.6003291896423625,-0.2934418471524983,-0.23292250835671402,0.0,1.0
-0.17624850442955406,-0.19341258864325175,0.1001276680053243,-0.22170222981920545,-0.035664307643481004,-0.466103101007771,0.27104602211297735,-0.06371322463437308,0.70947983773404,0.0,1.0
-0.1633028590986184,-0.17641518828039218,0.0741142022391234,-0.21209918719910245,-0.039469261304377196,0.8542856901729097,0.6164506075211226,-0.06570280661914343,0.46079031790329483,0.0,1.0
-0.21155309909655656,-0.23643676319109255,0.14880706428067061,-0.11991103894727284,-0.033935869266564604,-0.466103101007771,-0.6003291896423625,-0.04953849646431561,-0.23292250835671402,1.0,0.0
-0.0537178151320048,-0.056702230622177864,0.015495888467199565,-0.19400716500010926,-0.03442618887939356,-0.466103101007771,0.4828116745019853,-0.08752991074654774,-0.23292250835671402,1.0,0.0
-0.021019433881011726,-0.05439656084736832,0.22139346716815358,-0.13915126895992466,-0.0340741052994309,-0.466103101007771,0.029667500495405487,-0.07659801989727914,0.287898831939348,0.0,1.0
-0.019628177199915643,-0.05204785904329803,0.2151080377870222,-0.10014763052369192,-0.03374947176808311,-0.466103101007771,0.17919253696603848,-0.08163702640588491,0.1443097280052705,0.0,1.0
-0.16894855121136293,-0.15228138919200773,-0.12543976997859405,-0.513570676268477,-0.033964541812220514,-0.466103101007771,-0.6003291896423625,-0.06955687239146804,-0.23292250835671402,1.0,0.0
-0.15746354032214616,-0.15940202225401937,-0.0001022563777643358,-0.14849822929030132,-0.033964541812220514,-0.466103101007771,-0.00718165400100081,-0.06910348284381866,-0.23292250835671402,1.0,0.0
-0.13443756764456125,-0.1754827699804338,0.26324899956964576,0.011388762183154337,-0.033964541812220514,5.285993852521061,0.46399072240973505,-0.06969346489180174,0.06038691224420147,1.0,0.0
-0.2045366110126706,-0.22601798856440908,0.12664368305505086,0.9766855156272687,-0.033964541812220514,-0.466103101007771,-0.6003291896423625,-0.07914934093045163,-0.23292250835671402,0.0,1.0
-0.20033632512228106,-0.21953788148777534,0.11175074594819992,0.7817481274352862,-0.033964541812220514,-0.466103101007771,-0.33988301299321777,-0.061753309376416064,-0.23292250835671402,0.0,1.0
-0.18548107131108796,-0.21403334435709043,0.17549559950861132,0.5515027517079413,-0.03397802922142164,-0.466103101007771,-0.36866956099534715,-0.017039240082820154,0.1748572788447903,0.0,1.0
-0.18177636534039573,-0.18132425012117376,-0.018100937434228255,-0.1426617710193698,-0.033964541812220514,-0.466103101007771,-0.6003291896423625,-0.07320682438412174,-0.23292250835671402,1.0,0.0
-0.17826962798487794,-0.18251798080801868,0.01361411708010701,-0.1443734143947656,-0.033964541812220514,0.0351578580243883,-0.6003291896423625,-0.08003881294444701,0.26028101027352796,0.0,1.0
-0.16902949010986418,-0.1805580521215358,0.06305117394025639,-0.14722313881155344,-0.033964541812220514,0.03758437570196732,-0.5920048197915161,-0.07230165091215968,0.21207195989949168,0.0,1.0
-0.1398659225329528,-0.14068166162320295,-0.006148433127697561,0.8183838046001174,-0.03703315009953009,-0.466103101007771,-0.6003291896423625,-0.08914561402092099,-0.23292250835671402,0.0,1.0
-0.23362473757997088,-0.22462658159090373,-0.07953485799973156,-0.9153729044281862,-0.033964541812220514,-0.466103101007771,1.1720447298632939,-0.03285126703174511,-0.23292250835671402,0.0,1.0
-0.1144066297647124,-0.147219295420224,0.20987336495180953,1.2686540836386602,-0.03599697249565731,1.0834532927027305,-0.24829456786773332,-0.08126803064367806,0.6058077578104519,0.0,1.0
-0.09775074495262862,-0.14459597110082997,0.30506724195613943,1.7817226102230717,-0.03589463880802039,1.082128117657991,0.10217769798750855,-0.08948141592105685,0.3851863627575717,0.0,1.0
-0.1105192343617369,-0.08433346649399216,-0.18422804257507877,-0.17414926959798066,-0.03454680971372725,-0.466103101007771,-0.6003291896423625,-0.07885490579131736,-0.23292250835671402,1.0,0.0
-0.09905753884537863,-0.09128340737531512,-0.06018946708271709,-0.05477498447538569,-0.033964541812220514,-0.466103101007771,-0.07385919591982712,-0.08483525772360678,-0.23292250835671402,1.0,0.0
-0.08789821469752669,-0.08649926717697998,-0.0166436035926216,-0.014857076486604106,-0.03374796987155362,-0.466103101007771,-0.15177414359256305,-0.08752173531593815,0.2154385931995265,0.0,1.0
-0.05121363316638262,-0.08299616591653305,0.20822846506798498,0.07000971582144566,-0.03356763348949562,0.14789202111906102,-0.21850261804131094,-0.08957411036106529,0.1348216909445188,0.0,1.0
-0.17717536646102366,-0.22332291634518767,0.29381475345464086,1.8383051453992632,-0.033964541812220514,-0.466103101007771,-0.6003291896423625,-0.0068570246081536635,-0.23292250835671402,1.0,0.0
-0.16925374162120735,-0.20311587651507543,0.21233982797150522,1.4070012041870927,-0.033964541812220514,-0.466103101007771,-0.34394318832761933,0.02398916689196056,-0.23292250835671402,1.0,0.0
-0.1628152575279302,-0.18784063355982394,0.15379727226129117,1.6350824248669755,-0.033964541812220514,0.30470783767038756,-0.4935261876913615,-0.023139349957900474,0.8784107675216379,0.0,1.0
-0.14394299854135362,-0.18591695838320618,0.2686695698672035,1.315233811177712,-0.033964541812220514,0.24133960767455898,0.40236048413520914,-0.02331821087800044,0.5268864187737117,0.0,1.0
-0.19289823164840353,-0.20032480115828505,0.03364809080744535,-0.3438353354134161,-0.033964541812220514,-0.466103101007771,-0.6003291896423625,-0.07526644701771061,-0.23292250835671402,1.0,0.0
-0.19693896484250634,-0.2037330888427605,0.0290848053389025,-0.17261324948329182,-0.033964541812220514,-0.466103101007771,-0.46988483680405096,-0.0618540294718175,-0.23292250835671402,1.0,0.0
-0.1932888693772953,-0.19927360773046499,0.023976573380650932,-0.036734534580133975,-0.033964541812220514,0.27521530938176547,-0.3841798515504854,-0.07807559380256714,0.8160682824115032,0.0,1.0
-0.1851422989346366,-0.19544062727418574,0.05349009668815154,-0.05006498134051344,-0.033964541812220514,0.3187359250442246,0.36758278484445517,-0.06116802571636107,0.4343130933596153,0.0,1.0
-0.21004910615552813,-0.224170831674214,0.07698473371695858,0.12715167909629932,-0.033964541812220514,-0.466103101007771,-0.6003291896423625,-0.08947258508692167,-0.23292250835671402,0.0,1.0
-0.20969219993328175,-0.21827262017507335,0.039968896946396264,-0.08916716157702971,-0.033964541812220514,-0.466103101007771,0.18534264138279513,-0.08957411036106529,-0.23292250835671402,0.0,1.0
-0.2062286616617495,-0.2189488840686514,0.06793213290692635,-0.060276392380822656,-0.033965901366183764,0.5860833098368449,0.03972962190792677,-0.08634772047348299,0.7682368708531971,0.0,1.0
-0.1939354519357742,-0.2134738651332846,0.11453369846657072,0.3281138180043302,-0.033964541812220514,0.24017961082426845,0.9971899910147999,-0.08642661594898744,0.44691472046918906,0.0,1.0
-0.18537608573956374,0.0664586871264586,-1.698975005866313,-0.2254343283811044,-0.033964541812220514,-0.466103101007771,-0.6003291896423625,-0.07446990809121279,-0.23292250835671402,1.0,0.0
0.44465801710290725,0.4695308212594323,-0.12939834563025074,-0.08330678045826885,-0.033964541812220514,0.24762855623151928,1.587979564614239,-0.08946516614058737,0.5745897715901407,1.0,0.0
0.39630067557716964,0.519104353472069,-0.7881095933607271,-0.1265356405865716,-0.033964541812220514,0.2992204534449046,2.2159063201504106,-0.08447918553518807,0.27556326172283446,1.0,0.0
-0.22458351811098898,-0.21498212551154863,-0.0828177208673656,-1.11490553959283,-0.033964541812220514,-0.466103101007771,-0.6003291896423625,0.011325205465663778,-0.23292250835671402,1.0,0.0
-0.16262872131923323,-0.15757224710291617,-0.04729428437379245,0.5292492008278237,-0.033964541812220514,2.8549967817491697,-0.5061619139541632,-0.08377590869922417,0.33870662437663723,0.0,1.0
-0.2120013802780066,-0.20946305816178312,-0.03455508762492826,-0.7088672342141459,-0.03398609273868593,-0.466103101007771,-0.6003291896423625,-0.08617976103732918,-0.23292250835671402,1.0,0.0
-0.17972387170608556,-0.1848860057128514,0.019602413921345898,-0.11150133868257374,-0.03406491819055809,-0.466103101007771,-0.09366447148579751,-0.058275203875658814,-0.23292250835671402,1.0,0.0
-0.17500588402193765,-0.1831843188339492,0.04015873192304787,-0.2411837794352638,-0.034728769417563934,1.8364352729446167,-0.009580761500622426,-0.044148818582649706,0.28977528510490713,1.0,0.0
-0.16927652707918903,-0.17550275525798828,0.027582842356661984,-0.21910254839167026,-0.034427247018798256,1.9850867394391305,0.2543360175477047,-0.047716788892988214,0.24226652598885154,1.0,0.0
-0.14455152615790084,-0.15831367997618542,0.08001392112136033,-0.2210760992154916,-0.033964541812220514,-0.466103101007771,0.6331595426340633,-0.02411491924132451,-0.23292250835671402,1.0,0.0
-0.1723448070462546,-0.1739977914810896,-0.003245305858497651,-0.3128736856043574,-0.033964541812220514,-0.466103101007771,-0.17659628293384363,-0.05401929260362089,0.5183307840457876,0.0,1.0
-0.13148747597677807,-0.14540765309415607,0.08215402519533603,-0.06090436574488284,-0.033964541812220514,0.8388975723227095,-0.47952150649131414,-0.07799691117973136,0.13795922987337678,0.0,1.0
-0.18120734256931337,-0.1705221845723064,-0.08646498224375827,-0.2147475204526113,-0.033964541812220514,-0.466103101007771,-0.6003291896423625,-0.06871772515728024,-0.23292250835671402,1.0,0.0
-0.17771995319068107,-0.18494579729567692,0.03356521800709309,-0.17848049659237877,-0.033964541812220514,-0.466103101007771,0.23390259852260908,-0.08074869160568941,-0.23292250835671402,1.0,0.0
-0.16332360460475479,-0.1699390415887077,0.03067862734314249,-0.18864580656658123,-0.033964541812220514,-0.466103101007771,0.1248899536266672,-0.08018623239202931,0.1481272071789184,1.0,0.0
-0.05677994738112161,-0.06544067888284084,0.053189917020637134,-0.02767171213188366,-0.03418249167504529,-0.466103101007771,-0.6003291896423625,0.0179108311232759,-0.23292250835671402,1.0,0.0
-0.07792539288366286,-0.052819719377563884,-0.17430358968470958,-0.19192148164410677,-0.033964541812220514,-0.466103101007771,0.8140480618205819,0.05897483562636066,-0.23292250835671402,1.0,0.0
-0.06295414008872677,-0.08060493429493454,0.11277928221408064,-0.17459491836429078,-0.033964541812220514,1.3982990851426713,1.0709802898035707,0.04715084602019538,0.6499896441452566,1.0,0.0
-0.04110222935414804,0.038557796761318625,-0.5359628285821921,-0.16431537299511312,-0.033964541812220514,1.3946246800395328,0.001286591743336321,-0.04472646933068118,0.331249479211598,1.0,0.0
-0.162425839925838,-0.11706481390495284,-0.3167265961195082,-0.4148891669400607,-0.033969140567713454,-0.466103101007771,-0.6003291896423625,-0.05927206890695782,-0.23292250835671402,1.0,0.0
-0.14289561305825588,-0.12148737326048856,-0.15497433076022848,-0.4060611115698281,-0.033964541812220514,-0.466103101007771,-0.21338202512315055,-0.08044521235173957,-0.23292250835671402,1.0,0.0
-0.1371894549247273,-0.1309568534519705,-0.05304688654992832,-0.34832317886629105,-0.033964541812220514,1.4992668146080794,-0.4221144364850205,-0.06818646842562202,0.190942227413577,1.0,0.0
-0.09225900483850426,-0.0981707012260878,0.03186871866328021,-0.20587397674045585,-0.033964541812220514,-0.466103101007771,-0.4001170573735552,-0.07806007370774988,0.022364173727193966,1.0,0.0
-0.19757210555024107,-0.19329034409463006,-0.04501363884873689,0.16027451484084168,-0.037005955822588484,-0.466103101007771,-0.6003291896423625,-0.07061824845551444,-0.23292250835671402,0.0,1.0
-0.19585531202050735,-0.20897579780636147,0.0714684969798088,0.013672611404850703,-0.033964541812220514,-0.466103101007771,-0.10936795448721677,-0.06056630527819866,-0.23292250835671402,1.0,0.0
-0.19142707932218764,-0.20679019127091383,0.08682851112853912,0.742685103758961,-0.033964541812220514,0.4731603053700801,-0.17368787394128388,-0.0882902071285298,0.4328425009149909,0.0,1.0
-0.18221457690477535,-0.20496393731497606,0.1369721829196985,1.1615316281099692,-0.03437195557052139,-0.466103101007771,-0.053245901682552776,-0.08060682358052561,0.26954255302968627,0.0,1.0
-0.166022721180408,-0.17026603070152335,0.014596285206158747,-0.2079928963841081,-0.034818959095129914,-0.466103101007771,-0.6003291896423625,-0.035680241424165156,-0.23292250835671402,0.0,1.0
-0.15933243987747817,-0.16647156468983387,0.034510720343663856,-0.15729548250468425,-0.03426739354662389,-0.466103101007771,-0.1160316360462179,-0.05849326873981628,-0.23292250835671402,1.0,0.0
-0.16055087130215293,-0.16883676181946888,0.04207615577750976,-0.21981557502141308,-0.03430492145911891,-0.006408983047441338,-0.11051761771717047,-0.03660326824955474,0.65202046373662,1.0,0.0
-0.14609289723111143,-0.1560400294575403,0.054381394049810905,-0.2081737859952805,-0.03539569438672124,-0.022407394461127543,0.04831880309180234,-0.046507823868207974,0.35132721432762803,0.0,1.0
-0.23788270360255073,-0.21514642801647957,-0.17173189035888348,-0.43132670170736026,-0.033964541812220514,-0.466103101007771,-0.6003291896423625,-0.08957411036106529,-0.23292250835671402,1.0,0.0
-0.1798302779079751,-0.16907725179022517,-0.08680447498985093,-0.25518943389048504,-0.033964541812220514,-0.466103101007771,-0.06815376041109117,-0.04589050651742033,-0.23292250835671402,0.0,1.0
-0.17477587768793545,-0.1772714757093063,0.002186184208199435,-0.18913049655596792,-0.033964541812220514,1.836863807297062,2.175304553656036,-0.03208115584014673,0.7168689868627456,0.0,1.0
-0.16282803385496547,-0.18114407572593225,0.10894211424816626,-0.17656879899679764,-0.03396232525509424,1.7768793403926357,2.7231932722614434,-0.04268857408314491,0.424260801022569,0.0,1.0
-0.14504942535894927,-0.1383193177989035,-0.05702486451518536,-0.6611407172212844,-0.033964541812220514,-0.466103101007771,-0.6003291896423625,-0.05320080443384253,-0.23292250835671402,1.0,0.0
-0.13336880886931662,-0.15498890779975807,0.1334744695063461,0.00914205123537273,-0.033964541812220514,-0.466103101007771,-0.4487656001474778,-0.00754874138118548,-0.23292250835671402,1.0,0.0
-0.1289589637763619,-0.149367966630447,0.1257436930845116,0.29934966323564277,-0.033964541812220514,1.0452446010909962,-0.25805525388329786,0.1488600432159076,0.6125910534008541,1.0,0.0
-0.10145108199118327,-0.12572790362587438,0.1538831158022039,0.7839130087243946,-0.033964541812220514,-0.466103101007771,0.22394459109470788,-0.0303217821384385,0.316885513945141,0.0,1.0
0.8820246610437217,1.0357544672657715,-0.9545699621215211,-0.24538183108147477,-0.03421402726581275,-0.466103101007771,-0.6003291896423625,-0.08558822362789857,-0.23292250835671402,1.0,0.0
0.9236303107452195,1.1502325451431454,-1.4382948323922782,-0.20318440369160315,-0.03401999401661232,-0.466103101007771,0.9005700489496319,-0.057193568327282306,-0.23292250835671402,1.0,0.0
0.9693220882123986,1.071202937615219,-0.6007013441343031,-0.14664329070643561,-0.03427122998016301,1.312907552424425,0.850995201095684,-0.02439180017410139,0.00032212777637029993,0.0,1.0
0.9806104040455892,1.1712244097971716,-1.1929752125505952,-0.1463914542476028,-0.034446004378838706,1.3880511875293882,0.7626223066957273,-0.08234695427264843,-0.055196224800481586,0.0,1.0
-0.23941977875019912,-0.24748247569971937,0.034041836270362794,0.5459825080410959,-0.033964541812220514,-0.466103101007771,-0.6003291896423625,0.3117424736206367,-0.23292250835671402,0.0,1.0
-0.1503900124125317,-0.14851266720001413,-0.025025560616284994,-0.21466335201937684,-0.03407801036593986,-0.466103101007771,0.0985209416333168,-0.06921016865322703,-0.23292250835671402,0.0,1.0
-0.1394968513696538,-0.18698749812100493,0.3059192393682467,0.6111949654725088,-0.033964541812220514,2.534274528996463,0.5229777462312437,-0.07277611733375763,0.9687842030738214,0.0,1.0
-0.12850750451640597,-0.12073678792206925,-0.06260952018840958,-0.1150598612582492,-0.0374877694908154,2.205811746337731,0.3323404952151999,-0.08296976188971031,0.7770620712368502,0.0,1.0
-0.13234645053402228,-0.10214270006714812,-0.21290014688493072,-0.22121157050979035,-0.03453852111785414,-0.466103101007771,-0.6003291896423625,-0.05590838893865468,-0.23292250835671402,1.0,0.0
-0.12484724861676626,-0.0907047996510982,-0.23860957663056342,-0.18854232942052776,-0.034184615229221144,-0.466103101007771,-0.06605748716469442,-0.05359100344975999,-0.23292250835671402,1.0,0.0
-0.10912580917373886,-0.10036347833815279,-0.06763106954162063,-0.19021872184262983,-0.034404772467826694,1.1374700524600332,-0.07619586867807883,-0.08868328874302571,0.24245334936400154,1.0,0.0
-0.09783947262992514,-0.06791798741729597,-0.20815074792188476,-0.21725942344241705,-0.03428134244780796,1.3186676446157977,-0.1657151512231457,-0.03863171532943437,0.11974232867668091,1.0,0.0
-0.16208109141452445,-0.14164239070363868,-0.15008408479785698,-0.21798288316482453,-0.03507631370193916,-0.466103101007771,-0.6003291896423625,-0.07469177064802798,-0.23292250835671402,1.0,0.0
-0.14340361432374155,-0.11355436567784531,-0.21144738075088734,-0.2152877530500435,-0.03409444433147385,-0.466103101007771,4.189818116979091,-0.07717841614247418,-0.23292250835671402,1.0,0.0
-0.14029008368211573,-0.11905250474174812,-0.1536172776141427,-0.21715125842365315,-0.035080397116461784,1.142617029567653,2.9918819697578325,-0.07223519206082524,0.538188220988535,1.0,0.0
-0.20320827700598557,-0.19830788670468524,-0.049616897427810565,0.19277311216968945,-0.03583728798621492,-0.466103101007771,-0.6003291896423625,-0.08696702125401097,-0.23292250835671402,0.0,1.0
-0.18828030053387562,-0.2073474150945004,0.11185200893358874,1.2057451031568422,-0.033964541812220514,-0.466103101007771,0.44155351535676984,-0.08516917869898741,-0.23292250835671402,1.0,0.0
-0.17145835644673296,-0.17830963448423245,0.031580522216025864,0.2528143602518128,-0.03582745940245298,2.7961950016788117,-0.3274756699465319,-0.05915113152078839,0.3073379719826824,1.0,0.0
-0.17083173078230088,-0.161280981304941,-0.07802042960390577,0.16431204308214437,-0.037334923294052656,3.361644047231284,-0.15080360523485067,-0.08358590300405516,0.16885531934270817,1.0,0.0
-0.13807206033493472,-0.08560036762708628,-0.36224358118114725,-0.18587081897870353,-0.0346596599518139,-0.466103101007771,-0.6003291896423625,-0.0602178708231149,-0.23292250835671402,1.0,0.0
-0.1267205260977995,-0.08766836520852106,-0.27158799914079795,-0.19226715416258186,-0.03402758299675545,-0.466103101007771,-0.2780258237358244,-0.06684389701068259,-0.23292250835671402,1.0,0.0
-0.10880116057176832,-0.04306339969640494,-0.44850356644953304,-0.17532799225580864,-0.03507561773029443,2.44411088464251,-0.3128190290117033,-0.0702459128707066,-0.008782406784720387,1.0,0.0
-0.09123867887224665,-0.03398661533711643,-0.3903170854454787,-0.38095668160628965,-0.0350282956019259,2.5593765023971713,-0.3658248244523271,-0.07953650402629597,0.04252351048769254,1.0,0.0
-0.20148171170484763,-0.20323347190062344,-0.005001871690637977,-0.21237270783858606,-0.035089299983142926,-0.466103101007771,0.6798744406490382,-0.07210806692752714,-0.23292250835671402,1.0,0.0
-0.1944652282059157,-0.19755977118393658,0.004557090594703847,-0.21171288410138944,-0.0359195933624364,3.0576329114676186,-0.3060773732104282,-0.06349578927811032,0.9794844767711687,1.0,0.0
-0.18783518244165875,-0.2034752064209664,0.08897770764991932,-0.19360518935092397,-0.03504895120156047,3.082828874686747,-0.16252765906486624,-0.08595715907577077,0.5248288122208656,1.0,0.0
0.060835293665278414,0.09980769694536659,-0.2554969870723432,0.2970973916132116,-0.033964541812220514,-0.466103101007771,-0.6003291896423625,-0.08069286412225135,-0.23292250835671402,1.0,0.0
0.08860328588710585,0.2306246377772411,-0.9421096258887485,-0.17655390891010014,-0.033964541812220514,-0.466103101007771,-0.00423248505732355,-0.05234235947850373,-0.23292250835671402,1.0,0.0
0.0985684294901038,0.22190409132064579,-0.816363051219187,-0.13387699504407952,-0.033985808559941585,-0.466103101007771,-0.09974781965320947,-0.0643539556861073,-0.023775439091412765,1.0,0.0
0.12996237827600596,0.24836565714300537,-0.7807843176544337,-0.12653945911394424,-0.033964541812220514,1.7915802905652627,-0.12345341070620018,-0.08100940051733185,-0.028182891596161448,1.0,0.0
-0.1479391010877537,-0.118315982938631,-0.2103118441151766,-0.22288500310042675,-0.03452203735150285,2.3255886191236943,-0.6003291896423625,-0.06919919583751193,0.011674624363984072,1.0,0.0
-0.1358901639565245,-0.1235396574884128,-0.09383931037896082,-0.21833630254281872,-0.033840526602647705,-0.466103101007771,-0.5955367746044955,-0.03875652480008704,-0.022201758495413018,1.0,0.0
0.21871459424638443,0.31369959687409055,-0.6168634439117906,-0.22018498089788377,-0.033964541812220514,-0.466103101007771,-0.6003291896423625,-0.07669892310787305,-0.23292250835671402,1.0,0.0
0.3154508465086182,0.3412173171835034,-0.14609056922688823,-0.21308614461925235,-0.033964541812220514,-0.466103101007771,-0.5898486910158847,-0.08150871165178213,-0.23292250835671402,1.0,0.0
0.29871568748902727,0.418885949305167,-0.7785990449562028,-0.2096600926240956,-0.03444363321454144,2.3031089356514607,-0.5871278069331288,-0.08073940556714458,-0.06587898107389999,1.0,0.0
0.3469188368350924,0.48947646265002553,-0.9242674475985575,-0.21355504818938653,-0.0339859266697997,-0.466103101007771,-0.1211481704781557,-0.07512612252478194,-0.08277859970946931,1.0,0.0
0.011318782303500759,-0.006612774493555639,0.12081723130019281,0.43201044616687645,-0.034012048514398284,-0.466103101007771,-0.6003291896423625,-0.08773779267500073,-0.23292250835671402,0.0,1.0
0.027843245933654167,0.03229371303529952,-0.02744322662630815,0.33961655901266063,-0.0339596435500589,-0.466103101007771,0.2993402546709454,-0.08531126324455292,-0.23292250835671402,0.0,1.0
0.06381014690622121,0.0731606482444187,-0.057218097522522264,0.05620249986828452,-0.03410112773024893,-0.24513318674091913,0.28654881665122345,-0.08922912166498015,-0.06300298389408483,0.0,1.0
0.08017513666602796,0.08133741847583766,-0.0011196854874956372,0.026061413567994424,-0.03368632025724895,-0.22382393012429122,0.35459172810293565,-0.08957411036106529,-0.05398465387512095,0.0,1.0
-0.19406634108669513,-0.20963502863468822,0.08798392391634059,-0.025816257506835156,-0.03430573504550881,-0.466103101007771,-0.6003291896423625,-0.03900182123326404,-0.23292250835671402,1.0,0.0
-0.19885563274118281,-0.2111761586190925,0.06587162534449675,0.013498757038124809,-0.034479346823170776,-0.466103101007771,0.03842114956653427,-0.010470637982580374,-0.23292250835671402,1.0,0.0
-0.1897167571023491,-0.18401445090444304,-0.05385884281927821,-0.12130296613072479,-0.03551134761416495,1.2409088235696721,-0.16110928167912641,-0.007544999325525082,0.47877812400480685,1.0,0.0
-0.18147022126011741,-0.18567555968236868,0.013061061626409567,-0.09598192934526281,-0.034864191614629184,-0.466103101007771,-0.07636597308361477,-0.07165918689399131,0.1709058499029418,1.0,0.0
-0.13527294168007645,-0.11940718012859242,-0.11728874417062551,-0.05316675013061596,-0.033964541812220514,-0.466103101007771,0.142338473766729,-0.08187105938900859,-0.23292250835671402,1.0,0.0
-0.1152779935730669,-0.11803145348009761,0.008845441125983339,-0.04556310706782993,-0.03402403969525999,2.6999382814609145,0.05293882507847752,-0.08434093220845441,0.6558619529573348,1.0,0.0
-0.10551707105175678,-0.11451845616691941,0.0514245404183813,0.017456767800593735,-0.033964541812220514,-0.466103101007771,0.02139972964261508,-0.08160006657443498,0.3845120808107626,0.0,1.0
-0.14298437071409784,-0.15050646813077792,0.0384270945309824,-0.2230340122768181,-0.033964541812220514,-0.466103101007771,-0.6003291896423625,0.05668831076990872,-0.23292250835671402,1.0,0.0
-0.1312257498728742,-0.15551545528813718,0.15149943129258156,-0.18812893383620732,-0.033964541812220514,-0.466103101007771,0.499333933907276,0.002307977846366166,-0.23292250835671402,1.0,0.0
-0.130371864085547,-0.15731391495792468,0.16930206018172309,0.023119460172353154,-0.033964541812220514,1.3799773293893545,0.14189957617467877,-0.0016342538719681932,-0.23292250835671402,1.0,0.0
-0.10453833731944889,-0.12804019838218766,0.1484461616735197,-0.10582715471910795,-0.033964541812220514,0.5110586050691501,1.1965784097132461,-0.06821527983628592,-0.23292250835671402,1.0,0.0
-0.2356027981891744,-0.24569459318389297,0.04792364142585815,-0.5576698189173883,-0.033964541812220514,-0.466103101007771,-0.6003291896423625,0.9090696134844654,-0.23292250835671402,1.0,0.0
-0.14415626520826838,-0.13933261111223388,-0.044205510287292776,-0.2118537214940159,-0.03366076386121707,1.0803506145576423,-0.021170577003957226,-0.05595619025261723,-0.23292250835671402,1.0,0.0
-0.13298219179240212,-0.07862449294609172,-0.37442994447621125,-0.27561551372465554,-0.03606289537681878,1.1375955794735144,0.35773505980286513,-0.026036528099791886,-0.23292250835671402,0.0,1.0
-0.08695001993311875,-0.09994696967158538,0.07967634163244665,-0.08839267271106806,-0.03415904931971931,-0.466103101007771,-0.6003291896423625,-0.06893673873296967,-0.23292250835671402,0.0,1.0
-0.08723013170259938,-0.09263704527713622,0.028911226483759055,0.08783245959786942,-0.034218786881477094,-0.466103101007771,0.10052679935698805,-0.0389776239726331,-0.23292250835671402,0.0,1.0
-0.07810292900398423,-0.08149590022059457,0.016204465590849777,0.08585520203528754,-0.03406727064866804,-0.22935391910774264,0.20509464977042505,-0.054234343169637676,-0.23292250835671402,0.0,1.0
-0.05286535932129532,-0.043458052244058146,-0.06727612751235604,0.061805009996631785,-0.03406447250968851,-0.23212499597011407,0.2638559178630457,-0.07970584904984229,-0.23292250835671402,0.0,1.0
1.2278104099263916,0.7461418561675244,3.3219593825648532,0.7167115225965314,-0.0340010293571466,-0.466103101007771,-0.6003291896423625,-0.07787233938608841,-0.23292250835671402,1.0,0.0
1.2806232417020333,0.8923289649348597,2.7021025711733038,0.6356497839680529,-0.03396230336494018,-0.466103101007771,0.5254585997643559,-0.07945749566763517,-0.23292250835671402,0.0,1.0
0.004818642393874159,-0.0248672181427186,0.19885941653345185,-0.006851546563868716,-0.034163158213378224,1.6665119171532121,0.9622646079682291,0.007828354972275749,-0.23292250835671402,0.0,1.0
0.19784533790882458,0.30219847990903076,-0.6812236370261038,-0.18461425654171504,-0.033576162690536024,-0.466103101007771,-0.6003291896423625,-0.07145343028708184,-0.23292250835671402,0.0,1.0
0.26272556689860277,0.36749469288061815,-0.6786227936492508,-0.17586872600245418,-0.033964541812220514,-0.466103101007771,-0.5785409011521495,-0.07141221429717531,-0.23292250835671402,1.0,0.0
0.33329681503280445,0.40047708474267735,-0.42147506344346153,-0.19817322617410915,-0.033774669046999106,-0.287862254579642,-0.5212537041484193,-0.0792247840354181,-0.23292250835671402,0.0,1.0
0.33471128692314833,0.4723702417706734,-0.892530845965163,-0.20447059272838022,-0.03387074865094654,-0.33042438473510183,0.6160336976554913,-0.08579764636336408,-0.23292250835671402,0.0,1.0
-0.23879337880657978,-0.25224601557627024,0.07012731085863708,-0.22543951685162658,-0.028342184396337886,-0.466103101007771,-0.6003291896423625,-0.08957411036106529,-0.23292250835671402,1.0,0.0
-0.23038265540859126,-0.23946578443147665,0.04161339102395703,-0.2208389757175263,-0.034014802378988684,-0.466103101007771,-0.32142647970846366,-0.08957411036106529,-0.23292250835671402,1.0,0.0
-0.22745942099063868,-0.23719283929447219,0.046203271125351934,-0.22156223636099426,-0.035255549853890726,2.6617431489307894,-0.36683710477941084,-0.0648583406498615,-0.23292250835671402,1.0,0.0
-0.22641194627728214,-0.23782360598296207,0.05750975334379514,-0.17287832336384032,-0.035184599021560584,2.3432084861163025,-0.1507634391691614,-0.06018120853312837,-0.23292250835671402,1.0,0.0
-0.2391453304569861,-0.25285570240486227,0.071821160526257,-0.22543951685162658,-0.033964541812220514,-0.466103101007771,-0.6003291896423625,24.636550216417298,-0.23292250835671402,1.0,0.0
-0.19563181755560885,-0.2095277634927472,0.0766712412168963,-0.06012673268507236,-0.033964541812220514,-0.466103101007771,0.3290143257029513,-0.08510984541045104,-0.23292250835671402,1.0,0.0
-0.1921395111664905,-0.20822060329613334,0.09156934757941919,-0.010487780576581814,-0.033964541812220514,1.2817260580539802,0.1235940941694631,-0.08491181433452337,-0.23292250835671402,1.0,0.0
-0.18954308345309168,-0.18329764193838843,-0.05747547417758984,-0.1116487411180135,-0.034481139590724186,1.4335404334839028,-0.21481527900293637,-0.08651191648042461,-0.23292250835671402,1.0,0.0
-0.22857703086375145,-0.23894183851770337,0.05033160985972464,-0.10924435352273604,-0.035695324068384604,-0.466103101007771,-0.6003291896423625,-0.06159473916099885,-0.23292250835671402,1.0,0.0
-0.22820703636125275,-0.23718748707067946,0.0411074210323372,-0.18744377099947584,-0.036059020582997627,-0.466103101007771,-0.43668803124878613,-0.026569664390959393,-0.23292250835671402,1.0,0.0
-0.2278895942489183,-0.23643642505066548,0.03823486171673094,-0.19564606545106383,-0.036070443137952,2.826573247334914,-0.40416167334355685,0.040229226822421686,-0.23292250835671402,1.0,0.0
-0.22852612817530857,-0.2377095176885173,0.042437664706960684,-0.15017612415555115,-0.03485517016743632,-0.466103101007771,-0.3785916859164109,0.022593465140358798,-0.23292250835671402,1.0,0.0
-0.2248236527847418,-0.23429441095778406,0.044665939740126726,-0.12860774652565302,-0.033787186071353455,-0.466103101007771,-0.6003291896423625,0.1472123495680585,-0.23292250835671402,1.0,0.0
-0.2230114809255769,-0.23352254009010467,0.051771013032211086,-0.259239310752025,-0.03397666500515656,-0.466103101007771,1.1867180030259592,0.10172884753338578,-0.23292250835671402,0.0,1.0
-0.22278830000099487,-0.23269818157994418,0.047770456722565656,-0.2134984078372838,-0.03462447339346426,-0.3154662426038609,1.1010495954090762,0.06991551112590562,-0.23292250835671402,0.0,1.0
-0.22080196619497058,-0.23268633220386936,0.06113529931088389,-0.11423139842334286,-0.03429356337013522,-0.24494590163078656,0.8525576067079851,0.032193283370641305,-0.23292250835671402,1.0,0.0
-0.23112809804003814,-0.24328249986902906,0.062084021839512595,-0.22543951685162658,-0.034276123646930154,-0.466103101007771,-0.6003291896423625,-0.05355172242151175,-0.23292250835671402,0.0,1.0
-0.2293715321504076,-0.2413757474246193,0.061225683107759714,-0.09941917321141049,-0.033964541812220514,-0.466103101007771,-0.497161873041136,-0.08795806777544915,-0.23292250835671402,1.0,0.0
-0.22902391028368538,-0.24048203424188858,0.0576037189777228,-0.14178514519428073,-0.033964541812220514,1.2571240455972448,-0.35030038036740546,-0.08479239255798118,-0.23292250835671402,0.0,1.0
-0.22759087479628026,-0.23927754554772848,0.059250499892934794,-0.07209354736565474,-0.033964541812220514,0.9984602951261041,-0.2781372777408287,-0.05579903956193153,-0.23292250835671402,0.0,1.0
-0.230243546845887,-0.24093249388553964,0.05236034995298674,-0.34031964019225264,-0.03530469639226614,-0.466103101007771,-0.6003291896423625,-0.03639639720016709,-0.23292250835671402,1.0,0.0
-0.23015250888080302,-0.24074868082079218,0.051747669623660675,-0.20181868286961735,-0.033964541812220514,-0.466103101007771,-0.18490292198047253,-0.06386079186516389,-0.23292250835671402,1.0,0.0
-0.2288720338584763,-0.23953219349744373,0.05228166411843849,-0.20188578642451097,-0.03515983343582882,1.639777944378716,-0.3778117939812924,-0.06592657901985356,-0.23292250835671402,1.0,0.0
-0.22853119754734325,-0.239576594691929,0.05488537559073819,-0.22517827499248613,-0.03520365786550002,1.9732295917616287,-0.46471281630913064,-0.08119843632356274,-0.23292250835671402,1.0,0.0
-0.23092002048299545,-0.24655451142688603,0.08536681845024027,-0.4377985193286003,-0.033964541812220514,-0.466103101007771,-0.6003291896423625,-0.05656918414460305,-0.23292250835671402,1.0,0.0
-0.2216264818249814,-0.22865536499302963,0.02860641107645481,-0.20675679546817938,-0.033964541812220514,-0.466103101007771,-0.6003291896423625,-0.07582224748639672,-0.23292250835671402,1.0,0.0
-0.21900079134799666,-0.2264268290844699,0.03147932129512446,-0.1817878393832122,-0.033964541812220514,1.1955200888521973,-0.6003291896423625,-0.08258224938956593,-0.23292250835671402,1.0,0.0
-0.21920594687858044,-0.22705646780505148,0.03430011286049771,-0.10684153249001138,-0.033964541812220514,-0.466103101007771,-0.6003291896423625,-0.0401638638029274,-0.23292250835671402,1.0,0.0
-0.21862353445469185,-0.22763102087919482,0.04208311774202937,-0.12578961578700962,-0.033964541812220514,-0.466103101007771,-0.6003291896423625,-0.07564450012302733,-0.23292250835671402,0.0,1.0
-0.21804751874702358,-0.22727886654882928,0.043627485091739936,-0.27517995231796194,-0.033964541812220514,-0.466103101007771,-0.3311968151928883,-0.07283724921175301,-0.23292250835671402,1.0,0.0
-0.21168980461432688,-0.21952416769750832,0.03481555842837696,-0.17284757262129044,-0.033964541812220514,0.7268339396344625,-0.42514782438436255,-0.08474136598856814,-0.23292250835671402,1.0,0.0
-0.20820196167793642,-0.22062206271020593,0.06576203736296114,-0.20442158702087548,-0.033964541812220514,2.0333157889395155,-0.38835795872863726,-0.07169196983632421,-0.23292250835671402,1.0,0.0
-0.20988183098593488,-0.28731301192809916,0.5002430718454276,-5.078918684616394,-0.033964541812220514,-0.466103101007771,-0.6003291896423625,-0.13377365834419253,-0.23292250835671402,0.0,1.0
-0.19998061504399792,-0.19351108087999408,-0.059839403083452786,-0.15510460012208602,-0.033964541812220514,-0.466103101007771,-0.4792203242140281,-0.06494513574417425,-0.23292250835671402,1.0,0.0
-0.19782035488721256,-0.19724062392968428,-0.020284943778206506,-0.1301055297051073,-0.033964541812220514,-0.22809284714322559,-0.45066974888456496,-0.039670900276774064,-0.23292250835671402,1.0,0.0
-0.19789163170051705,-0.19626025163983468,-0.027321475198789448,-0.11547375284195904,-0.03451079784031237,0.9303068350812077,-0.4360199547488017,-0.08041315029072818,-0.23292250835671402,1.0,0.0
-0.2314927327313001,-0.24486946162829992,0.07022543242612506,-0.19994916670380988,-0.033964541812220514,-0.466103101007771,-0.6003291896423625,-0.08639401327274937,-0.23292250835671402,0.0,1.0
-0.228490817152007,-0.24178251161249062,0.06990595905786326,0.7021577078259817,-0.033964541812220514,-0.466103101007771,-0.48695109162177236,-0.08957411036106529,-0.23292250835671402,0.0,1.0
-0.22901736561452607,-0.24125428859723289,0.06281078863216313,0.2890354723021141,-0.033964541812220514,-0.466103101007771,0.25119090338536276,-0.0879295681925272,-0.23292250835671402,0.0,1.0
-0.2503976477001182,-0.2645461028469325,0.07381650753820079,-2.0529663208304214,-0.033964541812220514,-1.0909859596216178,-0.2824331226561436,-0.10046772597385525,-0.23292250835671402,0.0,1.0
-0.23107219845710283,-0.237537497583596,0.024055142247511388,-0.21476759438560705,-0.033964541812220514,-0.466103101007771,0.8840214266001045,-0.08957411036106529,-0.23292250835671402,1.0,0.0
-0.22921168354824287,-0.23610045165025112,0.027040501381876345,-0.21579795559273532,-0.033964541812220514,1.7345056945372326,0.3656643901015287,-0.042489613381034366,-0.23292250835671402,1.0,0.0
-0.22717567441069508,-0.23816365527880948,0.05461396997442194,-0.20971416149985408,-0.034964325236611936,-0.466103101007771,-0.6003291896423625,-0.08474112967658505,-0.23292250835671402,1.0,0.0
-0.22881067006842837,-0.23631332336783553,0.031177789337913382,-0.18615124132075275,-0.033964541812220514,-0.466103101007771,-0.45367229266718645,-0.040861566145951926,-0.23292250835671402,1.0,0.0
-0.22864494496597898,-0.22775485293820594,-0.024916717408598212,-1.3092629708742027,-0.03792276628468638,1.416346785384667,-0.4013081508169303,-0.03750973088656774,-0.23292250835671402,1.0,0.0
-0.2267112660062066,-0.2332714690376738,0.025051346496098807,-0.22915004220822868,-0.033964541812220514,1.47637134204947,-0.3281559096024998,-0.07854445981504733,-0.23292250835671402,1.0,0.0
-0.2387164346374312,-0.2485790460017681,0.046133196738430804,0.13960279542518345,-0.03414778690482251,-0.466103101007771,-0.6003291896423625,0.08779740876044283,-0.23292250835671402,1.0,0.0
-0.22187921771579525,-0.22894283059594725,0.028817626075468807,-0.029727267130987584,-0.03442403347862045,-0.466103101007771,-0.6003291896423625,-0.053910045853780134,-0.23292250835671402,1.0,0.0
-0.22071547826770754,-0.225821003912392,0.015823703541277843,-0.1075421861650897,-0.03494711459288016,-0.466103101007771,-0.6003291896423625,0.0035744074915078695,-0.23292250835671402,1.0,0.0
-0.21692582103472288,-0.2397667515495991,0.1347050519367749,0.29074043812458505,-0.033964541812220514,-0.466103101007771,-0.6003291896423625,0.19571384507252482,-0.23292250835671402,1.0,0.0
-0.21545094308068577,-0.23395140445072535,0.10580993440756326,-0.20145312923295478,-0.03193981184912229,-0.466103101007771,-0.6003291896423625,-0.06974631649350017,-0.23292250835671402,0.0,1.0
-0.21264887365523386,-0.21948675390536468,0.02807418900021148,-0.17700764293559323,-0.03453643138867105,-0.466103101007771,-0.4448289010965187,-0.016742704817941538,-0.23292250835671402,0.0,1.0
-0.2062383759448842,-0.21709605341775273,0.0554796036705403,-0.1997496043633433,-0.034870137408760375,1.2930490608616072,-0.6003291896423625,-0.060258482091716754,-0.23292250835671402,1.0,0.0
-0.20569015846068472,-0.21728571377672815,0.06045803372112833,-0.20378541532763972,-0.03526234329077514,-0.466103101007771,-0.5973373458581428,-0.06964957038291378,-0.23292250835671402,1.0,0.0
-0.2074248714014413,-0.21586408233360188,0.03921294194144895,-0.21389227304623465,-0.034306638079103856,-0.466103101007771,-0.6003291896423625,-0.07827958708865636,-0.23292250835671402,1.0,0.0
-0.1988198953171584,-0.19300161823127168,-0.055389254014158014,-0.21033904409158796,-0.034054566938155346,-0.466103101007771,-0.38061203229725465,-0.08893237342724332,-0.23292250835671402,1.0,0.0
-0.20078743539669913,-0.2001888522816153,-0.020657096767246988,-0.19973490507906674,-0.03436694827508749,0.9433287961518322,-0.36766480383364814,-0.05805675026385927,-0.23292250835671402,1.0,0.0
-0.22243430451916676,-0.2312270205982102,0.040331203165800744,-0.08165913358448937,-0.033964541812220514,4.624254247067654,-0.5990212733868298,-0.08957411036106529,-0.23292250835671402,1.0,0.0
-0.23853373003953082,-0.24908913208574465,0.05077988494256451,0.5987842077454273,-0.03526858240919793,-0.466103101007771,-0.6003291896423625,-0.022126961066665844,-0.23292250835671402,1.0,0.0
-0.23081298843488365,-0.24172061495375397,0.05377505862077393,-0.22786481833851532,-0.033964541812220514,-0.466103101007771,-0.014989286810295321,0.07485460593382456,-0.23292250835671402,1.0,0.0
-0.23070498384748878,-0.24381413535320084,0.06850193383674417,-0.22989219285403412,-0.033964541812220514,1.4130338385594625,-0.4844396009628635,-0.08851066126907912,-0.23292250835671402,1.0,0.0
-0.22935676701139862,-0.24052190339057586,0.055617390413217754,-0.14531658515174006,-0.03537912278610411,1.5472781223052972,-0.5354720507365109,0.057124833049259596,-0.23292250835671402,1.0,0.0
-0.2070439001663559,-0.1995554581313169,-0.06723703762722287,-0.16862940130154208,-0.033964541812220514,-0.466103101007771,-0.6003291896423625,-0.08957411036106529,-0.23292250835671402,1.0,0.0
-0.20135816130185152,-0.19824404618482397,-0.037521594671244655,-0.1712421403630111,-0.035364380170056706,2.094930759135457,-0.6003291896423625,-0.07586729390704652,-0.23292250835671402,1.0,0.0
-0.19966113386154008,-0.20441183165916324,0.01519802666958009,-0.18123313816474557,-0.034853066484022796,-0.466103101007771,-0.6003291896423625,-0.08957411036106529,-0.23292250835671402,1.0,0.0
-0.23894072459185028,-0.2478233698110372,0.03956319690836679,-0.5875067935092783,-0.033964541812220514,-0.466103101007771,-0.6003291896423625,-0.006450796202404092,-0.23292250835671402,1.0,0.0
-0.22486509812381886,-0.23456254917516084,0.04617801804026605,-0.256713877509435,-0.033964541812220514,-0.466103101007771,-0.6003291896423625,0.003410995316548423,-0.23292250835671402,1.0,0.0
-0.2232773419526195,-0.23423736270431572,0.054750415169333225,-0.32321772050896935,-0.033964541812220514,-0.466103101007771,-0.6003291896423625,-0.050294537835698205,-0.23292250835671402,1.0,0.0
-0.22313374119305257,-0.23323711850500628,0.04903538468548483,0.004458134342312564,-0.033964541812220514,0.7898406985650168,-0.6003291896423625,-0.08329705032578341,-0.23292250835671402,1.0,0.0
-0.3362393343364478,-0.33801681636712494,-0.016008094273861864,-0.225445006229525,-0.033964541812220514,-0.466103101007771,-0.6003291896423625,-0.09446642302040144,-0.23292250835671402,0.0,1.0
-0.10070080893434334,-0.11221257090346388,0.06860674285274977,-0.1791056156835868,-0.03421055961949041,0.019043437361850254,-0.26968782134032526,-0.0884504793978444,-0.23292250835671402,0.0,1.0
0.1045809099880839,0.09275289271891653,0.08774918767014882,-0.3277529036710593,-0.033964541812220514,-0.466103101007771,-0.6003291896423625,-0.08709744406968896,-0.23292250835671402,1.0,0.0
0.08422236233135214,0.07930353415746763,0.039870246637217534,-0.17115735646702865,-0.033964541812220514,-0.466103101007771,1.8235345714953672,-0.08295462809963647,-0.23292250835671402,1.0,0.0
0.12016280423970985,0.09284559854099039,0.19259201211171958,-0.15732368800986052,-0.033964541812220514,1.6164218579667362,1.582202466680158,-0.04932934779238637,-0.23292250835671402,1.0,0.0
0.1249054536860955,0.133822632737351,-0.04925332366060567,-0.1983079417206843,-0.033964541812220514,1.7225658335225247,1.5766140091637393,-0.07331928775717358,-0.23292250835671402,1.0,0.0
-0.205102757077801,-0.2361368503069838,0.19045975680830468,-3.024677994022844,-0.033964541812220514,-0.466103101007771,-0.6003291896423625,-0.0737877546341441,-0.23292250835671402,1.0,0.0
-0.2079893845175669,-0.2277840437050429,0.11508100937453991,0.4247675734513441,-0.033964541812220514,-0.466103101007771,-0.6003291896423625,-0.07409601736874334,-0.23292250835671402,1.0,0.0
-0.2058289526013506,-0.2082203496015468,-0.0010862947932729955,-0.18329156034560387,-0.03747031033333742,5.747648097207695,-0.49068563641948965,-0.08808230893395251,-0.23292250835671402,1.0,0.0
-0.1842946553858485,-0.19074278411919643,0.027820562472440427,-0.207152297915508,-0.03719438601203438,3.263638023267392,-0.591675677566757,-0.08865456678492253,-0.23292250835671402,1.0,0.0
-0.21375151665136125,-0.22409180447151794,0.05139746717284755,-0.19256695257603684,-0.033964541812220514,-0.466103101007771,-0.6003291896423625,-0.046864596215300036,-0.23292250835671402,1.0,0.0
-0.21912039392924648,-0.21956444390014163,-0.015207476708941313,-0.22122204732826353,-0.033964541812220514,-0.466103101007771,-0.5711242247780718,-0.07590012837252735,-0.23292250835671402,1.0,0.0
-0.21787120292984619,-0.22266241722246075,0.013958362533677313,-0.22372647817005076,-0.033964541812220514,-0.3874317258689512,-0.4980314749466612,-0.05021782762693866,-0.23292250835671402,1.0,0.0
-0.21728372677694324,-0.2212689792640037,0.008618974972737968,-0.17402607732504324,-0.033964541812220514,4.266703423229395,-0.6003291896423625,-0.04512482776821002,-0.23292250835671402,1.0,0.0
-0.18189177321776034,-0.18374401872384158,-0.002705103721431735,-0.20178386668363366,-0.033964541812220514,-0.466103101007771,-0.6003291896423625,-0.05206547657594363,-0.23292250835671402,1.0,0.0
-0.180798622487187,-0.17592883362000042,-0.047553429866751,-0.18178327033016686,-0.033964541812220514,-0.466103101007771,-0.36147665023742387,0.11902284445137565,-0.23292250835671402,1.0,0.0
-0.17941122034165755,-0.1842044843962023,0.01716233188943986,-0.07743958434832532,-0.033964541812220514,3.0199535374690902,-0.25200684144414853,-0.08651893062526043,-0.23292250835671402,1.0,0.0
-0.2163999077646785,-0.23998478678219512,0.1397222161952414,0.6798987462896394,-0.033964541812220514,-0.466103101007771,-0.6003291896423625,0.06537494491935401,-0.23292250835671402,1.0,0.0
-0.20632086861376142,-0.2226359039065134,0.09195698685161448,-0.19535841909929405,-0.033964541812220514,-0.466103101007771,-0.5131446694170906,-0.08502326832465971,-0.23292250835671402,1.0,0.0
-0.1972257450749045,-0.19866435812780006,-0.006742329401201638,-0.21253618949582662,-0.033964541812220514,0.7746232652078083,-0.6003291896423625,-0.08596324068319157,-0.23292250835671402,1.0,0.0
-0.19047593378718605,-0.1420186760131728,-0.33975268326840785,0.030034273310274185,-0.033964541812220514,1.6025872298443113,-0.5639659023197445,-0.08759764562166351,-0.23292250835671402,1.0,0.0
-0.17728480314116887,-0.19379270722264322,0.09565492746261496,-0.1772257739149843,-0.033964541812220514,-0.466103101007771,-0.6003291896423625,0.14340803943728037,-0.23292250835671402,1.0,0.0
-0.17295082122628289,-0.16223214818829418,-0.08600416058608039,-0.22395730862817642,-0.033964541812220514,-0.466103101007771,-0.3413443467993668,-0.04021154225572488,-0.23292250835671402,1.0,0.0
-0.1742897794531291,-0.19224322084920523,0.1055672562940796,0.25535259565394747,-0.033964541812220514,0.32222058734808323,-0.2606353343391422,-0.03954245857117487,-0.23292250835671402,0.0,1.0
-0.1621745262524889,-0.1598110686219748,-0.029252910111282494,0.011573415447857595,-0.033964541812220514,0.07559870270737967,0.17465164558523286,-0.07864967182827722,-0.23292250835671402,0.0,1.0
-0.1938311474062647,-0.1791830454943411,-0.11400570943210328,-0.3915431785762366,-0.033964541812220514,-0.466103101007771,-0.6003291896423625,-0.07252433795808444,-0.23292250835671402,1.0,0.0
-0.17173710419239585,-0.17499021970903839,0.007502504070138171,-0.19091231828186433,-0.03360498090226203,-0.466103101007771,-0.2539541537976713,-0.0656956240655092,-0.23292250835671402,1.0,0.0
-0.14755319326795555,-0.17483742843975517,0.17016447845997487,-0.11486702412903319,-0.033964541812220514,0.014207021381801832,-0.710484162270243,0.004120701293830021,-0.23292250835671402,1.0,0.0
-0.1589697934691567,-0.1632598330010052,0.015493732919810157,-0.14248706441283565,-0.03380293364578202,0.5867848895858353,-0.25000259542700665,0.3155604728870069,-0.23292250835671402,1.0,0.0
1.0662876426655055,1.3212593568468802,-1.6161206398603567,0.17525694113188428,-0.033964541812220514,-0.466103101007771,-0.6003291896423625,0.015036198396977054,-0.23292250835671402,1.0,0.0
1.6781363122792834,1.6495997593272818,0.32997807481333563,0.1931825576203823,-0.03442256635698609,-0.466103101007771,-0.09315590126083918,-0.050675355388394475,-0.23292250835671402,1.0,0.0
1.8517947518334896,1.9464554163922458,-0.4792306939695143,0.24863959050537107,-0.03455770332026565,0.13544682029057867,-0.07686909171532716,-0.0554942334775773,-0.23292250835671402,1.0,0.0
-0.1786319962981043,-0.2051721022035111,0.16261173521380282,-0.7906208776042819,-0.033964541812220514,-0.466103101007771,-0.6003291896423625,0.09791743062481627,-0.23292250835671402,1.0,0.0
-0.13731672002219275,-0.16522609012662146,0.17519282864874786,-0.09059691692972377,-0.033964541812220514,-0.466103101007771,-0.12613642595146074,-0.02305577145761788,-0.23292250835671402,1.0,0.0
-0.12216340011430793,-0.15807168212050457,0.22992514879993678,0.3472901580061778,-0.033964541812220514,0.7741427508672688,0.017059471116163884,-0.0627465878046619,-0.23292250835671402,0.0,1.0
0.07868278333612934,0.12461237735302284,-0.30052763361714696,-0.22492030307304997,-0.033964541812220514,-0.466103101007771,-0.6003291896423625,-0.08083897295760013,-0.23292250835671402,1.0,0.0
0.08998137369856571,0.3131118995281398,-1.4842367288378935,-0.19853697271319998,-0.033964541812220514,-0.466103101007771,-0.013334943140135926,-0.047286525182993415,-0.23292250835671402,1.0,0.0
0.10657082041092411,0.17685172210452502,-0.461010787628347,-0.08647526212914593,-0.033964541812220514,1.9703916258730503,0.2725868871348716,-0.047886921512202446,-0.23292250835671402,1.0,0.0
0.14985840370779085,0.156534096429228,-0.032198398780230404,-0.15116393483144125,-0.0339725187092821,1.870041010699233,0.220480383954425,-0.019894193328731775,-0.23292250835671402,1.0,0.0
0.5653166973645843,0.5580089801573805,0.09574765896808157,-0.08665155115922081,-0.033964541812220514,-0.466103101007771,-0.25550239343929165,-0.0515924252154935,-0.23292250835671402,1.0,0.0
0.6399102034443646,0.6709137591840074,-0.15418820764021213,-0.09221807762406653,-0.033964541812220514,-0.466103101007771,-0.44663670593163696,-0.05369582002041083,-0.23292250835671402,1.0,0.0
-0.19793367978470192,-0.2068509078302719,0.04319593996889859,-0.21130073041394892,-0.033964541812220514,-0.466103101007771,-0.6003291896423625,-0.07301659936751345,-0.23292250835671402,1.0,0.0
-0.20624703674666311,-0.21517676049822212,0.04258988263650709,0.16503583096293287,-0.033964541812220514,-0.466103101007771,-0.6003291896423625,-0.03398997576795911,-0.23292250835671402,1.0,0.0
-0.19796777385540282,-0.2060995839031795,0.037942335077932425,-0.2158072065140421,-0.033964541812220514,1.5162669059252596,-0.6003291896423625,0.025844305105691738,-0.23292250835671402,1.0,0.0
-0.11646593399551441,-0.08980165424289573,-0.18792033173708209,-0.26978764537387984,-0.033964541812220514,-0.466103101007771,-0.6003291896423625,-0.08463488419704455,-0.23292250835671402,1.0,0.0
-0.10822300739380986,-0.06082924810314875,-0.32581994465261593,-0.14327600883542807,-0.033964541812220514,-0.466103101007771,0.5335800302287332,-0.06260424558381014,-0.23292250835671402,1.0,0.0
-0.09260419914842301,-0.07510219498584451,-0.12468817858453027,-0.15851344059357542,-0.033964541812220514,2.1937392560975506,0.29199819196252863,0.09977036413098153,-0.23292250835671402,1.0,0.0
-0.07206936653478122,-0.07378716775759427,0.0055058907039418,-0.1416807121368813,-0.03396237276335256,2.4020101076394464,0.4344106621254019,-0.019903730725398926,-0.23292250835671402,1.0,0.0
-0.21433024982600185,-0.2314632286471064,0.0967608271120431,-0.2862885702730585,-0.033964541812220514,-0.466103101007771,-0.6003291896423625,0.0190462774728575,-0.23292250835671402,1.0,0.0
-0.20864608007383492,-0.2283134759204657,0.1141757391483801,0.30693517494774686,-0.033964541812220514,-0.466103101007771,-0.6003291896423625,-0.0649028773446217,-0.23292250835671402,1.0,0.0
-0.2093006222888181,-0.2222941855109549,0.06950468588875257,0.0737775266937943,-0.033964541812220514,-0.12753234040868153,-0.5998588258500709,-0.07788355679640195,-0.23292250835671402,1.0,0.0
-0.21141049768061923,-0.22617114939582747,0.08114323698575682,-0.1443720491797072,-0.033964541812220514,-0.466103101007771,-0.5963328409691129,0.0974356641508185,-0.23292250835671402,1.0,0.0
-0.1756514453700832,-0.18797370984965545,0.0678080421256517,-0.22530489206282003,-0.033964541812220514,-0.466103101007771,-0.6003291896423625,-0.04210819403190353,-0.23292250835671402,1.0,0.0
-0.1989026673155414,-0.20408197745787146,0.01812635570130899,-0.23037866949088454,-0.033964541812220514,-0.466103101007771,-0.6003291896423625,0.0075975858232619434,-0.23292250835671402,1.0,0.0
-0.1929236568054838,-0.19876550549887795,0.023051603647479938,-0.18978431719575248,-0.0342625380258066,1.2508431999353102,2.555206673960008,0.010645684344676276,-0.23292250835671402,1.0,0.0
-0.17927026122097742,-0.19441536121886968,0.08637944114284136,-0.13191811267949188,-0.033964541812220514,1.4293928622684262,3.6792500545583047,0.01679125893811263,-0.23292250835671402,1.0,0.0
-0.09653231458602017,-0.13139358002385187,0.22505160534596358,-0.2739283898168916,-0.03449760858747317,-0.466103101007771,-0.6003291896423625,0.004109082672245826,-0.23292250835671402,1.0,0.0
-0.07441944484561216,-0.05404133718742394,-0.14240744293161164,-0.21579198115319595,-0.033964541812220514,-0.466103101007771,-0.29655695090112905,-0.04429522995245403,-0.23292250835671402,1.0,0.0
-0.060470523581623914,-0.1593161183390898,0.6557991565564609,-0.18523548607795925,-0.035354834571074696,2.8295754196322522,0.2513866719978172,0.03692330430689267,-0.23292250835671402,1.0,0.0
-0.08331976515100482,-0.05419590896065606,-0.20161392275388532,-0.17516915164465235,-0.03581549953491651,3.6545608459135073,0.07741070104913847,-0.03265060356015011,-0.23292250835671402,1.0,0.0
-0.2165240751966776,-0.23851475376836945,0.12905416390710933,-0.18848995047188905,-0.03422114644903948,-0.466103101007771,-0.6003291896423625,-0.08957411036106529,-0.23292250835671402,1.0,0.0
-0.13233079697200184,-0.14439340659616876,0.06966562387877906,-0.179996264645031,-0.034758541794435695,2.961371308433177,-0.450381963218433,0.007663919478241659,-0.23292250835671402,1.0,0.0
0.005898123613102348,-0.2022224455921204,1.391843478880664,-0.251186240713795,-0.033964541812220514,-0.466103101007771,-0.6003291896423625,-0.07625986115935782,-0.23292250835671402,1.0,0.0
-0.19461251015451883,-0.19992710373999625,0.019386639569603476,-0.330551595407878,-0.033964541812220514,-0.466103101007771,-0.24357085280176835,-0.05538131742269472,-0.23292250835671402,1.0,0.0
-0.18635558762801255,-0.19286685927326427,0.028071738646506906,-0.267920473459396,-0.033964541812220514,-0.466103101007771,-0.24907116950262687,-0.04842962186889507,-0.23292250835671402,1.0,0.0
-0.17753299534255965,-0.1886655440922656,0.05969832739533666,-0.23909666139966043,-0.033964541812220514,0.7008300487558555,-0.18494287746645052,0.035837474765525096,-0.23292250835671402,1.0,0.0
-0.23872092859773772,-0.23900519914238616,-0.017901524236203444,-2.502820950692566,-0.033964541812220514,-0.466103101007771,-0.6003291896423625,0.1729682398989023,-0.23292250835671402,1.0,0.0
-0.18224614060989636,-0.18896453449929584,0.029797298492998257,-0.01195820154194674,-0.033964541812220514,-0.466103101007771,-0.5407739709362244,-0.08601413635570479,-0.23292250835671402,1.0,0.0
-0.1670598555880632,-0.17109774206991474,0.013136934268711507,-0.07457470217169988,-0.034436794872523574,0.6909709536307688,-0.5027311145639386,-0.0846291058549623,-0.23292250835671402,1.0,0.0
-0.21070423436290256,-0.2124335120162311,-0.005917185621826516,-0.19403578146555797,-0.03527956968002073,-0.466103101007771,-0.09613003739926813,-0.03439783533356554,-0.23292250835671402,1.0,0.0
-0.1951876354993874,-0.21018880963884723,0.08409689907027652,-0.23715078942260331,-0.033964541812220514,1.907209991789117,0.35273611013049305,-0.02132742758803947,-0.23292250835671402,1.0,0.0
-0.2165240751966776,-0.23851475376836945,0.12905416390710933,-0.18848995047188905,-0.03422114644903948,-0.466103101007771,-0.6003291896423625,0.11797042937902599,-0.23292250835671402,1.0,0.0
-0.2023252873413633,-0.21417965989798343,0.06246742879108615,0.7136555494083173,-0.033964541812220514,-0.466103101007771,0.7434900851733091,-0.032112394230702626,-0.23292250835671402,1.0,0.0
-0.18397641690227154,-0.19535739902482144,0.06082470235786852,0.386047681428316,-0.03396625850122724,-0.466103101007771,0.6798885265933222,-0.08820965983642325,-0.23292250835671402,1.0,0.0
-0.19729628353426915,-0.20699441309214556,0.0484693947539031,-0.25111918953153806,-0.033964541812220514,-0.466103101007771,-0.6003291896423625,-0.08820882855027316,-0.23292250835671402,1.0,0.0
-0.22764770001089227,-0.21393979175568942,-0.11052529888171002,-0.13532551850170876,-0.033964541812220514,-0.466103101007771,-0.5181635165306525,-0.07615745014006457,-0.23292250835671402,1.0,0.0
-0.17922150411466645,-0.1749573015420765,-0.04337406457535061,-0.17494727154511946,-0.033964541812220514,4.561919931797511,-0.5354168846653533,-0.07275577417952303,-0.23292250835671402,1.0,0.0
-0.16502438694605534,-0.13082675061980165,-0.24231122678823402,-0.20716330324602877,-0.033964541812220514,2.2490003839632737,-0.5125407551896966,-0.054879218850878916,-0.23292250835671402,1.0,0.0
-0.21554836771036015,-0.22047639470644545,0.015065680117933048,-0.22963598279223366,-0.033964541812220514,-0.466103101007771,-0.6003291896423625,0.0952064199169259,-0.23292250835671402,1.0,0.0
-0.20378252556657206,-0.21970999407249667,0.08957653208243273,-0.5027320877142759,-0.033964541812220514,-0.466103101007771,-0.42493805734063655,-0.02875771098968558,-0.23292250835671402,1.0,0.0
-0.1971733448699445,-0.21992328855488114,0.13573524842769363,-0.11297252978936316,-0.033964541812220514,-0.466103101007771,-0.37307899186346405,0.09575126513956522,-0.23292250835671402,1.0,0.0
0.23600996128663077,0.3307380734434132,-0.6137113914997404,-0.2473525973004802,-0.033964541812220514,-0.466103101007771,-0.01847599037281789,-0.06659461205424605,-0.23292250835671402,1.0,0.0
0.2633481435196116,0.3744705750599749,-0.7210450810464867,-0.27847855906027424,-0.03398334389846037,2.354290239300636,0.1794986727476415,-0.074143369926241,-0.23292250835671402,1.0,0.0
0.3956493382450389,0.4700871583124268,-0.46482200786433575,-0.29152088538752635,-0.0339583316916422,2.3008279464245747,0.00046907503660157453,-0.053096517093692806,-0.23292250835671402,0.0,1.0
-0.20147396207450582,-0.20830714010853596,0.028969715101849074,-0.1887293883068711,-0.033964541812220514,-0.466103101007771,-0.6003291896423625,0.03748467435373485,-0.23292250835671402,1.0,0.0
-0.15693524305236137,-0.17902791759258188,0.13467895023917856,-0.20062395399303967,-0.033964541812220514,-0.466103101007771,4.336894762107289,-0.03589631170267071,-0.23292250835671402,1.0,0.0
-0.15082228699050257,-0.13593335449085445,-0.11204814417686587,-0.17427412354844438,-0.033964541812220514,5.004308586048912,1.4184835796673256,-0.08112013544238796,-0.23292250835671402,1.0,0.0
-0.1429021466177189,-0.14872376144870098,0.027065631531535256,-0.17404174553229537,-0.033964541812220514,5.293283213570275,1.6255670796603123,-0.03269669054980557,-0.23292250835671402,1.0,0.0
0.031161046680706843,0.03297417047718361,-0.009536509624053151,0.07475308496855021,-0.033964541812220514,-0.466103101007771,-0.6003291896423625,0.15003584385385887,-0.23292250835671402,1.0,0.0
0.04654734732333512,0.058367323418612366,-0.07515929970236429,-0.09757271550612744,-0.033964541812220514,-0.466103101007771,-0.5978945614210484,0.028370865259717677,-0.23292250835671402,1.0,0.0
0.008327534677776277,0.04488658421150995,-0.24371845907238487,-0.19205966171805464,-0.033964541812220514,-0.466103101007771,-0.5938041823041554,-0.027139724365501397,-0.23292250835671402,1.0,0.0
0.12263170586595346,0.16610025193288713,-0.28042914624224924,0.10559013101808079,-0.03396762041629161,0.03020295236866157,-0.34904409561598726,-0.04263479403382583,-0.23292250835671402,1.0,0.0
5.171508973540717,5.583564090967548,-2.3257454562191966,-0.09726963679929627,-0.034196184528724714,-0.466103101007771,-0.6003291896423625,-0.07401435854273168,-0.23292250835671402,0.0,1.0
9.606417402635461,5.6907883450537895,26.9741187479793,-0.091042843040916,-0.03397605920363494,-0.466103101007771,0.1329301360136491,-0.06347144323592563,-0.23292250835671402,1.0,0.0
5.569746526632161,6.4458785502077145,-5.395217786717141,-0.3311030268484756,-0.03436721741541474,0.4779387757626038,0.07820096805819954,-0.06920397135737907,-0.23292250835671402,0.0,1.0
-0.19190301077416747,-0.2018757975590368,0.05075294179374474,-0.003492680881548364,-0.03414439775656652,-0.466103101007771,-0.6003291896423625,-0.08957411036106529,-0.23292250835671402,0.0,1.0
-0.18155208367416276,-0.19397935234736682,0.06802057002728383,-0.09540301023646229,-0.03395198136764084,-0.466103101007771,-0.05019058097877767,-0.018732109639427515,-0.23292250835671402,0.0,1.0
-0.18297998560017706,-0.17889706403153452,-0.042473908701662344,-0.1783436060005443,-0.033964541812220514,-0.466103101007771,-0.25987917183104564,-0.01661268175276532,-0.23292250835671402,0.0,1.0
-0.17666964074348163,-0.18381340624637937,0.033103619349774835,-0.17159217735163046,-0.03422014980867908,0.008878809994742509,-0.36189521460187596,-0.06615414145469639,-0.23292250835671402,0.0,1.0
-0.19429104456869695,-0.20485989093425988,0.05453970742814896,-0.13139959550097388,-0.034485104359397625,-0.466103101007771,-0.6003291896423625,-0.03217176500425641,-0.23292250835671402,0.0,1.0
-0.1888370372153129,-0.18801293556745613,-0.021173473302437282,-0.19843066378849694,-0.03403486535390212,-0.466103101007771,1.1229131538702724,-0.030282456480370198,-0.23292250835671402,0.0,1.0
-0.189887977977556,-0.19627411932505848,0.02694218884673483,-0.15360066206812598,-0.03473681619294445,0.36075278489992074,1.3467955617561131,-0.055098221419631555,-0.23292250835671402,0.0,1.0
-0.18590760729008327,-0.1952641404663367,0.047130404760747174,-0.18419500973171352,-0.03448767532950116,0.2989126796915435,1.2417183942334853,-0.07761148106395516,-0.23292250835671402,0.0,1.0
-0.18828007216789708,-0.20197591604770643,0.0759433226505853,0.16089800060494988,-0.034151822492978136,-0.466103101007771,-0.6003291896423625,-0.08957411036106529,-0.23292250835671402,0.0,1.0
-0.18245911366341014,-0.19663614007177146,0.07964303568012027,0.08436424474582602,-0.033996987293998394,-0.466103101007771,0.8484078990408359,-0.07483304268853624,-0.23292250835671402,0.0,1.0
-0.1749281477138118,-0.1896925263798549,0.0841943737348381,0.16743237761326676,-0.03440330453416795,-0.466103101007771,0.6305377949049584,-0.08957274607319672,-0.23292250835671402,0.0,1.0
-0.16767561949644758,-0.18388786676798555,0.09447544916982309,0.2753922519569793,-0.03435056704312059,-0.030531181543094317,0.5164045680853592,-0.08950011015832633,-0.23292250835671402,0.0,1.0
-0.05924713247112194,-0.083164174397697,0.15497869961769703,0.6898492541956764,-0.03411988400219643,-0.466103101007771,-0.6003291896423625,-0.07547466305126564,-0.23292250835671402,0.0,1.0
-0.05020964268588212,-0.059680753249910866,0.05915257526083954,0.5323678861090532,-0.03397843802892514,-0.466103101007771,0.3754280760408572,-0.08376139050936521,-0.23292250835671402,0.0,1.0
-0.040717322817767715,-0.06404171338174242,0.152553683740108,0.6314230434043149,-0.03399076118240122,-0.04406987609706728,0.3564181810983672,-0.08923795625633957,-0.23292250835671402,0.0,1.0
-0.037629904899979146,-0.053455297872173436,0.10267652879333405,0.5878294014585039,-0.03397272675229926,-0.037982663944612416,0.2627549503365599,-0.08945840976852558,-0.23292250835671402,0.0,1.0
-0.21931325913791994,-0.24601804467655944,0.16033815071773713,0.6676905682371804,-0.07021596634779709,-0.466103101007771,-0.6003291896423625,-0.08957411036106529,-0.23292250835671402,0.0,1.0
-0.1058445237057927,-0.12932221139302738,0.14817620621782257,0.8114144393818891,-0.03399195887098743,-0.466103101007771,0.8906561098176206,-0.08562439990603145,-0.23292250835671402,0.0,1.0
-0.09584755717142786,-0.1197406208679199,0.15178238209710254,0.9292364572021726,-0.03407646720872305,-0.057348757709814645,0.7814952185694384,-0.07626919636561282,-0.23292250835671402,0.0,1.0
-0.08973374231241427,-0.1136073173261184,0.15215923647106377,0.8956373620331228,-0.03396210318897886,-0.3034333361070536,0.6500393771372467,-0.08361056312938143,-0.23292250835671402,0.0,1.0
-0.23434959341522785,-0.24592374759491506,0.05793765217800158,-0.06375588161037385,-0.033964541812220514,-0.466103101007771,-0.6003291896423625,-0.08957411036106529,-0.23292250835671402,0.0,1.0
-0.14445666769171653,-0.15320219663522106,0.04648400789863961,-0.23335132708169634,-0.033964541812220514,-0.466103101007771,0.03409325904766744,-0.07460989943028655,-0.23292250835671402,0.0,1.0
-0.13221782176542787,-0.1457594103683918,0.07956245449161056,-0.14320926005022488,-0.033964541812220514,0.22076529428073693,-0.13260681059136153,-0.08957411036106529,-0.23292250835671402,0.0,1.0
-0.12916818439770794,-0.13759360292098805,0.04561214865701562,-0.25735709766881515,-0.03419194602416754,0.3299424894050776,0.010966797328347069,-0.08957411036106529,-0.23292250835671402,0.0,1.0
0.09359928913503028,0.11041073061081383,-0.10462591061222332,-0.2658510905617355,-0.03423000606699257,-0.466103101007771,-0.6003291896423625,-0.08247196786648499,-0.23292250835671402,0.0,1.0
0.10990142340763667,0.15176814440098219,-0.27077640093579847,-0.18573745128935812,-0.034116031360969336,-0.466103101007771,1.6608699253609456,-0.08828308992533038,-0.23292250835671402,0.0,1.0
0.1540060243476098,0.16232335065603282,-0.042829211182373,-0.1798745730903414,-0.03422479474043024,-0.16508423790887922,1.5005010823068385,-0.08893714453705519,-0.23292250835671402,0.0,1.0
0.18437469047928168,0.18913937691218802,-0.01655955992184353,-0.1488653233576794,-0.03424958206145408,-0.19501249020794706,1.358928792489695,-0.08919433037444284,-0.23292250835671402,0.0,1.0
-0.216740905078235,-0.12875718445241527,-0.6061787308894345,-0.23133091642978265,-0.033964541812220514,-0.466103101007771,-0.6003291896423625,-0.07686031815247359,-0.23292250835671402,0.0,1.0
0.028625936731471482,0.019511292904351534,0.06330891104677003,-0.19089905679578503,-0.033964541812220514,-0.466103101007771,-0.5062310188935152,-0.07909144426993343,-0.23292250835671402,0.0,1.0
0.04611062780879672,0.04338723420841756,0.022031668087295838,0.11646484434452097,-0.033964541812220514,-0.1601550775726357,-0.020332810630497692,-0.08397182152207303,-0.23292250835671402,0.0,1.0
0.0670553778829388,0.07073366193257138,-0.01902827277920756,0.026399129262464308,-0.033964541812220514,-0.466103101007771,0.1093471484107242,-0.07460792772271978,-0.23292250835671402,0.0,1.0
-0.07552434892944362,-0.08205265129029998,0.03737907598379642,-0.03572653471318218,-0.03453198895804406,-0.466103101007771,-0.6003291896423625,-0.08957411036106529,-0.23292250835671402,0.0,1.0
-0.07141831734937548,-0.06404232753331009,-0.05523507866616275,-0.2391102373611747,-0.033998172537985274,-0.466103101007771,0.3302211663002818,-0.08957411036106529,-0.23292250835671402,0.0,1.0
-0.060902975385701705,-0.07273531322417681,0.07405113875218311,-0.026787159539745635,-0.03434222847949707,-0.11475159916220902,0.17120010336930322,-0.08957411036106529,-0.23292250835671402,0.0,1.0
-0.050290504169198384,-0.061654691197836446,0.07180170450300409,-0.11147390312938661,-0.03427492955888489,-0.11581976374140647,0.24219572429283753,-0.08957411036106529,-0.23292250835671402,0.0,1.0
-0.23890354132021352,-0.25272280018415244,0.0725691617284341,-0.22543951685162658,-0.033964541812220514,-0.466103101007771,-0.6003291896423625,0.11556179108004806,-0.23292250835671402,0.0,1.0
-0.12461246088111004,-0.13738250510165256,0.07503529413537957,-0.3050210201448668,-0.033969917158615553,-0.466103101007771,0.33807681629592745,-0.08430839539177752,-0.23292250835671402,0.0,1.0
-0.11035492283587743,-0.1310473654675143,0.1291817911706181,0.02117349246738665,-0.03400576405518362,-0.21302642489486262,-0.026822057600184544,-0.08837868983762186,-0.23292250835671402,0.0,1.0
-0.102032910891502,-0.11524267387185624,0.0798479380046367,0.214094127729213,-0.03399883374657686,-0.12276040297168622,-0.0373299055511904,-0.08914458951159326,-0.23292250835671402,0.0,1.0
-0.15508784058293446,-0.1710876756972429,0.0940995639567036,-0.034964640364637235,-0.03483752242160766,-0.466103101007771,-0.6003291896423625,-0.07715244600051795,-0.23292250835671402,0.0,1.0
-0.14645096450478842,-0.16199969057020672,0.09180018331128728,0.1614396698518558,-0.03421190698159546,-0.466103101007771,2.979327342601302,-0.02950835350610074,-0.23292250835671402,0.0,1.0
-0.1435680750369507,-0.16145203787032433,0.10765114307149465,0.14575824907298396,-0.03459384218411127,-0.06743278254110792,2.819024261390044,-0.08900086911847108,-0.23292250835671402,0.0,1.0
-0.13967545666598122,-0.15481683520630163,0.08963896179547282,0.18257629248879603,-0.03450125931217346,-0.05231408115123106,3.302266924792779,-0.08711333547907735,-0.23292250835671402,0.0,1.0
-0.009798283568134485,-0.03877311984045464,0.19289350826249563,-0.08801627806527897,-0.0340443728315477,-0.466103101007771,2.470246264745169,-0.0875089127096707,-0.23292250835671402,0.0,1.0
-0.011530477605696197,-0.017112906706776083,0.036363912227855316,-0.2679524892712256,-0.033995105843974034,-0.466103101007771,2.5070572276779712,-0.08924230019238033,-0.23292250835671402,0.0,1.0
-0.18834191155875127,-0.20187614016277472,0.07485774195949452,0.002923102171495797,-0.033964541812220514,-0.466103101007771,-0.6003291896423625,-0.08930933394203493,-0.23292250835671402,0.0,1.0
-0.18080590339415353,-0.19839923353788322,0.10261928027144425,0.14939387542904717,-0.033964541812220514,-0.466103101007771,3.1751622250999,-0.08366048390603469,-0.23292250835671402,0.0,1.0
-0.17876225501784895,-0.1931815699965699,0.08156946962718606,0.07296712901700425,-0.033964541812220514,-0.466103101007771,2.8626850785012774,-0.08502744701974793,-0.23292250835671402,0.0,1.0
-0.17666238258494074,-0.18984386707312434,0.07346835202192412,0.19744197148124312,-0.03396475572773274,-0.15479602375138302,3.154852310465772,-0.08602675441008142,-0.23292250835671402,0.0,1.0
-0.23396542205858845,-0.24508481494669554,0.05492929098976692,0.15563237404229996,0.8899144886393539,-0.466103101007771,-0.6003291896423625,-0.05764635460166498,-0.23292250835671402,0.0,1.0
-0.19543548629804885,-0.20883686868779663,0.07338120751387159,-0.1727279404632503,-0.03396815298186232,-0.466103101007771,0.6247704639511181,-0.046019035319754605,-0.23292250835671402,0.0,1.0
-0.19400742389864423,-0.2060599389912274,0.06448204563282064,0.23723624248178962,-0.034521114648499336,-0.22868115666608269,0.26052326220246175,-0.06636240802373164,-0.23292250835671402,0.0,1.0
-0.1871541920958181,-0.19843931442603538,0.05992025090552329,0.26601884403282855,-0.03458004855931897,-0.20900360100823076,0.9759841810421027,-0.0699458679625704,-0.23292250835671402,0.0,1.0
-0.22564788256050458,-0.2535180743328057,0.1676038146774281,-17.24786834082736,-0.033498109234938976,-0.466103101007771,-0.6003291896423625,-2.955403965253559,-0.23292250835671402,0.0,1.0
-0.21493190565455567,-0.22218661418589222,0.030671444572273464,-0.14594458943613814,-0.03426799525596716,-0.466103101007771,2.1579804744456714,-0.06774758634984432,-0.23292250835671402,1.0,0.0
-0.21147600186048182,-0.22305699282263555,0.059880728956073964,0.02647803561689954,-0.03463938540310212,-0.466103101007771,2.061833896040879,-0.05716599225541134,-0.23292250835671402,1.0,0.0
-0.2113742525611105,-0.2204439425091323,0.043100298593811065,0.1884035816440727,-0.0345854684167415,0.24527708495974818,2.558473731806632,-0.053961765477288946,-0.23292250835671402,1.0,0.0
-0.16421864282313559,-0.18057320291935167,0.09571361420964553,0.5158188543902295,-0.03397920288038079,-0.466103101007771,-0.6003291896423625,-0.08831649049634825,-0.23292250835671402,0.0,1.0
-0.15649397120752503,-0.17469844808238225,0.10872167789858163,0.5775649142020257,-0.03397688609614249,-0.466103101007771,2.5316834974288187,-0.08553568462473476,-0.23292250835671402,0.0,1.0
-0.14462293769831547,-0.16831857250544785,0.146416574161295,0.5116147728953714,-0.034082707241789044,-0.21893034640542952,2.5321460587621862,-0.08949977339498455,-0.23292250835671402,0.0,1.0
-0.1452918064838222,-0.16378977153440644,0.11161296517326164,0.728797837386812,-0.03397980043617363,-0.21346394038960356,2.596844259926133,-0.0895007456756355,-0.23292250835671402,0.0,1.0
-0.2385014837052956,-0.25264661218272977,0.074781057704665,-0.22543951685162658,-0.033964541812220514,-0.466103101007771,-0.6003291896423625,3.988832237668086,-0.23292250835671402,0.0,1.0
-0.06452522131122794,-0.07845359456044355,0.08776335627649415,0.09104393087422666,-0.03392712132626315,-0.466103101007771,1.3416131437043428,-0.08293658219475748,-0.23292250835671402,0.0,1.0
-0.04037762604405033,-0.06041255483404618,0.13059073142172034,0.4510663319160238,-0.033967636790555665,-0.271493809758151,1.3882606453969601,-0.07737416739030081,-0.23292250835671402,0.0,1.0
-0.019234152777110554,-0.033758887043164834,0.09550713162779599,0.390775045184692,-0.03409276882054068,-0.2447367419240342,1.3011926148262654,-0.07896460211465138,-0.23292250835671402,0.0,1.0
0.1312212248358608,0.10839068701927028,0.16351446557017046,-0.06546937147760494,-0.034232744324379824,-0.22393190065901153,0.09569881309006793,-0.08904755995510914,-0.23292250835671402,0.0,1.0
0.15255537999164373,0.14412876339696834,0.06898920451443828,-0.30525158525937646,-0.03413489541799258,-0.1812492654485623,-0.022431017448649698,-0.08882265585279964,-0.23292250835671402,0.0,1.0
-0.23854365099828473,-0.25348136413697836,0.08007624818928663,-2.8517575926516185,-0.06261679025987768,-0.466103101007771,-0.6003291896423625,-4.837256366592714,-0.23292250835671402,1.0,0.0
-0.1313127648935039,-0.1502121286721457,0.11545601255580958,0.07796612376519232,-0.03396860305614692,-0.466103101007771,-0.025644997852368238,-0.000292297166502786,-0.23292250835671402,0.0,1.0
-0.1331844342900906,-0.14439723665244233,0.06391357431529064,0.17595707926125487,-0.034061249049393026,-0.30374843548037506,-0.1805794010057288,-0.07632397897919374,-0.23292250835671402,0.0,1.0
-0.13569188832577586,-0.15052290471917237,0.08789452718352404,0.05082715683922199,-0.033964541812220514,-0.12085912999344153,-0.07865522932937624,-0.07661254947523134,-0.23292250835671402,0.0,1.0
-0.2274830504328468,-0.23655442320538111,0.04177531965868629,-0.05431502585564597,-0.13584051178528803,-0.466103101007771,-0.6003291896423625,-0.03456941918526443,-0.23292250835671402,0.0,1.0
-0.1132006161589383,-0.10090875405722939,-0.091565149399291,-0.3068902182483971,-0.03407977065306172,-0.466103101007771,0.2602883185308729,-0.07242715053910481,-0.23292250835671402,0.0,1.0
-0.1220368421578262,-0.1370676376268712,0.09036280558947625,0.03927724496825897,-0.03411580515879814,-0.466103101007771,0.7331989604135034,-0.03438905024607435,-0.23292250835671402,0.0,1.0
-0.109190741468761,-0.11662316519390856,0.040630787252945645,-0.09394733983823013,-0.0340158282587506,-0.466103101007771,0.31810866253958753,-0.07213469923833801,-0.23292250835671402,0.0,1.0
-0.22430487246872496,-0.23323692533291437,0.04110755112905118,-0.22543951685162658,0.25835632153666144,-0.466103101007771,-0.6003291896423625,-0.038847020456357614,-0.23292250835671402,0.0,1.0
-0.0817800804591477,-0.0908659751604746,0.053958504535866564,-0.14776121383079535,-0.033945229604447895,-0.466103101007771,0.7074762179803604,-0.049057789815584556,-0.23292250835671402,0.0,1.0
-0.09626731623570882,-0.09284697424463641,-0.030851507500408982,-0.19744991752733326,-0.034458860251590104,-0.3357055891305526,0.7548611302328668,-0.059745904431002514,-0.23292250835671402,0.0,1.0
-0.07040741646146126,-0.08264453682858383,0.07596884667102966,-0.16479096700221907,-0.03469666783970626,0.10372726826667103,0.33229564740716466,-0.06813400821926328,-0.23292250835671402,0.0,1.0
-0.2259367642889384,-0.23970505841783543,0.07330404345281254,0.17690874591193562,-0.03681818179205149,-0.466103101007771,-0.6003291896423625,-0.031206624277848764,-0.23292250835671402,1.0,0.0
-0.2254737978524858,-0.23725079520682713,0.06002997495151205,-0.07702550089586448,-0.033964541812220514,-0.466103101007771,-0.3000637865602102,-0.008352663300113587,-0.23292250835671402,1.0,0.0
-0.225544275649382,-0.23702226833730514,0.05802518458910038,-0.04012165065016062,-0.03774423735064727,-0.466103101007771,-0.3747591010933065,-0.04090830390901762,-0.23292250835671402,1.0,0.0
-0.2256085046829969,-0.2362461103703251,0.052401594191961484,-0.08490751805756107,-0.033964541812220514,-0.466103101007771,-0.04720403365639948,-0.044802824051658766,-0.23292250835671402,1.0,0.0
-0.22796114263257566,-0.2437428352127141,0.08659634936502672,0.4485728293128748,-0.033964541812220514,-0.466103101007771,-0.6003291896423625,-0.08504777542380854,-0.23292250835671402,0.0,1.0
-0.22924612166683883,-0.24237723688764518,0.06876978148696528,0.5357500667774655,-0.033964541812220514,-0.466103101007771,1.5686065247127088,-0.046615056057610425,-0.23292250835671402,0.0,1.0
-0.22709186462560654,-0.24060352877576152,0.07149257203318186,0.8021475684126331,-0.033964541812220514,-0.466103101007771,2.9909493678519827,-0.07427149921133702,-0.23292250835671402,0.0,1.0
-0.22537582884769505,-0.2401740988243948,0.08023629937327197,0.7670149346120865,-0.034834653771974436,0.06326743738167631,3.385489613433234,-0.08601473209851206,-0.23292250835671402,0.0,1.0
-0.2165240751966776,-0.23851475376836945,0.12905416390710933,-0.18848995047188905,-0.03422114644903948,-0.466103101007771,-0.6003291896423625,0.10564702707432896,-0.23292250835671402,1.0,0.0
-0.23938642585494824,-0.24698188254224163,0.030920948585823574,-0.23729785362999828,-0.033964541812220514,-0.466103101007771,-0.33352272771635577,0.5299494202762937,-0.23292250835671402,1.0,0.0
-0.1873585849369369,-0.1928163536978483,0.020945527622270595,-0.2140342461915818,-0.034910745911989866,-0.466103101007771,-0.277929136807994,-0.021766437014457556,-0.23292250835671402,1.0,0.0
-0.18573385798908468,-0.18971567578770984,0.011213083159159936,-0.200642856384697,-0.03514126989711033,0.43673492580326184,-0.43845525937456536,-0.0697228258742598,-0.23292250835671402,1.0,0.0
