Demarcation Code,Name,Year End,Code,Label,Auditor General's Report URL
EC123,Great Kei,2015,qualified,Qualified,
EC156,Kumkani Mhlontlo,2015,qualified,Qualified,
EC154,Port St Johns,2014,qualified,Qualified,
FS181,Masilonyana,2014,qualified,Qualified,
GT421,Emfuleni,2014,unqualified_emphasis_of_matter,Unqualified - Emphasis of Matter items,
DC15,O R Tambo,2012,disclaimer,Disclaimer of opinion,
GT482,Randfontein,2014,qualified,Qualified,
GT483,Westonaria,2015,adverse,Adverse opinion,
FS163,Mohokare,2013,qualified,Qualified,
FS181,Masilonyana,2011,disclaimer,Disclaimer of opinion,
FS181,Masilonyana,2012,qualified,Qualified,
FS181,Masilonyana,2013,qualified,Qualified,
KZN433,Greater Kokstad,2015,unqualified_emphasis_of_matter,Unqualified - Emphasis of Matter items,
FS182,Tokologo,2012,qualified,Qualified,
FS182,Tokologo,2013,qualified,Qualified,
FS185,Nala,2011,outstanding,Outstanding,
FS185,Nala,2013,disclaimer,Disclaimer of opinion,
FS196,Mantsopa,2011,qualified,Qualified,
FS196,Mantsopa,2012,disclaimer,Disclaimer of opinion,
GT484,Merafong City,2013,unqualified_emphasis_of_matter,Unqualified - Emphasis of Matter items,
LIM474,Fetakgomo,2014,disclaimer,Disclaimer of opinion,
LIM474,Fetakgomo,2015,qualified,Qualified,
LIM331,Greater Giyani,2014,qualified,Qualified,
LIM355,Lepelle-Nkumpi,2015,qualified,Qualified,
LIM362,Lephalale,2014,unqualified_emphasis_of_matter,Unqualified - Emphasis of Matter items,
LIM362,Lephalale,2015,unqualified_emphasis_of_matter,Unqualified - Emphasis of Matter items,
KZN223,Mpofana,2011,unqualified_emphasis_of_matter,Unqualified - Emphasis of Matter items,
KZN223,Mpofana,2013,qualified,Qualified,
LIM367,Mogalakwena,2014,unqualified_emphasis_of_matter,Unqualified - Emphasis of Matter items,
LIM367,Mogalakwena,2015,disclaimer,Disclaimer of opinion,
DC33,Mopani,2014,adverse,Adverse opinion,
LIM342,Mutale,2014,qualified,Qualified,
MP316,Dr J.S. Moroka,2014,qualified,Qualified,
DC32,Ehlanzeni,2014,unqualified,Unqualified - No findings,
KZN233,Indaka,2011,disclaimer,Disclaimer of opinion,
MP303,Mkhondo,2014,disclaimer,Disclaimer of opinion,
DC37,Bojanala Platinum,2014,unqualified_emphasis_of_matter,Unqualified - Emphasis of Matter items,
NW403,City of Matlosana,2015,qualified,Qualified,
NW384,Ditsobotla,2014,disclaimer,Disclaimer of opinion,
NW384,Ditsobotla,2015,disclaimer,Disclaimer of opinion,
DC40,Dr Kenneth Kaunda,2014,unqualified_emphasis_of_matter,Unqualified - Emphasis of Matter items,
DC40,Dr Kenneth Kaunda,2015,unqualified_emphasis_of_matter,Unqualified - Emphasis of Matter items,
NW393,Mamusa,2015,disclaimer,Disclaimer of opinion,
NC094,Phokwane,2014,disclaimer,Disclaimer of opinion,
EC103,Ikwezi,2015,outstanding,Outstanding,http://mfma.treasury.gov.za/Documents/07.%20Audit%20Reports/2014-15/02.%20Local%20municipalities/EC103%20Ikwezi/EC103%20Ikwezi%20Audit%20report%202014-15.pdf
KZN434,Johannes Phumani Phungula,2011,unqualified_emphasis_of_matter,Unqualified - Emphasis of Matter items,
KZN434,Johannes Phumani Phungula,2013,unqualified,Unqualified - No findings,
LIM332,Greater Letaba,2013,disclaimer,Disclaimer of opinion,
LIM333,Greater Tzaneen,2013,qualified,Qualified,
LIM334,Ba-Phalaborwa,2013,disclaimer,Disclaimer of opinion,
DC33,Mopani,2013,disclaimer,Disclaimer of opinion,
LIM344,Makhado,2011,disclaimer,Disclaimer of opinion,
DC34,Vhembe,2013,disclaimer,Disclaimer of opinion,
LIM351,Blouberg,2013,qualified,Qualified,
LIM353,Molemole,2011,disclaimer,Disclaimer of opinion,
LIM355,Lepelle-Nkumpi,2011,disclaimer,Disclaimer of opinion,
LIM361,Thabazimbi,2013,disclaimer,Disclaimer of opinion,
LIM472,Elias Motsoaledi,2012,qualified,Qualified,
MP302,Msukaligwa,2012,disclaimer,Disclaimer of opinion,
MP303,Mkhondo,2011,disclaimer,Disclaimer of opinion,
MP303,Mkhondo,2012,outstanding,Outstanding,
MP316,Dr J.S. Moroka,2011,disclaimer,Disclaimer of opinion,
MP325,Bushbuckridge,2011,unqualified_emphasis_of_matter,Unqualified - Emphasis of Matter items,
NC452,Ga-Segonyana,2013,disclaimer,Disclaimer of opinion,
NC062,Nama Khoi,2012,outstanding,Outstanding,
NC066,Karoo Hoogland,2012,outstanding,Outstanding,
NC075,Renosterberg,2011,outstanding,Outstanding,
NC075,Renosterberg,2012,outstanding,Outstanding,
NC075,Renosterberg,2013,disclaimer,Disclaimer of opinion,
NC076,Thembelihle,2013,disclaimer,Disclaimer of opinion,
NC084,!Kheis,2013,disclaimer,Disclaimer of opinion,
NC085,Tsantsabane,2011,disclaimer,Disclaimer of opinion,
DC8,Z F Mgcawu,2013,unqualified,Unqualified - No findings,
NC092,Dikgatlong,2012,outstanding,Outstanding,
NC092,Dikgatlong,2013,disclaimer,Disclaimer of opinion,
NW373,Rustenburg,2011,disclaimer,Disclaimer of opinion,
DC37,Bojanala Platinum,2011,unqualified_emphasis_of_matter,Unqualified - Emphasis of Matter items,
NW381,Ratlou,2012,unqualified_emphasis_of_matter,Unqualified - Emphasis of Matter items,
NW382,Tswaing,2011,disclaimer,Disclaimer of opinion,
NW382,Tswaing,2012,disclaimer,Disclaimer of opinion,
NW384,Ditsobotla,2013,disclaimer,Disclaimer of opinion,
NW385,Ramotshere Moiloa,2011,disclaimer,Disclaimer of opinion,
NW385,Ramotshere Moiloa,2012,outstanding,Outstanding,
NW385,Ramotshere Moiloa,2013,disclaimer,Disclaimer of opinion,
DC38,Ngaka Modiri Molema,2013,disclaimer,Disclaimer of opinion,
NW393,Mamusa,2011,disclaimer,Disclaimer of opinion,
NW393,Mamusa,2012,disclaimer,Disclaimer of opinion,
NW393,Mamusa,2013,disclaimer,Disclaimer of opinion,
NW396,Lekwa-Teemane,2013,disclaimer,Disclaimer of opinion,
NW397,Kagisano-Molopo,2012,disclaimer,Disclaimer of opinion,
NW397,Kagisano-Molopo,2013,disclaimer,Disclaimer of opinion,
DC39,Dr Ruth Segomotsi Mompati,2012,unqualified_emphasis_of_matter,Unqualified - Emphasis of Matter items,
DC39,Dr Ruth Segomotsi Mompati,2013,qualified,Qualified,
NW401,Ventersdorp,2011,disclaimer,Disclaimer of opinion,
NW402,Tlokwe City Council,2011,qualified,Qualified,
NW404,Maquassi Hills,2013,disclaimer,Disclaimer of opinion,
DC40,Dr Kenneth Kaunda,2011,qualified,Qualified,
WC012,Cederberg,2011,unqualified_emphasis_of_matter,Unqualified - Emphasis of Matter items,
WC026,Langeberg,2011,unqualified_emphasis_of_matter,Unqualified - Emphasis of Matter items,
DC12,Amathole,2016,unqualified_emphasis_of_matter,Unqualified - Emphasis of Matter items,
DC37,Bojanala Platinum,2015,disclaimer,Disclaimer of opinion,
DC35,Capricorn,2016,unqualified_emphasis_of_matter,Unqualified - Emphasis of Matter items,
DC13,Chris Hani,2016,qualified,Qualified,
NW384,Ditsobotla,2016,qualified,Qualified,
DC32,Ehlanzeni,2016,unqualified,Unqualified - No findings,
DC20,Fezile Dabi,2016,unqualified,Unqualified - No findings,
DC30,Gert Sibande,2016,qualified,Qualified,
LIM332,Greater Letaba,2016,qualified,Qualified,
LIM333,Greater Tzaneen,2016,unqualified_emphasis_of_matter,Unqualified - Emphasis of Matter items,
DC18,Lejweleputswa,2016,unqualified_emphasis_of_matter,Unqualified - Emphasis of Matter items,
LIM355,Lepelle-Nkumpi,2016,qualified,Qualified,
LIM362,Lephalale,2016,unqualified_emphasis_of_matter,Unqualified - Emphasis of Matter items,
DC48,West Rand,2014,qualified,Qualified,http://mfma.treasury.gov.za/Documents/07.%20Audit%20Reports/2013-14/03.%20District%20municipalities/DC48%20West%20Rand/DC48%20West%20Rand%20Audit%20report%202013-14.pdf
LIM353,Molemole,2016,unqualified_emphasis_of_matter,Unqualified - Emphasis of Matter items,
EC138,Sakhisizwe,2016,unqualified_emphasis_of_matter,Unqualified - Emphasis of Matter items,
DC36,Waterberg,2016,unqualified_emphasis_of_matter,Unqualified - Emphasis of Matter items,
LIM361,Thabazimbi,2016,disclaimer,Disclaimer of opinion,
LIM367,Mogalakwena,2016,adverse,Adverse opinion,
NC075,Renosterberg,2015,disclaimer,Disclaimer of opinion,
NC075,Renosterberg,2016,qualified,Qualified,
FS204,Metsimaholo,2013,qualified,Qualified,http://mfma.treasury.gov.za/Documents/07.%20Audit%20Reports/2012-13/02.%20Local%20Municipalities/FS204%20Metsimaholo
MP321,Thaba Chweu,2013,disclaimer,Disclaimer of opinion,http://mfma.treasury.gov.za/Documents/07.%20Audit%20Reports/2012-13/02.%20Local%20Municipalities/MP321%20Thaba%20Chweu
WC048,Knysna,2013,unqualified,Unqualified - No findings,http://mfma.treasury.gov.za/Documents/07.%20Audit%20Reports/2012-13/02.%20Local%20Municipalities/WC048%20Knysna
DC14,Joe Gqabi,2013,unqualified_emphasis_of_matter,Unqualified - Emphasis of Matter items,http://mfma.treasury.gov.za/Documents/07.%20Audit%20Reports/2012-13/03.%20District%20municipalities/DC14%20Joe%20Gqabi
LIM366,Bela Bela,2017,qualified,Qualified,
NC082,!Kai! Garib,2017,qualified,Qualified,
BUF,Buffalo City,2017,unqualified_emphasis_of_matter,Unqualified - Emphasis of Matter items,http://mfma.treasury.gov.za/Documents/07.%20Audit%20Reports/2016-17/01.%20Metros/BUF%20Buffalo%20City/BUF%20Buffalo%20City%20Audit%20report%202016-17.pdf
EC441,Matatiele,2011,unqualified_emphasis_of_matter,Unqualified - Emphasis of Matter items,http://mfma.treasury.gov.za/Documents/07.%20Audit%20Reports/2010-11/02.%20Local%20Municipalities/EC441%20Matatiele/EC441%20Matatiele%20Audit%20Report%202010-11.pdf
EC154,Port St Johns,2011,qualified,Qualified,http://mfma.treasury.gov.za/Documents/07.%20Audit%20Reports/2010-11/02.%20Local%20Municipalities/EC154%20Port%20St%20Johns/EC154%20Port%20St%20Johns%20Audit%20Report%202010-11%20Audited.pdf
LIM354,Polokwane,2014,qualified,Qualified,http://mfma.treasury.gov.za/Documents/07.%20Audit%20Reports/2013-14/02.%20Local%20municipalities/LIM354%20Polokwane
NC073,Emthanjeni,2017,unqualified_emphasis_of_matter,Unqualified - Emphasis of Matter items,
DC20,Fezile Dabi,2017,adverse,Adverse opinion,
NC453,Gamagara,2017,qualified,Qualified,
EKU,City of Ekurhuleni,2017,unqualified_emphasis_of_matter,Unqualified - Emphasis of Matter items,http://mfma.treasury.gov.za/Documents/07.%20Audit%20Reports/2016-17/01.%20Metros/EKU%20City%20of%20Ekurhuleni/EKU%20City%20of%20Ekurhuleni%20Audit%20report%202016-17.pdf
NW405,J B Marks,2017,disclaimer,Disclaimer of opinion,
NC067,Khai-Ma,2017,unqualified_emphasis_of_matter,Unqualified - Emphasis of Matter items,
FS194,Maluti-a-Phofung,2017,outstanding,Outstanding,
GT484,Merafong City,2017,unqualified_emphasis_of_matter,Unqualified - Emphasis of Matter items,
EC156,Kumkani Mhlontlo,2017,unqualified_emphasis_of_matter,Unqualified - Emphasis of Matter items,
GT481,Mogale City,2017,unqualified_emphasis_of_matter,Unqualified - Emphasis of Matter items,
FS163,Mohokare,2017,disclaimer,Disclaimer of opinion,
KZN291,Mandeni,2014,unqualified,Unqualified - No findings,http://mfma.treasury.gov.za/Documents/07.%20Audit%20Reports/2013-14/02.%20Local%20municipalities/KZN291%20Mandeni/KZN291%20Mandeni%20%20Audit%20Report%202013-14.PDF
DC7,Pixley Ka Seme (NC),2017,unqualified_emphasis_of_matter,Unqualified - Emphasis of Matter items,
NC077,Siyathemba,2017,disclaimer,Disclaimer of opinion,
NC076,Thembelihle,2017,qualified,Qualified,
FS182,Tokologo,2017,disclaimer,Disclaimer of opinion,
LIM476,Tubatse Fetakgomo,2017,qualified,Qualified,
DC27,Umkhanyakude,2017,adverse,Adverse opinion,
NC072,Umsobomvu,2017,unqualified_emphasis_of_matter,Unqualified - Emphasis of Matter items,
DC8,Z F Mgcawu,2017,unqualified,Unqualified - No findings,
EC145,Walter Sisulu,2017,disclaimer,Disclaimer of opinion,http://mfma.treasury.gov.za/Documents/07.%20Audit%20Reports/2016-17/02.%20Local%20municipalities/EC145%20Walter%20Sisulu/EC145%20Walter%20Sisulu%20Audit%20report%202016-17.pdf
EC442,Umzimvubu,2017,qualified,Qualified,http://mfma.treasury.gov.za/Documents/07.%20Audit%20Reports/2016-17/02.%20Local%20municipalities/EC442%20Umzimvubu/EC442%20Umzimvubu%20Audit%20report%202016-17.pdf
KZN212,Umdoni,2017,unqualified_emphasis_of_matter,Unqualified - Emphasis of Matter items,http://mfma.treasury.gov.za/Documents/07.%20Audit%20Reports/2016-17/02.%20Local%20municipalities/KZN212%20Umdoni/KZN212%20Umdoni%20Audit%20report%202016-17.pdf
KZN213,Umzumbe,2017,unqualified,Unqualified - No findings,http://mfma.treasury.gov.za/Documents/07.%20Audit%20Reports/2016-17/02.%20Local%20municipalities/KZN213%20uMzumbe/KZN213%20Umzumbe%20Audit%20Report%202016-17.pdf
KZN214,uMuziwabantu,2017,unqualified,Unqualified - No findings,http://mfma.treasury.gov.za/Documents/07.%20Audit%20Reports/2016-17/02.%20Local%20municipalities/KZN214%20Umuziwabantu/KZN214%20Umuziwabantu%20Audit%20report%202016-17.pdf
GT422,Midvaal,2017,unqualified,Unqualified - No findings,http://mfma.treasury.gov.za/Documents/07.%20Audit%20Reports/2016-17/02.%20Local%20municipalities/GT422%20Midvaal/GT422%20Midvaal%20Audit%20Report%202016-17.pdf
KZN221,uMshwathi,2017,unqualified_emphasis_of_matter,Unqualified - Emphasis of Matter items,http://mfma.treasury.gov.za/Documents/07.%20Audit%20Reports/2016-17/02.%20Local%20municipalities/KZN221%20uMshwathi/KZN221%20uMshwathi%20Audit%20report%202016-17.pdf
KZN222,uMngeni,2017,qualified,Qualified,http://mfma.treasury.gov.za/Documents/07.%20Audit%20Reports/2016-17/02.%20Local%20municipalities/KZN222%20uMngeni/KZN222%20uMngeni%20Audit%20report%202016-17.pdf
KZN245,Umvoti,2017,unqualified_emphasis_of_matter,Unqualified - Emphasis of Matter items,http://mfma.treasury.gov.za/Documents/07.%20Audit%20Reports/2016-17/02.%20Local%20municipalities/KZN245%20Umvoti/KZN245%20Umvoti%20Audit%20report%202016-17.pdf
KZN262,uPhongolo,2017,qualified,Qualified,http://mfma.treasury.gov.za/Documents/07.%20Audit%20Reports/2016-17/02.%20Local%20municipalities/KZN262%20uPhongolo/KZN262%20uPhongolo%20Audit%20report%202016-17.pdf
KZN266,Ulundi,2017,unqualified_emphasis_of_matter,Unqualified - Emphasis of Matter items,http://mfma.treasury.gov.za/Documents/07.%20Audit%20Reports/2016-17/02.%20Local%20municipalities/KZN266%20Ulundi/KZN266%20Ulundi%20AFS%202016-17%20audited.pdf
KZN271,Umhlabuyalingana,2017,unqualified,Unqualified - No findings,http://mfma.treasury.gov.za/Documents/07.%20Audit%20Reports/2016-17/02.%20Local%20municipalities/KZN271%20Umhlabuyalingana/KZN271%20Umhlabuyalingana%20AFS%202016-17%20audited.pdf
NC086,Kgatelopele,2017,disclaimer,Disclaimer of opinion,
FS162,Kopanong,2017,qualified,Qualified,http://mfma.treasury.gov.za/Documents/07.%20Audit%20Reports/2016-17/02.%20Local%20municipalities/FS162%20Kopanong/FS162%20Kopanong%20Audit%20report%202016-17.pdf
FS185,Nala,2017,unqualified_emphasis_of_matter,Unqualified - Emphasis of Matter items,http://mfma.treasury.gov.za/Documents/07.%20Audit%20Reports/2016-17/02.%20Local%20municipalities/FS185%20Nala/FS185%20Nala%20Audit%20report%202016-17.pdf
MAN,Mangaung,2012,qualified,Qualified,http://mfma.treasury.gov.za/Documents/07.%20Audit%20Reports/2011-12/01.%20Metros/MAN%20Mangaung
KZN282,uMhlathuze,2017,unqualified,Unqualified - No findings,http://mfma.treasury.gov.za/Documents/07.%20Audit%20Reports/2016-17/02.%20Local%20municipalities/KZN282%20uMhlathuze/KZN282%20uMhlathuze%20AFS%202016-17%20audited.pdf
KZN284,uMlalazi,2017,unqualified_emphasis_of_matter,Unqualified - Emphasis of Matter items,http://mfma.treasury.gov.za/Documents/07.%20Audit%20Reports/2016-17/02.%20Local%20municipalities/KZN284%20uMlalazi/KZN284%20uMlalazi%20Audit%20Report%202016-17.pdf
KZN434,Johannes Phumani Phungula,2017,unqualified_emphasis_of_matter,Unqualified - Emphasis of Matter items,http://mfma.treasury.gov.za/Documents/07.%20Audit%20Reports/2016-17/02.%20Local%20municipalities/KZN434%20uBuhlebezwe/KZN434%20uBuhlebezwe%20Audit%20Report%202016-17.pdf
KZN435,Umzimkhulu,2017,unqualified_emphasis_of_matter,Unqualified - Emphasis of Matter items,http://mfma.treasury.gov.za/Documents/07.%20Audit%20Reports/2016-17/02.%20Local%20municipalities/KZN435%20Umzimkhulu/KZN435%20Umzimkhulu%20Audit%20Report%202016-17.pdf
MP311,Victor Khanye,2017,qualified,Qualified,http://mfma.treasury.gov.za/Documents/07.%20Audit%20Reports/2016-17/02.%20Local%20municipalities/MP311%20Victor%20Khanye/MP311%20Victor%20Khanye%20Audit%20report%202016-17.pdf
WC022,Witzenberg,2017,unqualified,Unqualified - No findings,http://mfma.treasury.gov.za/Documents/07.%20Audit%20Reports/2016-17/02.%20Local%20municipalities/WC022%20Witzenberg/WC022%20Witzenberg%20Audit%20report%202016-17.pdf
DC1,West Coast,2017,unqualified,Unqualified - No findings,http://mfma.treasury.gov.za/Documents/07.%20Audit%20Reports/2016-17/03.%20District%20municipalities/DC1%20West%20Coast/DC1%20West%20Coast%20Audit%20report%202016-17.pdf
DC16,Xhariep,2017,unqualified_emphasis_of_matter,Unqualified - Emphasis of Matter items,http://mfma.treasury.gov.za/Documents/07.%20Audit%20Reports/2016-17/03.%20District%20municipalities/DC16%20Xhariep/DC16%20Xhariep%20Audit%20report%202016-17.pdf
CPT,Cape Town,2017,unqualified_emphasis_of_matter,Unqualified - Emphasis of Matter items,http://mfma.treasury.gov.za/Documents/07.%20Audit%20Reports/2016-17/01.%20Metros/CPT%20Cape%20Town/CPT%20Cape%20Town%20Audit%20report%202016-17.pdf
ETH,eThekwini,2017,unqualified_emphasis_of_matter,Unqualified - Emphasis of Matter items,http://mfma.treasury.gov.za/Documents/07.%20Audit%20Reports/2016-17/01.%20Metros/ETH%20eThekwini/ETH%20eThekwini%20Audit%20report%202016-17.pdf
JHB,City of Johannesburg,2017,unqualified_emphasis_of_matter,Unqualified - Emphasis of Matter items,http://mfma.treasury.gov.za/Documents/07.%20Audit%20Reports/2016-17/01.%20Metros/JHB%20City%20of%20Johannesburg/JHB%20City%20of%20Johannesburg%20Consolidated%20Audit%20report%202016-17.pdf
MAN,Mangaung,2017,qualified,Qualified,http://mfma.treasury.gov.za/Documents/07.%20Audit%20Reports/2016-17/01.%20Metros/MAN%20Mangaung/MAN%20Mangaung%20Audit%20report%202016-17.pdf
NMA,Nelson Mandela Bay,2017,qualified,Qualified,http://mfma.treasury.gov.za/Documents/07.%20Audit%20Reports/2016-17/01.%20Metros/NMA%20Nelson%20Mandela%20Bay/NMA%20Nelson%20Mandela%20Bay%20Audit%20report%202016-17.pdf
TSH,City of Tshwane,2017,unqualified_emphasis_of_matter,Unqualified - Emphasis of Matter items,http://mfma.treasury.gov.za/Documents/07.%20Audit%20Reports/2016-17/01.%20Metros/TSH%20City%20of%20Tshwane/TSH%20City%20of%20Tshwane%20Audit%20report%202016-17.pdf
EC101,Dr Beyers Naude,2017,disclaimer,Disclaimer of opinion,http://mfma.treasury.gov.za/Documents/07.%20Audit%20Reports/2016-17/02.%20Local%20municipalities/EC101%20Dr%20Beyers%20Naude/EC101%20Dr%20Beyers%20Naude%20Audit%20report%202016-17.pdf
EC102,Blue Crane Route,2017,unqualified_emphasis_of_matter,Unqualified - Emphasis of Matter items,http://mfma.treasury.gov.za/Documents/07.%20Audit%20Reports/2016-17/02.%20Local%20municipalities/EC102%20Blue%20Crane%20Route/EC102%20Blue%20Crane%20Route%20Audit%20report%202016-17.pdf
EC104,Makana,2017,qualified,Qualified,http://mfma.treasury.gov.za/Documents/07.%20Audit%20Reports/2016-17/02.%20Local%20municipalities/EC104%20Makana/EC104%20Makana%20Audit%20report%202016-17.pdf
EC105,Ndlambe,2017,qualified,Qualified,http://mfma.treasury.gov.za/Documents/07.%20Audit%20Reports/2016-17/02.%20Local%20municipalities/EC105%20Ndlambe/EC105%20Ndlambe%20Audit%20Report%202016-17.pdf
EC106,Sundays River Valley,2017,qualified,Qualified,http://mfma.treasury.gov.za/Documents/07.%20Audit%20Reports/2016-17/02.%20Local%20municipalities/EC106%20Sundays%20River%20Valley/EC106%20Sundays%20River%20Valley%20Audit%20Report%202016-17.pdf
EC108,Kouga,2017,unqualified_emphasis_of_matter,Unqualified - Emphasis of Matter items,http://mfma.treasury.gov.za/Documents/07.%20Audit%20Reports/2016-17/02.%20Local%20municipalities/EC108%20Kouga/EC108%20Kouga%20Audit%20report%202016-17.pdf
EC109,Kou-Kamma,2017,unqualified_emphasis_of_matter,Unqualified - Emphasis of Matter items,http://mfma.treasury.gov.za/Documents/07.%20Audit%20Reports/2016-17/02.%20Local%20municipalities/EC109%20Kou-Kamma/EC109%20Kou-Kamma%20Audit%20report%202016-17.pdf
KZN284,uMlalazi,2019,unqualified_emphasis_of_matter,Unqualified - Emphasis of Matter items,
EC121,Mbhashe,2017,unqualified_emphasis_of_matter,Unqualified - Emphasis of Matter items,http://mfma.treasury.gov.za/Documents/07.%20Audit%20Reports/2016-17/02.%20Local%20municipalities/EC121%20Mbhashe/EC121%20Mbhashe%20Audit%20report%202016-17.pdf
EC122,Mnquma,2017,disclaimer,Disclaimer of opinion,http://mfma.treasury.gov.za/Documents/07.%20Audit%20Reports/2016-17/02.%20Local%20municipalities/EC122%20Mnquma/EC122%20Mnquma%20AFS%202016-17%20audited.pdf
EC123,Great Kei,2017,unqualified_emphasis_of_matter,Unqualified - Emphasis of Matter items,http://mfma.treasury.gov.za/Documents/07.%20Audit%20Reports/2016-17/02.%20Local%20municipalities/EC123%20Great%20Kei/EC123%20Great%20Kei%20AFS%202016-17%20audited.pdf
EC124,Amahlathi,2017,unqualified_emphasis_of_matter,Unqualified - Emphasis of Matter items,http://mfma.treasury.gov.za/Documents/07.%20Audit%20Reports/2016-17/02.%20Local%20municipalities/EC124%20Amahlathi/EC124%20Amahlathi%20Audit%20Report%202016-17.pdf
EC126,Ngqushwa,2017,unqualified_emphasis_of_matter,Unqualified - Emphasis of Matter items,http://mfma.treasury.gov.za/Documents/07.%20Audit%20Reports/2016-17/02.%20Local%20municipalities/EC126%20Ngqushwa/EC126%20Ngqushwa%20Audit%20report%202016-17.pdf
EC129,Raymond Mhlaba,2017,unqualified_emphasis_of_matter,Unqualified - Emphasis of Matter items,http://mfma.treasury.gov.za/Documents/07.%20Audit%20Reports/2016-17/02.%20Local%20municipalities/EC129%20Raymond%20Mhlaba/EC129%20Raymond%20Mhlaba%20Audit%20report%202016-17.pdf
EC131,Inxuba Yethemba,2017,unqualified_emphasis_of_matter,Unqualified - Emphasis of Matter items,http://mfma.treasury.gov.za/Documents/07.%20Audit%20Reports/2016-17/02.%20Local%20municipalities/EC131%20Inxuba%20Yethemba/EC131%20Inxuba%20Yethemba%20Audit%20Report%202016-17.pdf
EC135,Vuyisile Mini,2017,unqualified_emphasis_of_matter,Unqualified - Emphasis of Matter items,http://mfma.treasury.gov.za/Documents/07.%20Audit%20Reports/2016-17/02.%20Local%20municipalities/EC135%20Intsika%20Yethu/EC135%20Intsika%20Yethu%20Audit%20report%202016-17.pdf
EC136,Emalahleni (EC),2017,unqualified_emphasis_of_matter,Unqualified - Emphasis of Matter items,http://mfma.treasury.gov.za/Documents/07.%20Audit%20Reports/2016-17/02.%20Local%20municipalities/EC136%20Emalahleni/EC136%20Emalahleni%20Audit%20report%202016-17.pdf
EC137,Dr. A.B. Xuma,2017,unqualified_emphasis_of_matter,Unqualified - Emphasis of Matter items,http://mfma.treasury.gov.za/Documents/07.%20Audit%20Reports/2016-17/02.%20Local%20municipalities/EC137%20Engcobo/EC137%20Engcobo%20Audit%20report%202016-17.pdf
EC138,Sakhisizwe,2017,unqualified_emphasis_of_matter,Unqualified - Emphasis of Matter items,http://mfma.treasury.gov.za/Documents/07.%20Audit%20Reports/2016-17/02.%20Local%20municipalities/EC138%20Sakhisizwe/EC138%20Sakhisizwe%20AFS%202016-17%20audited.pdf
EC139,Enoch Mgijima,2017,disclaimer,Disclaimer of opinion,http://mfma.treasury.gov.za/Documents/07.%20Audit%20Reports/2016-17/02.%20Local%20municipalities/EC139%20Enoch%20Mgijima/EC139%20Enoch%20Mgijima%20AFS%202016-17%20audited.pdf
EC141,Elundini,2017,unqualified_emphasis_of_matter,Unqualified - Emphasis of Matter items,http://mfma.treasury.gov.za/Documents/07.%20Audit%20Reports/2016-17/02.%20Local%20municipalities/EC141%20Elundini/EC141%20Elundini%20Audit%20report%202016-17.pdf
EC142,Senqu,2017,unqualified,Unqualified - No findings,http://mfma.treasury.gov.za/Documents/07.%20Audit%20Reports/2016-17/02.%20Local%20municipalities/EC142%20Senqu/EC142%20Senqu%20Audit%20report%202016-17.pdf
EC153,Ngquza Hills,2017,unqualified,Unqualified - No findings,http://mfma.treasury.gov.za/Documents/07.%20Audit%20Reports/2016-17/02.%20Local%20municipalities/EC153%20Ngquza%20Hills/EC153%20Ngquza%20Hills%20Audit%20Report%202016-17.pdf
NC083,//Khara Hais,2014,unqualified_emphasis_of_matter,Unqualified - Emphasis of Matter items,http://mfma.treasury.gov.za/Documents/07.%20Audit%20Reports/2013-14/02.%20Local%20municipalities/NC083%20Khara%20Hais/NC083%20Khara%20Hais%20Audit%20report%202013-14.PDF
EC154,Port St Johns,2017,qualified,Qualified,http://mfma.treasury.gov.za/Documents/07.%20Audit%20Reports/2016-17/02.%20Local%20municipalities/EC154%20Port%20St%20Johns/EC154%20Port%20St%20Johns%20Audit%20report%202016-17.pdf
EC155,Nyandeni,2017,unqualified_emphasis_of_matter,Unqualified - Emphasis of Matter items,http://mfma.treasury.gov.za/Documents/07.%20Audit%20Reports/2016-17/02.%20Local%20municipalities/EC155%20Nyandeni/EC155%20Nyandeni%20Audit%20report%202016-17.pdf
EC157,King Sabata Dalindyebo,2017,unqualified_emphasis_of_matter,Unqualified - Emphasis of Matter items,http://mfma.treasury.gov.za/Documents/07.%20Audit%20Reports/2016-17/02.%20Local%20municipalities/EC157%20King%20Sebata%20Dalindyebo/EC157%20King%20Sabata%20Dalindyebo%20Audit%20%20Report%202016-17.pdf
EC441,Matatiele,2017,qualified,Qualified,http://mfma.treasury.gov.za/Documents/07.%20Audit%20Reports/2016-17/02.%20Local%20municipalities/EC441%20Matatiele/EC441%20Matatiele%20Audit%20Report%202016-17.pdf
EC443,Winnie Madikizela-Mandela,2017,unqualified_emphasis_of_matter,Unqualified - Emphasis of Matter items,http://mfma.treasury.gov.za/Documents/07.%20Audit%20Reports/2016-17/02.%20Local%20municipalities/EC443%20Mbizana/EC443%20Mbizana%20Audit%20report%202016-17.pdf
EC444,Ntabankulu,2017,unqualified_emphasis_of_matter,Unqualified - Emphasis of Matter items,http://mfma.treasury.gov.za/Documents/07.%20Audit%20Reports/2016-17/02.%20Local%20municipalities/EC444%20Ntabankulu/EC444%20Ntabankulu%20Audit%20report%202016-17.pdf
FS161,Letsemeng,2017,disclaimer,Disclaimer of opinion,http://mfma.treasury.gov.za/Documents/07.%20Audit%20Reports/2016-17/02.%20Local%20municipalities/FS161%20Letsemeng/FS161%20Letsemeng%20Audit%20report%202016-17.pdf
FS183,Tswelopele,2017,unqualified_emphasis_of_matter,Unqualified - Emphasis of Matter items,http://mfma.treasury.gov.za/Documents/07.%20Audit%20Reports/2016-17/02.%20Local%20municipalities/FS183%20Tswelopele/FS183%20Tswelopele%20Audit%20report%202016-17.pdf
FS184,Matjhabeng,2017,unqualified_emphasis_of_matter,Unqualified - Emphasis of Matter items,http://mfma.treasury.gov.za/Documents/07.%20Audit%20Reports/2016-17/02.%20Local%20municipalities/FS184%20Matjhabeng/FS184%20Matjhabeng%20Audit%20report%202016-17.pdf
FS191,Setsoto,2017,unqualified_emphasis_of_matter,Unqualified - Emphasis of Matter items,http://mfma.treasury.gov.za/Documents/07.%20Audit%20Reports/2016-17/02.%20Local%20municipalities/FS191%20Setsoto/FS191%20Setsoto%20Audit%20report%202016-17.pdf
FS192,Dihlabeng,2017,unqualified_emphasis_of_matter,Unqualified - Emphasis of Matter items,http://mfma.treasury.gov.za/Documents/07.%20Audit%20Reports/2016-17/02.%20Local%20municipalities/FS192%20Dihlabeng/FS192%20Dihlabeng%20Audit%20report%202016-17.pdf
FS195,Phumelela,2017,unqualified_emphasis_of_matter,Unqualified - Emphasis of Matter items,http://mfma.treasury.gov.za/Documents/07.%20Audit%20Reports/2016-17/02.%20Local%20municipalities/FS195%20Phumelela/FS195%20Phumelela%20Audit%20report%202016-17.pdf
FS204,Metsimaholo,2017,unqualified_emphasis_of_matter,Unqualified - Emphasis of Matter items,http://mfma.treasury.gov.za/Documents/07.%20Audit%20Reports/2016-17/02.%20Local%20municipalities/FS204%20Metsimaholo/FS204%20Metsimaholo%20Audit%20report%202016-17.pdf
GT423,Lesedi,2017,unqualified_emphasis_of_matter,Unqualified - Emphasis of Matter items,http://mfma.treasury.gov.za/Documents/07.%20Audit%20Reports/2016-17/02.%20Local%20municipalities/GT423%20Lesedi/GT423%20Lesedi%20Audit%20report%202016-17.pdf
KZN216,Ray Nkonyeni,2017,unqualified,Unqualified - No findings,http://mfma.treasury.gov.za/Documents/07.%20Audit%20Reports/2016-17/02.%20Local%20municipalities/KZN216%20Ray%20Nkonyeni/KZN216%20Ray%20Nkonyeni%20Audit%20report%202016-17.pdf
KZN223,Mpofana,2017,qualified,Qualified,http://mfma.treasury.gov.za/Documents/07.%20Audit%20Reports/2016-17/02.%20Local%20municipalities/KZN223%20Mpofana/KZN223%20Mpofana%20Audit%20Report%202016-17.pdf
KZN224,Impendle,2017,unqualified_emphasis_of_matter,Unqualified - Emphasis of Matter items,http://mfma.treasury.gov.za/Documents/07.%20Audit%20Reports/2016-17/02.%20Local%20municipalities/KZN224%20Impendle/KZN224%20Impendle%20Audit%20report%202016-17.pdf
KZN225,Msunduzi,2017,disclaimer,Disclaimer of opinion,http://mfma.treasury.gov.za/Documents/07.%20Audit%20Reports/2016-17/02.%20Local%20municipalities/KZN225%20Msunduzi/KZN225%20Msunduzi%20Audit%20Report%202016-17.pdf
KZN226,Mkhambathini,2017,unqualified_emphasis_of_matter,Unqualified - Emphasis of Matter items,http://mfma.treasury.gov.za/Documents/07.%20Audit%20Reports/2016-17/02.%20Local%20municipalities/KZN226%20Mkhambathini/KZN226%20Mkhambathini%20Audit%20Report%202016-17.pdf
KZN227,Richmond,2017,unqualified_emphasis_of_matter,Unqualified - Emphasis of Matter items,http://mfma.treasury.gov.za/Documents/07.%20Audit%20Reports/2016-17/02.%20Local%20municipalities/KZN227%20Richmond/KZN227%20Richmond%20Audit%20report%202016-17.pdf
KZN235,Okhahlamba,2017,unqualified,Unqualified - No findings,http://mfma.treasury.gov.za/Documents/07.%20Audit%20Reports/2016-17/02.%20Local%20municipalities/KZN235%20Okhahlamba/KZN235%20Okhahlamba%20Audit%20report%202016-17.pdf
KZN238,Alfred Duma,2017,qualified,Qualified,http://mfma.treasury.gov.za/Documents/07.%20Audit%20Reports/2016-17/02.%20Local%20municipalities/KZN238%20Alfred%20Duma/KZN238%20Alfred%20Duma%20Audit%20report%202016-17.pdf
KZN241,Endumeni,2017,unqualified_emphasis_of_matter,Unqualified - Emphasis of Matter items,http://mfma.treasury.gov.za/Documents/07.%20Audit%20Reports/2016-17/02.%20Local%20municipalities/KZN241%20Endumeni/KZN241%20Endumeni%20AFS%202016-17%20audited.pdf
KZN242,Nquthu,2017,unqualified_emphasis_of_matter,Unqualified - Emphasis of Matter items,http://mfma.treasury.gov.za/Documents/07.%20Audit%20Reports/2016-17/02.%20Local%20municipalities/KZN242%20Nquthu/KZN242%20Nquthu%20Audit%20report%202016-17.pdf
KZN244,Msinga,2017,qualified,Qualified,http://mfma.treasury.gov.za/Documents/07.%20Audit%20Reports/2016-17/02.%20Local%20municipalities/KZN244%20uMsinga/KZN244%20Msinga%20Audit%20report%202016-17.pdf
KZN252,Newcastle,2017,unqualified_emphasis_of_matter,Unqualified - Emphasis of Matter items,http://mfma.treasury.gov.za/Documents/07.%20Audit%20Reports/2016-17/02.%20Local%20municipalities/KZN252%20Newcastle/KZN252%20Newcastle%20Audit%20report%202016-17.pdf
KZN253,Emadlangeni,2017,unqualified_emphasis_of_matter,Unqualified - Emphasis of Matter items,http://mfma.treasury.gov.za/Documents/07.%20Audit%20Reports/2016-17/02.%20Local%20municipalities/KZN253%20eMadlangeni/KZN253%20eMadlangeni%20Audit%20report%202016-17.pdf
KZN254,Dannhauser,2017,unqualified_emphasis_of_matter,Unqualified - Emphasis of Matter items,http://mfma.treasury.gov.za/Documents/07.%20Audit%20Reports/2016-17/02.%20Local%20municipalities/KZN254%20Dannhauser/KZN254%20Dannhauser%20Audit%20report%202016-17.pdf
KZN261,eDumbe,2017,unqualified_emphasis_of_matter,Unqualified - Emphasis of Matter items,http://mfma.treasury.gov.za/Documents/07.%20Audit%20Reports/2016-17/02.%20Local%20municipalities/KZN261%20eDumbe/KZN261%20eDumbe%20Audit%20Report%202016-17.pdf
KZN263,Abaqulusi,2017,qualified,Qualified,http://mfma.treasury.gov.za/Documents/07.%20Audit%20Reports/2016-17/02.%20Local%20municipalities/KZN263%20Abaqulusi/KZN263%20Abaqulusi%20Audit%20Report%202016-17.pdf
KZN265,Nongoma,2017,unqualified_emphasis_of_matter,Unqualified - Emphasis of Matter items,http://mfma.treasury.gov.za/Documents/07.%20Audit%20Reports/2016-17/02.%20Local%20municipalities/KZN265%20Nongoma/KZN265%20Nongoma%20Ausit%20report%202016-17.pdf
KZN272,Jozini,2017,unqualified_emphasis_of_matter,Unqualified - Emphasis of Matter items,http://mfma.treasury.gov.za/Documents/07.%20Audit%20Reports/2016-17/02.%20Local%20municipalities/KZN272%20Jozini/KZN272%20Jozini%20Audit%20report%202016-17.pdf
KZN275,Mtubatuba,2017,unqualified_emphasis_of_matter,Unqualified - Emphasis of Matter items,http://mfma.treasury.gov.za/Documents/07.%20Audit%20Reports/2016-17/02.%20Local%20municipalities/KZN275%20Mtubatuba/KZN275%20Ntubatuba%20AFS%202016-17%20audited.pdf
KZN276,Hlabisa Big Five,2017,unqualified_emphasis_of_matter,Unqualified - Emphasis of Matter items,http://mfma.treasury.gov.za/Documents/07.%20Audit%20Reports/2016-17/02.%20Local%20municipalities/KZN276%20Hlabisa%20Big%20Five/KZN276%20Hlabisa%20Big%20Five%20Audit%20report%202016-17.pdf
KZN281,Mfolozi,2017,unqualified_emphasis_of_matter,Unqualified - Emphasis of Matter items,http://mfma.treasury.gov.za/Documents/07.%20Audit%20Reports/2016-17/02.%20Local%20municipalities/KZN281%20Mfolozi/KZN281%20Mfolozi%20Audit%20report%202016-17.pdf
KZN285,Mthonjaneni,2017,unqualified_emphasis_of_matter,Unqualified - Emphasis of Matter items,http://mfma.treasury.gov.za/Documents/07.%20Audit%20Reports/2016-17/02.%20Local%20municipalities/KZN285%20Mthonjaneni/KZN285%20Mthonjaneni%20Audit%20Report%202016-17.pdf
KZN286,Nkandla,2017,unqualified_emphasis_of_matter,Unqualified - Emphasis of Matter items,http://mfma.treasury.gov.za/Documents/07.%20Audit%20Reports/2016-17/02.%20Local%20municipalities/KZN286%20Nkandla/KZN286%20Nkandla%20Audit%20Report%202016-17.pdf
KZN291,Mandeni,2017,unqualified_emphasis_of_matter,Unqualified - Emphasis of Matter items,http://mfma.treasury.gov.za/Documents/07.%20Audit%20Reports/2016-17/02.%20Local%20municipalities/KZN291%20Mandeni/KZN291%20Mandeni%20Audit%20report%202016-17.pdf
KZN292,KwaDukuza,2017,unqualified_emphasis_of_matter,Unqualified - Emphasis of Matter items,http://mfma.treasury.gov.za/Documents/07.%20Audit%20Reports/2016-17/02.%20Local%20municipalities/KZN292%20KwaDukuza/KZN292%20KwaDukuza%20Audit%20Report%202016-17.pdf
KZN293,Ndwedwe,2017,unqualified_emphasis_of_matter,Unqualified - Emphasis of Matter items,http://mfma.treasury.gov.za/Documents/07.%20Audit%20Reports/2016-17/02.%20Local%20municipalities/KZN293%20Ndwedwe/KZN293%20Ndwedwe%20Audit%20report%202016-17.pdf
KZN294,Maphumulo,2017,unqualified_emphasis_of_matter,Unqualified - Emphasis of Matter items,http://mfma.treasury.gov.za/Documents/07.%20Audit%20Reports/2016-17/02.%20Local%20municipalities/KZN294%20Maphumulo/KZN294%20Maphumulo%20Audit%20Report%202016-17.pdf
KZN433,Greater Kokstad,2017,unqualified_emphasis_of_matter,Unqualified - Emphasis of Matter items,http://mfma.treasury.gov.za/Documents/07.%20Audit%20Reports/2016-17/02.%20Local%20municipalities/KZN433%20Greater%20Kokstad/KZN433%20Greater%20Kokstad%20Audit%20report%202016-17.pdf
KZN436,Dr Nkosazana Dlamini Zuma,2017,unqualified_emphasis_of_matter,Unqualified - Emphasis of Matter items,http://mfma.treasury.gov.za/Documents/07.%20Audit%20Reports/2016-17/02.%20Local%20municipalities/KZN436%20Dr%20Nkosazana%20Dlamini%20Zuma/KZN436%20DR%20NDZ%20Audit%20Report%202016-17.pdf
LIM332,Greater Letaba,2017,qualified,Qualified,http://mfma.treasury.gov.za/Documents/07.%20Audit%20Reports/2016-17/02.%20Local%20municipalities/LIM332%20Greater%20Letaba/LIM332%20Greater%20Letaba%20Audit%20report%202016-17.pdf
LIM333,Greater Tzaneen,2017,unqualified_emphasis_of_matter,Unqualified - Emphasis of Matter items,http://mfma.treasury.gov.za/Documents/07.%20Audit%20Reports/2016-17/02.%20Local%20municipalities/LIM333%20Greater%20Tzaneen/LIM333%20Greater%20Tzaneen%20Audit%20report%202016-17.pdf
LIM334,Ba-Phalaborwa,2017,disclaimer,Disclaimer of opinion,http://mfma.treasury.gov.za/Documents/07.%20Audit%20Reports/2016-17/02.%20Local%20municipalities/LIM334%20Ba-Phalaborwa/LIM334_Audit%20Report_2016.pdf
LIM335,Maruleng,2017,unqualified_emphasis_of_matter,Unqualified - Emphasis of Matter items,http://mfma.treasury.gov.za/Documents/07.%20Audit%20Reports/2016-17/02.%20Local%20municipalities/LIM335%20Maruleng/LIM335%20Maruleng%20Audit%20report%202016-17.pdf
LIM341,Musina,2017,unqualified_emphasis_of_matter,Unqualified - Emphasis of Matter items,http://mfma.treasury.gov.za/Documents/07.%20Audit%20Reports/2016-17/02.%20Local%20municipalities/LIM341%20Musina/LIM341%20Musina%20Audit%20report%202016-17.pdf
LIM343,Thulamela,2017,unqualified_emphasis_of_matter,Unqualified - Emphasis of Matter items,http://mfma.treasury.gov.za/Documents/07.%20Audit%20Reports/2016-17/02.%20Local%20municipalities/LIM343%20Thulamela/LIM343%20Thulamela%20Audit%20report%202016-17.pdf
LIM344,Makhado,2017,adverse,Adverse opinion,http://mfma.treasury.gov.za/Documents/07.%20Audit%20Reports/2016-17/02.%20Local%20municipalities/LIM344%20Makhado/LIM344%20Makhado%20Audit%20report%202016-17.pdf
TSH,City of Tshwane,2013,unqualified_emphasis_of_matter,Unqualified - Emphasis of Matter items,http://mfma.treasury.gov.za/Documents/07.%20Audit%20Reports/2012-13/01.%20Metros/TSH%20City%20of%20Tshwane/TSH%20City%20of%20Tshwane%20Consolidated%20Audit%20report%202012-13.PDF
EC103,Ikwezi,2013,disclaimer,Disclaimer of opinion,http://mfma.treasury.gov.za/Documents/07.%20Audit%20Reports/2012-13/02.%20Local%20Municipalities/EC103%20Ikwezi/EC103%20Ikwezi%20Audit%20Report%20June%202012-13.PDF
GT423,Lesedi,2013,unqualified_emphasis_of_matter,Unqualified - Emphasis of Matter items,http://mfma.treasury.gov.za/Documents/07.%20Audit%20Reports/2012-13/02.%20Local%20Municipalities/GT423%20Lesedi/GT423%20Lesedi%20Audit%20report%202012-13.PDF
LIM345,Collins Chabane,2017,qualified,Qualified,http://mfma.treasury.gov.za/Documents/07.%20Audit%20Reports/2016-17/02.%20Local%20municipalities/LIM345%20Collins%20Chabane/LIM345%20Collins%20Chabane%20Audit%20report%202016-17.pdf
KZN225,Msunduzi,2013,qualified,Qualified,http://mfma.treasury.gov.za/Documents/07.%20Audit%20Reports/2012-13/02.%20Local%20Municipalities/KZN225%20Msunduzi/KZN225%20Msunduzi%20Audit%20Report%202012-13.pdf
LIM351,Blouberg,2017,qualified,Qualified,http://mfma.treasury.gov.za/Documents/07.%20Audit%20Reports/2016-17/02.%20Local%20municipalities/LIM351%20Blouberg/LIM351%20Blouberg%20Audit%20Report%202016-17.pdf
LIM353,Molemole,2017,unqualified_emphasis_of_matter,Unqualified - Emphasis of Matter items,http://mfma.treasury.gov.za/Documents/07.%20Audit%20Reports/2016-17/02.%20Local%20municipalities/LIM353%20Molemole/LIM353%20Molemole%20Audit%20Report%202016-17.pdf
DC36,Waterberg,2013,qualified,Qualified,http://mfma.treasury.gov.za/Documents/07.%20Audit%20Reports/2012-13/03.%20District%20municipalities/DC36%20Waterberg/DC36%20Waterberg%20Audit%20report%202012-13.pdf
DC23,Uthukela,2012,disclaimer,Disclaimer of opinion,http://mfma.treasury.gov.za/Documents/07.%20Audit%20Reports/2011-12/03.%20District%20municipalities/DC23%20Uthukela/DC23%20Uthukela%20Audit%20report%202011-12.pdf
LIM355,Lepelle-Nkumpi,2017,qualified,Qualified,http://mfma.treasury.gov.za/Documents/07.%20Audit%20Reports/2016-17/02.%20Local%20municipalities/LIM355%20Lepelle-Nkumpi/LIM355%20Lepelle-Nkumpi%20Audit%20report%202016-17.pdf
LIM362,Lephalale,2017,unqualified_emphasis_of_matter,Unqualified - Emphasis of Matter items,http://mfma.treasury.gov.za/Documents/07.%20Audit%20Reports/2016-17/02.%20Local%20municipalities/LIM362%20Lephalale/LIM362%20Lephalale%20Audit%20report%202016-17.pdf
LIM471,Ephraim Mogale,2017,qualified,Qualified,http://mfma.treasury.gov.za/Documents/07.%20Audit%20Reports/2016-17/02.%20Local%20municipalities/LIM471%20Ephraim%20Mogale/LIM471%20Ephraim%20Mogale%20Audit%20report%202016-17.pdf
LIM472,Elias Motsoaledi,2017,qualified,Qualified,http://mfma.treasury.gov.za/Documents/07.%20Audit%20Reports/2016-17/02.%20Local%20municipalities/LIM472%20Elias%20Motsoaledi/LIM472_Elias%20Motsoaledi%20Audit%20Report%202016-17.pdf
MP301,Albert Luthuli,2017,unqualified_emphasis_of_matter,Unqualified - Emphasis of Matter items,http://mfma.treasury.gov.za/Documents/07.%20Audit%20Reports/2016-17/02.%20Local%20municipalities/MP301%20Albert%20Luthuli/MP301%20Albert%20Luthuli%20Audit%20report%202016-17.pdf
MP302,Msukaligwa,2017,qualified,Qualified,http://mfma.treasury.gov.za/Documents/07.%20Audit%20Reports/2016-17/02.%20Local%20municipalities/MP302%20Msukaligwa/MP302%20Msukaligwa%20Audit%20report%202016-17.pdf
MP303,Mkhondo,2017,qualified,Qualified,http://mfma.treasury.gov.za/Documents/07.%20Audit%20Reports/2016-17/02.%20Local%20municipalities/MP303%20Mkhondo/MP303%20Mkhondo%20Audit%20report%202016-17.pdf
MP304,Pixley Ka Seme (MP),2017,unqualified_emphasis_of_matter,Unqualified - Emphasis of Matter items,http://mfma.treasury.gov.za/Documents/07.%20Audit%20Reports/2016-17/02.%20Local%20municipalities/MP304%20Pixley%20ka%20Seme/MP304%20Pixley%20ka%20Seme%20Audit%20report%202016-17.pdf
MP305,Lekwa,2017,unqualified_emphasis_of_matter,Unqualified - Emphasis of Matter items,http://mfma.treasury.gov.za/Documents/07.%20Audit%20Reports/2016-17/02.%20Local%20municipalities/MP305%20Lekwa/MP305%20Lekwa%20Audit%20report%202016-17.pdf
MP306,Dipaleseng,2017,unqualified_emphasis_of_matter,Unqualified - Emphasis of Matter items,http://mfma.treasury.gov.za/Documents/07.%20Audit%20Reports/2016-17/02.%20Local%20municipalities/MP306%20Dipaleseng/MP306%20Dipaleseng%20Audit%20report%202016-17.pdf
WC045,Oudtshoorn,2016,qualified,Qualified,http://mfma.treasury.gov.za/Documents/07.%20Audit%20Reports/2015-16/02.%20Local%20municipalities/WC045%20Oudtshoorn/WC045%20Oudtshoorn%20Audit%20report%202015-16.pdf
WC047,Bitou,2016,unqualified,Unqualified - No findings,http://mfma.treasury.gov.za/Documents/07.%20Audit%20Reports/2015-16/02.%20Local%20municipalities/WC047%20Bitou/WC047%20Bitou%20Audit%20report%202015-16.pdf
WC048,Knysna,2016,unqualified,Unqualified - No findings,http://mfma.treasury.gov.za/Documents/07.%20Audit%20Reports/2015-16/02.%20Local%20municipalities/WC048%20Knysna/WC048%20Knysna%20Audit%20report%202015-16.pdf
MP325,Bushbuckridge,2019,unqualified_emphasis_of_matter,Unqualified - Emphasis of Matter items,
KZN285,Mthonjaneni,2014,unqualified_emphasis_of_matter,Unqualified - Emphasis of Matter items,http://mfma.treasury.gov.za/Documents/07.%20Audit%20Reports/2013-14/02.%20Local%20municipalities/KZN285%20Mthonjaneni/KZN285%20Mthonjaneni%20Audit%20report%202013-14.pdf
MP307,Govan Mbeki,2017,unqualified_emphasis_of_matter,Unqualified - Emphasis of Matter items,http://mfma.treasury.gov.za/Documents/07.%20Audit%20Reports/2016-17/02.%20Local%20municipalities/MP307%20Govan%20Mbeki/MP307%20Govan%20Mbeki%20Audit%20report%202016-17.pdf
WC022,Witzenberg,2014,unqualified,Unqualified - No findings,http://mfma.treasury.gov.za/Documents/07.%20Audit%20Reports/2013-14/02.%20Local%20municipalities/WC022%20Witzenberg/WC022%20Witzenberg%20Audit%20report%202013-14.pdf
WC015,Swartland,2014,unqualified,Unqualified - No findings,http://mfma.treasury.gov.za/Documents/07.%20Audit%20Reports/2013-14/02.%20Local%20municipalities/WC015%20Swartland/WC015%20Swartland%20Audit%20report%202013-14.pdf
WC013,Bergrivier,2014,unqualified_emphasis_of_matter,Unqualified - Emphasis of Matter items,http://mfma.treasury.gov.za/Documents/07.%20Audit%20Reports/2013-14/02.%20Local%20municipalities/WC013%20Bergrivier/WC013%20Bergrivier%20Audit%20Report%202013-14.pdf
WC012,Cederberg,2014,unqualified_emphasis_of_matter,Unqualified - Emphasis of Matter items,http://mfma.treasury.gov.za/Documents/07.%20Audit%20Reports/2013-14/02.%20Local%20municipalities/WC012%20Cederberg/WC012%20Cederberg%20Audit%20report%202013-14.pdf
WC011,Matzikama,2014,unqualified_emphasis_of_matter,Unqualified - Emphasis of Matter items,http://mfma.treasury.gov.za/Documents/07.%20Audit%20Reports/2013-14/02.%20Local%20municipalities/WC011%20Matzikama/WC011%20Matzikama%20Audit%20report%202013-14.pdf
NW403,City of Matlosana,2014,qualified,Qualified,http://mfma.treasury.gov.za/Documents/07.%20Audit%20Reports/2013-14/02.%20Local%20municipalities/NW403%20City%20of%20Matlosana/NW403%20City%20of%20Matlosana%20Audit%20report%202013-14.pdf
NW402,Tlokwe City Council,2014,unqualified_emphasis_of_matter,Unqualified - Emphasis of Matter items,http://mfma.treasury.gov.za/Documents/07.%20Audit%20Reports/2013-14/02.%20Local%20municipalities/NW402%20Tlokwe/NW402%20Tlokwe%20Audit%20report%202013-14.pdf
NW401,Ventersdorp,2014,disclaimer,Disclaimer of opinion,http://mfma.treasury.gov.za/Documents/07.%20Audit%20Reports/2013-14/02.%20Local%20municipalities/NW401%20Ventersdorp/NW401%20Ventersdorp%20Audit%20report%202013-14.pdf
NW397,Kagisano-Molopo,2014,qualified,Qualified,http://mfma.treasury.gov.za/Documents/07.%20Audit%20Reports/2013-14/02.%20Local%20municipalities/NW397%20Kagisano-Molopo/NW397%20Kagisano-Molopo%20Audit%20report%202013-14.pdf
WC053,Beaufort West,2014,unqualified_emphasis_of_matter,Unqualified - Emphasis of Matter items,http://mfma.treasury.gov.za/Documents/07.%20Audit%20Reports/2013-14/02.%20Local%20municipalities/WC053%20Beaufort%20West/WC053%20Beaufort%20West%20Audit%20report%202013-14.pdf
WC052,Prince Albert,2014,unqualified_emphasis_of_matter,Unqualified - Emphasis of Matter items,http://mfma.treasury.gov.za/Documents/07.%20Audit%20Reports/2013-14/02.%20Local%20municipalities/WC052%20Prince%20Albert/WC052%20Prince%20Albert%20Audit%20report%202013-14.pdf
WC044,George,2014,unqualified,Unqualified - No findings,http://mfma.treasury.gov.za/Documents/07.%20Audit%20Reports/2013-14/02.%20Local%20municipalities/WC044%20George/WC044%20George%20Audit%20report%202013-14.pdf
WC041,Kannaland,2014,unqualified_emphasis_of_matter,Unqualified - Emphasis of Matter items,http://mfma.treasury.gov.za/Documents/07.%20Audit%20Reports/2013-14/02.%20Local%20municipalities/WC041%20Kannaland/WC041%20Kannaland%20Audit%20report%202013-14.pdf
WC034,Swellendam,2014,unqualified_emphasis_of_matter,Unqualified - Emphasis of Matter items,http://mfma.treasury.gov.za/Documents/07.%20Audit%20Reports/2013-14/02.%20Local%20municipalities/WC034%20Swellendam/WC034%20Swellendam%20Audit%20report%202013-14.pdf
NW393,Mamusa,2014,disclaimer,Disclaimer of opinion,http://mfma.treasury.gov.za/Documents/07.%20Audit%20Reports/2013-14/02.%20Local%20municipalities/NW393%20Mamusa/NW393%20Mamusa%20Audit%20report%202013-14.pdf
NW392,Naledi (NW),2014,unqualified_emphasis_of_matter,Unqualified - Emphasis of Matter items,http://mfma.treasury.gov.za/Documents/07.%20Audit%20Reports/2013-14/02.%20Local%20municipalities/NW392%20Naledi/NW392%20Naledi%20Audit%20report%202013-14.pdf
NW385,Ramotshere Moiloa,2014,qualified,Qualified,http://mfma.treasury.gov.za/Documents/07.%20Audit%20Reports/2013-14/02.%20Local%20municipalities/NW385%20Ramotshere%20Moiloa/NW385%20Ramotshere%20Moiloa%20Audit%20Report%202013-14.pdf
NW383,Mafikeng,2014,qualified,Qualified,http://mfma.treasury.gov.za/Documents/07.%20Audit%20Reports/2013-14/02.%20Local%20municipalities/NW383%20Mafikeng/NW383%20Mafikeng%20Audit%20report%202013-14.pdf
NW382,Tswaing,2014,disclaimer,Disclaimer of opinion,http://mfma.treasury.gov.za/Documents/07.%20Audit%20Reports/2013-14/02.%20Local%20municipalities/NW382%20Tswaing/NW382%20Tswaing%20Audit%20Report%202013-14.pdf
NW381,Ratlou,2014,qualified,Qualified,http://mfma.treasury.gov.za/Documents/07.%20Audit%20Reports/2013-14/02.%20Local%20municipalities/NW381%20Ratlou/NW381%20Ratlou%20Audit%20report%202013-14.pdf
NW375,Moses Kotane,2014,unqualified_emphasis_of_matter,Unqualified - Emphasis of Matter items,http://mfma.treasury.gov.za/Documents/07.%20Audit%20Reports/2013-14/02.%20Local%20municipalities/NW375%20Moses%20Kotane/NW375%20Moses%20Kotane%20Audit%20report%202013-14.pdf
NW374,Kgetlengrivier,2014,qualified,Qualified,http://mfma.treasury.gov.za/Documents/07.%20Audit%20Reports/2013-14/02.%20Local%20municipalities/NW374%20Kgetlengrivier/NW374%20Kgetlengrivier%20Audit%20Report%202013-14.pdf
NW373,Rustenburg,2014,qualified,Qualified,http://mfma.treasury.gov.za/Documents/07.%20Audit%20Reports/2013-14/02.%20Local%20municipalities/NW373%20Rustenburg/NW373%20Rustenburg%20Audit%20report%202013-14.pdf
NW372,Madibeng,2014,qualified,Qualified,http://mfma.treasury.gov.za/Documents/07.%20Audit%20Reports/2013-14/02.%20Local%20municipalities/NW372%20Madibeng/NW372%20Madibeng%20Audit%20Report%202013-14.pdf
NW371,Moretele,2014,qualified,Qualified,http://mfma.treasury.gov.za/Documents/07.%20Audit%20Reports/2013-14/02.%20Local%20municipalities/NW371%20Moretele/NW371%20Moretele%20Audit%20report%202013-14.pdf
NC452,Ga-Segonyana,2014,disclaimer,Disclaimer of opinion,http://mfma.treasury.gov.za/Documents/07.%20Audit%20Reports/2013-14/02.%20Local%20municipalities/NC452%20Ga-Segonyana/NC452%20Ga-Segonyana%20Audit%20report%202013-14.pdf
NC451,Joe Morolong,2014,qualified,Qualified,http://mfma.treasury.gov.za/Documents/07.%20Audit%20Reports/2013-14/02.%20Local%20municipalities/NC451%20Joe%20Morolong/NC451%20Joe%20Morolong%20Audit%20Report%202013-14%20FY.pdf
NC093,Magareng,2014,disclaimer,Disclaimer of opinion,http://mfma.treasury.gov.za/Documents/07.%20Audit%20Reports/2013-14/02.%20Local%20municipalities/NC093%20Magareng/NC093%20Magareng%20Audit%20Report%202013-14.pdf
MP324,Nkomazi,2013,qualified,Qualified,http://mfma.treasury.gov.za/Documents/07.%20Audit%20Reports/2012-13/02.%20Local%20Municipalities/MP324%20Nkomazi/MP324%20Nkomazi%20Audit%20report%202012-13.pdf
NC092,Dikgatlong,2014,disclaimer,Disclaimer of opinion,http://mfma.treasury.gov.za/Documents/07.%20Audit%20Reports/2013-14/02.%20Local%20municipalities/NC092%20Dikgatlong/NC092%20Dikgatlong%20Audit%20report%202013-14.pdf
NC091,Sol Plaatje,2014,qualified,Qualified,http://mfma.treasury.gov.za/Documents/07.%20Audit%20Reports/2013-14/02.%20Local%20municipalities/NC091%20Sol%20Plaatje/NC091%20Sol%20Plaatje%20Audit%20report%202013-14.pdf
NC086,Kgatelopele,2014,disclaimer,Disclaimer of opinion,http://mfma.treasury.gov.za/Documents/07.%20Audit%20Reports/2013-14/02.%20Local%20municipalities/NC086%20Kgatelopele/NC086%20Kgatelopele%20Audit%20Report%202013-14.pdf
NC085,Tsantsabane,2014,disclaimer,Disclaimer of opinion,http://mfma.treasury.gov.za/Documents/07.%20Audit%20Reports/2013-14/02.%20Local%20municipalities/NC085%20Tsantsabane/NC085%20Tsantsabane%20Audit%20report%202013-14.pdf
NC084,!Kheis,2014,disclaimer,Disclaimer of opinion,http://mfma.treasury.gov.za/Documents/07.%20Audit%20Reports/2013-14/02.%20Local%20municipalities/NC084%20Kheis/NC084%20Kheis%20Audit%20report%202013-14.pdf
NC078,Siyancuma,2014,qualified,Qualified,http://mfma.treasury.gov.za/Documents/07.%20Audit%20Reports/2013-14/02.%20Local%20municipalities/NC078%20Siyancuma/NC078%20Siyancuma%20Audit%20report%202013-14.pdf
NC077,Siyathemba,2014,qualified,Qualified,http://mfma.treasury.gov.za/Documents/07.%20Audit%20Reports/2013-14/02.%20Local%20municipalities/NC077%20Siyathemba/NC077%20Siyathemba%20Audit%20Report%202013-14.pdf
NC076,Thembelihle,2014,disclaimer,Disclaimer of opinion,http://mfma.treasury.gov.za/Documents/07.%20Audit%20Reports/2013-14/02.%20Local%20municipalities/NC076%20Thembelihle/NC076%20Thembelihle%20Audit%20report%202013-14.pdf
NC075,Renosterberg,2014,disclaimer,Disclaimer of opinion,http://mfma.treasury.gov.za/Documents/07.%20Audit%20Reports/2013-14/02.%20Local%20municipalities/NC075%20Renosterberg/NC075%20Renosterberg%20Audit%20report%202013-14.pdf
NC074,Kareeberg,2014,unqualified_emphasis_of_matter,Unqualified - Emphasis of Matter items,http://mfma.treasury.gov.za/Documents/07.%20Audit%20Reports/2013-14/02.%20Local%20municipalities/NC074%20Kareeberg/NC074%20Kareeberg%20Audit%20report%202013-14.pdf
NC073,Emthanjeni,2014,qualified,Qualified,http://mfma.treasury.gov.za/Documents/07.%20Audit%20Reports/2013-14/02.%20Local%20municipalities/NC073%20Emthanjeni/NC073%20Emthanjeni%20Audit%20report%202013-14.pdf
NC072,Umsobomvu,2014,unqualified_emphasis_of_matter,Unqualified - Emphasis of Matter items,http://mfma.treasury.gov.za/Documents/07.%20Audit%20Reports/2013-14/02.%20Local%20municipalities/NC072%20Umsobomvu/NC072%20Umsombomvu%20Audit%20report%202013-14.pdf
NC071,Ubuntu,2014,qualified,Qualified,http://mfma.treasury.gov.za/Documents/07.%20Audit%20Reports/2013-14/02.%20Local%20municipalities/NC071%20Ubuntu/NC071%20Ubuntu%20Audit%20report%202013-14.pdf
NC067,Khai-Ma,2014,unqualified_emphasis_of_matter,Unqualified - Emphasis of Matter items,http://mfma.treasury.gov.za/Documents/07.%20Audit%20Reports/2013-14/02.%20Local%20municipalities/NC067%20Khai%20Ma/NC067%20Khai%20Ma%20Audit%20report%202013-14.pdf
NC066,Karoo Hoogland,2014,disclaimer,Disclaimer of opinion,http://mfma.treasury.gov.za/Documents/07.%20Audit%20Reports/2013-14/02.%20Local%20municipalities/NC066%20Karoo%20Hoogland/NC066%20Karoo%20Hoogland.pdf
NC065,Hantam,2014,unqualified_emphasis_of_matter,Unqualified - Emphasis of Matter items,http://mfma.treasury.gov.za/Documents/07.%20Audit%20Reports/2013-14/02.%20Local%20municipalities/NC065%20Hantam/NC065%20Hantam%20Audit%20report%202013-14.pdf
NC064,Kamiesberg,2014,disclaimer,Disclaimer of opinion,http://mfma.treasury.gov.za/Documents/07.%20Audit%20Reports/2013-14/02.%20Local%20municipalities/NC064%20Kamiesberg/NC064%20Kamiesberg%20Audit%20Report%202013-14.pdf
NC062,Nama Khoi,2014,qualified,Qualified,http://mfma.treasury.gov.za/Documents/07.%20Audit%20Reports/2013-14/02.%20Local%20municipalities/NC062%20Nama%20Khoi/NC062%20Nama%20Khoi%20Audit%20report%202013-14.pdf
NC061,Richtersveld,2014,qualified,Qualified,http://mfma.treasury.gov.za/Documents/07.%20Audit%20Reports/2013-14/02.%20Local%20municipalities/NC061%20Richtersveld/NC061%20Richtersveld%20Audit%20report%202013-14.pdf
MP325,Bushbuckridge,2014,qualified,Qualified,http://mfma.treasury.gov.za/Documents/07.%20Audit%20Reports/2013-14/02.%20Local%20municipalities/MP325%20Bushbuckridge/MP325%20Bushbuckridge%20Audit%20Report%202013-14.pdf
MP324,Nkomazi,2014,qualified,Qualified,http://mfma.treasury.gov.za/Documents/07.%20Audit%20Reports/2013-14/02.%20Local%20municipalities/MP324%20Nkomazi/MP324%20Nkomazi%20Audit%20Report%202013-14.pdf
MP323,Umjindi,2014,qualified,Qualified,http://mfma.treasury.gov.za/Documents/07.%20Audit%20Reports/2013-14/02.%20Local%20municipalities/MP323%20Umjindi/MP323%20Umjindi%20Audit%20report%202013-14.pdf
MP322,Mbombela,2014,unqualified_emphasis_of_matter,Unqualified - Emphasis of Matter items,http://mfma.treasury.gov.za/Documents/07.%20Audit%20Reports/2013-14/02.%20Local%20municipalities/MP322%20Mbombela/MP322%20Mbombela%20Audit%20report%202013-14.pdf
MP321,Thaba Chweu,2014,disclaimer,Disclaimer of opinion,http://mfma.treasury.gov.za/Documents/07.%20Audit%20Reports/2013-14/02.%20Local%20municipalities/MP321%20Thaba%20Chweu/MP321%20Thaba%20Chweu%20Audit%20report%202013-14.pdf
MP315,Thembisile Hani,2014,qualified,Qualified,http://mfma.treasury.gov.za/Documents/07.%20Audit%20Reports/2013-14/02.%20Local%20municipalities/MP315%20Thembisile%20Hani/MP315%20Thembibile%20Hani%20Audit%20report%202013-14.pdf
MP314,Emakhazeni,2014,disclaimer,Disclaimer of opinion,http://mfma.treasury.gov.za/Documents/07.%20Audit%20Reports/2013-14/02.%20Local%20municipalities/MP314%20Emakhazeni/MP314%20Emakhazeni%20Audit%20report%202013-14.pdf
MP313,Steve Tshwete,2014,unqualified,Unqualified - No findings,http://mfma.treasury.gov.za/Documents/07.%20Audit%20Reports/2013-14/02.%20Local%20municipalities/MP313%20Steve%20Tshwete/MP313%20Steve%20Tshwete%20Audit%20report%202013-14.pdf
MP312,Emalahleni (MP),2014,disclaimer,Disclaimer of opinion,http://mfma.treasury.gov.za/Documents/07.%20Audit%20Reports/2013-14/02.%20Local%20municipalities/MP312%20Emalahleni/MP312%20Emalahleni%20Audit%20report%202013-14.pdf
MP311,Victor Khanye,2014,qualified,Qualified,http://mfma.treasury.gov.za/Documents/07.%20Audit%20Reports/2013-14/02.%20Local%20municipalities/MP311%20Victor%20Khanye/MP311%20Victor%20Khanye%20Adut%20report%202013-14.pdf
MP307,Govan Mbeki,2014,unqualified_emphasis_of_matter,Unqualified - Emphasis of Matter items,http://mfma.treasury.gov.za/Documents/07.%20Audit%20Reports/2013-14/02.%20Local%20municipalities/MP307%20Govan%20Mbeki/MP307%20Govan%20Mbeki%20Audit%20Report%202013-14.pdf
MP306,Dipaleseng,2014,unqualified_emphasis_of_matter,Unqualified - Emphasis of Matter items,http://mfma.treasury.gov.za/Documents/07.%20Audit%20Reports/2013-14/02.%20Local%20municipalities/MP306%20Dipaleseng/MP306%20Dipaleseng%20Audit%20report%202013-14.pdf
MP302,Msukaligwa,2014,disclaimer,Disclaimer of opinion,http://mfma.treasury.gov.za/Documents/07.%20Audit%20Reports/2013-14/02.%20Local%20municipalities/MP302%20Msukaligwa/MP302%20Msukaligwa%20Audit%20report%202013-14.pdf
MP301,Albert Luthuli,2014,qualified,Qualified,http://mfma.treasury.gov.za/Documents/07.%20Audit%20Reports/2013-14/02.%20Local%20municipalities/MP301%20Chief%20Albert%20Luthuli/MP301%20Chief%20Albert%20Luthuli%20Audit%20Report%202013-14.pdf
MP312,Emalahleni (MP),2017,qualified,Qualified,http://mfma.treasury.gov.za/Documents/07.%20Audit%20Reports/2016-17/02.%20Local%20municipalities/MP312%20Emalahleni/MP312%20Emalahleni%20Audit%20report%202016-17.pdf
LIM473,Makhuduthamaga,2014,unqualified_emphasis_of_matter,Unqualified - Emphasis of Matter items,http://mfma.treasury.gov.za/Documents/07.%20Audit%20Reports/2013-14/02.%20Local%20municipalities/LIM473%20Makhuduthamaga/LIM473%20Makhuduthamaga%20Audit%20report%202013-14.pdf
LIM472,Elias Motsoaledi,2014,qualified,Qualified,http://mfma.treasury.gov.za/Documents/07.%20Audit%20Reports/2013-14/02.%20Local%20municipalities/LIM472%20Elias%20Motsoaledi/LIM472%20Elias%20Motsoaledi%20Audit%20report%202013-14.pdf
LIM366,Bela Bela,2014,unqualified_emphasis_of_matter,Unqualified - Emphasis of Matter items,http://mfma.treasury.gov.za/Documents/07.%20Audit%20Reports/2013-14/02.%20Local%20municipalities/LIM366%20Bela%20Bela/LIM366%20Bela%20Bela%20Audit%20report%202013-14.pdf
LIM365,Modimolle,2014,qualified,Qualified,http://mfma.treasury.gov.za/Documents/07.%20Audit%20Reports/2013-14/02.%20Local%20municipalities/LIM365%20Modimolle/LIM365%20Modimolle%20Audit%20Report%202013-14.pdf
LIM361,Thabazimbi,2014,disclaimer,Disclaimer of opinion,http://mfma.treasury.gov.za/Documents/07.%20Audit%20Reports/2013-14/02.%20Local%20municipalities/LIM361%20Thabazimbi/LIM361%20Thabazimbi%20Audit%20report%202013-14.pdf
LIM355,Lepelle-Nkumpi,2014,qualified,Qualified,http://mfma.treasury.gov.za/Documents/07.%20Audit%20Reports/2013-14/02.%20Local%20municipalities/LIM355%20Lepelle-Nkumpi/LIM355%20Lepelle-Nkumpi%20Audit%20report%202013-14.pdf
LIM353,Molemole,2014,qualified,Qualified,http://mfma.treasury.gov.za/Documents/07.%20Audit%20Reports/2013-14/02.%20Local%20municipalities/LIM353%20Molemole/LIM353%20Molemole%20Audit%20report%202013-14.pdf
LIM352,Aganang,2014,qualified,Qualified,http://mfma.treasury.gov.za/Documents/07.%20Audit%20Reports/2013-14/02.%20Local%20municipalities/LIM352%20Aganang/LIM352%20Aganang%20Audit%20report%202013-14.pdf
LIM351,Blouberg,2014,unqualified_emphasis_of_matter,Unqualified - Emphasis of Matter items,http://mfma.treasury.gov.za/Documents/07.%20Audit%20Reports/2013-14/02.%20Local%20municipalities/LIM351%20Blouberg/LIM351%20Blouberg%20Audit%20Report%202013-14.pdf
LIM344,Makhado,2014,unqualified_emphasis_of_matter,Unqualified - Emphasis of Matter items,http://mfma.treasury.gov.za/Documents/07.%20Audit%20Reports/2013-14/02.%20Local%20municipalities/LIM344%20Makhado/LIM344%20Makhado%20Audit%20report%202013-14.pdf
LIM343,Thulamela,2014,unqualified_emphasis_of_matter,Unqualified - Emphasis of Matter items,http://mfma.treasury.gov.za/Documents/07.%20Audit%20Reports/2013-14/02.%20Local%20municipalities/LIM343%20Thulamela/LIM343%20Thulamela%20Audit%20report%202013-14.pdf
LIM341,Musina,2014,unqualified_emphasis_of_matter,Unqualified - Emphasis of Matter items,http://mfma.treasury.gov.za/Documents/07.%20Audit%20Reports/2013-14/02.%20Local%20municipalities/LIM341%20Musina/LIM341%20Musina%20Audit%20report%202013-14.pdf
LIM335,Maruleng,2014,unqualified_emphasis_of_matter,Unqualified - Emphasis of Matter items,http://mfma.treasury.gov.za/Documents/07.%20Audit%20Reports/2013-14/02.%20Local%20municipalities/LIM335%20Maruleng/LIM335%20Maruleng%20Audit%20report%202013-14.pdf
LIM334,Ba-Phalaborwa,2014,disclaimer,Disclaimer of opinion,http://mfma.treasury.gov.za/Documents/07.%20Audit%20Reports/2013-14/02.%20Local%20municipalities/LIM334%20Ba-Phalaborwa/LIM334%20Ba-Phalaborwa%20Audit%20report%202013-14.pdf
LIM333,Greater Tzaneen,2014,qualified,Qualified,http://mfma.treasury.gov.za/Documents/07.%20Audit%20Reports/2013-14/02.%20Local%20municipalities/LIM333%20Greater%20Tzaneen/LIM333%20Greater%20Tzaneen%20Audit%20report%202013-14.pdf
LIM332,Greater Letaba,2014,qualified,Qualified,http://mfma.treasury.gov.za/Documents/07.%20Audit%20Reports/2013-14/02.%20Local%20municipalities/LIM332%20Greater%20Letaba/LIM332%20Greater%20Letaba%20Audit%20report%202013-14.pdf
KZN435,Umzimkhulu,2014,unqualified,Unqualified - No findings,http://mfma.treasury.gov.za/Documents/07.%20Audit%20Reports/2013-14/02.%20Local%20municipalities/KZN435%20Umzimkhulu/KZN435%20Umzimkhulu%20Audit%20report%202013-14.pdf
KZN432,Kwa Sani,2014,unqualified_emphasis_of_matter,Unqualified - Emphasis of Matter items,http://mfma.treasury.gov.za/Documents/07.%20Audit%20Reports/2013-14/02.%20Local%20municipalities/KZN432%20Kwa%20Sani/KZN432%20Kwa%20Sani%20Audit%20report%202013-14.pdf
KZN294,Maphumulo,2014,unqualified_emphasis_of_matter,Unqualified - Emphasis of Matter items,http://mfma.treasury.gov.za/Documents/07.%20Audit%20Reports/2013-14/02.%20Local%20municipalities/KZN294%20Maphumulo/KZN294%20Maphumulo%20Audit%20Report%202013-14.pdf
NC453,Gamagara,2014,qualified,Qualified,http://mfma.treasury.gov.za/Documents/07.%20Audit%20Reports/2013-14/02.%20Local%20municipalities/NC453%20Gamagara/NC453%20Gamagara%20Audit%20report%202013-14.pdf
DC9,Frances Baard,2014,unqualified,Unqualified - No findings,http://mfma.treasury.gov.za/Documents/07.%20Audit%20Reports/2013-14/03.%20District%20municipalities/DC9%20Frances%20Baard/DC9%20Frances%20Baard%20Audit%20report%202013-14.pdf
DC43,Harry Gwala,2012,qualified,Qualified,http://mfma.treasury.gov.za/Documents/07.%20Audit%20Reports/2011-12/03.%20District%20municipalities/DC43%20Sisonke/DC43%20Sisonke%20Audit%20Report%202011-12.pdf
DC9,Frances Baard,2013,unqualified_emphasis_of_matter,Unqualified - Emphasis of Matter items,http://mfma.treasury.gov.za/Documents/07.%20Audit%20Reports/2012-13/03.%20District%20municipalities/DC9%20Frances%20Baard/DC9%20Frances%20Baard%20Audit%20report%202012-13.pdf
DC7,Pixley Ka Seme (NC),2013,qualified,Qualified,http://mfma.treasury.gov.za/Documents/07.%20Audit%20Reports/2012-13/03.%20District%20municipalities/DC7%20Pixley%20ka%20Seme/DC7%20Pixley%20Ka%20Seme%20Audit%20Report%202012-13.pdf
DC6,Namakwa,2013,qualified,Qualified,http://mfma.treasury.gov.za/Documents/07.%20Audit%20Reports/2012-13/03.%20District%20municipalities/DC6%20Namakwa/DC6%20Namakwa%20Audit%20report%202012-13.pdf
DC5,Central Karoo,2013,unqualified_emphasis_of_matter,Unqualified - Emphasis of Matter items,http://mfma.treasury.gov.za/Documents/07.%20Audit%20Reports/2012-13/03.%20District%20municipalities/DC5%20Central%20Karoo/DC5%20Central%20Karoo%20Audit%20report%202012-13.pdf
DC48,West Rand,2013,unqualified_emphasis_of_matter,Unqualified - Emphasis of Matter items,http://mfma.treasury.gov.za/Documents/07.%20Audit%20Reports/2012-13/03.%20District%20municipalities/DC48%20West%20Rand/DC48%20West%20Rand%20Audit%20report%202012-13.pdf
DC47,Sekhukhune,2013,qualified,Qualified,http://mfma.treasury.gov.za/Documents/07.%20Audit%20Reports/2012-13/03.%20District%20municipalities/DC47%20Sekhukhune/DC47%20Sekhukhune%20Audit%20report%202012-13.pdf
DC45,John Taolo Gaetsewe,2013,qualified,Qualified,http://mfma.treasury.gov.za/Documents/07.%20Audit%20Reports/2012-13/03.%20District%20municipalities/DC45%20John%20Taolo%20Gaetsewe/DC45%20John%20Taolo%20Gaetsewe%20Audit%20report%202012-13.pdf
DC44,Alfred Nzo,2013,disclaimer,Disclaimer of opinion,http://mfma.treasury.gov.za/Documents/07.%20Audit%20Reports/2012-13/03.%20District%20municipalities/DC44%20Alfred%20Nzo/DC44%20Alfred%20Nzo%20Audit%20Report%202012-13.pdf
DC9,Frances Baard,2012,unqualified_emphasis_of_matter,Unqualified - Emphasis of Matter items,http://mfma.treasury.gov.za/Documents/07.%20Audit%20Reports/2011-12/03.%20District%20municipalities/DC9%20Frances%20Baard/DC9%20Frances%20Baard%20Audit%20report%202011-12.pdf
LIM471,Ephraim Mogale,2012,qualified,Qualified,http://mfma.treasury.gov.za/Documents/07.%20Audit%20Reports/2011-12/02.%20Local%20municipalities/LIM471%20Ephraim%20Mogale/LIM471%20Ephraim%20Mogale%20Audit%20report%202011-12.pdf
WC033,Cape Agulhas,2012,unqualified_emphasis_of_matter,Unqualified - Emphasis of Matter items,http://mfma.treasury.gov.za/Documents/07.%20Audit%20Reports/2011-12/02.%20Local%20municipalities/WC033%20Cape%20Agulhas/WC033%20Cape%20Agulhas%20Audit%20report%202011-12.pdf
WC032,Overstrand,2012,unqualified_emphasis_of_matter,Unqualified - Emphasis of Matter items,http://mfma.treasury.gov.za/Documents/07.%20Audit%20Reports/2011-12/02.%20Local%20municipalities/WC032%20Overstrand/WC032%20Overstrand%20Audit%20report%202011-12.pdf
WC031,Theewaterskloof,2012,unqualified_emphasis_of_matter,Unqualified - Emphasis of Matter items,http://mfma.treasury.gov.za/Documents/07.%20Audit%20Reports/2011-12/02.%20Local%20municipalities/WC031%20Theewaterskloof/WC031%20Theewaterskloof%20Audit%20report%202011-12.pdf
WC025,Breede Valley,2012,unqualified_emphasis_of_matter,Unqualified - Emphasis of Matter items,http://mfma.treasury.gov.za/Documents/07.%20Audit%20Reports/2011-12/02.%20Local%20municipalities/WC025%20Breede%20Valley/WC025%20Breede%20Valley%20Audit%20report%202011-12.pdf
WC026,Langeberg,2012,unqualified,Unqualified - No findings,http://mfma.treasury.gov.za/Documents/07.%20Audit%20Reports/2011-12/02.%20Local%20municipalities/WC026%20Langeberg/WC026%20Langeberg%20Audit%20report%202011-12.pdf
WC024,Stellenbosch,2012,unqualified_emphasis_of_matter,Unqualified - Emphasis of Matter items,http://mfma.treasury.gov.za/Documents/07.%20Audit%20Reports/2011-12/02.%20Local%20municipalities/WC024%20Stellenbosch/WC024%20Stellenbosch%20Audit%20Report%202011-12.pdf
WC023,Drakenstein,2012,unqualified_emphasis_of_matter,Unqualified - Emphasis of Matter items,http://mfma.treasury.gov.za/Documents/07.%20Audit%20Reports/2011-12/02.%20Local%20municipalities/WC023%20Drakenstein/WC023%20Drakenstein%20Audit%20report%202011-12.pdf
WC022,Witzenberg,2012,unqualified_emphasis_of_matter,Unqualified - Emphasis of Matter items,http://mfma.treasury.gov.za/Documents/07.%20Audit%20Reports/2011-12/02.%20Local%20municipalities/WC022%20Witzenberg/WC022%20Witzenberg%20Audit%20report%202011-12.pdf
WC015,Swartland,2012,unqualified,Unqualified - No findings,http://mfma.treasury.gov.za/Documents/07.%20Audit%20Reports/2011-12/02.%20Local%20municipalities/WC015%20Swartland/WC015%20Swartland%20Audit%20Report%202011-12.pdf
WC014,Saldanha Bay,2012,unqualified_emphasis_of_matter,Unqualified - Emphasis of Matter items,http://mfma.treasury.gov.za/Documents/07.%20Audit%20Reports/2011-12/02.%20Local%20municipalities/WC014%20Saldanha%20Bay/WC014%20Saldanha%20Bay%20Audit%20report%202011-12.pdf
WC013,Bergrivier,2012,qualified,Qualified,http://mfma.treasury.gov.za/Documents/07.%20Audit%20Reports/2011-12/02.%20Local%20municipalities/WC013%20Bergrivier/WC013%20Bergrivier%20Audit%20report%202011-12.pdf
WC012,Cederberg,2012,outstanding,Outstanding,http://mfma.treasury.gov.za/Documents/07.%20Audit%20Reports/2011-12/02.%20Local%20municipalities/WC012%20Cederberg/WC012%20Cederberg%20Audit%20Report%202011-12.pdf
WC011,Matzikama,2012,unqualified_emphasis_of_matter,Unqualified - Emphasis of Matter items,http://mfma.treasury.gov.za/Documents/07.%20Audit%20Reports/2011-12/02.%20Local%20municipalities/WC011%20Matzikama/WC011%20Matzikama%20Audit%20report%202011-12.pdf
NW404,Maquassi Hills,2012,disclaimer,Disclaimer of opinion,http://mfma.treasury.gov.za/Documents/07.%20Audit%20Reports/2011-12/02.%20Local%20municipalities/NW404%20Maquassi%20Hills/NW404%20Maquassi%20Hills%20Audit%20report%202011-12.pdf
NW403,City of Matlosana,2012,disclaimer,Disclaimer of opinion,http://mfma.treasury.gov.za/Documents/07.%20Audit%20Reports/2011-12/02.%20Local%20municipalities/NW403%20City%20of%20Matlosana/NW403%20City%20of%20Matlosana%20Audit%20report%202011-12.pdf
NW401,Ventersdorp,2012,disclaimer,Disclaimer of opinion,http://mfma.treasury.gov.za/Documents/07.%20Audit%20Reports/2011-12/02.%20Local%20municipalities/NW401%20Ventersdorp/NW401%20Ventersdorp%20Audit%20report%202011-12.pdf
WC053,Beaufort West,2012,unqualified_emphasis_of_matter,Unqualified - Emphasis of Matter items,http://mfma.treasury.gov.za/Documents/07.%20Audit%20Reports/2011-12/02.%20Local%20municipalities/WC053%20Beaufort%20West/WC053%20Beaufort%20West%20Audit%20Report%202011-12.pdf
WC052,Prince Albert,2012,unqualified_emphasis_of_matter,Unqualified - Emphasis of Matter items,http://mfma.treasury.gov.za/Documents/07.%20Audit%20Reports/2011-12/02.%20Local%20municipalities/WC052%20Prince%20Albert/WC052%20Prince%20Albert%20Audit%20Report%202011-12.pdf
WC051,Laingsburg,2012,unqualified_emphasis_of_matter,Unqualified - Emphasis of Matter items,http://mfma.treasury.gov.za/Documents/07.%20Audit%20Reports/2011-12/02.%20Local%20municipalities/WC051%20Laingsburg/WC051%20Laingsburg%20Audit%20Report%202011-12.pdf
WC047,Bitou,2012,unqualified_emphasis_of_matter,Unqualified - Emphasis of Matter items,http://mfma.treasury.gov.za/Documents/07.%20Audit%20Reports/2011-12/02.%20Local%20municipalities/WC047%20Bitou/WC047%20Bitou%20Audit%20Report%202011-12.pdf
WC045,Oudtshoorn,2012,outstanding,Outstanding,http://mfma.treasury.gov.za/Documents/07.%20Audit%20Reports/2011-12/02.%20Local%20municipalities/WC045%20Oudtshoorn/WC045%20Oudtshoorn%20Audit%20report%202011-12.pdf
WC044,George,2012,unqualified,Unqualified - No findings,http://mfma.treasury.gov.za/Documents/07.%20Audit%20Reports/2011-12/02.%20Local%20municipalities/WC044%20George/WC044%20George%20Audit%20report%202011-12.pdf
WC043,Mossel Bay,2012,unqualified,Unqualified - No findings,http://mfma.treasury.gov.za/Documents/07.%20Audit%20Reports/2011-12/02.%20Local%20municipalities/WC043%20Mossel%20Bay/WC043%20Mossel%20Bay%20Audit%20Report%202011-12.pdf
WC042,Hessequa,2012,unqualified_emphasis_of_matter,Unqualified - Emphasis of Matter items,http://mfma.treasury.gov.za/Documents/07.%20Audit%20Reports/2011-12/02.%20Local%20municipalities/WC042%20Hessequa/WC042%20Hessequa%20Audit%20Report%202011-12.pdf
WC041,Kannaland,2012,outstanding,Outstanding,http://mfma.treasury.gov.za/Documents/07.%20Audit%20Reports/2011-12/02.%20Local%20municipalities/WC041%20Kannaland/WC041%20Kannaland%20Audit%20Report%202011-12.pdf
WC034,Swellendam,2012,outstanding,Outstanding,http://mfma.treasury.gov.za/Documents/07.%20Audit%20Reports/2011-12/02.%20Local%20municipalities/WC034%20Swellendam/WC034%20Swellendam%20Audit%20Report%202011-12.pdf
MP323,Umjindi,2013,qualified,Qualified,http://mfma.treasury.gov.za/Documents/07.%20Audit%20Reports/2012-13/02.%20Local%20Municipalities/MP323%20Umjindi/MP323%20Umjindi%20Audit%20report%202012-13.pdf
NW396,Lekwa-Teemane,2012,disclaimer,Disclaimer of opinion,http://mfma.treasury.gov.za/Documents/07.%20Audit%20Reports/2011-12/02.%20Local%20municipalities/NW396%20Lekwa-Teemane/NW396%20Lekwa-Teemande%20Audit%20report%202011-12.pdf
NW394,Greater Taung,2012,disclaimer,Disclaimer of opinion,http://mfma.treasury.gov.za/Documents/07.%20Audit%20Reports/2011-12/02.%20Local%20municipalities/NW394%20Greater%20Taung/NW394%20Greater%20Taung%20Audit%20report%202011-12.pdf
NW392,Naledi (NW),2012,disclaimer,Disclaimer of opinion,http://mfma.treasury.gov.za/Documents/07.%20Audit%20Reports/2011-12/02.%20Local%20municipalities/NW392%20Naledi/NW392%20Naledi%20Audit%20report%202011-12.pdf
NW384,Ditsobotla,2012,disclaimer,Disclaimer of opinion,http://mfma.treasury.gov.za/Documents/07.%20Audit%20Reports/2011-12/02.%20Local%20municipalities/NW384%20Ditsobotla/NW384%20Ditsobotla%20Audit%20report%202011-12.pdf
NW383,Mafikeng,2012,disclaimer,Disclaimer of opinion,http://mfma.treasury.gov.za/Documents/07.%20Audit%20Reports/2011-12/02.%20Local%20municipalities/NW383%20Mafikeng/NW383%20Mahikeng%20Audit%20report%202011-12.pdf
NW375,Moses Kotane,2012,qualified,Qualified,http://mfma.treasury.gov.za/Documents/07.%20Audit%20Reports/2011-12/02.%20Local%20municipalities/NW375%20Moses%20Kotane/NW375%20Moses%20Kotane%20Audit%20report%202011-12.pdf
NW374,Kgetlengrivier,2012,disclaimer,Disclaimer of opinion,http://mfma.treasury.gov.za/Documents/07.%20Audit%20Reports/2011-12/02.%20Local%20municipalities/NW374%20Kgetlengrivier/NW374%20Kgetlengrivier%20Audit%20report%202011-12.pdf
NW373,Rustenburg,2012,qualified,Qualified,http://mfma.treasury.gov.za/Documents/07.%20Audit%20Reports/2011-12/02.%20Local%20municipalities/NW373%20Rustenburg/NW373%20Rustenburg%20Audit%20report%202011-12.pdf
NW372,Madibeng,2012,disclaimer,Disclaimer of opinion,http://mfma.treasury.gov.za/Documents/07.%20Audit%20Reports/2011-12/02.%20Local%20municipalities/NW372%20Madibeng/NW372%20Madibeng%20Audit%20report%202011-12.pdf
NW371,Moretele,2012,disclaimer,Disclaimer of opinion,http://mfma.treasury.gov.za/Documents/07.%20Audit%20Reports/2011-12/02.%20Local%20municipalities/NW371%20Moretele/NW371%20Moretele%20Audit%20report%202011-12.pdf
NC453,Gamagara,2012,disclaimer,Disclaimer of opinion,http://mfma.treasury.gov.za/Documents/07.%20Audit%20Reports/2011-12/02.%20Local%20municipalities/NC453%20Gamagara/NC453%20Gamagara%20Audit%20report%202011-12.pdf
NC452,Ga-Segonyana,2012,disclaimer,Disclaimer of opinion,http://mfma.treasury.gov.za/Documents/07.%20Audit%20Reports/2011-12/02.%20Local%20municipalities/NC452%20Ga-Segonyana/NC452%20Ga-Segonyana%20Audit%20report%202011-12.pdf
NC451,Joe Morolong,2012,outstanding,Outstanding,http://mfma.treasury.gov.za/Documents/07.%20Audit%20Reports/2011-12/02.%20Local%20municipalities/NC451%20Joe%20Morolong/NC451%20Joe%20Morolong%20Audit%20Report%202011-12.pdf
NC094,Phokwane,2012,disclaimer,Disclaimer of opinion,http://mfma.treasury.gov.za/Documents/07.%20Audit%20Reports/2011-12/02.%20Local%20municipalities/NC094%20Phokwane/NC094%20Phokwane%20Audit%20Report%202011-12.pdf
NC093,Magareng,2012,disclaimer,Disclaimer of opinion,http://mfma.treasury.gov.za/Documents/07.%20Audit%20Reports/2011-12/02.%20Local%20municipalities/NC093%20Magareng/NC093%20Magareng%20Audit%20report%202011-12.pdf
NC091,Sol Plaatje,2012,qualified,Qualified,http://mfma.treasury.gov.za/Documents/07.%20Audit%20Reports/2011-12/02.%20Local%20municipalities/NC091%20Sol%20Plaatje/NC091%20Sol%20Plaatje%20Audit%20Report%202011-12.pdf
NC086,Kgatelopele,2012,outstanding,Outstanding,http://mfma.treasury.gov.za/Documents/07.%20Audit%20Reports/2011-12/02.%20Local%20municipalities/NC086%20Kgatelopele/NC086%20Kgatelopele%20Audit%20Report%202011-12.pdf
NC085,Tsantsabane,2012,outstanding,Outstanding,http://mfma.treasury.gov.za/Documents/07.%20Audit%20Reports/2011-12/02.%20Local%20municipalities/NC085%20Tsantsabane/NC085%20Tsantsabane%20Audit%20Report%202011-12.pdf
NC084,!Kheis,2012,disclaimer,Disclaimer of opinion,http://mfma.treasury.gov.za/Documents/07.%20Audit%20Reports/2011-12/02.%20Local%20municipalities/NC084%20Kheis/NC084%20Kheis%20Audit%20report%202011-12.pdf
NC083,//Khara Hais,2012,disclaimer,Disclaimer of opinion,http://mfma.treasury.gov.za/Documents/07.%20Audit%20Reports/2011-12/02.%20Local%20municipalities/NC083%20Khara%20Hais/NC083%20Khara%20Hais%20Audit%20report%202011-12.pdf
NC082,!Kai! Garib,2012,outstanding,Outstanding,http://mfma.treasury.gov.za/Documents/07.%20Audit%20Reports/2011-12/02.%20Local%20municipalities/NC082%20Kai%20Garib/NC082%20Kai%20Garib%20Audit%20report%202011-12.pdf
NC081,Mier,2012,outstanding,Outstanding,http://mfma.treasury.gov.za/Documents/07.%20Audit%20Reports/2011-12/02.%20Local%20municipalities/NC081%20Mier/NC081%20Mier%20Audit%20Report%202011-12.pdf
NC078,Siyancuma,2012,disclaimer,Disclaimer of opinion,http://mfma.treasury.gov.za/Documents/07.%20Audit%20Reports/2011-12/02.%20Local%20municipalities/NC078%20Siyancuma/NC078%20Siyancuma%20Audit%20report%202011-12.pdf
NC077,Siyathemba,2012,disclaimer,Disclaimer of opinion,http://mfma.treasury.gov.za/Documents/07.%20Audit%20Reports/2011-12/02.%20Local%20municipalities/NC077%20Siyathemba/NC077%20Siyathemba%20Audit%20report%202011-12.pdf
NC076,Thembelihle,2012,disclaimer,Disclaimer of opinion,http://mfma.treasury.gov.za/Documents/07.%20Audit%20Reports/2011-12/02.%20Local%20municipalities/NC076%20Thembelihle/NC076%20Thembelihle%20Audit%20Report%202011-12.pdf
NC074,Kareeberg,2012,unqualified_emphasis_of_matter,Unqualified - Emphasis of Matter items,http://mfma.treasury.gov.za/Documents/07.%20Audit%20Reports/2011-12/02.%20Local%20municipalities/NC074%20Kareeberg/NC074%20Kareeberg%20Audit%20report%202011-12.pdf
NC073,Emthanjeni,2012,qualified,Qualified,http://mfma.treasury.gov.za/Documents/07.%20Audit%20Reports/2011-12/02.%20Local%20municipalities/NC073%20Emthanjeni/NC073%20Emthanjeni%20Audit%20report%202011-12.pdf
NC072,Umsobomvu,2012,unqualified_emphasis_of_matter,Unqualified - Emphasis of Matter items,http://mfma.treasury.gov.za/Documents/07.%20Audit%20Reports/2011-12/02.%20Local%20municipalities/NC072%20Umsobomvu/NC072%20Umsobomvu%20Audit%20Report%202011-12.pdf
NC071,Ubuntu,2012,qualified,Qualified,http://mfma.treasury.gov.za/Documents/07.%20Audit%20Reports/2011-12/02.%20Local%20municipalities/NC071%20Ubuntu/NC071%20Ubuntu%20Audit%20report%202011-12.pdf
NC065,Hantam,2012,qualified,Qualified,http://mfma.treasury.gov.za/Documents/07.%20Audit%20Reports/2011-12/02.%20Local%20municipalities/NC065%20Hantam/NC065%20Hantam%20Audit%20report%202011-12.pdf
NC067,Khai-Ma,2012,unqualified_emphasis_of_matter,Unqualified - Emphasis of Matter items,http://mfma.treasury.gov.za/Documents/07.%20Audit%20Reports/2011-12/02.%20Local%20municipalities/NC067%20Khai-Ma/NC067%20Khai-Ma%20Audit%20report%202011-12.pdf
NC064,Kamiesberg,2012,outstanding,Outstanding,http://mfma.treasury.gov.za/Documents/07.%20Audit%20Reports/2011-12/02.%20Local%20municipalities/NC064%20Kamiesberg/NC064%20Kamiesberg%20Audit%20report%202011-12.pdf
DC48,West Rand,2019,unqualified_emphasis_of_matter,Unqualified - Emphasis of Matter items,
NC061,Richtersveld,2012,unqualified_emphasis_of_matter,Unqualified - Emphasis of Matter items,http://mfma.treasury.gov.za/Documents/07.%20Audit%20Reports/2011-12/02.%20Local%20municipalities/NC061%20Richtersveld/NC061%20Richtersveld%20Audit%20Report%202011-12.pdf
MP325,Bushbuckridge,2012,disclaimer,Disclaimer of opinion,http://mfma.treasury.gov.za/Documents/07.%20Audit%20Reports/2011-12/02.%20Local%20municipalities/MP325%20Bushbuckridge/MP325%20Bushbuckridge%20Audit%20report%202011-12.pdf
MP324,Nkomazi,2012,disclaimer,Disclaimer of opinion,http://mfma.treasury.gov.za/Documents/07.%20Audit%20Reports/2011-12/02.%20Local%20municipalities/MP324%20Nkomazi/MP324%20Nkomazi%20Audit%20report%202011-12.pdf
MP322,Mbombela,2012,unqualified_emphasis_of_matter,Unqualified - Emphasis of Matter items,http://mfma.treasury.gov.za/Documents/07.%20Audit%20Reports/2011-12/02.%20Local%20municipalities/MP322%20Mbombela/MP322%20Mbombela%20Audit%20Report%202011-12.pdf
MP321,Thaba Chweu,2012,disclaimer,Disclaimer of opinion,http://mfma.treasury.gov.za/Documents/07.%20Audit%20Reports/2011-12/02.%20Local%20municipalities/MP321%20Thaba%20Chweu/MP321%20Thaba%20Chweu%20Audit%20report%202011-12.pdf
MP316,Dr J.S. Moroka,2012,qualified,Qualified,http://mfma.treasury.gov.za/Documents/07.%20Audit%20Reports/2011-12/02.%20Local%20municipalities/MP316%20Dr%20J%20S%20Moroka/MP316%20Dr%20J.S.%20Moroka%20Audit%20Report%202011-12.pdf
MP315,Thembisile Hani,2012,qualified,Qualified,http://mfma.treasury.gov.za/Documents/07.%20Audit%20Reports/2011-12/02.%20Local%20municipalities/MP315%20Thembisile%20Hani/MP315%20Thembisile%20Hani%20Audit%20report%202011-12.pdf
MP314,Emakhazeni,2012,qualified,Qualified,http://mfma.treasury.gov.za/Documents/07.%20Audit%20Reports/2011-12/02.%20Local%20municipalities/MP314%20eMakhazeni/MP314%20Emakhazeni%20Audit%20Report%202011-12.pdf
MP312,Emalahleni (MP),2012,outstanding,Outstanding,http://mfma.treasury.gov.za/Documents/07.%20Audit%20Reports/2011-12/02.%20Local%20municipalities/MP312%20Emalahleni/MP312%20Emalahleni%20Audit%20report%202011-12.pdf
MP311,Victor Khanye,2012,unqualified_emphasis_of_matter,Unqualified - Emphasis of Matter items,http://mfma.treasury.gov.za/Documents/07.%20Audit%20Reports/2011-12/02.%20Local%20municipalities/MP311%20Victor%20Khanye/MP311%20Victor%20Khanye%20Audit%20report%202011-12.pdf
MP306,Dipaleseng,2012,unqualified_emphasis_of_matter,Unqualified - Emphasis of Matter items,http://mfma.treasury.gov.za/Documents/07.%20Audit%20Reports/2011-12/02.%20Local%20municipalities/MP306%20Dipaleseng/MP306%20Dipaleseng%20Audit%20report%202011-12.pdf
MP305,Lekwa,2012,disclaimer,Disclaimer of opinion,http://mfma.treasury.gov.za/Documents/07.%20Audit%20Reports/2011-12/02.%20Local%20municipalities/MP305%20Lekwa/MP305%20Lekwa%20Audit%20report%202011-12.pdf
MP304,Pixley Ka Seme (MP),2012,qualified,Qualified,http://mfma.treasury.gov.za/Documents/07.%20Audit%20Reports/2011-12/02.%20Local%20municipalities/MP304%20Pixley%20Ka%20Seme/MP304%20Pixley%20Ka%20Seme%20Audit%20report%202011-12.pdf
MP301,Albert Luthuli,2012,qualified,Qualified,http://mfma.treasury.gov.za/Documents/07.%20Audit%20Reports/2011-12/02.%20Local%20municipalities/MP301%20Albert%20Luthuli/MP301%20Albert%20Luthuli%20Audit%20report%202011-12.pdf
LIM475,Greater Tubatse,2012,qualified,Qualified,http://mfma.treasury.gov.za/Documents/07.%20Audit%20Reports/2011-12/02.%20Local%20municipalities/LIM475%20Greater%20Tubatse/LIM475%20Greater%20Tubatse%20Audit%20Report%202011-12.pdf
LIM473,Makhuduthamaga,2012,qualified,Qualified,http://mfma.treasury.gov.za/Documents/07.%20Audit%20Reports/2011-12/02.%20Local%20municipalities/LIM473%20Makhuduthamaga/LIM473%20Makhuduthamaga%20Audit%20Report%202011-12.pdf
LIM367,Mogalakwena,2012,unqualified_emphasis_of_matter,Unqualified - Emphasis of Matter items,http://mfma.treasury.gov.za/Documents/07.%20Audit%20Reports/2011-12/02.%20Local%20municipalities/LIM367%20Mogalakwena/LIM367%20Mogalakwena%20Audit%20Report%202011-12.pdf
LIM366,Bela Bela,2012,adverse,Adverse opinion,http://mfma.treasury.gov.za/Documents/07.%20Audit%20Reports/2011-12/02.%20Local%20municipalities/LIM366%20Bela%20Bela/LIM366%20Bela%20Bela%20Audit%20report%202011-12.pdf
LIM365,Modimolle,2012,disclaimer,Disclaimer of opinion,http://mfma.treasury.gov.za/Documents/07.%20Audit%20Reports/2011-12/02.%20Local%20municipalities/LIM365%20Modimolle/LIM365%20Modimolle%20Audit%20report%202011-12.pdf
LIM364,Mookgopong,2012,qualified,Qualified,http://mfma.treasury.gov.za/Documents/07.%20Audit%20Reports/2011-12/02.%20Local%20municipalities/LIM364%20Mookgopong/LIM364%20Mookgophong%20Audit%20report%202011-12.pdf
LIM362,Lephalale,2012,qualified,Qualified,http://mfma.treasury.gov.za/Documents/07.%20Audit%20Reports/2011-12/02.%20Local%20municipalities/LIM362%20Lephalale/LIM362%20Lephalale%20Audit%20report%202011-12.pdf
LIM361,Thabazimbi,2012,disclaimer,Disclaimer of opinion,http://mfma.treasury.gov.za/Documents/07.%20Audit%20Reports/2011-12/02.%20Local%20municipalities/LIM361%20Thabazimbi/LIM361%20Thabazimbi%20Audit%20report%202011-12.pdf
LIM355,Lepelle-Nkumpi,2012,disclaimer,Disclaimer of opinion,http://mfma.treasury.gov.za/Documents/07.%20Audit%20Reports/2011-12/02.%20Local%20municipalities/LIM355%20Lepelle-Nkumpi/LIM355%20Lepelle-Nkumpi%20Audit%20Report%202011-12.pdf
LIM353,Molemole,2012,outstanding,Outstanding,http://mfma.treasury.gov.za/Documents/07.%20Audit%20Reports/2011-12/02.%20Local%20municipalities/LIM353%20Molemole/LIM353%20Molemole%20Audit%20report%202011-12.pdf
LIM354,Polokwane,2012,disclaimer,Disclaimer of opinion,http://mfma.treasury.gov.za/Documents/07.%20Audit%20Reports/2011-12/02.%20Local%20municipalities/LIM354%20Polokwane/LIM354%20Polokwane%20Audit%20report%202011-12.pdf
LIM352,Aganang,2012,disclaimer,Disclaimer of opinion,http://mfma.treasury.gov.za/Documents/07.%20Audit%20Reports/2011-12/02.%20Local%20municipalities/LIM352%20Aganang/LIM352%20Aganang%20Audit%20Report%202011-12.pdf
LIM351,Blouberg,2012,disclaimer,Disclaimer of opinion,http://mfma.treasury.gov.za/Documents/07.%20Audit%20Reports/2011-12/02.%20Local%20municipalities/LIM351%20Blouberg/LIM351%20Blouberg%20Audit%20Report%202011-12.pdf
LIM343,Thulamela,2012,qualified,Qualified,http://mfma.treasury.gov.za/Documents/07.%20Audit%20Reports/2011-12/02.%20Local%20municipalities/LIM343%20Thulamela/LIM343%20Thulamela%20Audit%20Report%202011-12.pdf
LIM342,Mutale,2012,disclaimer,Disclaimer of opinion,http://mfma.treasury.gov.za/Documents/07.%20Audit%20Reports/2011-12/02.%20Local%20municipalities/LIM342%20Mutale/LIM342%20Mutale%20Audit%20Report%202011-12.pdf
LIM341,Musina,2012,qualified,Qualified,http://mfma.treasury.gov.za/Documents/07.%20Audit%20Reports/2011-12/02.%20Local%20municipalities/LIM341%20Musina/LIM341%20Musina%20Audit%20report%202011-12.pdf
LIM335,Maruleng,2012,qualified,Qualified,http://mfma.treasury.gov.za/Documents/07.%20Audit%20Reports/2011-12/02.%20Local%20municipalities/LIM335%20Maruleng/LIM335%20Maruleng%20Audit%20Report%202011-12.pdf
LIM334,Ba-Phalaborwa,2012,disclaimer,Disclaimer of opinion,http://mfma.treasury.gov.za/Documents/07.%20Audit%20Reports/2011-12/02.%20Local%20municipalities/LIM334%20Ba%20Phalaborwa/LIM334%20Ba-Phalaborwa%20Audit%20report%202011-12.pdf
LIM333,Greater Tzaneen,2012,disclaimer,Disclaimer of opinion,http://mfma.treasury.gov.za/Documents/07.%20Audit%20Reports/2011-12/02.%20Local%20municipalities/LIM333%20Greater%20Tzaneen/LIM333%20Greater%20Tzaneen%20Audit%20report%202011-12.pdf
LIM332,Greater Letaba,2012,qualified,Qualified,http://mfma.treasury.gov.za/Documents/07.%20Audit%20Reports/2011-12/02.%20Local%20municipalities/LIM332%20Greater%20Letaba/LIM332%20Greater%20Letaba%20Audit%20report%202011-12.pdf
LIM331,Greater Giyani,2012,disclaimer,Disclaimer of opinion,http://mfma.treasury.gov.za/Documents/07.%20Audit%20Reports/2011-12/02.%20Local%20municipalities/LIM331%20Greater%20Giyani/LIM331%20Greater%20Giyani%20Audit%20Report%202011-12.pdf
KZN435,Umzimkhulu,2012,unqualified_emphasis_of_matter,Unqualified - Emphasis of Matter items,http://mfma.treasury.gov.za/Documents/07.%20Audit%20Reports/2011-12/02.%20Local%20municipalities/KZN435%20Umzimkhulu/KZN435%20Umzimkhulu%20Audit%20Report%202011-12.pdf
KZN434,Johannes Phumani Phungula,2012,unqualified_emphasis_of_matter,Unqualified - Emphasis of Matter items,http://mfma.treasury.gov.za/Documents/07.%20Audit%20Reports/2011-12/02.%20Local%20municipalities/KZN434%20Ubuhlebezwe/KZN434%20Ubuhlebezwe%20Audit%20Report%202011-12.pdf
KZN433,Greater Kokstad,2012,qualified,Qualified,http://mfma.treasury.gov.za/Documents/07.%20Audit%20Reports/2011-12/02.%20Local%20municipalities/KZN433%20Greater%20Kokstad/KZN433%20Greater%20Kokstad%20Audit%20Report%202011-12.pdf
KZN432,Kwa Sani,2012,unqualified_emphasis_of_matter,Unqualified - Emphasis of Matter items,http://mfma.treasury.gov.za/Documents/07.%20Audit%20Reports/2011-12/02.%20Local%20municipalities/KZN432%20Kwa-Sani/KZN432%20Kwa%20Sani%20Audit%20Report%202011-12.pdf
KZN431,Ingwe,2012,unqualified_emphasis_of_matter,Unqualified - Emphasis of Matter items,http://mfma.treasury.gov.za/Documents/07.%20Audit%20Reports/2011-12/02.%20Local%20municipalities/KZN431%20Ingwe/KZN431%20Ingwe%20Audit%20Report%202011-12.pdf
KZN292,KwaDukuza,2012,unqualified_emphasis_of_matter,Unqualified - Emphasis of Matter items,http://mfma.treasury.gov.za/Documents/07.%20Audit%20Reports/2011-12/02.%20Local%20municipalities/KZN292%20KwaDukuza/KZN292%20KwaDukuza%20Audit%20Report%202011-12.pdf
KZN291,Mandeni,2012,unqualified_emphasis_of_matter,Unqualified - Emphasis of Matter items,http://mfma.treasury.gov.za/Documents/07.%20Audit%20Reports/2011-12/02.%20Local%20municipalities/KZN291%20Mandeni/KZN291%20Mandeni%20Audit%20Report%202011-12.pdf
KZN286,Nkandla,2012,unqualified_emphasis_of_matter,Unqualified - Emphasis of Matter items,http://mfma.treasury.gov.za/Documents/07.%20Audit%20Reports/2011-12/02.%20Local%20municipalities/KZN286%20Nkandla/KZN286%20Nkandla%20Audit%20report%202011-12.pdf
DC4,Garden Route,2011,unqualified_emphasis_of_matter,Unqualified - Emphasis of Matter items,http://mfma.treasury.gov.za/Documents/07.%20Audit%20Reports/2010-11/03.%20District%20Municipalities/DC4%20Eden/DC4%20Eden%20Audit%20report%202010-11.pdf
DC39,Dr Ruth Segomotsi Mompati,2011,unqualified_emphasis_of_matter,Unqualified - Emphasis of Matter items,http://mfma.treasury.gov.za/Documents/07.%20Audit%20Reports/2010-11/03.%20District%20Municipalities/DC39%20Dr%20Ruth%20Segomotsi%20Mompati/DC39%20Dr%20Ruth%20Segomotsi%20Mompati%20Audit%20report%202010-11.pdf
DC38,Ngaka Modiri Molema,2011,disclaimer,Disclaimer of opinion,http://mfma.treasury.gov.za/Documents/07.%20Audit%20Reports/2010-11/03.%20District%20Municipalities/DC38%20Ngaka%20Modiri%20Molema/DC38%20Ngaka%20Modiri%20Molema%20Audit%20report%202010-11.pdf
DC36,Waterberg,2011,unqualified,Unqualified - No findings,http://mfma.treasury.gov.za/Documents/07.%20Audit%20Reports/2010-11/03.%20District%20Municipalities/DC36%20Waterberg/DC36%20Waterberg%20Audit%20Report%202010-11.pdf
DC35,Capricorn,2011,qualified,Qualified,http://mfma.treasury.gov.za/Documents/07.%20Audit%20Reports/2010-11/03.%20District%20Municipalities/DC35%20Capricorn/DC35%20Capricorn%20Audit%20report%202010-11.pdf
DC34,Vhembe,2011,qualified,Qualified,http://mfma.treasury.gov.za/Documents/07.%20Audit%20Reports/2010-11/03.%20District%20Municipalities/DC34%20Vhembe/DC34%20Vhembe%20Audit%20Report%202010-11.pdf
DC33,Mopani,2011,qualified,Qualified,http://mfma.treasury.gov.za/Documents/07.%20Audit%20Reports/2010-11/03.%20District%20Municipalities/DC33%20Mopani/DC33%20Mopani%20Audit%20report%202010-11.pdf
DC32,Ehlanzeni,2011,unqualified,Unqualified - No findings,http://mfma.treasury.gov.za/Documents/07.%20Audit%20Reports/2010-11/03.%20District%20Municipalities/DC32%20Ehlanzeni/DC32%20Ehlanzeni%20Audit%20Report%202010-11.pdf
DC31,Nkangala,2011,unqualified_emphasis_of_matter,Unqualified - Emphasis of Matter items,http://mfma.treasury.gov.za/Documents/07.%20Audit%20Reports/2010-11/03.%20District%20Municipalities/DC31%20Nkangala/DC31%20Nkangala%20Audit%20Report%202010-11.pdf
DC30,Gert Sibande,2011,unqualified,Unqualified - No findings,http://mfma.treasury.gov.za/Documents/07.%20Audit%20Reports/2010-11/03.%20District%20Municipalities/DC30%20Gert%20Sibande/DC30%20Gert%20Sibande%20Audit%20report%202010-11.pdf
DC3,Overberg,2011,qualified,Qualified,http://mfma.treasury.gov.za/Documents/07.%20Audit%20Reports/2010-11/03.%20District%20Municipalities/DC3%20Overberg/DC3%20Overberg%20Audit%20Report%202010-11.pdf
DC29,iLembe,2011,unqualified_emphasis_of_matter,Unqualified - Emphasis of Matter items,http://mfma.treasury.gov.za/Documents/07.%20Audit%20Reports/2010-11/03.%20District%20Municipalities/DC29%20iLembe/DC29%20iLembe%20Audit%20Report%202010-11.pdf
DC27,Umkhanyakude,2011,adverse,Adverse opinion,http://mfma.treasury.gov.za/Documents/07.%20Audit%20Reports/2010-11/03.%20District%20Municipalities/DC27%20Umkhanyakude/DC27%20Umkhanyakude%20Audit%20Report%202010.11.pdf
DC26,Zululand,2011,unqualified_emphasis_of_matter,Unqualified - Emphasis of Matter items,http://mfma.treasury.gov.za/Documents/07.%20Audit%20Reports/2010-11/03.%20District%20Municipalities/DC26%20Zululand/DC26%20Zululand%20Audit%20report%202010-11.pdf
DC25,Amajuba,2011,qualified,Qualified,http://mfma.treasury.gov.za/Documents/07.%20Audit%20Reports/2010-11/03.%20District%20Municipalities/DC25%20Amajuba/DC25%20Amajuba%20Audit%20report%202010-11.pdf
DC24,Umzinyathi,2011,unqualified,Unqualified - No findings,http://mfma.treasury.gov.za/Documents/07.%20Audit%20Reports/2010-11/03.%20District%20Municipalities/DC24%20Umzinyathi/DC24%20Umzinyathi%20Audit%20report%202010-11.pdf
DC23,Uthukela,2011,qualified,Qualified,http://mfma.treasury.gov.za/Documents/07.%20Audit%20Reports/2010-11/03.%20District%20Municipalities/DC23%20Uthukela/DC23%20Uthukela%20Audit%20report%202010-11.pdf
DC22,uMgungundlovu,2011,unqualified_emphasis_of_matter,Unqualified - Emphasis of Matter items,http://mfma.treasury.gov.za/Documents/07.%20Audit%20Reports/2010-11/03.%20District%20Municipalities/DC22%20uMgungundlovu/DC22%20uMgundgundlovu%20Audit%20Report%202010-11.pdf
DC21,Ugu,2011,unqualified_emphasis_of_matter,Unqualified - Emphasis of Matter items,http://mfma.treasury.gov.za/Documents/07.%20Audit%20Reports/2010-11/03.%20District%20Municipalities/DC21%20Ugu/DC21%20Ugu%20Audit%20Report%202010-11.pdf
DC16,Xhariep,2019,unqualified_emphasis_of_matter,Unqualified - Emphasis of Matter items,
DC20,Fezile Dabi,2011,unqualified_emphasis_of_matter,Unqualified - Emphasis of Matter items,http://mfma.treasury.gov.za/Documents/07.%20Audit%20Reports/2010-11/03.%20District%20Municipalities/DC20%20Fezile%20Dabi/DC20%20Fezile%20Dabi%20Audit%20report%202010-11.pdf
DC2,Cape Winelands DM,2011,unqualified_emphasis_of_matter,Unqualified - Emphasis of Matter items,http://mfma.treasury.gov.za/Documents/07.%20Audit%20Reports/2010-11/03.%20District%20Municipalities/DC2%20Cape%20Winelands/DC2%20Cape%20Winelands%20Audit%20Report%202010-11.pdf
DC19,Thabo Mofutsanyana,2011,unqualified_emphasis_of_matter,Unqualified - Emphasis of Matter items,http://mfma.treasury.gov.za/Documents/07.%20Audit%20Reports/2010-11/03.%20District%20Municipalities/DC19%20Thabo%20Mofutsanyana/DC19%20Thabo%20Mofutsanyana%20Audit%20Report%202010-11.pdf
DC18,Lejweleputswa,2011,unqualified_emphasis_of_matter,Unqualified - Emphasis of Matter items,http://mfma.treasury.gov.za/Documents/07.%20Audit%20Reports/2010-11/03.%20District%20Municipalities/DC18%20Lejweleputswa/DC18%20Lejweleputswa%20Audit%20Report%202010-11.pdf
DC16,Xhariep,2011,unqualified_emphasis_of_matter,Unqualified - Emphasis of Matter items,http://mfma.treasury.gov.za/Documents/07.%20Audit%20Reports/2010-11/03.%20District%20Municipalities/DC16%20Xhariep/DC16%20Xhariep%20Audit%20report%202010-11.pdf
DC15,O R Tambo,2011,adverse,Adverse opinion,http://mfma.treasury.gov.za/Documents/07.%20Audit%20Reports/2010-11/03.%20District%20Municipalities/DC15%20O%20R%20Tambo/DC15%20O%20R%20Tambo%20Consolidated%20Audit%20Report%202010-11.pdf
DC14,Joe Gqabi,2011,unqualified_emphasis_of_matter,Unqualified - Emphasis of Matter items,http://mfma.treasury.gov.za/Documents/07.%20Audit%20Reports/2010-11/03.%20District%20Municipalities/DC14%20Joe%20Gqabi/DC14%20Joe%20Gqabi%20Audit%20Report%202010-11.pdf
DC13,Chris Hani,2011,disclaimer,Disclaimer of opinion,http://mfma.treasury.gov.za/Documents/07.%20Audit%20Reports/2010-11/03.%20District%20Municipalities/DC13%20Chris%20Hani/DC13%20Chris%20Hani%20Audit%20Report%202010-11.pdf
DC12,Amathole,2011,unqualified_emphasis_of_matter,Unqualified - Emphasis of Matter items,http://mfma.treasury.gov.za/Documents/07.%20Audit%20Reports/2010-11/03.%20District%20Municipalities/DC12%20Amathole/DC12%20Amathole%20Audit%20Report%202010-11.pdf
DC10,Sarah Baartman,2011,unqualified_emphasis_of_matter,Unqualified - Emphasis of Matter items,http://mfma.treasury.gov.za/Documents/07.%20Audit%20Reports/2010-11/03.%20District%20Municipalities/DC10%20Cacadu/DC10%20Cacadu%20Audit%20Report%20on%20Consolidated%20AFS%202010-11.pdf
DC1,West Coast,2011,unqualified,Unqualified - No findings,http://mfma.treasury.gov.za/Documents/07.%20Audit%20Reports/2010-11/03.%20District%20Municipalities/DC1%20West%20Coast/DC1%20West%20Coast%20Audit%20Report%202010-11.pdf
KZN285,Mthonjaneni,2012,unqualified_emphasis_of_matter,Unqualified - Emphasis of Matter items,http://mfma.treasury.gov.za/Documents/07.%20Audit%20Reports/2011-12/02.%20Local%20municipalities/KZN285%20Mthonjaneni/KZN285%20Mthonjaneni%20Audit%20report%202011-12.pdf
KZN284,uMlalazi,2012,unqualified_emphasis_of_matter,Unqualified - Emphasis of Matter items,http://mfma.treasury.gov.za/Documents/07.%20Audit%20Reports/2011-12/02.%20Local%20municipalities/KZN284%20Umlalazi/KZN284%20Umlalazi%20Audit%20Report%202011-12.pdf
KZN283,Ntambanana,2012,unqualified_emphasis_of_matter,Unqualified - Emphasis of Matter items,http://mfma.treasury.gov.za/Documents/07.%20Audit%20Reports/2011-12/02.%20Local%20municipalities/KZN283%20Ntambanana/KZN283%20Ntambanana%20Audit%20report%202011-12.pdf
KZN282,uMhlathuze,2012,unqualified_emphasis_of_matter,Unqualified - Emphasis of Matter items,http://mfma.treasury.gov.za/Documents/07.%20Audit%20Reports/2011-12/02.%20Local%20municipalities/KZN282%20uMthlathuze/KZN282%20uMthlathuze%20Audit%20report%202011-12.pdf
KZN281,Mfolozi,2012,unqualified_emphasis_of_matter,Unqualified - Emphasis of Matter items,http://mfma.treasury.gov.za/Documents/07.%20Audit%20Reports/2011-12/02.%20Local%20municipalities/KZN281%20Mfolozi/KZN281%20Mfolozi%20Audit%20report%202011-12.pdf
KZN275,Mtubatuba,2012,disclaimer,Disclaimer of opinion,http://mfma.treasury.gov.za/Documents/07.%20Audit%20Reports/2011-12/02.%20Local%20municipalities/KZN275%20Mtubatuba/KZN275%20Mtubatuba%20Audit%20report%202011-12.pdf
KZN274,Hlabisa,2012,qualified,Qualified,http://mfma.treasury.gov.za/Documents/07.%20Audit%20Reports/2011-12/02.%20Local%20municipalities/KZN274%20Hlabisa/KZN274%20Hlabisa%20Audit%20Report%202011-12.pdf
KZN273,The Big 5 False Bay,2012,qualified,Qualified,http://mfma.treasury.gov.za/Documents/07.%20Audit%20Reports/2011-12/02.%20Local%20municipalities/KZN273%20The%20Big%205%20False%20Bay/KZN273%20The%20Big%205%20False%20Bay%20Audit%20Report%202011-12.pdf
KZN272,Jozini,2012,qualified,Qualified,http://mfma.treasury.gov.za/Documents/07.%20Audit%20Reports/2011-12/02.%20Local%20municipalities/KZN272%20Jozini/KZN272%20Jozini%20Audit%20Report%202011-12.pdf
KZN266,Ulundi,2012,unqualified_emphasis_of_matter,Unqualified - Emphasis of Matter items,http://mfma.treasury.gov.za/Documents/07.%20Audit%20Reports/2011-12/02.%20Local%20municipalities/KZN266%20Ulundi/KZN266%20Ulundi%20Audit%20report%202011-12.pdf
KZN265,Nongoma,2012,unqualified_emphasis_of_matter,Unqualified - Emphasis of Matter items,http://mfma.treasury.gov.za/Documents/07.%20Audit%20Reports/2011-12/02.%20Local%20municipalities/KZN265%20Nongoma/KZN265%20Nongoma%20Audit%20Report%202011-12.pdf
KZN263,Abaqulusi,2012,disclaimer,Disclaimer of opinion,http://mfma.treasury.gov.za/Documents/07.%20Audit%20Reports/2011-12/02.%20Local%20municipalities/KZN263%20Abaqulusi/KZN263%20Abaqulusi%20Audit%20report%202011-12.pdf
KZN262,uPhongolo,2012,disclaimer,Disclaimer of opinion,http://mfma.treasury.gov.za/Documents/07.%20Audit%20Reports/2011-12/02.%20Local%20municipalities/KZN262%20uPhongolo/KZN262%20uPhongolo%20Audit%20Report%202011-12.pdf
KZN261,eDumbe,2012,disclaimer,Disclaimer of opinion,http://mfma.treasury.gov.za/Documents/07.%20Audit%20Reports/2011-12/02.%20Local%20municipalities/KZN261%20eDumbe/KZN261%20eDumbe%20Audit%20Report%202011-12.pdf
KZN254,Dannhauser,2012,unqualified_emphasis_of_matter,Unqualified - Emphasis of Matter items,http://mfma.treasury.gov.za/Documents/07.%20Audit%20Reports/2011-12/02.%20Local%20municipalities/KZN254%20Dannhauser/KZN254%20Dannhauser%20Audit%20Report%202011-12.pdf
KZN253,Emadlangeni,2012,unqualified_emphasis_of_matter,Unqualified - Emphasis of Matter items,http://mfma.treasury.gov.za/Documents/07.%20Audit%20Reports/2011-12/02.%20Local%20municipalities/KZN253%20eMadlangeni/KZN253%20Emadlangeni%20Audit%20Report%202011-12.pdf
KZN252,Newcastle,2012,qualified,Qualified,http://mfma.treasury.gov.za/Documents/07.%20Audit%20Reports/2011-12/02.%20Local%20municipalities/KZN252%20Newcastle/KZN252%20Newcastle%20Audit%20report%202011-12.pdf
KZN245,Umvoti,2012,unqualified_emphasis_of_matter,Unqualified - Emphasis of Matter items,http://mfma.treasury.gov.za/Documents/07.%20Audit%20Reports/2011-12/02.%20Local%20municipalities/KZN245%20Umvoti/KZN245%20Umvoti%20Audit%20report%202011-12.pdf
KZN244,Msinga,2012,unqualified_emphasis_of_matter,Unqualified - Emphasis of Matter items,http://mfma.treasury.gov.za/Documents/07.%20Audit%20Reports/2011-12/02.%20Local%20municipalities/KZN244%20Msinga/KZN244%20Msinga%20Audit%20Report%202011-12.pdf
KZN242,Nquthu,2012,unqualified_emphasis_of_matter,Unqualified - Emphasis of Matter items,http://mfma.treasury.gov.za/Documents/07.%20Audit%20Reports/2011-12/02.%20Local%20municipalities/KZN242%20Nquthu/KZN242%20Nquthu%20Audit%20report%202011-12.pdf
KZN241,Endumeni,2012,unqualified_emphasis_of_matter,Unqualified - Emphasis of Matter items,http://mfma.treasury.gov.za/Documents/07.%20Audit%20Reports/2011-12/02.%20Local%20municipalities/KZN241%20Endumeni/KZN241%20Endumeni%20Audit%20report%202011-12.pdf
KZN236,Imbabazane,2012,unqualified_emphasis_of_matter,Unqualified - Emphasis of Matter items,http://mfma.treasury.gov.za/Documents/07.%20Audit%20Reports/2011-12/02.%20Local%20municipalities/KZN236%20Imbabazane/KZN236%20Imbabazane%20Audit%20report%202011-12.pdf
KZN234,Umtshezi,2012,unqualified,Unqualified - No findings,http://mfma.treasury.gov.za/Documents/07.%20Audit%20Reports/2011-12/02.%20Local%20municipalities/KZN234%20uMtshezi/KZN234%20uMtshezi%20Audit%20Report%202011-12.pdf
KZN233,Indaka,2012,qualified,Qualified,http://mfma.treasury.gov.za/Documents/07.%20Audit%20Reports/2011-12/02.%20Local%20municipalities/KZN233%20Indaka/KZN233%20Indaka%20Audit%20Report%202011-12.pdf
KZN232,Emnambithi/Ladysmith,2012,unqualified_emphasis_of_matter,Unqualified - Emphasis of Matter items,http://mfma.treasury.gov.za/Documents/07.%20Audit%20Reports/2011-12/02.%20Local%20municipalities/KZN232%20Emnambithi-Ladysmith/KZN232%20Emnambithi-Ladysmith%20%20Audit%20Report%202011-12.pdf
KZN227,Richmond,2012,unqualified_emphasis_of_matter,Unqualified - Emphasis of Matter items,http://mfma.treasury.gov.za/Documents/07.%20Audit%20Reports/2011-12/02.%20Local%20municipalities/KZN227%20Richmond/KZN227%20Richmond%20Audit%20Report%202011-12.pdf
KZN226,Mkhambathini,2012,unqualified_emphasis_of_matter,Unqualified - Emphasis of Matter items,http://mfma.treasury.gov.za/Documents/07.%20Audit%20Reports/2011-12/02.%20Local%20municipalities/KZN226%20Mkhambathini/KZN226%20Mkhambathini%20Audit%20Report%202011-12.pdf
KZN225,Msunduzi,2012,unqualified_emphasis_of_matter,Unqualified - Emphasis of Matter items,http://mfma.treasury.gov.za/Documents/07.%20Audit%20Reports/2011-12/02.%20Local%20municipalities/KZN225%20Msunduzi/KZN225%20Msunduzi%20Audit%20report%202011-12.pdf
KZN224,Impendle,2012,unqualified_emphasis_of_matter,Unqualified - Emphasis of Matter items,http://mfma.treasury.gov.za/Documents/07.%20Audit%20Reports/2011-12/02.%20Local%20municipalities/KZN224%20Impendle/KZN224%20Impendle%20Audit%20report%202011-12.pdf
KZN223,Mpofana,2012,unqualified_emphasis_of_matter,Unqualified - Emphasis of Matter items,http://mfma.treasury.gov.za/Documents/07.%20Audit%20Reports/2011-12/02.%20Local%20municipalities/KZN223%20Mpofana/KZN223%20Mpofana%20Audit%20report%202011-12.pdf
KZN222,uMngeni,2012,unqualified_emphasis_of_matter,Unqualified - Emphasis of Matter items,http://mfma.treasury.gov.za/Documents/07.%20Audit%20Reports/2011-12/02.%20Local%20municipalities/KZN222%20uMngeni/KZN222%20uMngeni%20Audit%20report%202011-12.pdf
KZN221,uMshwathi,2012,unqualified_emphasis_of_matter,Unqualified - Emphasis of Matter items,http://mfma.treasury.gov.za/Documents/07.%20Audit%20Reports/2011-12/02.%20Local%20municipalities/KZN221uMshwathi/KZN221%20uMshwathi%20Audit%20Report%202011-12.pdf
KZN216,Ray Nkonyeni,2012,unqualified_emphasis_of_matter,Unqualified - Emphasis of Matter items,http://mfma.treasury.gov.za/Documents/07.%20Audit%20Reports/2011-12/02.%20Local%20municipalities/KZN216%20Hibiscus%20Coast/KZN216%20Hibiscus%20Coast%20Consolidated%20Audit%20Report%202011-12.pdf
KZN215,Ezingoleni,2012,qualified,Qualified,http://mfma.treasury.gov.za/Documents/07.%20Audit%20Reports/2011-12/02.%20Local%20municipalities/KZN215%20Ezinqoleni/KZN215%20Ezinquleni%20Audit%20report%202011-12.pdf
KZN214,uMuziwabantu,2012,unqualified_emphasis_of_matter,Unqualified - Emphasis of Matter items,http://mfma.treasury.gov.za/Documents/07.%20Audit%20Reports/2011-12/02.%20Local%20municipalities/KZN214%20uMuziwabantu/KZN214%20uMuziwabantu%20Audit%20report%202011-12.pdf
KZN213,Umzumbe,2012,unqualified_emphasis_of_matter,Unqualified - Emphasis of Matter items,http://mfma.treasury.gov.za/Documents/07.%20Audit%20Reports/2011-12/02.%20Local%20municipalities/KZN213%20Umzumbe/KZN213%20uMzumbe%20Audit%20Report%202011-12.pdf
KZN212,Umdoni,2012,unqualified_emphasis_of_matter,Unqualified - Emphasis of Matter items,http://mfma.treasury.gov.za/Documents/07.%20Audit%20Reports/2011-12/02.%20Local%20municipalities/KZN212%20Umdoni/KZN212%20Umdoni%20Audit%20report%202011-12.pdf
KZN211,Vulamehlo,2012,unqualified_emphasis_of_matter,Unqualified - Emphasis of Matter items,http://mfma.treasury.gov.za/Documents/07.%20Audit%20Reports/2011-12/02.%20Local%20municipalities/KZN211%20Vuhlamehlo/KZN211%20Vulamehlo%20Audit%20Report%202011-12.pdf
GT484,Merafong City,2012,unqualified_emphasis_of_matter,Unqualified - Emphasis of Matter items,http://mfma.treasury.gov.za/Documents/07.%20Audit%20Reports/2011-12/02.%20Local%20municipalities/GT484%20Merafong%20City/GT484%20Merafong%20City%20Audit%20report%202011-12.pdf
GT483,Westonaria,2012,qualified,Qualified,http://mfma.treasury.gov.za/Documents/07.%20Audit%20Reports/2011-12/02.%20Local%20municipalities/GT483%20Westonaria/GT483%20Westonaria%20Audit%20report%202011-12.pdf
GT482,Randfontein,2012,qualified,Qualified,http://mfma.treasury.gov.za/Documents/07.%20Audit%20Reports/2011-12/02.%20Local%20municipalities/GT482%20Randfontein/GT482%20Randfontein%20Audit%20report%202011-12.pdf
GT481,Mogale City,2012,unqualified_emphasis_of_matter,Unqualified - Emphasis of Matter items,http://mfma.treasury.gov.za/Documents/07.%20Audit%20Reports/2011-12/02.%20Local%20municipalities/GT481%20Mogale%20City/GT481%20Mogale%20City%20Audit%20report%202011-12.pdf
GT422,Midvaal,2012,unqualified_emphasis_of_matter,Unqualified - Emphasis of Matter items,http://mfma.treasury.gov.za/Documents/07.%20Audit%20Reports/2011-12/02.%20Local%20municipalities/GT422%20Midvaal/GT422%20Midvaal%20Audit%20report%202011-12.pdf
GT421,Emfuleni,2012,unqualified_emphasis_of_matter,Unqualified - Emphasis of Matter items,http://mfma.treasury.gov.za/Documents/07.%20Audit%20Reports/2011-12/02.%20Local%20municipalities/GT421%20Emfuleni/GT421%20Emfuleni%20Audit%20report%202011-12.pdf
FS205,Mafube,2012,disclaimer,Disclaimer of opinion,http://mfma.treasury.gov.za/Documents/07.%20Audit%20Reports/2011-12/02.%20Local%20municipalities/FS205%20Mafube/FS205%20Mafube%20Audit%20Report%202011-12.pdf
FS204,Metsimaholo,2012,qualified,Qualified,http://mfma.treasury.gov.za/Documents/07.%20Audit%20Reports/2011-12/02.%20Local%20municipalities/FS204%20Metsimaholo/FS204%20Metsimaholo%20Audit%20report%202011-12.pdf
FS203,Ngwathe,2012,outstanding,Outstanding,http://mfma.treasury.gov.za/Documents/07.%20Audit%20Reports/2011-12/02.%20Local%20municipalities/FS203%20Ngwathe/FS203%20Ngwathe%20Audit%20Report%202011-12.pdf
FS201,Moqhaka,2012,disclaimer,Disclaimer of opinion,http://mfma.treasury.gov.za/Documents/07.%20Audit%20Reports/2011-12/02.%20Local%20municipalities/FS201%20Moqhaka/FS201%20Moqhaka%20Audit%20report%202011-12.pdf
FS194,Maluti-a-Phofung,2012,disclaimer,Disclaimer of opinion,http://mfma.treasury.gov.za/Documents/07.%20Audit%20Reports/2011-12/02.%20Local%20municipalities/FS194%20Maluti-a-Phofung/FS194%20Mauti-a-Phofung%20Audit%20report%202011-12.pdf
FS193,Nketoana,2012,unqualified_emphasis_of_matter,Unqualified - Emphasis of Matter items,http://mfma.treasury.gov.za/Documents/07.%20Audit%20Reports/2011-12/02.%20Local%20municipalities/FS193%20Nketoana/FS193%20Nketoana%20Audit%20report%202011-12.pdf
FS192,Dihlabeng,2012,unqualified_emphasis_of_matter,Unqualified - Emphasis of Matter items,http://mfma.treasury.gov.za/Documents/07.%20Audit%20Reports/2011-12/02.%20Local%20municipalities/FS192%20Dihlabeng/FS192%20Dihlabeng%20Audit%20report%202011-12.pdf
FS191,Setsoto,2012,outstanding,Outstanding,http://mfma.treasury.gov.za/Documents/07.%20Audit%20Reports/2011-12/02.%20Local%20municipalities/FS191%20Setsoto/FS191%20Setsoto%20Audit%20Report%202011-12.pdf
FS185,Nala,2012,outstanding,Outstanding,http://mfma.treasury.gov.za/Documents/07.%20Audit%20Reports/2011-12/02.%20Local%20municipalities/FS185%20Nala/FS185%20Nala%20Audit%20report%202011-12.pdf
FS184,Matjhabeng,2012,disclaimer,Disclaimer of opinion,http://mfma.treasury.gov.za/Documents/07.%20Audit%20Reports/2011-12/02.%20Local%20municipalities/FS184%20Matjhabeng/FS184%20Matjhabeng%20Audit%20Report%202011-12.pdf
FS183,Tswelopele,2012,unqualified_emphasis_of_matter,Unqualified - Emphasis of Matter items,http://mfma.treasury.gov.za/Documents/07.%20Audit%20Reports/2011-12/02.%20Local%20municipalities/FS183%20Tswelopele/FS183%20Tswelopele%20Audit%20report%202011-12.pdf
FS164,Naledi,2012,disclaimer,Disclaimer of opinion,http://mfma.treasury.gov.za/Documents/07.%20Audit%20Reports/2011-12/02.%20Local%20municipalities/FS164%20Naledi/FS164%20Naledi%20Audit%20report%202011-12.pdf
FS163,Mohokare,2012,disclaimer,Disclaimer of opinion,http://mfma.treasury.gov.za/Documents/07.%20Audit%20Reports/2011-12/02.%20Local%20municipalities/FS163%20Mohokare/FS163%20Mohokare%20Audit%20report%202011-12.pdf
FS162,Kopanong,2012,disclaimer,Disclaimer of opinion,http://mfma.treasury.gov.za/Documents/07.%20Audit%20Reports/2011-12/02.%20Local%20municipalities/FS162%20Kopanong/FS162%20Kopanong%20Audit%20report%202011-12.pdf
FS161,Letsemeng,2012,qualified,Qualified,http://mfma.treasury.gov.za/Documents/07.%20Audit%20Reports/2011-12/02.%20Local%20municipalities/FS161%20Letsemeng/FS161%20Letsemeng%20Audit%20Report%202011-12.pdf
EC444,Ntabankulu,2012,qualified,Qualified,http://mfma.treasury.gov.za/Documents/07.%20Audit%20Reports/2011-12/02.%20Local%20municipalities/EC444%20Ntabankulu/EC444%20Ntabankulu%20Audit%20report%202011-12.pdf
EC443,Winnie Madikizela-Mandela,2012,adverse,Adverse opinion,http://mfma.treasury.gov.za/Documents/07.%20Audit%20Reports/2011-12/02.%20Local%20municipalities/EC443%20Mbizana/EC443%20Mbizana%20Audit%20Report%20%202011-12.pdf
EC442,Umzimvubu,2012,unqualified_emphasis_of_matter,Unqualified - Emphasis of Matter items,http://mfma.treasury.gov.za/Documents/07.%20Audit%20Reports/2011-12/02.%20Local%20municipalities/EC442%20Umzimvubu/EC442%20Umzimvubu%20Audit%20Report%202011-12.pdf
EC441,Matatiele,2012,unqualified_emphasis_of_matter,Unqualified - Emphasis of Matter items,http://mfma.treasury.gov.za/Documents/07.%20Audit%20Reports/2011-12/02.%20Local%20municipalities/EC441%20Matatiele/EC441%20Matatiele%20Audit%20Report%202011-12.pdf
EC157,King Sabata Dalindyebo,2012,disclaimer,Disclaimer of opinion,http://mfma.treasury.gov.za/Documents/07.%20Audit%20Reports/2011-12/02.%20Local%20municipalities/EC157%20King%20Sabata%20Dalindyebo/EC157%20King%20Sabata%20Dalindyeno%20Audit%20report%202011-12.pdf
EC156,Kumkani Mhlontlo,2012,qualified,Qualified,http://mfma.treasury.gov.za/Documents/07.%20Audit%20Reports/2011-12/02.%20Local%20municipalities/EC156%20Mhlontlo/EC156%20Mhlontlo%20Audit%20report%202011-12.pdf
EC155,Nyandeni,2012,qualified,Qualified,http://mfma.treasury.gov.za/Documents/07.%20Audit%20Reports/2011-12/02.%20Local%20municipalities/EC155%20Nyandeni/EC155%20Nyandeni%20Audit%20Report%202011-12.pdf
EC153,Ngquza Hills,2012,unqualified_emphasis_of_matter,Unqualified - Emphasis of Matter items,http://mfma.treasury.gov.za/Documents/07.%20Audit%20Reports/2011-12/02.%20Local%20municipalities/EC153%20Ngquza%20Hills/EC153%20Ingquza%20Hill%20Audit%20report%202011-12.pdf
EC144,Gariep,2012,qualified,Qualified,http://mfma.treasury.gov.za/Documents/07.%20Audit%20Reports/2011-12/02.%20Local%20municipalities/EC144%20Gariep/EC144%20Gariep%20Audit%20Report%202011-12.pdf
EC143,Maletswai,2012,qualified,Qualified,http://mfma.treasury.gov.za/Documents/07.%20Audit%20Reports/2011-12/02.%20Local%20municipalities/EC143%20Maletswai/EC143%20Maletswai%20Audit%20Report%202011-12.pdf
EC142,Senqu,2012,unqualified_emphasis_of_matter,Unqualified - Emphasis of Matter items,http://mfma.treasury.gov.za/Documents/07.%20Audit%20Reports/2011-12/02.%20Local%20municipalities/EC142%20Senqu/EC142%20Senqu%20Audit%20Report%202011-12.pdf
EC141,Elundini,2012,unqualified_emphasis_of_matter,Unqualified - Emphasis of Matter items,http://mfma.treasury.gov.za/Documents/07.%20Audit%20Reports/2011-12/02.%20Local%20municipalities/EC141%20Elundini/EC141%20Elundini%20Audit%20Report%202011-12.pdf
EC138,Sakhisizwe,2012,qualified,Qualified,http://mfma.treasury.gov.za/Documents/07.%20Audit%20Reports/2011-12/02.%20Local%20municipalities/EC138%20Sakhisizwe/EC138%20Sakhisizwe%20Audit%20Report%202011-12.pdf
EC137,Dr. A.B. Xuma,2012,qualified,Qualified,http://mfma.treasury.gov.za/Documents/07.%20Audit%20Reports/2011-12/02.%20Local%20municipalities/EC137%20Engcobo/EC137%20Engcobo%20Audit%20Report%20%202011-12.pdf
EC136,Emalahleni (EC),2012,disclaimer,Disclaimer of opinion,http://mfma.treasury.gov.za/Documents/07.%20Audit%20Reports/2011-12/02.%20Local%20municipalities/EC136%20Emalehleni/EC136%20Emalahleni%20Audit%20Report%202011-12.pdf
EC135,Vuyisile Mini,2012,disclaimer,Disclaimer of opinion,http://mfma.treasury.gov.za/Documents/07.%20Audit%20Reports/2011-12/02.%20Local%20municipalities/EC135%20Intsika%20Yethu/EC135%20Intsika%20Yethu%20Audit%20report%202011-12.pdf
EC134,Lukanji,2012,disclaimer,Disclaimer of opinion,http://mfma.treasury.gov.za/Documents/07.%20Audit%20Reports/2011-12/02.%20Local%20municipalities/EC134%20Lukhanji/EC134%20Lukhanji%20Audit%20Report%202011-12.pdf
EC133,Inkwanca,2012,disclaimer,Disclaimer of opinion,http://mfma.treasury.gov.za/Documents/07.%20Audit%20Reports/2011-12/02.%20Local%20municipalities/EC133%20Inkwanca/EC133%20Inkwanca%20Audit%20Report%202011-12.pdf
EC132,Tsolwana,2012,qualified,Qualified,http://mfma.treasury.gov.za/Documents/07.%20Audit%20Reports/2011-12/02.%20Local%20municipalities/EC132%20Tsolwana/EC132%20Tsolwana%20Audit%20Report%202011-12.pdf
DC33,Mopani,2012,disclaimer,Disclaimer of opinion,http://mfma.treasury.gov.za/Documents/07.%20Audit%20Reports/2011-12/03.%20District%20municipalities/DC33%20Mopani/DC33%20Mopani%20Audit%20Report%202011-12.pdf
EC131,Inxuba Yethemba,2012,disclaimer,Disclaimer of opinion,http://mfma.treasury.gov.za/Documents/07.%20Audit%20Reports/2011-12/02.%20Local%20municipalities/EC131%20Inxuba%20Yethemba/EC131%20Inxuba%20Yethemba%20Audit%20report%202011-12.pdf
LIM475,Greater Tubatse,2014,disclaimer,Disclaimer of opinion,http://mfma.treasury.gov.za/Documents/07.%20Audit%20Reports/2013-14/02.%20Local%20municipalities/LIM475%20Greater%20Tubatse
EC128,Nxuba,2012,disclaimer,Disclaimer of opinion,http://mfma.treasury.gov.za/Documents/07.%20Audit%20Reports/2011-12/02.%20Local%20municipalities/EC128%20Nxuba/EC128%20Nxuba%20Audit%20report%202011-12.pdf
EC126,Ngqushwa,2012,disclaimer,Disclaimer of opinion,http://mfma.treasury.gov.za/Documents/07.%20Audit%20Reports/2011-12/02.%20Local%20municipalities/EC126%20Ngqushwa/EC126%20Ngqushwa%20Audit%20report%202011-12.pdf
EC124,Amahlathi,2012,qualified,Qualified,http://mfma.treasury.gov.za/Documents/07.%20Audit%20Reports/2011-12/02.%20Local%20municipalities/EC124%20Amahlathi/EC124%20Amahlathi%20Audit%20report%202011-12.pdf
EC123,Great Kei,2012,disclaimer,Disclaimer of opinion,http://mfma.treasury.gov.za/Documents/07.%20Audit%20Reports/2011-12/02.%20Local%20municipalities/EC123%20Great%20Kei/EC123%20Great%20Kei%20Audit%20report%202011-12.pdf
EC121,Mbhashe,2012,qualified,Qualified,http://mfma.treasury.gov.za/Documents/07.%20Audit%20Reports/2011-12/02.%20Local%20municipalities/EC121%20Mbhashe/EC121%20Mbhashe%20Audit%20Report%202011-12.pdf
EC122,Mnquma,2012,unqualified_emphasis_of_matter,Unqualified - Emphasis of Matter items,http://mfma.treasury.gov.za/Documents/07.%20Audit%20Reports/2011-12/02.%20Local%20municipalities/EC122%20Mnquma/EC122%20Mnquma%20Audit%20Report%202011-12.pdf
EC109,Kou-Kamma,2012,qualified,Qualified,http://mfma.treasury.gov.za/Documents/07.%20Audit%20Reports/2011-12/02.%20Local%20municipalities/EC109%20Koukamma/EC109%20Koukamma%20Audit%20report%202011-12.pdf
EC108,Kouga,2012,qualified,Qualified,http://mfma.treasury.gov.za/Documents/07.%20Audit%20Reports/2011-12/02.%20Local%20municipalities/EC108%20Kouga/EC108%20Kouga%20Audit%20Report%202011-12.pdf
EC107,Baviaans,2012,disclaimer,Disclaimer of opinion,http://mfma.treasury.gov.za/Documents/07.%20Audit%20Reports/2011-12/02.%20Local%20municipalities/EC107%20Baviaans/EC107%20Baviaans%20Audit%20Report%202011-12.pdf
EC106,Sundays River Valley,2012,qualified,Qualified,http://mfma.treasury.gov.za/Documents/07.%20Audit%20Reports/2011-12/02.%20Local%20municipalities/EC106%20Sundays%20River%20Valley/EC106%20Sundays%20River%20Valley%20Audit%20Report%202011-12.pdf
EC105,Ndlambe,2012,qualified,Qualified,http://mfma.treasury.gov.za/Documents/07.%20Audit%20Reports/2011-12/02.%20Local%20municipalities/EC105%20Ndlambe/EC105%20Ndlambe%20Audit%20report%202011-12.pdf
EC104,Makana,2012,disclaimer,Disclaimer of opinion,http://mfma.treasury.gov.za/Documents/07.%20Audit%20Reports/2011-12/02.%20Local%20municipalities/EC104%20Makana/EC104%20Makana%20Audit%20report%202011-12.pdf
EC103,Ikwezi,2012,disclaimer,Disclaimer of opinion,http://mfma.treasury.gov.za/Documents/07.%20Audit%20Reports/2011-12/02.%20Local%20municipalities/EC103%20Ikwezi/EC103%20Ikwezi%20Audit%20report%202011-12.pdf
EC102,Blue Crane Route,2012,qualified,Qualified,http://mfma.treasury.gov.za/Documents/07.%20Audit%20Reports/2011-12/02.%20Local%20municipalities/EC102%20Blue%20Crane%20Route/EC102%20Blue%20Crane%20Route%20Audit%20Report%202011-12.pdf
EC101,Dr Beyers Naude,2012,disclaimer,Disclaimer of opinion,http://mfma.treasury.gov.za/Documents/07.%20Audit%20Reports/2011-12/02.%20Local%20municipalities/EC101%20Camdeboo/EC101%20Camdeboo%20Audit%20report%202011-12.pdf
DC8,Z F Mgcawu,2012,unqualified_emphasis_of_matter,Unqualified - Emphasis of Matter items,http://mfma.treasury.gov.za/Documents/07.%20Audit%20Reports/2011-12/03.%20District%20municipalities/DC8%20Siyanda/DC8%20Siyanda%20Audit%20report%202011-12.pdf
DC7,Pixley Ka Seme (NC),2012,qualified,Qualified,http://mfma.treasury.gov.za/Documents/07.%20Audit%20Reports/2011-12/03.%20District%20municipalities/DC7%20Pixley%20Ka%20Seme/DC7%20Pixley%20Ka%20Seme%20Audit%20report%202011-12.pdf
DC6,Namakwa,2012,unqualified_emphasis_of_matter,Unqualified - Emphasis of Matter items,http://mfma.treasury.gov.za/Documents/07.%20Audit%20Reports/2011-12/03.%20District%20municipalities/DC6%20Namakwa/DC6%20Namakwa%20Audit%20Report%202011-12.pdf
DC5,Central Karoo,2012,unqualified_emphasis_of_matter,Unqualified - Emphasis of Matter items,http://mfma.treasury.gov.za/Documents/07.%20Audit%20Reports/2011-12/03.%20District%20municipalities/DC5%20Central%20Karoo/DC5%20Central%20Karoo%20Audit%20report%202011-12.pdf
DC48,West Rand,2012,unqualified_emphasis_of_matter,Unqualified - Emphasis of Matter items,http://mfma.treasury.gov.za/Documents/07.%20Audit%20Reports/2011-12/03.%20District%20municipalities/DC48%20West%20Rand/DC48%20West%20Rand%20Audit%20report%202011-12.pdf
DC47,Sekhukhune,2012,disclaimer,Disclaimer of opinion,http://mfma.treasury.gov.za/Documents/07.%20Audit%20Reports/2011-12/03.%20District%20municipalities/DC47%20Sekhukhune/DC47%20Sekhukhune%20Audit%20report%202011-12.pdf
DC45,John Taolo Gaetsewe,2012,qualified,Qualified,http://mfma.treasury.gov.za/Documents/07.%20Audit%20Reports/2011-12/03.%20District%20municipalities/DC45%20John%20Taolo%20Gaetsewe/DC45%20John%20Taolo%20Gaetsewe%20Audit%20report%202011-12.pdf
DC44,Alfred Nzo,2012,disclaimer,Disclaimer of opinion,http://mfma.treasury.gov.za/Documents/07.%20Audit%20Reports/2011-12/03.%20District%20municipalities/DC44%20Alfred%20Nzo/DC44%20Alfred%20Nzo%20Audit%20report%202011-12.pdf
DC42,Sedibeng,2012,unqualified_emphasis_of_matter,Unqualified - Emphasis of Matter items,http://mfma.treasury.gov.za/Documents/07.%20Audit%20Reports/2011-12/03.%20District%20municipalities/DC42%20Sedibeng/DC42%20Sedibeng%20Audit%20report%202011-12.pdf
DC4,Garden Route,2012,unqualified_emphasis_of_matter,Unqualified - Emphasis of Matter items,http://mfma.treasury.gov.za/Documents/07.%20Audit%20Reports/2011-12/03.%20District%20municipalities/DC4%20Eden/DC4%20Eden%20Audit%20report%202011-12.pdf
DC38,Ngaka Modiri Molema,2012,disclaimer,Disclaimer of opinion,http://mfma.treasury.gov.za/Documents/07.%20Audit%20Reports/2011-12/03.%20District%20municipalities/DC38%20Ngaka%20Modiri%20Molemo/DC38%20Ngaka%20Modiri%20Molema%20Audit%20report%202011-12.pdf
DC37,Bojanala Platinum,2012,unqualified_emphasis_of_matter,Unqualified - Emphasis of Matter items,http://mfma.treasury.gov.za/Documents/07.%20Audit%20Reports/2011-12/03.%20District%20municipalities/DC37%20Bojanala%20Platinum/DC37%20Bojanala%20Platinum%20Audit%20report%202011-12.pdf
DC36,Waterberg,2012,unqualified,Unqualified - No findings,http://mfma.treasury.gov.za/Documents/07.%20Audit%20Reports/2011-12/03.%20District%20municipalities/DC36%20Waterberg/DC36%20Waterberg%20Audit%20Report%202011-12.pdf
DC35,Capricorn,2012,qualified,Qualified,http://mfma.treasury.gov.za/Documents/07.%20Audit%20Reports/2011-12/03.%20District%20municipalities/DC35%20Capricorn/DC35%20Capricorn%20Audit%20report%202011-12.pdf
MP302,Msukaligwa,2023,qualified,Qualified,https://lg.treasury.gov.za/supportingdocs/MP302/MP302_Audit%20Report_2023_Y_20231212T155629Z_dmbmabelane.pdf
DC32,Ehlanzeni,2012,unqualified,Unqualified - No findings,http://mfma.treasury.gov.za/Documents/07.%20Audit%20Reports/2011-12/03.%20District%20municipalities/DC32%20Ehlanzeni/DC32%20Ehlanzeni%20Audit%20report%202011-12.pdf
DC31,Nkangala,2012,unqualified_emphasis_of_matter,Unqualified - Emphasis of Matter items,http://mfma.treasury.gov.za/Documents/07.%20Audit%20Reports/2011-12/03.%20District%20municipalities/DC31%20Nkangala/DC31%20Nkangala%20Audit%20report%202011-12.pdf
DC30,Gert Sibande,2012,unqualified_emphasis_of_matter,Unqualified - Emphasis of Matter items,http://mfma.treasury.gov.za/Documents/07.%20Audit%20Reports/2011-12/03.%20District%20municipalities/DC30%20Gert%20Sibande/DC30%20Gert%20Sibande%20Audit%20report%202011-12.pdf
DC3,Overberg,2012,unqualified_emphasis_of_matter,Unqualified - Emphasis of Matter items,http://mfma.treasury.gov.za/Documents/07.%20Audit%20Reports/2011-12/03.%20District%20municipalities/DC3%20Overberg/DC3%20Overberg%20Audit%20Report%202011-12.pdf
DC29,iLembe,2012,unqualified_emphasis_of_matter,Unqualified - Emphasis of Matter items,http://mfma.treasury.gov.za/Documents/07.%20Audit%20Reports/2011-12/03.%20District%20municipalities/DC29%20iLembe/DC29%20iLembe%20Audit%20Report%202011-12.pdf
DC28,King Cetshwayo,2012,unqualified_emphasis_of_matter,Unqualified - Emphasis of Matter items,http://mfma.treasury.gov.za/Documents/07.%20Audit%20Reports/2011-12/03.%20District%20municipalities/DC28%20uThungulu/DC28%20uThungulu%20Audit%20Report%202011-12.pdf
DC27,Umkhanyakude,2012,disclaimer,Disclaimer of opinion,http://mfma.treasury.gov.za/Documents/07.%20Audit%20Reports/2011-12/03.%20District%20municipalities/DC27%20uMkhanyakude/DC27%20Umkhanyakude%20Consolidated%20Audit%20Report%202011-12.pdf
DC26,Zululand,2012,unqualified_emphasis_of_matter,Unqualified - Emphasis of Matter items,http://mfma.treasury.gov.za/Documents/07.%20Audit%20Reports/2011-12/03.%20District%20municipalities/DC26%20Zululand/DC26%20Zululand%20Audit%20Report%202011-12.pdf
DC24,Umzinyathi,2012,unqualified_emphasis_of_matter,Unqualified - Emphasis of Matter items,http://mfma.treasury.gov.za/Documents/07.%20Audit%20Reports/2011-12/03.%20District%20municipalities/DC24%20Umzinyathi/DC24%20Umzinyathi%20Audit%20Report%202011-12.pdf
DC22,uMgungundlovu,2012,unqualified_emphasis_of_matter,Unqualified - Emphasis of Matter items,http://mfma.treasury.gov.za/Documents/07.%20Audit%20Reports/2011-12/03.%20District%20municipalities/DC22%20uMgungundlovu/DC22%20uMgundgundlovu%20Audit%20rpeport%202011-12.pdf
DC21,Ugu,2012,qualified,Qualified,http://mfma.treasury.gov.za/Documents/07.%20Audit%20Reports/2011-12/03.%20District%20municipalities/DC21%20Ugu/DC21%20Ugu%20Audit%20Report%202011-12.pdf
DC20,Fezile Dabi,2012,unqualified_emphasis_of_matter,Unqualified - Emphasis of Matter items,http://mfma.treasury.gov.za/Documents/07.%20Audit%20Reports/2011-12/03.%20District%20municipalities/DC20%20Fezile%20Dabi/DC20%20Fezile%20Dabi%20Audit%20report%202011-12.pdf
DC2,Cape Winelands DM,2012,unqualified_emphasis_of_matter,Unqualified - Emphasis of Matter items,http://mfma.treasury.gov.za/Documents/07.%20Audit%20Reports/2011-12/03.%20District%20municipalities/DC2%20Cape%20Winelands/DC2%20Cape%20Winelands%20Audit%20report%202011-12.pdf
DC19,Thabo Mofutsanyana,2012,unqualified_emphasis_of_matter,Unqualified - Emphasis of Matter items,http://mfma.treasury.gov.za/Documents/07.%20Audit%20Reports/2011-12/03.%20District%20municipalities/DC19%20Thabo%20Mofutsanyana/DC19%20Thabo%20Mofutsanyana%20Audit%20report%202011-12.pdf
DC18,Lejweleputswa,2012,unqualified_emphasis_of_matter,Unqualified - Emphasis of Matter items,http://mfma.treasury.gov.za/Documents/07.%20Audit%20Reports/2011-12/03.%20District%20municipalities/DC18%20Lejweleputswa/DC18%20Lejweleputswa%20Audit%20report%202011-12.pdf
DC16,Xhariep,2012,unqualified_emphasis_of_matter,Unqualified - Emphasis of Matter items,http://mfma.treasury.gov.za/Documents/07.%20Audit%20Reports/2011-12/03.%20District%20municipalities/DC16%20Xhariep/DC16%20Xhariep%20Audit%20Report%202011-12.pdf
DC14,Joe Gqabi,2012,unqualified_emphasis_of_matter,Unqualified - Emphasis of Matter items,http://mfma.treasury.gov.za/Documents/07.%20Audit%20Reports/2011-12/03.%20District%20municipalities/DC14%20Joe%20Gqabi/DC14%20Joe%20Gqabi%20Audit%20Report%202011-12.pdf
DC13,Chris Hani,2012,adverse,Adverse opinion,http://mfma.treasury.gov.za/Documents/07.%20Audit%20Reports/2011-12/03.%20District%20municipalities/DC13%20Chris%20Hani/DC13%20Chris%20Hani%20Audit%20Report%202011-12.pdf
DC12,Amathole,2012,unqualified_emphasis_of_matter,Unqualified - Emphasis of Matter items,http://mfma.treasury.gov.za/Documents/07.%20Audit%20Reports/2011-12/03.%20District%20municipalities/DC12%20Amathole/DC12%20Amathole%20Audit%20Report%202011-12.pdf
DC10,Sarah Baartman,2012,unqualified_emphasis_of_matter,Unqualified - Emphasis of Matter items,http://mfma.treasury.gov.za/Documents/07.%20Audit%20Reports/2011-12/03.%20District%20municipalities/DC10%20Cacadu/DC10%20Cacadu%20Audit%20Report%202011-12.pdf
DC1,West Coast,2012,unqualified,Unqualified - No findings,http://mfma.treasury.gov.za/Documents/07.%20Audit%20Reports/2011-12/03.%20District%20municipalities/DC1%20West%20Coast/DC1%20West%20Coast%20Audit%20report%202011-12.pdf
DC42,Sedibeng,2013,unqualified,Unqualified - No findings,http://mfma.treasury.gov.za/Documents/07.%20Audit%20Reports/2012-13/03.%20District%20municipalities/DC42%20Sedibeng/DC42%20Sedibeng%20Audit%20report%202012-13.pdf
DC4,Garden Route,2013,unqualified_emphasis_of_matter,Unqualified - Emphasis of Matter items,http://mfma.treasury.gov.za/Documents/07.%20Audit%20Reports/2012-13/03.%20District%20municipalities/DC4%20Eden/DC4%20Eden%20Audit%20report%202012-13.pdf
DC37,Bojanala Platinum,2013,unqualified_emphasis_of_matter,Unqualified - Emphasis of Matter items,http://mfma.treasury.gov.za/Documents/07.%20Audit%20Reports/2012-13/03.%20District%20municipalities/DC37%20Bojanala%20Platinum/DC37%20Bojanala%20Platinum%20Audit%20report%202012-13.pdf
DC35,Capricorn,2013,qualified,Qualified,http://mfma.treasury.gov.za/Documents/07.%20Audit%20Reports/2012-13/03.%20District%20municipalities/DC35%20Capricorn/DC35%20Capricorn%20Audit%20report%202012-13.pdf
DC32,Ehlanzeni,2013,unqualified,Unqualified - No findings,http://mfma.treasury.gov.za/Documents/07.%20Audit%20Reports/2012-13/03.%20District%20municipalities/DC32%20Ehlanzeni/DC32%20Ehlanzeni%20Audit%20report%202012-13.pdf
DC31,Nkangala,2013,unqualified_emphasis_of_matter,Unqualified - Emphasis of Matter items,http://mfma.treasury.gov.za/Documents/07.%20Audit%20Reports/2012-13/03.%20District%20municipalities/DC31%20Nkangala/DC31%20Nkangala%20Audit%20report%202012-13.pdf
DC30,Gert Sibande,2013,unqualified_emphasis_of_matter,Unqualified - Emphasis of Matter items,http://mfma.treasury.gov.za/Documents/07.%20Audit%20Reports/2012-13/03.%20District%20municipalities/DC30%20Gert%20Sibande/DC30%20Gert%20Sibande%20Audit%20Report%202012-13.pdf
DC3,Overberg,2013,unqualified_emphasis_of_matter,Unqualified - Emphasis of Matter items,http://mfma.treasury.gov.za/Documents/07.%20Audit%20Reports/2012-13/03.%20District%20municipalities/DC3%20Overberg/DC3%20Overberg%20Audit%20report%202012-13.pdf
DC20,Fezile Dabi,2019,disclaimer,Disclaimer of opinion,
DC29,iLembe,2013,unqualified_emphasis_of_matter,Unqualified - Emphasis of Matter items,http://mfma.treasury.gov.za/Documents/07.%20Audit%20Reports/2012-13/03.%20District%20municipalities/DC29%20iLembe/DC29%20iLembe%20Audit%20report%202012-13.pdf
DC28,King Cetshwayo,2013,unqualified,Unqualified - No findings,http://mfma.treasury.gov.za/Documents/07.%20Audit%20Reports/2012-13/03.%20District%20municipalities/DC28%20Uthungulu/DC28%20uThungulu%20Audit%20report%202012-13.pdf
DC27,Umkhanyakude,2013,qualified,Qualified,http://mfma.treasury.gov.za/Documents/07.%20Audit%20Reports/2012-13/03.%20District%20municipalities/DC27%20Umkhanyakude/DC27%20Umkhanyakude%20Audit%20Report%202012-13.pdf
DC26,Zululand,2013,unqualified_emphasis_of_matter,Unqualified - Emphasis of Matter items,http://mfma.treasury.gov.za/Documents/07.%20Audit%20Reports/2012-13/03.%20District%20municipalities/DC26%20Zululand/DC26%20Zululand%20Audit%20report%202012-13.pdf
DC25,Amajuba,2013,unqualified_emphasis_of_matter,Unqualified - Emphasis of Matter items,http://mfma.treasury.gov.za/Documents/07.%20Audit%20Reports/2012-13/03.%20District%20municipalities/DC25%20Amajuba/DC25%20Amajuba%20Audit%20Report%202012-13.pdf
DC24,Umzinyathi,2013,unqualified_emphasis_of_matter,Unqualified - Emphasis of Matter items,http://mfma.treasury.gov.za/Documents/07.%20Audit%20Reports/2012-13/03.%20District%20municipalities/DC24%20Umzinyathi/DC24%20Umzinyathi%20Audit%20Report%202012-13.pdf
DC23,Uthukela,2013,disclaimer,Disclaimer of opinion,http://mfma.treasury.gov.za/Documents/07.%20Audit%20Reports/2012-13/03.%20District%20municipalities/DC23%20uThukela/DC23%20uThukela%20Audit%20Report%202012-13.pdf
DC22,uMgungundlovu,2013,unqualified_emphasis_of_matter,Unqualified - Emphasis of Matter items,http://mfma.treasury.gov.za/Documents/07.%20Audit%20Reports/2012-13/03.%20District%20municipalities/DC22%20uMgundgundlovu/DC22%20uMgungundlovu%20Audit%20report%202012-13.pdf
DC21,Ugu,2013,disclaimer,Disclaimer of opinion,http://mfma.treasury.gov.za/Documents/07.%20Audit%20Reports/2012-13/03.%20District%20municipalities/DC21%20Ugu/DC21%20Ugu%20%20Audit%20Report%202012-13.pdf
DC20,Fezile Dabi,2013,unqualified_emphasis_of_matter,Unqualified - Emphasis of Matter items,http://mfma.treasury.gov.za/Documents/07.%20Audit%20Reports/2012-13/03.%20District%20municipalities/DC20%20Fezile%20Dabi/DC20%20Fezile%20Dabi%20Audit%20report%202012-13.pdf
DC2,Cape Winelands DM,2013,unqualified_emphasis_of_matter,Unqualified - Emphasis of Matter items,http://mfma.treasury.gov.za/Documents/07.%20Audit%20Reports/2012-13/03.%20District%20municipalities/DC2%20Cape%20Winelands/DC2%20Cape%20Winelands%20Audit%20report%202012-13.pdf
DC19,Thabo Mofutsanyana,2013,unqualified_emphasis_of_matter,Unqualified - Emphasis of Matter items,http://mfma.treasury.gov.za/Documents/07.%20Audit%20Reports/2012-13/03.%20District%20municipalities/DC19%20Thabo%20Mofutsanyana/DC19%20Thabo%20Mofutsanyana%20Audit%20report%202012-13.pdf
DC18,Lejweleputswa,2013,unqualified_emphasis_of_matter,Unqualified - Emphasis of Matter items,http://mfma.treasury.gov.za/Documents/07.%20Audit%20Reports/2012-13/03.%20District%20municipalities/DC18%20Lejweleputswa/DC18%20Lejweleputswa%20Consolidated%20Audit%20report%202012-13.pdf
DC16,Xhariep,2013,qualified,Qualified,http://mfma.treasury.gov.za/Documents/07.%20Audit%20Reports/2012-13/03.%20District%20municipalities/DC16%20Xhariep/DC16%20Xhariep%20Audit%20report%202012-13.pdf
DC15,O R Tambo,2013,disclaimer,Disclaimer of opinion,http://mfma.treasury.gov.za/Documents/07.%20Audit%20Reports/2012-13/03.%20District%20municipalities/DC15%20O%20R%20Tambo/DC15%20O%20R%20Tambo%20Audit%20report%202012-13.pdf
DC13,Chris Hani,2013,qualified,Qualified,http://mfma.treasury.gov.za/Documents/07.%20Audit%20Reports/2012-13/03.%20District%20municipalities/DC13%20Chris%20Hani/DC13%20Chris%20Hani%20Audit%20Report%202012-13.pdf
DC12,Amathole,2013,unqualified_emphasis_of_matter,Unqualified - Emphasis of Matter items,http://mfma.treasury.gov.za/Documents/07.%20Audit%20Reports/2012-13/03.%20District%20municipalities/DC12%20Amathole/DC12%20Amathole%20Audit%20report%202012-13.pdf
DC10,Sarah Baartman,2013,unqualified_emphasis_of_matter,Unqualified - Emphasis of Matter items,http://mfma.treasury.gov.za/Documents/07.%20Audit%20Reports/2012-13/03.%20District%20municipalities/DC10%20Cacadu/DC10%20Cacadu%20Audit%20report%202012-13.pdf
DC1,West Coast,2013,unqualified,Unqualified - No findings,http://mfma.treasury.gov.za/Documents/07.%20Audit%20Reports/2012-13/03.%20District%20municipalities/DC1%20West%20Coast/DC1%20West%20Coast%20Audit%20report%202012-13.pdf
DC8,Z F Mgcawu,2014,unqualified,Unqualified - No findings,http://mfma.treasury.gov.za/Documents/07.%20Audit%20Reports/2013-14/03.%20District%20municipalities/DC8%20ZF%20Mgcawu/DC8%20ZF%20Mgcawu%20Audit%20report%202013-14.pdf
TSH,City of Tshwane,2012,unqualified_emphasis_of_matter,Unqualified - Emphasis of Matter items,http://mfma.treasury.gov.za/Documents/07.%20Audit%20Reports/2011-12/01.%20Metros/TSH%20City%20of%20Tshwane/TSH%20City%20of%20Tshwane%20Consolidated%20Audit%20Report%202011-12.pdf
NMA,Nelson Mandela Bay,2012,qualified,Qualified,http://mfma.treasury.gov.za/Documents/07.%20Audit%20Reports/2011-12/01.%20Metros/NMA%20Nelson%20Mandela%20Bay/NMA%20Nelson%20Mandela%20Bay%20Consolidated%20Audit%20report%202011-12.pdf
BUF,Buffalo City,2015,qualified,Qualified,http://mfma.treasury.gov.za/Documents/07.%20Audit%20Reports/2014-15/01.%20Metros/BUF%20Buffalo%20City/BUF%20Buffalo%20City%20Audit%20report%202014-15.pdf
EC101,Dr Beyers Naude,2011,unqualified_emphasis_of_matter,Unqualified - Emphasis of Matter items,http://mfma.treasury.gov.za/Documents/07.%20Audit%20Reports/2010-11/02.%20Local%20Municipalities/EC101%20Camdeboo/EC101%20Camdeboo%20Audit%20Report%202010-11.pdf
KZN271,Umhlabuyalingana,2011,unqualified_emphasis_of_matter,Unqualified - Emphasis of Matter items,http://mfma.treasury.gov.za/Documents/07.%20Audit%20Reports/2010-11/02.%20Local%20Municipalities/KZN271%20Umhlabuyalingana/KZN271%20Umhlabuyalingana%20Audit%20Report%202010-11.pdf
KZN273,The Big 5 False Bay,2011,unqualified_emphasis_of_matter,Unqualified - Emphasis of Matter items,http://mfma.treasury.gov.za/Documents/07.%20Audit%20Reports/2010-11/02.%20Local%20Municipalities/KZN273%20The%20Big%20Five%20False%20Bay/KZN273%20The%20Big%20Five%20False%20Bay%20Audit%20Report%202010-11.pdf
FS183,Tswelopele,2013,unqualified_emphasis_of_matter,Unqualified - Emphasis of Matter items,http://mfma.treasury.gov.za/Documents/07.%20Audit%20Reports/2012-13/02.%20Local%20Municipalities/FS183%20Tswelopele/FS183%20Tswelopele%20Audit%20report%202012-13.pdf
KZN253,Emadlangeni,2013,unqualified_emphasis_of_matter,Unqualified - Emphasis of Matter items,http://mfma.treasury.gov.za/Documents/07.%20Audit%20Reports/2012-13/02.%20Local%20Municipalities/KZN253%20eMadlangeni/KZN253%20eMadlangeni%20Audit%20Report%202012-13.pdf
KZN292,KwaDukuza,2013,unqualified_emphasis_of_matter,Unqualified - Emphasis of Matter items,http://mfma.treasury.gov.za/Documents/07.%20Audit%20Reports/2012-13/02.%20Local%20Municipalities/KZN292%20KwaDukuza/KZN292%20KwaDukuza%20Audit%20report%202012-13.pdf
KZN291,Mandeni,2013,unqualified_emphasis_of_matter,Unqualified - Emphasis of Matter items,http://mfma.treasury.gov.za/Documents/07.%20Audit%20Reports/2012-13/02.%20Local%20Municipalities/KZN291%20Mandeni/KZN291%20Mandeni%20Audit%20Report%202012-13.pdf
KZN285,Mthonjaneni,2013,unqualified_emphasis_of_matter,Unqualified - Emphasis of Matter items,http://mfma.treasury.gov.za/Documents/07.%20Audit%20Reports/2012-13/02.%20Local%20Municipalities/KZN285%20Mthonjaneni/KZN285%20Mthonjaneni%20Audit%20report%202012-13.pdf
KZN286,Nkandla,2013,unqualified_emphasis_of_matter,Unqualified - Emphasis of Matter items,http://mfma.treasury.gov.za/Documents/07.%20Audit%20Reports/2012-13/02.%20Local%20Municipalities/KZN286%20Nkandla/KZN286%20Nkandla%20Audit%20Report%202012-13.pdf
KZN284,uMlalazi,2013,unqualified_emphasis_of_matter,Unqualified - Emphasis of Matter items,http://mfma.treasury.gov.za/Documents/07.%20Audit%20Reports/2012-13/02.%20Local%20Municipalities/KZN284%20uMlalazi/KZN284%20uMlalazi%20Audit%20report%202012-13.pdf
KZN283,Ntambanana,2013,unqualified,Unqualified - No findings,http://mfma.treasury.gov.za/Documents/07.%20Audit%20Reports/2012-13/02.%20Local%20Municipalities/KZN283%20Ntambanana/KZN283%20Ntambanana%20Audit%20report%202012-13.pdf
KZN293,Ndwedwe,2013,unqualified_emphasis_of_matter,Unqualified - Emphasis of Matter items,http://mfma.treasury.gov.za/Documents/07.%20Audit%20Reports/2012-13/02.%20Local%20Municipalities/KZN293%20Ndwedwe/KZN293%20Ndwedwe%20Audit%20Report%202012-13.pdf
WC041,Kannaland,2013,adverse,Adverse opinion,http://mfma.treasury.gov.za/Documents/07.%20Audit%20Reports/2012-13/02.%20Local%20Municipalities/WC041%20Kannaland/WC041%20Kannaland%20Audit%20report%202012-13.pdf
WC047,Bitou,2013,unqualified_emphasis_of_matter,Unqualified - Emphasis of Matter items,http://mfma.treasury.gov.za/Documents/07.%20Audit%20Reports/2012-13/02.%20Local%20Municipalities/WC047%20Bitou/WC047%20Bitou%20Audit%20Report%202012-13.pdf
WC045,Oudtshoorn,2013,unqualified_emphasis_of_matter,Unqualified - Emphasis of Matter items,http://mfma.treasury.gov.za/Documents/07.%20Audit%20Reports/2012-13/02.%20Local%20Municipalities/WC045%20Oudtshoorn/WC045%20Oudtshoorn%20Audit%20report%202012-13.pdf
WC044,George,2013,unqualified,Unqualified - No findings,http://mfma.treasury.gov.za/Documents/07.%20Audit%20Reports/2012-13/02.%20Local%20Municipalities/WC044%20George/WC044%20George%20Audit%20report%202012-13.pdf
WC043,Mossel Bay,2013,unqualified,Unqualified - No findings,http://mfma.treasury.gov.za/Documents/07.%20Audit%20Reports/2012-13/02.%20Local%20Municipalities/WC043%20Mossel%20Bay/WC043%20Mossel%20Bau%20Audit%20report%202012-13.pdf
WC042,Hessequa,2013,unqualified_emphasis_of_matter,Unqualified - Emphasis of Matter items,http://mfma.treasury.gov.za/Documents/07.%20Audit%20Reports/2012-13/02.%20Local%20Municipalities/WC042%20Hessequa/WC042%20Hessequa%20Audit%20report%202012-13.pdf
WC034,Swellendam,2013,unqualified_emphasis_of_matter,Unqualified - Emphasis of Matter items,http://mfma.treasury.gov.za/Documents/07.%20Audit%20Reports/2012-13/02.%20Local%20Municipalities/WC034%20Swellendam/WC034%20Swellendam%20Audit%20report%202012-13.pdf
WC033,Cape Agulhas,2013,unqualified_emphasis_of_matter,Unqualified - Emphasis of Matter items,http://mfma.treasury.gov.za/Documents/07.%20Audit%20Reports/2012-13/02.%20Local%20Municipalities/WC033%20Cape%20Agulhas/WC033%20Cape%20Agulhas%20Audit%20Report%202012-13.pdf
WC032,Overstrand,2013,unqualified,Unqualified - No findings,http://mfma.treasury.gov.za/Documents/07.%20Audit%20Reports/2012-13/02.%20Local%20Municipalities/WC032%20Overstrand/WC032%20Overstrand%20Audit%20report%202012-13.pdf
WC031,Theewaterskloof,2013,unqualified,Unqualified - No findings,http://mfma.treasury.gov.za/Documents/07.%20Audit%20Reports/2012-13/02.%20Local%20Municipalities/WC031%20Theewaterskloof/WC031%20Theewaterskloof%20Audit%20report%202012-13.pdf
WC026,Langeberg,2013,unqualified,Unqualified - No findings,http://mfma.treasury.gov.za/Documents/07.%20Audit%20Reports/2012-13/02.%20Local%20Municipalities/WC026%20Langeberg/WC026%20Langeberg%20Audit%20report%202012-13.pdf
WC053,Beaufort West,2013,unqualified_emphasis_of_matter,Unqualified - Emphasis of Matter items,http://mfma.treasury.gov.za/Documents/07.%20Audit%20Reports/2012-13/02.%20Local%20Municipalities/WC053%20Beaufort%20West/WC053%20Beaufort%20West%20Audit%20report%202012-13.pdf
WC052,Prince Albert,2013,unqualified_emphasis_of_matter,Unqualified - Emphasis of Matter items,http://mfma.treasury.gov.za/Documents/07.%20Audit%20Reports/2012-13/02.%20Local%20Municipalities/WC052%20Prince%20Albert/WC052%20Prince%20Albert%20Audit%20report%202012-13.pdf
WC051,Laingsburg,2013,unqualified_emphasis_of_matter,Unqualified - Emphasis of Matter items,http://mfma.treasury.gov.za/Documents/07.%20Audit%20Reports/2012-13/02.%20Local%20Municipalities/WC051%20Laingsburg/WC051%20Laingsburg%20Audit%20report%202012-13.pdf
WC025,Breede Valley,2013,unqualified,Unqualified - No findings,http://mfma.treasury.gov.za/Documents/07.%20Audit%20Reports/2012-13/02.%20Local%20Municipalities/WC025%20Breede%20Valley/WC025%20Breede%20Valley%20Audit%20report%202012-13.pdf
WC024,Stellenbosch,2013,unqualified_emphasis_of_matter,Unqualified - Emphasis of Matter items,http://mfma.treasury.gov.za/Documents/07.%20Audit%20Reports/2012-13/02.%20Local%20Municipalities/WC024%20Stellenbosch/WC024%20Stellenbosch%20Audit%20report%202012-13.pdf
LIM343,Thulamela,2013,qualified,Qualified,http://mfma.treasury.gov.za/Documents/07.%20Audit%20Reports/2012-13/02.%20Local%20Municipalities/LIM343%20Thulamela/LIM343%20Thulamela%20Audit%20report%202012-13.pdf
WC023,Drakenstein,2013,unqualified_emphasis_of_matter,Unqualified - Emphasis of Matter items,http://mfma.treasury.gov.za/Documents/07.%20Audit%20Reports/2012-13/02.%20Local%20Municipalities/WC023%20Drakenstein/WC023%20Drakenstein%20Audit%20report%202012-13.pdf
WC022,Witzenberg,2013,unqualified,Unqualified - No findings,http://mfma.treasury.gov.za/Documents/07.%20Audit%20Reports/2012-13/02.%20Local%20Municipalities/WC022%20Witzenberg/WC022%20Witzenberg%20Audit%20Report%202012-13.pdf
WC015,Swartland,2013,unqualified,Unqualified - No findings,http://mfma.treasury.gov.za/Documents/07.%20Audit%20Reports/2012-13/02.%20Local%20Municipalities/WC015%20Swartland/WC015%20Swartland%20Audit%20report%202012-13.pdf
WC014,Saldanha Bay,2013,unqualified_emphasis_of_matter,Unqualified - Emphasis of Matter items,http://mfma.treasury.gov.za/Documents/07.%20Audit%20Reports/2012-13/02.%20Local%20Municipalities/WC014%20Saldanha%20Bay/WC014%20Saldanha%20Bay%20Audit%20report%202012-13.pdf
WC013,Bergrivier,2013,unqualified_emphasis_of_matter,Unqualified - Emphasis of Matter items,http://mfma.treasury.gov.za/Documents/07.%20Audit%20Reports/2012-13/02.%20Local%20Municipalities/WC013%20Bergrivier/WC013%20Bergrivier%20Audit%20report%202012-13.pdf
WC012,Cederberg,2013,unqualified_emphasis_of_matter,Unqualified - Emphasis of Matter items,http://mfma.treasury.gov.za/Documents/07.%20Audit%20Reports/2012-13/02.%20Local%20Municipalities/WC012%20Cederberg/WC012%20Cederberg%20Audit%20report%202012-13.pdf
NW403,City of Matlosana,2019,qualified,Qualified,
NC077,Siyathemba,2020,qualified,Qualified,
WC011,Matzikama,2013,unqualified_emphasis_of_matter,Unqualified - Emphasis of Matter items,http://mfma.treasury.gov.za/Documents/07.%20Audit%20Reports/2012-13/02.%20Local%20Municipalities/WC011%20Matzikama/WC011%20Matzikama%20Audit%20Report%202012-13.pdf
NW402,Tlokwe City Council,2013,unqualified_emphasis_of_matter,Unqualified - Emphasis of Matter items,http://mfma.treasury.gov.za/Documents/07.%20Audit%20Reports/2012-13/02.%20Local%20Municipalities/NW402%20Tlokwe/NW402%20Tlokwe%20Audit%20Report%202012-13.pdf
NW401,Ventersdorp,2013,disclaimer,Disclaimer of opinion,http://mfma.treasury.gov.za/Documents/07.%20Audit%20Reports/2012-13/02.%20Local%20Municipalities/NW401%20Ventersdorp/NW401%20Ventersdorp%20Audit%20Report%202012-13.pdf
NW394,Greater Taung,2013,disclaimer,Disclaimer of opinion,http://mfma.treasury.gov.za/Documents/07.%20Audit%20Reports/2012-13/02.%20Local%20Municipalities/NW394%20Greater%20Taung/NW394%20Greater%20Taung%20Audit%20report%202012-13.pdf
NW392,Naledi (NW),2013,unqualified_emphasis_of_matter,Unqualified - Emphasis of Matter items,http://mfma.treasury.gov.za/Documents/07.%20Audit%20Reports/2012-13/02.%20Local%20Municipalities/NW392%20Naledi/NW392%20Naledi%20Audit%20report%202012-13.pdf
NW383,Mafikeng,2013,disclaimer,Disclaimer of opinion,http://mfma.treasury.gov.za/Documents/07.%20Audit%20Reports/2012-13/02.%20Local%20Municipalities/NW383%20Mafikeng/NW383%20Mafikeng%20Audit%20Report%202012-13.pdf
NW382,Tswaing,2013,disclaimer,Disclaimer of opinion,http://mfma.treasury.gov.za/Documents/07.%20Audit%20Reports/2012-13/02.%20Local%20Municipalities/NW382%20Tswaing/NW382%20Tswaing%20Audit%20report%202012-13.pdf
NW381,Ratlou,2013,qualified,Qualified,http://mfma.treasury.gov.za/Documents/07.%20Audit%20Reports/2012-13/02.%20Local%20Municipalities/NW381%20Ratlou/NW381%20Ratlou%20Audit%20report%202012-13.pdf
NW375,Moses Kotane,2013,unqualified_emphasis_of_matter,Unqualified - Emphasis of Matter items,http://mfma.treasury.gov.za/Documents/07.%20Audit%20Reports/2012-13/02.%20Local%20Municipalities/NW375%20Moses%20Kotane/NW375%20Moses%20Kotane%20Audit%20report%202012-13.pdf
NW374,Kgetlengrivier,2013,disclaimer,Disclaimer of opinion,http://mfma.treasury.gov.za/Documents/07.%20Audit%20Reports/2012-13/02.%20Local%20Municipalities/NW374%20Kgetlengrivier/NW374%20Kgetlengrivier%20Audit%20report%202012-13.pdf
NW373,Rustenburg,2013,qualified,Qualified,http://mfma.treasury.gov.za/Documents/07.%20Audit%20Reports/2012-13/02.%20Local%20Municipalities/NW373%20Rustenburg/NW373%20Rustenburg%20Audit%20Report%202012-13.pdf
NW372,Madibeng,2013,qualified,Qualified,http://mfma.treasury.gov.za/Documents/07.%20Audit%20Reports/2012-13/02.%20Local%20Municipalities/NW372%20Madibeng/NW372%20Madibeng%20Audit%20Report%202012-13.pdf
NW371,Moretele,2013,disclaimer,Disclaimer of opinion,http://mfma.treasury.gov.za/Documents/07.%20Audit%20Reports/2012-13/02.%20Local%20Municipalities/NW371%20Moretele/NW371%20Moretele%20Audit%20Report%202012-13.pdf
NC453,Gamagara,2013,qualified,Qualified,http://mfma.treasury.gov.za/Documents/07.%20Audit%20Reports/2012-13/02.%20Local%20Municipalities/NC453%20Gamagara/NC453%20Gamagara%20Audit%20report%202012-13.pdf
NC451,Joe Morolong,2013,disclaimer,Disclaimer of opinion,http://mfma.treasury.gov.za/Documents/07.%20Audit%20Reports/2012-13/02.%20Local%20Municipalities/NC451%20Joe%20Morolong/NC451%20Joe%20Morolong%20Audit%20Report%202012-13.pdf
NC094,Phokwane,2013,disclaimer,Disclaimer of opinion,http://mfma.treasury.gov.za/Documents/07.%20Audit%20Reports/2012-13/02.%20Local%20Municipalities/NC094%20Phokwane/NC094%20Phokwane%20Audit%20report%202012-13.pdf
NC091,Sol Plaatje,2013,qualified,Qualified,http://mfma.treasury.gov.za/Documents/07.%20Audit%20Reports/2012-13/02.%20Local%20Municipalities/NC091%20Sol%20Plaatje/NC091%20Sol%20Plaatje%20Consolidated%20Audit%20Report%202012-13.pdf
NC086,Kgatelopele,2013,disclaimer,Disclaimer of opinion,http://mfma.treasury.gov.za/Documents/07.%20Audit%20Reports/2012-13/02.%20Local%20Municipalities/NC086%20Kgatelopele/NC086%20Kgatelopele%20Audit%20report%202012-13.pdf
NC083,//Khara Hais,2013,qualified,Qualified,http://mfma.treasury.gov.za/Documents/07.%20Audit%20Reports/2012-13/02.%20Local%20Municipalities/NC083%20Khara%20Hais/NC083%20Khara%20Hais%20Audit%20report%202012-13.pdf
NC082,!Kai! Garib,2013,disclaimer,Disclaimer of opinion,http://mfma.treasury.gov.za/Documents/07.%20Audit%20Reports/2012-13/02.%20Local%20Municipalities/NC082%20Kai%20Garib/NC082%20Kai%20Garib%20Audit%20report%202012-13.pdf
NC081,Mier,2013,disclaimer,Disclaimer of opinion,http://mfma.treasury.gov.za/Documents/07.%20Audit%20Reports/2012-13/02.%20Local%20Municipalities/NC081%20Mier/NC081%20Mier%20Audit%20report%202012-13.pdf
NC077,Siyathemba,2013,disclaimer,Disclaimer of opinion,http://mfma.treasury.gov.za/Documents/07.%20Audit%20Reports/2012-13/02.%20Local%20Municipalities/NC077%20Siyathemba/NC077%20Siyathemba%20Audit%20Report%202012-13.pdf
NC074,Kareeberg,2013,qualified,Qualified,http://mfma.treasury.gov.za/Documents/07.%20Audit%20Reports/2012-13/02.%20Local%20Municipalities/NC074%20Kareeberg/NC074%20Kareeberg%20Audit%20report%202012-13.pdf
NC073,Emthanjeni,2013,unqualified_emphasis_of_matter,Unqualified - Emphasis of Matter items,http://mfma.treasury.gov.za/Documents/07.%20Audit%20Reports/2012-13/02.%20Local%20Municipalities/NC073%20Emthanjeni/NC073%20Emthanjeni%20Audit%20report%202012-13.pdf
NC072,Umsobomvu,2013,unqualified_emphasis_of_matter,Unqualified - Emphasis of Matter items,http://mfma.treasury.gov.za/Documents/07.%20Audit%20Reports/2012-13/02.%20Local%20Municipalities/NC072%20Umsobomvu/NC072%20Umsobomvu%20Audit%20report%202012-13.pdf
NC071,Ubuntu,2013,unqualified_emphasis_of_matter,Unqualified - Emphasis of Matter items,http://mfma.treasury.gov.za/Documents/07.%20Audit%20Reports/2012-13/02.%20Local%20Municipalities/NC071%20Ubuntu/NC071%20Ubuntu%20Audit%20report%202012-13.pdf
NC067,Khai-Ma,2013,unqualified_emphasis_of_matter,Unqualified - Emphasis of Matter items,http://mfma.treasury.gov.za/Documents/07.%20Audit%20Reports/2012-13/02.%20Local%20Municipalities/NC067%20Khai-Ma/NC067%20Khai-Ma%20Audit%20report%202012-13.pdf
NC065,Hantam,2013,qualified,Qualified,http://mfma.treasury.gov.za/Documents/07.%20Audit%20Reports/2012-13/02.%20Local%20Municipalities/NC065%20Hantam/NC065%20Hantam%20Audit%20report%202012-13.pdf
NC064,Kamiesberg,2013,disclaimer,Disclaimer of opinion,http://mfma.treasury.gov.za/Documents/07.%20Audit%20Reports/2012-13/02.%20Local%20Municipalities/NC064%20Kamiesberg/NC064%20Kamiesberg%20Audit%20report%202012-13.pdf
NC061,Richtersveld,2013,unqualified_emphasis_of_matter,Unqualified - Emphasis of Matter items,http://mfma.treasury.gov.za/Documents/07.%20Audit%20Reports/2012-13/02.%20Local%20Municipalities/NC061%20Richtersveld/NC061%20Richtersveld%20Audit%20Report%202012-13.pdf
MP325,Bushbuckridge,2013,disclaimer,Disclaimer of opinion,http://mfma.treasury.gov.za/Documents/07.%20Audit%20Reports/2012-13/02.%20Local%20Municipalities/MP325%20Bushbuckridge/MP325%20Bushbuckridge%20Audit%20Report%202012-13.pdf
MP322,Mbombela,2013,unqualified_emphasis_of_matter,Unqualified - Emphasis of Matter items,http://mfma.treasury.gov.za/Documents/07.%20Audit%20Reports/2012-13/02.%20Local%20Municipalities/MP322%20Mbombela/MP322%20Mbombela%20Audit%20report%202012-13.pdf
MP316,Dr J.S. Moroka,2013,qualified,Qualified,http://mfma.treasury.gov.za/Documents/07.%20Audit%20Reports/2012-13/02.%20Local%20Municipalities/MP316%20Dr%20J%20S%20Moroka/MP316%20Dr%20JS%20Moroka%20Audit%20report%202012-13.pdf
MP315,Thembisile Hani,2013,qualified,Qualified,http://mfma.treasury.gov.za/Documents/07.%20Audit%20Reports/2012-13/02.%20Local%20Municipalities/MP315%20Thembisile%20Hani/MP315%20Thembisile%20Hani%20Audit%20report%202012-13.pdf
MP314,Emakhazeni,2013,qualified,Qualified,http://mfma.treasury.gov.za/Documents/07.%20Audit%20Reports/2012-13/02.%20Local%20Municipalities/MP314%20Emakhazeni/MP314%20Emakhazeni%20Audit%20Report%202012-13.pdf
MP313,Steve Tshwete,2013,unqualified,Unqualified - No findings,http://mfma.treasury.gov.za/Documents/07.%20Audit%20Reports/2012-13/02.%20Local%20Municipalities/MP313%20Steve%20Tshwete/MP313%20Steve%20Tshwete%20Audit%20report%202012-13.pdf
MP312,Emalahleni (MP),2013,disclaimer,Disclaimer of opinion,http://mfma.treasury.gov.za/Documents/07.%20Audit%20Reports/2012-13/02.%20Local%20Municipalities/MP312%20Emalahleni/MP312%20Emalahleni%20Audit%20report%202012-13.pdf
MP311,Victor Khanye,2013,qualified,Qualified,http://mfma.treasury.gov.za/Documents/07.%20Audit%20Reports/2012-13/02.%20Local%20Municipalities/MP311%20Victor%20Khanye/MP311%20Victor%20Khanye%20Audit%20Report%202012-13.pdf
MP307,Govan Mbeki,2013,qualified,Qualified,http://mfma.treasury.gov.za/Documents/07.%20Audit%20Reports/2012-13/02.%20Local%20Municipalities/MP307%20Govan%20Mbeki/MP307%20Govan%20Mbeki%20Audit%20Report%202012-13.pdf
MP306,Dipaleseng,2013,qualified,Qualified,http://mfma.treasury.gov.za/Documents/07.%20Audit%20Reports/2012-13/02.%20Local%20Municipalities/MP306%20Dipaleseng/MP306%20Dipaleseng%20Audit%20report%202012-13.pdf
MP305,Lekwa,2013,qualified,Qualified,http://mfma.treasury.gov.za/Documents/07.%20Audit%20Reports/2012-13/02.%20Local%20Municipalities/MP305%20Lekwa/MP305%20Lekwa%20Audit%20Report%202012-13.pdf
MP304,Pixley Ka Seme (MP),2013,qualified,Qualified,http://mfma.treasury.gov.za/Documents/07.%20Audit%20Reports/2012-13/02.%20Local%20Municipalities/MP304%20Pixley%20Ka%20Seme/MP304%20Pixley%20ka%20Seme%20Audit%20report%202012-13.pdf
MP303,Mkhondo,2013,disclaimer,Disclaimer of opinion,http://mfma.treasury.gov.za/Documents/07.%20Audit%20Reports/2012-13/02.%20Local%20Municipalities/MP303%20Mkhondo/MP303%20Mkhondo%20Audit%20Report%202012-13.pdf
MP302,Msukaligwa,2013,disclaimer,Disclaimer of opinion,http://mfma.treasury.gov.za/Documents/07.%20Audit%20Reports/2012-13/02.%20Local%20Municipalities/MP302%20Msukaligwa/MP302%20Msukaligwa%20Audit%20report%202012-13.pdf
MP301,Albert Luthuli,2013,qualified,Qualified,http://mfma.treasury.gov.za/Documents/07.%20Audit%20Reports/2012-13/02.%20Local%20Municipalities/MP301%20Albert%20Luthuli/MP301%20Albert%20Luthuli%20Audit%20report%202012-13.pdf
LIM472,Elias Motsoaledi,2013,qualified,Qualified,http://mfma.treasury.gov.za/Documents/07.%20Audit%20Reports/2012-13/02.%20Local%20Municipalities/LIM472%20Elias%20Motsoaledi/LIM472%20Elias%20Motsoaledi%20Audit%20report%202012-13.pdf
LIM367,Mogalakwena,2013,qualified,Qualified,http://mfma.treasury.gov.za/Documents/07.%20Audit%20Reports/2012-13/02.%20Local%20Municipalities/LIM367%20Mogalakwena/LIM367%20Mogalakwena%20Audit%20report%202012-13.pdf
MP323,Umjindi,2012,qualified,Qualified,http://mfma.treasury.gov.za/Documents/07.%20Audit%20Reports/2011-12/02.%20Local%20municipalities/MP323%20Umjindi/MP323%20Umkindi%20Audit%20report%202011-12.pdf
LIM366,Bela Bela,2013,qualified,Qualified,http://mfma.treasury.gov.za/Documents/07.%20Audit%20Reports/2012-13/02.%20Local%20Municipalities/LIM366%20Bela%20Bela/LIM366%20Bela%20Bela%20Audit%20report%202012-13.pdf
LIM365,Modimolle,2013,adverse,Adverse opinion,http://mfma.treasury.gov.za/Documents/07.%20Audit%20Reports/2012-13/02.%20Local%20Municipalities/LIM365%20Modimolle/LIM365%20Modimolle%20Audit%20report%202012-13.pdf
LIM362,Lephalale,2013,qualified,Qualified,http://mfma.treasury.gov.za/Documents/07.%20Audit%20Reports/2012-13/02.%20Local%20Municipalities/LIM362%20Lephalale/LIM362%20Lephalale%20Audit%20Report%202012-13.pdf
LIM355,Lepelle-Nkumpi,2013,disclaimer,Disclaimer of opinion,http://mfma.treasury.gov.za/Documents/07.%20Audit%20Reports/2012-13/02.%20Local%20Municipalities/LIM355%20Lepelle-Nkumpi/LIM355%20Lepelle-Nkumpi%20Audit%20report%202012-13.pdf
LIM354,Polokwane,2013,disclaimer,Disclaimer of opinion,http://mfma.treasury.gov.za/Documents/07.%20Audit%20Reports/2012-13/02.%20Local%20Municipalities/LIM354%20Polokwane/LIM354%20Polokwane%20Audit%20report%202012-13.pdf
LIM352,Aganang,2013,qualified,Qualified,http://mfma.treasury.gov.za/Documents/07.%20Audit%20Reports/2012-13/02.%20Local%20Municipalities/LIM352%20Aganang/LIM352%20Aganang%20Audit%20report%202012-13.pdf
LIM344,Makhado,2013,qualified,Qualified,http://mfma.treasury.gov.za/Documents/07.%20Audit%20Reports/2012-13/02.%20Local%20Municipalities/LIM344%20Makhado/LIM344%20Makhado%20Audit%20report%202012-13.pdf
LIM342,Mutale,2013,disclaimer,Disclaimer of opinion,http://mfma.treasury.gov.za/Documents/07.%20Audit%20Reports/2012-13/02.%20Local%20Municipalities/LIM342%20Mutale/LIM342%20Mutale%20Audit%20report%202012-13.pdf
LIM341,Musina,2013,qualified,Qualified,http://mfma.treasury.gov.za/Documents/07.%20Audit%20Reports/2012-13/02.%20Local%20Municipalities/LIM341%20Musina/LIM341%20Musina%20Audit%20report%202012-13.pdf
LIM335,Maruleng,2013,qualified,Qualified,http://mfma.treasury.gov.za/Documents/07.%20Audit%20Reports/2012-13/02.%20Local%20Municipalities/LIM335%20Maruleng/LIM335%20Maruleng%20Audit%20report%202012-13.pdf
KZN435,Umzimkhulu,2013,unqualified,Unqualified - No findings,http://mfma.treasury.gov.za/Documents/07.%20Audit%20Reports/2012-13/02.%20Local%20Municipalities/KZN435%20Umzimkhulu/KZN435%20Umzimkhulu%20Audit%20report%202012-13.pdf
KZN433,Greater Kokstad,2013,unqualified_emphasis_of_matter,Unqualified - Emphasis of Matter items,http://mfma.treasury.gov.za/Documents/07.%20Audit%20Reports/2012-13/02.%20Local%20Municipalities/KZN433%20Greater%20Kokstad/KZN433%20Greater%20Kokstad%20Audit%20report%202012-13.pdf
KZN432,Kwa Sani,2013,unqualified_emphasis_of_matter,Unqualified - Emphasis of Matter items,http://mfma.treasury.gov.za/Documents/07.%20Audit%20Reports/2012-13/02.%20Local%20Municipalities/KZN432%20Kwa%20Sani/KZN432%20Kwa%20Sani%20Audit%20report%202012-13.pdf
KZN431,Ingwe,2013,unqualified_emphasis_of_matter,Unqualified - Emphasis of Matter items,http://mfma.treasury.gov.za/Documents/07.%20Audit%20Reports/2012-13/02.%20Local%20Municipalities/KZN431%20Ingwe/KZN431%20Ingwe%20Audit%20Report%202012-13.pdf
KZN294,Maphumulo,2013,unqualified_emphasis_of_matter,Unqualified - Emphasis of Matter items,http://mfma.treasury.gov.za/Documents/07.%20Audit%20Reports/2012-13/02.%20Local%20Municipalities/KZN294%20Maphumulo/KZN294%20Maphumulo%20Audit%20report%202012-13.pdf
KZN282,uMhlathuze,2013,unqualified,Unqualified - No findings,http://mfma.treasury.gov.za/Documents/07.%20Audit%20Reports/2012-13/02.%20Local%20Municipalities/KZN282%20uMhlathuze/KZN282%20uMhlathuze%20Audit%20report%202012-13.pdf
KZN281,Mfolozi,2013,unqualified_emphasis_of_matter,Unqualified - Emphasis of Matter items,http://mfma.treasury.gov.za/Documents/07.%20Audit%20Reports/2012-13/02.%20Local%20Municipalities/KZN281%20Mfolozi/KZN281%20Mfolozi%20Audit%20report%202012-13.pdf
KZN275,Mtubatuba,2013,qualified,Qualified,http://mfma.treasury.gov.za/Documents/07.%20Audit%20Reports/2012-13/02.%20Local%20Municipalities/KZN275%20Mtubatuba/KZN275%20Mtubatuba%20Audit%20report%202012-13.pdf
KZN274,Hlabisa,2013,qualified,Qualified,http://mfma.treasury.gov.za/Documents/07.%20Audit%20Reports/2012-13/02.%20Local%20Municipalities/KZN274%20Hlabisa/KZN274%20Hlabisa%20Audit%20Report%202012-13.pdf
KZN273,The Big 5 False Bay,2013,unqualified_emphasis_of_matter,Unqualified - Emphasis of Matter items,http://mfma.treasury.gov.za/Documents/07.%20Audit%20Reports/2012-13/02.%20Local%20Municipalities/KZN273%20The%20Big%20Five%20False%20Bay/KZN273%20The%20Big%20f%20False%20Bay%20Audit%20Report%202012-13.pdf
KZN272,Jozini,2013,unqualified_emphasis_of_matter,Unqualified - Emphasis of Matter items,http://mfma.treasury.gov.za/Documents/07.%20Audit%20Reports/2012-13/02.%20Local%20Municipalities/KZN272%20Jozini/KZN272%20Jozini%20Audit%20Report%202012-13.pdf
KZN271,Umhlabuyalingana,2013,unqualified_emphasis_of_matter,Unqualified - Emphasis of Matter items,http://mfma.treasury.gov.za/Documents/07.%20Audit%20Reports/2012-13/02.%20Local%20Municipalities/KZN271%20Umhlabuyalingana/KZN271%20Umhlabuyalingana%20Audit%20report%202012-13.pdf
KZN266,Ulundi,2013,unqualified_emphasis_of_matter,Unqualified - Emphasis of Matter items,http://mfma.treasury.gov.za/Documents/07.%20Audit%20Reports/2012-13/02.%20Local%20Municipalities/KZN266%20Ulundi/KZN266%20Ulundi%20Audit%20Report%202012-13.pdf
KZN265,Nongoma,2013,qualified,Qualified,http://mfma.treasury.gov.za/Documents/07.%20Audit%20Reports/2012-13/02.%20Local%20Municipalities/KZN265%20Nongoma/KZN265%20Nongoma%20Audit%20report%202012-13.pdf
KZN263,Abaqulusi,2013,qualified,Qualified,http://mfma.treasury.gov.za/Documents/07.%20Audit%20Reports/2012-13/02.%20Local%20Municipalities/KZN263%20Abaqulusi/KZN263%20Abaqulusi%20Audit%20report%202012-13.pdf
KZN262,uPhongolo,2013,qualified,Qualified,http://mfma.treasury.gov.za/Documents/07.%20Audit%20Reports/2012-13/02.%20Local%20Municipalities/KZN262%20uPhongolo/KZN262%20uPhongolo%20Audit%20report%202012-13.pdf
KZN261,eDumbe,2013,qualified,Qualified,http://mfma.treasury.gov.za/Documents/07.%20Audit%20Reports/2012-13/02.%20Local%20Municipalities/KZN261%20eDumbe/KZN261%20eDumbe%20Audit%20report%202012-13.pdf
KZN254,Dannhauser,2013,unqualified_emphasis_of_matter,Unqualified - Emphasis of Matter items,http://mfma.treasury.gov.za/Documents/07.%20Audit%20Reports/2012-13/02.%20Local%20Municipalities/KZN254%20Dannhauser/KZN254%20Dannhauser%20Audit%20report%202012-13.pdf
KZN252,Newcastle,2013,qualified,Qualified,http://mfma.treasury.gov.za/Documents/07.%20Audit%20Reports/2012-13/02.%20Local%20Municipalities/KZN252%20Newcastle/KZN252%20Newcastle%20Audit%20report%202012-13.pdf
KZN245,Umvoti,2013,unqualified_emphasis_of_matter,Unqualified - Emphasis of Matter items,http://mfma.treasury.gov.za/Documents/07.%20Audit%20Reports/2012-13/02.%20Local%20Municipalities/KZN245%20Umvoti/KZN245%20Umvoti%20Audit%20report%202012-13.pdf
KZN244,Msinga,2013,unqualified,Unqualified - No findings,http://mfma.treasury.gov.za/Documents/07.%20Audit%20Reports/2012-13/02.%20Local%20Municipalities/KZN244%20Msinga/KZN244%20Msinga%20Audit%20report%202012-13.pdf
KZN242,Nquthu,2013,unqualified_emphasis_of_matter,Unqualified - Emphasis of Matter items,http://mfma.treasury.gov.za/Documents/07.%20Audit%20Reports/2012-13/02.%20Local%20Municipalities/KZN242%20Nquthu/KZN242%20Nquthu%20Audit%20report%202012-13.pdf
KZN241,Endumeni,2013,unqualified_emphasis_of_matter,Unqualified - Emphasis of Matter items,http://mfma.treasury.gov.za/Documents/07.%20Audit%20Reports/2012-13/02.%20Local%20Municipalities/KZN241%20Endumeni/KZN241%20Endumeni%20Audit%20Report%202012-13.pdf
KZN236,Imbabazane,2013,unqualified_emphasis_of_matter,Unqualified - Emphasis of Matter items,http://mfma.treasury.gov.za/Documents/07.%20Audit%20Reports/2012-13/02.%20Local%20Municipalities/KZN236%20Imbabazane/KZN236%20Imbabazane%20Audit%20report%202012-13.pdf
KZN235,Okhahlamba,2013,unqualified,Unqualified - No findings,http://mfma.treasury.gov.za/Documents/07.%20Audit%20Reports/2012-13/02.%20Local%20Municipalities/KZN235%20Okhahlamba/KZN235%20Okhahlamba%20Audit%20report%202012-13.pdf
KZN234,Umtshezi,2013,qualified,Qualified,http://mfma.treasury.gov.za/Documents/07.%20Audit%20Reports/2012-13/02.%20Local%20Municipalities/KZN234%20uMtshezi/KZN234%20Umtshezi%20Annual%20Report%202012-13.pdf
KZN233,Indaka,2013,unqualified_emphasis_of_matter,Unqualified - Emphasis of Matter items,http://mfma.treasury.gov.za/Documents/07.%20Audit%20Reports/2012-13/02.%20Local%20Municipalities/KZN233%20Indaka/KZN233%20Indaka%20Audit%20Report%202012-13.pdf
KZN232,Emnambithi/Ladysmith,2013,unqualified_emphasis_of_matter,Unqualified - Emphasis of Matter items,http://mfma.treasury.gov.za/Documents/07.%20Audit%20Reports/2012-13/02.%20Local%20Municipalities/KZN232%20Emnambithi-Ladysmith/KZN232%20Emnambithi-Ladysmith%20Audit%20Report%202012-13.pdf
KZN227,Richmond,2013,unqualified_emphasis_of_matter,Unqualified - Emphasis of Matter items,http://mfma.treasury.gov.za/Documents/07.%20Audit%20Reports/2012-13/02.%20Local%20Municipalities/KZN227%20Richmond/KZN227%20Richmond%20Audit%20report%202012-13.pdf
KZN226,Mkhambathini,2013,unqualified_emphasis_of_matter,Unqualified - Emphasis of Matter items,http://mfma.treasury.gov.za/Documents/07.%20Audit%20Reports/2012-13/02.%20Local%20Municipalities/KZN226%20Mkhambathini/KZN226%20Mkhambathini%20Audit%20report%202012-13.pdf
KZN224,Impendle,2013,unqualified_emphasis_of_matter,Unqualified - Emphasis of Matter items,http://mfma.treasury.gov.za/Documents/07.%20Audit%20Reports/2012-13/02.%20Local%20Municipalities/KZN224%20Impendle/KZN224%20Impendle%20Audit%20report%202012-13.pdf
KZN222,uMngeni,2013,unqualified_emphasis_of_matter,Unqualified - Emphasis of Matter items,http://mfma.treasury.gov.za/Documents/07.%20Audit%20Reports/2012-13/02.%20Local%20Municipalities/KZN222%20uMngeni/KZN222%20uMngeni%20Audit%20Report%202012-13.pdf
KZN221,uMshwathi,2013,unqualified_emphasis_of_matter,Unqualified - Emphasis of Matter items,http://mfma.treasury.gov.za/Documents/07.%20Audit%20Reports/2012-13/02.%20Local%20Municipalities/KZN221%20uMshwathi/KZN221%20uMshwathi%20Audit%20Report%202012-13.pdf
KZN215,Ezingoleni,2013,unqualified_emphasis_of_matter,Unqualified - Emphasis of Matter items,http://mfma.treasury.gov.za/Documents/07.%20Audit%20Reports/2012-13/02.%20Local%20Municipalities/KZN215%20Ezinqoleni/KZN215%20Ezinqoleni%20Audit%20report%202012-13.pdf
EC138,Sakhisizwe,2013,qualified,Qualified,http://mfma.treasury.gov.za/Documents/07.%20Audit%20Reports/2012-13/02.%20Local%20Municipalities/EC138%20Sakhisizwe/EC138%20Sakhisizwe%20Audit%20Report%202012-13.pdf
KZN214,uMuziwabantu,2013,unqualified_emphasis_of_matter,Unqualified - Emphasis of Matter items,http://mfma.treasury.gov.za/Documents/07.%20Audit%20Reports/2012-13/02.%20Local%20Municipalities/KZN214%20Umuziwabantu/KZN214%20Umuziwabantu%20Audit%20report%202012-13.pdf
KZN213,Umzumbe,2013,unqualified_emphasis_of_matter,Unqualified - Emphasis of Matter items,http://mfma.treasury.gov.za/Documents/07.%20Audit%20Reports/2012-13/02.%20Local%20Municipalities/KZN213%20Umzumbe/KZN213%20Umzumbe%20Audit%20report%202012-13.pdf
KZN212,Umdoni,2013,unqualified_emphasis_of_matter,Unqualified - Emphasis of Matter items,http://mfma.treasury.gov.za/Documents/07.%20Audit%20Reports/2012-13/02.%20Local%20Municipalities/KZN212%20Umdoni/KZN212%20Umdoni%20Audit%20Report%202012-13.pdf
KZN211,Vulamehlo,2013,disclaimer,Disclaimer of opinion,http://mfma.treasury.gov.za/Documents/07.%20Audit%20Reports/2012-13/02.%20Local%20Municipalities/KZN211%20Vulamehlo/KZN211%20Vulamehlo%20Audit%20Report%202012-13.pdf
GT483,Westonaria,2013,qualified,Qualified,http://mfma.treasury.gov.za/Documents/07.%20Audit%20Reports/2012-13/02.%20Local%20Municipalities/GT483%20Westonaria/GT483%20Westonaria%20Audit%20report%202012-13.pdf
GT482,Randfontein,2013,qualified,Qualified,http://mfma.treasury.gov.za/Documents/07.%20Audit%20Reports/2012-13/02.%20Local%20Municipalities/GT482%20Randfontein/GT482%20Randfontein%20Audit%20report%202012-13.pdf
GT481,Mogale City,2013,unqualified_emphasis_of_matter,Unqualified - Emphasis of Matter items,http://mfma.treasury.gov.za/Documents/07.%20Audit%20Reports/2012-13/02.%20Local%20Municipalities/GT481%20Mogale%20City/GT481%20Mogale%20City%20Audit%20report%202012-13.pdf
GT422,Midvaal,2013,unqualified_emphasis_of_matter,Unqualified - Emphasis of Matter items,http://mfma.treasury.gov.za/Documents/07.%20Audit%20Reports/2012-13/02.%20Local%20Municipalities/GT422%20Midvaal/GT422%20Midvaal%20Audit%20report%202012-13.pdf
GT421,Emfuleni,2013,unqualified_emphasis_of_matter,Unqualified - Emphasis of Matter items,http://mfma.treasury.gov.za/Documents/07.%20Audit%20Reports/2012-13/02.%20Local%20Municipalities/GT421%20Emfuleni/GT421%20Emfuleni%20Audit%20Report%202012-13.pdf
FS205,Mafube,2013,disclaimer,Disclaimer of opinion,http://mfma.treasury.gov.za/Documents/07.%20Audit%20Reports/2012-13/02.%20Local%20Municipalities/FS205%20Moqhaka/FS205%20Moqhaka%20Audit%20report%202012-13.pdf
FS203,Ngwathe,2013,disclaimer,Disclaimer of opinion,http://mfma.treasury.gov.za/Documents/07.%20Audit%20Reports/2012-13/02.%20Local%20Municipalities/FS203%20Ngwathe/FS203%20Ngwathe%20Audit%20Report%202012-13.pdf
FS201,Moqhaka,2013,disclaimer,Disclaimer of opinion,http://mfma.treasury.gov.za/Documents/07.%20Audit%20Reports/2012-13/02.%20Local%20Municipalities/FS201%20Moqhaka/FS201%20Moqhaka%20Audit%20report%202012-13.pdf
FS193,Nketoana,2013,unqualified_emphasis_of_matter,Unqualified - Emphasis of Matter items,http://mfma.treasury.gov.za/Documents/07.%20Audit%20Reports/2012-13/02.%20Local%20Municipalities/FS193%20Nketoana/FS193%20Nketoana%20Audit%20report%202012-13.pdf
FS192,Dihlabeng,2013,unqualified_emphasis_of_matter,Unqualified - Emphasis of Matter items,http://mfma.treasury.gov.za/Documents/07.%20Audit%20Reports/2012-13/02.%20Local%20Municipalities/FS192%20Dihlabeng/FS192%20Dihlabeng%20Audit%20report%202012-13.pdf
FS191,Setsoto,2013,qualified,Qualified,http://mfma.treasury.gov.za/Documents/07.%20Audit%20Reports/2012-13/02.%20Local%20Municipalities/FS191%20Setsoto/FS191%20Setsoto%20Audit%20report%202012-13.pdf
FS184,Matjhabeng,2013,disclaimer,Disclaimer of opinion,http://mfma.treasury.gov.za/Documents/07.%20Audit%20Reports/2012-13/02.%20Local%20Municipalities/FS184%20Matjhabeng/FS184%20Matjhabeng%20Audit%20report%202012-13.pdf
FS162,Kopanong,2013,qualified,Qualified,http://mfma.treasury.gov.za/Documents/07.%20Audit%20Reports/2012-13/02.%20Local%20Municipalities/FS162%20Kopanong/FS162%20Kopanong%20Audit%20Report%202012-13.pdf
FS161,Letsemeng,2013,qualified,Qualified,http://mfma.treasury.gov.za/Documents/07.%20Audit%20Reports/2012-13/02.%20Local%20Municipalities/FS161%20Letsemeng/FS161%20Letsemeng%20Audit%20report%202012-13.pdf
EC444,Ntabankulu,2013,qualified,Qualified,http://mfma.treasury.gov.za/Documents/07.%20Audit%20Reports/2012-13/02.%20Local%20Municipalities/EC444%20Ntabankulu/EC444%20Ntabankulu%20Audit%20report%202012-13.pdf
EC443,Winnie Madikizela-Mandela,2013,adverse,Adverse opinion,http://mfma.treasury.gov.za/Documents/07.%20Audit%20Reports/2012-13/02.%20Local%20Municipalities/EC443%20Mbizana/EC443%20Mbizana%20Audit%20report%202012-13.pdf
EC442,Umzimvubu,2013,unqualified_emphasis_of_matter,Unqualified - Emphasis of Matter items,http://mfma.treasury.gov.za/Documents/07.%20Audit%20Reports/2012-13/02.%20Local%20Municipalities/EC442%20Umzimvubu/EC442%20Umzimvubu%20Audit%20report%202012-13.pdf
EC441,Matatiele,2013,unqualified_emphasis_of_matter,Unqualified - Emphasis of Matter items,http://mfma.treasury.gov.za/Documents/07.%20Audit%20Reports/2012-13/02.%20Local%20Municipalities/EC441%20Matatiele/EC441%20Matatiele%20Audit%20report%202012-13.pdf
EC157,King Sabata Dalindyebo,2013,disclaimer,Disclaimer of opinion,http://mfma.treasury.gov.za/Documents/07.%20Audit%20Reports/2012-13/02.%20Local%20Municipalities/EC157%20King%20Sabata%20Dalindyebo/EC157%20King%20Sabata%20Dalindyebo%20Audit%20report%202012-13.pdf
EC155,Nyandeni,2013,unqualified_emphasis_of_matter,Unqualified - Emphasis of Matter items,http://mfma.treasury.gov.za/Documents/07.%20Audit%20Reports/2012-13/02.%20Local%20Municipalities/EC155%20Nyandeni/EC155%20Nyandeni%20Audit%20report%202012-13.pdf
EC154,Port St Johns,2013,qualified,Qualified,http://mfma.treasury.gov.za/Documents/07.%20Audit%20Reports/2012-13/02.%20Local%20Municipalities/EC154%20Port%20St%20Johns/EC154%20Port%20St%20Johns%20Audit%20Report%202012-13.pdf
EC153,Ngquza Hills,2013,unqualified_emphasis_of_matter,Unqualified - Emphasis of Matter items,http://mfma.treasury.gov.za/Documents/07.%20Audit%20Reports/2012-13/02.%20Local%20Municipalities/EC153%20Ngquza%20Hills/EC153%20Ngquza%20Hills%20Audit%20report%202012-13.pdf
EC144,Gariep,2013,adverse,Adverse opinion,http://mfma.treasury.gov.za/Documents/07.%20Audit%20Reports/2012-13/02.%20Local%20Municipalities/EC144%20Gariep/EC144%20Gariep%20Audit%20report%202012-13.pdf
EC143,Maletswai,2013,qualified,Qualified,http://mfma.treasury.gov.za/Documents/07.%20Audit%20Reports/2012-13/02.%20Local%20Municipalities/EC143%20Maletswai/EC143%20Maletswai%20Audit%20Report%202012-13.pdf
NC081,Mier,2014,qualified,Qualified,http://mfma.treasury.gov.za/Documents/07.%20Audit%20Reports/2013-14/02.%20Local%20municipalities/NC081%20Mier/NC081%20Mier%20Audit%20Report%202013-14.PDF
EC142,Senqu,2013,unqualified_emphasis_of_matter,Unqualified - Emphasis of Matter items,http://mfma.treasury.gov.za/Documents/07.%20Audit%20Reports/2012-13/02.%20Local%20Municipalities/EC142%20Senqu/EC142%20Senqu%20Audit%20report%202012-13.pdf
EC141,Elundini,2013,unqualified_emphasis_of_matter,Unqualified - Emphasis of Matter items,http://mfma.treasury.gov.za/Documents/07.%20Audit%20Reports/2012-13/02.%20Local%20Municipalities/EC141%20Elundini/EC141%20Elundini%20Audit%20report%202012-13.pdf
EC137,Dr. A.B. Xuma,2013,unqualified_emphasis_of_matter,Unqualified - Emphasis of Matter items,http://mfma.treasury.gov.za/Documents/07.%20Audit%20Reports/2012-13/02.%20Local%20Municipalities/EC137%20Engcobo/EC137%20Engcobo%20Audit%20Report%202012-13.pdf
EC136,Emalahleni (EC),2013,disclaimer,Disclaimer of opinion,http://mfma.treasury.gov.za/Documents/07.%20Audit%20Reports/2012-13/02.%20Local%20Municipalities/EC136%20Emalahleni/EC136%20Emalahleni%20Audit%20report%202012-13.pdf
EC135,Vuyisile Mini,2013,adverse,Adverse opinion,http://mfma.treasury.gov.za/Documents/07.%20Audit%20Reports/2012-13/02.%20Local%20Municipalities/EC135%20Intika%20Yethu/EC135%20Intsika%20Yethu%20Audit%20Report%202012-13.pdf
EC134,Lukanji,2013,disclaimer,Disclaimer of opinion,http://mfma.treasury.gov.za/Documents/07.%20Audit%20Reports/2012-13/02.%20Local%20Municipalities/EC134%20Lukhanji/EC134%20Lukhanji%20Audit%20Report%202012-13.pdf
EC133,Inkwanca,2013,qualified,Qualified,http://mfma.treasury.gov.za/Documents/07.%20Audit%20Reports/2012-13/02.%20Local%20Municipalities/EC133%20Inkwanca/EC133%20iNkwanca%20Audit%20report%20June%202013.pdf
EC132,Tsolwana,2013,unqualified_emphasis_of_matter,Unqualified - Emphasis of Matter items,http://mfma.treasury.gov.za/Documents/07.%20Audit%20Reports/2012-13/02.%20Local%20Municipalities/EC132%20Tsolwana/EC132%20Tsolwana%20Audit%20report%202012-13.pdf
EC131,Inxuba Yethemba,2013,disclaimer,Disclaimer of opinion,http://mfma.treasury.gov.za/Documents/07.%20Audit%20Reports/2012-13/02.%20Local%20Municipalities/EC131%20Inxuba%20Yethemba/EC131%20Inxuba%20Yethemba%20Consolidated%20Audit%20report%202012-13.pdf
EC128,Nxuba,2013,qualified,Qualified,http://mfma.treasury.gov.za/Documents/07.%20Audit%20Reports/2012-13/02.%20Local%20Municipalities/EC128%20Nxuba/EC128%20Nxuba%20Audit%20report%202012-13.pdf
EC127,Nkonkobe,2013,qualified,Qualified,http://mfma.treasury.gov.za/Documents/07.%20Audit%20Reports/2012-13/02.%20Local%20Municipalities/EC127%20Nkonkobe/EC127%20Nkonkobe%20Audit%20report%202012-13.pdf
EC126,Ngqushwa,2013,disclaimer,Disclaimer of opinion,http://mfma.treasury.gov.za/Documents/07.%20Audit%20Reports/2012-13/02.%20Local%20Municipalities/EC126%20Ngqushwa/EC126%20Ngqushwa%20Audit%20report%202012-13.pdf
EC124,Amahlathi,2013,unqualified_emphasis_of_matter,Unqualified - Emphasis of Matter items,http://mfma.treasury.gov.za/Documents/07.%20Audit%20Reports/2012-13/02.%20Local%20Municipalities/EC124%20Amahlathi/EC124%20Amahlathi%20Audit%20Report%202012-13.pdf
EC123,Great Kei,2013,adverse,Adverse opinion,http://mfma.treasury.gov.za/Documents/07.%20Audit%20Reports/2012-13/02.%20Local%20Municipalities/EC123%20Great%20Kei/EC123%20Great%20Kei%20Audit%20report%202012-13.pdf
EC122,Mnquma,2013,qualified,Qualified,http://mfma.treasury.gov.za/Documents/07.%20Audit%20Reports/2012-13/02.%20Local%20Municipalities/EC122%20Mnquma/EC122%20Mnquma%20Audit%20report%202012-13.pdf
EC121,Mbhashe,2013,qualified,Qualified,http://mfma.treasury.gov.za/Documents/07.%20Audit%20Reports/2012-13/02.%20Local%20Municipalities/EC121%20Mbhashe/EC121%20Mbhashe%20Audit%20report%202012-13.pdf
NMA,Nelson Mandela Bay,2013,qualified,Qualified,http://mfma.treasury.gov.za/Documents/07.%20Audit%20Reports/2012-13/01.%20Metros/NMA%20Nelson%20Mandela%20Bay/NMA%20Nelson%20Mandela%20Bay%20Consolidated%20Audit%20report%202012-13.pdf
EC109,Kou-Kamma,2013,qualified,Qualified,http://mfma.treasury.gov.za/Documents/07.%20Audit%20Reports/2012-13/02.%20Local%20Municipalities/EC109%20Kou-Kamma/EC109%20Koukamma%20Audit%20Report%202012-13.pdf
EC108,Kouga,2013,qualified,Qualified,http://mfma.treasury.gov.za/Documents/07.%20Audit%20Reports/2012-13/02.%20Local%20Municipalities/EC108%20Kouga/EC108%20Kouga%20Audit%20report%202012-13.pdf
JHB,City of Johannesburg,2013,unqualified_emphasis_of_matter,Unqualified - Emphasis of Matter items,http://mfma.treasury.gov.za/Documents/07.%20Audit%20Reports/2012-13/01.%20Metros/JHB%20City%20of%20Johannesburg/JHB%20City%20of%20Johannesburg%20Consolidated%20Audit%20report%202012-13.pdf
ETH,eThekwini,2013,unqualified_emphasis_of_matter,Unqualified - Emphasis of Matter items,http://mfma.treasury.gov.za/Documents/07.%20Audit%20Reports/2012-13/01.%20Metros/ETH%20eThekwini/ETH%20eThekwini%20Consolidated%20Audit%20Report%202012-13.pdf
EC107,Baviaans,2013,qualified,Qualified,http://mfma.treasury.gov.za/Documents/07.%20Audit%20Reports/2012-13/02.%20Local%20Municipalities/EC107%20Baviaans/EC107%20Baviaans%20Audit%20Report%202012-13.pdf
EC106,Sundays River Valley,2013,disclaimer,Disclaimer of opinion,http://mfma.treasury.gov.za/Documents/07.%20Audit%20Reports/2012-13/02.%20Local%20Municipalities/EC106%20Sundays%20River%20Valley/EC106%20Sundays%20River%20Valley%20Audit%20report%202012-13.pdf
BUF,Buffalo City,2013,qualified,Qualified,http://mfma.treasury.gov.za/Documents/07.%20Audit%20Reports/2012-13/01.%20Metros/BUF%20Buffalo%20City/BUF%20Buffalo%20City%20Audit%20report%202012-13.pdf
LIM341,Musina,2011,qualified,Qualified,http://mfma.treasury.gov.za/Documents/07.%20Audit%20Reports/2010-11/02.%20Local%20Municipalities/LIM341%20Musina/LIM341%20Musina%20Audit%20Report%202010-11.pdf
EC102,Blue Crane Route,2013,qualified,Qualified,http://mfma.treasury.gov.za/Documents/07.%20Audit%20Reports/2012-13/02.%20Local%20Municipalities/EC102%20Blue%20Crane%20Route/EC102%20Blue%20Crane%20Route%20Audit%20report%202012-13.pdf
EC101,Dr Beyers Naude,2013,qualified,Qualified,http://mfma.treasury.gov.za/Documents/07.%20Audit%20Reports/2012-13/02.%20Local%20Municipalities/EC101%20Camdeboo/EC101%20Camdeboo%20Audit%20report%202012-13.pdf
KZN283,Ntambanana,2011,unqualified_emphasis_of_matter,Unqualified - Emphasis of Matter items,http://mfma.treasury.gov.za/Documents/07.%20Audit%20Reports/2010-11/02.%20Local%20Municipalities/KZN283%20Ntambanana/KZN283%20Ntambanana%20Audit%20Report%202010-11.pdf
KZN282,uMhlathuze,2011,unqualified_emphasis_of_matter,Unqualified - Emphasis of Matter items,http://mfma.treasury.gov.za/Documents/07.%20Audit%20Reports/2010-11/02.%20Local%20Municipalities/KZN282%20uMhlathuze/KZN282%20uMhlathuze%20Audit%20Report%202010-11.pdf
KZN281,Mfolozi,2011,unqualified_emphasis_of_matter,Unqualified - Emphasis of Matter items,http://mfma.treasury.gov.za/Documents/07.%20Audit%20Reports/2010-11/02.%20Local%20Municipalities/KZN281%20Mfolozi/KZN281%20Mfolozi%20Audit%20Report%202010-11.pdf
KZN275,Mtubatuba,2011,unqualified_emphasis_of_matter,Unqualified - Emphasis of Matter items,http://mfma.treasury.gov.za/Documents/07.%20Audit%20Reports/2010-11/02.%20Local%20Municipalities/KZN275%20Mtubatuba/KZN275%20Mtubatuba%20Audit%20Report%202010-11.pdf
KZN274,Hlabisa,2011,qualified,Qualified,http://mfma.treasury.gov.za/Documents/07.%20Audit%20Reports/2010-11/02.%20Local%20Municipalities/KZN274%20Hlabisa/KZN274%20Hlabisa%20Audit%20Report%202010-11.pdf
KZN272,Jozini,2011,qualified,Qualified,http://mfma.treasury.gov.za/Documents/07.%20Audit%20Reports/2010-11/02.%20Local%20Municipalities/KZN272%20Jozini/KZN272%20Jozini%20Audit%20report%202010-11.pdf
MP303,Mkhondo,2016,qualified,Qualified,http://mfma.treasury.gov.za/Documents/07.%20Audit%20Reports/2015-16/02.%20Local%20municipalities/MP303%20Mkhondo/MP303%20Mkhondo%20Audit%20report%202015-16.pdf
KZN266,Ulundi,2011,unqualified_emphasis_of_matter,Unqualified - Emphasis of Matter items,http://mfma.treasury.gov.za/Documents/07.%20Audit%20Reports/2010-11/02.%20Local%20Municipalities/KZN266%20Ulundi/KZN266%20Ulundi%20Audit%20report%202010-11.pdf
KZN265,Nongoma,2011,unqualified_emphasis_of_matter,Unqualified - Emphasis of Matter items,http://mfma.treasury.gov.za/Documents/07.%20Audit%20Reports/2010-11/02.%20Local%20Municipalities/KZN265%20Nongoma/KZN265%20Nongoma%20Audit%20report%202010-11.pdf
KZN263,Abaqulusi,2011,unqualified_emphasis_of_matter,Unqualified - Emphasis of Matter items,http://mfma.treasury.gov.za/Documents/07.%20Audit%20Reports/2010-11/02.%20Local%20Municipalities/KZN263%20Abaqulusi/KZN263%20Abaqulusi%20Audit%20report%202010-11.pdf
KZN262,uPhongolo,2011,unqualified_emphasis_of_matter,Unqualified - Emphasis of Matter items,http://mfma.treasury.gov.za/Documents/07.%20Audit%20Reports/2010-11/02.%20Local%20Municipalities/KZN262%20uPhongolo/KZN262%20uPhongolo%20Audit%20Report%202010-11.pdf
KZN261,eDumbe,2011,qualified,Qualified,http://mfma.treasury.gov.za/Documents/07.%20Audit%20Reports/2010-11/02.%20Local%20Municipalities/KZN261%20eDumbe/KZN261%20eDUmbe%20Audit%20report%202010-11.pdf
KZN254,Dannhauser,2011,unqualified_emphasis_of_matter,Unqualified - Emphasis of Matter items,http://mfma.treasury.gov.za/Documents/07.%20Audit%20Reports/2010-11/02.%20Local%20Municipalities/KZN254%20Dannhauser/KZN254%20Dannhauser%20Audit%20Report%202010-11.pdf
KZN253,Emadlangeni,2011,unqualified,Unqualified - No findings,http://mfma.treasury.gov.za/Documents/07.%20Audit%20Reports/2010-11/02.%20Local%20Municipalities/KZN253%20eMadlangeni/KZN253%20Emadlangeni%20Audit%20Report%202010-11.pdf
KZN252,Newcastle,2011,qualified,Qualified,http://mfma.treasury.gov.za/Documents/07.%20Audit%20Reports/2010-11/02.%20Local%20Municipalities/KZN252%20Newcastle/KZN252%20Newcastle%20Audit%20report%202010-11.pdf
KZN245,Umvoti,2011,qualified,Qualified,http://mfma.treasury.gov.za/Documents/07.%20Audit%20Reports/2010-11/02.%20Local%20Municipalities/KZN245%20Umvoti/KZN245%20Umvoti%20Audit%20Report%202010-11.pdf
KZN244,Msinga,2011,unqualified_emphasis_of_matter,Unqualified - Emphasis of Matter items,http://mfma.treasury.gov.za/Documents/07.%20Audit%20Reports/2010-11/02.%20Local%20Municipalities/KZN244%20Msinga/KZN244%20Msinga%20Audit%20Report%202010-11.pdf
KZN242,Nquthu,2011,unqualified_emphasis_of_matter,Unqualified - Emphasis of Matter items,http://mfma.treasury.gov.za/Documents/07.%20Audit%20Reports/2010-11/02.%20Local%20Municipalities/KZN242%20Nquthu/KZN242%20Nquthu%20Audit%20Report%202010-11.pdf
LIM473,Makhuduthamaga,2011,disclaimer,Disclaimer of opinion,http://mfma.treasury.gov.za/Documents/07.%20Audit%20Reports/2010-11/02.%20Local%20Municipalities/LIM473%20Makhuduthamaga/LIM473%20Makhuduthamaga%20Audit%20Report%202010-11.pdf
LIM475,Greater Tubatse,2011,qualified,Qualified,http://mfma.treasury.gov.za/Documents/07.%20Audit%20Reports/2010-11/02.%20Local%20Municipalities/LIM475%20Greater%20Tubatse/LIM475%20Greater%20Tubatse%20Audit%20Report%202010-11.pdf
WC013,Bergrivier,2011,unqualified_emphasis_of_matter,Unqualified - Emphasis of Matter items,http://mfma.treasury.gov.za/Documents/07.%20Audit%20Reports/2010-11/02.%20Local%20Municipalities/WC013%20Bergrivier/WC013%20Bergrivier%20Audit%20Report%202010-11.pdf
WC043,Mossel Bay,2011,unqualified_emphasis_of_matter,Unqualified - Emphasis of Matter items,http://mfma.treasury.gov.za/Documents/07.%20Audit%20Reports/2010-11/02.%20Local%20Municipalities/WC043%20Mossel%20Bay/WC043%20Mossel%20Bay%20Audit%20report%202010-11.pdf
WC042,Hessequa,2011,unqualified_emphasis_of_matter,Unqualified - Emphasis of Matter items,http://mfma.treasury.gov.za/Documents/07.%20Audit%20Reports/2010-11/02.%20Local%20Municipalities/WC042%20Hessequa/WC042%20Hessequa%20Audit%20Report%202010-11.pdf
WC041,Kannaland,2011,disclaimer,Disclaimer of opinion,http://mfma.treasury.gov.za/Documents/07.%20Audit%20Reports/2010-11/02.%20Local%20Municipalities/WC041%20Kannaland/WC041%20Kannaland%20Audit%20Report%202010-11.pdf
WC034,Swellendam,2011,disclaimer,Disclaimer of opinion,http://mfma.treasury.gov.za/Documents/07.%20Audit%20Reports/2010-11/02.%20Local%20Municipalities/WC034%20Swellendam/WC034%20Swellendam%20Audit%20Report%202010-11.pdf
WC033,Cape Agulhas,2011,unqualified_emphasis_of_matter,Unqualified - Emphasis of Matter items,http://mfma.treasury.gov.za/Documents/07.%20Audit%20Reports/2010-11/02.%20Local%20Municipalities/WC033%20Cape%20Agulhas/WC033%20Cape%20Agulhas%20Audit%20Report%202010-11.pdf
WC032,Overstrand,2011,unqualified_emphasis_of_matter,Unqualified - Emphasis of Matter items,http://mfma.treasury.gov.za/Documents/07.%20Audit%20Reports/2010-11/02.%20Local%20Municipalities/WC032%20Overstrand/WC032%20Overstrand%20Audit%20Report%202010-11.pdf
WC031,Theewaterskloof,2011,unqualified_emphasis_of_matter,Unqualified - Emphasis of Matter items,http://mfma.treasury.gov.za/Documents/07.%20Audit%20Reports/2010-11/02.%20Local%20Municipalities/WC031%20Theewaterskloof/WC031%20Theewaterskloof%20Audit%20Report%202010-11.pdf
WC025,Breede Valley,2011,unqualified_emphasis_of_matter,Unqualified - Emphasis of Matter items,http://mfma.treasury.gov.za/Documents/07.%20Audit%20Reports/2010-11/02.%20Local%20Municipalities/WC025%20Breede%20Valley/WC025%20Breede%20Valley%20Audit%20Report%202010-11.pdf
WC024,Stellenbosch,2011,unqualified_emphasis_of_matter,Unqualified - Emphasis of Matter items,http://mfma.treasury.gov.za/Documents/07.%20Audit%20Reports/2010-11/02.%20Local%20Municipalities/WC024%20Stellenbosch/WC024%20Stellenbosch%20Audit%20Report%202010-11.pdf
WC023,Drakenstein,2011,unqualified_emphasis_of_matter,Unqualified - Emphasis of Matter items,http://mfma.treasury.gov.za/Documents/07.%20Audit%20Reports/2010-11/02.%20Local%20Municipalities/WC023%20Drakenstein/WC023%20Drakenstein%20Audit%20Report%202010-11.pdf
WC022,Witzenberg,2011,unqualified_emphasis_of_matter,Unqualified - Emphasis of Matter items,http://mfma.treasury.gov.za/Documents/07.%20Audit%20Reports/2010-11/02.%20Local%20Municipalities/WC022%20Witzenberg/WC022%20Witzenberg%20Audit%20report%202010-11.pdf
WC015,Swartland,2011,unqualified,Unqualified - No findings,http://mfma.treasury.gov.za/Documents/07.%20Audit%20Reports/2010-11/02.%20Local%20Municipalities/WC015%20Swartland/WC015%20Swartland%20Audit%20Report%202010-11.pdf
WC014,Saldanha Bay,2011,unqualified_emphasis_of_matter,Unqualified - Emphasis of Matter items,http://mfma.treasury.gov.za/Documents/07.%20Audit%20Reports/2010-11/02.%20Local%20Municipalities/WC014%20Saldanha%20Bay/WC014%20Saldanha%20Bay%20Audit%20report%202010-11.pdf
DC28,King Cetshwayo,2014,unqualified,Unqualified - No findings,http://mfma.treasury.gov.za/Documents/07.%20Audit%20Reports/2013-14/03.%20District%20municipalities/DC28%20uThungulu
WC011,Matzikama,2011,unqualified_emphasis_of_matter,Unqualified - Emphasis of Matter items,http://mfma.treasury.gov.za/Documents/07.%20Audit%20Reports/2010-11/02.%20Local%20Municipalities/WC011%20Matzikama/WC011%20Matzikama%20Audit%20Report%202010-11.pdf
KZN254,Dannhauser,2019,qualified,Qualified,
NW404,Maquassi Hills,2011,disclaimer,Disclaimer of opinion,http://mfma.treasury.gov.za/Documents/07.%20Audit%20Reports/2010-11/02.%20Local%20Municipalities/NW404%20Maquassi%20Hills/NW404%20Maquassi%20Hills%20Audit%20Report%202010-11.pdf
NW403,City of Matlosana,2011,disclaimer,Disclaimer of opinion,http://mfma.treasury.gov.za/Documents/07.%20Audit%20Reports/2010-11/02.%20Local%20Municipalities/NW403%20City%20of%20Matlosana/NW403%20City%20of%20Matlosana%20Audit%20Report%202010-11.pdf
WC053,Beaufort West,2011,unqualified_emphasis_of_matter,Unqualified - Emphasis of Matter items,http://mfma.treasury.gov.za/Documents/07.%20Audit%20Reports/2010-11/02.%20Local%20Municipalities/WC053%20Beaufort%20West/WC053%20Beaufort%20West%20Audit%20Report%202010-11.pdf
WC052,Prince Albert,2011,qualified,Qualified,http://mfma.treasury.gov.za/Documents/07.%20Audit%20Reports/2010-11/02.%20Local%20Municipalities/WC052%20Prince%20Albert/WC052%20Prince%20Albert%20Audit%20report%202010-11.pdf
WC051,Laingsburg,2011,qualified,Qualified,http://mfma.treasury.gov.za/Documents/07.%20Audit%20Reports/2010-11/02.%20Local%20Municipalities/WC051%20Laingsburg/WC051%20Laingsburg%20Audit%20report%202010-11.pdf
WC047,Bitou,2011,unqualified_emphasis_of_matter,Unqualified - Emphasis of Matter items,http://mfma.treasury.gov.za/Documents/07.%20Audit%20Reports/2010-11/02.%20Local%20Municipalities/WC047%20Bitou/WC047%20Bitou%20Audit%20Report%202010-11.pdf
WC045,Oudtshoorn,2011,unqualified_emphasis_of_matter,Unqualified - Emphasis of Matter items,http://mfma.treasury.gov.za/Documents/07.%20Audit%20Reports/2010-11/02.%20Local%20Municipalities/WC045%20Oudtshoorn/WC045%20Oudtshoorn%20Audit%20report%202010-11.pdf
NW396,Lekwa-Teemane,2011,disclaimer,Disclaimer of opinion,http://mfma.treasury.gov.za/Documents/07.%20Audit%20Reports/2010-11/02.%20Local%20Municipalities/NW396%20Lekwa-Teemane/NW396%20Lekwa-Teemane%20Audit%20report%202010-11.pdf
NW394,Greater Taung,2011,qualified,Qualified,http://mfma.treasury.gov.za/Documents/07.%20Audit%20Reports/2010-11/02.%20Local%20Municipalities/NW394%20Greater%20Taung/NW394%20Greater%20Taung%20Audit%20Report%202010-11.pdf
NW384,Ditsobotla,2011,disclaimer,Disclaimer of opinion,http://mfma.treasury.gov.za/Documents/07.%20Audit%20Reports/2010-11/02.%20Local%20Municipalities/NW384%20Ditsobotla/NW384%20Ditsobotla%20Audit%20report%202010-11.pdf
NC083,//Khara Hais,2011,unqualified_emphasis_of_matter,Unqualified - Emphasis of Matter items,http://mfma.treasury.gov.za/Documents/07.%20Audit%20Reports/2010-11/02.%20Local%20Municipalities/NC083%20Khara%20Hais/NC083%20Khara%20Hais%20Audit%20Report%202010-11.pdf
NC081,Mier,2011,disclaimer,Disclaimer of opinion,http://mfma.treasury.gov.za/Documents/07.%20Audit%20Reports/2010-11/02.%20Local%20Municipalities/NC081%20Mier/NC081%20Mier%20Audit%20report%202010-11.pdf
NC078,Siyancuma,2011,disclaimer,Disclaimer of opinion,http://mfma.treasury.gov.za/Documents/07.%20Audit%20Reports/2010-11/02.%20Local%20Municipalities/NC078%20Siyancuma/NC078%20Siyancuma%20Audit%20report%202010-11.pdf
NC077,Siyathemba,2011,disclaimer,Disclaimer of opinion,http://mfma.treasury.gov.za/Documents/07.%20Audit%20Reports/2010-11/02.%20Local%20Municipalities/NC077%20Siyathemba/NC077%20Siyathemba%20Audit%20Report%202010-11.pdf
NC076,Thembelihle,2011,disclaimer,Disclaimer of opinion,http://mfma.treasury.gov.za/Documents/07.%20Audit%20Reports/2010-11/02.%20Local%20Municipalities/NC076%20Thembelihle/NC076%20Thembelihle%20Audit%20report%202010-11.pdf
NC074,Kareeberg,2011,unqualified_emphasis_of_matter,Unqualified - Emphasis of Matter items,http://mfma.treasury.gov.za/Documents/07.%20Audit%20Reports/2010-11/02.%20Local%20Municipalities/NC074%20Kareeberg/NC074%20Kareeberg%20Audit%20Report%202010-11.pdf
NC073,Emthanjeni,2011,qualified,Qualified,http://mfma.treasury.gov.za/Documents/07.%20Audit%20Reports/2010-11/02.%20Local%20Municipalities/NC073%20Emthanjeni/NC073%20Emthanjeni%20Audit%20Report%202010-11.pdf
NC072,Umsobomvu,2011,disclaimer,Disclaimer of opinion,http://mfma.treasury.gov.za/Documents/07.%20Audit%20Reports/2010-11/02.%20Local%20Municipalities/NC072%20Umsobomvu/NC072%20Umsobomvu%20Audit%20report%202010-11.pdf
NC071,Ubuntu,2011,disclaimer,Disclaimer of opinion,http://mfma.treasury.gov.za/Documents/07.%20Audit%20Reports/2010-11/02.%20Local%20Municipalities/NC071%20Ubuntu/NC071%20Ubuntu%20Audit%20report%202010-11.pdf
NC067,Khai-Ma,2011,unqualified_emphasis_of_matter,Unqualified - Emphasis of Matter items,http://mfma.treasury.gov.za/Documents/07.%20Audit%20Reports/2010-11/02.%20Local%20Municipalities/NC067%20Khai-Ma/NC067%20Khai%20Ma%20Audit%20Report%202010-11.pdf
NC066,Karoo Hoogland,2011,qualified,Qualified,http://mfma.treasury.gov.za/Documents/07.%20Audit%20Reports/2010-11/02.%20Local%20Municipalities/NC066%20Karoo%20Hoogland/NC066%20Karoo%20Hoogland%20Audit%20Report%202010-11.pdf
NC065,Hantam,2011,qualified,Qualified,http://mfma.treasury.gov.za/Documents/07.%20Audit%20Reports/2010-11/02.%20Local%20Municipalities/NC065%20Hantam/NC065%20Hantam%20Audit%20report%202010-11.pdf
NC064,Kamiesberg,2011,disclaimer,Disclaimer of opinion,http://mfma.treasury.gov.za/Documents/07.%20Audit%20Reports/2010-11/02.%20Local%20Municipalities/NC064%20Kamiesberg/NC064%20Kamiesberg%20Audit%20report%202010-11.pdf
NC062,Nama Khoi,2011,disclaimer,Disclaimer of opinion,http://mfma.treasury.gov.za/Documents/07.%20Audit%20Reports/2010-11/02.%20Local%20Municipalities/NC062%20Nama%20Khoi/NC062%20Nama%20Khoi%20Audit%20Report%202010-11.pdf
NC061,Richtersveld,2011,unqualified_emphasis_of_matter,Unqualified - Emphasis of Matter items,http://mfma.treasury.gov.za/Documents/07.%20Audit%20Reports/2010-11/02.%20Local%20Municipalities/NC061%20Richtersveld/NC061%20Richtersveld%20Audit%20report%202010-11.pdf
MP324,Nkomazi,2011,disclaimer,Disclaimer of opinion,http://mfma.treasury.gov.za/Documents/07.%20Audit%20Reports/2010-11/02.%20Local%20Municipalities/MP324%20Nkomazi/MP324%20Nkomazi%20Audit%20Report%202010-11.pdf
MP323,Umjindi,2011,disclaimer,Disclaimer of opinion,http://mfma.treasury.gov.za/Documents/07.%20Audit%20Reports/2010-11/02.%20Local%20Municipalities/MP323%20uMjindi/MP323%20Umjindi%20Audit%20Report%202010-11.pdf
MP322,Mbombela,2011,unqualified_emphasis_of_matter,Unqualified - Emphasis of Matter items,http://mfma.treasury.gov.za/Documents/07.%20Audit%20Reports/2010-11/02.%20Local%20Municipalities/MP322%20Mbombela/MP322%20Mbombela%20Audit%20Report%202010-11.pdf
MP321,Thaba Chweu,2011,disclaimer,Disclaimer of opinion,http://mfma.treasury.gov.za/Documents/07.%20Audit%20Reports/2010-11/02.%20Local%20Municipalities/MP321%20Thaba%20Chweu/MP321%20Thaba%20Chweu%20Audit%20Report%202010-11.pdf
MP315,Thembisile Hani,2011,qualified,Qualified,http://mfma.treasury.gov.za/Documents/07.%20Audit%20Reports/2010-11/02.%20Local%20Municipalities/MP315%20Thembisile%20Hani/MP315%20Thembisile%20Hani%20Audit%20report%202010-11.pdf
MP314,Emakhazeni,2011,unqualified_emphasis_of_matter,Unqualified - Emphasis of Matter items,http://mfma.treasury.gov.za/Documents/07.%20Audit%20Reports/2010-11/02.%20Local%20Municipalities/MP314%20Emakhazeni/MP314%20Emakhazeni%20Audit%20Report%202010-11.pdf
MP313,Steve Tshwete,2011,unqualified,Unqualified - No findings,http://mfma.treasury.gov.za/Documents/07.%20Audit%20Reports/2010-11/02.%20Local%20Municipalities/MP313%20Steve%20Tshwete/MP313%20Steve%20Tshwete%20Audit%20Report%202010-11.pdf
MP312,Emalahleni (MP),2011,qualified,Qualified,http://mfma.treasury.gov.za/Documents/07.%20Audit%20Reports/2010-11/02.%20Local%20Municipalities/MP312%20Emalahleni/MP312%20Emalahleni%20Audit%20report%202010-11.pdf
MP311,Victor Khanye,2011,unqualified,Unqualified - No findings,http://mfma.treasury.gov.za/Documents/07.%20Audit%20Reports/2010-11/02.%20Local%20Municipalities/MP311%20Victor%20Khanye/MP311%20Victor%20Kanye%20Audit%20Report%202010-11.pdf
MP307,Govan Mbeki,2011,unqualified_emphasis_of_matter,Unqualified - Emphasis of Matter items,http://mfma.treasury.gov.za/Documents/07.%20Audit%20Reports/2010-11/02.%20Local%20Municipalities/MP307%20Govan%20Mbeki/MP307%20Govan%20Mbeki%20Audit%20report%202010-11.pdf
MP306,Dipaleseng,2011,qualified,Qualified,http://mfma.treasury.gov.za/Documents/07.%20Audit%20Reports/2010-11/02.%20Local%20Municipalities/MP306%20Govan%20Mbeki/MP306%20Govan%20Mbeki%20Audit%20Report%202010-11.pdf
MP305,Lekwa,2011,disclaimer,Disclaimer of opinion,http://mfma.treasury.gov.za/Documents/07.%20Audit%20Reports/2010-11/02.%20Local%20Municipalities/MP305%20Lekwa/MP305%20Lekwa%20Audit%20report%202010-11.pdf
MP304,Pixley Ka Seme (MP),2011,disclaimer,Disclaimer of opinion,http://mfma.treasury.gov.za/Documents/07.%20Audit%20Reports/2010-11/02.%20Local%20Municipalities/MP304%20Pixley%20Ka%20Seme/MP304%20Puxley%20Ka%20Seme%20Audit%20Report%202010-11.pdf
MP302,Msukaligwa,2011,unqualified_emphasis_of_matter,Unqualified - Emphasis of Matter items,http://mfma.treasury.gov.za/Documents/07.%20Audit%20Reports/2010-11/02.%20Local%20Municipalities/MP302%20Msukaligwa/MP302%20Msukaligwa%20Audit%20Report%202010-11.pdf
MP301,Albert Luthuli,2011,disclaimer,Disclaimer of opinion,http://mfma.treasury.gov.za/Documents/07.%20Audit%20Reports/2010-11/02.%20Local%20Municipalities/MP301%20Albert%20Luthuli/MP301%20Albert%20Luthuli%20Audit%20Report%202010-11.pdf
LIM472,Elias Motsoaledi,2011,disclaimer,Disclaimer of opinion,http://mfma.treasury.gov.za/Documents/07.%20Audit%20Reports/2010-11/02.%20Local%20Municipalities/LIM472%20Elias%20Motsoaledi/LIM472%20Elias%20Motsoaledi%20Audit%20Report%202010-11.pdf
LIM471,Ephraim Mogale,2011,qualified,Qualified,http://mfma.treasury.gov.za/Documents/07.%20Audit%20Reports/2010-11/02.%20Local%20Municipalities/LIM471%20Ephraim%20Mogale/LIM471%20Ephraim%20Mogale%20Audit%20Report%202010-11.pdf
LIM367,Mogalakwena,2011,unqualified_emphasis_of_matter,Unqualified - Emphasis of Matter items,http://mfma.treasury.gov.za/Documents/07.%20Audit%20Reports/2010-11/02.%20Local%20Municipalities/LIM367%20Mogalakwena/LIM367%20Mogalakwena%20Audit%20Report%202010-11.pdf
LIM366,Bela Bela,2011,adverse,Adverse opinion,http://mfma.treasury.gov.za/Documents/07.%20Audit%20Reports/2010-11/02.%20Local%20Municipalities/LIM366%20Bela%20Bela/LIM366%20Bela%20Bela%20Audit%20report%202010-11.pdf
LIM365,Modimolle,2011,adverse,Adverse opinion,http://mfma.treasury.gov.za/Documents/07.%20Audit%20Reports/2010-11/02.%20Local%20Municipalities/LIM365%20Modimolle/LIM365%20Modimolle%20Audit%20Report%202010-11.pdf
LIM364,Mookgopong,2011,qualified,Qualified,http://mfma.treasury.gov.za/Documents/07.%20Audit%20Reports/2010-11/02.%20Local%20Municipalities/LIM364%20Mookgophong/LIM364%20Mookgophong%20Audit%20Report%202010-11.pdf
LIM362,Lephalale,2011,qualified,Qualified,http://mfma.treasury.gov.za/Documents/07.%20Audit%20Reports/2010-11/02.%20Local%20Municipalities/LIM362%20Lephalale/LIM362%20Lephalale%20Audit%20Report%202010-11.pdf
LIM361,Thabazimbi,2011,unqualified_emphasis_of_matter,Unqualified - Emphasis of Matter items,http://mfma.treasury.gov.za/Documents/07.%20Audit%20Reports/2010-11/02.%20Local%20Municipalities/LIM361%20Thabazimbi/LIM361%20Thabazimbi%20Audit%20Report%202010-11.pdf
LIM354,Polokwane,2011,qualified,Qualified,http://mfma.treasury.gov.za/Documents/07.%20Audit%20Reports/2010-11/02.%20Local%20Municipalities/LIM354%20Polokwane/LIM354%20Polokwane%20Audit%20Report%202010-11.pdf
LIM352,Aganang,2011,adverse,Adverse opinion,http://mfma.treasury.gov.za/Documents/07.%20Audit%20Reports/2010-11/02.%20Local%20Municipalities/LIM352%20Aganang/LIM352%20Aganang%20Audit%20Report%202010-11.pdf
LIM351,Blouberg,2011,qualified,Qualified,http://mfma.treasury.gov.za/Documents/07.%20Audit%20Reports/2010-11/02.%20Local%20Municipalities/LIM351%20Blouberg/LIM351%20Blouberg%20Audit%20Report%202010-11.pdf
LIM343,Thulamela,2011,qualified,Qualified,http://mfma.treasury.gov.za/Documents/07.%20Audit%20Reports/2010-11/02.%20Local%20Municipalities/LIM343%20Thulamela/LIM343%20Thulamela%20Audit%20Report%202010-11.pdf
LIM342,Mutale,2011,qualified,Qualified,http://mfma.treasury.gov.za/Documents/07.%20Audit%20Reports/2010-11/02.%20Local%20Municipalities/LIM342%20Mutale/LIM342%20Mutale%20Audit%20Report%202010-11.pdf
LIM335,Maruleng,2011,unqualified_emphasis_of_matter,Unqualified - Emphasis of Matter items,http://mfma.treasury.gov.za/Documents/07.%20Audit%20Reports/2010-11/02.%20Local%20Municipalities/LIM335%20Maruleng/LIM335%20Maruleng%20Audit%20Report%202010-11.pdf
LIM334,Ba-Phalaborwa,2011,disclaimer,Disclaimer of opinion,http://mfma.treasury.gov.za/Documents/07.%20Audit%20Reports/2010-11/02.%20Local%20Municipalities/LIM334%20Ba-Phalaborwa/LIM334%20Ba-Phalaborwa%20Audit%20report%202010-11.pdf
LIM333,Greater Tzaneen,2011,qualified,Qualified,http://mfma.treasury.gov.za/Documents/07.%20Audit%20Reports/2010-11/02.%20Local%20Municipalities/LIM333%20Greater%20Tzaneen/LIM333%20Greater%20Tzaneen%20Audit%20report%202010-11.pdf
LIM332,Greater Letaba,2011,adverse,Adverse opinion,http://mfma.treasury.gov.za/Documents/07.%20Audit%20Reports/2010-11/02.%20Local%20Municipalities/LIM332%20Greater%20Letaba/LIM332%20Greater%20Letaba%20Audit%20Report%202010-11.pdf
KZN435,Umzimkhulu,2011,unqualified_emphasis_of_matter,Unqualified - Emphasis of Matter items,http://mfma.treasury.gov.za/Documents/07.%20Audit%20Reports/2010-11/02.%20Local%20Municipalities/KZN435%20Umzimkhulu/KZN435%20Umzimkhulu%20Audit%20Report%202010-11.pdf
KZN433,Greater Kokstad,2011,unqualified_emphasis_of_matter,Unqualified - Emphasis of Matter items,http://mfma.treasury.gov.za/Documents/07.%20Audit%20Reports/2010-11/02.%20Local%20Municipalities/KZN433%20Greater%20Kokstad/KZN433%20Greater%20Kokstad%20AFS%202010-11%20Unaudited.pdf
KZN432,Kwa Sani,2011,unqualified_emphasis_of_matter,Unqualified - Emphasis of Matter items,http://mfma.treasury.gov.za/Documents/07.%20Audit%20Reports/2010-11/02.%20Local%20Municipalities/KZN432%20Kwa%20Sani/KZN432%20Kwa%20Sani%20Audit%20Report%202010-11.pdf
KZN431,Ingwe,2011,unqualified_emphasis_of_matter,Unqualified - Emphasis of Matter items,http://mfma.treasury.gov.za/Documents/07.%20Audit%20Reports/2010-11/02.%20Local%20Municipalities/KZN431%20Ingwe/KZN431%20Ingwe%20Audit%20Report%202010-11.pdf
KZN294,Maphumulo,2011,unqualified_emphasis_of_matter,Unqualified - Emphasis of Matter items,http://mfma.treasury.gov.za/Documents/07.%20Audit%20Reports/2010-11/02.%20Local%20Municipalities/KZN294%20Maphumulo/KZN294%20Maphumulo%20Audit%20Report%202010-11.pdf
KZN293,Ndwedwe,2011,unqualified_emphasis_of_matter,Unqualified - Emphasis of Matter items,http://mfma.treasury.gov.za/Documents/07.%20Audit%20Reports/2010-11/02.%20Local%20Municipalities/KZN293%20Ndwedwe/KZN293%20Ndwedwe%20Audit%20Report%202010-11.pdf
KZN292,KwaDukuza,2011,unqualified_emphasis_of_matter,Unqualified - Emphasis of Matter items,http://mfma.treasury.gov.za/Documents/07.%20Audit%20Reports/2010-11/02.%20Local%20Municipalities/KZN292%20KwaDukuza/KZN292%20KwaDukuza%20Audit%20Report%202010-11.pdf
KZN291,Mandeni,2011,unqualified_emphasis_of_matter,Unqualified - Emphasis of Matter items,http://mfma.treasury.gov.za/Documents/07.%20Audit%20Reports/2010-11/02.%20Local%20Municipalities/KZN291%20Mandeni/KZN291%20Mandeni%20Audit%20Report%202010-11.pdf
KZN286,Nkandla,2011,unqualified_emphasis_of_matter,Unqualified - Emphasis of Matter items,http://mfma.treasury.gov.za/Documents/07.%20Audit%20Reports/2010-11/02.%20Local%20Municipalities/KZN286%20Nkandla/KZN286%20Nkandla%20Audit%20Report%202010-11.pdf
KZN285,Mthonjaneni,2011,unqualified_emphasis_of_matter,Unqualified - Emphasis of Matter items,http://mfma.treasury.gov.za/Documents/07.%20Audit%20Reports/2010-11/02.%20Local%20Municipalities/KZN285%20Mthonjaneni/KZN285%20Mthonjaneni%20Audit%20Report%202010-11.pdf
KZN284,uMlalazi,2011,unqualified_emphasis_of_matter,Unqualified - Emphasis of Matter items,http://mfma.treasury.gov.za/Documents/07.%20Audit%20Reports/2010-11/02.%20Local%20Municipalities/KZN284%20uMlalazi/KZN284%20uMlalazi%20Audit%20Report%202010-11.pdf
KZN241,Endumeni,2011,unqualified_emphasis_of_matter,Unqualified - Emphasis of Matter items,http://mfma.treasury.gov.za/Documents/07.%20Audit%20Reports/2010-11/02.%20Local%20Municipalities/KZN241%20Endumeni/KZN241%20Endumeni%20Audit%20Report%202010-11.pdf
MP313,Steve Tshwete,2017,unqualified_emphasis_of_matter,Unqualified - Emphasis of Matter items,http://mfma.treasury.gov.za/Documents/07.%20Audit%20Reports/2016-17/02.%20Local%20municipalities/MP313%20Steve%20Tshwete/MP313%20Steve%20Tshwete%20Audit%20report%202016-17.pdf
KZN235,Okhahlamba,2011,unqualified_emphasis_of_matter,Unqualified - Emphasis of Matter items,http://mfma.treasury.gov.za/Documents/07.%20Audit%20Reports/2010-11/02.%20Local%20Municipalities/KZN235%20Okhahlamba/KZN235%20Okhahlamba%20Audit%20Report%202010-11.pdf
KZN234,Umtshezi,2011,unqualified,Unqualified - No findings,http://mfma.treasury.gov.za/Documents/07.%20Audit%20Reports/2010-11/02.%20Local%20Municipalities/KZN234%20Umtshezi/KZN234%20Umtshezi%20Audit%20report%202010-11.pdf
KZN232,Emnambithi/Ladysmith,2011,unqualified_emphasis_of_matter,Unqualified - Emphasis of Matter items,http://mfma.treasury.gov.za/Documents/07.%20Audit%20Reports/2010-11/02.%20Local%20Municipalities/KZN232%20EmnambithiLadysmith/KZN232%20Emnambithi-Ladismith%20Audit%20Report%202010-11.pdf
KZN227,Richmond,2011,unqualified,Unqualified - No findings,http://mfma.treasury.gov.za/Documents/07.%20Audit%20Reports/2010-11/02.%20Local%20Municipalities/KZN227%20Richmond/KZN227%20Richmond%20Audit%20Report%202010-11.pdf
KZN226,Mkhambathini,2011,unqualified_emphasis_of_matter,Unqualified - Emphasis of Matter items,http://mfma.treasury.gov.za/Documents/07.%20Audit%20Reports/2010-11/02.%20Local%20Municipalities/KZN226%20Mkhambathini/KZN226%20Mkhambathini%20Audit%20Report%202010-11.pdf
KZN225,Msunduzi,2011,unqualified_emphasis_of_matter,Unqualified - Emphasis of Matter items,http://mfma.treasury.gov.za/Documents/07.%20Audit%20Reports/2010-11/02.%20Local%20Municipalities/KZN225%20Msunduzi/KZN225%20Msunduzi%20Audit%20Report%202010-11.pdf
KZN222,uMngeni,2011,unqualified_emphasis_of_matter,Unqualified - Emphasis of Matter items,http://mfma.treasury.gov.za/Documents/07.%20Audit%20Reports/2010-11/02.%20Local%20Municipalities/KZN222%20uMngeni/KZN222%20uMngeni%20Audit%20Report%202010-11.pdf
KZN216,Ray Nkonyeni,2011,unqualified_emphasis_of_matter,Unqualified - Emphasis of Matter items,http://mfma.treasury.gov.za/Documents/07.%20Audit%20Reports/2010-11/02.%20Local%20Municipalities/KZN216%20Hibiscus%20Coast/KZN216%20Hibiscus%20Coast%20Audit%20Report%202010-11.pdf
KZN215,Ezingoleni,2011,unqualified_emphasis_of_matter,Unqualified - Emphasis of Matter items,http://mfma.treasury.gov.za/Documents/07.%20Audit%20Reports/2010-11/02.%20Local%20Municipalities/KZN215%20Ezinqoleni/KZN215%20Ezinqoleni%20Audit%20Report%202010-11.pdf
KZN214,uMuziwabantu,2011,unqualified_emphasis_of_matter,Unqualified - Emphasis of Matter items,http://mfma.treasury.gov.za/Documents/07.%20Audit%20Reports/2010-11/02.%20Local%20Municipalities/KZN214%20Umuziwabantu/KZN214%20uMuziwabantu%20Audit%20Report%202010-11.pdf
KZN212,Umdoni,2011,unqualified,Unqualified - No findings,http://mfma.treasury.gov.za/Documents/07.%20Audit%20Reports/2010-11/02.%20Local%20Municipalities/KZN212%20uMdoni/KZN212%20uMdoni%20Audit%20Report%202010-11.pdf
EC144,Gariep,2015,qualified,Qualified,http://mfma.treasury.gov.za/Documents/07.%20Audit%20Reports/2014-15/02.%20Local%20municipalities/EC144%20Gariep
KZN211,Vulamehlo,2011,unqualified_emphasis_of_matter,Unqualified - Emphasis of Matter items,http://mfma.treasury.gov.za/Documents/07.%20Audit%20Reports/2010-11/02.%20Local%20Municipalities/KZN211%20Vulamehlo/KZN211%20Vulamehlo%20Audit%20report%202010-11.pdf
GT484,Merafong City,2011,unqualified_emphasis_of_matter,Unqualified - Emphasis of Matter items,http://mfma.treasury.gov.za/Documents/07.%20Audit%20Reports/2010-11/02.%20Local%20Municipalities/GT484%20Merafong%20City/GT484%20Merafong%20City%20Audit%20Report%202010-11.pdf
GT483,Westonaria,2011,unqualified_emphasis_of_matter,Unqualified - Emphasis of Matter items,http://mfma.treasury.gov.za/Documents/07.%20Audit%20Reports/2010-11/02.%20Local%20Municipalities/GT483%20Westonaria/GT483%20Westonaria%20Audit%20Report%202010-11.pdf
GT482,Randfontein,2011,qualified,Qualified,http://mfma.treasury.gov.za/Documents/07.%20Audit%20Reports/2010-11/02.%20Local%20Municipalities/GT482%20Randfontein/GT482%20Randfontein%20Audit%20Report%202010-11.pdf
GT481,Mogale City,2011,qualified,Qualified,http://mfma.treasury.gov.za/Documents/07.%20Audit%20Reports/2010-11/02.%20Local%20Municipalities/GT481%20Mogale%20City/GT481%20Mogale%20City%20Audit%20Report%202010-11.pdf
CPT,Cape Town,2013,unqualified,Unqualified - No findings,http://mfma.treasury.gov.za/Documents/07.%20Audit%20Reports/2012-13/01.%20Metros/CPT%20Cape%20Town
GT423,Lesedi,2011,unqualified_emphasis_of_matter,Unqualified - Emphasis of Matter items,http://mfma.treasury.gov.za/Documents/07.%20Audit%20Reports/2010-11/02.%20Local%20Municipalities/GT423%20Lesedi/GT423%20Lesedi%20Audit%20Report%202010-11.pdf
GT422,Midvaal,2011,unqualified_emphasis_of_matter,Unqualified - Emphasis of Matter items,http://mfma.treasury.gov.za/Documents/07.%20Audit%20Reports/2010-11/02.%20Local%20Municipalities/GT422%20Midvaal/GT422%20Midvaal%20Audit%20report%202010-11.pdf
GT421,Emfuleni,2011,qualified,Qualified,http://mfma.treasury.gov.za/Documents/07.%20Audit%20Reports/2010-11/02.%20Local%20Municipalities/GT421%20Emfuleni/GT421%20Emfuleni%20Audit%20report%202010-11.pdf
MP303,Mkhondo,2015,qualified,Qualified,http://mfma.treasury.gov.za/Documents/07.%20Audit%20Reports/2014-15/02.%20Local%20municipalities/MP303%20Mkhondo/MP303%20Mkhondo%20Audit%20report%202014-15.pdf
FS205,Mafube,2011,disclaimer,Disclaimer of opinion,http://mfma.treasury.gov.za/Documents/07.%20Audit%20Reports/2010-11/02.%20Local%20Municipalities/FS205%20Mafube/FS205%20Mafube%20Audit%20Report%202010-11.pdf
FS204,Metsimaholo,2011,disclaimer,Disclaimer of opinion,http://mfma.treasury.gov.za/Documents/07.%20Audit%20Reports/2010-11/02.%20Local%20Municipalities/FS204%20Metsimaholo/FS204%20Metsimaholo%20Audit%20Report%202010-11.pdf
FS203,Ngwathe,2011,disclaimer,Disclaimer of opinion,http://mfma.treasury.gov.za/Documents/07.%20Audit%20Reports/2010-11/02.%20Local%20Municipalities/FS203%20Ngwathe/FS203%20Ngwathe%20Audit%20Report%202010-11.pdf
FS201,Moqhaka,2011,disclaimer,Disclaimer of opinion,http://mfma.treasury.gov.za/Documents/07.%20Audit%20Reports/2010-11/02.%20Local%20Municipalities/FS201%20Moqhaka/FS201%20Moqhaka%20Audit%20Report%202010-11.pdf
FS195,Phumelela,2011,adverse,Adverse opinion,http://mfma.treasury.gov.za/Documents/07.%20Audit%20Reports/2010-11/02.%20Local%20Municipalities/FS195%20Phumelela/FS195%20Phumemlela%20Audit%20Report%202010-11.pdf
FS194,Maluti-a-Phofung,2011,disclaimer,Disclaimer of opinion,http://mfma.treasury.gov.za/Documents/07.%20Audit%20Reports/2010-11/02.%20Local%20Municipalities/FS194%20Maluti-a-Phofung/FS194%20Maluti-a-Phofung%20Audit%20report%202010-11.pdf
FS193,Nketoana,2011,unqualified_emphasis_of_matter,Unqualified - Emphasis of Matter items,http://mfma.treasury.gov.za/Documents/07.%20Audit%20Reports/2010-11/02.%20Local%20Municipalities/FS193%20Nketoana/FS193%20Nketoana%20Audit%20Report%202010-11.pdf
FS192,Dihlabeng,2011,qualified,Qualified,http://mfma.treasury.gov.za/Documents/07.%20Audit%20Reports/2010-11/02.%20Local%20Municipalities/FS192%20Dihlabeng/FS192%20Dihlabeng%20Audit%20Report%202010-11.pdf
FS191,Setsoto,2011,adverse,Adverse opinion,http://mfma.treasury.gov.za/Documents/07.%20Audit%20Reports/2010-11/02.%20Local%20Municipalities/FS191%20Setsoto/FS191%20Setsoto%20Audit%20Report%202010-11.pdf
FS183,Tswelopele,2011,qualified,Qualified,http://mfma.treasury.gov.za/Documents/07.%20Audit%20Reports/2010-11/02.%20Local%20Municipalities/FS183%20Tswelopele/FS183%20Tswelopele%20Audit%20Report%202010-11.pdf
FS182,Tokologo,2011,disclaimer,Disclaimer of opinion,http://mfma.treasury.gov.za/Documents/07.%20Audit%20Reports/2010-11/02.%20Local%20Municipalities/FS182%20Tokologo/FS182%20Tokologe%20Audit%20report%202010-11.pdf
FS164,Naledi,2011,disclaimer,Disclaimer of opinion,http://mfma.treasury.gov.za/Documents/07.%20Audit%20Reports/2010-11/02.%20Local%20Municipalities/FS164%20Naledi/FS164%20Naledi%20Audit%20report%202010-11.pdf
FS163,Mohokare,2011,disclaimer,Disclaimer of opinion,http://mfma.treasury.gov.za/Documents/07.%20Audit%20Reports/2010-11/02.%20Local%20Municipalities/FS163%20Mohokare/FS163%20Mohokare%20Audit%20report%202010-11.pdf
FS162,Kopanong,2011,disclaimer,Disclaimer of opinion,http://mfma.treasury.gov.za/Documents/07.%20Audit%20Reports/2010-11/02.%20Local%20Municipalities/FS162%20Kopanong/FS162%20Kopanong%20Audit%20Report%202010-11.pdf
FS161,Letsemeng,2011,disclaimer,Disclaimer of opinion,http://mfma.treasury.gov.za/Documents/07.%20Audit%20Reports/2010-11/02.%20Local%20Municipalities/FS161%20Letsemeng/FS161%20Letsemeng%20Audit%20report%202010-11.pdf
EC444,Ntabankulu,2011,qualified,Qualified,http://mfma.treasury.gov.za/Documents/07.%20Audit%20Reports/2010-11/02.%20Local%20Municipalities/EC444%20Ntabankulu/EC444%20Ntabankulu%20Audit%20report%202010-11.pdf
EC443,Winnie Madikizela-Mandela,2011,disclaimer,Disclaimer of opinion,http://mfma.treasury.gov.za/Documents/07.%20Audit%20Reports/2010-11/02.%20Local%20Municipalities/EC443%20Mbizana/EC443%20Mbizana%20Audit%20Report%202010-11.pdf
EC157,King Sabata Dalindyebo,2011,disclaimer,Disclaimer of opinion,http://mfma.treasury.gov.za/Documents/07.%20Audit%20Reports/2010-11/02.%20Local%20Municipalities/EC157%20King%20Sebata%20Dalindyebo/EC157%20King%20Sebata%20Dalindyebo%20Audit%20report%202010-11.pdf
EC155,Nyandeni,2011,disclaimer,Disclaimer of opinion,http://mfma.treasury.gov.za/Documents/07.%20Audit%20Reports/2010-11/02.%20Local%20Municipalities/EC155%20Nyandeni/EC155%20Nyandeni%20Audit%20Report%202010-11.pdf
EC153,Ngquza Hills,2011,unqualified_emphasis_of_matter,Unqualified - Emphasis of Matter items,http://mfma.treasury.gov.za/Documents/07.%20Audit%20Reports/2010-11/02.%20Local%20Municipalities/EC153%20Ngquza%20Hills/EC153%20Ingquza%20Hill%20Audit%20Report%202010-11.pdf
EC144,Gariep,2011,qualified,Qualified,http://mfma.treasury.gov.za/Documents/07.%20Audit%20Reports/2010-11/02.%20Local%20Municipalities/EC144%20Gariep/EC144%20Gariep%20Audit%20Report%202010-11.pdf
EC142,Senqu,2011,unqualified_emphasis_of_matter,Unqualified - Emphasis of Matter items,http://mfma.treasury.gov.za/Documents/07.%20Audit%20Reports/2010-11/02.%20Local%20Municipalities/EC142%20Senqu/EC142%20Senqu%20Audit%20Report%202010-11.pdf
MP316,Dr J.S. Moroka,2017,qualified,Qualified,http://mfma.treasury.gov.za/Documents/07.%20Audit%20Reports/2016-17/02.%20Local%20municipalities/MP316%20Dr%20J.S%20Moroka/MP316%20Dr%20J%20S%20Moroka%20Audit%20report%202016-17.pdf
EC141,Elundini,2011,unqualified_emphasis_of_matter,Unqualified - Emphasis of Matter items,http://mfma.treasury.gov.za/Documents/07.%20Audit%20Reports/2010-11/02.%20Local%20Municipalities/EC141%20Elundini/EC141%20Elundini%20Audit%20Report%202010-11.pdf
EC138,Sakhisizwe,2011,qualified,Qualified,http://mfma.treasury.gov.za/Documents/07.%20Audit%20Reports/2010-11/02.%20Local%20Municipalities/EC138%20Sakhisizwe/EC138%20Sakhisizwe%20Audit%20Report%202010-11.pdf
TSH,City of Tshwane,2011,unqualified_emphasis_of_matter,Unqualified - Emphasis of Matter items,http://mfma.treasury.gov.za/Documents/07.%20Audit%20Reports/2010-11/01.%20Metros/TSH%20City%20of%20Tshwane/TSH%20City%20of%20Tshwane%20Consolidated%20Audit%20Report%202010-11.pdf
EC137,Dr. A.B. Xuma,2011,disclaimer,Disclaimer of opinion,http://mfma.treasury.gov.za/Documents/07.%20Audit%20Reports/2010-11/02.%20Local%20Municipalities/EC137%20Engcobo/EC137%20Engcobo%20Audit%20Report%202010-11.pdf
NMA,Nelson Mandela Bay,2011,unqualified_emphasis_of_matter,Unqualified - Emphasis of Matter items,http://mfma.treasury.gov.za/Documents/07.%20Audit%20Reports/2010-11/01.%20Metros/NMA%20Nelson%20Mandela%20Bay/NMA%20Nelson%20Mandela%20Bay%20Consolidated%20Audit%20Report%202010-11.pdf
MAN,Mangaung,2011,disclaimer,Disclaimer of opinion,http://mfma.treasury.gov.za/Documents/07.%20Audit%20Reports/2010-11/01.%20Metros/MAN%20Mangaung/MAN%20Mangaung%20Consolidated%20Audit%20Report%202010-11.pdf
EC135,Vuyisile Mini,2011,disclaimer,Disclaimer of opinion,http://mfma.treasury.gov.za/Documents/07.%20Audit%20Reports/2010-11/02.%20Local%20Municipalities/EC135%20Intsika%20Yethu/EC135%20Intsika%20Yethu%20Audit%20report%202010-11.pdf
EC134,Lukanji,2011,disclaimer,Disclaimer of opinion,http://mfma.treasury.gov.za/Documents/07.%20Audit%20Reports/2010-11/02.%20Local%20Municipalities/EC134%20Lukhanji/EC134%20Lukhanji%20Audit%20Report%202010-11.pdf
JHB,City of Johannesburg,2011,qualified,Qualified,http://mfma.treasury.gov.za/Documents/07.%20Audit%20Reports/2010-11/01.%20Metros/JHB%20City%20of%20Johannesburg/JHB%20City%20of%20Johannesburg%20Consolidated%20Audit%20Report%202010-11.pdf
ETH,eThekwini,2011,unqualified_emphasis_of_matter,Unqualified - Emphasis of Matter items,http://mfma.treasury.gov.za/Documents/07.%20Audit%20Reports/2010-11/01.%20Metros/ETH%20eThekwini/ETH%20eThekwini%20Consolidated%20Audit%20Report%202010-11.pdf
EC133,Inkwanca,2011,disclaimer,Disclaimer of opinion,http://mfma.treasury.gov.za/Documents/07.%20Audit%20Reports/2010-11/02.%20Local%20Municipalities/EC133%20Inkwanca/EC133%20Inkwanca%20Audit%20Report%202010-11.pdf
EC132,Tsolwana,2011,unqualified_emphasis_of_matter,Unqualified - Emphasis of Matter items,http://mfma.treasury.gov.za/Documents/07.%20Audit%20Reports/2010-11/02.%20Local%20Municipalities/EC132%20Tsolwana/EC132%20Tsolwana%20Audit%20report%202010-11.pdf
CPT,Cape Town,2011,unqualified_emphasis_of_matter,Unqualified - Emphasis of Matter items,http://mfma.treasury.gov.za/Documents/07.%20Audit%20Reports/2010-11/01.%20Metros/CPT%20Cape%20Town/CPT%20Cape%20Town%20Audit%20report%202010-11.pdf
EC131,Inxuba Yethemba,2011,qualified,Qualified,http://mfma.treasury.gov.za/Documents/07.%20Audit%20Reports/2010-11/02.%20Local%20Municipalities/EC131%20Inxuba%20Yethemba/EC131%20Inxuba%20Yethemba%20Audit%20Report%202010-11.pdf
EC127,Nkonkobe,2011,qualified,Qualified,http://mfma.treasury.gov.za/Documents/07.%20Audit%20Reports/2010-11/02.%20Local%20Municipalities/EC127%20Nkonkobe/EC127%20Nkonkobe%20Consolidated%20Audit%20Report%202010-11.pdf
EC126,Ngqushwa,2011,disclaimer,Disclaimer of opinion,http://mfma.treasury.gov.za/Documents/07.%20Audit%20Reports/2010-11/02.%20Local%20Municipalities/EC126%20Ngqushwa/EC126%20Ngqushwa%20Audit%20Report%202011-12.pdf
EC124,Amahlathi,2011,qualified,Qualified,http://mfma.treasury.gov.za/Documents/07.%20Audit%20Reports/2010-11/02.%20Local%20Municipalities/EC124%20Amahlathi/EC124%20Amahlathi%20Audit%20Report%202010-11.pdf
EC123,Great Kei,2011,disclaimer,Disclaimer of opinion,http://mfma.treasury.gov.za/Documents/07.%20Audit%20Reports/2010-11/02.%20Local%20Municipalities/EC123%20Great%20Kei/EC123%20Great%20Kei%20Audit%20Report%202010-11.pdf
EC122,Mnquma,2011,unqualified_emphasis_of_matter,Unqualified - Emphasis of Matter items,http://mfma.treasury.gov.za/Documents/07.%20Audit%20Reports/2010-11/02.%20Local%20Municipalities/EC122%20Mnquma/EC122%20Mnquma%20Audit%20Report%202010-11.pdf
EC121,Mbhashe,2011,qualified,Qualified,http://mfma.treasury.gov.za/Documents/07.%20Audit%20Reports/2010-11/02.%20Local%20Municipalities/EC121%20Mbhashe/EC121%20Mbhashe%20Audit%20report%202010-11.pdf
EC109,Kou-Kamma,2011,disclaimer,Disclaimer of opinion,http://mfma.treasury.gov.za/Documents/07.%20Audit%20Reports/2010-11/02.%20Local%20Municipalities/EC109%20Koukamma/EC109%20Koukamma%20Audit%20Report%202010-11.pdf
EC108,Kouga,2011,disclaimer,Disclaimer of opinion,http://mfma.treasury.gov.za/Documents/07.%20Audit%20Reports/2010-11/02.%20Local%20Municipalities/EC108%20Kouga/EC108%20Kouga%20Consolidated%20Audit%20Report%202010-11.pdf
EC107,Baviaans,2011,disclaimer,Disclaimer of opinion,http://mfma.treasury.gov.za/Documents/07.%20Audit%20Reports/2010-11/02.%20Local%20Municipalities/EC107%20Baviaans/EC107%20Baviaans%20Audit%20Report%202010-11.pdf
EC106,Sundays River Valley,2011,qualified,Qualified,http://mfma.treasury.gov.za/Documents/07.%20Audit%20Reports/2010-11/02.%20Local%20Municipalities/EC106%20Sundays%20River%20Valley/EC106%20Sundays%20River%20Valley%20Audit%20Report%202010-11.pdf
EC105,Ndlambe,2011,qualified,Qualified,http://mfma.treasury.gov.za/Documents/07.%20Audit%20Reports/2010-11/02.%20Local%20Municipalities/EC105%20Ndlambe/EC105%20Ndlambe%20Audit%20Report%202010-11.pdf
EC104,Makana,2011,disclaimer,Disclaimer of opinion,http://mfma.treasury.gov.za/Documents/07.%20Audit%20Reports/2010-11/02.%20Local%20Municipalities/EC104%20Makana/EC104%20Makana%20Audit%20Report%202010-11.pdf
EC103,Ikwezi,2011,qualified,Qualified,http://mfma.treasury.gov.za/Documents/07.%20Audit%20Reports/2010-11/02.%20Local%20Municipalities/EC103%20Ikwezi/EC103%20Ikwezi%20Audit%20Repoert%202010-11.pdf
EC102,Blue Crane Route,2011,unqualified_emphasis_of_matter,Unqualified - Emphasis of Matter items,http://mfma.treasury.gov.za/Documents/07.%20Audit%20Reports/2010-11/02.%20Local%20Municipalities/EC102%20Blue%20Crane/EC102%20Blue%20Crane%20Route%20Audit%20Report%202010-11.pdf
JHB,City of Johannesburg,2012,qualified,Qualified,http://mfma.treasury.gov.za/Documents/07.%20Audit%20Reports/2011-12/01.%20Metros/JHB%20City%20of%20Johannesburg/JHB%20City%20of%20Johannesburg%20Consolidated%20Audit%20Report%202011-12.pdf
ETH,eThekwini,2012,unqualified_emphasis_of_matter,Unqualified - Emphasis of Matter items,http://mfma.treasury.gov.za/Documents/07.%20Audit%20Reports/2011-12/01.%20Metros/ETH%20eThekwini/ETH%20eThekwini%20Consolidated%20Audit%20report%202011-12.pdf
EKU,City of Ekurhuleni,2012,unqualified_emphasis_of_matter,Unqualified - Emphasis of Matter items,http://mfma.treasury.gov.za/Documents/07.%20Audit%20Reports/2011-12/01.%20Metros/EKU%20Ekurhuleni%20Metro/EKU%20Ekurhuleni%20Metro%20Audit%20Report%202011-12.pdf
CPT,Cape Town,2012,unqualified_emphasis_of_matter,Unqualified - Emphasis of Matter items,http://mfma.treasury.gov.za/Documents/07.%20Audit%20Reports/2011-12/01.%20Metros/CPT%20Cape%20Town/CPT%20Cape%20Town%20Consolidated%20Audit%20Report%202011-12.pdf
BUF,Buffalo City,2012,qualified,Qualified,http://mfma.treasury.gov.za/Documents/07.%20Audit%20Reports/2011-12/01.%20Metros/BUF%20Buffalo%20City/BUF%20Buffalo%20City%20Consolidated%20Audit%20Report%202011-12.pdf
DC7,Pixley Ka Seme (NC),2014,unqualified_emphasis_of_matter,Unqualified - Emphasis of Matter items,http://mfma.treasury.gov.za/Documents/07.%20Audit%20Reports/2013-14/03.%20District%20municipalities/DC7%20Pixley%20Ka%20Seme/DC7%20Pixley%20Ka%20Seme%20Audit%20report%202013-14.pdf
DC6,Namakwa,2014,unqualified_emphasis_of_matter,Unqualified - Emphasis of Matter items,http://mfma.treasury.gov.za/Documents/07.%20Audit%20Reports/2013-14/03.%20District%20municipalities/DC6%20Namakwa/DC6%20Namakwa%20Audit%20Report%202013-14.pdf
DC45,John Taolo Gaetsewe,2014,unqualified_emphasis_of_matter,Unqualified - Emphasis of Matter items,http://mfma.treasury.gov.za/Documents/07.%20Audit%20Reports/2013-14/03.%20District%20municipalities/DC45%20John%20Taolo%20Gaetsewe/DC45%20John%20Taolo%20Audit%20report%202013-14.pdf
DC44,Alfred Nzo,2014,qualified,Qualified,http://mfma.treasury.gov.za/Documents/07.%20Audit%20Reports/2013-14/03.%20District%20municipalities/DC44%20Alfred%20Nzo/DC44%20Alfred%20Nzo%20Audit%20Report%202013-14.pdf
DC43,Harry Gwala,2014,unqualified_emphasis_of_matter,Unqualified - Emphasis of Matter items,http://mfma.treasury.gov.za/Documents/07.%20Audit%20Reports/2013-14/03.%20District%20municipalities/DC43%20Harry%20Gwala/DC43%20Harry%20Gwala%20Audit%20report%202013-14.pdf
DC42,Sedibeng,2014,unqualified,Unqualified - No findings,http://mfma.treasury.gov.za/Documents/07.%20Audit%20Reports/2013-14/03.%20District%20municipalities/DC42%20Sedibeng/DC42%20Sedibeng%20Audit%20report%202013-14.pdf
DC4,Garden Route,2014,unqualified,Unqualified - No findings,http://mfma.treasury.gov.za/Documents/07.%20Audit%20Reports/2013-14/03.%20District%20municipalities/DC4%20Eden/DC4%20Eden%20Audit%20report%202013-14.pdf
MP302,Msukaligwa,2019,adverse,Adverse opinion,
DC36,Waterberg,2014,unqualified_emphasis_of_matter,Unqualified - Emphasis of Matter items,http://mfma.treasury.gov.za/Documents/07.%20Audit%20Reports/2013-14/03.%20District%20municipalities/DC36%20Waterberg/DC36%20Waterberg%20Audit%20report%202013-14.pdf
DC35,Capricorn,2014,unqualified_emphasis_of_matter,Unqualified - Emphasis of Matter items,http://mfma.treasury.gov.za/Documents/07.%20Audit%20Reports/2013-14/03.%20District%20municipalities/DC35%20Capricorn/DC35%20Capricorn%20Audit%20report%202013-14.pdf
DC34,Vhembe,2014,disclaimer,Disclaimer of opinion,http://mfma.treasury.gov.za/Documents/07.%20Audit%20Reports/2013-14/03.%20District%20municipalities/DC34%20Vhembe/DC34%20Vhembe%20Audit%20report%202013-14.pdf
DC31,Nkangala,2014,unqualified_emphasis_of_matter,Unqualified - Emphasis of Matter items,http://mfma.treasury.gov.za/Documents/07.%20Audit%20Reports/2013-14/03.%20District%20municipalities/DC31%20Nkangala/DC31%20Nkangala%20Audit%20report%202013-14.pdf
DC30,Gert Sibande,2014,qualified,Qualified,http://mfma.treasury.gov.za/Documents/07.%20Audit%20Reports/2013-14/03.%20District%20municipalities/DC30%20Gert%20Sibande/DC30%20Gert%20Sibande%20Audit%20report%202013-14.pdf
DC3,Overberg,2014,unqualified_emphasis_of_matter,Unqualified - Emphasis of Matter items,http://mfma.treasury.gov.za/Documents/07.%20Audit%20Reports/2013-14/03.%20District%20municipalities/DC3%20Overberg/DC3%20Overberg%20Audit%20report%202013-14.pdf
DC29,iLembe,2014,unqualified,Unqualified - No findings,http://mfma.treasury.gov.za/Documents/07.%20Audit%20Reports/2013-14/03.%20District%20municipalities/DC29%20iLembe/DC29%20iLembe%20Audit%20Report%202013-14.pdf
DC27,Umkhanyakude,2014,qualified,Qualified,http://mfma.treasury.gov.za/Documents/07.%20Audit%20Reports/2013-14/03.%20District%20municipalities/DC27%20Umkhanyakude/DC27%20Umkhanyakude%20Audited%20Report%202013-14.pdf
DC26,Zululand,2014,unqualified,Unqualified - No findings,http://mfma.treasury.gov.za/Documents/07.%20Audit%20Reports/2013-14/03.%20District%20municipalities/DC26%20Zululand/DC26%20Zululand%20Audit%20report%202013-14.pdf
DC25,Amajuba,2014,disclaimer,Disclaimer of opinion,http://mfma.treasury.gov.za/Documents/07.%20Audit%20Reports/2013-14/03.%20District%20municipalities/DC25%20Amajuba/DC25%20Amajuba%20Audit%20report%202013-14.pdf
DC24,Umzinyathi,2014,unqualified_emphasis_of_matter,Unqualified - Emphasis of Matter items,http://mfma.treasury.gov.za/Documents/07.%20Audit%20Reports/2013-14/03.%20District%20municipalities/DC24%20uMzinyathi/DC24%20Umzinyathi%20Audit%20Report%202013-14.pdf
DC23,Uthukela,2014,qualified,Qualified,http://mfma.treasury.gov.za/Documents/07.%20Audit%20Reports/2013-14/03.%20District%20municipalities/DC23%20Uthukela/DC23%20uThukela%20Audit%20report%202013-14.pdf
DC22,uMgungundlovu,2014,unqualified,Unqualified - No findings,http://mfma.treasury.gov.za/Documents/07.%20Audit%20Reports/2013-14/03.%20District%20municipalities/DC22%20uMgungundlovu/DC22%20uMgungundlovu%20Audit%20Report%202013-14.pdf
DC21,Ugu,2014,qualified,Qualified,http://mfma.treasury.gov.za/Documents/07.%20Audit%20Reports/2013-14/03.%20District%20municipalities/DC21%20Ugu/DC21%20Ugu%20Audit%20Report%202013-14.pdf
DC20,Fezile Dabi,2014,qualified,Qualified,http://mfma.treasury.gov.za/Documents/07.%20Audit%20Reports/2013-14/03.%20District%20municipalities/DC20%20Fezile%20Dabi/DC20%20Fezile%20Dabi%20Audit%20Report%202013-14.pdf
DC2,Cape Winelands DM,2014,unqualified,Unqualified - No findings,http://mfma.treasury.gov.za/Documents/07.%20Audit%20Reports/2013-14/03.%20District%20municipalities/DC2%20Cape%20Winelands/DC2%20Cape%20Winelands%20Audit%20report%202013-14.pdf
DC16,Xhariep,2014,qualified,Qualified,http://mfma.treasury.gov.za/Documents/07.%20Audit%20Reports/2013-14/03.%20District%20municipalities/DC16%20Xhariep/DC16%20Xhariep%20Audit%20report%202013-14.pdf
DC15,O R Tambo,2014,disclaimer,Disclaimer of opinion,http://mfma.treasury.gov.za/Documents/07.%20Audit%20Reports/2013-14/03.%20District%20municipalities/DC15%20O%20R%20Tambo/DC15%20O%20R%20Tambo%20Audit%20report%202013-14.pdf
DC14,Joe Gqabi,2014,unqualified_emphasis_of_matter,Unqualified - Emphasis of Matter items,http://mfma.treasury.gov.za/Documents/07.%20Audit%20Reports/2013-14/03.%20District%20municipalities/DC14%20Joe%20Gqabi/DC14%20Joe%20Gqabi%20Audit%20Report%202013-14.pdf
DC13,Chris Hani,2014,qualified,Qualified,http://mfma.treasury.gov.za/Documents/07.%20Audit%20Reports/2013-14/03.%20District%20municipalities/DC13%20Chris%20Hani/DC13%20Chris%20Hani%20Audit%20report%202013-14.pdf
DC12,Amathole,2014,unqualified_emphasis_of_matter,Unqualified - Emphasis of Matter items,http://mfma.treasury.gov.za/Documents/07.%20Audit%20Reports/2013-14/03.%20District%20municipalities/DC12%20Amathole/DC12%20Amathole%20Consolidated%20Audit%20Report%202013-14.pdf
DC10,Sarah Baartman,2014,unqualified,Unqualified - No findings,http://mfma.treasury.gov.za/Documents/07.%20Audit%20Reports/2013-14/03.%20District%20municipalities/DC10%20Sarah%20Baartman/DC10%20Sarah%20Baartman%20Audit%20report%202013-14.pdf
DC1,West Coast,2014,unqualified,Unqualified - No findings,http://mfma.treasury.gov.za/Documents/07.%20Audit%20Reports/2013-14/03.%20District%20municipalities/DC1%20West%20Coast/DC1%20West%20Coast%20Audit%20report%202013-14.pdf
MP314,Emakhazeni,2017,qualified,Qualified,http://mfma.treasury.gov.za/Documents/07.%20Audit%20Reports/2016-17/02.%20Local%20municipalities/MP314%20Emakhazeni/MP314%20Emakhazeni%20Audit%20Report%202016-17.pdf
NW383,Mafikeng,2011,disclaimer,Disclaimer of opinion,http://mfma.treasury.gov.za/Documents/07.%20Audit%20Reports/2010-11/02.%20Local%20Municipalities/NW383%20Mafikeng/NW383%20Mafikeng%20Audit%20Report%202010-11.pdf
NW381,Ratlou,2011,unqualified_emphasis_of_matter,Unqualified - Emphasis of Matter items,http://mfma.treasury.gov.za/Documents/07.%20Audit%20Reports/2010-11/02.%20Local%20Municipalities/NW381%20Ratlou/NW381%20Ratlou%20Audit%20Report%202010-11.pdf
NW375,Moses Kotane,2011,disclaimer,Disclaimer of opinion,http://mfma.treasury.gov.za/Documents/07.%20Audit%20Reports/2010-11/02.%20Local%20Municipalities/NW375%20Moses%20Kotane/NW375%20Moses%20Kotane%20Audit%20report%202010-11.pdf
NW374,Kgetlengrivier,2011,disclaimer,Disclaimer of opinion,http://mfma.treasury.gov.za/Documents/07.%20Audit%20Reports/2010-11/02.%20Local%20Municipalities/NW374%20Kgetlengrivier/NW374%20Kgetlengrivier%20Audit%20report%202010-11.pdf
NW372,Madibeng,2011,disclaimer,Disclaimer of opinion,http://mfma.treasury.gov.za/Documents/07.%20Audit%20Reports/2010-11/02.%20Local%20Municipalities/NW372%20Madibeng/NW372%20Madibeng%20Audit%20report%202010-11.pdf
NW371,Moretele,2011,disclaimer,Disclaimer of opinion,http://mfma.treasury.gov.za/Documents/07.%20Audit%20Reports/2010-11/02.%20Local%20Municipalities/NW371%20Moretele/NW371%20Moretele%20Audit%20report%202010-11.pdf
NC453,Gamagara,2011,unqualified_emphasis_of_matter,Unqualified - Emphasis of Matter items,http://mfma.treasury.gov.za/Documents/07.%20Audit%20Reports/2010-11/02.%20Local%20Municipalities/NC453%20Gamagara/NC453%20Gamagara%20Audit%20Report%202010-11.pdf
NC452,Ga-Segonyana,2011,disclaimer,Disclaimer of opinion,http://mfma.treasury.gov.za/Documents/07.%20Audit%20Reports/2010-11/02.%20Local%20Municipalities/NC452%20Ga-Segonyana/NC452%20Ga-Segonyana%20Audit%20report%202010-11.pdf
NC451,Joe Morolong,2011,disclaimer,Disclaimer of opinion,http://mfma.treasury.gov.za/Documents/07.%20Audit%20Reports/2010-11/02.%20Local%20Municipalities/NC451%20Joe%20Morolong/NC451%20Joe%20Morolong%20Audit%20report%202010-11.pdf
NC094,Phokwane,2011,disclaimer,Disclaimer of opinion,http://mfma.treasury.gov.za/Documents/07.%20Audit%20Reports/2010-11/02.%20Local%20Municipalities/NC094%20Phokwane/NC094%20Phokwane%20Audit%20Report%202010-11.pdf
NC093,Magareng,2011,disclaimer,Disclaimer of opinion,http://mfma.treasury.gov.za/Documents/07.%20Audit%20Reports/2010-11/02.%20Local%20Municipalities/NC093%20Magareng/NC093%20Magareng%20Audit%20report%202010-11.pdf
NC092,Dikgatlong,2011,disclaimer,Disclaimer of opinion,http://mfma.treasury.gov.za/Documents/07.%20Audit%20Reports/2010-11/02.%20Local%20Municipalities/NC092%20Dikgatlong/NC092%20Dikgatlong%20Audit%20Report%202010-11.pdf
NC091,Sol Plaatje,2011,qualified,Qualified,http://mfma.treasury.gov.za/Documents/07.%20Audit%20Reports/2010-11/02.%20Local%20Municipalities/NC091%20Sol%20Plaatje/NC091%20Sol%20Plaatje%20Audit%20Report%202010-11.pdf
NC086,Kgatelopele,2011,disclaimer,Disclaimer of opinion,http://mfma.treasury.gov.za/Documents/07.%20Audit%20Reports/2010-11/02.%20Local%20Municipalities/NC086%20Kgatelopele/NC086%20Kgatelopele%20Audit%20report%202010-11.pdf
MP315,Thembisile Hani,2017,unqualified_emphasis_of_matter,Unqualified - Emphasis of Matter items,http://mfma.treasury.gov.za/Documents/07.%20Audit%20Reports/2016-17/02.%20Local%20municipalities/MP315%20Thembisile%20Hani/MP315%20Thembisile%20Hani%20Audit%20report%202016-17.pdf
DC9,Frances Baard,2011,qualified,Qualified,http://mfma.treasury.gov.za/Documents/07.%20Audit%20Reports/2010-11/03.%20District%20Municipalities/DC9%20Frances%20Baard/DC9%20Frances%20Baard%20Audit%20Report%202010-11.pdf
DC8,Z F Mgcawu,2011,unqualified_emphasis_of_matter,Unqualified - Emphasis of Matter items,http://mfma.treasury.gov.za/Documents/07.%20Audit%20Reports/2010-11/03.%20District%20Municipalities/DC8%20Siyanda/DC8%20Siyanda%20Audit%20Report%202010-11.pdf
DC7,Pixley Ka Seme (NC),2011,unqualified_emphasis_of_matter,Unqualified - Emphasis of Matter items,http://mfma.treasury.gov.za/Documents/07.%20Audit%20Reports/2010-11/03.%20District%20Municipalities/DC7%20Pixley%20Ka%20Seme/DC7%20Pixley%20Ka%20Seme%20Audit%20report%202010-11.pdf
DC6,Namakwa,2011,unqualified_emphasis_of_matter,Unqualified - Emphasis of Matter items,http://mfma.treasury.gov.za/Documents/07.%20Audit%20Reports/2010-11/03.%20District%20Municipalities/DC6%20Namakwa/DC6%20Namakwa%20Audit%20Report%202010-11.pdf
DC5,Central Karoo,2011,unqualified_emphasis_of_matter,Unqualified - Emphasis of Matter items,http://mfma.treasury.gov.za/Documents/07.%20Audit%20Reports/2010-11/03.%20District%20Municipalities/DC5%20Central%20Karoo/DC5%20Central%20Karoo%20Audit%20Report%202010-11.pdf
DC48,West Rand,2011,unqualified_emphasis_of_matter,Unqualified - Emphasis of Matter items,http://mfma.treasury.gov.za/Documents/07.%20Audit%20Reports/2010-11/03.%20District%20Municipalities/DC48%20West%20Rand/DC48%20West%20Rand%20Audit%20Report%202010-11.pdf
DC47,Sekhukhune,2011,disclaimer,Disclaimer of opinion,http://mfma.treasury.gov.za/Documents/07.%20Audit%20Reports/2010-11/03.%20District%20Municipalities/DC47%20Sekhukhune/DC47%20Sekhukhune%20Audit%20Report%202010-11.pdf
DC45,John Taolo Gaetsewe,2011,qualified,Qualified,http://mfma.treasury.gov.za/Documents/07.%20Audit%20Reports/2010-11/03.%20District%20Municipalities/DC45%20John%20Taolo%20Gaetsewe/DC45%20John%20Taolo%20Gaetsewe%20Audit%20Report%202010-11.pdf
DC44,Alfred Nzo,2011,disclaimer,Disclaimer of opinion,http://mfma.treasury.gov.za/Documents/07.%20Audit%20Reports/2010-11/03.%20District%20Municipalities/DC44%20Alfred%20Nzo/DC44%20Alfred%20Nzo%20Audit%20report%202010-11.pdf
DC43,Harry Gwala,2011,unqualified_emphasis_of_matter,Unqualified - Emphasis of Matter items,http://mfma.treasury.gov.za/Documents/07.%20Audit%20Reports/2010-11/03.%20District%20Municipalities/DC43%20Sisonke/DC43%20Sisonke%20Audit%20Report%202010-11.pdf
DC42,Sedibeng,2011,unqualified_emphasis_of_matter,Unqualified - Emphasis of Matter items,http://mfma.treasury.gov.za/Documents/07.%20Audit%20Reports/2010-11/03.%20District%20Municipalities/DC42%20Sedibeng/DC42%20Sedibeng%20Audit%20Report%202010-11.pdf
MP321,Thaba Chweu,2017,disclaimer,Disclaimer of opinion,http://mfma.treasury.gov.za/Documents/07.%20Audit%20Reports/2016-17/02.%20Local%20municipalities/MP321%20Thaba%20Chweu/MP321%20Thaba%20Chweu%20Audit%20report%202016-17.pdf
MP324,Nkomazi,2017,unqualified_emphasis_of_matter,Unqualified - Emphasis of Matter items,http://mfma.treasury.gov.za/Documents/07.%20Audit%20Reports/2016-17/02.%20Local%20municipalities/MP324%20Nkomazi/MP324%20Nkomazi%20Audit%20report%202016-17.pdf
MP325,Bushbuckridge,2017,unqualified_emphasis_of_matter,Unqualified - Emphasis of Matter items,http://mfma.treasury.gov.za/Documents/07.%20Audit%20Reports/2016-17/02.%20Local%20municipalities/MP325%20Bushbuckridge/MP325%20Bushbuckridge%20Audit%20report%202016-17.pdf
WC044,George,2011,unqualified_emphasis_of_matter,Unqualified - Emphasis of Matter items,http://mfma.treasury.gov.za/Documents/07.%20Audit%20Reports/2010-11/02.%20Local%20Municipalities/WC044%20George/WC044%20George%20Audit%20Report%202010-11.PDF
MP326,City of Mbombela,2017,unqualified_emphasis_of_matter,Unqualified - Emphasis of Matter items,http://mfma.treasury.gov.za/Documents/07.%20Audit%20Reports/2016-17/02.%20Local%20municipalities/MP326%20City%20of%20Mbombela/MP326%20City%20of%20Mbombela%20Audit%20report%202016-17.pdf
NC061,Richtersveld,2017,qualified,Qualified,http://mfma.treasury.gov.za/Documents/07.%20Audit%20Reports/2016-17/02.%20Local%20municipalities/NC061%20Richtersveld/NC061%20Richtersveld%20Audit%20report%202016-17.pdf
NC064,Kamiesberg,2017,unqualified_emphasis_of_matter,Unqualified - Emphasis of Matter items,http://mfma.treasury.gov.za/Documents/07.%20Audit%20Reports/2016-17/02.%20Local%20municipalities/NC064%20Kamiesberg/NC064%20Kamiesberg%20Audit%20report%202016-17.pdf
NC065,Hantam,2017,qualified,Qualified,http://mfma.treasury.gov.za/Documents/07.%20Audit%20Reports/2016-17/02.%20Local%20municipalities/NC065%20Hantam/NC065%20Hantam%20Audit%20report%202016-17.pdf
NC066,Karoo Hoogland,2017,qualified,Qualified,http://mfma.treasury.gov.za/Documents/07.%20Audit%20Reports/2016-17/02.%20Local%20municipalities/NC066%20Karoo%20Hoogland/NC066%20Karoo%20Hoogland%20Audit%20report%202016-17.pdf
NC074,Kareeberg,2017,unqualified_emphasis_of_matter,Unqualified - Emphasis of Matter items,http://mfma.treasury.gov.za/Documents/07.%20Audit%20Reports/2016-17/02.%20Local%20municipalities/NC074%20Kareeberg/NC074%20Kareeberg%20Audit%20report%202016-17.pdf
NC078,Siyancuma,2017,qualified,Qualified,http://mfma.treasury.gov.za/Documents/07.%20Audit%20Reports/2016-17/02.%20Local%20municipalities/NC078%20Siyancuma/NC078%20Siyancuma%20Audit%20report%202016-17.pdf
MP306,Dipaleseng,2019,disclaimer,Disclaimer of opinion,
NC087,Dawid Kruiper,2017,unqualified_emphasis_of_matter,Unqualified - Emphasis of Matter items,http://mfma.treasury.gov.za/Documents/07.%20Audit%20Reports/2016-17/02.%20Local%20municipalities/NC087%20Dawid%20Kruiper/NC087%20Dawid%20Kruiper%20Audit%20report%202016-17.pdf
NC091,Sol Plaatje,2017,unqualified_emphasis_of_matter,Unqualified - Emphasis of Matter items,http://mfma.treasury.gov.za/Documents/07.%20Audit%20Reports/2016-17/02.%20Local%20municipalities/NC091%20Sol%20Plaatje/NC091%20Sol%20Plaatje%20Audit%20report%202016-17.pdf
NC092,Dikgatlong,2017,qualified,Qualified,http://mfma.treasury.gov.za/Documents/07.%20Audit%20Reports/2016-17/02.%20Local%20municipalities/NC092%20Dikgatlong/NC092%20Dikgatlong%20Audit%20report%202016-17.pdf
NC093,Magareng,2017,qualified,Qualified,http://mfma.treasury.gov.za/Documents/07.%20Audit%20Reports/2016-17/02.%20Local%20municipalities/NC093%20Magareng/NC093%20Magareng%20Audit%20report%202016-17.pdf
NC094,Phokwane,2017,outstanding,Outstanding,http://mfma.treasury.gov.za/Documents/07.%20Audit%20Reports/2016-17/02.%20Local%20municipalities/NC094%20Phokwane/NC094%20Phokwane%20Audit%20report%202016-17.pdf
NC451,Joe Morolong,2017,disclaimer,Disclaimer of opinion,http://mfma.treasury.gov.za/Documents/07.%20Audit%20Reports/2016-17/02.%20Local%20municipalities/NC451%20Joe%20Morolong/NC451%20Joe%20Morolong%20Audit%20report%202016-17.pdf
NC452,Ga-Segonyana,2017,qualified,Qualified,http://mfma.treasury.gov.za/Documents/07.%20Audit%20Reports/2016-17/02.%20Local%20municipalities/NC452%20Ga-Segonyana/NC452%20Ga-Segonyana%20Audit%20report%202016-17.pdf
NW371,Moretele,2017,qualified,Qualified,http://mfma.treasury.gov.za/Documents/07.%20Audit%20Reports/2016-17/02.%20Local%20municipalities/NW371%20Moretele/NW371%20Moretele%20Audit%20report%202016-17.pdf
NW372,Madibeng,2017,disclaimer,Disclaimer of opinion,http://mfma.treasury.gov.za/Documents/07.%20Audit%20Reports/2016-17/02.%20Local%20municipalities/NW372%20Madibeng/NW372%20Madibeng%20Audit%20report%202016-17.pdf
NW373,Rustenburg,2017,qualified,Qualified,http://mfma.treasury.gov.za/Documents/07.%20Audit%20Reports/2016-17/02.%20Local%20municipalities/NW373%20Rustenburg/NW373%20Rustenburg%20Audit%20report%202016-17.pdf
NW374,Kgetlengrivier,2017,unqualified_emphasis_of_matter,Unqualified - Emphasis of Matter items,http://mfma.treasury.gov.za/Documents/07.%20Audit%20Reports/2016-17/02.%20Local%20municipalities/NW374%20Kgetlengrivier/NW374%20Kgetlengrivier%20Audit%20report%202016-17.pdf
NW375,Moses Kotane,2017,disclaimer,Disclaimer of opinion,http://mfma.treasury.gov.za/Documents/07.%20Audit%20Reports/2016-17/02.%20Local%20municipalities/NW375%20Moses%20Kotane/NW375%20Moses%20Kotane%20Audit%20report%202016-17.pdf
NW381,Ratlou,2017,qualified,Qualified,http://mfma.treasury.gov.za/Documents/07.%20Audit%20Reports/2016-17/02.%20Local%20municipalities/NW381%20Ratlou/NW381%20Ratlou%20Audit%20report%202016-17.pdf
NW382,Tswaing,2017,qualified,Qualified,http://mfma.treasury.gov.za/Documents/07.%20Audit%20Reports/2016-17/02.%20Local%20municipalities/NW382%20Tswaing/NW382%20Tswaing%20Audit%20report%202016-17.pdf
NW383,Mafikeng,2017,qualified,Qualified,http://mfma.treasury.gov.za/Documents/07.%20Audit%20Reports/2016-17/02.%20Local%20municipalities/NW383%20Mafikeng/NW383%20Mafikeng%20Audit%20report%202016-17.pdf
NW384,Ditsobotla,2017,disclaimer,Disclaimer of opinion,http://mfma.treasury.gov.za/Documents/07.%20Audit%20Reports/2016-17/02.%20Local%20municipalities/NW384%20Ditsobotla/NW384%20Ditsobotla%20Audit%20report%202016-17.pdf
NW385,Ramotshere Moiloa,2017,qualified,Qualified,http://mfma.treasury.gov.za/Documents/07.%20Audit%20Reports/2016-17/02.%20Local%20municipalities/NW385%20Ramotshere%20Moiloa/NW385%20Ramotshere%20Moiloa%20Audit%20report%202016-17.pdf
NW392,Naledi (NW),2017,qualified,Qualified,http://mfma.treasury.gov.za/Documents/07.%20Audit%20Reports/2016-17/02.%20Local%20municipalities/NW392%20Naledi/NW392%20Naledi%20Audit%20report%202016-17.pdf
DC4,Garden Route,2015,unqualified,Unqualified - No findings,http://mfma.treasury.gov.za/Documents/07.%20Audit%20Reports/2014-15/03.%20District%20municipalities/DC4%20Eden/DC4%20Eden%20Audit%20report%202014-15.pdf
NW393,Mamusa,2017,disclaimer,Disclaimer of opinion,http://mfma.treasury.gov.za/Documents/07.%20Audit%20Reports/2016-17/02.%20Local%20municipalities/NW393%20Mamusa/NW393%20Mamusa%20Audit%20report%202016-17.pdf
NW394,Greater Taung,2017,qualified,Qualified,http://mfma.treasury.gov.za/Documents/07.%20Audit%20Reports/2016-17/02.%20Local%20municipalities/NW394%20Greater%20Taung/NW394%20Greater%20Taung%20Audit%20report%202016-17.pdf
NW396,Lekwa-Teemane,2017,disclaimer,Disclaimer of opinion,http://mfma.treasury.gov.za/Documents/07.%20Audit%20Reports/2016-17/02.%20Local%20municipalities/NW396%20Lekwa-Teemane/NW396%20Lekwa-Teemane%20Audit%20report%202016-17.pdf
NW397,Kagisano-Molopo,2017,qualified,Qualified,http://mfma.treasury.gov.za/Documents/07.%20Audit%20Reports/2016-17/02.%20Local%20municipalities/NW397%20Kagisano-Molopo/NW397%20Kagisano-Molopo%20Audit%20report%202016-17.pdf
NW403,City of Matlosana,2017,qualified,Qualified,http://mfma.treasury.gov.za/Documents/07.%20Audit%20Reports/2016-17/02.%20Local%20municipalities/NW403%20City%20Of%20Matlosana/NW403%20City%20of%20Matlosana%20Audit%20report%202016-17.pdf
NW404,Maquassi Hills,2017,qualified,Qualified,http://mfma.treasury.gov.za/Documents/07.%20Audit%20Reports/2016-17/02.%20Local%20municipalities/NW404%20Maquassi%20Hills/NW404%20Maquassi%20Hills%20Audit%20report%202016-17.pdf
WC011,Matzikama,2017,unqualified,Unqualified - No findings,http://mfma.treasury.gov.za/Documents/07.%20Audit%20Reports/2016-17/02.%20Local%20municipalities/WC011%20Matzikama/WC011%20Matzikama%20Audit%20Report%202016-17.pdf
WC012,Cederberg,2017,unqualified,Unqualified - No findings,http://mfma.treasury.gov.za/Documents/07.%20Audit%20Reports/2016-17/02.%20Local%20municipalities/WC012%20Cederberg/WC012%20Cederberg%20Audit%20Report%202016-17.pdf
WC013,Bergrivier,2017,unqualified,Unqualified - No findings,http://mfma.treasury.gov.za/Documents/07.%20Audit%20Reports/2016-17/02.%20Local%20municipalities/WC013%20Bergrivier/WC013%20Bergrivier%20Audit%20report%202016-17.pdf
WC014,Saldanha Bay,2017,unqualified,Unqualified - No findings,http://mfma.treasury.gov.za/Documents/07.%20Audit%20Reports/2016-17/02.%20Local%20municipalities/WC014%20Saldanha%20Bay/WC014%20Saldanha%20Bay%20Audit%20Report%202016-17.pdf
WC015,Swartland,2017,unqualified,Unqualified - No findings,http://mfma.treasury.gov.za/Documents/07.%20Audit%20Reports/2016-17/02.%20Local%20municipalities/WC015%20Swartland/WC015%20Swartland%20Audit%20report%202016-17.pdf
WC023,Drakenstein,2017,unqualified,Unqualified - No findings,http://mfma.treasury.gov.za/Documents/07.%20Audit%20Reports/2016-17/02.%20Local%20municipalities/WC023%20Drakenstein/WC023%20Drakenstein%20Audit%20report%202016-17.pdf
WC024,Stellenbosch,2017,unqualified,Unqualified - No findings,http://mfma.treasury.gov.za/Documents/07.%20Audit%20Reports/2016-17/02.%20Local%20municipalities/WC024%20Stellenbosch/WC024%20Stellenbosch%20Audit%20report%202016-17.pdf
NW384,Ditsobotla,2019,disclaimer,Disclaimer of opinion,
WC025,Breede Valley,2017,unqualified,Unqualified - No findings,http://mfma.treasury.gov.za/Documents/07.%20Audit%20Reports/2016-17/02.%20Local%20municipalities/WC025%20Breede%20Valley/WC025%20Breede%20Valley%20Audit%20report%202016-17.pdf
WC026,Langeberg,2017,unqualified,Unqualified - No findings,http://mfma.treasury.gov.za/Documents/07.%20Audit%20Reports/2016-17/02.%20Local%20municipalities/WC026%20Langeberg/WC026%20Langeberg%20Audit%20report%202016-17.pdf
WC031,Theewaterskloof,2017,unqualified,Unqualified - No findings,http://mfma.treasury.gov.za/Documents/07.%20Audit%20Reports/2016-17/02.%20Local%20municipalities/WC031%20Theewaterskloof/WC031%20Theewaterskloof%20Audit%20report%202016-17.pdf
WC032,Overstrand,2017,unqualified,Unqualified - No findings,http://mfma.treasury.gov.za/Documents/07.%20Audit%20Reports/2016-17/02.%20Local%20municipalities/WC032%20Overstrand/WC032%20Overstrand%20Audit%20report%202016-17.pdf
WC033,Cape Agulhas,2017,unqualified,Unqualified - No findings,http://mfma.treasury.gov.za/Documents/07.%20Audit%20Reports/2016-17/02.%20Local%20municipalities/WC033%20Cape%20Agulhas/WC033%20Cape%20Agulhas%20Audit%20Report%202016-17.pdf
WC034,Swellendam,2017,unqualified,Unqualified - No findings,http://mfma.treasury.gov.za/Documents/07.%20Audit%20Reports/2016-17/02.%20Local%20municipalities/WC034%20Swellendam/WC034%20Swellendam%20Audit%20report%202016-17.pdf
WC042,Hessequa,2017,unqualified,Unqualified - No findings,http://mfma.treasury.gov.za/Documents/07.%20Audit%20Reports/2016-17/02.%20Local%20municipalities/WC042%20Hessequa/WC042%20Hessequa%20Audit%20report%202016-17.pdf
WC043,Mossel Bay,2017,unqualified,Unqualified - No findings,http://mfma.treasury.gov.za/Documents/07.%20Audit%20Reports/2016-17/02.%20Local%20municipalities/WC043%20Mossel%20Bay/WC043%20Mossel%20Bay%20Audit%20report%202016-17.pdf
WC044,George,2017,unqualified,Unqualified - No findings,http://mfma.treasury.gov.za/Documents/07.%20Audit%20Reports/2016-17/02.%20Local%20municipalities/WC044%20George/WC044%20George%20Audit%20report%202016-17.pdf
WC045,Oudtshoorn,2017,qualified,Qualified,http://mfma.treasury.gov.za/Documents/07.%20Audit%20Reports/2016-17/02.%20Local%20municipalities/WC045%20Oudtshoorn/WC045%20Oudtshoorn%20Audit%20report%202016-17.pdf
WC047,Bitou,2017,unqualified_emphasis_of_matter,Unqualified - Emphasis of Matter items,http://mfma.treasury.gov.za/Documents/07.%20Audit%20Reports/2016-17/02.%20Local%20municipalities/WC047%20Bitou/WC047%20Bitou%20Audit%20report%202016-17.pdf
WC051,Laingsburg,2017,qualified,Qualified,http://mfma.treasury.gov.za/Documents/07.%20Audit%20Reports/2016-17/02.%20Local%20municipalities/WC051%20Laingsburg/WC051%20Laingsburg%20Audit%20report%202016-17.pdf
WC052,Prince Albert,2017,unqualified,Unqualified - No findings,http://mfma.treasury.gov.za/Documents/07.%20Audit%20Reports/2016-17/02.%20Local%20municipalities/WC052%20Prince%20Albert/WC052%20Prince%20Albert%20Audit%20report%202016-17.pdf
WC053,Beaufort West,2017,disclaimer,Disclaimer of opinion,http://mfma.treasury.gov.za/Documents/07.%20Audit%20Reports/2016-17/02.%20Local%20municipalities/WC053%20Beaufort%20West/WC053%20Beaufort%20West%20Audit%20Report%202016-17.pdf
DC10,Sarah Baartman,2017,unqualified_emphasis_of_matter,Unqualified - Emphasis of Matter items,http://mfma.treasury.gov.za/Documents/07.%20Audit%20Reports/2016-17/03.%20District%20municipalities/DC10%20Sarah%20Baartman/DC10%20Sarah%20Baartman%20Audit%20report%202016-17.pdf
DC12,Amathole,2017,qualified,Qualified,http://mfma.treasury.gov.za/Documents/07.%20Audit%20Reports/2016-17/03.%20District%20municipalities/DC12%20Amathole/DC12%20Amathole%20Consolidated%20Audit%20report%202016-17.pdf
DC13,Chris Hani,2017,qualified,Qualified,http://mfma.treasury.gov.za/Documents/07.%20Audit%20Reports/2016-17/03.%20District%20municipalities/DC13%20Chris%20Hani/DC13%20Chris%20Hani%20Audit%20report%202016-17.pdf
DC14,Joe Gqabi,2017,unqualified_emphasis_of_matter,Unqualified - Emphasis of Matter items,http://mfma.treasury.gov.za/Documents/07.%20Audit%20Reports/2016-17/03.%20District%20municipalities/DC14%20Joe%20Gqabi/DC14%20Joe%20Gqabi%20Audit%20report%202016-17.pdf
DC19,Thabo Mofutsanyana,2017,unqualified_emphasis_of_matter,Unqualified - Emphasis of Matter items,http://mfma.treasury.gov.za/Documents/07.%20Audit%20Reports/2016-17/03.%20District%20municipalities/DC19%20Thabo%20Mofutsanyana/DC19%20Thabo%20Mofutsanyana%20Audit%20report%202016-17.pdf
DC2,Cape Winelands DM,2017,unqualified,Unqualified - No findings,http://mfma.treasury.gov.za/Documents/07.%20Audit%20Reports/2016-17/03.%20District%20municipalities/DC2%20Cape%20Winelands/DC2%20Cape%20Winelands%20Audit%20report%202016-17.pdf
DC21,Ugu,2017,qualified,Qualified,http://mfma.treasury.gov.za/Documents/07.%20Audit%20Reports/2016-17/03.%20District%20municipalities/DC21%20Ugu/DC21%20Ugu%20Audit%20Report%202016-17.pdf
DC22,uMgungundlovu,2017,unqualified_emphasis_of_matter,Unqualified - Emphasis of Matter items,http://mfma.treasury.gov.za/Documents/07.%20Audit%20Reports/2016-17/03.%20District%20municipalities/DC22%20Umgungundlovu/DC22%20uMgungundlovu%20Audit%20report%202016-17.pdf
DC23,Uthukela,2017,qualified,Qualified,http://mfma.treasury.gov.za/Documents/07.%20Audit%20Reports/2016-17/03.%20District%20municipalities/DC23%20Uthukela/DC23%20Uthukela%20Audit%20report%202016-17.pdf
DC24,Umzinyathi,2017,adverse,Adverse opinion,http://mfma.treasury.gov.za/Documents/07.%20Audit%20Reports/2016-17/03.%20District%20municipalities/DC24%20Umzinyathi/DC24%20Umzinyathi%20Audit%20report%202016-17.pdf
DC25,Amajuba,2017,qualified,Qualified,http://mfma.treasury.gov.za/Documents/07.%20Audit%20Reports/2016-17/03.%20District%20municipalities/DC25%20Amajuba/DC25%20Amajuba%20Audit%20report%202016-17.pdf
DC26,Zululand,2017,unqualified_emphasis_of_matter,Unqualified - Emphasis of Matter items,http://mfma.treasury.gov.za/Documents/07.%20Audit%20Reports/2016-17/03.%20District%20municipalities/DC26%20Zululand/DC26%20Zululand%20Audit%20Report%202016-17.pdf
DC28,King Cetshwayo,2017,qualified,Qualified,http://mfma.treasury.gov.za/Documents/07.%20Audit%20Reports/2016-17/03.%20District%20municipalities/DC28%20King%20Cetshwayo/DC28%20King%20Cetshwayo%20Audit%20report%202016-17.pdf
DC29,iLembe,2017,unqualified_emphasis_of_matter,Unqualified - Emphasis of Matter items,http://mfma.treasury.gov.za/Documents/07.%20Audit%20Reports/2016-17/03.%20District%20municipalities/DC29%20ilembe/DC29%20iLembe%20Audit%20report%202016-17.pdf
DC3,Overberg,2017,unqualified,Unqualified - No findings,http://mfma.treasury.gov.za/Documents/07.%20Audit%20Reports/2016-17/03.%20District%20municipalities/DC3%20Overberg/DC3%20Overberg%20Audit%20Report%202016-17.pdf
DC30,Gert Sibande,2017,unqualified_emphasis_of_matter,Unqualified - Emphasis of Matter items,http://mfma.treasury.gov.za/Documents/07.%20Audit%20Reports/2016-17/03.%20District%20municipalities/DC30%20Gert%20Sibande/DC30%20Gert%20Sibande%20Audit%20report%202016-17.pdf
DC31,Nkangala,2017,unqualified,Unqualified - No findings,http://mfma.treasury.gov.za/Documents/07.%20Audit%20Reports/2016-17/03.%20District%20municipalities/DC31%20Nkangala/DC31%20Nkangala%20Audit%20report%202016-17.pdf
DC32,Ehlanzeni,2017,unqualified,Unqualified - No findings,http://mfma.treasury.gov.za/Documents/07.%20Audit%20Reports/2016-17/03.%20District%20municipalities/DC32%20Ehlanzeni/DC32%20Ehlanzeni%20Audit%20report%202016-17.pdf
DC33,Mopani,2017,disclaimer,Disclaimer of opinion,http://mfma.treasury.gov.za/Documents/07.%20Audit%20Reports/2016-17/03.%20District%20municipalities/DC33%20Mopani/DC33%20Mopani%20Audit%20report%202016-17.pdf
DC34,Vhembe,2017,disclaimer,Disclaimer of opinion,http://mfma.treasury.gov.za/Documents/07.%20Audit%20Reports/2016-17/03.%20District%20municipalities/DC34%20Vhembe/DC34%20Vhembe%20Audit%20report%202016-17.pdf
DC35,Capricorn,2017,unqualified_emphasis_of_matter,Unqualified - Emphasis of Matter items,http://mfma.treasury.gov.za/Documents/07.%20Audit%20Reports/2016-17/03.%20District%20municipalities/DC35%20Capricorn/DC35%20Capricorn%20Audit%20report%202016-17.pdf
DC36,Waterberg,2017,qualified,Qualified,http://mfma.treasury.gov.za/Documents/07.%20Audit%20Reports/2016-17/03.%20District%20municipalities/DC36%20Waterberg
DC37,Bojanala Platinum,2017,disclaimer,Disclaimer of opinion,http://mfma.treasury.gov.za/Documents/07.%20Audit%20Reports/2016-17/03.%20District%20municipalities/DC37%20Bojanala%20Platinum/DC37%20Bojanala%20Platinum%20Audit%20report%202016-17.pdf
DC38,Ngaka Modiri Molema,2017,disclaimer,Disclaimer of opinion,http://mfma.treasury.gov.za/Documents/07.%20Audit%20Reports/2016-17/03.%20District%20municipalities/DC38%20Ngaka%20Modiri%20Molema/DC38%20Ngaka%20Modiri%20Molema%20Audit%20report%202016-17.pdf
DC39,Dr Ruth Segomotsi Mompati,2017,unqualified_emphasis_of_matter,Unqualified - Emphasis of Matter items,http://mfma.treasury.gov.za/Documents/07.%20Audit%20Reports/2016-17/03.%20District%20municipalities/DC39%20Dr%20Ruth%20Segomotsi%20Mompati/DC39%20Dr%20Ruth%20Segomotsi%20Mompati%20Audit%20report%202016-17.pdf
DC4,Garden Route,2017,unqualified_emphasis_of_matter,Unqualified - Emphasis of Matter items,http://mfma.treasury.gov.za/Documents/07.%20Audit%20Reports/2016-17/03.%20District%20municipalities/DC4%20Eden/DC4%20Eden%20Audit%20report%202016-17.pdf
DC40,Dr Kenneth Kaunda,2017,qualified,Qualified,http://mfma.treasury.gov.za/Documents/07.%20Audit%20Reports/2016-17/03.%20District%20municipalities/DC40%20Dr%20Kenneth%20Kaunda/DC40%20Dr%20Kenneth%20Kaunda%20Audit%20report%202016-17.pdf
DC42,Sedibeng,2017,unqualified_emphasis_of_matter,Unqualified - Emphasis of Matter items,http://mfma.treasury.gov.za/Documents/07.%20Audit%20Reports/2016-17/03.%20District%20municipalities/DC42%20Sedibeng/DC42%20Sedibeng%20Audit%20report%202016-17.pdf
DC43,Harry Gwala,2017,qualified,Qualified,http://mfma.treasury.gov.za/Documents/07.%20Audit%20Reports/2016-17/03.%20District%20municipalities/DC43%20Harry%20Gwala/DC43%20Harry%20Gwala%20Audit%20Report%202016-17.pdf
DC44,Alfred Nzo,2017,qualified,Qualified,http://mfma.treasury.gov.za/Documents/07.%20Audit%20Reports/2016-17/03.%20District%20municipalities/DC44%20Alfred%20Nzo/DC44%20Alfred%20Nzo%20Audit%20report%202016-17.pdf
DC45,John Taolo Gaetsewe,2017,unqualified_emphasis_of_matter,Unqualified - Emphasis of Matter items,http://mfma.treasury.gov.za/Documents/07.%20Audit%20Reports/2016-17/03.%20District%20municipalities/DC45%20John%20Taolo%20Gaetsewe/DC45%20John%20Taolo%20Gaetsewe%20Audit%20report%202016-17.pdf
EC155,Nyandeni,2016,unqualified,Unqualified - No findings,http://mfma.treasury.gov.za/Documents/07.%20Audit%20Reports/2015-16/02.%20Local%20municipalities/EC155%20Nyandeni/EC155%20Nyandeni%20Audit%20Report%202015-16.pdf
DC47,Sekhukhune,2017,unqualified_emphasis_of_matter,Unqualified - Emphasis of Matter items,http://mfma.treasury.gov.za/Documents/07.%20Audit%20Reports/2016-17/03.%20District%20municipalities/DC47%20Sekhukune/DC47%20Sekhukhune%20Audit%20report%202016-17.pdf
DC48,West Rand,2017,unqualified_emphasis_of_matter,Unqualified - Emphasis of Matter items,http://mfma.treasury.gov.za/Documents/07.%20Audit%20Reports/2016-17/03.%20District%20municipalities/DC48%20West%20Rand
DC5,Central Karoo,2017,unqualified_emphasis_of_matter,Unqualified - Emphasis of Matter items,http://mfma.treasury.gov.za/Documents/07.%20Audit%20Reports/2016-17/03.%20District%20municipalities/DC5%20Central%20Karoo/DC5%20Central%20Karoo%20Audit%20report%202016-17.pdf
DC6,Namakwa,2017,unqualified_emphasis_of_matter,Unqualified - Emphasis of Matter items,http://mfma.treasury.gov.za/Documents/07.%20Audit%20Reports/2016-17/03.%20District%20municipalities/DC6%20Namakwa/DC6%20Namakwa%20Audit%20report%202016-17.pdf
DC9,Frances Baard,2017,unqualified_emphasis_of_matter,Unqualified - Emphasis of Matter items,http://mfma.treasury.gov.za/Documents/07.%20Audit%20Reports/2016-17/03.%20District%20municipalities/DC9%20Frances%20Baard/DC9%20Frances%20Baard%20Audit%20report%202016-17.pdf
CPT,Cape Town,2016,unqualified,Unqualified - No findings,http://mfma.treasury.gov.za/Documents/07.%20Audit%20Reports/2015-16/01.%20Metros/CPT%20City%20of%20Cape%20Town/CPT%20Cape%20Town%20Audit%20report%202015-16.pdf
EKU,City of Ekurhuleni,2016,unqualified_emphasis_of_matter,Unqualified - Emphasis of Matter items,http://mfma.treasury.gov.za/Documents/07.%20Audit%20Reports/2015-16/01.%20Metros/EKU%20Ekurhuleni
ETH,eThekwini,2016,unqualified_emphasis_of_matter,Unqualified - Emphasis of Matter items,http://mfma.treasury.gov.za/Documents/07.%20Audit%20Reports/2015-16/01.%20Metros/ETH%20eThekwini
JHB,City of Johannesburg,2016,unqualified_emphasis_of_matter,Unqualified - Emphasis of Matter items,http://mfma.treasury.gov.za/Documents/07.%20Audit%20Reports/2015-16/01.%20Metros/JHB%20City%20of%20Johannesburg/JHB%20City%20of%20Johannesburg%20Consolidated%20Audit%20report%202015-16.pdf
MAN,Mangaung,2016,unqualified_emphasis_of_matter,Unqualified - Emphasis of Matter items,http://mfma.treasury.gov.za/Documents/07.%20Audit%20Reports/2015-16/01.%20Metros/MAN%20Mangaung/MAN%20Mangaung%20Audit%20report%202015-16.pdf
TSH,City of Tshwane,2016,unqualified_emphasis_of_matter,Unqualified - Emphasis of Matter items,http://mfma.treasury.gov.za/Documents/07.%20Audit%20Reports/2015-16/01.%20Metros/TSH%20City%20of%20Tshwane/TSH%20City%20of%20Tshwane%20Consolidated%20Audit%20report%202015-16.pdf
EC101,Dr Beyers Naude,2016,unqualified_emphasis_of_matter,Unqualified - Emphasis of Matter items,http://mfma.treasury.gov.za/Documents/07.%20Audit%20Reports/2015-16/02.%20Local%20municipalities/EC101%20Camdeboo/EC101%20Camdeboo%20Audit%20report%202015-16.pdf
EC102,Blue Crane Route,2016,unqualified_emphasis_of_matter,Unqualified - Emphasis of Matter items,http://mfma.treasury.gov.za/Documents/07.%20Audit%20Reports/2015-16/02.%20Local%20municipalities/EC102%20Blue%20Crane%20Route/EC102%20Blue%20Crane%20Route%20Audit%20Report%202015-16.pdf
EC104,Makana,2016,qualified,Qualified,http://mfma.treasury.gov.za/Documents/07.%20Audit%20Reports/2015-16/02.%20Local%20municipalities/EC104%20Makana/EC104%20Makana%20Audit%20report%202015-16.pdf
EC105,Ndlambe,2016,qualified,Qualified,http://mfma.treasury.gov.za/Documents/07.%20Audit%20Reports/2015-16/02.%20Local%20municipalities/EC105%20Ndlambe/EC105%20Ndlambe%20Audit%20report%202015-16.pdf
NC084,!Kheis,2016,qualified,Qualified,http://mfma.treasury.gov.za/Documents/07.%20Audit%20Reports/2015-16/02.%20Local%20municipalities/NC084%20Kheis/NC084%20%21Kheis%20Audit%20report%202015-16.pdf
EC106,Sundays River Valley,2016,adverse,Adverse opinion,http://mfma.treasury.gov.za/Documents/07.%20Audit%20Reports/2015-16/02.%20Local%20municipalities/EC106%20Sunday%20River%20Valley/EC106%20Sundays%20River%20Valley%20Audit%20report%202015-16.pdf
EC108,Kouga,2016,unqualified_emphasis_of_matter,Unqualified - Emphasis of Matter items,http://mfma.treasury.gov.za/Documents/07.%20Audit%20Reports/2015-16/02.%20Local%20municipalities/EC108%20Kouga/EC108%20Kouga%20Audit%20report%202015-16.pdf
EC109,Kou-Kamma,2016,unqualified_emphasis_of_matter,Unqualified - Emphasis of Matter items,http://mfma.treasury.gov.za/Documents/07.%20Audit%20Reports/2015-16/02.%20Local%20municipalities/EC109%20Kou-Kamma/EC109%20Kou-Kamma%20Audit%20report%202015-16.pdf
EC121,Mbhashe,2016,unqualified_emphasis_of_matter,Unqualified - Emphasis of Matter items,http://mfma.treasury.gov.za/Documents/07.%20Audit%20Reports/2015-16/02.%20Local%20municipalities/EC121%20Mbhashe/EC121%20Mbhashe%20Audit%20report%202015-16.pdf
EC122,Mnquma,2016,unqualified_emphasis_of_matter,Unqualified - Emphasis of Matter items,http://mfma.treasury.gov.za/Documents/07.%20Audit%20Reports/2015-16/02.%20Local%20municipalities/EC122%20Mnquma/EC122%20Mnquma%20Audit%20report%202015-16.pdf
EC123,Great Kei,2016,unqualified_emphasis_of_matter,Unqualified - Emphasis of Matter items,http://mfma.treasury.gov.za/Documents/07.%20Audit%20Reports/2015-16/02.%20Local%20municipalities/EC123%20Great%20Kei/EC123%20Great%20Kei%20Audit%20report%202015-16.pdf
EC124,Amahlathi,2016,unqualified_emphasis_of_matter,Unqualified - Emphasis of Matter items,http://mfma.treasury.gov.za/Documents/07.%20Audit%20Reports/2015-16/02.%20Local%20municipalities/EC124%20Amahlathi/EC124%20Amahlathi%20Audit%20Report%202015-16.pdf
EC126,Ngqushwa,2016,qualified,Qualified,http://mfma.treasury.gov.za/Documents/07.%20Audit%20Reports/2015-16/02.%20Local%20municipalities/EC126%20Ngqushwa/EC126%20Ngqushwa%20Audit%20report%202015-16.pdf
EC131,Inxuba Yethemba,2016,disclaimer,Disclaimer of opinion,http://mfma.treasury.gov.za/Documents/07.%20Audit%20Reports/2015-16/02.%20Local%20municipalities/EC131%20Inxuba%20Yethmeba/EC131%20Inxuba%20Yethemba%20Audit%20report%202015-16.pdf
EC136,Emalahleni (EC),2016,unqualified_emphasis_of_matter,Unqualified - Emphasis of Matter items,http://mfma.treasury.gov.za/Documents/07.%20Audit%20Reports/2015-16/02.%20Local%20municipalities/EC136%20Emalahleni/EC136%20Emalahleni%20Audit%20report%202015-16.pdf
EC137,Dr. A.B. Xuma,2016,unqualified,Unqualified - No findings,http://mfma.treasury.gov.za/Documents/07.%20Audit%20Reports/2015-16/02.%20Local%20municipalities/EC137%20Engcobo/EC137%20Engcobo%20Audit%20report%202015-16.pdf
EC141,Elundini,2016,unqualified_emphasis_of_matter,Unqualified - Emphasis of Matter items,http://mfma.treasury.gov.za/Documents/07.%20Audit%20Reports/2015-16/02.%20Local%20municipalities/EC141%20Elunidini/EC141%20Elundini%20Audit%20report%202015-16.pdf
EC142,Senqu,2016,unqualified,Unqualified - No findings,http://mfma.treasury.gov.za/Documents/07.%20Audit%20Reports/2015-16/02.%20Local%20municipalities/EC142%20Senqu/EC142%20Senqu%20Audit%20report%202015-16.pdf
EC153,Ngquza Hills,2016,unqualified,Unqualified - No findings,http://mfma.treasury.gov.za/Documents/07.%20Audit%20Reports/2015-16/02.%20Local%20municipalities/EC153%20Ngquza%20Hills/EC153%20Ngquza%20Hills%20Audit%20report%202015-16.pdf
EC154,Port St Johns,2016,qualified,Qualified,http://mfma.treasury.gov.za/Documents/07.%20Audit%20Reports/2015-16/02.%20Local%20municipalities/EC154%20Port%20St%20Johns/EC154%20Port%20St%20Johns%20Audit%20report%202015-16.pdf
EC156,Kumkani Mhlontlo,2016,unqualified_emphasis_of_matter,Unqualified - Emphasis of Matter items,http://mfma.treasury.gov.za/Documents/07.%20Audit%20Reports/2015-16/02.%20Local%20municipalities/EC156%20Mhlontlo/EC156%20Mhlontlo%20Audit%20Report%202015-16.pdf
EC157,King Sabata Dalindyebo,2016,qualified,Qualified,http://mfma.treasury.gov.za/Documents/07.%20Audit%20Reports/2015-16/02.%20Local%20municipalities/EC157%20King%20Sebata%20Dalindyebo/EC157%20King%20Sebata%20Dalindyebo%20Audit%20report%202015-16.pdf
EC442,Umzimvubu,2016,unqualified,Unqualified - No findings,http://mfma.treasury.gov.za/Documents/07.%20Audit%20Reports/2015-16/02.%20Local%20municipalities/EC442%20Umzimvubu/EC442%20Umzimvubu%20Audit%20report%202015-16.pdf
EC443,Winnie Madikizela-Mandela,2016,unqualified_emphasis_of_matter,Unqualified - Emphasis of Matter items,http://mfma.treasury.gov.za/Documents/07.%20Audit%20Reports/2015-16/02.%20Local%20municipalities/EC443%20Mbizana/EC443%20Mbizana%20Audit%20report%202015-16.pdf
EC444,Ntabankulu,2016,qualified,Qualified,http://mfma.treasury.gov.za/Documents/07.%20Audit%20Reports/2015-16/02.%20Local%20municipalities/EC444%20Ntabankulu/EC444%20Ntabankulu%20Audit%20report%202015-16.pdf
FS163,Mohokare,2016,unqualified_emphasis_of_matter,Unqualified - Emphasis of Matter items,http://mfma.treasury.gov.za/Documents/07.%20Audit%20Reports/2015-16/02.%20Local%20municipalities/FS163%20Mohokare/FS163%20Mohokare%20Audit%20report%202015-16.pdf
FS181,Masilonyana,2016,disclaimer,Disclaimer of opinion,http://mfma.treasury.gov.za/Documents/07.%20Audit%20Reports/2015-16/02.%20Local%20municipalities/FS181%20Masilonyana/FS181%20Masilonyana%20Audit%20report%202015-16.pdf
FS182,Tokologo,2016,unqualified_emphasis_of_matter,Unqualified - Emphasis of Matter items,http://mfma.treasury.gov.za/Documents/07.%20Audit%20Reports/2015-16/02.%20Local%20municipalities/FS182%20Tokologo/FS182%20Tokologo%20Audit%20report%202015-16.pdf
FS183,Tswelopele,2016,unqualified_emphasis_of_matter,Unqualified - Emphasis of Matter items,http://mfma.treasury.gov.za/Documents/07.%20Audit%20Reports/2015-16/02.%20Local%20municipalities/FS183%20Tshwelopele/FS183%20Tswelopele%20Audit%20report%202015-16.pdf
FS184,Matjhabeng,2016,unqualified_emphasis_of_matter,Unqualified - Emphasis of Matter items,http://mfma.treasury.gov.za/Documents/07.%20Audit%20Reports/2015-16/02.%20Local%20municipalities/FS184%20Matjhabeng/FS184%20Matjhabeng%20Audit%20report%202015-16.pdf
FS185,Nala,2016,unqualified_emphasis_of_matter,Unqualified - Emphasis of Matter items,http://mfma.treasury.gov.za/Documents/07.%20Audit%20Reports/2015-16/02.%20Local%20municipalities/FS185%20Nala/FS185%20Nala%20Audit%20report%202015-16.pdf
FS191,Setsoto,2016,unqualified_emphasis_of_matter,Unqualified - Emphasis of Matter items,http://mfma.treasury.gov.za/Documents/07.%20Audit%20Reports/2015-16/02.%20Local%20municipalities/FS191%20Setsoto/FS191%20Setsoto%20Audit%20report%202015-16.pdf
FS192,Dihlabeng,2016,unqualified_emphasis_of_matter,Unqualified - Emphasis of Matter items,http://mfma.treasury.gov.za/Documents/07.%20Audit%20Reports/2015-16/02.%20Local%20municipalities/FS192%20Dihlabeng/FS192%20Dihlabeng%20Audit%20report%202015-16.pdf
FS193,Nketoana,2016,qualified,Qualified,http://mfma.treasury.gov.za/Documents/07.%20Audit%20Reports/2015-16/02.%20Local%20municipalities/FS193%20Nketoana/FS193%20Nketoana%20Audit%20report%202015-16.PDF
FS194,Maluti-a-Phofung,2016,qualified,Qualified,http://mfma.treasury.gov.za/Documents/07.%20Audit%20Reports/2015-16/02.%20Local%20municipalities/FS194%20Maluti-a%20Phofung/FS194%20Maluti-a-Phofung%20Audit%20report%202015-16.pdf
FS195,Phumelela,2016,unqualified_emphasis_of_matter,Unqualified - Emphasis of Matter items,http://mfma.treasury.gov.za/Documents/07.%20Audit%20Reports/2015-16/02.%20Local%20municipalities/FS195%20Phumelela/FS195%20Phumelela%20Audit%20Report%202015-16.pdf
FS196,Mantsopa,2016,qualified,Qualified,http://mfma.treasury.gov.za/Documents/07.%20Audit%20Reports/2015-16/02.%20Local%20municipalities/FS196%20Mantsopa/FS196%20Mantsopa%20Audit%20report%202015-16.pdf
FS201,Moqhaka,2016,unqualified_emphasis_of_matter,Unqualified - Emphasis of Matter items,http://mfma.treasury.gov.za/Documents/07.%20Audit%20Reports/2015-16/02.%20Local%20municipalities/FS201%20Moqhaka/FS201%20Moqhaka%20Audit%20Report%202015-16.pdf
FS204,Metsimaholo,2016,unqualified_emphasis_of_matter,Unqualified - Emphasis of Matter items,http://mfma.treasury.gov.za/Documents/07.%20Audit%20Reports/2015-16/02.%20Local%20municipalities/FS204%20Metsimaholo/FS204%20Metsimaholo%20Audit%20report%202015-16.pdf
FS205,Mafube,2016,disclaimer,Disclaimer of opinion,http://mfma.treasury.gov.za/Documents/07.%20Audit%20Reports/2015-16/02.%20Local%20municipalities/FS205%20Mafube/FS205%20Mafube%20Audit%20report%202015-16.pdf
GT421,Emfuleni,2016,unqualified_emphasis_of_matter,Unqualified - Emphasis of Matter items,http://mfma.treasury.gov.za/Documents/07.%20Audit%20Reports/2015-16/02.%20Local%20municipalities/GT421%20Emfuleni/GT421%20Emfuleni%20Audit%20report%202015-16.pdf
GT422,Midvaal,2016,unqualified,Unqualified - No findings,http://mfma.treasury.gov.za/Documents/07.%20Audit%20Reports/2015-16/02.%20Local%20municipalities/GT422%20Midvaal/GT422%20Midvaal%20Audit%20report%202015-16.pdf
GT481,Mogale City,2016,unqualified_emphasis_of_matter,Unqualified - Emphasis of Matter items,http://mfma.treasury.gov.za/Documents/07.%20Audit%20Reports/2015-16/02.%20Local%20municipalities/GT481%20Mogale%20City/GT481%20Mogale%20City%20Audit%20report%202015-16.pdf
GT484,Merafong City,2016,unqualified_emphasis_of_matter,Unqualified - Emphasis of Matter items,http://mfma.treasury.gov.za/Documents/07.%20Audit%20Reports/2015-16/02.%20Local%20municipalities/GT484%20Merafong%20City/GT484%20Merafong%20City%20Audit%20Report%202015-16.pdf
KZN212,Umdoni,2016,unqualified_emphasis_of_matter,Unqualified - Emphasis of Matter items,http://mfma.treasury.gov.za/Documents/07.%20Audit%20Reports/2015-16/02.%20Local%20municipalities/KZN212%20Umdoni/KZN212%20Umdoni%20Audit%20report%202015-16.pdf
KZN213,Umzumbe,2016,unqualified,Unqualified - No findings,http://mfma.treasury.gov.za/Documents/07.%20Audit%20Reports/2015-16/02.%20Local%20municipalities/KZN213%20Umzumbe/KZN213%20Umzumbe%20Audit%20report%202015-16.pdf
KZN214,uMuziwabantu,2016,unqualified,Unqualified - No findings,http://mfma.treasury.gov.za/Documents/07.%20Audit%20Reports/2015-16/02.%20Local%20municipalities/KZN214%20uMziwabantu/KZN214%20uMuziwabantu%20Audit%20report%202015-16.pdf
KZN216,Ray Nkonyeni,2016,unqualified_emphasis_of_matter,Unqualified - Emphasis of Matter items,http://mfma.treasury.gov.za/Documents/07.%20Audit%20Reports/2015-16/02.%20Local%20municipalities/KZN216%20Hibiscus%20Coast/KZN216%20Hibiscus%20Coast%20Audit%20report%202015-16.pdf
KZN221,uMshwathi,2016,unqualified_emphasis_of_matter,Unqualified - Emphasis of Matter items,http://mfma.treasury.gov.za/Documents/07.%20Audit%20Reports/2015-16/02.%20Local%20municipalities/KZN221%20uMshwathi/KZN221%20uMshwathi%20Audit%20Report%202015-16.pdf
WC048,Knysna,2011,unqualified_emphasis_of_matter,Unqualified - Emphasis of Matter items,http://mfma.treasury.gov.za/Documents/07.%20Audit%20Reports/2010-11/02.%20Local%20Municipalities/WC048%20Knysna
KZN222,uMngeni,2016,unqualified_emphasis_of_matter,Unqualified - Emphasis of Matter items,http://mfma.treasury.gov.za/Documents/07.%20Audit%20Reports/2015-16/02.%20Local%20municipalities/KZN222%20uMngeni/KZN222%20uMngeni%20Audit%20report%202015-16.pdf
KZN223,Mpofana,2016,disclaimer,Disclaimer of opinion,http://mfma.treasury.gov.za/Documents/07.%20Audit%20Reports/2015-16/02.%20Local%20municipalities/KZN223%20Mpofana/KZN223%20Mpofana%20Audit%20Report%202015-16.pdf
KZN224,Impendle,2016,unqualified_emphasis_of_matter,Unqualified - Emphasis of Matter items,http://mfma.treasury.gov.za/Documents/07.%20Audit%20Reports/2015-16/02.%20Local%20municipalities/KZN224%20Impendle/KZN224%20Impendle%20Audit%20Report%202015-16.pdf
KZN225,Msunduzi,2016,qualified,Qualified,http://mfma.treasury.gov.za/Documents/07.%20Audit%20Reports/2015-16/02.%20Local%20municipalities/KZN225%20Msunduzi/KZN225%20Msunduzi%20Audit%20report%202015-16.pdf
EC132,Tsolwana,2015,qualified,Qualified,http://mfma.treasury.gov.za/Documents/07.%20Audit%20Reports/2014-15/02.%20Local%20municipalities/EC132%20Tsolwana/EC132%20Tsolwana%20Audit%20report%202014-15.pdf
KZN226,Mkhambathini,2016,unqualified_emphasis_of_matter,Unqualified - Emphasis of Matter items,http://mfma.treasury.gov.za/Documents/07.%20Audit%20Reports/2015-16/02.%20Local%20municipalities/KZN226%20Mkhambathini/KZN226%20Mkhambathini%20%20Audit%20Report%202015-16.pdf
KZN227,Richmond,2016,unqualified_emphasis_of_matter,Unqualified - Emphasis of Matter items,http://mfma.treasury.gov.za/Documents/07.%20Audit%20Reports/2015-16/02.%20Local%20municipalities/KZN227%20Richmond/KZN227%20Richmond%20Audit%20report%202015-16.pdf
KZN235,Okhahlamba,2016,unqualified,Unqualified - No findings,http://mfma.treasury.gov.za/Documents/07.%20Audit%20Reports/2015-16/02.%20Local%20municipalities/KZN235%20Okhahlamba/KZN235%20Okhahlamba%20Audit%20report%202015-16.pdf
KZN241,Endumeni,2016,unqualified,Unqualified - No findings,http://mfma.treasury.gov.za/Documents/07.%20Audit%20Reports/2015-16/02.%20Local%20municipalities/KZN241%20Endumeni/KZN241%20Endumeni%20Audit%20Report%202015-16.pdf
KZN242,Nquthu,2016,unqualified_emphasis_of_matter,Unqualified - Emphasis of Matter items,http://mfma.treasury.gov.za/Documents/07.%20Audit%20Reports/2015-16/02.%20Local%20municipalities/KZN242%20Nquthu/KZN242%20Nquthu%20Audit%20Report%202015-16.pdf
KZN244,Msinga,2016,unqualified_emphasis_of_matter,Unqualified - Emphasis of Matter items,http://mfma.treasury.gov.za/Documents/07.%20Audit%20Reports/2015-16/02.%20Local%20municipalities/KZN244%20Msinga/KZN244%20Msinga%20Audit%20Report%202015-16.pdf
KZN245,Umvoti,2016,unqualified_emphasis_of_matter,Unqualified - Emphasis of Matter items,http://mfma.treasury.gov.za/Documents/07.%20Audit%20Reports/2015-16/02.%20Local%20municipalities/KZN245%20Umvoti/KZN245%20Umvoti%20Audit%20Report%202015-16.pdf
KZN252,Newcastle,2016,unqualified_emphasis_of_matter,Unqualified - Emphasis of Matter items,http://mfma.treasury.gov.za/Documents/07.%20Audit%20Reports/2015-16/02.%20Local%20municipalities/KZN252%20Newcastle/KZN252%20Newcastle%20Audit%20Report%202015-16.pdf
KZN253,Emadlangeni,2016,unqualified_emphasis_of_matter,Unqualified - Emphasis of Matter items,http://mfma.treasury.gov.za/Documents/07.%20Audit%20Reports/2015-16/02.%20Local%20municipalities/KZN253%20eMadlangeni/KZN253%20eMadlangeni%20Audit%20Report%202015-16.pdf
EC156,Kumkani Mhlontlo,2011,qualified,Qualified,http://mfma.treasury.gov.za/Documents/07.%20Audit%20Reports/2010-11/02.%20Local%20Municipalities/EC156%20Mhlontlo/EC156%20Mhlontlo%20Audit%20Report%202010-11.PDF
KZN254,Dannhauser,2016,unqualified_emphasis_of_matter,Unqualified - Emphasis of Matter items,http://mfma.treasury.gov.za/Documents/07.%20Audit%20Reports/2015-16/02.%20Local%20municipalities/KZN254%20Dannhauser/KZN254%20Dannhauser%20Audit%20Report%202015-16.pdf
KZN261,eDumbe,2016,unqualified_emphasis_of_matter,Unqualified - Emphasis of Matter items,http://mfma.treasury.gov.za/Documents/07.%20Audit%20Reports/2015-16/02.%20Local%20municipalities/KZN261%20eDumbe/KZN261%20eDumbe%20Audit%20Report%202015-16.pdf
KZN262,uPhongolo,2016,qualified,Qualified,http://mfma.treasury.gov.za/Documents/07.%20Audit%20Reports/2015-16/02.%20Local%20municipalities/KZN262%20uPhongolo/KZN262%20uPhongolo%20Audit%20report%202015-16.pdf
KZN263,Abaqulusi,2016,unqualified_emphasis_of_matter,Unqualified - Emphasis of Matter items,http://mfma.treasury.gov.za/Documents/07.%20Audit%20Reports/2015-16/02.%20Local%20municipalities/KZN263%20Abaqulisi/KZN263%20Abaqulusi%20Audit%20report%202015-16.pdf
KZN265,Nongoma,2016,unqualified_emphasis_of_matter,Unqualified - Emphasis of Matter items,http://mfma.treasury.gov.za/Documents/07.%20Audit%20Reports/2015-16/02.%20Local%20municipalities/KZN265%20Nongoma/KZN265%20Nongoma%20Audit%20Report%202015-16.pdf
KZN266,Ulundi,2016,unqualified_emphasis_of_matter,Unqualified - Emphasis of Matter items,http://mfma.treasury.gov.za/Documents/07.%20Audit%20Reports/2015-16/02.%20Local%20municipalities/KZN266%20Ulundi/KZN266%20Ulundi%20Audit%20Report%202015-16.pdf
KZN271,Umhlabuyalingana,2016,unqualified,Unqualified - No findings,http://mfma.treasury.gov.za/Documents/07.%20Audit%20Reports/2015-16/02.%20Local%20municipalities/KZN271%20Umhlabuyalingana/KZN271%20Umhlabuyalingana%20Audit%20report%202015-16.pdf
KZN272,Jozini,2016,unqualified_emphasis_of_matter,Unqualified - Emphasis of Matter items,http://mfma.treasury.gov.za/Documents/07.%20Audit%20Reports/2015-16/02.%20Local%20municipalities/KZN272%20Jozini/KZN272%20Jozini%20Audit%20Report%202015-16.pdf
KZN275,Mtubatuba,2016,unqualified_emphasis_of_matter,Unqualified - Emphasis of Matter items,http://mfma.treasury.gov.za/Documents/07.%20Audit%20Reports/2015-16/02.%20Local%20municipalities/KZN275%20Mtubatuba/KZN275%20Mtubatuba%20Audit%20Report%202015-16.pdf
KZN281,Mfolozi,2016,unqualified_emphasis_of_matter,Unqualified - Emphasis of Matter items,http://mfma.treasury.gov.za/Documents/07.%20Audit%20Reports/2015-16/02.%20Local%20municipalities/KZN281%20Mfolozi/KZN281%20Mfolozi%20Audit%20report%202015-16.pdf
KZN282,uMhlathuze,2016,unqualified,Unqualified - No findings,http://mfma.treasury.gov.za/Documents/07.%20Audit%20Reports/2015-16/02.%20Local%20municipalities/KZN282%20uMhlathuze/KZN282%20uMhlathuze%20Audit%20Report%202015-16.pdf
KZN284,uMlalazi,2016,unqualified_emphasis_of_matter,Unqualified - Emphasis of Matter items,http://mfma.treasury.gov.za/Documents/07.%20Audit%20Reports/2015-16/02.%20Local%20municipalities/KZN284%20uMlalazi/KZN284%20uMlalazi%20Audit%20Report%202015-16.pdf
KZN285,Mthonjaneni,2016,unqualified_emphasis_of_matter,Unqualified - Emphasis of Matter items,http://mfma.treasury.gov.za/Documents/07.%20Audit%20Reports/2015-16/02.%20Local%20municipalities/KZN285%20Mthonjaneni/KZN285%20Mthonjaneni%20Audit%20Report%202015-16.pdf
KZN286,Nkandla,2016,unqualified_emphasis_of_matter,Unqualified - Emphasis of Matter items,http://mfma.treasury.gov.za/Documents/07.%20Audit%20Reports/2015-16/02.%20Local%20municipalities/KZN286%20Nkandla/KZN286%20Nkandla%20Audit%20report%202015-16.pdf
KZN291,Mandeni,2016,unqualified,Unqualified - No findings,http://mfma.treasury.gov.za/Documents/07.%20Audit%20Reports/2015-16/02.%20Local%20municipalities/KZN291%20Mandeni
KZN292,KwaDukuza,2016,unqualified_emphasis_of_matter,Unqualified - Emphasis of Matter items,http://mfma.treasury.gov.za/Documents/07.%20Audit%20Reports/2015-16/02.%20Local%20municipalities/KZN292%20KwaDukuza/KZN292%20KwaDukuza%20Audit%20Report%202015-16.pdf
KZN293,Ndwedwe,2016,unqualified_emphasis_of_matter,Unqualified - Emphasis of Matter items,http://mfma.treasury.gov.za/Documents/07.%20Audit%20Reports/2015-16/02.%20Local%20municipalities/KZN293%20Ndwedwe/KZN293%20Ndwedwe%20Audit%20Report%202015-16.pdf
KZN294,Maphumulo,2016,unqualified_emphasis_of_matter,Unqualified - Emphasis of Matter items,http://mfma.treasury.gov.za/Documents/07.%20Audit%20Reports/2015-16/02.%20Local%20municipalities/KZN294%20Maphumulo/KZN294%20Maphumulo%20Audit%20Report%202015-16.pdf
KZN433,Greater Kokstad,2016,unqualified_emphasis_of_matter,Unqualified - Emphasis of Matter items,http://mfma.treasury.gov.za/Documents/07.%20Audit%20Reports/2015-16/02.%20Local%20municipalities/KZN433%20Greater%20Kokstad/KZN433%20Greater%20Kokstad%20Audit%20report%202015-16.pdf
KZN434,Johannes Phumani Phungula,2016,unqualified_emphasis_of_matter,Unqualified - Emphasis of Matter items,http://mfma.treasury.gov.za/Documents/07.%20Audit%20Reports/2015-16/02.%20Local%20municipalities/KZN434%20uBuhlebezwe/KZN434%20Ubuhlebezwe%20Audit%20report%202015-16.pdf
EC135,Vuyisile Mini,2016,unqualified_emphasis_of_matter,Unqualified - Emphasis of Matter items,http://mfma.treasury.gov.za/Documents/07.%20Audit%20Reports/2015-16/02.%20Local%20municipalities/EC135%20Intsika%20Yethu/EC135%20Intsika%20Yethu%20Audit%20report%202015-16.PDF
EKU,City of Ekurhuleni,2013,unqualified_emphasis_of_matter,Unqualified - Emphasis of Matter items,http://mfma.treasury.gov.za/Documents/07.%20Audit%20Reports/2012-13/01.%20Metros/EKU%20Ekurhuleni%20Metro
MAN,Mangaung,2013,qualified,Qualified,http://mfma.treasury.gov.za/Documents/07.%20Audit%20Reports/2012-13/01.%20Metros/MAN%20Mangaung
KZN216,Ray Nkonyeni,2013,unqualified_emphasis_of_matter,Unqualified - Emphasis of Matter items,http://mfma.treasury.gov.za/Documents/07.%20Audit%20Reports/2012-13/02.%20Local%20Municipalities/KZN216%20Hibiscus%20Coast/KZN216_Hibiscus%20Coast%20Audit%20Report%202012-13.pdf
NC085,Tsantsabane,2013,disclaimer,Disclaimer of opinion,http://mfma.treasury.gov.za/Documents/07.%20Audit%20Reports/2012-13/02.%20Local%20Municipalities/NC085%20Tsantsabane/NC085%20Tsantsabane%20Audit%20report%202012-13.PDF
DC43,Harry Gwala,2013,unqualified_emphasis_of_matter,Unqualified - Emphasis of Matter items,http://mfma.treasury.gov.za/Documents/07.%20Audit%20Reports/2012-13/03.%20District%20municipalities/DC43%20Harry%20Gwala/DC43%20Harry%20Gwala%20Audit%20report%202012-13.PDF
BUF,Buffalo City,2011,adverse,Adverse opinion,http://mfma.treasury.gov.za/Documents/07.%20Audit%20Reports/2010-11/01.%20Metros/BUF%20Buffalo%20City/EC125%20Buffalo%20City%20Consolidated%20Audit%20Report%202010-11.pdf
EKU,City of Ekurhuleni,2011,unqualified_emphasis_of_matter,Unqualified - Emphasis of Matter items,http://mfma.treasury.gov.za/Documents/07.%20Audit%20Reports/2010-11/01.%20Metros/EKU%20Ekurhuleni%20Metro
EC128,Nxuba,2011,disclaimer,Disclaimer of opinion,http://mfma.treasury.gov.za/Documents/07.%20Audit%20Reports/2010-11/02.%20Local%20Municipalities/EC128%20Nxuba/EC128%20Nxuba%20audit%20Report%202010-11.PDF
EC143,Maletswai,2011,qualified,Qualified,http://mfma.treasury.gov.za/Documents/07.%20Audit%20Reports/2010-11/02.%20Local%20Municipalities/EC143%20Maletswai/Audit%20report%202011.pdf
EC442,Umzimvubu,2011,unqualified_emphasis_of_matter,Unqualified - Emphasis of Matter items,http://mfma.treasury.gov.za/Documents/07.%20Audit%20Reports/2010-11/02.%20Local%20Municipalities/EC442%20Umzimvubu/EC441%20Umzimvubu%20Audit%20Report%202010-11.pdf
FS184,Matjhabeng,2011,disclaimer,Disclaimer of opinion,http://mfma.treasury.gov.za/Documents/07.%20Audit%20Reports/2010-11/02.%20Local%20Municipalities/FS184%20Matjhabeng/FS184%20Mathjabeng%20Audit%20Report%202010-11.PDF
EC441,Matatiele,2016,unqualified,Unqualified - No findings,http://mfma.treasury.gov.za/Documents/07.%20Audit%20Reports/2015-16/02.%20Local%20municipalities/EC441%20Matatiele/EC441%20Matatiele%20Audit%20report%202015-16.pdf
NC062,Nama Khoi,2016,qualified,Qualified,http://mfma.treasury.gov.za/Documents/07.%20Audit%20Reports/2015-16/02.%20Local%20municipalities/NC062%20Nama%20Khoi/NC062%20Nama%20Khoi%20Audit%20report%202015-16.pdf
NC064,Kamiesberg,2016,qualified,Qualified,http://mfma.treasury.gov.za/Documents/07.%20Audit%20Reports/2015-16/02.%20Local%20municipalities/NC064%20Kamiesberg/NC064%20Kamiesberg%20Audit%20report%202015-16.pdf
FS161,Letsemeng,2016,qualified,Qualified,http://mfma.treasury.gov.za/Documents/07.%20Audit%20Reports/2015-16/02.%20Local%20municipalities/FS161%20Letsemeng/FS161%20Letsemeng%20Audit%20report%202015-16.pdf
FS162,Kopanong,2016,unqualified_emphasis_of_matter,Unqualified - Emphasis of Matter items,http://mfma.treasury.gov.za/Documents/07.%20Audit%20Reports/2015-16/02.%20Local%20municipalities/FS162%20Kopanong/FS162%20Kopanong%20Audit%20report%202015-16.pdf
BUF,Buffalo City,2016,qualified,Qualified,http://mfma.treasury.gov.za/Documents/07.%20Audit%20Reports/2015-16/01.%20Metros/BUF%20Buffalo%20City
NMA,Nelson Mandela Bay,2016,qualified,Qualified,http://mfma.treasury.gov.za/Documents/07.%20Audit%20Reports/2015-16/01.%20Metros/NMA%20Nelson%20Mandela%20Bay
GT423,Lesedi,2016,unqualified_emphasis_of_matter,Unqualified - Emphasis of Matter items,http://mfma.treasury.gov.za/Documents/07.%20Audit%20Reports/2015-16/02.%20Local%20municipalities/GT423%20Lesedi/GT423%20Lesedi%20Audit%20report%202015-16.pdf
KZN213,Umzumbe,2011,unqualified_emphasis_of_matter,Unqualified - Emphasis of Matter items,http://mfma.treasury.gov.za/Documents/07.%20Audit%20Reports/2010-11/02.%20Local%20Municipalities/KZN213%20Umzumbe/KZN213%20Umzumbe%20Audit%20Report%202010-11.pdf
KZN221,uMshwathi,2011,unqualified_emphasis_of_matter,Unqualified - Emphasis of Matter items,http://mfma.treasury.gov.za/Documents/07.%20Audit%20Reports/2010-11/02.%20Local%20Municipalities/KZN221%20uMshwathi/KZN221uMmshwathi%20Audit%20Report%202010-11.pdf
KZN224,Impendle,2011,unqualified_emphasis_of_matter,Unqualified - Emphasis of Matter items,http://mfma.treasury.gov.za/Documents/07.%20Audit%20Reports/2010-11/02.%20Local%20Municipalities/KZN224%20Impendle/KZN224%20Impendle%20Audit%20report%202010-11.PDF
KZN236,Imbabazane,2011,unqualified_emphasis_of_matter,Unqualified - Emphasis of Matter items,http://mfma.treasury.gov.za/Documents/07.%20Audit%20Reports/2010-11/02.%20Local%20Municipalities/KZN236%20Imbabazane
LIM331,Greater Giyani,2011,disclaimer,Disclaimer of opinion,http://mfma.treasury.gov.za/Documents/07.%20Audit%20Reports/2010-11/02.%20Local%20Municipalities/LIM331%20Greater%20Giyani/LIM331Greater%20Giyani%20Audit%20Report%202010-11.pdf
LIM474,Fetakgomo,2011,unqualified,Unqualified - No findings,http://mfma.treasury.gov.za/Documents/07.%20Audit%20Reports/2010-11/02.%20Local%20Municipalities/LIM474%20Fetakgomo/LIM474%20Fetakgomo%20Audit%20report%202010-11.PDF
DC28,King Cetshwayo,2011,unqualified_emphasis_of_matter,Unqualified - Emphasis of Matter items,http://mfma.treasury.gov.za/Documents/07.%20Audit%20Reports/2010-11/03.%20District%20Municipalities/DC28%20uThungulu
KZN435,Umzimkhulu,2016,unqualified_emphasis_of_matter,Unqualified - Emphasis of Matter items,http://mfma.treasury.gov.za/Documents/07.%20Audit%20Reports/2015-16/02.%20Local%20municipalities/KZN435%20Umzimkhulu/KZN435%20Umzimkulu%20Audit%20Report%202015-16.pdf
LIM331,Greater Giyani,2016,qualified,Qualified,http://mfma.treasury.gov.za/Documents/07.%20Audit%20Reports/2015-16/02.%20Local%20municipalities/LIM331%20Greater%20Giyani/LIM331%20Greater%20Giyane%20Audit%20report%202015-16.pdf
LIM335,Maruleng,2016,unqualified_emphasis_of_matter,Unqualified - Emphasis of Matter items,http://mfma.treasury.gov.za/Documents/07.%20Audit%20Reports/2015-16/02.%20Local%20municipalities/LIM335%20Maruleng/LIM335%20Maruleng%20Audit%20report%202015-16.pdf
LIM341,Musina,2016,unqualified_emphasis_of_matter,Unqualified - Emphasis of Matter items,http://mfma.treasury.gov.za/Documents/07.%20Audit%20Reports/2015-16/02.%20Local%20municipalities/LIM341%20Musina/LIM341%20Musina%20Audit%20report%202015-16.pdf
LIM343,Thulamela,2016,unqualified_emphasis_of_matter,Unqualified - Emphasis of Matter items,http://mfma.treasury.gov.za/Documents/07.%20Audit%20Reports/2015-16/02.%20Local%20municipalities/LIM343%20Thulamela/LIM343%20Thulamela%20Audit%20report%202015-16.pdf
LIM344,Makhado,2016,qualified,Qualified,http://mfma.treasury.gov.za/Documents/07.%20Audit%20Reports/2015-16/02.%20Local%20municipalities/LIM344%20Makhado/LIM344%20Makhado%20Audit%20report%202015-16.pdf
LIM351,Blouberg,2016,qualified,Qualified,http://mfma.treasury.gov.za/Documents/07.%20Audit%20Reports/2015-16/02.%20Local%20municipalities/LIM351%20Blouberg/LIM351%20Blouberg%20Audit%20Report%202016.pdf
LIM354,Polokwane,2016,unqualified_emphasis_of_matter,Unqualified - Emphasis of Matter items,http://mfma.treasury.gov.za/Documents/07.%20Audit%20Reports/2015-16/02.%20Local%20municipalities/LIM354%20Polokwane/LIM354%20Polokwane%20Audit%20report%202015-16.pdf
LIM366,Bela Bela,2016,unqualified_emphasis_of_matter,Unqualified - Emphasis of Matter items,http://mfma.treasury.gov.za/Documents/07.%20Audit%20Reports/2015-16/02.%20Local%20municipalities/LIM366%20Bela%20Bela/LIM366%20Bela%20Bela%20Audit%20report%202015-16.pdf
LIM471,Ephraim Mogale,2016,qualified,Qualified,http://mfma.treasury.gov.za/Documents/07.%20Audit%20Reports/2015-16/02.%20Local%20municipalities/LIM471%20Ephraim%20Mogale/LIM471%20Ephraim%20Mogale%20Audit%20report%202015-16.pdf
LIM472,Elias Motsoaledi,2016,qualified,Qualified,http://mfma.treasury.gov.za/Documents/07.%20Audit%20Reports/2015-16/02.%20Local%20municipalities/LIM472%20Elias%20Motsoaledi/LIM472%20Elias%20Motsoaledi%20Audit%20report%202015-16.pdf
LIM473,Makhuduthamaga,2016,unqualified_emphasis_of_matter,Unqualified - Emphasis of Matter items,http://mfma.treasury.gov.za/Documents/07.%20Audit%20Reports/2015-16/02.%20Local%20municipalities/LIM473%20Makhuduthamaga/LIM473%20Makhuduthamaga%20Audit%20report%202015-16.pdf
MP301,Albert Luthuli,2016,qualified,Qualified,http://mfma.treasury.gov.za/Documents/07.%20Audit%20Reports/2015-16/02.%20Local%20municipalities/MP301%20Albert%20Luthuli/MP301%20Albert%20Luthuli%20Audit%20report%202015-16.pdf
MP302,Msukaligwa,2016,qualified,Qualified,http://mfma.treasury.gov.za/Documents/07.%20Audit%20Reports/2015-16/02.%20Local%20municipalities/MP302%20Msukaligwa/MP302%20Msukaligwa%20Audit%20report%202015-16.pdf
MP316,Dr J.S. Moroka,2019,outstanding,Outstanding,
MP304,Pixley Ka Seme (MP),2016,unqualified_emphasis_of_matter,Unqualified - Emphasis of Matter items,http://mfma.treasury.gov.za/Documents/07.%20Audit%20Reports/2015-16/02.%20Local%20municipalities/MP304%20Dr%20Pixley%20Ka%20Seme/MP304%20Pixley%20Ka%20Seme%20Audit%20report%202015-16.pdf
MP305,Lekwa,2016,unqualified_emphasis_of_matter,Unqualified - Emphasis of Matter items,http://mfma.treasury.gov.za/Documents/07.%20Audit%20Reports/2015-16/02.%20Local%20municipalities/MP305%20Lekwa/MP306%20Lekwa%20Audit%20report%202015-16.pdf
MP306,Dipaleseng,2016,unqualified_emphasis_of_matter,Unqualified - Emphasis of Matter items,http://mfma.treasury.gov.za/Documents/07.%20Audit%20Reports/2015-16/02.%20Local%20municipalities/MP306%20Dipaleseng/MP306%20Dipaleseng%20Audit%20report%202015-16.pdf
MP307,Govan Mbeki,2016,unqualified_emphasis_of_matter,Unqualified - Emphasis of Matter items,http://mfma.treasury.gov.za/Documents/07.%20Audit%20Reports/2015-16/02.%20Local%20municipalities/MP307%20Govan%20Mbeki/MP307%20Govan%20Mbeki%20Audit%20report%202015-16.pdf
MP311,Victor Khanye,2016,qualified,Qualified,http://mfma.treasury.gov.za/Documents/07.%20Audit%20Reports/2015-16/02.%20Local%20municipalities/MP311%20Victor%20Khanye/MP311%20Victor%20Khanye%20Audit%20report%202015-16.pdf
MP312,Emalahleni (MP),2016,disclaimer,Disclaimer of opinion,http://mfma.treasury.gov.za/Documents/07.%20Audit%20Reports/2015-16/02.%20Local%20municipalities/MP312%20Emalahleni/MP312%20Emalahleni%20Audit%20report%202015-16.pdf
MP313,Steve Tshwete,2016,unqualified,Unqualified - No findings,http://mfma.treasury.gov.za/Documents/07.%20Audit%20Reports/2015-16/02.%20Local%20municipalities/MP313%20Steve%20Tswete/MP313%20Steve%20Tshwete%20Audit%20report%202015-16.pdf
MP314,Emakhazeni,2016,qualified,Qualified,http://mfma.treasury.gov.za/Documents/07.%20Audit%20Reports/2015-16/02.%20Local%20municipalities/MP314%20Emakhazeni/MP314%20Emakhazeni%20Audit%20report%202015-16.pdf
MP315,Thembisile Hani,2016,qualified,Qualified,http://mfma.treasury.gov.za/Documents/07.%20Audit%20Reports/2015-16/02.%20Local%20municipalities/MP315%20Thembisile%20Hani/MP315%20Thembisile%20Hani%20Audit%20report%202015-16.pdf
MP316,Dr J.S. Moroka,2016,qualified,Qualified,http://mfma.treasury.gov.za/Documents/07.%20Audit%20Reports/2015-16/02.%20Local%20municipalities/MP316%20Dr%20J%20S%20Moroka/MP316%20Dr%20J%20S%20Moroka%20Audit%20report%202015-16.pdf
MP321,Thaba Chweu,2016,disclaimer,Disclaimer of opinion,http://mfma.treasury.gov.za/Documents/07.%20Audit%20Reports/2015-16/02.%20Local%20municipalities/MP321%20Thabo%20Chweu/MP321%20Thaba%20Chweu%20Audit%20report%202015-16.pdf
MP324,Nkomazi,2016,unqualified_emphasis_of_matter,Unqualified - Emphasis of Matter items,http://mfma.treasury.gov.za/Documents/07.%20Audit%20Reports/2015-16/02.%20Local%20municipalities/MP324%20Nkomazi/MP324%20Nkomazi%20Audit%20report%202015-16.pdf
MP325,Bushbuckridge,2016,unqualified_emphasis_of_matter,Unqualified - Emphasis of Matter items,http://mfma.treasury.gov.za/Documents/07.%20Audit%20Reports/2015-16/02.%20Local%20municipalities/MP325%20Bushbuckridge/MP325%20Bushbuckridge%20Audit%20Report%202015-16.pdf
NC061,Richtersveld,2016,qualified,Qualified,http://mfma.treasury.gov.za/Documents/07.%20Audit%20Reports/2015-16/02.%20Local%20municipalities/NC061%20Richtersveld/NC061%20Richtersveld%20Audit%20report%202015-16.pdf
NC065,Hantam,2016,qualified,Qualified,http://mfma.treasury.gov.za/Documents/07.%20Audit%20Reports/2015-16/02.%20Local%20municipalities/NC065%20Hantam/NC065%20Hantam%20Audit%20Report%202015-16.pdf
LIM334,Ba-Phalaborwa,2016,disclaimer,Disclaimer of opinion,http://mfma.treasury.gov.za/Documents/07.%20Audit%20Reports/2015-16/02.%20Local%20municipalities/LIM334%20Ba-Phalaborwa/LIM334_Audit%20Report_2016.pdf
NC066,Karoo Hoogland,2016,qualified,Qualified,http://mfma.treasury.gov.za/Documents/07.%20Audit%20Reports/2015-16/02.%20Local%20municipalities/NC066%20Karoo%20Hoogland/NC066%20Karoo%20Hoogland%20Audit%20report%202015-16.pdf
NC067,Khai-Ma,2016,unqualified_emphasis_of_matter,Unqualified - Emphasis of Matter items,http://mfma.treasury.gov.za/Documents/07.%20Audit%20Reports/2015-16/02.%20Local%20municipalities/NC067%20Khai%20Ma/NC067%20Khai-Ma%20Audit%20report%202015-16.pdf
NC071,Ubuntu,2016,disclaimer,Disclaimer of opinion,http://mfma.treasury.gov.za/Documents/07.%20Audit%20Reports/2015-16/02.%20Local%20municipalities/NC071%20Ubuntu/NC071%20Ubuntu%20Audit%20report%202015-16.pdf
NC072,Umsobomvu,2016,unqualified_emphasis_of_matter,Unqualified - Emphasis of Matter items,http://mfma.treasury.gov.za/Documents/07.%20Audit%20Reports/2015-16/02.%20Local%20municipalities/NC072%20Umsobomvu/NC072%20Umsobomvu%20Audit%20report%202015-16.pdf
NC073,Emthanjeni,2016,unqualified_emphasis_of_matter,Unqualified - Emphasis of Matter items,http://mfma.treasury.gov.za/Documents/07.%20Audit%20Reports/2015-16/02.%20Local%20municipalities/NC073%20Emthanjeni/NC073%20Emthanjeni%20Audit%20report%202015-16.pdf
NC074,Kareeberg,2016,unqualified_emphasis_of_matter,Unqualified - Emphasis of Matter items,http://mfma.treasury.gov.za/Documents/07.%20Audit%20Reports/2015-16/02.%20Local%20municipalities/NC074%20Kareeberg/NC074%20Kareeberg%20Audit%20Report%202015-16.pdf
NC076,Thembelihle,2016,qualified,Qualified,http://mfma.treasury.gov.za/Documents/07.%20Audit%20Reports/2015-16/02.%20Local%20municipalities/NC076%20Thembelihle/NC076%20Thembelihle%20Audit%20report%202015-16.pdf
NC077,Siyathemba,2016,disclaimer,Disclaimer of opinion,http://mfma.treasury.gov.za/Documents/07.%20Audit%20Reports/2015-16/02.%20Local%20municipalities/NC077%20Siyathemba/NC077%20Siyathemba%20Audit%20report%202015-16.pdf
NC078,Siyancuma,2016,qualified,Qualified,http://mfma.treasury.gov.za/Documents/07.%20Audit%20Reports/2015-16/02.%20Local%20municipalities/NC078%20Siyancuma/NC078%20Siyacuma%20Audit%20report%202015-16.pdf
NC085,Tsantsabane,2016,qualified,Qualified,http://mfma.treasury.gov.za/Documents/07.%20Audit%20Reports/2015-16/02.%20Local%20municipalities/NC085%20Tsantsabane/NC085%20Tsantsabane%20Audit%20report%202015-16.pdf
NC086,Kgatelopele,2016,qualified,Qualified,http://mfma.treasury.gov.za/Documents/07.%20Audit%20Reports/2015-16/02.%20Local%20municipalities/NC086%20Kgatelopele/NC086%20Kgatelopele%20Audit%20report%202015-16.pdf
NC091,Sol Plaatje,2016,unqualified_emphasis_of_matter,Unqualified - Emphasis of Matter items,http://mfma.treasury.gov.za/Documents/07.%20Audit%20Reports/2015-16/02.%20Local%20municipalities/NC091%20Sol%20Plaatje/NC091%20Sol%20Plaatje%20Audit%20report%202015-16.pdf
NC092,Dikgatlong,2016,qualified,Qualified,http://mfma.treasury.gov.za/Documents/07.%20Audit%20Reports/2015-16/02.%20Local%20municipalities/NC092%20Dikgatlong/NC092%20Dikgatlong%20Audit%20report%20%202015-16.pdf
NC093,Magareng,2016,qualified,Qualified,http://mfma.treasury.gov.za/Documents/07.%20Audit%20Reports/2015-16/02.%20Local%20municipalities/NC093%20Magareng/NC093%20Magareng%20Audit%20report%202015-16.pdf
NC094,Phokwane,2016,disclaimer,Disclaimer of opinion,http://mfma.treasury.gov.za/Documents/07.%20Audit%20Reports/2015-16/02.%20Local%20municipalities/NC094%20Phokwane/NC094%20Phokwane%20Audit%20report%202015-16.pdf
NC451,Joe Morolong,2016,disclaimer,Disclaimer of opinion,http://mfma.treasury.gov.za/Documents/07.%20Audit%20Reports/2015-16/02.%20Local%20municipalities/NC451%20Joe%20Morolong/NC451%20Joe%20Morolong%20Audit%20report%202015-16.pdf
NC452,Ga-Segonyana,2016,disclaimer,Disclaimer of opinion,http://mfma.treasury.gov.za/Documents/07.%20Audit%20Reports/2015-16/02.%20Local%20municipalities/NC452%20Ga-Segonyana/NC452%20Ga-Segonyana%20Audit%20Report%202015-16.pdf
NC453,Gamagara,2016,unqualified_emphasis_of_matter,Unqualified - Emphasis of Matter items,http://mfma.treasury.gov.za/Documents/07.%20Audit%20Reports/2015-16/02.%20Local%20municipalities/NC453%20Gamagara/NC453%20Gamagara%20Audit%20report%202015-16.pdf
NW371,Moretele,2016,qualified,Qualified,http://mfma.treasury.gov.za/Documents/07.%20Audit%20Reports/2015-16/02.%20Local%20municipalities/NW371%20Moretele/NW371%20Moretele%20Audit%20Report%202015-16.pdf
NW372,Madibeng,2016,disclaimer,Disclaimer of opinion,http://mfma.treasury.gov.za/Documents/07.%20Audit%20Reports/2015-16/02.%20Local%20municipalities/NW372%20Madibeng/NW372%20Madibeng%20Audit%20report%202015-16.pdf
NW373,Rustenburg,2016,qualified,Qualified,http://mfma.treasury.gov.za/Documents/07.%20Audit%20Reports/2015-16/02.%20Local%20municipalities/NW373%20Rustenburg/NW373%20Rustenburg%20Audt%20report%202015-16.pdf
NW374,Kgetlengrivier,2016,unqualified_emphasis_of_matter,Unqualified - Emphasis of Matter items,http://mfma.treasury.gov.za/Documents/07.%20Audit%20Reports/2015-16/02.%20Local%20municipalities/NW374%20Kgetlengrivier/NW374%20Kgetlengrivier%20Audit%20report%202015-16.pdf
NW375,Moses Kotane,2016,qualified,Qualified,http://mfma.treasury.gov.za/Documents/07.%20Audit%20Reports/2015-16/02.%20Local%20municipalities/NW375%20Moses%20Kotane/NW375%20Moses%20Kotane%20Audit%20report%202015-16.pdf
NW381,Ratlou,2016,qualified,Qualified,http://mfma.treasury.gov.za/Documents/07.%20Audit%20Reports/2015-16/02.%20Local%20municipalities/NW381%20Ratlou/NW381%20Ratlou%20Audit%20report%202015-16.pdf
NW382,Tswaing,2016,qualified,Qualified,http://mfma.treasury.gov.za/Documents/07.%20Audit%20Reports/2015-16/02.%20Local%20municipalities/NW382%20Tswaing/NW382%20Tswaing%20Audit%20report%202015-16.pdf
NW383,Mafikeng,2016,disclaimer,Disclaimer of opinion,http://mfma.treasury.gov.za/Documents/07.%20Audit%20Reports/2015-16/02.%20Local%20municipalities/NW383%20Mafikeng/NW383%20Mafikeng%20Audit%20report%202015-16.pdf
NW385,Ramotshere Moiloa,2016,qualified,Qualified,http://mfma.treasury.gov.za/Documents/07.%20Audit%20Reports/2015-16/02.%20Local%20municipalities/NW385%20Ramotshere%20Moiloa/NW385%20Ramotshere%20Moiloa%20Audit%20report%202015-16.pdf
NW392,Naledi (NW),2016,unqualified_emphasis_of_matter,Unqualified - Emphasis of Matter items,http://mfma.treasury.gov.za/Documents/07.%20Audit%20Reports/2015-16/02.%20Local%20municipalities/NW392%20Naledi
NW393,Mamusa,2016,disclaimer,Disclaimer of opinion,http://mfma.treasury.gov.za/Documents/07.%20Audit%20Reports/2015-16/02.%20Local%20municipalities/NW393%20Mamusa/NW393%20Mamusa%20Audit%20report%202015-16.pdf
NW394,Greater Taung,2016,qualified,Qualified,http://mfma.treasury.gov.za/Documents/07.%20Audit%20Reports/2015-16/02.%20Local%20municipalities/NW394%20Greater%20Taung/NW394%20Greater%20Taung%20Audit%20report%202015-16.pdf
NW396,Lekwa-Teemane,2016,disclaimer,Disclaimer of opinion,http://mfma.treasury.gov.za/Documents/07.%20Audit%20Reports/2015-16/02.%20Local%20municipalities/NW396%20Lekwa%20Teemane/NW396%20Lekwa-Teemane%20Audit%20report%202015-16.pdf
NW397,Kagisano-Molopo,2016,unqualified_emphasis_of_matter,Unqualified - Emphasis of Matter items,http://mfma.treasury.gov.za/Documents/07.%20Audit%20Reports/2015-16/02.%20Local%20municipalities/NW397%20Kagisano-Molopo/NW397%20Kagisano-Molopo%20Audit%20report%202015-16.pdf
NW403,City of Matlosana,2016,qualified,Qualified,http://mfma.treasury.gov.za/Documents/07.%20Audit%20Reports/2015-16/02.%20Local%20municipalities/NW403%20City%20of%20Matlosana/NW403%20City%20of%20Matlosana%20Audit%20report%202015-16.pdf
NW404,Maquassi Hills,2016,qualified,Qualified,http://mfma.treasury.gov.za/Documents/07.%20Audit%20Reports/2015-16/02.%20Local%20municipalities/NW404%20Maquassi%20Hills/NW404%20Maquassi%20Hills%20Audit%20report%202015-16.pdf
WC011,Matzikama,2016,unqualified,Unqualified - No findings,http://mfma.treasury.gov.za/Documents/07.%20Audit%20Reports/2015-16/02.%20Local%20municipalities/WC011%20Matzikama/WC011%20Matzikama%20Audit%20report%202015-16.pdf
WC012,Cederberg,2016,unqualified_emphasis_of_matter,Unqualified - Emphasis of Matter items,http://mfma.treasury.gov.za/Documents/07.%20Audit%20Reports/2015-16/02.%20Local%20municipalities/WC012%20Cederberg/WC012%20Cederberg%20Audit%20report%202015-16.pdf
WC013,Bergrivier,2016,unqualified,Unqualified - No findings,http://mfma.treasury.gov.za/Documents/07.%20Audit%20Reports/2015-16/02.%20Local%20municipalities/WC013%20Bergrivier/WC013%20Bergrivier%20Audit%20report%202015-16.pdf
WC014,Saldanha Bay,2016,unqualified,Unqualified - No findings,http://mfma.treasury.gov.za/Documents/07.%20Audit%20Reports/2015-16/02.%20Local%20municipalities/WC014%20Saldanha%20Bay/WC014%20Saldanha%20Bay%20Audit%20report%202015-16.pdf
WC015,Swartland,2016,unqualified,Unqualified - No findings,http://mfma.treasury.gov.za/Documents/07.%20Audit%20Reports/2015-16/02.%20Local%20municipalities/WC015%20Swartland/WC015%20Swartland%20Audit%20report%202015-16.pdf
WC022,Witzenberg,2016,unqualified,Unqualified - No findings,http://mfma.treasury.gov.za/Documents/07.%20Audit%20Reports/2015-16/02.%20Local%20municipalities/WC022%20Witzenberg/WC022%20Witzenberg%20Audit%20report%202015-16.pdf
WC023,Drakenstein,2016,unqualified,Unqualified - No findings,http://mfma.treasury.gov.za/Documents/07.%20Audit%20Reports/2015-16/02.%20Local%20municipalities/WC023%20Drakenstein/WC023%20Drakenstein%20Audit%20report%202015-16.pdf
WC024,Stellenbosch,2016,unqualified,Unqualified - No findings,http://mfma.treasury.gov.za/Documents/07.%20Audit%20Reports/2015-16/02.%20Local%20municipalities/WC024%20Stellenbosch/WC024%20Stellenbosch%20Audit%20report%202015-16.pdf
WC025,Breede Valley,2016,unqualified,Unqualified - No findings,http://mfma.treasury.gov.za/Documents/07.%20Audit%20Reports/2015-16/02.%20Local%20municipalities/WC025%20Breede%20Valley/WC025%20Breede%20Valley%20Audit%20report%202015-16.pdf
WC026,Langeberg,2016,unqualified,Unqualified - No findings,http://mfma.treasury.gov.za/Documents/07.%20Audit%20Reports/2015-16/02.%20Local%20municipalities/WC026%20Langerberg/WC026%20Langeberg%20Audit%20report%202015-16.pdf
WC031,Theewaterskloof,2016,unqualified,Unqualified - No findings,http://mfma.treasury.gov.za/Documents/07.%20Audit%20Reports/2015-16/02.%20Local%20municipalities/WC031%20Theewaterskloof/WC031%20Theewaterskloof%20Audit%20report%202015-16.pdf
WC032,Overstrand,2016,unqualified,Unqualified - No findings,http://mfma.treasury.gov.za/Documents/07.%20Audit%20Reports/2015-16/02.%20Local%20municipalities/WC032%20Overstrand/WC032%20Overstrand%20Audit%20report%202015-16.pdf
DC39,Dr Ruth Segomotsi Mompati,2019,disclaimer,Disclaimer of opinion,
WC033,Cape Agulhas,2016,unqualified,Unqualified - No findings,http://mfma.treasury.gov.za/Documents/07.%20Audit%20Reports/2015-16/02.%20Local%20municipalities/WC033%20Cape%20Agulhas/WC033%20Cape%20Agulhas%20Audit%20report%202015-16.pdf
WC034,Swellendam,2016,unqualified,Unqualified - No findings,http://mfma.treasury.gov.za/Documents/07.%20Audit%20Reports/2015-16/02.%20Local%20municipalities/WC034%20Swellendam/WC034%20Swellendam%20Audit%20report%202015-16.pdf
WC041,Kannaland,2016,disclaimer,Disclaimer of opinion,http://mfma.treasury.gov.za/Documents/07.%20Audit%20Reports/2015-16/02.%20Local%20municipalities/WC041%20Kannaland/WC041%20Kannaland%20Audit%20report%202015-2016.pdf
WC042,Hessequa,2016,unqualified,Unqualified - No findings,http://mfma.treasury.gov.za/Documents/07.%20Audit%20Reports/2015-16/02.%20Local%20municipalities/WC042%20Hessequa/WC042%20Hessequa%20Audit%20report%202015-16.pdf
WC043,Mossel Bay,2016,unqualified,Unqualified - No findings,http://mfma.treasury.gov.za/Documents/07.%20Audit%20Reports/2015-16/02.%20Local%20municipalities/WC043%20Mossel%20Bay/WC043%20Mossel%20Bay%20Audit%20Report%202015-16.pdf
WC044,George,2016,unqualified,Unqualified - No findings,http://mfma.treasury.gov.za/Documents/07.%20Audit%20Reports/2015-16/02.%20Local%20municipalities/WC044%20George/WC044%20George%20Audit%20report%202015-16.pdf
WC051,Laingsburg,2016,unqualified_emphasis_of_matter,Unqualified - Emphasis of Matter items,http://mfma.treasury.gov.za/Documents/07.%20Audit%20Reports/2015-16/02.%20Local%20municipalities/WC051%20Laingsburg/WC051%20Laingsburg%20Audit%20report%202015-16.pdf
WC052,Prince Albert,2016,unqualified_emphasis_of_matter,Unqualified - Emphasis of Matter items,http://mfma.treasury.gov.za/Documents/07.%20Audit%20Reports/2015-16/02.%20Local%20municipalities/WC052%20Prince%20Albert/WC052%20Prince%20Albert%20Audit%20report%202015-16.pdf
WC053,Beaufort West,2016,unqualified_emphasis_of_matter,Unqualified - Emphasis of Matter items,http://mfma.treasury.gov.za/Documents/07.%20Audit%20Reports/2015-16/02.%20Local%20municipalities/WC053%20Beaufort%20West/WC053%20Beaufort%20West%20Audit%20report%202015-16.pdf
DC1,West Coast,2016,unqualified,Unqualified - No findings,http://mfma.treasury.gov.za/Documents/07.%20Audit%20Reports/2015-16/03.%20District%20municipalities/DC1%20West%20Coast/DC1%20West%20Coast%20Audit%20report%202015-16.pdf
DC10,Sarah Baartman,2016,unqualified_emphasis_of_matter,Unqualified - Emphasis of Matter items,http://mfma.treasury.gov.za/Documents/07.%20Audit%20Reports/2015-16/03.%20District%20municipalities/DC10%20Sarah%20Baartman
DC14,Joe Gqabi,2016,unqualified,Unqualified - No findings,http://mfma.treasury.gov.za/Documents/07.%20Audit%20Reports/2015-16/03.%20District%20municipalities/DC14%20Joe%20Gqabi/DC14%20Joe%20Gqabi%20Audit%20report%202015-16.pdf
DC15,O R Tambo,2016,qualified,Qualified,http://mfma.treasury.gov.za/Documents/07.%20Audit%20Reports/2015-16/03.%20District%20municipalities/DC15%20O%20R%20Tambo/DC15%20O%20R%20Tambo%20Audit%20report%202015-16.pdf
DC16,Xhariep,2016,unqualified_emphasis_of_matter,Unqualified - Emphasis of Matter items,http://mfma.treasury.gov.za/Documents/07.%20Audit%20Reports/2015-16/03.%20District%20municipalities/DC16%20Xhariep/DC16%20Xhariep%20Audit%20report%202015-16.pdf
DC19,Thabo Mofutsanyana,2016,unqualified_emphasis_of_matter,Unqualified - Emphasis of Matter items,http://mfma.treasury.gov.za/Documents/07.%20Audit%20Reports/2015-16/03.%20District%20municipalities/DC19%20Thabo%20Mofutsanyana/DC19%20Thabo%20Mofutsanyana%20Audit%20Report%202015-16.pdf
DC2,Cape Winelands DM,2016,unqualified,Unqualified - No findings,http://mfma.treasury.gov.za/Documents/07.%20Audit%20Reports/2015-16/03.%20District%20municipalities/DC2%20Cape%20Winelands/DC2%20Cape%20Winelands%20Audit%20report%202015-16.PDF
DC21,Ugu,2016,unqualified_emphasis_of_matter,Unqualified - Emphasis of Matter items,http://mfma.treasury.gov.za/Documents/07.%20Audit%20Reports/2015-16/03.%20District%20municipalities/DC21%20Ugu/DC21%20Ugu%20Audit%20report%202015-16.pdf
DC22,uMgungundlovu,2016,unqualified,Unqualified - No findings,http://mfma.treasury.gov.za/Documents/07.%20Audit%20Reports/2015-16/03.%20District%20municipalities/DC22%20uMgungundlovu/DC22%20uMgungundlovu%20Audit%20Report%202015-16.pdf
DC23,Uthukela,2016,unqualified_emphasis_of_matter,Unqualified - Emphasis of Matter items,http://mfma.treasury.gov.za/Documents/07.%20Audit%20Reports/2015-16/03.%20District%20municipalities/DC23%20uThukela/DC23%20Uthukela%20Audit%20report%202015-16.pdf
DC24,Umzinyathi,2016,qualified,Qualified,http://mfma.treasury.gov.za/Documents/07.%20Audit%20Reports/2015-16/03.%20District%20municipalities/DC24%20Umzinyathi/DC24%20Umzinyathi%20Audit%20report%202015-16.pdf
DC25,Amajuba,2016,qualified,Qualified,http://mfma.treasury.gov.za/Documents/07.%20Audit%20Reports/2015-16/03.%20District%20municipalities/DC25%20Amajuba/DC25%20Amajuba%20Audit%20Report%202015-16.pdf
DC26,Zululand,2016,unqualified_emphasis_of_matter,Unqualified - Emphasis of Matter items,http://mfma.treasury.gov.za/Documents/07.%20Audit%20Reports/2015-16/03.%20District%20municipalities/DC26%20Zululand/DC26%20Zululand%20Audit%20Report%202015-16.pdf
DC27,Umkhanyakude,2016,adverse,Adverse opinion,http://mfma.treasury.gov.za/Documents/07.%20Audit%20Reports/2015-16/03.%20District%20municipalities/DC27%20Umkhanyakude
DC28,King Cetshwayo,2016,unqualified,Unqualified - No findings,http://mfma.treasury.gov.za/Documents/07.%20Audit%20Reports/2015-16/03.%20District%20municipalities/DC28%20uThungulu/DC28%20uThungulu%20Audit%20report%202015-16.pdf
DC29,iLembe,2016,unqualified,Unqualified - No findings,http://mfma.treasury.gov.za/Documents/07.%20Audit%20Reports/2015-16/03.%20District%20municipalities/DC29%20ilembe/DC29%20iLembe%20Audit%20report%202015-16.pdf
DC3,Overberg,2016,unqualified,Unqualified - No findings,http://mfma.treasury.gov.za/Documents/07.%20Audit%20Reports/2015-16/03.%20District%20municipalities/DC3%20Overberg/DC3%20Overberg%20Audit%20report%202015-16.pdf
DC31,Nkangala,2016,unqualified,Unqualified - No findings,http://mfma.treasury.gov.za/Documents/07.%20Audit%20Reports/2015-16/03.%20District%20municipalities/DC31%20Nkangala/DC31%20Nkangala%20Audit%20report%202015-16.pdf
DC33,Mopani,2016,adverse,Adverse opinion,http://mfma.treasury.gov.za/Documents/07.%20Audit%20Reports/2015-16/03.%20District%20municipalities/DC33%20Mopani/DC33%20Mopani%20Audit%20report%202015-16.pdf
DC34,Vhembe,2016,disclaimer,Disclaimer of opinion,http://mfma.treasury.gov.za/Documents/07.%20Audit%20Reports/2015-16/03.%20District%20municipalities/DC34%20Vhembe/DC34%20Vhembe%20Audit%20report%202015-16.pdf
DC37,Bojanala Platinum,2016,disclaimer,Disclaimer of opinion,http://mfma.treasury.gov.za/Documents/07.%20Audit%20Reports/2015-16/03.%20District%20municipalities/DC37%20Bojanala%20Platinum/DC37%20Bojanala%20Platinum%20Audit%20report%202015-16.pdf
DC38,Ngaka Modiri Molema,2016,disclaimer,Disclaimer of opinion,http://mfma.treasury.gov.za/Documents/07.%20Audit%20Reports/2015-16/03.%20District%20municipalities/DC38%20Ngaka%20Modiri%20Molema/DC38%20Ngaka%20Modiri%20Molema%20Audit%20report%202015-16.pdf
DC39,Dr Ruth Segomotsi Mompati,2016,unqualified_emphasis_of_matter,Unqualified - Emphasis of Matter items,http://mfma.treasury.gov.za/Documents/07.%20Audit%20Reports/2015-16/03.%20District%20municipalities/DC39%20Dr%20Ruth%20Segomotsi%20Mompati/DC39%20Dr%20Ruth%20Segomotsi%20Mompati%20Audit%20report%202015-16.pdf
DC4,Garden Route,2016,unqualified,Unqualified - No findings,http://mfma.treasury.gov.za/Documents/07.%20Audit%20Reports/2015-16/03.%20District%20municipalities/DC4%20Eden/DC4%20Eden%20Audit%20report%202015-16.pdf
DC40,Dr Kenneth Kaunda,2016,qualified,Qualified,http://mfma.treasury.gov.za/Documents/07.%20Audit%20Reports/2015-16/03.%20District%20municipalities/DC40%20Dr%20Kenneth%20Kaunda/DC40%20Dr%20Kenneth%20Kaunda%20Audit%20report%202015-16.pdf
DC42,Sedibeng,2016,unqualified_emphasis_of_matter,Unqualified - Emphasis of Matter items,http://mfma.treasury.gov.za/Documents/07.%20Audit%20Reports/2015-16/03.%20District%20municipalities/DC42%20Sedibeng/DC42%20Sedibeng%20Audit%20Report%202015-16.pdf
DC43,Harry Gwala,2016,unqualified_emphasis_of_matter,Unqualified - Emphasis of Matter items,http://mfma.treasury.gov.za/Documents/07.%20Audit%20Reports/2015-16/03.%20District%20municipalities/DC43%20Harry%20Gwala
DC44,Alfred Nzo,2016,qualified,Qualified,http://mfma.treasury.gov.za/Documents/07.%20Audit%20Reports/2015-16/03.%20District%20municipalities/DC44%20Alfred%20Nzo/DC44%20Alfred%20Nzo%20Audit%20report%202015-16.pdf
DC45,John Taolo Gaetsewe,2016,unqualified_emphasis_of_matter,Unqualified - Emphasis of Matter items,http://mfma.treasury.gov.za/Documents/07.%20Audit%20Reports/2015-16/03.%20District%20municipalities/DC45%20John%20Taolo%20Gaetsewe/DC45%20John%20Taolo%20Geatsewe%20Audit%20report%202015-16.pdf
DC47,Sekhukhune,2016,unqualified_emphasis_of_matter,Unqualified - Emphasis of Matter items,http://mfma.treasury.gov.za/Documents/07.%20Audit%20Reports/2015-16/03.%20District%20municipalities/DC47%20Sekhukhune/DC47%20Sekhukhune%20Audit%20report%202015-16.pdf
DC48,West Rand,2016,unqualified_emphasis_of_matter,Unqualified - Emphasis of Matter items,http://mfma.treasury.gov.za/Documents/07.%20Audit%20Reports/2015-16/03.%20District%20municipalities/DC48%20West%20Rand/DC48%20West%20Rand%20Consolidated%20Audit%20report%202015-16.pdf
DC5,Central Karoo,2016,unqualified,Unqualified - No findings,http://mfma.treasury.gov.za/Documents/07.%20Audit%20Reports/2015-16/03.%20District%20municipalities/DC5%20Central%20Karoo
DC6,Namakwa,2016,unqualified_emphasis_of_matter,Unqualified - Emphasis of Matter items,http://mfma.treasury.gov.za/Documents/07.%20Audit%20Reports/2015-16/03.%20District%20municipalities/DC6%20Namakwa/DC6%20Namakwa%20Audit%20report%202015-16.pdf
DC7,Pixley Ka Seme (NC),2016,unqualified_emphasis_of_matter,Unqualified - Emphasis of Matter items,http://mfma.treasury.gov.za/Documents/07.%20Audit%20Reports/2015-16/03.%20District%20municipalities/DC7%20Pixley%20Ka%20Seme/DC7%20Pixley%20Ka%20Seme%20Audit%20Report%202015-16.pdf
DC8,Z F Mgcawu,2016,unqualified,Unqualified - No findings,http://mfma.treasury.gov.za/Documents/07.%20Audit%20Reports/2015-16/03.%20District%20municipalities/DC8%20Z%20F%20Mgcawu/DC8%20Z%20F%20Mgcawu%20Audit%20report%202015-16.pdf
DC9,Frances Baard,2016,unqualified,Unqualified - No findings,http://mfma.treasury.gov.za/Documents/07.%20Audit%20Reports/2015-16/03.%20District%20municipalities/DC9%20Frances%20Baard/DC9%20Frances%20Baard%20Audit%20report%202015-16.pdf
CPT,Cape Town,2015,unqualified,Unqualified - No findings,http://mfma.treasury.gov.za/Documents/07.%20Audit%20Reports/2014-15/01.%20Metros/CPT%20City%20of%20Cape%20Town/CPT%20Cape%20Town%20Audit%20report%202014-15.pdf
EKU,City of Ekurhuleni,2015,unqualified,Unqualified - No findings,http://mfma.treasury.gov.za/Documents/07.%20Audit%20Reports/2014-15/01.%20Metros/EKU%20Ekurhuleni
ETH,eThekwini,2015,unqualified,Unqualified - No findings,http://mfma.treasury.gov.za/Documents/07.%20Audit%20Reports/2014-15/01.%20Metros/ETH%20eThekwini/ETH%20eThekwini%20Group%20Final%20Audit%20report%202014-15.pdf
JHB,City of Johannesburg,2015,unqualified_emphasis_of_matter,Unqualified - Emphasis of Matter items,http://mfma.treasury.gov.za/Documents/07.%20Audit%20Reports/2014-15/01.%20Metros/JHB%20City%20of%20Johannesburg/JHB%20City%20of%20Johannesburg%20Audit%20report%202014-15.pdf
MAN,Mangaung,2015,unqualified_emphasis_of_matter,Unqualified - Emphasis of Matter items,http://mfma.treasury.gov.za/Documents/07.%20Audit%20Reports/2014-15/01.%20Metros/MAN%20Mangaung/MAN%20Mangaung%20Audit%20report%202014-15.pdf
NMA,Nelson Mandela Bay,2015,qualified,Qualified,http://mfma.treasury.gov.za/Documents/07.%20Audit%20Reports/2014-15/01.%20Metros/NMA%20Nelson%20Mandela%20Bay/NMA%20Nelson%20Mandela%20Bay%20Audit%20report%202014-15.pdf
TSH,City of Tshwane,2015,unqualified_emphasis_of_matter,Unqualified - Emphasis of Matter items,http://mfma.treasury.gov.za/Documents/07.%20Audit%20Reports/2014-15/01.%20Metros/TSH%20City%20of%20Tshwane/TSH%20City%20of%20Tshwane%20Group%20Audit%20report%202014-15.pdf
EC101,Dr Beyers Naude,2015,unqualified_emphasis_of_matter,Unqualified - Emphasis of Matter items,http://mfma.treasury.gov.za/Documents/07.%20Audit%20Reports/2014-15/02.%20Local%20municipalities/EC101%20Camdeboo/EC101%20Camdeboo%20Audit%20report%202014-15.pdf
EC102,Blue Crane Route,2015,unqualified_emphasis_of_matter,Unqualified - Emphasis of Matter items,http://mfma.treasury.gov.za/Documents/07.%20Audit%20Reports/2014-15/02.%20Local%20municipalities/EC102%20Blue%20Crane%20Route
EC104,Makana,2015,qualified,Qualified,http://mfma.treasury.gov.za/Documents/07.%20Audit%20Reports/2014-15/02.%20Local%20municipalities/EC104%20Makana/EC104%20Makana%20Audit%20report%202014-15.pdf
EC105,Ndlambe,2015,qualified,Qualified,http://mfma.treasury.gov.za/Documents/07.%20Audit%20Reports/2014-15/02.%20Local%20municipalities/EC105%20Ndlambe/EC105%20Ndlambe%20Audit%20report%202014-15.pdf
EC106,Sundays River Valley,2015,disclaimer,Disclaimer of opinion,http://mfma.treasury.gov.za/Documents/07.%20Audit%20Reports/2014-15/02.%20Local%20municipalities/EC106%20Sunday%20River%20Valley/EC106%20Sundays%20River%20Valley%20Audit%20report%202014-15.pdf
EC107,Baviaans,2015,unqualified_emphasis_of_matter,Unqualified - Emphasis of Matter items,http://mfma.treasury.gov.za/Documents/07.%20Audit%20Reports/2014-15/02.%20Local%20municipalities/EC107%20Baviaans/EC107%20Baviaans%20Audit%20report%202014-15.pdf
EC108,Kouga,2015,unqualified_emphasis_of_matter,Unqualified - Emphasis of Matter items,http://mfma.treasury.gov.za/Documents/07.%20Audit%20Reports/2014-15/02.%20Local%20municipalities/EC108%20Kouga/EC108%20Kouga%20Audit%20Report%202014-15.pdf
EC109,Kou-Kamma,2015,unqualified_emphasis_of_matter,Unqualified - Emphasis of Matter items,http://mfma.treasury.gov.za/Documents/07.%20Audit%20Reports/2014-15/02.%20Local%20municipalities/EC109%20Koukamma/EC109%20Koukamma%20Audit%20report%202014-15.pdf
EC121,Mbhashe,2015,qualified,Qualified,http://mfma.treasury.gov.za/Documents/07.%20Audit%20Reports/2014-15/02.%20Local%20municipalities/EC121%20Mbhashe/EC121%20Mbhashe%20Audit%20Report%202014-15.pdf
EC122,Mnquma,2015,qualified,Qualified,http://mfma.treasury.gov.za/Documents/07.%20Audit%20Reports/2014-15/02.%20Local%20municipalities/EC122%20Mnquma/EC122%20Mnquma%20Audit%20report%202014-15.pdf
EC124,Amahlathi,2015,unqualified_emphasis_of_matter,Unqualified - Emphasis of Matter items,http://mfma.treasury.gov.za/Documents/07.%20Audit%20Reports/2014-15/02.%20Local%20municipalities/EC124%20Amahlathi/EC124%20Amahlathi%20Audit%20Report%202014-15.pdf
EC126,Ngqushwa,2015,qualified,Qualified,http://mfma.treasury.gov.za/Documents/07.%20Audit%20Reports/2014-15/02.%20Local%20municipalities/EC126%20Ngqushwa/EC126%20Ngqushwa%20Audit%20report%202014-15.pdf
EC127,Nkonkobe,2015,qualified,Qualified,http://mfma.treasury.gov.za/Documents/07.%20Audit%20Reports/2014-15/02.%20Local%20municipalities/EC127%20Nkonkobe/EC127%20Nkonkobe%20Audit%20report%202014-15.pdf
EC128,Nxuba,2015,unqualified_emphasis_of_matter,Unqualified - Emphasis of Matter items,http://mfma.treasury.gov.za/Documents/07.%20Audit%20Reports/2014-15/02.%20Local%20municipalities/EC128%20Nxuba/EC128%20Nxuba%20Audit%20report%202014-15.pdf
EC131,Inxuba Yethemba,2015,disclaimer,Disclaimer of opinion,http://mfma.treasury.gov.za/Documents/07.%20Audit%20Reports/2014-15/02.%20Local%20municipalities/EC131%20Inxuba%20Yethemba/EC131%20Inxuna%20Yethemba%20Audit%20Report%202014-15.pdf
EC133,Inkwanca,2015,disclaimer,Disclaimer of opinion,http://mfma.treasury.gov.za/Documents/07.%20Audit%20Reports/2014-15/02.%20Local%20municipalities/EC133%20Inkwanca/EC133%20Inkwanca%20Audit%20report%202014-15.pdf
EC134,Lukanji,2015,qualified,Qualified,http://mfma.treasury.gov.za/Documents/07.%20Audit%20Reports/2014-15/02.%20Local%20municipalities/EC134%20Lukhanji/EC134%20Lukhanji%20Audit%20report%202014-15.pdf
EC135,Vuyisile Mini,2015,unqualified_emphasis_of_matter,Unqualified - Emphasis of Matter items,http://mfma.treasury.gov.za/Documents/07.%20Audit%20Reports/2014-15/02.%20Local%20municipalities/EC135%20Intsika%20Yethu/EC135%20Intsika%20Yethu%20Audit%20report%202014-15.pdf
EC136,Emalahleni (EC),2015,unqualified_emphasis_of_matter,Unqualified - Emphasis of Matter items,http://mfma.treasury.gov.za/Documents/07.%20Audit%20Reports/2014-15/02.%20Local%20municipalities/EC136%20Emalahleni/EC136%20Emalahleni%20Audit%20report%202014-15.pdf
EC137,Dr. A.B. Xuma,2015,unqualified_emphasis_of_matter,Unqualified - Emphasis of Matter items,http://mfma.treasury.gov.za/Documents/07.%20Audit%20Reports/2014-15/02.%20Local%20municipalities/EC137%20Engcobo/EC137%20Engcobo%20Audit%20report%202014-15.pdf
EC138,Sakhisizwe,2015,unqualified_emphasis_of_matter,Unqualified - Emphasis of Matter items,http://mfma.treasury.gov.za/Documents/07.%20Audit%20Reports/2014-15/02.%20Local%20municipalities/EC138%20Sakhisizwe/EC138%20Sakhisizwe%20Audit%20report%202014-15.pdf
EC141,Elundini,2015,unqualified_emphasis_of_matter,Unqualified - Emphasis of Matter items,http://mfma.treasury.gov.za/Documents/07.%20Audit%20Reports/2014-15/02.%20Local%20municipalities/EC141%20Elundini/EC141%20Elundini%20Audit%20report%202014-15.pdf
EC142,Senqu,2015,unqualified,Unqualified - No findings,http://mfma.treasury.gov.za/Documents/07.%20Audit%20Reports/2014-15/02.%20Local%20municipalities/EC142%20Senqu/EC142%20Senqu%20Audit%20report%202014-15.pdf
EC143,Maletswai,2015,unqualified_emphasis_of_matter,Unqualified - Emphasis of Matter items,http://mfma.treasury.gov.za/Documents/07.%20Audit%20Reports/2014-15/02.%20Local%20municipalities/EC143%20Matswai/EC143%20Maletswai%20Audit%20report%202014-15.pdf
EC153,Ngquza Hills,2015,unqualified,Unqualified - No findings,http://mfma.treasury.gov.za/Documents/07.%20Audit%20Reports/2014-15/02.%20Local%20municipalities/EC153%20Ngquza%20Hills/EC153%20Ngquza%20Hills%20Audit%20report%202014-15%20.pdf
EC154,Port St Johns,2015,disclaimer,Disclaimer of opinion,http://mfma.treasury.gov.za/Documents/07.%20Audit%20Reports/2014-15/02.%20Local%20municipalities/EC154%20Port%20St%20Johns/EC154%20Port%20St%20Johns%20Audit%20report%202014-15.pdf
EC155,Nyandeni,2015,unqualified_emphasis_of_matter,Unqualified - Emphasis of Matter items,http://mfma.treasury.gov.za/Documents/07.%20Audit%20Reports/2014-15/02.%20Local%20municipalities/EC155%20Nyandeni/EC155%20Nyandeni%20Audit%20Report%202014-15.pdf
EC157,King Sabata Dalindyebo,2015,qualified,Qualified,http://mfma.treasury.gov.za/Documents/07.%20Audit%20Reports/2014-15/02.%20Local%20municipalities/EC157%20King%20Sabata%20Dalindyebo/EC157%20King%20Sabata%20Dalindyebo%20Audit%20report%202014-15.pdf
EC441,Matatiele,2015,unqualified,Unqualified - No findings,http://mfma.treasury.gov.za/Documents/07.%20Audit%20Reports/2014-15/02.%20Local%20municipalities/EC441%20Matatiele/EC441%20Matatiele%20Audit%20report%202014-15.pdf
EC442,Umzimvubu,2015,unqualified_emphasis_of_matter,Unqualified - Emphasis of Matter items,http://mfma.treasury.gov.za/Documents/07.%20Audit%20Reports/2014-15/02.%20Local%20municipalities/EC442%20Umzimvubu/EC442%20Umzimvubu%20Audit%20report%202014-15.pdf
EC443,Winnie Madikizela-Mandela,2015,qualified,Qualified,http://mfma.treasury.gov.za/Documents/07.%20Audit%20Reports/2014-15/02.%20Local%20municipalities/EC443%20Mbizana/EC443%20Mbizana%20Audit%20report%202014-15.pdf
EC444,Ntabankulu,2015,qualified,Qualified,http://mfma.treasury.gov.za/Documents/07.%20Audit%20Reports/2014-15/02.%20Local%20municipalities/EC444%20Ntabankulu/EC444%20Ntabankulu%20Audit%20report%202014-15.pdf
FS161,Letsemeng,2015,qualified,Qualified,http://mfma.treasury.gov.za/Documents/07.%20Audit%20Reports/2014-15/02.%20Local%20municipalities/FS161%20Letsemeng/FS161%20Letsemeng%20Audit%20report%202014-15.pdf
FS162,Kopanong,2015,qualified,Qualified,http://mfma.treasury.gov.za/Documents/07.%20Audit%20Reports/2014-15/02.%20Local%20municipalities/FS162%20Kopanong/FS162%20Kopanong%20Audit%20report%202014-15.pdf
FS163,Mohokare,2015,unqualified_emphasis_of_matter,Unqualified - Emphasis of Matter items,http://mfma.treasury.gov.za/Documents/07.%20Audit%20Reports/2014-15/02.%20Local%20municipalities/FS163%20Mohokare/FS163%20Mohokare%20Audit%20report%202014-15.pdf
FS164,Naledi,2015,qualified,Qualified,http://mfma.treasury.gov.za/Documents/07.%20Audit%20Reports/2014-15/02.%20Local%20municipalities/FS164%20Naledi/FS164%20Naledi%20Audit%20report%202014-15.pdf
FS181,Masilonyana,2015,qualified,Qualified,http://mfma.treasury.gov.za/Documents/07.%20Audit%20Reports/2014-15/02.%20Local%20municipalities/FS181%20Masilonyana/FS181%20Masilonyana%20Audit%20report%202014-15.pdf
FS182,Tokologo,2015,unqualified_emphasis_of_matter,Unqualified - Emphasis of Matter items,http://mfma.treasury.gov.za/Documents/07.%20Audit%20Reports/2014-15/02.%20Local%20municipalities/FS182%20Tokologo/FS182%20Tokologo%20Audit%20report%202014-15.pdf
FS183,Tswelopele,2015,unqualified_emphasis_of_matter,Unqualified - Emphasis of Matter items,http://mfma.treasury.gov.za/Documents/07.%20Audit%20Reports/2014-15/02.%20Local%20municipalities/FS183%20Tswelopele/FS183%20Tswelopele%20Audit%20Report%202014-15.pdf
FS184,Matjhabeng,2015,disclaimer,Disclaimer of opinion,http://mfma.treasury.gov.za/Documents/07.%20Audit%20Reports/2014-15/02.%20Local%20municipalities/FS184%20Matjhabeng/FS184%20Matjhabeng%20Audit%20report%202014-15.pdf
NC085,Tsantsabane,2015,disclaimer,Disclaimer of opinion,http://mfma.treasury.gov.za/Documents/07.%20Audit%20Reports/2014-15/02.%20Local%20municipalities/NC085%20Tsantsabane/NC085%20Tsantsabane%20Audit%20Report%202014-15.pdf
FS185,Nala,2015,unqualified_emphasis_of_matter,Unqualified - Emphasis of Matter items,http://mfma.treasury.gov.za/Documents/07.%20Audit%20Reports/2014-15/02.%20Local%20municipalities/FS185%20Nala/FS185%20Nala%20Audit%20report%202014-15.pdf
FS191,Setsoto,2015,unqualified_emphasis_of_matter,Unqualified - Emphasis of Matter items,http://mfma.treasury.gov.za/Documents/07.%20Audit%20Reports/2014-15/02.%20Local%20municipalities/FS191%20Setsoto/FS191%20Setsoto%20Audit%20report%202014-15.pdf
FS192,Dihlabeng,2015,unqualified_emphasis_of_matter,Unqualified - Emphasis of Matter items,http://mfma.treasury.gov.za/Documents/07.%20Audit%20Reports/2014-15/02.%20Local%20municipalities/FS192%20Dihlabeng/FS192%20Dihlabeng%20Audit%20report%202014-15.pdf
FS193,Nketoana,2015,qualified,Qualified,http://mfma.treasury.gov.za/Documents/07.%20Audit%20Reports/2014-15/02.%20Local%20municipalities/FS193%20Nketoana/FS193%20Nketoana%20Audit%20report%202014-15.pdf
FS194,Maluti-a-Phofung,2015,disclaimer,Disclaimer of opinion,http://mfma.treasury.gov.za/Documents/07.%20Audit%20Reports/2014-15/02.%20Local%20municipalities/FS194%20Maluti-a-Phofung/FS194%20Maluti-a-Phofung%20Audit%20report%202014-15.pdf
FS195,Phumelela,2015,unqualified_emphasis_of_matter,Unqualified - Emphasis of Matter items,http://mfma.treasury.gov.za/Documents/07.%20Audit%20Reports/2014-15/02.%20Local%20municipalities/FS195%20Phumelela/FS195%20Phumelela%20Audit%20report%202014-15.pdf
FS196,Mantsopa,2015,qualified,Qualified,http://mfma.treasury.gov.za/Documents/07.%20Audit%20Reports/2014-15/02.%20Local%20municipalities/FS196%20Mantsopa/FS196%20Mantsopa%20Audit%20report%202014-15.pdf
FS201,Moqhaka,2015,qualified,Qualified,http://mfma.treasury.gov.za/Documents/07.%20Audit%20Reports/2014-15/02.%20Local%20municipalities/FS201%20Moqhaka/FS201%20Moqhaka%20Audit%20report%202014-15.pdf
FS203,Ngwathe,2015,unqualified_emphasis_of_matter,Unqualified - Emphasis of Matter items,http://mfma.treasury.gov.za/Documents/07.%20Audit%20Reports/2014-15/02.%20Local%20municipalities/FS203%20Ngwathe/FS203%20Ngwathe%20Audit%20report%202014-15.pdf
FS204,Metsimaholo,2015,unqualified_emphasis_of_matter,Unqualified - Emphasis of Matter items,http://mfma.treasury.gov.za/Documents/07.%20Audit%20Reports/2014-15/02.%20Local%20municipalities/FS204%20Metsimaholo/FS204%20Metshimaholo%20Audit%20report%202014-15.pdf
FS205,Mafube,2015,disclaimer,Disclaimer of opinion,http://mfma.treasury.gov.za/Documents/07.%20Audit%20Reports/2014-15/02.%20Local%20municipalities/FS205%20Mafube/FS205%20Mafube%20Audit%20report%202014-15.pdf
GT421,Emfuleni,2015,unqualified_emphasis_of_matter,Unqualified - Emphasis of Matter items,http://mfma.treasury.gov.za/Documents/07.%20Audit%20Reports/2014-15/02.%20Local%20municipalities/GT421%20Emfuleni/GT421%20Emfuleni%20Audit%20report%202014-15.pdf
GT422,Midvaal,2015,unqualified,Unqualified - No findings,http://mfma.treasury.gov.za/Documents/07.%20Audit%20Reports/2014-15/02.%20Local%20municipalities/GT422%20Midvaal/GT422%20Midvaal%20Audit%20report%202014-15.pdf
GT423,Lesedi,2015,unqualified_emphasis_of_matter,Unqualified - Emphasis of Matter items,http://mfma.treasury.gov.za/Documents/07.%20Audit%20Reports/2014-15/02.%20Local%20municipalities/GT423%20Lesedi/GT423%20Lesedi%20Audit%20report%202014-15.pdf
GT481,Mogale City,2015,unqualified,Unqualified - No findings,http://mfma.treasury.gov.za/Documents/07.%20Audit%20Reports/2014-15/02.%20Local%20municipalities/GT481%20Mogale%20City/GT481%20Mogale%20City%20Audit%20report%202014-15.pdf
GT482,Randfontein,2015,adverse,Adverse opinion,http://mfma.treasury.gov.za/Documents/07.%20Audit%20Reports/2014-15/02.%20Local%20municipalities/GT482%20Randfontein/GT482%20Randfontein%20Audit%20report%202014-15.pdf
GT484,Merafong City,2015,unqualified_emphasis_of_matter,Unqualified - Emphasis of Matter items,http://mfma.treasury.gov.za/Documents/07.%20Audit%20Reports/2014-15/02.%20Local%20municipalities/GT484%20Merafong%20City/GT484%20Merafong%20City%20Audit%20report%202014-15.pdf
KZN211,Vulamehlo,2015,qualified,Qualified,http://mfma.treasury.gov.za/Documents/07.%20Audit%20Reports/2014-15/02.%20Local%20municipalities/KZN211%20Vulamehlo/KZN211%20Vulamehlo%20Audit%20Report%202014-15.pdf
KZN212,Umdoni,2015,unqualified,Unqualified - No findings,http://mfma.treasury.gov.za/Documents/07.%20Audit%20Reports/2014-15/02.%20Local%20municipalities/KZN212%20Umdoni/KZN212%20Umdoni%20Audit%20report%202014-15.pdf
KZN213,Umzumbe,2015,unqualified,Unqualified - No findings,http://mfma.treasury.gov.za/Documents/07.%20Audit%20Reports/2014-15/02.%20Local%20municipalities/KZN213%20Umzumbe/KZN213%20Umzumbe%20Audit%20report%202014-15.pdf
KZN214,uMuziwabantu,2015,unqualified,Unqualified - No findings,http://mfma.treasury.gov.za/Documents/07.%20Audit%20Reports/2014-15/02.%20Local%20municipalities/KZN214%20uMuziwabantu/KZN214%20uMuziwabantu%20Audit%20Report%202014-15.pdf
KZN215,Ezingoleni,2015,unqualified,Unqualified - No findings,http://mfma.treasury.gov.za/Documents/07.%20Audit%20Reports/2014-15/02.%20Local%20municipalities/KZN215%20Ezinqoleni/KZN215%20Ezinqoleni%20Audit%20Report%202014-15.pdf
KZN216,Ray Nkonyeni,2015,unqualified,Unqualified - No findings,http://mfma.treasury.gov.za/Documents/07.%20Audit%20Reports/2014-15/02.%20Local%20municipalities/KZN216%20Hibiscus%20Coast/KZN216%20Hibiscus%20Coast%202014-15.pdf
KZN221,uMshwathi,2015,unqualified_emphasis_of_matter,Unqualified - Emphasis of Matter items,http://mfma.treasury.gov.za/Documents/07.%20Audit%20Reports/2014-15/02.%20Local%20municipalities/KZN221%20uMshwathi/KZN221%20uMshwathi%20Audit%20report%202014-15.pdf
KZN222,uMngeni,2015,unqualified_emphasis_of_matter,Unqualified - Emphasis of Matter items,http://mfma.treasury.gov.za/Documents/07.%20Audit%20Reports/2014-15/02.%20Local%20municipalities/KZN222%20uMngeni/KZN222%20uMngeni%20Audit%20report%202014-15.pdf
KZN223,Mpofana,2015,qualified,Qualified,http://mfma.treasury.gov.za/Documents/07.%20Audit%20Reports/2014-15/02.%20Local%20municipalities/KZN223%20Mpofana/KZN223%20Mpofana%20Audit%20report%202014-15.pdf
KZN224,Impendle,2015,unqualified_emphasis_of_matter,Unqualified - Emphasis of Matter items,http://mfma.treasury.gov.za/Documents/07.%20Audit%20Reports/2014-15/02.%20Local%20municipalities/KZN224%20Impendle/KZN224%20Impendle%20Audit%20report%202014-15.pdf
KZN225,Msunduzi,2015,unqualified,Unqualified - No findings,http://mfma.treasury.gov.za/Documents/07.%20Audit%20Reports/2014-15/02.%20Local%20municipalities/KZN225%20Msunduzi/KZN225%20Msunduzi%20Audit%20report%202014-15.pdf
KZN226,Mkhambathini,2015,unqualified_emphasis_of_matter,Unqualified - Emphasis of Matter items,http://mfma.treasury.gov.za/Documents/07.%20Audit%20Reports/2014-15/02.%20Local%20municipalities/KZN226%20Mkhabathini/KZN226%20Mkhambathini%20Audit%20report%202014-15.pdf
KZN227,Richmond,2015,unqualified_emphasis_of_matter,Unqualified - Emphasis of Matter items,http://mfma.treasury.gov.za/Documents/07.%20Audit%20Reports/2014-15/02.%20Local%20municipalities/KZN227%20Richmond/KZN227%20Richmond%20Audit%20report%202014-15.pdf
KZN261,eDumbe,2019,qualified,Qualified,
DC32,Ehlanzeni,2019,unqualified_emphasis_of_matter,Unqualified - Emphasis of Matter items,
KZN232,Emnambithi/Ladysmith,2015,unqualified_emphasis_of_matter,Unqualified - Emphasis of Matter items,http://mfma.treasury.gov.za/Documents/07.%20Audit%20Reports/2014-15/02.%20Local%20municipalities/KZN232%20Emnambithi%20Ladysmith/KZN232%20Emnambithi-Ladysmith%20Audit%20Report%202014-15.pdf
KZN233,Indaka,2015,unqualified_emphasis_of_matter,Unqualified - Emphasis of Matter items,http://mfma.treasury.gov.za/Documents/07.%20Audit%20Reports/2014-15/02.%20Local%20municipalities/KZN233%20Indaka/KZN233%20Indaka%20Audit%20Report%202014-15.pdf
KZN234,Umtshezi,2015,qualified,Qualified,http://mfma.treasury.gov.za/Documents/07.%20Audit%20Reports/2014-15/02.%20Local%20municipalities/KZN234%20Umtshezi/KZN234%20Umtshezi%20Audit%20report%202014-15.pdf
KZN235,Okhahlamba,2015,unqualified,Unqualified - No findings,http://mfma.treasury.gov.za/Documents/07.%20Audit%20Reports/2014-15/02.%20Local%20municipalities/KZN235%20Okhahlamba/KZN235%20Okhahlamba%20Audit%20report%202014-15.pdf
KZN236,Imbabazane,2015,unqualified_emphasis_of_matter,Unqualified - Emphasis of Matter items,http://mfma.treasury.gov.za/Documents/07.%20Audit%20Reports/2014-15/02.%20Local%20municipalities/KZN236%20Imbabazane/KZN236%20Imbabazane%20Audit%20Report%202014-15.pdf
KZN241,Endumeni,2015,unqualified_emphasis_of_matter,Unqualified - Emphasis of Matter items,http://mfma.treasury.gov.za/Documents/07.%20Audit%20Reports/2014-15/02.%20Local%20municipalities/KZN241%20Endumeni/KZN241%20Endumeni%20Audit%20Report%202014-15.pdf
KZN242,Nquthu,2015,unqualified,Unqualified - No findings,http://mfma.treasury.gov.za/Documents/07.%20Audit%20Reports/2014-15/02.%20Local%20municipalities/KZN242%20Nquthu
KZN244,Msinga,2015,unqualified,Unqualified - No findings,http://mfma.treasury.gov.za/Documents/07.%20Audit%20Reports/2014-15/02.%20Local%20municipalities/KZN244%20Msinga/KZN244%20Msinga%20Audit%20Report%202014-15.pdf
KZN245,Umvoti,2015,unqualified_emphasis_of_matter,Unqualified - Emphasis of Matter items,http://mfma.treasury.gov.za/Documents/07.%20Audit%20Reports/2014-15/02.%20Local%20municipalities/KZN245%20Umvoti/KZN245%20Umvoti%20Audit%20Report%202014-15.pdf
KZN252,Newcastle,2015,qualified,Qualified,http://mfma.treasury.gov.za/Documents/07.%20Audit%20Reports/2014-15/02.%20Local%20municipalities/KZN252%20Newcastle/KZN252%20Newcastle%20Audit%20report%202014-15.pdf
KZN253,Emadlangeni,2015,unqualified_emphasis_of_matter,Unqualified - Emphasis of Matter items,http://mfma.treasury.gov.za/Documents/07.%20Audit%20Reports/2014-15/02.%20Local%20municipalities/KZN253%20Emadlangeni/KZN253%20Emadlangeni%20Audit%20Report%202014-15.pdf
KZN254,Dannhauser,2015,unqualified_emphasis_of_matter,Unqualified - Emphasis of Matter items,http://mfma.treasury.gov.za/Documents/07.%20Audit%20Reports/2014-15/02.%20Local%20municipalities/KZN254%20Dannhauser/KZN254%20Dannhauser%20Audit%20Report%202014-15.pdf
KZN261,eDumbe,2015,unqualified_emphasis_of_matter,Unqualified - Emphasis of Matter items,http://mfma.treasury.gov.za/Documents/07.%20Audit%20Reports/2014-15/02.%20Local%20municipalities/KZN261%20Edumbe/KZN261%20Edumbe%20Audit%20Report%202014-15.pdf
KZN262,uPhongolo,2015,unqualified_emphasis_of_matter,Unqualified - Emphasis of Matter items,http://mfma.treasury.gov.za/Documents/07.%20Audit%20Reports/2014-15/02.%20Local%20municipalities/KZN262%20uPhongolo/KZN262%20uPhongolo%20Audit%20Report%20%202014-15.pdf
KZN263,Abaqulusi,2015,unqualified_emphasis_of_matter,Unqualified - Emphasis of Matter items,http://mfma.treasury.gov.za/Documents/07.%20Audit%20Reports/2014-15/02.%20Local%20municipalities/KZN263%20Abaqulusi/KZN263%20Abaqulusi%20Audit%20Report%202014-15.pdf
KZN265,Nongoma,2015,unqualified_emphasis_of_matter,Unqualified - Emphasis of Matter items,http://mfma.treasury.gov.za/Documents/07.%20Audit%20Reports/2014-15/02.%20Local%20municipalities/KZN265%20Nongoma/KZN265%20Nongoma%20Audit%20report%202014-15.pdf
KZN266,Ulundi,2015,unqualified_emphasis_of_matter,Unqualified - Emphasis of Matter items,http://mfma.treasury.gov.za/Documents/07.%20Audit%20Reports/2014-15/02.%20Local%20municipalities/KZN266%20Ulundi/KZN266%20Ulundi%20Audit%20Report%202014-15.pdf
KZN271,Umhlabuyalingana,2015,unqualified,Unqualified - No findings,http://mfma.treasury.gov.za/Documents/07.%20Audit%20Reports/2014-15/02.%20Local%20municipalities/KZN271%20Umhlabuyalingana/KZN271%20Umhlabuyalingana%20Audit%20report%202014-15.pdf
KZN272,Jozini,2015,qualified,Qualified,http://mfma.treasury.gov.za/Documents/07.%20Audit%20Reports/2014-15/02.%20Local%20municipalities/KZN272%20Jozini/KZN272%20Jozini%20Audit%20Report%202014-15.pdf
KZN273,The Big 5 False Bay,2015,unqualified_emphasis_of_matter,Unqualified - Emphasis of Matter items,http://mfma.treasury.gov.za/Documents/07.%20Audit%20Reports/2014-15/02.%20Local%20municipalities/KZN273%20The%20Big%205%20False%20Bay/KZN273%20The%20Big%205%20False%20Bay%20Audit%20report%202014-15.pdf
KZN274,Hlabisa,2015,unqualified_emphasis_of_matter,Unqualified - Emphasis of Matter items,http://mfma.treasury.gov.za/Documents/07.%20Audit%20Reports/2014-15/02.%20Local%20municipalities/KZN274%20Hlabisa/KZN274%20Hlabisa%20Audit%20report%202014-15.pdf
KZN275,Mtubatuba,2015,unqualified_emphasis_of_matter,Unqualified - Emphasis of Matter items,http://mfma.treasury.gov.za/Documents/07.%20Audit%20Reports/2014-15/02.%20Local%20municipalities/KZN275%20Mtubatuba/KZN275%20Mtubatuba%20Audit%20report%202014-15.pdf
KZN281,Mfolozi,2015,unqualified_emphasis_of_matter,Unqualified - Emphasis of Matter items,http://mfma.treasury.gov.za/Documents/07.%20Audit%20Reports/2014-15/02.%20Local%20municipalities/KZN281%20Mfolozi/KZN281%20Mfolozi%20Audit%20report%202014-15.pdf
KZN282,uMhlathuze,2015,unqualified,Unqualified - No findings,http://mfma.treasury.gov.za/Documents/07.%20Audit%20Reports/2014-15/02.%20Local%20municipalities/KZN282%20uMhlathuze/KZN282%20uMhlathuze%20Audit%20report%202014-15.pdf
KZN283,Ntambanana,2015,unqualified_emphasis_of_matter,Unqualified - Emphasis of Matter items,http://mfma.treasury.gov.za/Documents/07.%20Audit%20Reports/2014-15/02.%20Local%20municipalities/KZN283%20Ntambanana/KZN283%20Ntambanana%20Audit%20report%202014-15.pdf
KZN284,uMlalazi,2015,unqualified_emphasis_of_matter,Unqualified - Emphasis of Matter items,http://mfma.treasury.gov.za/Documents/07.%20Audit%20Reports/2014-15/02.%20Local%20municipalities/KZN284%20uMlalazi/KZN284%20uMlalazi%20Audit%20report%202014-15.pdf
KZN285,Mthonjaneni,2015,unqualified_emphasis_of_matter,Unqualified - Emphasis of Matter items,http://mfma.treasury.gov.za/Documents/07.%20Audit%20Reports/2014-15/02.%20Local%20municipalities/KZN285%20Mthonjaneni/KZN285%20Mthonjaneni%20Audit%20Report%202014-15.pdf
KZN286,Nkandla,2015,unqualified_emphasis_of_matter,Unqualified - Emphasis of Matter items,http://mfma.treasury.gov.za/Documents/07.%20Audit%20Reports/2014-15/02.%20Local%20municipalities/KZN286%20Nkandla/KZN286%20Nkandla%20Audit%20report%202014-15.pdf
KZN291,Mandeni,2015,unqualified,Unqualified - No findings,http://mfma.treasury.gov.za/Documents/07.%20Audit%20Reports/2014-15/02.%20Local%20municipalities/KZN291%20Mandeni/KZN291%20Mandeni%20Audit%20report%202014-15.pdf
KZN292,KwaDukuza,2015,unqualified_emphasis_of_matter,Unqualified - Emphasis of Matter items,http://mfma.treasury.gov.za/Documents/07.%20Audit%20Reports/2014-15/02.%20Local%20municipalities/KZN292%20KwaDukuza/KZN292%20KwaDukuza%20Audit%20report%202014-15.pdf
KZN293,Ndwedwe,2015,unqualified_emphasis_of_matter,Unqualified - Emphasis of Matter items,http://mfma.treasury.gov.za/Documents/07.%20Audit%20Reports/2014-15/02.%20Local%20municipalities/KZN293%20Ndwendwe/KZN293%20Ndwedwe%20Audit%20report%202014-15.PDF
KZN294,Maphumulo,2015,unqualified_emphasis_of_matter,Unqualified - Emphasis of Matter items,http://mfma.treasury.gov.za/Documents/07.%20Audit%20Reports/2014-15/02.%20Local%20municipalities/KZN294%20Maphumulo/KZN294%20Maphumulo%20Audit%20Report%202014-15.pdf
KZN431,Ingwe,2015,unqualified_emphasis_of_matter,Unqualified - Emphasis of Matter items,http://mfma.treasury.gov.za/Documents/07.%20Audit%20Reports/2014-15/02.%20Local%20municipalities/KZN431%20Ingwe/KZN431%20Ingwe%20Audit%20report%202014-15.pdf
KZN432,Kwa Sani,2015,unqualified_emphasis_of_matter,Unqualified - Emphasis of Matter items,http://mfma.treasury.gov.za/Documents/07.%20Audit%20Reports/2014-15/02.%20Local%20municipalities/KZN432%20KwaSani/KZN432%20Kwa%20Sani%20Audit%20Report%202014-15.pdf
KZN434,Johannes Phumani Phungula,2015,unqualified,Unqualified - No findings,http://mfma.treasury.gov.za/Documents/07.%20Audit%20Reports/2014-15/02.%20Local%20municipalities/KZN434%20Ubuhlebezwe/KZN434%20Ubuhlebezwe%20Audit%20Report%202014-15.pdf
KZN435,Umzimkhulu,2015,unqualified_emphasis_of_matter,Unqualified - Emphasis of Matter items,http://mfma.treasury.gov.za/Documents/07.%20Audit%20Reports/2014-15/02.%20Local%20municipalities/KZN435%20Umzimkhulu/KZN435%20Umzimkulu%20Audit%20Report%202014-15.pdf
LIM331,Greater Giyani,2015,qualified,Qualified,http://mfma.treasury.gov.za/Documents/07.%20Audit%20Reports/2014-15/02.%20Local%20municipalities/LIM331%20Greater%20Giyane/LIM331%20Greater%20Giyane%20Audit%20report%202014-15.pdf
LIM332,Greater Letaba,2015,qualified,Qualified,http://mfma.treasury.gov.za/Documents/07.%20Audit%20Reports/2014-15/02.%20Local%20municipalities/LIM332%20Greater%20Letaba/LIM332%20Greater%20Letaba%20Audit%20report%202014-15.pdf
LIM333,Greater Tzaneen,2015,qualified,Qualified,http://mfma.treasury.gov.za/Documents/07.%20Audit%20Reports/2014-15/02.%20Local%20municipalities/LIM333%20Greater%20Tzaneen/LIM333%20Greater%20Tzaneen%20Audit%20report%202014-15.pdf
LIM334,Ba-Phalaborwa,2015,qualified,Qualified,http://mfma.treasury.gov.za/Documents/07.%20Audit%20Reports/2014-15/02.%20Local%20municipalities/LIM334%20Ba-Phalaborwa/LIM334%20Ba-Phalaborwa%20Audit%20report%202014-15.pdf
LIM335,Maruleng,2015,qualified,Qualified,http://mfma.treasury.gov.za/Documents/07.%20Audit%20Reports/2014-15/02.%20Local%20municipalities/LIM335%20Maruleng/LIM335%20Maruleng%20Audit%20report%202014-15.pdf
LIM341,Musina,2015,unqualified_emphasis_of_matter,Unqualified - Emphasis of Matter items,http://mfma.treasury.gov.za/Documents/07.%20Audit%20Reports/2014-15/02.%20Local%20municipalities/LIM341%20Musina/LIM341%20Musina%20Audit%20Report%202014-15.pdf
LIM342,Mutale,2015,qualified,Qualified,http://mfma.treasury.gov.za/Documents/07.%20Audit%20Reports/2014-15/02.%20Local%20municipalities/LIM342%20Mutale/LIM342%20Mutale%20Audit%20report%202014-15.pdf
LIM343,Thulamela,2015,unqualified_emphasis_of_matter,Unqualified - Emphasis of Matter items,http://mfma.treasury.gov.za/Documents/07.%20Audit%20Reports/2014-15/02.%20Local%20municipalities/LIM343%20Thulamela/LIM343%20Thulamela%20%20Audit%20report%202014-15.pdf
LIM344,Makhado,2015,qualified,Qualified,http://mfma.treasury.gov.za/Documents/07.%20Audit%20Reports/2014-15/02.%20Local%20municipalities/LIM344%20Makhado/LIM344%20Makhado%20Audit%20report%202014-15.pdf
LIM351,Blouberg,2015,qualified,Qualified,http://mfma.treasury.gov.za/Documents/07.%20Audit%20Reports/2014-15/02.%20Local%20municipalities/LIM351%20Blouberg/LIM351%20Blouberg%20Audit%20report%202014-15.pdf
LIM352,Aganang,2015,qualified,Qualified,http://mfma.treasury.gov.za/Documents/07.%20Audit%20Reports/2014-15/02.%20Local%20municipalities/LIM352%20Aganang/LIM352%20Aganang%20Audit%20report%202014-15.pdf
LIM353,Molemole,2015,unqualified_emphasis_of_matter,Unqualified - Emphasis of Matter items,http://mfma.treasury.gov.za/Documents/07.%20Audit%20Reports/2014-15/02.%20Local%20municipalities/LIM353%20Molemole/LIM353%20Molemole%20Audit%20report%202014-15.pdf
LIM354,Polokwane,2015,unqualified_emphasis_of_matter,Unqualified - Emphasis of Matter items,http://mfma.treasury.gov.za/Documents/07.%20Audit%20Reports/2014-15/02.%20Local%20municipalities/LIM354%20Polokwane/LIM354%20Polokwane%20Audit%20report%202014-15.pdf
LIM361,Thabazimbi,2015,disclaimer,Disclaimer of opinion,http://mfma.treasury.gov.za/Documents/07.%20Audit%20Reports/2014-15/02.%20Local%20municipalities/LIM361%20Thabazimbi/LIM361%20Thabazimbi%20Audit%20report%202014-15.pdf
LIM364,Mookgopong,2015,qualified,Qualified,http://mfma.treasury.gov.za/Documents/07.%20Audit%20Reports/2014-15/02.%20Local%20municipalities/LIM364%20Mookgopong/LIM364%20Mookgophong%20Audit%20report%202014-15.pdf
LIM365,Modimolle,2015,qualified,Qualified,http://mfma.treasury.gov.za/Documents/07.%20Audit%20Reports/2014-15/02.%20Local%20municipalities/LIM365%20Modimolle/LIM365%20Modimolle%20Audt%20report%202014-15.pdf
LIM366,Bela Bela,2015,unqualified_emphasis_of_matter,Unqualified - Emphasis of Matter items,http://mfma.treasury.gov.za/Documents/07.%20Audit%20Reports/2014-15/02.%20Local%20municipalities/LIM366%20Bela%20Bela/LIM366%20Bela%20Bela%20Audit%20report%202014-15.pdf
LIM471,Ephraim Mogale,2015,disclaimer,Disclaimer of opinion,http://mfma.treasury.gov.za/Documents/07.%20Audit%20Reports/2014-15/02.%20Local%20municipalities/LIM471%20Ephraim%20Mogale/LIM471%20Ephraim%20Mogale%20Audit%20report%202014-15.pdf
LIM472,Elias Motsoaledi,2015,qualified,Qualified,http://mfma.treasury.gov.za/Documents/07.%20Audit%20Reports/2014-15/02.%20Local%20municipalities/LIM472%20Elias%20Motsoaldei/LIM472%20Elias%20Motsoaledi%20Audit%20Report%202014-15.pdf
LIM473,Makhuduthamaga,2015,unqualified_emphasis_of_matter,Unqualified - Emphasis of Matter items,http://mfma.treasury.gov.za/Documents/07.%20Audit%20Reports/2014-15/02.%20Local%20municipalities/LIM473%20Makhuduthamaga/LIM473%20Makhuduthamaga%20Audit%20report%202014-15.pdf
LIM475,Greater Tubatse,2015,disclaimer,Disclaimer of opinion,http://mfma.treasury.gov.za/Documents/07.%20Audit%20Reports/2014-15/02.%20Local%20municipalities/LIM475%20Greater%20Tubatse/LIM475%20Greater%20Tubatse%20Audit%20report%202014-15.pdf
MP301,Albert Luthuli,2015,unqualified_emphasis_of_matter,Unqualified - Emphasis of Matter items,http://mfma.treasury.gov.za/Documents/07.%20Audit%20Reports/2014-15/02.%20Local%20municipalities/MP301%20Albert%20Luthuli/MP301%20Albert%20Luthuli%20Audit%20report%202014-15.pdf
MP302,Msukaligwa,2015,disclaimer,Disclaimer of opinion,http://mfma.treasury.gov.za/Documents/07.%20Audit%20Reports/2014-15/02.%20Local%20municipalities/MP302%20Msukaligwa/MP302%20Msukaligwa%20Audit%20report%202014-15.pdf
NC072,Umsobomvu,2022,qualified,Qualified,https://lg.treasury.gov.za/supportingdocs/NC072/NC072_Audit%20Report_2022_Y_20230214T225519Z_ncedo.pdf
MP304,Pixley Ka Seme (MP),2015,unqualified_emphasis_of_matter,Unqualified - Emphasis of Matter items,http://mfma.treasury.gov.za/Documents/07.%20Audit%20Reports/2014-15/02.%20Local%20municipalities/MP304%20Pixley%20Ka%20Seme/MP304%20Pixley%20Ka%20Seme%20Audit%20report%202014-15.pdf
MP305,Lekwa,2015,unqualified_emphasis_of_matter,Unqualified - Emphasis of Matter items,http://mfma.treasury.gov.za/Documents/07.%20Audit%20Reports/2014-15/02.%20Local%20municipalities/MP305%20Lekwa/MP305%20Lekwa%20Audit%20report%202014-15.pdf
MP306,Dipaleseng,2015,unqualified_emphasis_of_matter,Unqualified - Emphasis of Matter items,http://mfma.treasury.gov.za/Documents/07.%20Audit%20Reports/2014-15/02.%20Local%20municipalities/MP306%20Dipaleseng/MP306%20Dipaleseng%20Audit%20report%202014-15.pdf
MP307,Govan Mbeki,2015,unqualified_emphasis_of_matter,Unqualified - Emphasis of Matter items,http://mfma.treasury.gov.za/Documents/07.%20Audit%20Reports/2014-15/02.%20Local%20municipalities/MP307%20Govan%20Mbeki/MP307%20Govan%20Mbeki%20Audit%20report%202014-15.pdf
DC25,Amajuba,2015,qualified,Qualified,http://mfma.treasury.gov.za/Documents/07.%20Audit%20Reports/2014-15/03.%20District%20municipalities/DC25%20Amajuba/DC25%20Amajuba%20Audit%20report%202014-15.pdf
MP311,Victor Khanye,2015,qualified,Qualified,http://mfma.treasury.gov.za/Documents/07.%20Audit%20Reports/2014-15/02.%20Local%20municipalities/MP311%20Victor%20Khanye/MP311%20Victor%20Khanye%20Audit%20Report%202014-15.pdf
MP312,Emalahleni (MP),2015,disclaimer,Disclaimer of opinion,http://mfma.treasury.gov.za/Documents/07.%20Audit%20Reports/2014-15/02.%20Local%20municipalities/MP312%20eMalahleni/MP312%20Emalahleni%20Audit%20report%202014-15.pdf
MP313,Steve Tshwete,2015,unqualified_emphasis_of_matter,Unqualified - Emphasis of Matter items,http://mfma.treasury.gov.za/Documents/07.%20Audit%20Reports/2014-15/02.%20Local%20municipalities/MP313%20Steve%20Tshwete/MP313%20Steve%20Tshwete%20Audit%20report%202014-15.pdf
MP314,Emakhazeni,2015,disclaimer,Disclaimer of opinion,http://mfma.treasury.gov.za/Documents/07.%20Audit%20Reports/2014-15/02.%20Local%20municipalities/MP314%20Emakhazeni/MP314%20Emakhazeni%20Audit%20report%202014-15Audit%20report.pdf
MP315,Thembisile Hani,2015,qualified,Qualified,http://mfma.treasury.gov.za/Documents/07.%20Audit%20Reports/2014-15/02.%20Local%20municipalities/MP315%20Thembisile%20Hani/MP315%20Thembisile%20Hani%20Audit%20Report%202014-15.pdf
MP316,Dr J.S. Moroka,2015,qualified,Qualified,http://mfma.treasury.gov.za/Documents/07.%20Audit%20Reports/2014-15/02.%20Local%20municipalities/MP316%20Dr%20JS%20Moroka/Dr%20JS%20Moroka%20Audit%20report%202014-15.pdf
MP321,Thaba Chweu,2015,disclaimer,Disclaimer of opinion,http://mfma.treasury.gov.za/Documents/07.%20Audit%20Reports/2014-15/02.%20Local%20municipalities/MP321%20Thaba%20Chweu/MP321%20Thaba%20Chweu%20Audit%20report%202014-15.pdf
MP322,Mbombela,2015,unqualified_emphasis_of_matter,Unqualified - Emphasis of Matter items,http://mfma.treasury.gov.za/Documents/07.%20Audit%20Reports/2014-15/02.%20Local%20municipalities/MP322%20Mbombela/MP322%20Mbombela%20Audit%20report%202014-15.pdf
MP323,Umjindi,2015,unqualified_emphasis_of_matter,Unqualified - Emphasis of Matter items,http://mfma.treasury.gov.za/Documents/07.%20Audit%20Reports/2014-15/02.%20Local%20municipalities/MP323%20Umjindi/MP323%20Umjindi%20Audit%20report%202014-15.pdf
MP324,Nkomazi,2015,unqualified_emphasis_of_matter,Unqualified - Emphasis of Matter items,http://mfma.treasury.gov.za/Documents/07.%20Audit%20Reports/2014-15/02.%20Local%20municipalities/MP324%20Nkomazi/MP324%20Nkomazi%20Audit%20report%202014-15.pdf
MP325,Bushbuckridge,2015,qualified,Qualified,http://mfma.treasury.gov.za/Documents/07.%20Audit%20Reports/2014-15/02.%20Local%20municipalities/MP325%20Bushbuckridge/MP325%20Bushbuckridge%20Audit%20report%202014-15.pdf
NC061,Richtersveld,2015,qualified,Qualified,http://mfma.treasury.gov.za/Documents/07.%20Audit%20Reports/2014-15/02.%20Local%20municipalities/NC061%20Richtersveld/NC061%20Richtesrveld%20Audit%20report%202014-15.pdf
NC062,Nama Khoi,2015,qualified,Qualified,http://mfma.treasury.gov.za/Documents/07.%20Audit%20Reports/2014-15/02.%20Local%20municipalities/NC062%20Nama%20Khoi/NC062%20Nama%20Khoi%20Audit%20report%202014-15.pdf
NC064,Kamiesberg,2015,qualified,Qualified,http://mfma.treasury.gov.za/Documents/07.%20Audit%20Reports/2014-15/02.%20Local%20municipalities/NC064%20Kamiesberg/NC064%20Kamiesberg%20Audit%20report%202014-15.pdf
NC065,Hantam,2015,qualified,Qualified,http://mfma.treasury.gov.za/Documents/07.%20Audit%20Reports/2014-15/02.%20Local%20municipalities/NC065%20Hantam/NC065%20Hantam%20Audit%20report%202014-15.pdf
NC066,Karoo Hoogland,2015,qualified,Qualified,http://mfma.treasury.gov.za/Documents/07.%20Audit%20Reports/2014-15/02.%20Local%20municipalities/NC066%20Karoo%20Hoogland/NC066%20Karoo%20Hoogland%20Audit%20Report%202014-15.pdf
NC067,Khai-Ma,2015,unqualified_emphasis_of_matter,Unqualified - Emphasis of Matter items,http://mfma.treasury.gov.za/Documents/07.%20Audit%20Reports/2014-15/02.%20Local%20municipalities/NC067%20Khai%20Ma/NC067%20Khai%20Ma%20Audit%20report%202014-15.pdf
NC071,Ubuntu,2015,qualified,Qualified,http://mfma.treasury.gov.za/Documents/07.%20Audit%20Reports/2014-15/02.%20Local%20municipalities/NC071%20Ubuntu/NC071%20Ubuntu%20Audit%20report%202014-15.pdf
NC072,Umsobomvu,2015,unqualified_emphasis_of_matter,Unqualified - Emphasis of Matter items,http://mfma.treasury.gov.za/Documents/07.%20Audit%20Reports/2014-15/02.%20Local%20municipalities/NC072%20Umsobomvu/NC072%20Umsobomvu%20Audit%20report%202014-15.pdf
NC073,Emthanjeni,2015,unqualified_emphasis_of_matter,Unqualified - Emphasis of Matter items,http://mfma.treasury.gov.za/Documents/07.%20Audit%20Reports/2014-15/02.%20Local%20municipalities/NC073%20eMthanjeni/NC073%20Emthanjeni%20Audit%20report%202014-15.pdf
NC074,Kareeberg,2015,unqualified_emphasis_of_matter,Unqualified - Emphasis of Matter items,http://mfma.treasury.gov.za/Documents/07.%20Audit%20Reports/2014-15/02.%20Local%20municipalities/NC074%20Kareeberg/NC074%20Kareeberg%20Audit%20report%202014-15.pdf
NC076,Thembelihle,2015,qualified,Qualified,http://mfma.treasury.gov.za/Documents/07.%20Audit%20Reports/2014-15/02.%20Local%20municipalities/NC076%20Thembelihle/NC076%20Thembelihle%20Audit%20report%202014-15.pdf
NC077,Siyathemba,2015,disclaimer,Disclaimer of opinion,http://mfma.treasury.gov.za/Documents/07.%20Audit%20Reports/2014-15/02.%20Local%20municipalities/NC077%20Siyathemba/NC077%20Siyathemba%20Audit%20report%202014-15.pdf
NC078,Siyancuma,2015,qualified,Qualified,http://mfma.treasury.gov.za/Documents/07.%20Audit%20Reports/2014-15/02.%20Local%20municipalities/NC078%20Siyancuma/NC078%20Siyancuma%20Audit%20report%202014-15.pdf
NC081,Mier,2015,qualified,Qualified,http://mfma.treasury.gov.za/Documents/07.%20Audit%20Reports/2014-15/02.%20Local%20municipalities/NC081%20Mier/NC081%20Mier%20Audit%20report%202014-15.pdf
NC083,//Khara Hais,2015,unqualified_emphasis_of_matter,Unqualified - Emphasis of Matter items,http://mfma.treasury.gov.za/Documents/07.%20Audit%20Reports/2014-15/02.%20Local%20municipalities/NC083%20Khara%20Hais/NC083%20Khara%20Hais%20Audit%20report%202014-15.pdf
NC086,Kgatelopele,2015,disclaimer,Disclaimer of opinion,http://mfma.treasury.gov.za/Documents/07.%20Audit%20Reports/2014-15/02.%20Local%20municipalities/NC086%20Kgatelopele/NC086%20Kgatelopele%20Audit%20Report%202014-15.pdf
NC091,Sol Plaatje,2015,unqualified_emphasis_of_matter,Unqualified - Emphasis of Matter items,http://mfma.treasury.gov.za/Documents/07.%20Audit%20Reports/2014-15/02.%20Local%20municipalities/NC091%20Sol%20Plaatje/NC091%20Sol%20Plaatje%20Audit%20report%202014-15.pdf
NC092,Dikgatlong,2015,disclaimer,Disclaimer of opinion,http://mfma.treasury.gov.za/Documents/07.%20Audit%20Reports/2014-15/02.%20Local%20municipalities/NC092%20Dikgatlong/NC092%20Dikgatlong%20Audit%20report%202014-15.pdf
NC093,Magareng,2015,disclaimer,Disclaimer of opinion,http://mfma.treasury.gov.za/Documents/07.%20Audit%20Reports/2014-15/02.%20Local%20municipalities/NC093%20Magareng/NC093%20Magareng%20Audit%20report%202014-15.pdf
NC094,Phokwane,2015,disclaimer,Disclaimer of opinion,http://mfma.treasury.gov.za/Documents/07.%20Audit%20Reports/2014-15/02.%20Local%20municipalities/NC094%20Phokwane/NC094%20Phokwane%20Audit%20report%202014-15.pdf
NC451,Joe Morolong,2015,qualified,Qualified,http://mfma.treasury.gov.za/Documents/07.%20Audit%20Reports/2014-15/02.%20Local%20municipalities/NC451%20Joe%20Morolong/NC451%20Joe%20Morolong%20Audit%20Report%202014-15.pdf
NC452,Ga-Segonyana,2015,disclaimer,Disclaimer of opinion,http://mfma.treasury.gov.za/Documents/07.%20Audit%20Reports/2014-15/02.%20Local%20municipalities/NC452%20Ga%20Segonyana/NC452%20Ga%20Segonyana%20Audit%20report%202014-15.pdf
NC453,Gamagara,2015,qualified,Qualified,http://mfma.treasury.gov.za/Documents/07.%20Audit%20Reports/2014-15/02.%20Local%20municipalities/NC453%20Gamagara/NC453%20Gamagara%20Audit%20report%202014-15.pdf
NW371,Moretele,2015,qualified,Qualified,http://mfma.treasury.gov.za/Documents/07.%20Audit%20Reports/2014-15/02.%20Local%20municipalities/NW371%20Moretele/NW371%20Moretele%20Audit%20report%202014-15.pdf
NW372,Madibeng,2015,qualified,Qualified,http://mfma.treasury.gov.za/Documents/07.%20Audit%20Reports/2014-15/02.%20Local%20municipalities/NW372%20Madibeng/NW372%20Madibeng%20Audit%20Report%202014-15.pdf
NW373,Rustenburg,2015,unqualified_emphasis_of_matter,Unqualified - Emphasis of Matter items,http://mfma.treasury.gov.za/Documents/07.%20Audit%20Reports/2014-15/02.%20Local%20municipalities/NW373%20Rustenberg/NW373%20Rustenburg%20Audit%20report%202014-15.pdf
NW374,Kgetlengrivier,2015,qualified,Qualified,http://mfma.treasury.gov.za/Documents/07.%20Audit%20Reports/2014-15/02.%20Local%20municipalities/NW374%20Kgetlengrivier/NW374%20Kgetlengrivier%20Audit%20Report%202014-15.pdf
NW375,Moses Kotane,2015,qualified,Qualified,http://mfma.treasury.gov.za/Documents/07.%20Audit%20Reports/2014-15/02.%20Local%20municipalities/NW375%20Moses%20Kotane/NW375%20Moses%20Kotane%20Audit%20report%202014-15.pdf
NW381,Ratlou,2015,unqualified_emphasis_of_matter,Unqualified - Emphasis of Matter items,http://mfma.treasury.gov.za/Documents/07.%20Audit%20Reports/2014-15/02.%20Local%20municipalities/NW381%20Ratlou/NW381%20Ratlou%20Audit%20report%202014-15.pdf
NW382,Tswaing,2015,disclaimer,Disclaimer of opinion,http://mfma.treasury.gov.za/Documents/07.%20Audit%20Reports/2014-15/02.%20Local%20municipalities/NW382%20Tswaing/NW382%20Tswaing%20Audit%20report%202014-15.pdf
NW383,Mafikeng,2015,disclaimer,Disclaimer of opinion,http://mfma.treasury.gov.za/Documents/07.%20Audit%20Reports/2014-15/02.%20Local%20municipalities/NW383%20Mafikeng/NW383%20Mafikeng%20Audit%20report%202014-15.pdf
NW385,Ramotshere Moiloa,2015,unqualified_emphasis_of_matter,Unqualified - Emphasis of Matter items,http://mfma.treasury.gov.za/Documents/07.%20Audit%20Reports/2014-15/02.%20Local%20municipalities/NW385%20Ramotshere%20Moiloa/NW385%20Ramotshere%20Moiloa%20Audit%20report%202014-15.pdf
NW392,Naledi (NW),2015,unqualified_emphasis_of_matter,Unqualified - Emphasis of Matter items,http://mfma.treasury.gov.za/Documents/07.%20Audit%20Reports/2014-15/02.%20Local%20municipalities/NW392%20Naledi/NW392%20Naledi%20Audit%20report%202014-15.pdf
NW394,Greater Taung,2015,qualified,Qualified,http://mfma.treasury.gov.za/Documents/07.%20Audit%20Reports/2014-15/02.%20Local%20municipalities/NW394%20Greater%20Taung/NW394%20Greater%20Taung%20Audit%20report%202014-15.pdf
NW396,Lekwa-Teemane,2015,qualified,Qualified,http://mfma.treasury.gov.za/Documents/07.%20Audit%20Reports/2014-15/02.%20Local%20municipalities/NW396%20Lekwa%20Teemane/NW396%20Lekwa%20Teemane%20Audit%20report%202014-15.pdf
NW397,Kagisano-Molopo,2015,qualified,Qualified,http://mfma.treasury.gov.za/Documents/07.%20Audit%20Reports/2014-15/02.%20Local%20municipalities/NW397%20Kagisano-Molopo/NW397%20Kagisano-Molopo%20Audit%20report%202014-15.pdf
NW401,Ventersdorp,2015,disclaimer,Disclaimer of opinion,http://mfma.treasury.gov.za/Documents/07.%20Audit%20Reports/2014-15/02.%20Local%20municipalities/NW401%20Ventersdorp/NW401%20Ventersdorp%20Audit%20report%202014-15.pdf
NW402,Tlokwe City Council,2015,unqualified_emphasis_of_matter,Unqualified - Emphasis of Matter items,http://mfma.treasury.gov.za/Documents/07.%20Audit%20Reports/2014-15/02.%20Local%20municipalities/NW402%20Tlokwe/NW402%20Tlokwe%20Audit%20Report%202014-15.pdf
NW404,Maquassi Hills,2015,qualified,Qualified,http://mfma.treasury.gov.za/Documents/07.%20Audit%20Reports/2014-15/02.%20Local%20municipalities/NW404%20Maquassi%20Hills/NW404%20Maquassi%20Hills%20Audit%20report%202014-15.pdf
WC011,Matzikama,2015,unqualified,Unqualified - No findings,http://mfma.treasury.gov.za/Documents/07.%20Audit%20Reports/2014-15/02.%20Local%20municipalities/WC011%20Matzikama/WC011%20Matzikama%20Audit%20report%202014-15.pdf
WC012,Cederberg,2015,unqualified_emphasis_of_matter,Unqualified - Emphasis of Matter items,http://mfma.treasury.gov.za/Documents/07.%20Audit%20Reports/2014-15/02.%20Local%20municipalities/WC012%20Cederberg/WC012%20Cederberg%20Audit%20report%202014-15.pdf
WC013,Bergrivier,2015,unqualified_emphasis_of_matter,Unqualified - Emphasis of Matter items,http://mfma.treasury.gov.za/Documents/07.%20Audit%20Reports/2014-15/02.%20Local%20municipalities/WC013%20Bergrivier/WC013%20Bergrivier%20Audit%20report%202014-15.pdf
WC014,Saldanha Bay,2015,unqualified,Unqualified - No findings,http://mfma.treasury.gov.za/Documents/07.%20Audit%20Reports/2014-15/02.%20Local%20municipalities/WC014%20Saldanha%20Bay/WC014%20Saldanha%20Bay%20Audit%20report%202014-15.pdf
WC015,Swartland,2015,unqualified,Unqualified - No findings,http://mfma.treasury.gov.za/Documents/07.%20Audit%20Reports/2014-15/02.%20Local%20municipalities/WC015%20Swartland/WC015%20Swartland%20Audit%20report%202014-15.pdf
WC022,Witzenberg,2015,unqualified,Unqualified - No findings,http://mfma.treasury.gov.za/Documents/07.%20Audit%20Reports/2014-15/02.%20Local%20municipalities/WC022%20Witzenberg/WC022%20Witzenberg%20Audit%20report%202014-15.pdf
WC023,Drakenstein,2015,unqualified,Unqualified - No findings,http://mfma.treasury.gov.za/Documents/07.%20Audit%20Reports/2014-15/02.%20Local%20municipalities/WC023%20Dakenstein/WC023%20Drakenstein%20Audit%20report%202014-15.pdf
MP311,Victor Khanye,2019,disclaimer,Disclaimer of opinion,
WC024,Stellenbosch,2015,unqualified,Unqualified - No findings,http://mfma.treasury.gov.za/Documents/07.%20Audit%20Reports/2014-15/02.%20Local%20municipalities/WC024%20Stellenbosch/WC024%20Stellenbosch%20Audit%20report%202014-15.pdf
WC025,Breede Valley,2015,unqualified,Unqualified - No findings,http://mfma.treasury.gov.za/Documents/07.%20Audit%20Reports/2014-15/02.%20Local%20municipalities/WC025%20Breede%20Valley/WC025%20Breede%20Valley%20Audit%20report%202014-15.pdf
WC026,Langeberg,2015,unqualified,Unqualified - No findings,http://mfma.treasury.gov.za/Documents/07.%20Audit%20Reports/2014-15/02.%20Local%20municipalities/WC026%20Langerberg/WC026%20Langeberg%20Audit%20report%202014-15.pdf
WC031,Theewaterskloof,2015,unqualified,Unqualified - No findings,http://mfma.treasury.gov.za/Documents/07.%20Audit%20Reports/2014-15/02.%20Local%20municipalities/WC031%20Theewaterskloof/WC031%20Theewaterskloof%20Audit%20report%202014-15.pdf
WC032,Overstrand,2015,unqualified,Unqualified - No findings,http://mfma.treasury.gov.za/Documents/07.%20Audit%20Reports/2014-15/02.%20Local%20municipalities/WC032%20Overstrand/WC032%20Overstrand%20Audit%20report%202014-15.pdf
WC033,Cape Agulhas,2015,unqualified,Unqualified - No findings,http://mfma.treasury.gov.za/Documents/07.%20Audit%20Reports/2014-15/02.%20Local%20municipalities/WC033%20Cape%20Agulhas/WC033%20Cape%20Agulhas%20Group%20Audit%20report%202014-15.pdf
WC034,Swellendam,2015,unqualified,Unqualified - No findings,http://mfma.treasury.gov.za/Documents/07.%20Audit%20Reports/2014-15/02.%20Local%20municipalities/WC034%20Swellendam/WC034%20Swellendam%20Audit%20report%202014-15.pdf
WC041,Kannaland,2015,unqualified_emphasis_of_matter,Unqualified - Emphasis of Matter items,http://mfma.treasury.gov.za/Documents/07.%20Audit%20Reports/2014-15/02.%20Local%20municipalities/WC041%20Kannaland/WC041%20Kannaland%20Audit%20report%202014-15.pdf
WC042,Hessequa,2015,unqualified,Unqualified - No findings,http://mfma.treasury.gov.za/Documents/07.%20Audit%20Reports/2014-15/02.%20Local%20municipalities/WC042%20Hessequa/WC042%20Hessequa%20Audit%20report%202014-15.pdf
WC043,Mossel Bay,2015,unqualified,Unqualified - No findings,http://mfma.treasury.gov.za/Documents/07.%20Audit%20Reports/2014-15/02.%20Local%20municipalities/WC043%20Mossel%20Bay/WC043%20Mossel%20Bay%20Audit%20report%202014-15.pdf
WC044,George,2015,unqualified,Unqualified - No findings,http://mfma.treasury.gov.za/Documents/07.%20Audit%20Reports/2014-15/02.%20Local%20municipalities/WC044%20George/WC044%20George%20Audit%20report%202014-15.pdf
WC045,Oudtshoorn,2015,adverse,Adverse opinion,http://mfma.treasury.gov.za/Documents/07.%20Audit%20Reports/2014-15/02.%20Local%20municipalities/WC045%20Oudtshroon/WC045%20Oudtshoorn%20Audit%20report%202014-15.pdf
WC047,Bitou,2015,unqualified,Unqualified - No findings,http://mfma.treasury.gov.za/Documents/07.%20Audit%20Reports/2014-15/02.%20Local%20municipalities/WC047%20Bitou/WC047%20Bitou%20Audit%20report%202014-15.pdf
WC048,Knysna,2015,unqualified,Unqualified - No findings,http://mfma.treasury.gov.za/Documents/07.%20Audit%20Reports/2014-15/02.%20Local%20municipalities/WC048%20Knysna/WC048%20Knysna%20Audit%20report%202014-15.pdf
WC051,Laingsburg,2015,unqualified_emphasis_of_matter,Unqualified - Emphasis of Matter items,http://mfma.treasury.gov.za/Documents/07.%20Audit%20Reports/2014-15/02.%20Local%20municipalities/WC051%20Laingsburg/WC051%20Laingsburg%20Audit%20report%202014-15.pdf
WC052,Prince Albert,2015,unqualified_emphasis_of_matter,Unqualified - Emphasis of Matter items,http://mfma.treasury.gov.za/Documents/07.%20Audit%20Reports/2014-15/02.%20Local%20municipalities/WC052%20Prince%20Albert/WC052%20Prince%20Albert%20Audit%20report%202014-15.pdf
WC053,Beaufort West,2015,unqualified_emphasis_of_matter,Unqualified - Emphasis of Matter items,http://mfma.treasury.gov.za/Documents/07.%20Audit%20Reports/2014-15/02.%20Local%20municipalities/WC053%20Beaufort%20West/WC053%20Beaufort%20West%20Audit%20report%202014-15.pdf
DC1,West Coast,2015,unqualified,Unqualified - No findings,http://mfma.treasury.gov.za/Documents/07.%20Audit%20Reports/2014-15/03.%20District%20municipalities/DC1%20West%20Coast/DC1%20West%20Coast%20audit%20report%202014-15.pdf
DC10,Sarah Baartman,2015,unqualified,Unqualified - No findings,http://mfma.treasury.gov.za/Documents/07.%20Audit%20Reports/2014-15/03.%20District%20municipalities/DC10%20Sarah%20Baartman/DC10%20Sarah%20Baartman%20Consolidated%20Audit%20report%202014-15.pdf
DC12,Amathole,2015,unqualified_emphasis_of_matter,Unqualified - Emphasis of Matter items,http://mfma.treasury.gov.za/Documents/07.%20Audit%20Reports/2014-15/03.%20District%20municipalities/DC12%20Amathole/DC12%20Amathole%20Consolidated%20Audit%20report%202014-15.pdf
DC13,Chris Hani,2015,qualified,Qualified,http://mfma.treasury.gov.za/Documents/07.%20Audit%20Reports/2014-15/03.%20District%20municipalities/DC13%20Chris%20Hani/DC13%20Chris%20Hani%20Audit%20report%202014-15.pdf
DC14,Joe Gqabi,2015,unqualified,Unqualified - No findings,http://mfma.treasury.gov.za/Documents/07.%20Audit%20Reports/2014-15/03.%20District%20municipalities/DC14%20Joe%20Gqabi
DC15,O R Tambo,2015,qualified,Qualified,http://mfma.treasury.gov.za/Documents/07.%20Audit%20Reports/2014-15/03.%20District%20municipalities/DC15%20O%20R%20Tambo/DC15%20OR%20Tambo%20Audit%20Report%202014-15.pdf
DC16,Xhariep,2015,qualified,Qualified,http://mfma.treasury.gov.za/Documents/07.%20Audit%20Reports/2014-15/03.%20District%20municipalities/DC16%20Xhariep/DC16%20Xhariep%20Audit%20report%202014-15.pdf
DC18,Lejweleputswa,2015,unqualified_emphasis_of_matter,Unqualified - Emphasis of Matter items,http://mfma.treasury.gov.za/Documents/07.%20Audit%20Reports/2014-15/03.%20District%20municipalities/DC18%20Lejweleputswa/DC18%20Lejweleputswa%20Audit%20report%202014-15.pdf
DC19,Thabo Mofutsanyana,2015,unqualified,Unqualified - No findings,http://mfma.treasury.gov.za/Documents/07.%20Audit%20Reports/2014-15/03.%20District%20municipalities/DC19%20Thabo%20Mofutsanyana/DC19%20Thabo%20Mofutsanyana%20Audit%20report%202014-15.pdf
DC2,Cape Winelands DM,2015,unqualified,Unqualified - No findings,http://mfma.treasury.gov.za/Documents/07.%20Audit%20Reports/2014-15/03.%20District%20municipalities/DC2%20Cape%20Winelands/DC2%20Cape%20Winelands%20Audit%20report%202014-15.pdf
DC20,Fezile Dabi,2015,unqualified_emphasis_of_matter,Unqualified - Emphasis of Matter items,http://mfma.treasury.gov.za/Documents/07.%20Audit%20Reports/2014-15/03.%20District%20municipalities/DC20%20Fezile%20Dabi/DC20%20Fezile%20Dabi%20Audit%20Report%202014-15.pdf
DC21,Ugu,2015,unqualified_emphasis_of_matter,Unqualified - Emphasis of Matter items,http://mfma.treasury.gov.za/Documents/07.%20Audit%20Reports/2014-15/03.%20District%20municipalities/DC21%20Ugu/DC21%20Ugu%20Audit%20report%202014-15.pdf
DC22,uMgungundlovu,2015,unqualified,Unqualified - No findings,http://mfma.treasury.gov.za/Documents/07.%20Audit%20Reports/2014-15/03.%20District%20municipalities/DC22%20uMgundgundlovu/DC22%20uMgundgundlovu%20Audit%20report%202014-15.pdf
NC072,Umsobomvu,2023,qualified,Qualified,https://lg.treasury.gov.za/supportingdocs/NC072/NC072_Audit%20Report_2023_Y_20240215T175639Z_ncedo.pdf
DC23,Uthukela,2015,qualified,Qualified,http://mfma.treasury.gov.za/Documents/07.%20Audit%20Reports/2014-15/03.%20District%20municipalities/DC23%20Uthukela/DC23%20Uthukela%20Audit%20Report%202014-15.pdf
DC24,Umzinyathi,2015,unqualified_emphasis_of_matter,Unqualified - Emphasis of Matter items,http://mfma.treasury.gov.za/Documents/07.%20Audit%20Reports/2014-15/03.%20District%20municipalities/DC24%20Umzinyathi/DC24%20Umzinyathi%20Audit%20report%202014-15.pdf
DC26,Zululand,2015,unqualified,Unqualified - No findings,http://mfma.treasury.gov.za/Documents/07.%20Audit%20Reports/2014-15/03.%20District%20municipalities/DC26%20Zululand/DC26%20Zululand%20Audit%20report%202014-15.pdf
DC27,Umkhanyakude,2015,disclaimer,Disclaimer of opinion,http://mfma.treasury.gov.za/Documents/07.%20Audit%20Reports/2014-15/03.%20District%20municipalities/DC27%20Umkhanyakude/DC27%20Umkhanyakude%20Audit%20report%202014-15.pdf
DC28,King Cetshwayo,2015,unqualified,Unqualified - No findings,http://mfma.treasury.gov.za/Documents/07.%20Audit%20Reports/2014-15/03.%20District%20municipalities/DC28%20uThungulu/DC28%20uThungulu%20Audit%20report%202014-15.pdf
DC29,iLembe,2015,unqualified,Unqualified - No findings,http://mfma.treasury.gov.za/Documents/07.%20Audit%20Reports/2014-15/03.%20District%20municipalities/DC29%20iLembe/DC29%20iLembe%20Audit%20report%202014-15.pdf
DC3,Overberg,2015,unqualified,Unqualified - No findings,http://mfma.treasury.gov.za/Documents/07.%20Audit%20Reports/2014-15/03.%20District%20municipalities/DC3%20Overberg/DC3%20Overberg%20Audit%20report%202014-15.pdf
DC30,Gert Sibande,2015,unqualified_emphasis_of_matter,Unqualified - Emphasis of Matter items,http://mfma.treasury.gov.za/Documents/07.%20Audit%20Reports/2014-15/03.%20District%20municipalities/DC30%20Gert%20Sibande/DC30%20Gert%20Sibande%20Audit%20report%202014-15.pdf
DC31,Nkangala,2015,unqualified,Unqualified - No findings,http://mfma.treasury.gov.za/Documents/07.%20Audit%20Reports/2014-15/03.%20District%20municipalities/DC31%20Nkangala/DC31%20Nkangala%20Audit%20report%202014-15.pdf
DC32,Ehlanzeni,2015,unqualified,Unqualified - No findings,http://mfma.treasury.gov.za/Documents/07.%20Audit%20Reports/2014-15/03.%20District%20municipalities/DC32%20Ehlanzeni/DC32%20Ehlanzeni%20Audit%20report%202014-15.pdf
DC33,Mopani,2015,disclaimer,Disclaimer of opinion,http://mfma.treasury.gov.za/Documents/07.%20Audit%20Reports/2014-15/03.%20District%20municipalities/DC33%20Mopani/DC33%20Mopani%20Audit%20report%202014-15.pdf
DC34,Vhembe,2015,adverse,Adverse opinion,http://mfma.treasury.gov.za/Documents/07.%20Audit%20Reports/2014-15/03.%20District%20municipalities/DC34%20Vhembe/DC34%20Vhembe%20Audit%20report%202014-15.pdf
DC35,Capricorn,2015,unqualified_emphasis_of_matter,Unqualified - Emphasis of Matter items,http://mfma.treasury.gov.za/Documents/07.%20Audit%20Reports/2014-15/03.%20District%20municipalities/DC35%20Capricorn/DC35%20Capricorn%20Audit%20Report%202014-15.pdf
DC36,Waterberg,2015,unqualified_emphasis_of_matter,Unqualified - Emphasis of Matter items,http://mfma.treasury.gov.za/Documents/07.%20Audit%20Reports/2014-15/03.%20District%20municipalities/DC36%20Waterberg/DC36%20Waterberg%20Audit%20report%202014-15.pdf
DC38,Ngaka Modiri Molema,2015,disclaimer,Disclaimer of opinion,http://mfma.treasury.gov.za/Documents/07.%20Audit%20Reports/2014-15/03.%20District%20municipalities/DC38%20Ngaka%20Modiri%20Molema/DC38%20Ngaka%20Modiri%20Molema%20Audit%20report%202014-15.pdf
DC39,Dr Ruth Segomotsi Mompati,2015,qualified,Qualified,http://mfma.treasury.gov.za/Documents/07.%20Audit%20Reports/2014-15/03.%20District%20municipalities/DC39%20Dr%20Ruth%20Segomotsi%20Mompati/DC39%20Dr%20Ruth%20Segomotsi%20Mompati%20Audit%20report%202014-15.pdf
DC42,Sedibeng,2015,unqualified,Unqualified - No findings,http://mfma.treasury.gov.za/Documents/07.%20Audit%20Reports/2014-15/03.%20District%20municipalities/DC42%20Sedibeng/DC42%20Sedibeng%20Audit%20report%202014-15.pdf
DC43,Harry Gwala,2015,unqualified_emphasis_of_matter,Unqualified - Emphasis of Matter items,http://mfma.treasury.gov.za/Documents/07.%20Audit%20Reports/2014-15/03.%20District%20municipalities/DC43%20Harry%20Gwala/DC43%20Harry%20Gwala%20Audit%20Report%202014-15.pdf
DC44,Alfred Nzo,2015,qualified,Qualified,http://mfma.treasury.gov.za/Documents/07.%20Audit%20Reports/2014-15/03.%20District%20municipalities/DC44%20Alfred%20Nzo
DC45,John Taolo Gaetsewe,2015,unqualified_emphasis_of_matter,Unqualified - Emphasis of Matter items,http://mfma.treasury.gov.za/Documents/07.%20Audit%20Reports/2014-15/03.%20District%20municipalities/DC45%20John%20Taolo%20Gaetsewe/DC45%20John%20Taolo%20Gaetsewe%20Audit%20report%202014-15.pdf
DC47,Sekhukhune,2015,unqualified_emphasis_of_matter,Unqualified - Emphasis of Matter items,http://mfma.treasury.gov.za/Documents/07.%20Audit%20Reports/2014-15/03.%20District%20municipalities/DC47%20Sekhukhune/DC47%20Sekhukhune%20Audit%20report%202014-15.pdf
DC48,West Rand,2015,unqualified_emphasis_of_matter,Unqualified - Emphasis of Matter items,http://mfma.treasury.gov.za/Documents/07.%20Audit%20Reports/2014-15/03.%20District%20municipalities/DC48%20West%20Rand
DC5,Central Karoo,2015,unqualified_emphasis_of_matter,Unqualified - Emphasis of Matter items,http://mfma.treasury.gov.za/Documents/07.%20Audit%20Reports/2014-15/03.%20District%20municipalities/DC5%20Central%20Karoo/DC5%20Central%20Karoo%20Audit%20report%202014-15.pdf
DC6,Namakwa,2015,unqualified_emphasis_of_matter,Unqualified - Emphasis of Matter items,http://mfma.treasury.gov.za/Documents/07.%20Audit%20Reports/2014-15/03.%20District%20municipalities/DC6%20Namakwa/DC6%20Namakwa%20Audit%20report%202014-15.pdf
DC7,Pixley Ka Seme (NC),2015,unqualified_emphasis_of_matter,Unqualified - Emphasis of Matter items,http://mfma.treasury.gov.za/Documents/07.%20Audit%20Reports/2014-15/03.%20District%20municipalities/DC7%20Pixley%20Ka%20Seme/DC7%20Pixley%20Ka%20Seme%20Audit%20report%202014-15.pdf
DC8,Z F Mgcawu,2015,unqualified,Unqualified - No findings,http://mfma.treasury.gov.za/Documents/07.%20Audit%20Reports/2014-15/03.%20District%20municipalities/DC8%20ZF%20Mgcawu/DC8%20Z%20F%20Mgcawu%20Audit%20report%202014-15.pdf
DC9,Frances Baard,2015,unqualified,Unqualified - No findings,http://mfma.treasury.gov.za/Documents/07.%20Audit%20Reports/2014-15/03.%20District%20municipalities/DC9%20Frances%20Baard/DC9%20Frances%20Baard%20Audit%20report%202014-15.pdf
BUF,Buffalo City,2014,qualified,Qualified,http://mfma.treasury.gov.za/Documents/07.%20Audit%20Reports/2013-14/01.%20Metros/BUF%20Buffalo%20City/BUF%20Buffalo%20City%20Consolidated%20Audit%20Report%202013-14.pdf
CPT,Cape Town,2014,unqualified,Unqualified - No findings,http://mfma.treasury.gov.za/Documents/07.%20Audit%20Reports/2013-14/01.%20Metros/CPT%20Cape%20Town/CPT%20Cape%20Town%20Consolidated%20audit%20report%202013-14.pdf
EKU,City of Ekurhuleni,2014,unqualified,Unqualified - No findings,http://mfma.treasury.gov.za/Documents/07.%20Audit%20Reports/2013-14/01.%20Metros/EKU%20Ekurhuleni%20Metro/EKU%20Ekurhuleni%20Metro%20Consolidated%20audit%20report%202013-14.PDF
EC144,Gariep,2014,qualified,Qualified,http://mfma.treasury.gov.za/Documents/07.%20Audit%20Reports/2013-14/02.%20Local%20municipalities/EC144%20Gariep/EC144%20Gariep%20Audit%20report%202013-14.pdf
ETH,eThekwini,2014,unqualified_emphasis_of_matter,Unqualified - Emphasis of Matter items,http://mfma.treasury.gov.za/Documents/07.%20Audit%20Reports/2013-14/01.%20Metros/ETH%20eThekwini/ETH%20eThekwini%20Consolidated%20audit%20report%20-%202013-14.pdf
JHB,City of Johannesburg,2014,unqualified_emphasis_of_matter,Unqualified - Emphasis of Matter items,http://mfma.treasury.gov.za/Documents/07.%20Audit%20Reports/2013-14/01.%20Metros/JHB%20City%20of%20Johannesburg/JHB%20City%20of%20Johannesburg%20Consolidated%20audit%20report%202013-14.pdf
MAN,Mangaung,2014,unqualified_emphasis_of_matter,Unqualified - Emphasis of Matter items,http://mfma.treasury.gov.za/Documents/07.%20Audit%20Reports/2013-14/01.%20Metros/MAN%20Mangaung/MAN%20Mangaung%20Consolidat%20Audit%20report%202013-14.pdf
NMA,Nelson Mandela Bay,2014,qualified,Qualified,http://mfma.treasury.gov.za/Documents/07.%20Audit%20Reports/2013-14/01.%20Metros/NMA%20Nelson%20Mandela%20Bay
TSH,City of Tshwane,2014,unqualified_emphasis_of_matter,Unqualified - Emphasis of Matter items,http://mfma.treasury.gov.za/Documents/07.%20Audit%20Reports/2013-14/01.%20Metros/TSH%20City%20of%20Tshwane/TSH%20City%20of%20Tshwane%20Consolidated%20audit%20report%202013-14.pdf
EC101,Dr Beyers Naude,2014,unqualified_emphasis_of_matter,Unqualified - Emphasis of Matter items,http://mfma.treasury.gov.za/Documents/07.%20Audit%20Reports/2013-14/02.%20Local%20municipalities/EC101%20Camdeboo/EC101%20Camdeboo%20Audit%20report%202013-14.pdf
EC102,Blue Crane Route,2014,qualified,Qualified,http://mfma.treasury.gov.za/Documents/07.%20Audit%20Reports/2013-14/02.%20Local%20municipalities/EC102%20Blue%20Crane%20Route
EC103,Ikwezi,2014,disclaimer,Disclaimer of opinion,http://mfma.treasury.gov.za/Documents/07.%20Audit%20Reports/2013-14/02.%20Local%20municipalities/EC103%20Ikwezi/EC103%20Ikwezi%20Audit%20report%202013-14.pdf
EC104,Makana,2014,disclaimer,Disclaimer of opinion,http://mfma.treasury.gov.za/Documents/07.%20Audit%20Reports/2013-14/02.%20Local%20municipalities/EC104%20Makana/EC104%20Makana%20Audit%20report%202013-14.pdf
EC105,Ndlambe,2014,disclaimer,Disclaimer of opinion,http://mfma.treasury.gov.za/Documents/07.%20Audit%20Reports/2013-14/02.%20Local%20municipalities/EC105%20Ndlambe/EC104%20Ndlambe%20Audit%20report%202013-14.pdf
EC106,Sundays River Valley,2014,disclaimer,Disclaimer of opinion,http://mfma.treasury.gov.za/Documents/07.%20Audit%20Reports/2013-14/02.%20Local%20municipalities/EC106%20Sundays%20River%20Valley/EC106%20Sundays%20River%20Valley%20Audit%20report%202013-14.pdf
EC107,Baviaans,2014,unqualified_emphasis_of_matter,Unqualified - Emphasis of Matter items,http://mfma.treasury.gov.za/Documents/07.%20Audit%20Reports/2013-14/02.%20Local%20municipalities/EC107%20Baviaans/EC107%20Baviaans%20Audit%20report%202013-14.pdf
EC108,Kouga,2014,unqualified_emphasis_of_matter,Unqualified - Emphasis of Matter items,http://mfma.treasury.gov.za/Documents/07.%20Audit%20Reports/2013-14/02.%20Local%20municipalities/EC108%20Kouga/EC108%20Kouga%20Audit%20report%202013-14.pdf
EC109,Kou-Kamma,2014,qualified,Qualified,http://mfma.treasury.gov.za/Documents/07.%20Audit%20Reports/2013-14/02.%20Local%20municipalities/EC109%20Koukamma/EC109%20Koukamma%20Audit%20report%202013-14.pdf
EC121,Mbhashe,2014,qualified,Qualified,http://mfma.treasury.gov.za/Documents/07.%20Audit%20Reports/2013-14/02.%20Local%20municipalities/EC121%20Mbhashe/EC121%20Mbhashe%20Audit%20Report%202013-14.pdf
EC122,Mnquma,2014,qualified,Qualified,http://mfma.treasury.gov.za/Documents/07.%20Audit%20Reports/2013-14/02.%20Local%20municipalities/EC122%20Mnquma/EC122%20Mnquma%20Audit%20report%202013-14.pdf
EC123,Great Kei,2014,disclaimer,Disclaimer of opinion,http://mfma.treasury.gov.za/Documents/07.%20Audit%20Reports/2013-14/02.%20Local%20municipalities/EC123%20Great%20Kei/EC123%20Great%20Kei%20Audit%20report%202013-14.pdf
EC124,Amahlathi,2014,qualified,Qualified,http://mfma.treasury.gov.za/Documents/07.%20Audit%20Reports/2013-14/02.%20Local%20municipalities/EC124%20Amahlathi/EC124%20Amahlathi%20Audit%20Report%202013-2014.pdf
EC126,Ngqushwa,2014,disclaimer,Disclaimer of opinion,http://mfma.treasury.gov.za/Documents/07.%20Audit%20Reports/2013-14/02.%20Local%20municipalities/EC126%20Ngqushwa/EC126%20Ngqushwa%20Audit%20report%202013-14.pdf
EC127,Nkonkobe,2014,qualified,Qualified,http://mfma.treasury.gov.za/Documents/07.%20Audit%20Reports/2013-14/02.%20Local%20municipalities/EC127%20Nkonkobe/EC127%20Nkonkobe%20Audit%20report%202013-14.pdf
EC128,Nxuba,2014,qualified,Qualified,http://mfma.treasury.gov.za/Documents/07.%20Audit%20Reports/2013-14/02.%20Local%20municipalities/EC128%20Nxuba/EC128%20Nxuba%20Audit%20report%202013-14.pdf
EC131,Inxuba Yethemba,2014,disclaimer,Disclaimer of opinion,http://mfma.treasury.gov.za/Documents/07.%20Audit%20Reports/2013-14/02.%20Local%20municipalities/EC131%20Inxuba%20Yethemba/EC131%20Inxuba%20Yethemba%20Audit%20report%202013-14.pdf
EC132,Tsolwana,2014,unqualified_emphasis_of_matter,Unqualified - Emphasis of Matter items,http://mfma.treasury.gov.za/Documents/07.%20Audit%20Reports/2013-14/02.%20Local%20municipalities/EC132%20Tsolwana/EC132%20Tsolwana%20Audit%20report%202013-14.pdf
EC133,Inkwanca,2014,disclaimer,Disclaimer of opinion,http://mfma.treasury.gov.za/Documents/07.%20Audit%20Reports/2013-14/02.%20Local%20municipalities/EC133%20Inkwanca/EC133%20Inkwanca%20Audit%20report%202013-14.pdf
EC134,Lukanji,2014,disclaimer,Disclaimer of opinion,http://mfma.treasury.gov.za/Documents/07.%20Audit%20Reports/2013-14/02.%20Local%20municipalities/EC134%20Lukhanji/EC134%20Lukhanji%20Audit%20report%202013-14.pdf
EC135,Vuyisile Mini,2014,qualified,Qualified,http://mfma.treasury.gov.za/Documents/07.%20Audit%20Reports/2013-14/02.%20Local%20municipalities/EC135%20Intsika%20Yethu/EC135%20Intsika%20Yethu%20Audit%20report%202013-14.pdf
EC136,Emalahleni (EC),2014,qualified,Qualified,http://mfma.treasury.gov.za/Documents/07.%20Audit%20Reports/2013-14/02.%20Local%20municipalities/EC136%20Emalahleni/EC136%20Emalahleni%20Audit%20report%202013-14.pdf
EC137,Dr. A.B. Xuma,2014,unqualified_emphasis_of_matter,Unqualified - Emphasis of Matter items,http://mfma.treasury.gov.za/Documents/07.%20Audit%20Reports/2013-14/02.%20Local%20municipalities/EC137%20Engcobo/EC137%20Engcobo%20Audit%20report%202013-14.pdf
EC138,Sakhisizwe,2014,qualified,Qualified,http://mfma.treasury.gov.za/Documents/07.%20Audit%20Reports/2013-14/02.%20Local%20municipalities/EC138%20Sakhisizwe/EC138%20Sakhisizwe%20Audit%20Report%202013-14.pdf
EC141,Elundini,2014,unqualified_emphasis_of_matter,Unqualified - Emphasis of Matter items,http://mfma.treasury.gov.za/Documents/07.%20Audit%20Reports/2013-14/02.%20Local%20municipalities/EC141%20Elundini/EC141%20Elundini%20Audit%20report%202013-14.pdf
EC142,Senqu,2014,unqualified,Unqualified - No findings,http://mfma.treasury.gov.za/Documents/07.%20Audit%20Reports/2013-14/02.%20Local%20municipalities/EC142%20Senqu/EC142%20Senqu%20Audit%20report%202013-14.pdf
EC143,Maletswai,2014,unqualified_emphasis_of_matter,Unqualified - Emphasis of Matter items,http://mfma.treasury.gov.za/Documents/07.%20Audit%20Reports/2013-14/02.%20Local%20municipalities/EC143%20Maletswai/EC143%20Maletswai%20Audit%20report%202013-14.pdf
EC153,Ngquza Hills,2014,unqualified_emphasis_of_matter,Unqualified - Emphasis of Matter items,http://mfma.treasury.gov.za/Documents/07.%20Audit%20Reports/2013-14/02.%20Local%20municipalities/EC153%20Ngquza%20Hills/EC153%20Ngquza%20Hills%20Audit%20report%202013-14.pdf
EC155,Nyandeni,2014,unqualified_emphasis_of_matter,Unqualified - Emphasis of Matter items,http://mfma.treasury.gov.za/Documents/07.%20Audit%20Reports/2013-14/02.%20Local%20municipalities/EC155%20Nyandeni/EC155%20Nyandeni%20Audit%20report%202013-14.pdf
EC156,Kumkani Mhlontlo,2014,adverse,Adverse opinion,http://mfma.treasury.gov.za/Documents/07.%20Audit%20Reports/2013-14/02.%20Local%20municipalities/EC156%20Mhlontlo/EC156%20Mhlontlo%20Audit%20report%202013-14.pdf
EC157,King Sabata Dalindyebo,2014,qualified,Qualified,http://mfma.treasury.gov.za/Documents/07.%20Audit%20Reports/2013-14/02.%20Local%20municipalities/EC157%20King%20Sabata%20Dalindyebo/EC157%20King%20Sabata%20Dalindyebo%20Audit%20report%202013-14.pdf
EC441,Matatiele,2014,unqualified_emphasis_of_matter,Unqualified - Emphasis of Matter items,http://mfma.treasury.gov.za/Documents/07.%20Audit%20Reports/2013-14/02.%20Local%20municipalities/EC441%20Matatiele/EC441%20Matatiele%20Audit%20Report%202013-14.pdf
EC442,Umzimvubu,2014,unqualified_emphasis_of_matter,Unqualified - Emphasis of Matter items,http://mfma.treasury.gov.za/Documents/07.%20Audit%20Reports/2013-14/02.%20Local%20municipalities/EC442%20Mbizana/EC442%20Mbizana%20Audit%20report%202013-14.pdf
EC443,Winnie Madikizela-Mandela,2014,disclaimer,Disclaimer of opinion,http://mfma.treasury.gov.za/Documents/07.%20Audit%20Reports/2013-14/02.%20Local%20municipalities/EC443%20Mbizana/EC442%20Mbizana%20Audit%20report%202013-14.pdf
EC444,Ntabankulu,2014,disclaimer,Disclaimer of opinion,http://mfma.treasury.gov.za/Documents/07.%20Audit%20Reports/2013-14/02.%20Local%20municipalities/EC444%20Ntabankulu/EC444%20Ntabankulu%20Audit%20report%202013-14.pdf
FS161,Letsemeng,2014,disclaimer,Disclaimer of opinion,http://mfma.treasury.gov.za/Documents/07.%20Audit%20Reports/2013-14/02.%20Local%20municipalities/FS161%20Letsemeng/FS161%20Letsemeng%20Audit%20report%202013-14.pdf
FS162,Kopanong,2014,qualified,Qualified,http://mfma.treasury.gov.za/Documents/07.%20Audit%20Reports/2013-14/02.%20Local%20municipalities/FS162%20Kopanong/FS162%20Kopanong%20Audit%20Report%202013-14.pdf
FS163,Mohokare,2014,qualified,Qualified,http://mfma.treasury.gov.za/Documents/07.%20Audit%20Reports/2013-14/02.%20Local%20municipalities/FS163%20Mohokare/FS163%20Mohokare%20Audit%20report%202013-14.pdf
FS182,Tokologo,2014,unqualified_emphasis_of_matter,Unqualified - Emphasis of Matter items,http://mfma.treasury.gov.za/Documents/07.%20Audit%20Reports/2013-14/02.%20Local%20municipalities/FS182%20Tokologo/FS182%20Tokologo%20Audit%20report%202013-14.pdf
FS183,Tswelopele,2014,unqualified_emphasis_of_matter,Unqualified - Emphasis of Matter items,http://mfma.treasury.gov.za/Documents/07.%20Audit%20Reports/2013-14/02.%20Local%20municipalities/FS183%20Tswelopele/FS183%20Tswelopele%20Audit%20Report%202013-14.pdf
FS184,Matjhabeng,2014,disclaimer,Disclaimer of opinion,http://mfma.treasury.gov.za/Documents/07.%20Audit%20Reports/2013-14/02.%20Local%20municipalities/FS184%20Matjhabeng/FS184%20Matjhabeng%20Audit%20report%202013-14.pdf
FS185,Nala,2014,disclaimer,Disclaimer of opinion,http://mfma.treasury.gov.za/Documents/07.%20Audit%20Reports/2013-14/02.%20Local%20municipalities/FS185%20Nala/FS185%20Nala%20Audit%20report%202013-14.pdf
FS191,Setsoto,2014,unqualified_emphasis_of_matter,Unqualified - Emphasis of Matter items,http://mfma.treasury.gov.za/Documents/07.%20Audit%20Reports/2013-14/02.%20Local%20municipalities/FS191%20Setsoto/FS191%20Setsoto%20Audit%20report%202013-14.pdf
FS192,Dihlabeng,2014,unqualified_emphasis_of_matter,Unqualified - Emphasis of Matter items,http://mfma.treasury.gov.za/Documents/07.%20Audit%20Reports/2013-14/02.%20Local%20municipalities/FS192%20Dihlabeng/FS192%20Dihlabeng%20Audit%20report%202013-14.pdf
FS193,Nketoana,2014,unqualified_emphasis_of_matter,Unqualified - Emphasis of Matter items,http://mfma.treasury.gov.za/Documents/07.%20Audit%20Reports/2013-14/02.%20Local%20municipalities/FS193%20Nketoana/FS193%20Nketoana%20Audit%20report%202013-14.pdf
FS194,Maluti-a-Phofung,2014,disclaimer,Disclaimer of opinion,http://mfma.treasury.gov.za/Documents/07.%20Audit%20Reports/2013-14/02.%20Local%20municipalities/FS194%20Maluti-a-Phofung/FS194%20Maluti-a-Phofung%20Consolidated%20audit%20report%202013-14.pdf
FS195,Phumelela,2014,disclaimer,Disclaimer of opinion,http://mfma.treasury.gov.za/Documents/07.%20Audit%20Reports/2013-14/02.%20Local%20municipalities/FS195%20Phumelela/FS195%20Phumelela%20Audit%20report%202013-14.pdf
FS196,Mantsopa,2014,disclaimer,Disclaimer of opinion,http://mfma.treasury.gov.za/Documents/07.%20Audit%20Reports/2013-14/02.%20Local%20municipalities/FS196%20Mantsopa/FS196%20Mantsopa%20Audit%20report%202013-14.PDF
FS201,Moqhaka,2014,disclaimer,Disclaimer of opinion,http://mfma.treasury.gov.za/Documents/07.%20Audit%20Reports/2013-14/02.%20Local%20municipalities/FS201%20Moqhaka/FS201%20Moqhaka%20Audit%20Report%202013-14.pdf
FS203,Ngwathe,2014,disclaimer,Disclaimer of opinion,http://mfma.treasury.gov.za/Documents/07.%20Audit%20Reports/2013-14/02.%20Local%20municipalities/FS203%20Ngwathe/FS203%20Ngwathe%20Audit%20Report%202013-14.pdf
FS204,Metsimaholo,2014,unqualified_emphasis_of_matter,Unqualified - Emphasis of Matter items,http://mfma.treasury.gov.za/Documents/07.%20Audit%20Reports/2013-14/02.%20Local%20municipalities/FS204%20Mestimaholo
FS205,Mafube,2014,disclaimer,Disclaimer of opinion,http://mfma.treasury.gov.za/Documents/07.%20Audit%20Reports/2013-14/02.%20Local%20municipalities/FS205%20Mafube/FS205%20Mafube%20Audit%20Report%202013-14.pdf
GT422,Midvaal,2014,unqualified,Unqualified - No findings,http://mfma.treasury.gov.za/Documents/07.%20Audit%20Reports/2013-14/02.%20Local%20municipalities/GT422%20Midvaal/GT422%20Midvaal%20Audit%20report%202013-14.pdf
GT423,Lesedi,2014,unqualified_emphasis_of_matter,Unqualified - Emphasis of Matter items,http://mfma.treasury.gov.za/Documents/07.%20Audit%20Reports/2013-14/02.%20Local%20municipalities/GT423%20Lesedi/GT423%20Lesedi%20Audit%20report%202013-14.pdf
GT481,Mogale City,2014,unqualified,Unqualified - No findings,http://mfma.treasury.gov.za/Documents/07.%20Audit%20Reports/2013-14/02.%20Local%20municipalities/GT481%20Mogale%20City/GT481%20Mogale%20City%20Audit%20report%202013-14.pdf
GT483,Westonaria,2014,adverse,Adverse opinion,http://mfma.treasury.gov.za/Documents/07.%20Audit%20Reports/2013-14/02.%20Local%20municipalities/GT483%20Westonaria/GT483%20Westonaria%20Audit%20report%202013-14.pdf
GT484,Merafong City,2014,unqualified_emphasis_of_matter,Unqualified - Emphasis of Matter items,http://mfma.treasury.gov.za/Documents/07.%20Audit%20Reports/2013-14/02.%20Local%20municipalities/GT484%20Merafong%20City/GT484%20Merafong%20City%20Audit%20Report%202013-14.pdf
KZN211,Vulamehlo,2014,qualified,Qualified,http://mfma.treasury.gov.za/Documents/07.%20Audit%20Reports/2013-14/02.%20Local%20municipalities/KZN211%20Vulamehlo/KZN211%20Vulamehlo%20Audit%20Report%202013-14.pdf
KZN212,Umdoni,2014,unqualified_emphasis_of_matter,Unqualified - Emphasis of Matter items,http://mfma.treasury.gov.za/Documents/07.%20Audit%20Reports/2013-14/02.%20Local%20municipalities/KZN212%20uMdoni/KZN212%20Umdoni%20Audit%20report%202013-14.pdf
KZN213,Umzumbe,2014,unqualified,Unqualified - No findings,http://mfma.treasury.gov.za/Documents/07.%20Audit%20Reports/2013-14/02.%20Local%20municipalities/KZN213%20Umzumbe/KZN213%20Umzumbe%20Audit%20report%202013-14.pdf
KZN214,uMuziwabantu,2014,unqualified_emphasis_of_matter,Unqualified - Emphasis of Matter items,http://mfma.treasury.gov.za/Documents/07.%20Audit%20Reports/2013-14/02.%20Local%20municipalities/KZN214%20uMuziwabantu/KZN214%20Umuziwabantu%20Audit%20report%202013-14.pdf
KZN215,Ezingoleni,2014,unqualified,Unqualified - No findings,http://mfma.treasury.gov.za/Documents/07.%20Audit%20Reports/2013-14/02.%20Local%20municipalities/KZN215%20Ezinqoleni/KZN215%20Ezinqoleni%20Audit%20report%202013-14.pdf
KZN216,Ray Nkonyeni,2014,unqualified_emphasis_of_matter,Unqualified - Emphasis of Matter items,http://mfma.treasury.gov.za/Documents/07.%20Audit%20Reports/2013-14/02.%20Local%20municipalities/KZN216%20Hibiscus%20Coast/KZN216%20Hibiscus%20Coast%20Audit%20report%202013-14.pdf
KZN221,uMshwathi,2014,unqualified_emphasis_of_matter,Unqualified - Emphasis of Matter items,http://mfma.treasury.gov.za/Documents/07.%20Audit%20Reports/2013-14/02.%20Local%20municipalities/KZN221%20uMshwathi/KZN221%20uMshwathi%20Audit%20report%202013-14.pdf
KZN222,uMngeni,2014,unqualified_emphasis_of_matter,Unqualified - Emphasis of Matter items,http://mfma.treasury.gov.za/Documents/07.%20Audit%20Reports/2013-14/02.%20Local%20municipalities/KZN222%20uMngeni/KZN222%20uMngeni%20Audit%20report%202013-14.pdf
KZN223,Mpofana,2014,qualified,Qualified,http://mfma.treasury.gov.za/Documents/07.%20Audit%20Reports/2013-14/02.%20Local%20municipalities/KZN223%20Mpofana/KZN223%20Mpofana%20Audit%20report%202013-14.pdf
KZN224,Impendle,2014,unqualified_emphasis_of_matter,Unqualified - Emphasis of Matter items,http://mfma.treasury.gov.za/Documents/07.%20Audit%20Reports/2013-14/02.%20Local%20municipalities/KZN224%20Impendle/KZN224%20Impendle%20Audit%20report%202013-14.pdf
KZN225,Msunduzi,2014,unqualified_emphasis_of_matter,Unqualified - Emphasis of Matter items,http://mfma.treasury.gov.za/Documents/07.%20Audit%20Reports/2013-14/02.%20Local%20municipalities/KZN225%20Msunduzi/KZN225%20Msunduzi%20Audit%20report%202013-14.pdf
KZN226,Mkhambathini,2014,unqualified_emphasis_of_matter,Unqualified - Emphasis of Matter items,http://mfma.treasury.gov.za/Documents/07.%20Audit%20Reports/2013-14/02.%20Local%20municipalities/KZN226%20Mkhambathini/KZN226%20Mkhambathini%20Audit%20report%202013-14.pdf
KZN227,Richmond,2014,unqualified,Unqualified - No findings,http://mfma.treasury.gov.za/Documents/07.%20Audit%20Reports/2013-14/02.%20Local%20municipalities/KZN227%20Richmond/KZN227%20Richmond%20Audit%20Report%202013-14.pdf
KZN232,Emnambithi/Ladysmith,2014,unqualified,Unqualified - No findings,http://mfma.treasury.gov.za/Documents/07.%20Audit%20Reports/2013-14/02.%20Local%20municipalities/KZN232%20Emnambithi%20Ladysmith/KZN232%20Emnambithi-Ladysmith%20Audit%20Report%202013-14.pdf
KZN233,Indaka,2014,unqualified_emphasis_of_matter,Unqualified - Emphasis of Matter items,http://mfma.treasury.gov.za/Documents/07.%20Audit%20Reports/2013-14/02.%20Local%20municipalities/KZN233%20Indaka/KZN233%20Indaka%20Audit%20Report%202013-14.pdf
KZN234,Umtshezi,2014,unqualified_emphasis_of_matter,Unqualified - Emphasis of Matter items,http://mfma.treasury.gov.za/Documents/07.%20Audit%20Reports/2013-14/02.%20Local%20municipalities/KZN234%20Umtshezi/KZN234%20Umtshezi%20Audit%20Report%202013-14.pdf
KZN235,Okhahlamba,2014,unqualified_emphasis_of_matter,Unqualified - Emphasis of Matter items,http://mfma.treasury.gov.za/Documents/07.%20Audit%20Reports/2013-14/02.%20Local%20municipalities/KZN235%20Okhahlamba/KZN235%20Okhahlamba%20Audit%20Report%202013-14.pdf
KZN236,Imbabazane,2014,unqualified_emphasis_of_matter,Unqualified - Emphasis of Matter items,http://mfma.treasury.gov.za/Documents/07.%20Audit%20Reports/2013-14/02.%20Local%20municipalities/KZN236%20Imbabazane/KZN236%20Imbabazane%20Audit%20report%202013-14.pdf
KZN241,Endumeni,2014,unqualified_emphasis_of_matter,Unqualified - Emphasis of Matter items,http://mfma.treasury.gov.za/Documents/07.%20Audit%20Reports/2013-14/02.%20Local%20municipalities/KZN241%20Endumeni/KZN241%20Endumeni%20Audit%20Report%202013-14.pdf
KZN242,Nquthu,2014,unqualified_emphasis_of_matter,Unqualified - Emphasis of Matter items,http://mfma.treasury.gov.za/Documents/07.%20Audit%20Reports/2013-14/02.%20Local%20municipalities/KZN242%20Nquthu/KZN242%20Nquthu%20Audit%20report%202013-14.pdf
KZN244,Msinga,2014,unqualified_emphasis_of_matter,Unqualified - Emphasis of Matter items,http://mfma.treasury.gov.za/Documents/07.%20Audit%20Reports/2013-14/02.%20Local%20municipalities/KZN244%20Msinga/KZN244%20Msinga%20Audit%20report%202013-14.pdf
KZN245,Umvoti,2014,unqualified_emphasis_of_matter,Unqualified - Emphasis of Matter items,http://mfma.treasury.gov.za/Documents/07.%20Audit%20Reports/2013-14/02.%20Local%20municipalities/KZN245%20Umvoti/KZN245%20Umvoti%20Audit%20report%202013-14.pdf
KZN252,Newcastle,2014,qualified,Qualified,http://mfma.treasury.gov.za/Documents/07.%20Audit%20Reports/2013-14/02.%20Local%20municipalities/KZN252%20Newcastle/KZN252%20Newcastle%20Audit%20report%202013-14.pdf
KZN253,Emadlangeni,2014,unqualified_emphasis_of_matter,Unqualified - Emphasis of Matter items,http://mfma.treasury.gov.za/Documents/07.%20Audit%20Reports/2013-14/02.%20Local%20municipalities/KZN253%20eMandlangeni/KZN253%20eMadlangeni%20Audit%20report%202013-14.pdf
KZN254,Dannhauser,2014,unqualified,Unqualified - No findings,http://mfma.treasury.gov.za/Documents/07.%20Audit%20Reports/2013-14/02.%20Local%20municipalities/KZN254%20Dannhauser/KZN254%20Dannhauser%20Audit%20report%202013-14.pdf
KZN261,eDumbe,2014,unqualified_emphasis_of_matter,Unqualified - Emphasis of Matter items,http://mfma.treasury.gov.za/Documents/07.%20Audit%20Reports/2013-14/02.%20Local%20municipalities/KZN261%20eDumbe/KZN261%20eDumbe%20Audit%20report%202013-14.pdf
KZN262,uPhongolo,2014,unqualified_emphasis_of_matter,Unqualified - Emphasis of Matter items,http://mfma.treasury.gov.za/Documents/07.%20Audit%20Reports/2013-14/02.%20Local%20municipalities/KZN262%20uPongolo/KZN262%20uPhongolo%20Audit%20report%202013-14.pdf
KZN263,Abaqulusi,2014,unqualified_emphasis_of_matter,Unqualified - Emphasis of Matter items,http://mfma.treasury.gov.za/Documents/07.%20Audit%20Reports/2013-14/02.%20Local%20municipalities/KZN263%20Abaqulusi/KZN263%20Abaqulusi%20Audit%20Report%202013-14.pdf
KZN265,Nongoma,2014,unqualified_emphasis_of_matter,Unqualified - Emphasis of Matter items,http://mfma.treasury.gov.za/Documents/07.%20Audit%20Reports/2013-14/02.%20Local%20municipalities/KZN265%20Nongoma/KZN265%20Nongoma%20Audit%20report%202013-14.pdf
KZN266,Ulundi,2014,unqualified_emphasis_of_matter,Unqualified - Emphasis of Matter items,http://mfma.treasury.gov.za/Documents/07.%20Audit%20Reports/2013-14/02.%20Local%20municipalities/KZN266%20Ulundi/KZN266%20Ulundi%20Audit%20Report%202013-14.pdf
FS181,Masilonyana,2018,outstanding,Outstanding,
KZN271,Umhlabuyalingana,2014,unqualified_emphasis_of_matter,Unqualified - Emphasis of Matter items,http://mfma.treasury.gov.za/Documents/07.%20Audit%20Reports/2013-14/02.%20Local%20municipalities/KZN271%20Umhlabuyalingana/KZN271%20Umhlabuyalingana%20Audit%20Report%202013-14.pdf
KZN272,Jozini,2014,disclaimer,Disclaimer of opinion,http://mfma.treasury.gov.za/Documents/07.%20Audit%20Reports/2013-14/02.%20Local%20municipalities/KZN272%20Jozini/KZN272%20Jozini%20Audit%20Report%202013-14.pdf
KZN273,The Big 5 False Bay,2014,unqualified_emphasis_of_matter,Unqualified - Emphasis of Matter items,http://mfma.treasury.gov.za/Documents/07.%20Audit%20Reports/2013-14/02.%20Local%20municipalities/KZN273%20The%20Big%20Five%20False%20Bay/KZN273%20The%20Big%20Five%20False%20Bay%20Audit%20report%202013-14.pdf
KZN274,Hlabisa,2014,disclaimer,Disclaimer of opinion,http://mfma.treasury.gov.za/Documents/07.%20Audit%20Reports/2013-14/02.%20Local%20municipalities/KZN274%20Hlabisa/KZN274%20Hlabisa%20Audit%20Report%202013-14.pdf
KZN275,Mtubatuba,2014,unqualified_emphasis_of_matter,Unqualified - Emphasis of Matter items,http://mfma.treasury.gov.za/Documents/07.%20Audit%20Reports/2013-14/02.%20Local%20municipalities/KZN275%20Mtubatuba/KZN275%20Mtubatuba%20Audit%20report%202013-14.pdf
KZN281,Mfolozi,2014,unqualified_emphasis_of_matter,Unqualified - Emphasis of Matter items,http://mfma.treasury.gov.za/Documents/07.%20Audit%20Reports/2013-14/02.%20Local%20municipalities/KZN281%20Mfolozi/KZN281%20Mfolozi%20Audit%20Report%202013-14.pdf
KZN282,uMhlathuze,2014,unqualified,Unqualified - No findings,http://mfma.treasury.gov.za/Documents/07.%20Audit%20Reports/2013-14/02.%20Local%20municipalities/KZN282%20uMhlathuze/KZN282%20uMhlathuze%20Audit%20report%202013-14.pdf
KZN283,Ntambanana,2014,unqualified_emphasis_of_matter,Unqualified - Emphasis of Matter items,http://mfma.treasury.gov.za/Documents/07.%20Audit%20Reports/2013-14/02.%20Local%20municipalities/KZN283%20Ntambanana/KZN283%20Ntambanana%20Audit%20report%202013-14.pdf
KZN284,uMlalazi,2014,unqualified_emphasis_of_matter,Unqualified - Emphasis of Matter items,http://mfma.treasury.gov.za/Documents/07.%20Audit%20Reports/2013-14/02.%20Local%20municipalities/KZN284%20Umlalazi/KZN284%20Umlalazi%20Audit%20Report%202013-14.pdf
KZN286,Nkandla,2014,unqualified_emphasis_of_matter,Unqualified - Emphasis of Matter items,http://mfma.treasury.gov.za/Documents/07.%20Audit%20Reports/2013-14/02.%20Local%20municipalities/KZN286%20Nkandla/KZN286%20Nkandla%20Audit%20report%202013-14.pdf
KZN292,KwaDukuza,2014,unqualified_emphasis_of_matter,Unqualified - Emphasis of Matter items,http://mfma.treasury.gov.za/Documents/07.%20Audit%20Reports/2013-14/02.%20Local%20municipalities/KZN292%20KwaDukuza/KZN292%20KwaDukuza%20Audit%20report%202013-14.pdf
KZN293,Ndwedwe,2014,unqualified_emphasis_of_matter,Unqualified - Emphasis of Matter items,http://mfma.treasury.gov.za/Documents/07.%20Audit%20Reports/2013-14/02.%20Local%20municipalities/KZN293%20Ndwedwe/KZN293%20Ndwedwe%20Audit%20Report%202013-14.pdf
KZN431,Ingwe,2014,unqualified_emphasis_of_matter,Unqualified - Emphasis of Matter items,http://mfma.treasury.gov.za/Documents/07.%20Audit%20Reports/2013-14/02.%20Local%20municipalities/KZN431%20Ingwe/KZN431%20Ingwe%20Audit%20report%202013-14.pdf
KZN433,Greater Kokstad,2014,unqualified_emphasis_of_matter,Unqualified - Emphasis of Matter items,http://mfma.treasury.gov.za/Documents/07.%20Audit%20Reports/2013-14/02.%20Local%20municipalities/KZN433%20Greater%20Kokstad/KZN433%20Greater%20Kokstad%20Audit%20report%202013-14.pdf
KZN434,Johannes Phumani Phungula,2014,unqualified,Unqualified - No findings,http://mfma.treasury.gov.za/Documents/07.%20Audit%20Reports/2013-14/02.%20Local%20municipalities/KZN434%20Ubuhlebezwe/KZN434%20Ubuhlebezwe%20Audit%20report%202013-14.pdf
WC041,Kannaland,2017,qualified,Qualified,http://mfma.treasury.gov.za/Documents/07.%20Audit%20Reports/2016-17/02.%20Local%20municipalities/WC041%20Kannaland/WC041%20Kannaland%20Audit%20report%202016-17.pdf
WC048,Knysna,2017,unqualified_emphasis_of_matter,Unqualified - Emphasis of Matter items,http://mfma.treasury.gov.za/Documents/07.%20Audit%20Reports/2016-17/02.%20Local%20municipalities/WC048%20Knysna/WC048%20Knysna%20Audit%20report%202016-17.pdf
LIM331,Greater Giyani,2017,adverse,Adverse opinion,http://mfma.treasury.gov.za/Documents/07.%20Audit%20Reports/2016-17/02.%20Local%20municipalities/LIM331%20Greater%20Giyane/LIM331%20Greater%20Giyane%20Audit%20report%202016-17.pdf
KZN237,Inkosi Langalibalele,2017,disclaimer,Disclaimer of opinion,http://mfma.treasury.gov.za/Documents/07.%20Audit%20Reports/2016-17/02.%20Local%20municipalities/KZN237%20Inkosi%20Langalibalele/KZN237%20Inkosi%20Langalibalele%20AFS%202016-17.pdf
FS205,Mafube,2017,disclaimer,Disclaimer of opinion,
FS181,Masilonyana,2017,disclaimer,Disclaimer of opinion,
LIM368,Modimolle-Mookgopong,2017,disclaimer,Disclaimer of opinion,
LIM367,Mogalakwena,2017,adverse,Adverse opinion,
NC075,Renosterberg,2017,qualified,Qualified,
LIM361,Thabazimbi,2017,disclaimer,Disclaimer of opinion,
NC085,Tsantsabane,2017,disclaimer,Disclaimer of opinion,
NC071,Ubuntu,2017,qualified,Qualified,http://mfma.treasury.gov.za/Documents/07.%20Audit%20Reports/2016-17/02.%20Local%20municipalities/NC071%20Ubuntu/NC071%20Ubuntu%20Audit%20report%202016-17.pdf
WC012,Cederberg,2018,unqualified,Unqualified - No findings,
DC39,Dr Ruth Segomotsi Mompati,2018,qualified,Qualified,
FS192,Dihlabeng,2018,qualified,Qualified,http://mfma.treasury.gov.za/Documents/07.%20Audit%20Reports/2017-18/02.%20Local%20municipalities/FS192%20Dihlabeng/FS192%20Dihlabeng%20Audit%20report%202017-18.pdf
KZN238,Alfred Duma,2018,qualified,Qualified,http://mfma.treasury.gov.za/Documents/07.%20Audit%20Reports/2017-18/02.%20Local%20municipalities/KZN238%20Alfred%20Duma/KZN238%20Alfred%20Duma%20Audit%20report%202017-18.pdf
KZN253,Emadlangeni,2018,unqualified_emphasis_of_matter,Unqualified - Emphasis of Matter items,http://mfma.treasury.gov.za/Documents/07.%20Audit%20Reports/2017-18/02.%20Local%20municipalities/KZN253%20eMadlangeni/KZN253%20eMadlangeni%20Audit%20Report%202017-18.pdf
KZN254,Dannhauser,2018,qualified,Qualified,http://mfma.treasury.gov.za/Documents/07.%20Audit%20Reports/2017-18/02.%20Local%20municipalities/KZN254%20Dannhauser/KZN254%20Dannhauser%20Audit%20Report%202017-18.pdf
NC452,Ga-Segonyana,2018,qualified,Qualified,
NC453,Gamagara,2018,disclaimer,Disclaimer of opinion,
NW394,Greater Taung,2018,qualified,Qualified,
NC065,Hantam,2018,qualified,Qualified,
KZN276,Hlabisa Big Five,2018,qualified,Qualified,
LIM355,Lepelle-Nkumpi,2018,qualified,Qualified,
FS194,Maluti-a-Phofung,2018,outstanding,Outstanding,
MP312,Emalahleni (MP),2018,qualified,Qualified,http://mfma.treasury.gov.za/Documents/07.%20Audit%20Reports/2017-18/02.%20Local%20municipalities/MP312%20Emalahleni%20%28MP%29/MP312%20Emalahleni%20Audit%20Report%202017-18.pdf
FS162,Kopanong,2018,qualified,Qualified,http://mfma.treasury.gov.za/Documents/07.%20Audit%20Reports/2017-18/02.%20Local%20municipalities/FS162%20Kopanong/FS162%20Kopanong%20Audit%20report%202017-18.pdf
FS184,Matjhabeng,2018,qualified,Qualified,http://mfma.treasury.gov.za/Documents/07.%20Audit%20Reports/2017-18/02.%20Local%20municipalities/FS184%20Matjhabeng/FS184%20Matjhabeng%20Audit%20report%202017-18.pdf
FS196,Mantsopa,2018,qualified,Qualified,http://mfma.treasury.gov.za/Documents/07.%20Audit%20Reports/2017-18/02.%20Local%20municipalities/FS196%20Mantsopa/FS196%20Mantsopa%20Audit%20report%202017-18.pdf
FS204,Metsimaholo,2018,qualified,Qualified,http://mfma.treasury.gov.za/Documents/07.%20Audit%20Reports/2017-18/02.%20Local%20municipalities/FS204%20Metsimaholo/FS204%20Metsimaholo%20Audit%20report%202017-18.pdf
FS185,Nala,2018,qualified,Qualified,
NC094,Phokwane,2018,outstanding,Outstanding,
NC075,Renosterberg,2018,outstanding,Outstanding,
EC444,Ntabankulu,2018,unqualified_emphasis_of_matter,Unqualified - Emphasis of Matter items,http://mfma.treasury.gov.za/Documents/07.%20Audit%20Reports/2017-18/02.%20Local%20municipalities/EC444%20Ntabankulu/EC444%20Ntabankulu%20Audit%20report%202017-18.pdf
FS182,Tokologo,2018,disclaimer,Disclaimer of opinion,http://mfma.treasury.gov.za/Documents/07.%20Audit%20Reports/2017-18/02.%20Local%20municipalities/FS182%20Tokologo/FS182%20Tokologo%20Audit%20report%202017-18.pdf
BUF,Buffalo City,2018,qualified,Qualified,http://mfma.treasury.gov.za/Documents/07.%20Audit%20Reports/2017-18/01.%20Metros/BUF%20Buffalo%20City/BUF%20Buffalo%20City%20Consolidated%20Audit%20report%202017-18.pdf
CPT,Cape Town,2018,unqualified_emphasis_of_matter,Unqualified - Emphasis of Matter items,http://mfma.treasury.gov.za/Documents/07.%20Audit%20Reports/2017-18/01.%20Metros/CPT%20Cape%20Town/CPT%20Cape%20Town%20Audit%20Report%202017-18.pdf
EKU,City of Ekurhuleni,2018,unqualified_emphasis_of_matter,Unqualified - Emphasis of Matter items,http://mfma.treasury.gov.za/Documents/07.%20Audit%20Reports/2017-18/01.%20Metros/EKU%20City%20of%20Ekurhuleni
ETH,eThekwini,2018,unqualified_emphasis_of_matter,Unqualified - Emphasis of Matter items,http://mfma.treasury.gov.za/Documents/07.%20Audit%20Reports/2017-18/01.%20Metros/ETH%20eThekwini/ETH%20eThekwini%20Audit%20report%202017-18.pdf
JHB,City of Johannesburg,2018,unqualified_emphasis_of_matter,Unqualified - Emphasis of Matter items,http://mfma.treasury.gov.za/Documents/07.%20Audit%20Reports/2017-18/01.%20Metros/JHB%20City%20of%20Johannesburg/JHB%20City%20of%20Johannesburg%20Audit%20report%202017-18.pdf
NMA,Nelson Mandela Bay,2018,qualified,Qualified,http://mfma.treasury.gov.za/Documents/07.%20Audit%20Reports/2017-18/01.%20Metros/NMA%20Nelson%20Mandela%20Bay/NMA%20Nelson%20Mandela%20Bay%20Audit%20report%202017-18.pdf
TSH,City of Tshwane,2018,unqualified_emphasis_of_matter,Unqualified - Emphasis of Matter items,http://mfma.treasury.gov.za/Documents/07.%20Audit%20Reports/2017-18/01.%20Metros/TSH%20City%20of%20Tshwane
EC101,Dr Beyers Naude,2018,disclaimer,Disclaimer of opinion,http://mfma.treasury.gov.za/Documents/07.%20Audit%20Reports/2017-18/02.%20Local%20municipalities/EC101%20Dr%20Beyers%20Naude/EC101%20Dr%20Beyers%20Naude%20Audit%20report%202017-18.pdf
EC102,Blue Crane Route,2018,unqualified_emphasis_of_matter,Unqualified - Emphasis of Matter items,http://mfma.treasury.gov.za/Documents/07.%20Audit%20Reports/2017-18/02.%20Local%20municipalities/EC102%20Blue%20Crane/EC102%20Blue%20Crane%20Route%20Audit%20report%202017-18.pdf
EC104,Makana,2018,qualified,Qualified,http://mfma.treasury.gov.za/Documents/07.%20Audit%20Reports/2017-18/02.%20Local%20municipalities/EC104%20Makana/EC104%20Makana%20Audit%20report%202017-18.pdf
EC105,Ndlambe,2018,qualified,Qualified,http://mfma.treasury.gov.za/Documents/07.%20Audit%20Reports/2017-18/02.%20Local%20municipalities/EC105%20Ndlambe/EC105%20Ndlambe%20Audit%20report%202017-18.pdf
EC106,Sundays River Valley,2018,qualified,Qualified,http://mfma.treasury.gov.za/Documents/07.%20Audit%20Reports/2017-18/02.%20Local%20municipalities/EC106%20Sundays%20River%20Valley/EC106%20Sundays%20River%20Valley%20Audit%20Report%202017-18.pdf
EC108,Kouga,2018,unqualified_emphasis_of_matter,Unqualified - Emphasis of Matter items,http://mfma.treasury.gov.za/Documents/07.%20Audit%20Reports/2017-18/02.%20Local%20municipalities/EC108%20Kouga/EC108%20Kouga%20Audit%20report%202017-18.pdf
EC109,Kou-Kamma,2018,unqualified_emphasis_of_matter,Unqualified - Emphasis of Matter items,http://mfma.treasury.gov.za/Documents/07.%20Audit%20Reports/2017-18/02.%20Local%20municipalities/EC109%20Kou-Kamma/EC109%20Kou-Kamma%20Audit%20report%202017-18.pdf
EC121,Mbhashe,2018,unqualified_emphasis_of_matter,Unqualified - Emphasis of Matter items,http://mfma.treasury.gov.za/Documents/07.%20Audit%20Reports/2017-18/02.%20Local%20municipalities/EC121%20Mbhashe/EC121%20Mbhashe%20Audit%20report%202017-18.pdf
EC122,Mnquma,2018,adverse,Adverse opinion,http://mfma.treasury.gov.za/Documents/07.%20Audit%20Reports/2017-18/02.%20Local%20municipalities/EC122%20Mnquma/EC122%20Mnquma%20Audit%20report%202017-18.pdf
EC123,Great Kei,2018,unqualified_emphasis_of_matter,Unqualified - Emphasis of Matter items,http://mfma.treasury.gov.za/Documents/07.%20Audit%20Reports/2017-18/02.%20Local%20municipalities/EC123%20Great%20Kei/EC123%20Great%20Kei%20Audit%20report%202017-18.pdf
EC124,Amahlathi,2018,unqualified_emphasis_of_matter,Unqualified - Emphasis of Matter items,http://mfma.treasury.gov.za/Documents/07.%20Audit%20Reports/2017-18/02.%20Local%20municipalities/EC124%20Amahlathi/EC124%20Amahlathi%20Audit%20Report%202017-18.pdf
EC126,Ngqushwa,2018,unqualified_emphasis_of_matter,Unqualified - Emphasis of Matter items,http://mfma.treasury.gov.za/Documents/07.%20Audit%20Reports/2017-18/02.%20Local%20municipalities/EC126%20Ngqushwa/EC126%20Ngqushwa%20Audit%20report%202017-18.pdf
KZN291,Mandeni,2018,unqualified_emphasis_of_matter,Unqualified - Emphasis of Matter items,http://mfma.treasury.gov.za/Documents/07.%20Audit%20Reports/2017-18/02.%20Local%20municipalities/KZN291%20Mandeni
FS203,Ngwathe,2018,disclaimer,Disclaimer of opinion,http://mfma.treasury.gov.za/Documents/07.%20Audit%20Reports/2017-18/02.%20Local%20municipalities/FS203%20Ngwathe/FS203%20Ngwathe%20Audit%20report%202017-18.pdf
EC129,Raymond Mhlaba,2018,unqualified_emphasis_of_matter,Unqualified - Emphasis of Matter items,http://mfma.treasury.gov.za/Documents/07.%20Audit%20Reports/2017-18/02.%20Local%20municipalities/EC129%20Raymond%20Mhlaba/EC129%20Raymond%20Mhlaba%20Audit%20Report%202017-18.pdf
EC131,Inxuba Yethemba,2018,unqualified_emphasis_of_matter,Unqualified - Emphasis of Matter items,http://mfma.treasury.gov.za/Documents/07.%20Audit%20Reports/2017-18/02.%20Local%20municipalities/EC131%20Inxuba%20Yethemba/EC131%20Inxuba%20Yethemba%20Audit%20Report%202017-18.pdf
EC145,Walter Sisulu,2018,disclaimer,Disclaimer of opinion,http://mfma.treasury.gov.za/Documents/07.%20Audit%20Reports/2017-18/02.%20Local%20municipalities/EC145%20Walter%20Sisulu/EC145%20Walter%20Sisulu%20Audit%20report%202017-18.pdf
EC135,Vuyisile Mini,2018,unqualified_emphasis_of_matter,Unqualified - Emphasis of Matter items,http://mfma.treasury.gov.za/Documents/07.%20Audit%20Reports/2017-18/02.%20Local%20municipalities/EC135%20Intsika%20Yethu/EC135%20Intsika%20Yethu%20Audit%20report%202017-18.pdf
EC136,Emalahleni (EC),2018,unqualified_emphasis_of_matter,Unqualified - Emphasis of Matter items,http://mfma.treasury.gov.za/Documents/07.%20Audit%20Reports/2017-18/02.%20Local%20municipalities/EC136%20Emalahleni/EC136%20Emalahleni%20%28EC%29%20Audit%20report%202017-18.PDF
EC137,Dr. A.B. Xuma,2018,qualified,Qualified,http://mfma.treasury.gov.za/Documents/07.%20Audit%20Reports/2017-18/02.%20Local%20municipalities/EC137%20Engcobo/EC137%20Engcobo%20Audit%20report%202017-18.pdf
EC139,Enoch Mgijima,2018,disclaimer,Disclaimer of opinion,http://mfma.treasury.gov.za/Documents/07.%20Audit%20Reports/2017-18/02.%20Local%20municipalities/EC139%20Enoch%20Mgijima/EC139%20Enoch%20Mgjims%20Audit%20Report%202017-18.pdf
EC141,Elundini,2018,adverse,Adverse opinion,http://mfma.treasury.gov.za/Documents/07.%20Audit%20Reports/2017-18/02.%20Local%20municipalities/EC141%20Elundini/EC141%20Elundini%20Audit%20Report%202017-18.pdf
EC142,Senqu,2018,unqualified,Unqualified - No findings,http://mfma.treasury.gov.za/Documents/07.%20Audit%20Reports/2017-18/02.%20Local%20municipalities/EC142%20Senqu/EC142%20Senqu%20Audit%20report%202017-18.pdf
EC153,Ngquza Hills,2018,qualified,Qualified,http://mfma.treasury.gov.za/Documents/07.%20Audit%20Reports/2017-18/02.%20Local%20municipalities/EC153%20Ngquza%20Hills/EC153%20Ngquza%20Hills%20Audit%20report%202017-18.pdf
EC154,Port St Johns,2018,qualified,Qualified,http://mfma.treasury.gov.za/Documents/07.%20Audit%20Reports/2017-18/02.%20Local%20municipalities/EC154%20Port%20St%20Johns/EC154%20Port%20St%20Johns%20Consolidated%20Audit%20report%202017-18.pdf
EC155,Nyandeni,2018,unqualified_emphasis_of_matter,Unqualified - Emphasis of Matter items,http://mfma.treasury.gov.za/Documents/07.%20Audit%20Reports/2017-18/02.%20Local%20municipalities/EC155%20Nyandeni/EC155%20Nyandeni%20Audit%20report%202017-18.pdf
EC156,Kumkani Mhlontlo,2018,unqualified_emphasis_of_matter,Unqualified - Emphasis of Matter items,http://mfma.treasury.gov.za/Documents/07.%20Audit%20Reports/2017-18/02.%20Local%20municipalities/EC156%20Mhlontlo/EC156%20Mhontlo%20Audit%20report%202017-18.pdf
EC157,King Sabata Dalindyebo,2018,qualified,Qualified,http://mfma.treasury.gov.za/Documents/07.%20Audit%20Reports/2017-18/02.%20Local%20municipalities/EC157%20King%20Sabata%20Dalindyebo/EC157%20King%20Sabata%20Dalindyebo%20Audit%20report%202017-18.pdf
EC441,Matatiele,2018,unqualified_emphasis_of_matter,Unqualified - Emphasis of Matter items,http://mfma.treasury.gov.za/Documents/07.%20Audit%20Reports/2017-18/02.%20Local%20municipalities/EC441%20Matatiele/EC441%20Matatiele%20Audit%20Report%202017-18.pdf
EC442,Umzimvubu,2018,qualified,Qualified,http://mfma.treasury.gov.za/Documents/07.%20Audit%20Reports/2017-18/02.%20Local%20municipalities/EC442%20Umzimvubu/EC442%20Umzimvubu%20Audit%20report%202017-18.pdf
EC443,Winnie Madikizela-Mandela,2018,unqualified_emphasis_of_matter,Unqualified - Emphasis of Matter items,http://mfma.treasury.gov.za/Documents/07.%20Audit%20Reports/2017-18/02.%20Local%20municipalities/EC443%20Mbizana/EC443%20Mbizana%20Audit%20report%202017-18.pdf
FS183,Tswelopele,2018,qualified,Qualified,http://mfma.treasury.gov.za/Documents/07.%20Audit%20Reports/2017-18/02.%20Local%20municipalities/FS183%20Tswelopele/FS183%20Tswelopele%20Audit%20report%202017-18.pdf
FS191,Setsoto,2018,qualified,Qualified,http://mfma.treasury.gov.za/Documents/07.%20Audit%20Reports/2017-18/02.%20Local%20municipalities/FS191%20Setsoto/FS191%20Setsoto%20Audit%20report%202017-18.pdf
FS195,Phumelela,2018,qualified,Qualified,http://mfma.treasury.gov.za/Documents/07.%20Audit%20Reports/2017-18/02.%20Local%20municipalities/FS195%20Phumelela/FS195%20Phumelela%20Audit%20report%202017-18.pdf
FS201,Moqhaka,2018,unqualified_emphasis_of_matter,Unqualified - Emphasis of Matter items,http://mfma.treasury.gov.za/Documents/07.%20Audit%20Reports/2017-18/02.%20Local%20municipalities/FS201%20Moqhaka/FS201%20Moqhaka%20Audit%20report%202017-18.pdf
GT422,Midvaal,2018,unqualified,Unqualified - No findings,http://mfma.treasury.gov.za/Documents/07.%20Audit%20Reports/2017-18/02.%20Local%20municipalities/GT422%20Midvaal/GT422%20Midvaal%20Audit%20report%202017-18.pdf
GT423,Lesedi,2018,unqualified_emphasis_of_matter,Unqualified - Emphasis of Matter items,http://mfma.treasury.gov.za/Documents/07.%20Audit%20Reports/2017-18/02.%20Local%20municipalities/GT423%20Lesedi/GT423%20Lesedi%20Audit%20report%202017-18.pdf
GT481,Mogale City,2018,unqualified_emphasis_of_matter,Unqualified - Emphasis of Matter items,http://mfma.treasury.gov.za/Documents/07.%20Audit%20Reports/2017-18/02.%20Local%20municipalities/GT481%20Mogale%20City/GT481%20Mogale%20City%20Audit%20Report%202017-18.pdf
GT484,Merafong City,2018,unqualified_emphasis_of_matter,Unqualified - Emphasis of Matter items,http://mfma.treasury.gov.za/Documents/07.%20Audit%20Reports/2017-18/02.%20Local%20municipalities/GT484%20Merafong%20City/GT484%20Merafong%20City%20Audit%20report%202017-18.pdf
GT485,Rand West City,2018,unqualified_emphasis_of_matter,Unqualified - Emphasis of Matter items,http://mfma.treasury.gov.za/Documents/07.%20Audit%20Reports/2017-18/02.%20Local%20municipalities/GT485%20Rand%20West%20City/GT485%20Rand%20West%20City%20Audit%20report%202017-18.pdf
KZN212,Umdoni,2018,unqualified_emphasis_of_matter,Unqualified - Emphasis of Matter items,http://mfma.treasury.gov.za/Documents/07.%20Audit%20Reports/2017-18/02.%20Local%20municipalities/KZN212%20Umdoni/KZN212%20Umdoni%20Audit%20Report%202017-18.pdf
KZN213,Umzumbe,2018,unqualified_emphasis_of_matter,Unqualified - Emphasis of Matter items,http://mfma.treasury.gov.za/Documents/07.%20Audit%20Reports/2017-18/02.%20Local%20municipalities/KZN213%20uMzumbe/KZN213%20uMzumbe%20Audit%20Report%202017-18.pdf
EC145,Walter Sisulu,2019,disclaimer,Disclaimer of opinion,http://mfma.treasury.gov.za/Documents/07.%20Audit%20Reports/2018-19/02.%20Local%20municipalities/EC145%20Walter%20Sisulu/EC145%20Walter%20Sisulu%20Audit%20report%202018-19.pdf
KZN214,uMuziwabantu,2018,unqualified_emphasis_of_matter,Unqualified - Emphasis of Matter items,http://mfma.treasury.gov.za/Documents/07.%20Audit%20Reports/2017-18/02.%20Local%20municipalities/KZN214%20Umuziwabantu/KZN214%20Umuziwabantu%20Audit%20Report%202017-18.pdf
KZN216,Ray Nkonyeni,2018,unqualified_emphasis_of_matter,Unqualified - Emphasis of Matter items,http://mfma.treasury.gov.za/Documents/07.%20Audit%20Reports/2017-18/02.%20Local%20municipalities/KZN216%20Ray%20Nkonyeni/KZN216%20Ray%20Nkonyeni%20Audit%20Report%202017-18.pdf
KZN221,uMshwathi,2018,unqualified_emphasis_of_matter,Unqualified - Emphasis of Matter items,http://mfma.treasury.gov.za/Documents/07.%20Audit%20Reports/2017-18/02.%20Local%20municipalities/KZN221%20uMshwathi/KZN221%20uMshwathi%20Audit%20Report%202017-18.pdf
KZN222,uMngeni,2018,unqualified_emphasis_of_matter,Unqualified - Emphasis of Matter items,http://mfma.treasury.gov.za/Documents/07.%20Audit%20Reports/2017-18/02.%20Local%20municipalities/KZN222%20uMngeni/KZN222%20uMngeni%20Audit%20report%202017-18.pdf
KZN223,Mpofana,2018,disclaimer,Disclaimer of opinion,http://mfma.treasury.gov.za/Documents/07.%20Audit%20Reports/2017-18/02.%20Local%20municipalities/KZN223%20Mpofana/KZN223%20Mpofana%20Audit%20report%202017-18.pdf
KZN224,Impendle,2018,qualified,Qualified,http://mfma.treasury.gov.za/Documents/07.%20Audit%20Reports/2017-18/02.%20Local%20municipalities/KZN224%20Impendle/KZN224%20Impendle%20Audit%20Report%202017-18.pdf
KZN226,Mkhambathini,2018,unqualified_emphasis_of_matter,Unqualified - Emphasis of Matter items,http://mfma.treasury.gov.za/Documents/07.%20Audit%20Reports/2017-18/02.%20Local%20municipalities/KZN226%20Mkhambathini/KZN226%20Mkhambathini%20Audit%20report%202017-18.pdf
KZN235,Okhahlamba,2018,unqualified,Unqualified - No findings,http://mfma.treasury.gov.za/Documents/07.%20Audit%20Reports/2017-18/02.%20Local%20municipalities/KZN235%20Okhahlamba/KZN235%20Okhahlamba%20Audit%20report%202017-18.pdf
KZN237,Inkosi Langalibalele,2018,adverse,Adverse opinion,http://mfma.treasury.gov.za/Documents/07.%20Audit%20Reports/2017-18/02.%20Local%20municipalities/KZN237%20Inkosi%20Langalibalele/KZN237%20Inkosi%20Langalibalele%20Audit%20report%202017-18.pdf
KZN241,Endumeni,2018,unqualified_emphasis_of_matter,Unqualified - Emphasis of Matter items,http://mfma.treasury.gov.za/Documents/07.%20Audit%20Reports/2017-18/02.%20Local%20municipalities/KZN241%20Endumeni/KZN241%20Endumeni%20Audit%20report%202017-18.pdf
KZN242,Nquthu,2018,unqualified_emphasis_of_matter,Unqualified - Emphasis of Matter items,http://mfma.treasury.gov.za/Documents/07.%20Audit%20Reports/2017-18/02.%20Local%20municipalities/KZN242%20Nquthu/KZN242%20Nquthu%20Audit%20report%202017-18.pdf
KZN244,Msinga,2018,unqualified_emphasis_of_matter,Unqualified - Emphasis of Matter items,http://mfma.treasury.gov.za/Documents/07.%20Audit%20Reports/2017-18/02.%20Local%20municipalities/KZN244%20Msinga/KZN244%20Msinga%20Audit%20report%202017-18.pdf
KZN245,Umvoti,2018,unqualified_emphasis_of_matter,Unqualified - Emphasis of Matter items,http://mfma.treasury.gov.za/Documents/07.%20Audit%20Reports/2017-18/02.%20Local%20municipalities/KZN245%20Umvoti/KZN245%20Umvoti%20Audit%20report%202017-18.pdf
KZN252,Newcastle,2018,unqualified_emphasis_of_matter,Unqualified - Emphasis of Matter items,http://mfma.treasury.gov.za/Documents/07.%20Audit%20Reports/2017-18/02.%20Local%20municipalities/KZN252%20Newcastle/KZN252%20Newcastle%20Audit%20report%202017-18.pdf
KZN261,eDumbe,2018,unqualified_emphasis_of_matter,Unqualified - Emphasis of Matter items,http://mfma.treasury.gov.za/Documents/07.%20Audit%20Reports/2017-18/02.%20Local%20municipalities/KZN261%20eDumbe/KZN261%20eDumbe%20Audit%20Report%202017-18.pdf
KZN262,uPhongolo,2018,unqualified_emphasis_of_matter,Unqualified - Emphasis of Matter items,http://mfma.treasury.gov.za/Documents/07.%20Audit%20Reports/2017-18/02.%20Local%20municipalities/KZN262%20uPhongolo/KZN262%20uPhongolo%20Audit%20Report%202017-18.pdf
KZN263,Abaqulusi,2018,qualified,Qualified,http://mfma.treasury.gov.za/Documents/07.%20Audit%20Reports/2017-18/02.%20Local%20municipalities/KZN263%20Abaqulusi/KZN263%20Abaqulusi%20Audit%20Report%202017-18.pdf
KZN265,Nongoma,2018,adverse,Adverse opinion,http://mfma.treasury.gov.za/Documents/07.%20Audit%20Reports/2017-18/02.%20Local%20municipalities/KZN265%20Nongoma/KZN265%20Ningoma%20Audit%20report%202017-18.pdf
KZN266,Ulundi,2018,unqualified_emphasis_of_matter,Unqualified - Emphasis of Matter items,http://mfma.treasury.gov.za/Documents/07.%20Audit%20Reports/2017-18/02.%20Local%20municipalities/KZN266%20Ulundi/KZN266%20Ulundi%20Audit%20report%202017-18.pdf
KZN271,Umhlabuyalingana,2018,unqualified_emphasis_of_matter,Unqualified - Emphasis of Matter items,http://mfma.treasury.gov.za/Documents/07.%20Audit%20Reports/2017-18/02.%20Local%20municipalities/KZN271%20Umhlabuyalingana/KZN271%20Umhlabuyalingana%20Audit%20report%202017-18.pdf
KZN272,Jozini,2018,unqualified_emphasis_of_matter,Unqualified - Emphasis of Matter items,http://mfma.treasury.gov.za/Documents/07.%20Audit%20Reports/2017-18/02.%20Local%20municipalities/KZN272%20Jozini/KZN272%20Jozini%20Audit%20Report%202017-18.pdf
KZN275,Mtubatuba,2018,unqualified_emphasis_of_matter,Unqualified - Emphasis of Matter items,http://mfma.treasury.gov.za/Documents/07.%20Audit%20Reports/2017-18/02.%20Local%20municipalities/KZN275%20Mtubatuba/KZN275%20Mtubatuba%20Audit%20report%202017-18.pdf
KZN281,Mfolozi,2018,unqualified_emphasis_of_matter,Unqualified - Emphasis of Matter items,http://mfma.treasury.gov.za/Documents/07.%20Audit%20Reports/2017-18/02.%20Local%20municipalities/KZN281%20Mfolozi/KZN281%20Mfolozi%20Audit%20report%202017-18.pdf
KZN282,uMhlathuze,2018,unqualified_emphasis_of_matter,Unqualified - Emphasis of Matter items,http://mfma.treasury.gov.za/Documents/07.%20Audit%20Reports/2017-18/02.%20Local%20municipalities/KZN282%20uMhlathuze/KZN282%20uMhlathuze%20Audit%20report%202017-18.pdf
KZN284,uMlalazi,2018,unqualified_emphasis_of_matter,Unqualified - Emphasis of Matter items,http://mfma.treasury.gov.za/Documents/07.%20Audit%20Reports/2017-18/02.%20Local%20municipalities/KZN284%20uMlalazi/KZN284%20uMlalazi%20Audit%20Report%202017-18.pdf
KZN285,Mthonjaneni,2018,unqualified_emphasis_of_matter,Unqualified - Emphasis of Matter items,http://mfma.treasury.gov.za/Documents/07.%20Audit%20Reports/2017-18/02.%20Local%20municipalities/KZN285%20Mthonjaneni/KZN285%20Mthonjaneni%20Audit%20Report%202017-18.pdf
KZN286,Nkandla,2018,unqualified_emphasis_of_matter,Unqualified - Emphasis of Matter items,http://mfma.treasury.gov.za/Documents/07.%20Audit%20Reports/2017-18/02.%20Local%20municipalities/KZN286%20Nkandla/KZN286%20Nkandla%20Audit%20Report%202017-18.pdf
EC136,Emalahleni (EC),2019,unqualified_emphasis_of_matter,Unqualified - Emphasis of Matter items,http://mfma.treasury.gov.za/Documents/07.%20Audit%20Reports/2018-19/02.%20Local%20municipalities/EC136%20Emalahleni/EC136%20Emalahleni%20%28EC%29%20Audit%20report%202018-19.pdf
KZN292,KwaDukuza,2018,unqualified_emphasis_of_matter,Unqualified - Emphasis of Matter items,http://mfma.treasury.gov.za/Documents/07.%20Audit%20Reports/2017-18/02.%20Local%20municipalities/KZN292%20KwaDukuza/KZN292%20KwaDukuza%20Audit%20report%202017-18.pdf
KZN293,Ndwedwe,2018,unqualified_emphasis_of_matter,Unqualified - Emphasis of Matter items,http://mfma.treasury.gov.za/Documents/07.%20Audit%20Reports/2017-18/02.%20Local%20municipalities/KZN293%20Ndwedwe/KZN293%20Ndwedwe%20Audit%20report%202017-18.pdf
KZN294,Maphumulo,2018,unqualified_emphasis_of_matter,Unqualified - Emphasis of Matter items,http://mfma.treasury.gov.za/Documents/07.%20Audit%20Reports/2017-18/02.%20Local%20municipalities/KZN294%20Maphumulo/KZN294%20Maohumulo%20Audit%20Report%202017-18.pdf
KZN433,Greater Kokstad,2018,unqualified_emphasis_of_matter,Unqualified - Emphasis of Matter items,http://mfma.treasury.gov.za/Documents/07.%20Audit%20Reports/2017-18/02.%20Local%20municipalities/KZN433%20Greater%20Kokstad/KZN433%20Greater%20Kokstad%20Audit%20Report%202017-18.pdf
KZN434,Johannes Phumani Phungula,2018,qualified,Qualified,http://mfma.treasury.gov.za/Documents/07.%20Audit%20Reports/2017-18/02.%20Local%20municipalities/KZN434%20Ubuhlebezwe/KZN434%20Ubuhlebezwe%20Audit%20report%202017-18.pdf
KZN435,Umzimkhulu,2018,unqualified_emphasis_of_matter,Unqualified - Emphasis of Matter items,http://mfma.treasury.gov.za/Documents/07.%20Audit%20Reports/2017-18/02.%20Local%20municipalities/KZN435%20Umzimkhulu/KZN435%20Umzimkhulu%20Audit%20report%202017-18.pdf
KZN436,Dr Nkosazana Dlamini Zuma,2018,unqualified_emphasis_of_matter,Unqualified - Emphasis of Matter items,http://mfma.treasury.gov.za/Documents/07.%20Audit%20Reports/2017-18/02.%20Local%20municipalities/KZN436%20Dr%20Nkosazana%20Dlamini%20Zuma/KZN436%20Dr%20Nkosazana%20Dlamini%20Zuma%20Audit%20Report%202017-18.pdf
LIM331,Greater Giyani,2018,qualified,Qualified,http://mfma.treasury.gov.za/Documents/07.%20Audit%20Reports/2017-18/02.%20Local%20municipalities/LIM331%20Greater%20Giyane/LIM331%20Greater%20Giyane%20Audit%20report%202017-18.pdf
LIM332,Greater Letaba,2018,unqualified_emphasis_of_matter,Unqualified - Emphasis of Matter items,http://mfma.treasury.gov.za/Documents/07.%20Audit%20Reports/2017-18/02.%20Local%20municipalities/LIM332%20Greater%20Letaba/LIM332%20Greater%20Letaba%20Audit%20report%202017-18.pdf
LIM333,Greater Tzaneen,2018,qualified,Qualified,http://mfma.treasury.gov.za/Documents/07.%20Audit%20Reports/2017-18/02.%20Local%20municipalities/LIM333%20Greater%20Tzaneen/LIM333%20Greater%20Tzaneen%20Consolidated%20Audit%20report%202017-18.pdf
LIM334,Ba-Phalaborwa,2018,qualified,Qualified,http://mfma.treasury.gov.za/Documents/07.%20Audit%20Reports/2017-18/02.%20Local%20municipalities/LIM334%20Ba-Phalaborwa/LIM334%20Ba-Phalaborwa%20Audit%20report%202017-18.pdf
LIM335,Maruleng,2018,unqualified_emphasis_of_matter,Unqualified - Emphasis of Matter items,http://mfma.treasury.gov.za/Documents/07.%20Audit%20Reports/2017-18/02.%20Local%20municipalities/LIM335%20Maruleng/LIM335%20Maruleng%20Audit%20report%202017-18.PDF
LIM341,Musina,2018,qualified,Qualified,http://mfma.treasury.gov.za/Documents/07.%20Audit%20Reports/2017-18/02.%20Local%20municipalities/LIM341%20Musina/LIM341%20Musina%20Audit%20report%202017-18.pdf
LIM343,Thulamela,2018,unqualified_emphasis_of_matter,Unqualified - Emphasis of Matter items,http://mfma.treasury.gov.za/Documents/07.%20Audit%20Reports/2017-18/02.%20Local%20municipalities/LIM343%20Thulamela/LIM343%20Thulamela%20Audit%20report%202017-18.pdf
LIM344,Makhado,2018,qualified,Qualified,http://mfma.treasury.gov.za/Documents/07.%20Audit%20Reports/2017-18/02.%20Local%20municipalities/LIM344%20Makhado/LIM344%20Makhado%20Audit%20Report%202017-18.pdf
LIM345,Collins Chabane,2018,disclaimer,Disclaimer of opinion,http://mfma.treasury.gov.za/Documents/07.%20Audit%20Reports/2017-18/02.%20Local%20municipalities/LIM345%20Collins%20Chabane/LIM345%20Collins%20Chabane%20Audit%20report%202017-18.pdf
LIM351,Blouberg,2018,qualified,Qualified,http://mfma.treasury.gov.za/Documents/07.%20Audit%20Reports/2017-18/02.%20Local%20municipalities/LIM351%20Blouberg/LIM351%20Blouberg%20Audit%20report%202017-18.pdf
LIM353,Molemole,2018,unqualified_emphasis_of_matter,Unqualified - Emphasis of Matter items,http://mfma.treasury.gov.za/Documents/07.%20Audit%20Reports/2017-18/02.%20Local%20municipalities/LIM353%20Molemole/LIM353%20Molemole%20Audit%20report%202017-18.pdf
LIM354,Polokwane,2018,qualified,Qualified,http://mfma.treasury.gov.za/Documents/07.%20Audit%20Reports/2017-18/02.%20Local%20municipalities/LIM354%20Polokwane/LIM354%20Polokwane%20Audit%20report%202017-18.pdf
LIM362,Lephalale,2018,qualified,Qualified,http://mfma.treasury.gov.za/Documents/07.%20Audit%20Reports/2017-18/02.%20Local%20municipalities/LIM362%20Lephalale/LIM362%20Lephalale%20Audit%20report%202017-18.pdf
LIM366,Bela Bela,2018,qualified,Qualified,http://mfma.treasury.gov.za/Documents/07.%20Audit%20Reports/2017-18/02.%20Local%20municipalities/LIM366%20Bela%20Bela/LIM366%20Bela%20Bela%20Audit%20report%202017-18.pdf
LIM367,Mogalakwena,2018,adverse,Adverse opinion,http://mfma.treasury.gov.za/Documents/07.%20Audit%20Reports/2017-18/02.%20Local%20municipalities/LIM367%20Mogalakwena/LIM367%20Mogalakwena%20Audit%20report%202017-18.pdf
LIM471,Ephraim Mogale,2018,unqualified_emphasis_of_matter,Unqualified - Emphasis of Matter items,http://mfma.treasury.gov.za/Documents/07.%20Audit%20Reports/2017-18/02.%20Local%20municipalities/LIM471%20Ephraim%20Mogale/LIM471%20Ephraim%20Mogale%20Audit%20report%202017-18.pdf
LIM472,Elias Motsoaledi,2018,unqualified_emphasis_of_matter,Unqualified - Emphasis of Matter items,http://mfma.treasury.gov.za/Documents/07.%20Audit%20Reports/2017-18/02.%20Local%20municipalities/LIM472%20Elias%20Motsoaledi/LIM472%20Elias%20Motsoaledi%20Audit%20report%202017-18.pdf
LIM473,Makhuduthamaga,2018,qualified,Qualified,http://mfma.treasury.gov.za/Documents/07.%20Audit%20Reports/2017-18/02.%20Local%20municipalities/LIM473%20Makhuduthamaga/LIM473%20Makhuduthamaga%20Audit%20Report%202017-18.pdf
LIM476,Tubatse Fetakgomo,2018,qualified,Qualified,http://mfma.treasury.gov.za/Documents/07.%20Audit%20Reports/2017-18/02.%20Local%20municipalities/LIM476%20Fetakgomo-Tubatse/LIM476%20Fetakgomo-Tubatse%20Audit%20report%202017-18.pdf
MP301,Albert Luthuli,2018,unqualified_emphasis_of_matter,Unqualified - Emphasis of Matter items,http://mfma.treasury.gov.za/Documents/07.%20Audit%20Reports/2017-18/02.%20Local%20municipalities/MP301%20Albert%20Luthuli/MP301%20Albert%20Luthuli%20Audit%20Report%202017-18.pdf
MP302,Msukaligwa,2018,adverse,Adverse opinion,http://mfma.treasury.gov.za/Documents/07.%20Audit%20Reports/2017-18/02.%20Local%20municipalities/MP302%20Msukaligwa/MP302%20Msukaligwa%20Audit%20report%202017-18.pdf
MP303,Mkhondo,2018,qualified,Qualified,http://mfma.treasury.gov.za/Documents/07.%20Audit%20Reports/2017-18/02.%20Local%20municipalities/MP303%20Mkhondo/MP303%20Mkhondo%20Audit%20report%202017-18.pdf
MP312,Emalahleni (MP),2019,qualified,Qualified,
GT421,Emfuleni,2019,outstanding,Outstanding,
MP304,Pixley Ka Seme (MP),2018,unqualified_emphasis_of_matter,Unqualified - Emphasis of Matter items,http://mfma.treasury.gov.za/Documents/07.%20Audit%20Reports/2017-18/02.%20Local%20municipalities/MP304%20Pixley%20Ka%20Seme/MP304%20Pixley%20Ka%20Seme%20Audit%20report%202017-18.pdf
MP305,Lekwa,2018,qualified,Qualified,http://mfma.treasury.gov.za/Documents/07.%20Audit%20Reports/2017-18/02.%20Local%20municipalities/MP305%20Lekwa/MP305%20Lekwa%20Audit%20report%202017-18.pdf
MP306,Dipaleseng,2018,qualified,Qualified,http://mfma.treasury.gov.za/Documents/07.%20Audit%20Reports/2017-18/02.%20Local%20municipalities/MP306%20Dipaleseng/MP306%20Dipaleseng%20Audit%20report%202017-18.pdf
MP307,Govan Mbeki,2018,disclaimer,Disclaimer of opinion,http://mfma.treasury.gov.za/Documents/07.%20Audit%20Reports/2017-18/02.%20Local%20municipalities/MP307%20Govan%20Mbeki/MP307%20Govan%20Mbeki%20Audit%20Report%202017-18.pdf
MP311,Victor Khanye,2018,qualified,Qualified,http://mfma.treasury.gov.za/Documents/07.%20Audit%20Reports/2017-18/02.%20Local%20municipalities/MP311%20Victor%20Khanye/MP311%20Victor%20Khanye%20Audit%20report%202017-18.pdf
MP313,Steve Tshwete,2018,unqualified_emphasis_of_matter,Unqualified - Emphasis of Matter items,http://mfma.treasury.gov.za/Documents/07.%20Audit%20Reports/2017-18/02.%20Local%20municipalities/MP313%20Steve%20Tshwete/MP313%20Steve%20Tshwete%20Audit%20report%202017-18.pdf
MP314,Emakhazeni,2018,qualified,Qualified,http://mfma.treasury.gov.za/Documents/07.%20Audit%20Reports/2017-18/02.%20Local%20municipalities/MP314%20Emakhazeni/MP314%20Emakhazeni%20Audit%20report%202017-18.pdf
MP315,Thembisile Hani,2018,qualified,Qualified,http://mfma.treasury.gov.za/Documents/07.%20Audit%20Reports/2017-18/02.%20Local%20municipalities/MP315%20Thembisile%20Hani/MP315%20Thembisile%20Hani%20Audit%20report%202017-18.pdf
MP316,Dr J.S. Moroka,2018,adverse,Adverse opinion,http://mfma.treasury.gov.za/Documents/07.%20Audit%20Reports/2017-18/02.%20Local%20municipalities/MP316%20Dr%20J%20S%20Moroka/MP316%20Dr%20J%20S%20Moroka%20Audit%20report%202017-18.pdf
MP324,Nkomazi,2018,unqualified_emphasis_of_matter,Unqualified - Emphasis of Matter items,http://mfma.treasury.gov.za/Documents/07.%20Audit%20Reports/2017-18/02.%20Local%20municipalities/MP324%20Nkomazi/MP324%20Nkomazi%20Audit%20report%202017-18.pdf
MP325,Bushbuckridge,2018,qualified,Qualified,http://mfma.treasury.gov.za/Documents/07.%20Audit%20Reports/2017-18/02.%20Local%20municipalities/MP325%20Bushbuckridge/MP325%20Bushbuckridge%20Audit%20report%202017-18.pdf
MP326,City of Mbombela,2018,unqualified_emphasis_of_matter,Unqualified - Emphasis of Matter items,http://mfma.treasury.gov.za/Documents/07.%20Audit%20Reports/2017-18/02.%20Local%20municipalities/MP326%20City%20of%20Mbombela/MP326%20City%20of%20Mbombela%20Audit%20report%202017-18.pdf
NC061,Richtersveld,2018,qualified,Qualified,http://mfma.treasury.gov.za/Documents/07.%20Audit%20Reports/2017-18/02.%20Local%20municipalities/NC061%20Richtersveld/NC061%20Richtersveld%20Audit%20report%202017-18.pdf
NC062,Nama Khoi,2018,qualified,Qualified,http://mfma.treasury.gov.za/Documents/07.%20Audit%20Reports/2017-18/02.%20Local%20municipalities/NC062%20Nama%20Khoi/NC062%20Nama%20Khoi%20Audit%20report%202017-18.pdf
NC064,Kamiesberg,2018,qualified,Qualified,http://mfma.treasury.gov.za/Documents/07.%20Audit%20Reports/2017-18/02.%20Local%20municipalities/NC064%20Kamiesberg/NC064%20Kamiesberg%20Audit%20Report%202017-18.pdf
NC066,Karoo Hoogland,2018,unqualified_emphasis_of_matter,Unqualified - Emphasis of Matter items,http://mfma.treasury.gov.za/Documents/07.%20Audit%20Reports/2017-18/02.%20Local%20municipalities/NC066%20Karoo%20Hoogland/NC066%20Karoo%20Hoogland%20Audit%20Report%202017-18.pdf
NC067,Khai-Ma,2018,qualified,Qualified,http://mfma.treasury.gov.za/Documents/07.%20Audit%20Reports/2017-18/02.%20Local%20municipalities/NC067%20Khai-Ma/NC067%20Khai-Ma%20Audit%20report%202017-18.pdf
NC071,Ubuntu,2018,qualified,Qualified,http://mfma.treasury.gov.za/Documents/07.%20Audit%20Reports/2017-18/02.%20Local%20municipalities/NC071%20Ubuntu/NC071%20Ubuntu%20Audit%20report%202017-18.pdf
NC072,Umsobomvu,2018,unqualified_emphasis_of_matter,Unqualified - Emphasis of Matter items,http://mfma.treasury.gov.za/Documents/07.%20Audit%20Reports/2017-18/02.%20Local%20municipalities/NC072%20Umsobomvu/NC072%20Umsobomvu%20Audit%20report%202017-18.pdf
NC073,Emthanjeni,2018,unqualified_emphasis_of_matter,Unqualified - Emphasis of Matter items,http://mfma.treasury.gov.za/Documents/07.%20Audit%20Reports/2017-18/02.%20Local%20municipalities/NC073%20Emthanjeni/NC073%20Emthanjeni%20Audit%20Report%202017-18.pdf
NC074,Kareeberg,2018,unqualified_emphasis_of_matter,Unqualified - Emphasis of Matter items,http://mfma.treasury.gov.za/Documents/07.%20Audit%20Reports/2017-18/02.%20Local%20municipalities/NC074%20Kareeberg/NC074%20Kareeberg%20Audit%20report%202017-18.pdf
NC076,Thembelihle,2018,qualified,Qualified,http://mfma.treasury.gov.za/Documents/07.%20Audit%20Reports/2017-18/02.%20Local%20municipalities/NC076%20Thembelihle/NC076%20Thembelihle%20Audit%20report%202017-18.pdf
NC078,Siyancuma,2018,unqualified_emphasis_of_matter,Unqualified - Emphasis of Matter items,http://mfma.treasury.gov.za/Documents/07.%20Audit%20Reports/2017-18/02.%20Local%20municipalities/NC078%20Siyancuma/NC078%20Siyancuma%20Audit%20report%202017-18.pdf
NC082,!Kai! Garib,2018,qualified,Qualified,http://mfma.treasury.gov.za/Documents/07.%20Audit%20Reports/2017-18/02.%20Local%20municipalities/NC082%20Kai%20Garib/NC082%20%21Kai%21%20Garib%20Audit%20report%202017-18.pdf
NC084,!Kheis,2018,disclaimer,Disclaimer of opinion,http://mfma.treasury.gov.za/Documents/07.%20Audit%20Reports/2017-18/02.%20Local%20municipalities/NC084%20Kheis/NC084%20Kheis%20Audit%20report%202017-18.pdf
NC086,Kgatelopele,2018,disclaimer,Disclaimer of opinion,http://mfma.treasury.gov.za/Documents/07.%20Audit%20Reports/2017-18/02.%20Local%20municipalities/NC086%20Kgatelopele/NC086%20Kgatelopele%20Audit%20Report%202017-18.pdf
NC087,Dawid Kruiper,2018,unqualified_emphasis_of_matter,Unqualified - Emphasis of Matter items,http://mfma.treasury.gov.za/Documents/07.%20Audit%20Reports/2017-18/02.%20Local%20municipalities/NC087%20Dawid%20Kruiper/NC087%20Dawid%20Kruiper%20Audit%20report%202017-18.pdf
NC091,Sol Plaatje,2018,qualified,Qualified,http://mfma.treasury.gov.za/Documents/07.%20Audit%20Reports/2017-18/02.%20Local%20municipalities/NC091%20Sol%20Plaatjie/NC091%20Sol%20Plaatje%20Audit%20report%202017-18.pdf
NC093,Magareng,2018,qualified,Qualified,http://mfma.treasury.gov.za/Documents/07.%20Audit%20Reports/2017-18/02.%20Local%20municipalities/NC093%20Magareng/NC093%20Magareng%20Audit%20report%202017-18.pdf
NC451,Joe Morolong,2018,disclaimer,Disclaimer of opinion,http://mfma.treasury.gov.za/Documents/07.%20Audit%20Reports/2017-18/02.%20Local%20municipalities/NC451%20Joe%20Morolong/NC451%20Joe%20Morolong%20Audit%20report%202017-18.pdf
NC073,Emthanjeni,2019,qualified,Qualified,http://mfma.treasury.gov.za/Documents/07.%20Audit%20Reports/2018-19/02.%20Local%20municipalities/NC073%20Emthanjeni/NC073%20Emthanjeni%20Audit%20report%202018-19.pdf
NW371,Moretele,2018,qualified,Qualified,http://mfma.treasury.gov.za/Documents/07.%20Audit%20Reports/2017-18/02.%20Local%20municipalities/NW371%20Moretele/NW371%20Moretele%20Audit%20report%202017-18.pdf
NW372,Madibeng,2018,disclaimer,Disclaimer of opinion,http://mfma.treasury.gov.za/Documents/07.%20Audit%20Reports/2017-18/02.%20Local%20municipalities/NW372%20Madibeng/NW372%20Madibeng%20Audit%20report%202017-18.pdf
NW374,Kgetlengrivier,2018,disclaimer,Disclaimer of opinion,http://mfma.treasury.gov.za/Documents/07.%20Audit%20Reports/2017-18/02.%20Local%20municipalities/NW374%20Kgetlengrivier/NW374%20Kgetlengrivier%20Audit%20report%202017-18.pdf
NW375,Moses Kotane,2018,disclaimer,Disclaimer of opinion,http://mfma.treasury.gov.za/Documents/07.%20Audit%20Reports/2017-18/02.%20Local%20municipalities/NW375%20Moses%20Kotane/NW375%20Moses%20Kotane%20Audit%20report%202017-18.pdf
NW381,Ratlou,2018,qualified,Qualified,http://mfma.treasury.gov.za/Documents/07.%20Audit%20Reports/2017-18/02.%20Local%20municipalities/NW381%20Ratlou/NW381%20Ratlou%20Audit%20report%202017-18.pdf
NW382,Tswaing,2018,qualified,Qualified,http://mfma.treasury.gov.za/Documents/07.%20Audit%20Reports/2017-18/02.%20Local%20municipalities/NW382%20Tswaing/NW382%20Tswaing%20Audit%20report%202017-18.pdf
NW383,Mafikeng,2018,disclaimer,Disclaimer of opinion,http://mfma.treasury.gov.za/Documents/07.%20Audit%20Reports/2017-18/02.%20Local%20municipalities/NW383%20Mafikeng/NW383%20Mafikeng%20Audit%20report%202017-18.pdf
NW384,Ditsobotla,2018,disclaimer,Disclaimer of opinion,http://mfma.treasury.gov.za/Documents/07.%20Audit%20Reports/2017-18/02.%20Local%20municipalities/NW384%20Ditsobotla/NW384%20Ditsobotla%20Audit%20report%202017-18.pdf
NW385,Ramotshere Moiloa,2018,disclaimer,Disclaimer of opinion,http://mfma.treasury.gov.za/Documents/07.%20Audit%20Reports/2017-18/02.%20Local%20municipalities/NW385%20Ramotshere%20Moiloa/NW385%20Ramotshere%20Moiloa%20Audit%20report%202017-18.pdf
NW392,Naledi (NW),2018,disclaimer,Disclaimer of opinion,http://mfma.treasury.gov.za/Documents/07.%20Audit%20Reports/2017-18/02.%20Local%20municipalities/NW392%20Naledi/NW392%20Naledi%20Audit%20report%202017-18.pdf
NW393,Mamusa,2018,disclaimer,Disclaimer of opinion,http://mfma.treasury.gov.za/Documents/07.%20Audit%20Reports/2017-18/02.%20Local%20municipalities/NW393%20Mamusa/NW393%20Mamusa%20Audit%20report%202017-18.pdf
NW396,Lekwa-Teemane,2018,disclaimer,Disclaimer of opinion,http://mfma.treasury.gov.za/Documents/07.%20Audit%20Reports/2017-18/02.%20Local%20municipalities/NW396%20Lekwa-Teemane/NW396%20Lekwa-Teemane%20Audit%20report%202017-18.pdf
NW397,Kagisano-Molopo,2018,disclaimer,Disclaimer of opinion,http://mfma.treasury.gov.za/Documents/07.%20Audit%20Reports/2017-18/02.%20Local%20municipalities/NW397%20Kagisano-Molopo/NW397%20Kagisano-Molopo%20Audit%20report%202017-18.pdf
NW403,City of Matlosana,2018,unqualified_emphasis_of_matter,Unqualified - Emphasis of Matter items,http://mfma.treasury.gov.za/Documents/07.%20Audit%20Reports/2017-18/02.%20Local%20municipalities/NW403%20City%20of%20Matlosana/NW403%20City%20of%20Matlosana%20Audit%20report%202017-18.pdf
NW404,Maquassi Hills,2018,disclaimer,Disclaimer of opinion,http://mfma.treasury.gov.za/Documents/07.%20Audit%20Reports/2017-18/02.%20Local%20municipalities/NW404%20Maquassi%20Hills/NW404%20Maquassi%20Hills%20Audit%20report%202017-18.pdf
NW405,J B Marks,2018,qualified,Qualified,http://mfma.treasury.gov.za/Documents/07.%20Audit%20Reports/2017-18/02.%20Local%20municipalities/NW405%20J%20B%20Marks/NW405%20J%20B%20Marks%20Audit%20report%202017-18.pdf
WC011,Matzikama,2018,unqualified,Unqualified - No findings,http://mfma.treasury.gov.za/Documents/07.%20Audit%20Reports/2017-18/02.%20Local%20municipalities/WC011%20Matzikama/WC011%20Matzikama%20Audit%20report%202017-18.pdf
WC013,Bergrivier,2018,unqualified,Unqualified - No findings,http://mfma.treasury.gov.za/Documents/07.%20Audit%20Reports/2017-18/02.%20Local%20municipalities/WC013%20Bergrivier/WC013%20Bergrivier%20Audit%20report%202017-18.pdf
WC014,Saldanha Bay,2018,unqualified_emphasis_of_matter,Unqualified - Emphasis of Matter items,http://mfma.treasury.gov.za/Documents/07.%20Audit%20Reports/2017-18/02.%20Local%20municipalities/WC014%20Saldanha%20Bay/WC014%20Saldanha%20Bay%20Audit%20Report%202017-18.pdf
WC015,Swartland,2018,unqualified_emphasis_of_matter,Unqualified - Emphasis of Matter items,http://mfma.treasury.gov.za/Documents/07.%20Audit%20Reports/2017-18/02.%20Local%20municipalities/WC015%20Swartland/WC015%20Swartland%20Audit%20report%202017-18.pdf
WC022,Witzenberg,2018,unqualified,Unqualified - No findings,http://mfma.treasury.gov.za/Documents/07.%20Audit%20Reports/2017-18/02.%20Local%20municipalities/WC022%20Witzenberg/WC022%20Witzenberg%20Audit%20Report%202017-18.pdf
WC023,Drakenstein,2018,unqualified_emphasis_of_matter,Unqualified - Emphasis of Matter items,http://mfma.treasury.gov.za/Documents/07.%20Audit%20Reports/2017-18/02.%20Local%20municipalities/WC023%20Drakenstein/WC023%20Drakenstein%20Audit%20Report%20%202017-18.pdf
WC024,Stellenbosch,2018,unqualified_emphasis_of_matter,Unqualified - Emphasis of Matter items,http://mfma.treasury.gov.za/Documents/07.%20Audit%20Reports/2017-18/02.%20Local%20municipalities/WC024%20Stellenbosch/WC024%20Stellenbosch%20Audit%20Report%202017-18.pdf
WC025,Breede Valley,2018,unqualified,Unqualified - No findings,http://mfma.treasury.gov.za/Documents/07.%20Audit%20Reports/2017-18/02.%20Local%20municipalities/WC025%20Breede%20Valley/WC025%20Breede%20Valley%20Audit%20Report%202017-18.pdf
WC026,Langeberg,2018,unqualified_emphasis_of_matter,Unqualified - Emphasis of Matter items,http://mfma.treasury.gov.za/Documents/07.%20Audit%20Reports/2017-18/02.%20Local%20municipalities/WC026%20Langeberg/WC026%20Langeberg%20Audit%20report%202017-18.pdf
WC031,Theewaterskloof,2018,unqualified_emphasis_of_matter,Unqualified - Emphasis of Matter items,http://mfma.treasury.gov.za/Documents/07.%20Audit%20Reports/2017-18/02.%20Local%20municipalities/WC031%20Theewaterskloof/WC031%20Theewaterskloof%20Audit%20report%202017-18.pdf
WC032,Overstrand,2018,unqualified,Unqualified - No findings,http://mfma.treasury.gov.za/Documents/07.%20Audit%20Reports/2017-18/02.%20Local%20municipalities/WC032%20Overstrand/WC032%20Overstrand%20Audit%20report%202017-18.pdf
WC033,Cape Agulhas,2018,unqualified,Unqualified - No findings,http://mfma.treasury.gov.za/Documents/07.%20Audit%20Reports/2017-18/02.%20Local%20municipalities/WC033%20Cape%20Agulhas/WC033%20Cape%20Agulhas%20Audit%20Report%202017-18.pdf
WC034,Swellendam,2018,unqualified,Unqualified - No findings,http://mfma.treasury.gov.za/Documents/07.%20Audit%20Reports/2017-18/02.%20Local%20municipalities/WC034%20Swellendam/WC034%20Swellendam%20Annual%20Report%202017-18.pdf
WC042,Hessequa,2018,unqualified,Unqualified - No findings,http://mfma.treasury.gov.za/Documents/07.%20Audit%20Reports/2017-18/02.%20Local%20municipalities/WC042%20Hessequa/WC042%20Hessequa%20Audit%20report%202017-18.pdf
WC043,Mossel Bay,2018,unqualified_emphasis_of_matter,Unqualified - Emphasis of Matter items,http://mfma.treasury.gov.za/Documents/07.%20Audit%20Reports/2017-18/02.%20Local%20municipalities/WC043%20Mossel%20Bay/WC043%20Mossel%20Bay%20Audit%20Report%202017-18.pdf
WC044,George,2018,qualified,Qualified,http://mfma.treasury.gov.za/Documents/07.%20Audit%20Reports/2017-18/02.%20Local%20municipalities/WC044%20George/WC044%20George%20Audit%20report%202017-18.pdf
WC045,Oudtshoorn,2018,qualified,Qualified,http://mfma.treasury.gov.za/Documents/07.%20Audit%20Reports/2017-18/02.%20Local%20municipalities/WC045%20Oudtshoorn/WC045%20Oudtshoorn%20Audit%20Report%202017-18.pdf
WC047,Bitou,2018,unqualified_emphasis_of_matter,Unqualified - Emphasis of Matter items,http://mfma.treasury.gov.za/Documents/07.%20Audit%20Reports/2017-18/02.%20Local%20municipalities/WC047%20Bitou/WC047%20Bitou%20Annual%20Report%202017-18.pdf
WC048,Knysna,2018,unqualified_emphasis_of_matter,Unqualified - Emphasis of Matter items,http://mfma.treasury.gov.za/Documents/07.%20Audit%20Reports/2017-18/02.%20Local%20municipalities/WC048%20Knysna/WC048%20Knysna%20Annual%20Report%202017-18.pdf
WC052,Prince Albert,2018,unqualified_emphasis_of_matter,Unqualified - Emphasis of Matter items,http://mfma.treasury.gov.za/Documents/07.%20Audit%20Reports/2017-18/02.%20Local%20municipalities/WC052%20Prince%20Albert/WC052%20Prince%20Albert%20Audit%20Report%202017-18.pdf
WC053,Beaufort West,2018,qualified,Qualified,http://mfma.treasury.gov.za/Documents/07.%20Audit%20Reports/2017-18/02.%20Local%20municipalities/WC053%20Beaufort%20West/WC053%20Beaufort%20West%20Audit%20Report%202017-18.pdf
DC1,West Coast,2018,unqualified,Unqualified - No findings,http://mfma.treasury.gov.za/Documents/07.%20Audit%20Reports/2017-18/03.%20District%20municipalities/DC1%20West%20Coast/DC1%20West%20Coast%20Audit%20report%202017-18.pdf
DC10,Sarah Baartman,2018,unqualified_emphasis_of_matter,Unqualified - Emphasis of Matter items,http://mfma.treasury.gov.za/Documents/07.%20Audit%20Reports/2017-18/03.%20District%20municipalities/DC10%20Sarah%20Bartman/DC10%20Sarah%20Baartman%20Audit%20report%202017-18.pdf
DC12,Amathole,2018,qualified,Qualified,http://mfma.treasury.gov.za/Documents/07.%20Audit%20Reports/2017-18/03.%20District%20municipalities/DC12%20Amathole/DC12%20Amathole%20Audit%20report%202017-18.pdf
DC13,Chris Hani,2018,qualified,Qualified,http://mfma.treasury.gov.za/Documents/07.%20Audit%20Reports/2017-18/03.%20District%20municipalities/DC13%20Chris%20Hani/DC13%20Chris%20Hani%20Consolidated%20Audit%20report%202017-18.pdf
DC14,Joe Gqabi,2018,unqualified,Unqualified - No findings,http://mfma.treasury.gov.za/Documents/07.%20Audit%20Reports/2017-18/03.%20District%20municipalities/DC14%20Joe%20Gqabi/DC14%20Joe%20Gqabi%20Audit%20report%202017-18.pdf
DC15,O R Tambo,2018,qualified,Qualified,http://mfma.treasury.gov.za/Documents/07.%20Audit%20Reports/2017-18/03.%20District%20municipalities/DC15%20OR%20Tambo/DC15%20O%20R%20Tambo%20Audit%20report%202017-18.pdf
DC16,Xhariep,2018,unqualified_emphasis_of_matter,Unqualified - Emphasis of Matter items,http://mfma.treasury.gov.za/Documents/07.%20Audit%20Reports/2017-18/03.%20District%20municipalities/DC16%20Xhariep/DC16%20Xhariep%20Audit%20report%202017-18.pdf
DC19,Thabo Mofutsanyana,2018,qualified,Qualified,http://mfma.treasury.gov.za/Documents/07.%20Audit%20Reports/2017-18/03.%20District%20municipalities/DC19%20Thabo%20Mofutsanyana/DC19%20Thabo%20Mofutsanyana%20Audit%20report%202017-18.pdf
DC2,Cape Winelands DM,2018,unqualified,Unqualified - No findings,http://mfma.treasury.gov.za/Documents/07.%20Audit%20Reports/2017-18/03.%20District%20municipalities/DC2%20Cape%20Winelands/DC2%20Cape%20Winelands%20Audit%20report%202017-18.pdf
DC21,Ugu,2018,adverse,Adverse opinion,http://mfma.treasury.gov.za/Documents/07.%20Audit%20Reports/2017-18/03.%20District%20municipalities/DC21%20Ugu/DC21%20Ugu%20Consolidated%20Audit%20Report%202017-18.pdf
DC22,uMgungundlovu,2018,qualified,Qualified,http://mfma.treasury.gov.za/Documents/07.%20Audit%20Reports/2017-18/03.%20District%20municipalities/DC22%20uMgungundlovu/DC22%20uMgungundlovu%20Audit%20Report%202017-18.pdf
DC23,Uthukela,2018,qualified,Qualified,http://mfma.treasury.gov.za/Documents/07.%20Audit%20Reports/2017-18/03.%20District%20municipalities/DC23%20Uthukela/DC23%20Uthukela%20Audit%20report%202017-18.pdf
DC24,Umzinyathi,2018,adverse,Adverse opinion,http://mfma.treasury.gov.za/Documents/07.%20Audit%20Reports/2017-18/03.%20District%20municipalities/DC24%20Umzinyathi/DC24%20Umzinyathi%20Audit%20report%202017-18.pdf
DC25,Amajuba,2018,qualified,Qualified,http://mfma.treasury.gov.za/Documents/07.%20Audit%20Reports/2017-18/03.%20District%20municipalities/DC25%20Amajuba/DC25%20Amajuba%20Audit%20report%202017-18.pdf
DC26,Zululand,2018,qualified,Qualified,http://mfma.treasury.gov.za/Documents/07.%20Audit%20Reports/2017-18/03.%20District%20municipalities/DC26%20Zululand/DC26%20Zululand%20Audit%20report%202017-18.pdf
DC27,Umkhanyakude,2018,qualified,Qualified,http://mfma.treasury.gov.za/Documents/07.%20Audit%20Reports/2017-18/03.%20District%20municipalities/DC27%20Umkhanyakude/DC27%20Umkhanyakude%20Audit%20report%202017-18.pdf
DC28,King Cetshwayo,2018,qualified,Qualified,http://mfma.treasury.gov.za/Documents/07.%20Audit%20Reports/2017-18/03.%20District%20municipalities/DC28%20King%20Cetshwayo/DC28%20King%20Cetshwayo%20Consolidated%20Audit%20report%202017-18.pdf
DC29,iLembe,2018,unqualified_emphasis_of_matter,Unqualified - Emphasis of Matter items,http://mfma.treasury.gov.za/Documents/07.%20Audit%20Reports/2017-18/03.%20District%20municipalities/DC29%20iLembe/DC29%20iLembe%20Audit%20report%202017-18.pdf
DC3,Overberg,2018,unqualified,Unqualified - No findings,http://mfma.treasury.gov.za/Documents/07.%20Audit%20Reports/2017-18/03.%20District%20municipalities/DC3%20Overberg/DC3%20Overberg%20Audit%20report%202017-18.pdf
DC30,Gert Sibande,2018,unqualified,Unqualified - No findings,http://mfma.treasury.gov.za/Documents/07.%20Audit%20Reports/2017-18/03.%20District%20municipalities/DC30%20Gert%20Sibande/DC30%20Gert%20Sibande%20Audit%20report%202017-18.pdf
DC31,Nkangala,2018,unqualified_emphasis_of_matter,Unqualified - Emphasis of Matter items,http://mfma.treasury.gov.za/Documents/07.%20Audit%20Reports/2017-18/03.%20District%20municipalities/DC31%20Nkangala/DC31%20Nkangala%20Audit%20report%202017-18.pdf
DC32,Ehlanzeni,2018,unqualified_emphasis_of_matter,Unqualified - Emphasis of Matter items,http://mfma.treasury.gov.za/Documents/07.%20Audit%20Reports/2017-18/03.%20District%20municipalities/DC32%20Ehlanzeni/DC32%20Ehlanzeni%20Audit%20report%202017-18.pdf
DC33,Mopani,2018,adverse,Adverse opinion,http://mfma.treasury.gov.za/Documents/07.%20Audit%20Reports/2017-18/03.%20District%20municipalities/DC33%20Mopani/DC33%20Mopani%20Audit%20report%202017-18.pdf
KZN241,Endumeni,2019,unqualified_emphasis_of_matter,Unqualified - Emphasis of Matter items,http://mfma.treasury.gov.za/Documents/07.%20Audit%20Reports/2018-19/02.%20Local%20municipalities/KZN241%20Endumeni/KZN241%20Endumeni%20Audit%20report%202018-19.pdf
DC34,Vhembe,2018,disclaimer,Disclaimer of opinion,http://mfma.treasury.gov.za/Documents/07.%20Audit%20Reports/2017-18/03.%20District%20municipalities/DC34%20Vhembe/DC34%20Vhembe%20Audit%20report%202017-18.pdf
DC35,Capricorn,2018,unqualified_emphasis_of_matter,Unqualified - Emphasis of Matter items,http://mfma.treasury.gov.za/Documents/07.%20Audit%20Reports/2017-18/03.%20District%20municipalities/DC35%20Capricorn/DC35%20Capricorn%20Audit%20Report%202017-18.pdf
DC36,Waterberg,2018,qualified,Qualified,http://mfma.treasury.gov.za/Documents/07.%20Audit%20Reports/2017-18/03.%20District%20municipalities/DC36%20Waterberg/DC36%20Waterberg%20Audit%20report%202017-18.pdf
DC37,Bojanala Platinum,2018,disclaimer,Disclaimer of opinion,http://mfma.treasury.gov.za/Documents/07.%20Audit%20Reports/2017-18/03.%20District%20municipalities/DC37%20Bojanala%20Platinum/DC37%20Bojanala%20Platinum%20Audit%20report%202017-18.pdf
DC38,Ngaka Modiri Molema,2018,disclaimer,Disclaimer of opinion,http://mfma.treasury.gov.za/Documents/07.%20Audit%20Reports/2017-18/03.%20District%20municipalities/DC38%20Ngaka%20Modiri%20Molema/DC38%20Ngaka%20Modiri%20Molema%20Audit%20report%202017-18.pdf
DC4,Garden Route,2018,unqualified_emphasis_of_matter,Unqualified - Emphasis of Matter items,http://mfma.treasury.gov.za/Documents/07.%20Audit%20Reports/2017-18/03.%20District%20municipalities/DC4%20Garden%20Route/DC4%20Garden%20Route%20Audit%20report%202017-18.pdf
DC40,Dr Kenneth Kaunda,2018,qualified,Qualified,http://mfma.treasury.gov.za/Documents/07.%20Audit%20Reports/2017-18/03.%20District%20municipalities/DC40%20Dr%20Kenneth%20Kaunda/DC40%20Dr%20Kenneth%20Kaunda%20Audit%20report%202017-18.pdf
DC42,Sedibeng,2018,unqualified_emphasis_of_matter,Unqualified - Emphasis of Matter items,http://mfma.treasury.gov.za/Documents/07.%20Audit%20Reports/2017-18/03.%20District%20municipalities/DC42%20Sedibeng/DC42%20Sedibeng%20Audit%20report%202017-18.pdf
DC43,Harry Gwala,2018,qualified,Qualified,http://mfma.treasury.gov.za/Documents/07.%20Audit%20Reports/2017-18/03.%20District%20municipalities/DC43%20Harry%20Gwala/DC43%20Harry%20Gwala%20Audit%20report%202017-18.pdf
DC44,Alfred Nzo,2018,unqualified_emphasis_of_matter,Unqualified - Emphasis of Matter items,http://mfma.treasury.gov.za/Documents/07.%20Audit%20Reports/2017-18/03.%20District%20municipalities/DC44%20Alfred%20Nzo/DC44%20Alfred%20Nzo%20Audit%20report%202017-18.pdf
DC45,John Taolo Gaetsewe,2018,unqualified_emphasis_of_matter,Unqualified - Emphasis of Matter items,http://mfma.treasury.gov.za/Documents/07.%20Audit%20Reports/2017-18/03.%20District%20municipalities/DC45%20John%20Taolo%20Gaetsewe/DC45%20John%20Taolo%20Gaetsewe%20Audit%20report%202017-18.pdf
DC47,Sekhukhune,2018,unqualified_emphasis_of_matter,Unqualified - Emphasis of Matter items,http://mfma.treasury.gov.za/Documents/07.%20Audit%20Reports/2017-18/03.%20District%20municipalities/DC47%20Sekhukhune
DC48,West Rand,2018,unqualified_emphasis_of_matter,Unqualified - Emphasis of Matter items,http://mfma.treasury.gov.za/Documents/07.%20Audit%20Reports/2017-18/03.%20District%20municipalities/DC48%20West%20Rand
DC5,Central Karoo,2018,unqualified_emphasis_of_matter,Unqualified - Emphasis of Matter items,http://mfma.treasury.gov.za/Documents/07.%20Audit%20Reports/2017-18/03.%20District%20municipalities/DC5%20Central%20Karoo/DC5%20Central%20Karoo%20Audit%20report%202017-18.pdf
DC6,Namakwa,2018,unqualified_emphasis_of_matter,Unqualified - Emphasis of Matter items,http://mfma.treasury.gov.za/Documents/07.%20Audit%20Reports/2017-18/03.%20District%20municipalities/DC6%20Namakwa/DC6%20Namakwa%20Audit%20report%202017-18.pdf
DC7,Pixley Ka Seme (NC),2018,unqualified_emphasis_of_matter,Unqualified - Emphasis of Matter items,http://mfma.treasury.gov.za/Documents/07.%20Audit%20Reports/2017-18/03.%20District%20municipalities/DC7%20Pixley%20Ka%20Seme/DC7%20Pixley%20Ka%20Seme%20Audit%20report%202017-18.pdf
DC8,Z F Mgcawu,2018,unqualified,Unqualified - No findings,http://mfma.treasury.gov.za/Documents/07.%20Audit%20Reports/2017-18/03.%20District%20municipalities/DC8%20Z%20F%20Mgcawu/DC8%20Z%20F%20Mgcawu%20Audit%20report%202017-18.pdf
DC9,Frances Baard,2018,unqualified_emphasis_of_matter,Unqualified - Emphasis of Matter items,http://mfma.treasury.gov.za/Documents/07.%20Audit%20Reports/2017-18/03.%20District%20municipalities/DC9%20Frances%20Baard/DC9%20Frances%20Baard%20Audit%20report%202017-18.pdf
FS193,Nketoana,2017,disclaimer,Disclaimer of opinion,http://mfma.treasury.gov.za/Documents/07.%20Audit%20Reports/2016-17/02.%20Local%20municipalities/FS193%20Nketoana/FS193%20Nketoana%20Audit%20report%202016-17.pdf
FS196,Mantsopa,2017,qualified,Qualified,http://mfma.treasury.gov.za/Documents/07.%20Audit%20Reports/2016-17/02.%20Local%20municipalities/FS196%20Mantsopa/FS196%20Mantsopa%20Audit%20report%202016-17.pdf
FS201,Moqhaka,2017,unqualified_emphasis_of_matter,Unqualified - Emphasis of Matter items,http://mfma.treasury.gov.za/Documents/07.%20Audit%20Reports/2016-17/02.%20Local%20municipalities/FS201%20Moqhaka/FS201%20Moqhaka%20Audit%20report%202016-17.pdf
FS203,Ngwathe,2017,qualified,Qualified,http://mfma.treasury.gov.za/Documents/07.%20Audit%20Reports/2016-17/02.%20Local%20municipalities/FS203%20Ngwathe/FS203%20Ngwathe%20Audit%20report%202016-17.pdf
GT421,Emfuleni,2017,unqualified_emphasis_of_matter,Unqualified - Emphasis of Matter items,http://mfma.treasury.gov.za/Documents/07.%20Audit%20Reports/2016-17/02.%20Local%20municipalities/GT421%20Emfuleni/GT421%20Emfuleni%20Audit%20report%202016-17.pdf
LIM354,Polokwane,2017,qualified,Qualified,http://mfma.treasury.gov.za/Documents/07.%20Audit%20Reports/2016-17/02.%20Local%20municipalities/LIM354%20Polokwane
LIM473,Makhuduthamaga,2017,unqualified_emphasis_of_matter,Unqualified - Emphasis of Matter items,http://mfma.treasury.gov.za/Documents/07.%20Audit%20Reports/2016-17/02.%20Local%20municipalities/LIM473%20Makhuduthamaga/LIM473%20Makhuduthamaga%20Audit%20Report%202016-17.pdf
NC062,Nama Khoi,2017,qualified,Qualified,http://mfma.treasury.gov.za/Documents/07.%20Audit%20Reports/2016-17/02.%20Local%20municipalities/NC062%20Nama%20Khoi/NC062%20Nama%20Khoi%20Audit%20report%202016-17.pdf
NC084,!Kheis,2017,qualified,Qualified,http://mfma.treasury.gov.za/Documents/07.%20Audit%20Reports/2016-17/02.%20Local%20municipalities/NC084%20%21Kheis/NC084%20%21Kheis%20Audit%20report%202016-17.pdf
DC15,O R Tambo,2017,qualified,Qualified,http://mfma.treasury.gov.za/Documents/07.%20Audit%20Reports/2016-17/03.%20District%20municipalities/DC15%20O%20R%20Tambo
DC18,Lejweleputswa,2017,unqualified_emphasis_of_matter,Unqualified - Emphasis of Matter items,http://mfma.treasury.gov.za/Documents/07.%20Audit%20Reports/2016-17/03.%20District%20municipalities/DC18%20Lejweleputswa/DC18%20Lejweleputswa%20Audit%20report%202016-17.pdf
NC082,!Kai! Garib,2016,qualified,Qualified,http://mfma.treasury.gov.za/Documents/07.%20Audit%20Reports/2015-16/02.%20Local%20municipalities/NC082%20Kai%20Gariep/NC082%20%21Kai%21%20Gariep%20Audit%20report%202015-16.pdf
NC082,!Kai! Garib,2015,qualified,Qualified,http://mfma.treasury.gov.za/Documents/07.%20Audit%20Reports/2014-15/02.%20Local%20municipalities/NC082%20%21Kai%21%20Garib/NC082%20%21Kai%20%21Garib%20Audit%20report%202014-15.pdf
NC084,!Kheis,2015,qualified,Qualified,http://mfma.treasury.gov.za/Documents/07.%20Audit%20Reports/2014-15/02.%20Local%20municipalities/NC084%20%21Kheis/NC084%20%21Kheis%20Audit%20report%202014-15.pdf
FS164,Naledi,2014,qualified,Qualified,http://mfma.treasury.gov.za/Documents/07.%20Audit%20Reports/2013-14/02.%20Local%20municipalities/FS164%20Naledi%20%28Fs%29/FS164%20Naledi%20Audit%20report%202013-14.pdf
LIM364,Mookgopong,2014,qualified,Qualified,http://mfma.treasury.gov.za/Documents/07.%20Audit%20Reports/2013-14/02.%20Local%20municipalities/LIM364%20Mookgopong/LIM364%20Mookgopong%20Audit%20report%202013-14.pdf
LIM471,Ephraim Mogale,2014,disclaimer,Disclaimer of opinion,http://mfma.treasury.gov.za/Documents/07.%20Audit%20Reports/2013-14/02.%20Local%20municipalities/LIM471%20Ephraim%20Mogale/LIM471%20Ephraim%20Mogale%20Audit%20report%202013-14.pdf
MP304,Pixley Ka Seme (MP),2014,qualified,Qualified,http://mfma.treasury.gov.za/Documents/07.%20Audit%20Reports/2013-14/02.%20Local%20municipalities/MP304%20Pixley%20Ka%20Seme/MP304%20Pixley%20Ka%20Seme%20Audit%20report%202013-14.pdf
MP305,Lekwa,2014,unqualified_emphasis_of_matter,Unqualified - Emphasis of Matter items,http://mfma.treasury.gov.za/Documents/07.%20Audit%20Reports/2013-14/02.%20Local%20municipalities/MP305%20Lekwa/MP305%20Lekwa%20Audit%20report%202013-14.pdf
NC082,!Kai! Garib,2014,qualified,Qualified,http://mfma.treasury.gov.za/Documents/07.%20Audit%20Reports/2013-14/02.%20Local%20municipalities/NC082%20Kai%20Garib/NC082%20Kai%21%20Garib%20Audit%20report%202013-14.pdf
NW394,Greater Taung,2014,disclaimer,Disclaimer of opinion,http://mfma.treasury.gov.za/Documents/07.%20Audit%20Reports/2013-14/02.%20Local%20municipalities/NW394%20Greater%20Taung/NW394%20Greater%20Taung%20Audit%20report%202013-14.pdf
NW396,Lekwa-Teemane,2014,disclaimer,Disclaimer of opinion,http://mfma.treasury.gov.za/Documents/07.%20Audit%20Reports/2013-14/02.%20Local%20municipalities/NW396%20Lekwa%20Teemane/NW396%20Lekwa%20Teemande%20Consolidated%20Audit%20report%202013-14.pdf
NW404,Maquassi Hills,2014,disclaimer,Disclaimer of opinion,http://mfma.treasury.gov.za/Documents/07.%20Audit%20Reports/2013-14/02.%20Local%20municipalities/NW404%20Maquassi%20Hills/NW404%20Maquassi%20Hills%20Audit%20report%202013-14.pdf
WC014,Saldanha Bay,2014,unqualified_emphasis_of_matter,Unqualified - Emphasis of Matter items,http://mfma.treasury.gov.za/Documents/07.%20Audit%20Reports/2013-14/02.%20Local%20municipalities/WC014%20Saldanha%20Bay/WC014%20Saldanha%20Bay%20Audit%20report%202013-14.pdf
WC023,Drakenstein,2014,unqualified,Unqualified - No findings,http://mfma.treasury.gov.za/Documents/07.%20Audit%20Reports/2013-14/02.%20Local%20municipalities/WC023%20Drakenstein/WC023%20Drakenstein%20Audit%20report%202013-14.pdf
WC024,Stellenbosch,2014,unqualified_emphasis_of_matter,Unqualified - Emphasis of Matter items,http://mfma.treasury.gov.za/Documents/07.%20Audit%20Reports/2013-14/02.%20Local%20municipalities/WC024%20Stellenbosch/WC024%20Stellenbosch%20Audit%20report%202013-14.pdf
WC025,Breede Valley,2014,unqualified,Unqualified - No findings,http://mfma.treasury.gov.za/Documents/07.%20Audit%20Reports/2013-14/02.%20Local%20municipalities/WC025%20Breede%20Valley/WC025%20Breede%20Valley%20Audit%20report%202013-14.pdf
WC026,Langeberg,2014,unqualified,Unqualified - No findings,http://mfma.treasury.gov.za/Documents/07.%20Audit%20Reports/2013-14/02.%20Local%20municipalities/WC026%20Langerberg/WC026%20Langeberg%20Audit%20report%202013-14.pdf
WC031,Theewaterskloof,2014,unqualified,Unqualified - No findings,http://mfma.treasury.gov.za/Documents/07.%20Audit%20Reports/2013-14/02.%20Local%20municipalities/WC031%20Theewaterskloof/WC031%20Theewaterskloof%20Audit%20report%202013-14.pdf
WC032,Overstrand,2014,unqualified,Unqualified - No findings,http://mfma.treasury.gov.za/Documents/07.%20Audit%20Reports/2013-14/02.%20Local%20municipalities/WC032%20Overstand/WC032%20Overstrand%20Audit%20report%202013-14.pdf
WC033,Cape Agulhas,2014,unqualified,Unqualified - No findings,http://mfma.treasury.gov.za/Documents/07.%20Audit%20Reports/2013-14/02.%20Local%20municipalities/WC033%20Cape%20Agulhas
WC042,Hessequa,2014,unqualified,Unqualified - No findings,http://mfma.treasury.gov.za/Documents/07.%20Audit%20Reports/2013-14/02.%20Local%20municipalities/WC042%20Hessequa/WC042%20Hessequa%20Audit%20report%202013-14.pdf
WC043,Mossel Bay,2014,unqualified,Unqualified - No findings,http://mfma.treasury.gov.za/Documents/07.%20Audit%20Reports/2013-14/02.%20Local%20municipalities/WC043%20Mossel%20Bay/WC043%20Mossel%20Bay%20Audit%20report%202013-14.pdf
WC045,Oudtshoorn,2014,unqualified_emphasis_of_matter,Unqualified - Emphasis of Matter items,http://mfma.treasury.gov.za/Documents/07.%20Audit%20Reports/2013-14/02.%20Local%20municipalities/WC045%20Oudtshoorn/WC045%20Oudsthoorn%20Audit%20Report%202013-14.pdf
WC047,Bitou,2014,unqualified,Unqualified - No findings,http://mfma.treasury.gov.za/Documents/07.%20Audit%20Reports/2013-14/02.%20Local%20municipalities/WC047%20Bitou/WC047%20Bitou%20Audit%20Report%202013-14.pdf
WC048,Knysna,2014,unqualified,Unqualified - No findings,http://mfma.treasury.gov.za/Documents/07.%20Audit%20Reports/2013-14/02.%20Local%20municipalities/WC048%20Knysna/WC048%20Knysna%20Audit%20report%202013-14.pdf
WC051,Laingsburg,2014,unqualified_emphasis_of_matter,Unqualified - Emphasis of Matter items,http://mfma.treasury.gov.za/Documents/07.%20Audit%20Reports/2013-14/02.%20Local%20municipalities/WC051%20Laingsburg/WC051%20Laingsburg%20Audit%20report%202013-14.pdf
DC18,Lejweleputswa,2014,unqualified_emphasis_of_matter,Unqualified - Emphasis of Matter items,http://mfma.treasury.gov.za/Documents/07.%20Audit%20Reports/2013-14/03.%20District%20municipalities/DC18%20Lejweleputswa/DC18%20Lejweleputswa%20Audit%20report%202013-14.pdf
DC19,Thabo Mofutsanyana,2014,unqualified_emphasis_of_matter,Unqualified - Emphasis of Matter items,http://mfma.treasury.gov.za/Documents/07.%20Audit%20Reports/2013-14/03.%20District%20municipalities/DC19%20Thabo%20Mofutsanyana/DC19%20Thabo%20Mofutsanyana%20Audit%20report%202013-14.pdf
DC38,Ngaka Modiri Molema,2014,disclaimer,Disclaimer of opinion,http://mfma.treasury.gov.za/Documents/07.%20Audit%20Reports/2013-14/03.%20District%20municipalities/DC38%20Ngaka%20Modiri%20Molema/DC38%20Ngaka%20Modiri%20Molema%20Audit%20report%202013-14.pdf
DC39,Dr Ruth Segomotsi Mompati,2014,disclaimer,Disclaimer of opinion,http://mfma.treasury.gov.za/Documents/07.%20Audit%20Reports/2013-14/03.%20District%20municipalities/DC39%20Dr%20Ruth%20Segomotsi%20Mompati/DC39%20Dr%20Ruth%20Segomotsi%20Mompati%20Audit%20report%202013-14.pdf
DC47,Sekhukhune,2014,unqualified_emphasis_of_matter,Unqualified - Emphasis of Matter items,http://mfma.treasury.gov.za/Documents/07.%20Audit%20Reports/2013-14/03.%20District%20municipalities/DC47%20Sekhukhune/DC47%20Sekhukhune%20Audit%20report%202013-14.pdf
EC137,Dr. A.B. Xuma,2019,unqualified_emphasis_of_matter,Unqualified - Emphasis of Matter items,
EC139,Enoch Mgijima,2019,outstanding,Outstanding,
DC5,Central Karoo,2014,unqualified_emphasis_of_matter,Unqualified - Emphasis of Matter items,http://mfma.treasury.gov.za/Documents/07.%20Audit%20Reports/2013-14/03.%20District%20municipalities/DC5%20Central%20Karoo/DC5%20Central%20Karoo%20Audit%20report%202013-14.pdf
EC104,Makana,2013,disclaimer,Disclaimer of opinion,http://mfma.treasury.gov.za/Documents/07.%20Audit%20Reports/2012-13/02.%20Local%20Municipalities/EC104%20Makana/EC104%20Makana%20Audit%20report%202012-13.pdf
EC105,Ndlambe,2013,qualified,Qualified,http://mfma.treasury.gov.za/Documents/07.%20Audit%20Reports/2012-13/02.%20Local%20Municipalities/EC105%20Ndlambe/EC105%20Ndlambe%20Audit%20report%202012-13.pdf
EC156,Kumkani Mhlontlo,2013,adverse,Adverse opinion,http://mfma.treasury.gov.za/Documents/07.%20Audit%20Reports/2012-13/02.%20Local%20Municipalities/EC156%20Mhlontlo/EC156%20Mhlontlo%20Audit%20Report%202012-13.pdf
FS164,Naledi,2013,disclaimer,Disclaimer of opinion,http://mfma.treasury.gov.za/Documents/07.%20Audit%20Reports/2012-13/02.%20Local%20Municipalities/FS164%20Naledi/FS164%20Naledi%20Audit%20report%202012-13.pdf
FS194,Maluti-a-Phofung,2013,disclaimer,Disclaimer of opinion,http://mfma.treasury.gov.za/Documents/07.%20Audit%20Reports/2012-13/02.%20Local%20Municipalities/FS194%20Maluti-a-Phofung/FS194%20Maluti-a-Phofung%20Audit%20report%202012-13.pdf
FS195,Phumelela,2013,disclaimer,Disclaimer of opinion,http://mfma.treasury.gov.za/Documents/07.%20Audit%20Reports/2012-13/02.%20Local%20Municipalities/FS195%20Phumelela/FS195%20Phumelela%20Audit%20report%202012-13.pdf
FS196,Mantsopa,2013,disclaimer,Disclaimer of opinion,http://mfma.treasury.gov.za/Documents/07.%20Audit%20Reports/2012-13/02.%20Local%20Municipalities/FS196%20Mantsopa/FS196%20Mantsopa%20Audit%20report%202012-13.pdf
LIM331,Greater Giyani,2013,adverse,Adverse opinion,http://mfma.treasury.gov.za/Documents/07.%20Audit%20Reports/2012-13/02.%20Local%20Municipalities/LIM331%20Greater%20Giyani/LIM331%20Greater%20Giyane%20Audit%20report%202012-13.pdf
LIM353,Molemole,2013,qualified,Qualified,http://mfma.treasury.gov.za/Documents/07.%20Audit%20Reports/2012-13/02.%20Local%20Municipalities/LIM353%20Molemole/LIM353%20Molemole%20Audit%20report%202012-13.pdf
LIM364,Mookgopong,2013,qualified,Qualified,http://mfma.treasury.gov.za/Documents/07.%20Audit%20Reports/2012-13/02.%20Local%20Municipalities/LIM364%20Mookgopong/LIM364%20Mookgopong%20Audit%20report%202012-13.pdf
LIM471,Ephraim Mogale,2013,disclaimer,Disclaimer of opinion,http://mfma.treasury.gov.za/Documents/07.%20Audit%20Reports/2012-13/02.%20Local%20Municipalities/LIM471%20Ephraim%20Mogale/LIM471%20Ephraim%20Mogale%20Audit%20report%202012-13.pdf
LIM473,Makhuduthamaga,2013,qualified,Qualified,http://mfma.treasury.gov.za/Documents/07.%20Audit%20Reports/2012-13/02.%20Local%20Municipalities/LIM473%20Makhudutamaga/LIM473%20Makhudutamaga%20Audit%20report%202012-13.pdf
LIM474,Fetakgomo,2013,qualified,Qualified,http://mfma.treasury.gov.za/Documents/07.%20Audit%20Reports/2012-13/02.%20Local%20Municipalities/LIM474%20Fetakgomo/LIM474%20Fetakgomo%20Audit%20report%202012-13.pdf
LIM475,Greater Tubatse,2013,adverse,Adverse opinion,http://mfma.treasury.gov.za/Documents/07.%20Audit%20Reports/2012-13/02.%20Local%20Municipalities/LIM475%20Greater%20Tubatse/LIM475%20Greater%20Tubatse%20Audit%20report%202012-13.pdf
NC062,Nama Khoi,2013,disclaimer,Disclaimer of opinion,http://mfma.treasury.gov.za/Documents/07.%20Audit%20Reports/2012-13/02.%20Local%20Municipalities/NC062%20Nama%20Khoi/NC062%20Nama%20Khoi%20Audit%20report%202012-13.pdf
NC066,Karoo Hoogland,2013,disclaimer,Disclaimer of opinion,http://mfma.treasury.gov.za/Documents/07.%20Audit%20Reports/2012-13/02.%20Local%20Municipalities/NC066%20Karoo%20Hoogland/NC066%20Karoo%20Hoogland%20Audit%20report%202012-13.pdf
NC078,Siyancuma,2013,disclaimer,Disclaimer of opinion,http://mfma.treasury.gov.za/Documents/07.%20Audit%20Reports/2012-13/02.%20Local%20Municipalities/NC078%20Siyancuma/NC078%20Siyancuma%20Audit%20Report%202012-13.pdf
NC093,Magareng,2013,qualified,Qualified,http://mfma.treasury.gov.za/Documents/07.%20Audit%20Reports/2012-13/02.%20Local%20Municipalities/NC093%20Magareng/NC093%20Magareng%20Audit%20report%202012-13.pdf
NW403,City of Matlosana,2013,disclaimer,Disclaimer of opinion,http://mfma.treasury.gov.za/Documents/07.%20Audit%20Reports/2012-13/02.%20Local%20Municipalities/NW403%20City%20of%20Matlosana/NW403%20City%20of%20Matlosana%20Audit%20report%202012-13.pdf
DC40,Dr Kenneth Kaunda,2013,unqualified_emphasis_of_matter,Unqualified - Emphasis of Matter items,http://mfma.treasury.gov.za/Documents/07.%20Audit%20Reports/2012-13/03.%20District%20municipalities/DC40%20Dr%20Kenneth%20Kaunda/DC40%20Dr%20Kenneth%20Kaunda%20Audit%20report%202012-13.pdf
EC127,Nkonkobe,2012,qualified,Qualified,http://mfma.treasury.gov.za/Documents/07.%20Audit%20Reports/2011-12/02.%20Local%20municipalities/EC127%20Nkonkobe/EC127%20Nkonkobe%20Audit%20report%202011-12.PDF
EC154,Port St Johns,2012,qualified,Qualified,http://mfma.treasury.gov.za/Documents/07.%20Audit%20Reports/2011-12/02.%20Local%20municipalities/EC154%20Port%20St%20Johns/EC154%20Port%20St%20Johns%20Audit%20report%202011-12.pdf
FS195,Phumelela,2012,disclaimer,Disclaimer of opinion,http://mfma.treasury.gov.za/Documents/07.%20Audit%20Reports/2011-12/02.%20Local%20municipalities/FS195%20Phumelela/FS195%20Phumelela%20Audit%20report%202011-12.pdf
GT423,Lesedi,2012,unqualified_emphasis_of_matter,Unqualified - Emphasis of Matter items,http://mfma.treasury.gov.za/Documents/07.%20Audit%20Reports/2011-12/02.%20Local%20municipalities/GT423%20Lesedi/GT423%20Lesedi%20Audit%20report%202011-12.PDF
KZN235,Okhahlamba,2012,unqualified_emphasis_of_matter,Unqualified - Emphasis of Matter items,http://mfma.treasury.gov.za/Documents/07.%20Audit%20Reports/2011-12/02.%20Local%20municipalities/KZN235%20Okhahlamba/KZN235%20Okhahlamba%20Audit%20Report%202011-12.PDF
KZN271,Umhlabuyalingana,2012,disclaimer,Disclaimer of opinion,http://mfma.treasury.gov.za/Documents/07.%20Audit%20Reports/2011-12/02.%20Local%20municipalities/KZN271%20Umhlabuyalingana/KZN271Umhlabuyalingana%20Audit%20Report%202011-12.pdf
KZN293,Ndwedwe,2012,unqualified_emphasis_of_matter,Unqualified - Emphasis of Matter items,http://mfma.treasury.gov.za/Documents/07.%20Audit%20Reports/2011-12/02.%20Local%20municipalities/KZN293%20Ndwedwe/KZN294%20Ndwedwe%20Audit%20report%202011-12.pdf
KZN294,Maphumulo,2012,unqualified_emphasis_of_matter,Unqualified - Emphasis of Matter items,http://mfma.treasury.gov.za/Documents/07.%20Audit%20Reports/2011-12/02.%20Local%20municipalities/KZN294%20Maphumulo/KZN294%20Maphumulo%20Audit%20Report%202011-12.pdf
LIM344,Makhado,2012,disclaimer,Disclaimer of opinion,http://mfma.treasury.gov.za/Documents/07.%20Audit%20Reports/2011-12/02.%20Local%20municipalities/LIM344%20Makhado/LIM344%20Makhado%20Audit%20Report%202011-12.PDF
LIM474,Fetakgomo,2012,qualified,Qualified,http://mfma.treasury.gov.za/Documents/07.%20Audit%20Reports/2011-12/02.%20Local%20municipalities/LIM474%20Fetakgomo/LIM474%20Fetakgomo%20Audit%20report%202011-12.pdf
MP307,Govan Mbeki,2012,qualified,Qualified,http://mfma.treasury.gov.za/Documents/07.%20Audit%20Reports/2011-12/02.%20Local%20municipalities/MP307%20Govan%20Mbeki/MP307%20Govan%20Mbeki%20Audit%20Report%202011-12.PDF
MP313,Steve Tshwete,2012,unqualified,Unqualified - No findings,http://mfma.treasury.gov.za/Documents/07.%20Audit%20Reports/2011-12/02.%20Local%20municipalities/MP313%20Steve%20Tshwete/MP313%20Steve%20Tshwete%20Audit%20report%202011-12.PDF
NW402,Tlokwe City Council,2012,unqualified_emphasis_of_matter,Unqualified - Emphasis of Matter items,http://mfma.treasury.gov.za/Documents/07.%20Audit%20Reports/2011-12/02.%20Local%20municipalities/NW402%20Tlokwe/NW402%20Tlokwe%20Consolidated%20Audit%20report%202011-12.pdf
WC048,Knysna,2012,unqualified_emphasis_of_matter,Unqualified - Emphasis of Matter items,http://mfma.treasury.gov.za/Documents/07.%20Audit%20Reports/2011-12/02.%20Local%20municipalities/WC048%20Knysna/WC038%20Knysna%20Audit%20report%202011-12.pdf
DC25,Amajuba,2012,unqualified_emphasis_of_matter,Unqualified - Emphasis of Matter items,http://mfma.treasury.gov.za/Documents/07.%20Audit%20Reports/2011-12/03.%20District%20municipalities/DC25%20Amajuba/DC25%20Amajuba%20Audit%20report%202011-12.PDF
DC34,Vhembe,2012,disclaimer,Disclaimer of opinion,http://mfma.treasury.gov.za/Documents/07.%20Audit%20Reports/2011-12/03.%20District%20municipalities/DC34%20Vhembe/DC34%20Vhembe%20Audit%20report%202011-12.pdf
DC40,Dr Kenneth Kaunda,2012,unqualified_emphasis_of_matter,Unqualified - Emphasis of Matter items,http://mfma.treasury.gov.za/Documents/07.%20Audit%20Reports/2011-12/03.%20District%20municipalities/DC40%20Dr%20Kenneth%20Kaunda/DC40%20Dr%20Kenith%20Kaunda%20Audit%20Report%202011-12.pdf
EC136,Emalahleni (EC),2011,disclaimer,Disclaimer of opinion,http://mfma.treasury.gov.za/Documents/07.%20Audit%20Reports/2010-11/02.%20Local%20Municipalities/EC136%20Emalahleni%20%28EC%29/EC136%20Emalahleni%20Audit%20Report%202010-11.pdf
NC082,!Kai! Garib,2011,disclaimer,Disclaimer of opinion,http://mfma.treasury.gov.za/Documents/07.%20Audit%20Reports/2010-11/02.%20Local%20Municipalities/NC082%20%21Kai%21%20Garib/NC082%20Kai%20Garib%20Audit%20Report%202010-11.pdf
NC084,!Kheis,2011,disclaimer,Disclaimer of opinion,http://mfma.treasury.gov.za/Documents/07.%20Audit%20Reports/2010-11/02.%20Local%20Municipalities/NC084%20%21Kheis/NC084%20%21Kheis%21%20Audit%20report%202010-11.pdf
NW392,Naledi (NW),2011,disclaimer,Disclaimer of opinion,http://mfma.treasury.gov.za/Documents/07.%20Audit%20Reports/2010-11/02.%20Local%20Municipalities/NW392%20Naledi%20%28NW%29/NW392%20Naledi%20%28NW%29%20Audit%20Report%202010-11.pdf
NC092,Dikgatlong,2018,disclaimer,Disclaimer of opinion,
GT421,Emfuleni,2018,unqualified_emphasis_of_matter,Unqualified - Emphasis of Matter items,http://mfma.treasury.gov.za/Documents/07.%20Audit%20Reports/2017-18/02.%20Local%20municipalities/GT421%20Emfuleni/GT421%20Emfuleni%20Audit%20report%202017-18.pdf
DC20,Fezile Dabi,2018,qualified,Qualified,
WC041,Kannaland,2018,unqualified_emphasis_of_matter,Unqualified - Emphasis of Matter items,
WC051,Laingsburg,2018,qualified,Qualified,http://mfma.treasury.gov.za/Documents/07.%20Audit%20Reports/2017-18/02.%20Local%20municipalities/WC051%20Laingsburg/WC051%20Laingsburg%20Audit%20report%202017-18.pdf
DC18,Lejweleputswa,2018,unqualified_emphasis_of_matter,Unqualified - Emphasis of Matter items,
FS161,Letsemeng,2018,qualified,Qualified,http://mfma.treasury.gov.za/Documents/07.%20Audit%20Reports/2017-18/02.%20Local%20municipalities/FS161%20Letsemeng/FS161%20Letsemeng%20Audit%20report%202017-18.pdf
FS205,Mafube,2018,disclaimer,Disclaimer of opinion,
LIM368,Modimolle-Mookgopong,2018,disclaimer,Disclaimer of opinion,http://mfma.treasury.gov.za/Documents/07.%20Audit%20Reports/2017-18/02.%20Local%20municipalities/LIM368%20Modimolle-Mookgopong/LIM368%20Modimolle-Mookgopong%20Audit%20report%202017-18.pdf
FS163,Mohokare,2018,qualified,Qualified,http://mfma.treasury.gov.za/Documents/07.%20Audit%20Reports/2017-18/02.%20Local%20municipalities/FS163%20Mohokare/FS163%20Mohokare%20Audit%20report%202017-18.pdf
KZN225,Msunduzi,2018,adverse,Adverse opinion,http://mfma.treasury.gov.za/Documents/07.%20Audit%20Reports/2017-18/02.%20Local%20municipalities/KZN225%20Msunduzi/KZN225%20Msunduzi%20Consolidated%20Audit%20report%202017-18.pdf
FS193,Nketoana,2018,qualified,Qualified,http://mfma.treasury.gov.za/Documents/07.%20Audit%20Reports/2017-18/02.%20Local%20municipalities/FS193%20Nketoana/FS193%20Nketoana%20Audit%20report%202017-18.pdf
KZN227,Richmond,2018,adverse,Adverse opinion,http://mfma.treasury.gov.za/Documents/07.%20Audit%20Reports/2017-18/02.%20Local%20municipalities/KZN227%20Richmond/KZN227%20Richmond%20Audit%20Report%202017-18.pdf
NW373,Rustenburg,2018,qualified,Qualified,http://mfma.treasury.gov.za/Documents/07.%20Audit%20Reports/2017-18/02.%20Local%20municipalities/NW373%20Rustenburg/NW373%20Rustenburg%20Audit%20report%202017-18.pdf
EC138,Sakhisizwe,2018,unqualified_emphasis_of_matter,Unqualified - Emphasis of Matter items,http://mfma.treasury.gov.za/Documents/07.%20Audit%20Reports/2017-18/02.%20Local%20municipalities/EC138%20Sakhisizwe/EC138%20Sakhisizwe%20Audit%20report%202017-18.pdf
NC077,Siyathemba,2018,qualified,Qualified,
MP321,Thaba Chweu,2018,qualified,Qualified,http://mfma.treasury.gov.za/Documents/07.%20Audit%20Reports/2017-18/02.%20Local%20municipalities/MP321%20Thaba%20Chweu/MP321%20Thaba%20Chweu%20Audit%20report%202017-18.pdf
LIM361,Thabazimbi,2018,disclaimer,Disclaimer of opinion,
NC085,Tsantsabane,2018,disclaimer,Disclaimer of opinion,
DC25,Amajuba,2019,qualified,Qualified,
LIM334,Ba-Phalaborwa,2019,qualified,Qualified,
DC37,Bojanala Platinum,2019,outstanding,Outstanding,
NC452,Ga-Segonyana,2019,outstanding,Outstanding,
NC453,Gamagara,2019,qualified,Qualified,
MP307,Govan Mbeki,2019,outstanding,Outstanding,
LIM331,Greater Giyani,2019,qualified,Qualified,
NW394,Greater Taung,2019,outstanding,Outstanding,
NW405,J B Marks,2019,qualified,Qualified,
KZN272,Jozini,2019,qualified,Qualified,
NC074,Kareeberg,2019,unqualified_emphasis_of_matter,Unqualified - Emphasis of Matter items,
FS162,Kopanong,2019,outstanding,Outstanding,
DC18,Lejweleputswa,2019,unqualified_emphasis_of_matter,Unqualified - Emphasis of Matter items,
MP305,Lekwa,2019,disclaimer,Disclaimer of opinion,
NW396,Lekwa-Teemane,2019,disclaimer,Disclaimer of opinion,
FS161,Letsemeng,2019,qualified,Qualified,
NW372,Madibeng,2019,disclaimer,Disclaimer of opinion,
FS205,Mafube,2019,outstanding,Outstanding,
FS194,Maluti-a-Phofung,2019,outstanding,Outstanding,
NW404,Maquassi Hills,2019,disclaimer,Disclaimer of opinion,
FS181,Masilonyana,2019,outstanding,Outstanding,
FS184,Matjhabeng,2019,outstanding,Outstanding,
GT484,Merafong City,2019,unqualified_emphasis_of_matter,Unqualified - Emphasis of Matter items,
EC156,Kumkani Mhlontlo,2019,qualified,Qualified,
LIM368,Modimolle-Mookgopong,2019,disclaimer,Disclaimer of opinion,
LIM367,Mogalakwena,2019,outstanding,Outstanding,
LIM353,Molemole,2019,unqualified_emphasis_of_matter,Unqualified - Emphasis of Matter items,
DC33,Mopani,2019,qualified,Qualified,
FS201,Moqhaka,2019,qualified,Qualified,
NW371,Moretele,2019,qualified,Qualified,
NW375,Moses Kotane,2019,qualified,Qualified,
NW392,Naledi (NW),2019,outstanding,Outstanding,
FS203,Ngwathe,2019,qualified,Qualified,
EC444,Ntabankulu,2019,unqualified_emphasis_of_matter,Unqualified - Emphasis of Matter items,
NC094,Phokwane,2019,outstanding,Outstanding,
LIM354,Polokwane,2019,outstanding,Outstanding,
NW385,Ramotshere Moiloa,2019,disclaimer,Disclaimer of opinion,
NW381,Ratlou,2019,disclaimer,Disclaimer of opinion,
NC075,Renosterberg,2019,outstanding,Outstanding,
DC42,Sedibeng,2019,unqualified_emphasis_of_matter,Unqualified - Emphasis of Matter items,
NC077,Siyathemba,2019,qualified,Qualified,
MP313,Steve Tshwete,2019,unqualified_emphasis_of_matter,Unqualified - Emphasis of Matter items,
MP321,Thaba Chweu,2019,qualified,Qualified,
NC076,Thembelihle,2019,qualified,Qualified,
FS182,Tokologo,2019,outstanding,Outstanding,
NC085,Tsantsabane,2019,outstanding,Outstanding,
FS183,Tswelopele,2019,qualified,Qualified,
LIM476,Tubatse Fetakgomo,2019,qualified,Qualified,
KZN434,Johannes Phumani Phungula,2019,qualified,Qualified,
DC27,Umkhanyakude,2019,qualified,Qualified,
BUF,Buffalo City,2019,qualified,Qualified,http://mfma.treasury.gov.za/Documents/07.%20Audit%20Reports/2018-19/01.%20Metros/BUF%20Buffalo%20City/BUF%20Buffalo%20City%20Audit%20report%202018-19.pdf
CPT,Cape Town,2019,unqualified_emphasis_of_matter,Unqualified - Emphasis of Matter items,http://mfma.treasury.gov.za/Documents/07.%20Audit%20Reports/2018-19/01.%20Metros/CPT%20City%20of%20Cape%20Town/CPT%20Cape%20Town%20Audit%20Report%202018-19.pdf
EKU,City of Ekurhuleni,2019,unqualified_emphasis_of_matter,Unqualified - Emphasis of Matter items,http://mfma.treasury.gov.za/Documents/07.%20Audit%20Reports/2018-19/01.%20Metros/EKU%20City%20of%20Ekurhuleni/EKU%20City%20of%20Ekurhuleni%20Consolidated%20Audit%20Report%202018-19.pdf
ETH,eThekwini,2019,unqualified_emphasis_of_matter,Unqualified - Emphasis of Matter items,http://mfma.treasury.gov.za/Documents/07.%20Audit%20Reports/2018-19/01.%20Metros/ETH%20eThekwini/ETH%20eThekwini%20Audit%20report%202018-19.pdf
JHB,City of Johannesburg,2019,unqualified_emphasis_of_matter,Unqualified - Emphasis of Matter items,http://mfma.treasury.gov.za/Documents/07.%20Audit%20Reports/2018-19/01.%20Metros/JHB%20City%20of%20Johannesburg/JHB%20City%20of%20Johannesburg%20Audit%20report%202018-19.pdf
MAN,Mangaung,2019,qualified,Qualified,http://mfma.treasury.gov.za/Documents/07.%20Audit%20Reports/2018-19/01.%20Metros/MAN%20Mangaung
NMA,Nelson Mandela Bay,2019,outstanding,Outstanding,http://mfma.treasury.gov.za/Documents/07.%20Audit%20Reports/2018-19/01.%20Metros/NMA%20Nelson%20Mandela%20Bay/NMA%20Nelson%20Mandela%20Bay%20Consolidated%20Audit%20report%202018-19.pdf
TSH,City of Tshwane,2019,outstanding,Outstanding,http://mfma.treasury.gov.za/Documents/07.%20Audit%20Reports/2018-19/01.%20Metros/TSH%20City%20of%20Tshwane/TSH%20City%20of%20Tswhane%20Audit%20report%202018-19.pdf
EC101,Dr Beyers Naude,2019,disclaimer,Disclaimer of opinion,http://mfma.treasury.gov.za/Documents/07.%20Audit%20Reports/2018-19/02.%20Local%20municipalities/EC101%20Dr%20Beyers%20Naude/EC101%20Dr%20Beyers%20Naude%20Audit%20report%202018-19.pdf
EC102,Blue Crane Route,2019,unqualified_emphasis_of_matter,Unqualified - Emphasis of Matter items,http://mfma.treasury.gov.za/Documents/07.%20Audit%20Reports/2018-19/02.%20Local%20municipalities/EC102%20Blue%20Crane%20Route/EC102%20Blue%20Crane%20Route%20Audit%20report%202018-19.pdf
EC104,Makana,2019,disclaimer,Disclaimer of opinion,http://mfma.treasury.gov.za/Documents/07.%20Audit%20Reports/2018-19/02.%20Local%20municipalities/EC104%20Makana/EC104%20Makana%20Audit%20report%202018-19.pdf
EC105,Ndlambe,2019,qualified,Qualified,http://mfma.treasury.gov.za/Documents/07.%20Audit%20Reports/2018-19/02.%20Local%20municipalities/EC105%20Ndlambe/EC105%20Ndlambe%20Audit%20report%202018-19.pdf
EC106,Sundays River Valley,2019,disclaimer,Disclaimer of opinion,http://mfma.treasury.gov.za/Documents/07.%20Audit%20Reports/2018-19/02.%20Local%20municipalities/EC106%20Sundays%20River%20Valley/EC106%20Sundays%20River%20Valley%20Audit%20report%202018-19.pdf
EC108,Kouga,2019,unqualified_emphasis_of_matter,Unqualified - Emphasis of Matter items,http://mfma.treasury.gov.za/Documents/07.%20Audit%20Reports/2018-19/02.%20Local%20municipalities/EC108%20Kouga/EC108%20Kouga%20Audit%20report%202018-19.pdf
EC109,Kou-Kamma,2019,unqualified_emphasis_of_matter,Unqualified - Emphasis of Matter items,http://mfma.treasury.gov.za/Documents/07.%20Audit%20Reports/2018-19/02.%20Local%20municipalities/EC109%20Kou-Kamma/EC109%20Kou-Kamma%20Audit%20report%202018-19.pdf
EC121,Mbhashe,2019,unqualified_emphasis_of_matter,Unqualified - Emphasis of Matter items,http://mfma.treasury.gov.za/Documents/07.%20Audit%20Reports/2018-19/02.%20Local%20municipalities/EC121%20Mbhashe/EC121%20Mbhashe%20Audit%20report%202018-19.pdf
EC122,Mnquma,2019,qualified,Qualified,http://mfma.treasury.gov.za/Documents/07.%20Audit%20Reports/2018-19/02.%20Local%20municipalities/EC122%20Mnquma/EC122%20Mnquma%20Audit%20report%202018-19.pdf
EC123,Great Kei,2019,disclaimer,Disclaimer of opinion,http://mfma.treasury.gov.za/Documents/07.%20Audit%20Reports/2018-19/02.%20Local%20municipalities/EC123%20Great%20Kei/EC123%20Great%20Kei%20Audit%20report%202018-19.pdf
EC124,Amahlathi,2019,qualified,Qualified,http://mfma.treasury.gov.za/Documents/07.%20Audit%20Reports/2018-19/02.%20Local%20municipalities/EC124%20Amahlathi/EC124%20%20Amahlathi%20Audit%20Report%202018-19.pdf
EC126,Ngqushwa,2019,qualified,Qualified,http://mfma.treasury.gov.za/Documents/07.%20Audit%20Reports/2018-19/02.%20Local%20municipalities/EC126%20Ngqushwa/EC126%20Ngqushwa%20Audit%20report%202018-19.pdf
EC129,Raymond Mhlaba,2019,qualified,Qualified,http://mfma.treasury.gov.za/Documents/07.%20Audit%20Reports/2018-19/02.%20Local%20municipalities/EC129%20Raymond%20Mhlaba/EC129%20Raymond%20Mhlaba%20Audit%20report%202018-19.pdf
EC131,Inxuba Yethemba,2019,unqualified_emphasis_of_matter,Unqualified - Emphasis of Matter items,http://mfma.treasury.gov.za/Documents/07.%20Audit%20Reports/2018-19/02.%20Local%20municipalities/EC131%20Inxuba%20Yethemba/EC131%20Inxuba%20Yethemba%20Audit%20report%202018-19.pdf
EC135,Vuyisile Mini,2019,qualified,Qualified,http://mfma.treasury.gov.za/Documents/07.%20Audit%20Reports/2018-19/02.%20Local%20municipalities/EC135%20Intsika%20Yethu/EC135%20Intsika%20Yethu%20Audit%20report%202018-19.pdf
EC138,Sakhisizwe,2019,qualified,Qualified,http://mfma.treasury.gov.za/Documents/07.%20Audit%20Reports/2018-19/02.%20Local%20municipalities/EC138%20Sakhisizwe/EC138%20Sakhisizwe%20Audit%20report%202018-19.pdf
EC141,Elundini,2019,unqualified_emphasis_of_matter,Unqualified - Emphasis of Matter items,http://mfma.treasury.gov.za/Documents/07.%20Audit%20Reports/2018-19/02.%20Local%20municipalities/EC141%20Elundini/EC141%20Elundini%20Audit%20report%202018-19.pdf
EC142,Senqu,2019,unqualified,Unqualified - No findings,http://mfma.treasury.gov.za/Documents/07.%20Audit%20Reports/2018-19/02.%20Local%20municipalities/EC142%20Senqu/EC142%20Senqu%20Audit%20report%202018-19.pdf
EC153,Ngquza Hills,2019,disclaimer,Disclaimer of opinion,http://mfma.treasury.gov.za/Documents/07.%20Audit%20Reports/2018-19/02.%20Local%20municipalities/EC153%20Ngquza%20Hills/EC153%20Ngquza%20Hills%20Audit%20report%202018-19.pdf
EC154,Port St Johns,2019,qualified,Qualified,http://mfma.treasury.gov.za/Documents/07.%20Audit%20Reports/2018-19/02.%20Local%20municipalities/EC154%20Port%20St%20Johns
EC155,Nyandeni,2019,unqualified_emphasis_of_matter,Unqualified - Emphasis of Matter items,http://mfma.treasury.gov.za/Documents/07.%20Audit%20Reports/2018-19/02.%20Local%20municipalities/EC155%20Nyandeni/EC155%20Nyandeni%20Audit%20report%202018-19.pdf
EC157,King Sabata Dalindyebo,2019,qualified,Qualified,http://mfma.treasury.gov.za/Documents/07.%20Audit%20Reports/2018-19/02.%20Local%20municipalities/EC157%20King%20Sabata%20Dalindyebo/EC157%20King%20Sabata%20Dalindyebo%20Audit%20report%202018-19.pdf
EC441,Matatiele,2019,unqualified_emphasis_of_matter,Unqualified - Emphasis of Matter items,http://mfma.treasury.gov.za/Documents/07.%20Audit%20Reports/2018-19/02.%20Local%20municipalities/EC441%20Matatiele/EC441%20Matatiele%20Audit%20report%202018-19.pdf
NC073,Emthanjeni,2022,qualified,Qualified,https://lg.treasury.gov.za/supportingdocs/NC073/NC073_Audit%20Report_2022_Y_20230703T105649Z_alrico.pdf
EC442,Umzimvubu,2019,qualified,Qualified,http://mfma.treasury.gov.za/Documents/07.%20Audit%20Reports/2018-19/02.%20Local%20municipalities/EC442%20Umzimvubu/EC442%20Umzimvubu%20Audit%20report%202018-19.pdf
EC443,Winnie Madikizela-Mandela,2019,unqualified_emphasis_of_matter,Unqualified - Emphasis of Matter items,http://mfma.treasury.gov.za/Documents/07.%20Audit%20Reports/2018-19/02.%20Local%20municipalities/EC443%20Mbizana/EC443%20Mbizana%20Audit%20report%202018-19.pdf
FS163,Mohokare,2019,qualified,Qualified,http://mfma.treasury.gov.za/Documents/07.%20Audit%20Reports/2018-19/02.%20Local%20municipalities/FS163%20Mohokare/FS163%20Mohokare%20Audit%20report%202018-19.pdf
FS185,Nala,2019,disclaimer,Disclaimer of opinion,http://mfma.treasury.gov.za/Documents/07.%20Audit%20Reports/2018-19/02.%20Local%20municipalities/FS185%20Nala/FS185%20Nala%20Audit%20report%202018-19.pdf
FS191,Setsoto,2019,qualified,Qualified,http://mfma.treasury.gov.za/Documents/07.%20Audit%20Reports/2018-19/02.%20Local%20municipalities/FS191%20Setsoto/FS191%20Setsoto%20Audit%20report%202018-19.pdf
FS192,Dihlabeng,2019,qualified,Qualified,http://mfma.treasury.gov.za/Documents/07.%20Audit%20Reports/2018-19/02.%20Local%20municipalities/FS192%20Dihlabeng/FS192%20Dihlabeng%20Audit%20report%202018-19.pdf
FS193,Nketoana,2019,disclaimer,Disclaimer of opinion,http://mfma.treasury.gov.za/Documents/07.%20Audit%20Reports/2018-19/02.%20Local%20municipalities/FS193%20Nketoana/FS193%20Nketoana%20Audit%20report%202018%3D19.pdf
FS195,Phumelela,2019,outstanding,Outstanding,http://mfma.treasury.gov.za/Documents/07.%20Audit%20Reports/2018-19/02.%20Local%20municipalities/FS195%20Phumelela/FS195%20Phumelela%20Audit%20report%202018-19.pdf
FS196,Mantsopa,2019,outstanding,Outstanding,http://mfma.treasury.gov.za/Documents/07.%20Audit%20Reports/2018-19/02.%20Local%20municipalities/FS196%20Mantsopa/FS196%20Mantsopa%20Audit%20report%202018-19.pdf
FS204,Metsimaholo,2019,qualified,Qualified,http://mfma.treasury.gov.za/Documents/07.%20Audit%20Reports/2018-19/02.%20Local%20municipalities/FS204%20Metsimaholo/FS204%20Metsimaholo%20Audit%20report%202018-19.pdf
GT422,Midvaal,2019,unqualified,Unqualified - No findings,http://mfma.treasury.gov.za/Documents/07.%20Audit%20Reports/2018-19/02.%20Local%20municipalities/GT422%20Midvaal/GT422%20Midvaal%20Audit%20report%202018-19.pdf
GT423,Lesedi,2019,unqualified_emphasis_of_matter,Unqualified - Emphasis of Matter items,http://mfma.treasury.gov.za/Documents/07.%20Audit%20Reports/2018-19/02.%20Local%20municipalities/GT423%20Lesedi/GT423%20Lesedi%20Audit%20report%202018-19.pdf
GT481,Mogale City,2019,unqualified_emphasis_of_matter,Unqualified - Emphasis of Matter items,http://mfma.treasury.gov.za/Documents/07.%20Audit%20Reports/2018-19/02.%20Local%20municipalities/GT481%20Mogale%20City/GT481%20Mogale%20City%20Audit%20Report%202018-19.pdf
GT485,Rand West City,2019,unqualified_emphasis_of_matter,Unqualified - Emphasis of Matter items,http://mfma.treasury.gov.za/Documents/07.%20Audit%20Reports/2018-19/02.%20Local%20municipalities/GT485%20Rand%20West%20City/GT485%20Rand%20West%20City%20Audit%20report%202018-19.pdf
KZN212,Umdoni,2019,unqualified_emphasis_of_matter,Unqualified - Emphasis of Matter items,http://mfma.treasury.gov.za/Documents/07.%20Audit%20Reports/2018-19/02.%20Local%20municipalities/KZN212%20Umdoni/KZN212%20Umdoni%20Audit%20report%202018-19.pdf
KZN213,Umzumbe,2019,unqualified_emphasis_of_matter,Unqualified - Emphasis of Matter items,http://mfma.treasury.gov.za/Documents/07.%20Audit%20Reports/2018-19/02.%20Local%20municipalities/KZN213%20Umzumbe/KZN213%20Umzumbe%20Audit%20report%202018-19.pdf
KZN214,uMuziwabantu,2019,unqualified_emphasis_of_matter,Unqualified - Emphasis of Matter items,http://mfma.treasury.gov.za/Documents/07.%20Audit%20Reports/2018-19/02.%20Local%20municipalities/KZN214%20Umuziwabantu/KZN214%20Umuziwabantu%20Audit%20report%202018-19.pdf
KZN216,Ray Nkonyeni,2019,unqualified_emphasis_of_matter,Unqualified - Emphasis of Matter items,http://mfma.treasury.gov.za/Documents/07.%20Audit%20Reports/2018-19/02.%20Local%20municipalities/KZN216%20Ray%20Nkonyeni/KZN216%20Ray%20Nkonyeni%20Audit%20Report%202018-19.pdf
KZN221,uMshwathi,2019,qualified,Qualified,http://mfma.treasury.gov.za/Documents/07.%20Audit%20Reports/2018-19/02.%20Local%20municipalities/KZN221%20uMshwathi/KZN221%20uMshwathi%20Audit%20report%202018-19.pdf
KZN222,uMngeni,2019,qualified,Qualified,http://mfma.treasury.gov.za/Documents/07.%20Audit%20Reports/2018-19/02.%20Local%20municipalities/KZN222%20uMngeni/KZN222%20uMngeni%20Audit%20report%202018-19.pdf
KZN223,Mpofana,2019,disclaimer,Disclaimer of opinion,http://mfma.treasury.gov.za/Documents/07.%20Audit%20Reports/2018-19/02.%20Local%20municipalities/KZN223%20Mpofana/KZN223%20Mpofana%20Audit%20report%202018-19.pdf
KZN224,Impendle,2019,qualified,Qualified,http://mfma.treasury.gov.za/Documents/07.%20Audit%20Reports/2018-19/02.%20Local%20municipalities/KZN224%20Impendle/KZN224%20Impendle%20Audit%20Report%202018-19.pdf
KZN225,Msunduzi,2019,qualified,Qualified,http://mfma.treasury.gov.za/Documents/07.%20Audit%20Reports/2018-19/02.%20Local%20municipalities/KZN225%20Msunduzi/KZN225%20Msunduzi%20Consolidated%20Audit%20report%202018-19.pdf
KZN226,Mkhambathini,2019,unqualified_emphasis_of_matter,Unqualified - Emphasis of Matter items,http://mfma.treasury.gov.za/Documents/07.%20Audit%20Reports/2018-19/02.%20Local%20municipalities/KZN226%20Mkhabathini/KZN226%20Mkhambathini%20Audit%20Report%202018-19.pdf
KZN227,Richmond,2019,qualified,Qualified,http://mfma.treasury.gov.za/Documents/07.%20Audit%20Reports/2018-19/02.%20Local%20municipalities/KZN227%20Richmond/KZN227%20Richmond%20Audit%20report%202018-19.pdf
KZN235,Okhahlamba,2019,unqualified,Unqualified - No findings,http://mfma.treasury.gov.za/Documents/07.%20Audit%20Reports/2018-19/02.%20Local%20municipalities/KZN235%20Okhahlamba/KZN235%20Okhahlamba%20Audit%20Report%202018-19.pdf
KZN237,Inkosi Langalibalele,2019,outstanding,Outstanding,http://mfma.treasury.gov.za/Documents/07.%20Audit%20Reports/2018-19/02.%20Local%20municipalities/KZN237%20Inkosi%20Langalibalele/KZN237%20Inkosi%20Langalibalele%20Audit%20Report%202018-19.pdf
KZN238,Alfred Duma,2019,unqualified_emphasis_of_matter,Unqualified - Emphasis of Matter items,http://mfma.treasury.gov.za/Documents/07.%20Audit%20Reports/2018-19/02.%20Local%20municipalities/KZN238%20Alfred%20Duma
KZN242,Nquthu,2019,unqualified_emphasis_of_matter,Unqualified - Emphasis of Matter items,http://mfma.treasury.gov.za/Documents/07.%20Audit%20Reports/2018-19/02.%20Local%20municipalities/KZN242%20Nquthu/KZN242%20Nquthu%20Audit%20report%202018-19.pdf
KZN244,Msinga,2019,unqualified_emphasis_of_matter,Unqualified - Emphasis of Matter items,http://mfma.treasury.gov.za/Documents/07.%20Audit%20Reports/2018-19/02.%20Local%20municipalities/KZN244%20Msinga/KZN244%20Msinga%20Audit%20report%202018-19.pdf
KZN245,Umvoti,2019,unqualified_emphasis_of_matter,Unqualified - Emphasis of Matter items,http://mfma.treasury.gov.za/Documents/07.%20Audit%20Reports/2018-19/02.%20Local%20municipalities/KZN245%20Umvoti/KZN245%20Umvoti%20Audit%20report%202018-19.PDF
KZN252,Newcastle,2019,unqualified_emphasis_of_matter,Unqualified - Emphasis of Matter items,http://mfma.treasury.gov.za/Documents/07.%20Audit%20Reports/2018-19/02.%20Local%20municipalities/KZN252%20Newcastle/KZN252%20Newcastle%20Audit%20report%202018-19.pdf
KZN253,Emadlangeni,2019,unqualified_emphasis_of_matter,Unqualified - Emphasis of Matter items,http://mfma.treasury.gov.za/Documents/07.%20Audit%20Reports/2018-19/02.%20Local%20municipalities/KZN253%20Emadlangeni/KZN253%20Emadlangeni%20Audit%20report%202018-19.pdf
KZN262,uPhongolo,2019,unqualified_emphasis_of_matter,Unqualified - Emphasis of Matter items,http://mfma.treasury.gov.za/Documents/07.%20Audit%20Reports/2018-19/02.%20Local%20municipalities/KZN262%20uPhongolo/KZN262%20uPhongolo%20Audit%20Report%202018-19.pdf
KZN263,Abaqulusi,2019,unqualified_emphasis_of_matter,Unqualified - Emphasis of Matter items,http://mfma.treasury.gov.za/Documents/07.%20Audit%20Reports/2018-19/02.%20Local%20municipalities/KZN263%20Abaqulusi/KZN263%20Abaqulusi%20Audit%20report%202018-19.pdf
KZN265,Nongoma,2019,unqualified_emphasis_of_matter,Unqualified - Emphasis of Matter items,http://mfma.treasury.gov.za/Documents/07.%20Audit%20Reports/2018-19/02.%20Local%20municipalities/KZN265%20Nongoma/KZN265%20Nongoma%20Audit%20Report%202018-19.pdf
KZN266,Ulundi,2019,unqualified_emphasis_of_matter,Unqualified - Emphasis of Matter items,http://mfma.treasury.gov.za/Documents/07.%20Audit%20Reports/2018-19/02.%20Local%20municipalities/KZN266%20Ulundi/KZN266%20Ulundi%20Audit%20report%202018-19.pdf
KZN271,Umhlabuyalingana,2019,unqualified_emphasis_of_matter,Unqualified - Emphasis of Matter items,http://mfma.treasury.gov.za/Documents/07.%20Audit%20Reports/2018-19/02.%20Local%20municipalities/KZN271%20Umhlabuyalingana/KZN271%20Umhlabuyalingana%20Audit%20report%202018-19.pdf
KZN275,Mtubatuba,2019,qualified,Qualified,http://mfma.treasury.gov.za/Documents/07.%20Audit%20Reports/2018-19/02.%20Local%20municipalities/KZN275%20Mtubatuba/KZN275%20Mtubatuba%20Audit%20report%202018-19.pdf
KZN276,Hlabisa Big Five,2019,qualified,Qualified,http://mfma.treasury.gov.za/Documents/07.%20Audit%20Reports/2018-19/02.%20Local%20municipalities/KZN276%20Hlabisa%20Big%20Five/KZN276%20Hlabisa%20Big%20Five%20Audit%20report%202018-19.pdf
KZN281,Mfolozi,2019,unqualified_emphasis_of_matter,Unqualified - Emphasis of Matter items,http://mfma.treasury.gov.za/Documents/07.%20Audit%20Reports/2018-19/02.%20Local%20municipalities/KZN281%20Mfolozi/KZN281%20Mfolozi%20Audit%20report%202018-19.pdf
KZN282,uMhlathuze,2019,unqualified_emphasis_of_matter,Unqualified - Emphasis of Matter items,http://mfma.treasury.gov.za/Documents/07.%20Audit%20Reports/2018-19/02.%20Local%20municipalities/KZN282%20uMhlathuze/KZN282%20uMhlathuze%20Audit%20report%202018-19.pdf
KZN285,Mthonjaneni,2019,unqualified_emphasis_of_matter,Unqualified - Emphasis of Matter items,http://mfma.treasury.gov.za/Documents/07.%20Audit%20Reports/2018-19/02.%20Local%20municipalities/KZN285%20Mthonjaneni/KZN285%20Mthonjaneni%20Audit%20report%202018-19.pdf
KZN286,Nkandla,2019,unqualified_emphasis_of_matter,Unqualified - Emphasis of Matter items,http://mfma.treasury.gov.za/Documents/07.%20Audit%20Reports/2018-19/02.%20Local%20municipalities/KZN286%20Nkandla/KZN286%20Nkandla%20Audit%20Report%202018-19.pdf
KZN291,Mandeni,2019,unqualified_emphasis_of_matter,Unqualified - Emphasis of Matter items,http://mfma.treasury.gov.za/Documents/07.%20Audit%20Reports/2018-19/02.%20Local%20municipalities/KZN291%20Mandeni/KZN291%20Mandeni%20Audit%20report%202018-19.pdf
KZN292,KwaDukuza,2019,unqualified_emphasis_of_matter,Unqualified - Emphasis of Matter items,http://mfma.treasury.gov.za/Documents/07.%20Audit%20Reports/2018-19/02.%20Local%20municipalities/KZN292%20KwaDukuza/KZN292%20KwaDukuza%20Audit%20report%202018-19.pdf
KZN293,Ndwedwe,2019,unqualified_emphasis_of_matter,Unqualified - Emphasis of Matter items,http://mfma.treasury.gov.za/Documents/07.%20Audit%20Reports/2018-19/02.%20Local%20municipalities/KZN293%20Ndwedwe/KZN293%20Ndwedwe%20Audit%20report%202018-19.pdf
KZN294,Maphumulo,2019,unqualified_emphasis_of_matter,Unqualified - Emphasis of Matter items,http://mfma.treasury.gov.za/Documents/07.%20Audit%20Reports/2018-19/02.%20Local%20municipalities/KZN294%20Maphumulo/KZN294%20Maphumulo%20Audit%20Report%202018-19.pdf
KZN433,Greater Kokstad,2019,unqualified_emphasis_of_matter,Unqualified - Emphasis of Matter items,http://mfma.treasury.gov.za/Documents/07.%20Audit%20Reports/2018-19/02.%20Local%20municipalities/KZN433%20Greater%20Kokstad/KZN433%20Greater%20Kokstad%20Audit%20report%202018-19.pdf
KZN435,Umzimkhulu,2019,qualified,Qualified,http://mfma.treasury.gov.za/Documents/07.%20Audit%20Reports/2018-19/02.%20Local%20municipalities/KZN435%20Umzimkhulu/KZN435%20Umzimkhulu%20Audit%20report%202018-19.pdf
KZN436,Dr Nkosazana Dlamini Zuma,2019,unqualified_emphasis_of_matter,Unqualified - Emphasis of Matter items,http://mfma.treasury.gov.za/Documents/07.%20Audit%20Reports/2018-19/02.%20Local%20municipalities/KZN436%20Dr%20Nkosazana%20Dlamini%20Zuma/KZN436%20Dr%20Nkosasana%20Dlamini%20Zuma%20Audit%20report%202018-19.pdf
LIM332,Greater Letaba,2019,unqualified_emphasis_of_matter,Unqualified - Emphasis of Matter items,http://mfma.treasury.gov.za/Documents/07.%20Audit%20Reports/2018-19/02.%20Local%20municipalities/LIM332%20Greater%20Letaba/LIM332%20Greater%20Letaba%20Audit%20Report%202018-19.pdf
LIM333,Greater Tzaneen,2019,qualified,Qualified,http://mfma.treasury.gov.za/Documents/07.%20Audit%20Reports/2018-19/02.%20Local%20municipalities/LIM333%20Greater%20Tzaneen/LIM333%20Greater%20Tzaneen%20Consolidated%20Audit%20report%202018-19.pdf
LIM335,Maruleng,2019,unqualified_emphasis_of_matter,Unqualified - Emphasis of Matter items,http://mfma.treasury.gov.za/Documents/07.%20Audit%20Reports/2018-19/02.%20Local%20municipalities/LIM335%20Maruleng/LIM335%20Maruleng%20Audit%20report%202018-19.pdf
LIM341,Musina,2019,qualified,Qualified,http://mfma.treasury.gov.za/Documents/07.%20Audit%20Reports/2018-19/02.%20Local%20municipalities/LIM341%20Musina/LIM341%20Musina%20Audit%20report%202018-19.pdf
LIM343,Thulamela,2019,unqualified_emphasis_of_matter,Unqualified - Emphasis of Matter items,http://mfma.treasury.gov.za/Documents/07.%20Audit%20Reports/2018-19/02.%20Local%20municipalities/LIM343%20Thulamela/LIM343%20Thulamela%20Audit%20report%202018-19.pdf
LIM344,Makhado,2019,qualified,Qualified,http://mfma.treasury.gov.za/Documents/07.%20Audit%20Reports/2018-19/02.%20Local%20municipalities/LIM344%20Makhado/LIM344%20Makhado%20Audit%20report%202018-19.pdf
LIM345,Collins Chabane,2019,qualified,Qualified,http://mfma.treasury.gov.za/Documents/07.%20Audit%20Reports/2018-19/02.%20Local%20municipalities/LIM345%20Collins%20Chabane/LIM345%20Collins%20Chabane%20Audit%20Report%202018-19.pdf
LIM351,Blouberg,2019,qualified,Qualified,http://mfma.treasury.gov.za/Documents/07.%20Audit%20Reports/2018-19/02.%20Local%20municipalities/LIM351%20Blouberg/LIM351%20Blouberg%20Audit%20report%202018-19.pdf
LIM355,Lepelle-Nkumpi,2019,qualified,Qualified,http://mfma.treasury.gov.za/Documents/07.%20Audit%20Reports/2018-19/02.%20Local%20municipalities/LIM355%20Lepelle-Nkumpi/LIM355%20Lepelle-Nkumpi%20Audit%20report%202018-19.pdf
LIM361,Thabazimbi,2019,outstanding,Outstanding,http://mfma.treasury.gov.za/Documents/07.%20Audit%20Reports/2018-19/02.%20Local%20municipalities/LIM361%20Thabazimbi/LIM361%20Thabazimbi%20Audit%20report%202018-19.pdf
LIM362,Lephalale,2019,qualified,Qualified,http://mfma.treasury.gov.za/Documents/07.%20Audit%20Reports/2018-19/02.%20Local%20municipalities/LIM362%20Lephalale/LIM362%20Lephalale%20Audit%20report%202018-19.pdf
LIM366,Bela Bela,2019,qualified,Qualified,http://mfma.treasury.gov.za/Documents/07.%20Audit%20Reports/2018-19/02.%20Local%20municipalities/LIM366%20Bela%20Bela/LIM366%20Bela%20Bela%20Audit%20report%202018-19.pdf
LIM471,Ephraim Mogale,2019,qualified,Qualified,http://mfma.treasury.gov.za/Documents/07.%20Audit%20Reports/2018-19/02.%20Local%20municipalities/LIM471%20Ephraim%20Mogale/LIM471%20Ephraim%20Mogale%20Audit%20report%202018-19.pdf
LIM472,Elias Motsoaledi,2019,qualified,Qualified,http://mfma.treasury.gov.za/Documents/07.%20Audit%20Reports/2018-19/02.%20Local%20municipalities/LIM472%20Elias%20Motsoaledi/LIM472%20Elias%20Motsoaledi%20Audit%20report%202018-19.pdf
LIM473,Makhuduthamaga,2019,unqualified_emphasis_of_matter,Unqualified - Emphasis of Matter items,http://mfma.treasury.gov.za/Documents/07.%20Audit%20Reports/2018-19/02.%20Local%20municipalities/LIM473%20Makhuduthamaga/LIM473%20Makhuduthamamga%20Audit%20Report%202018-19.pdf
MP301,Albert Luthuli,2019,unqualified_emphasis_of_matter,Unqualified - Emphasis of Matter items,http://mfma.treasury.gov.za/Documents/07.%20Audit%20Reports/2018-19/02.%20Local%20municipalities/MP301%20Albert%20Luthuli/MP301%20Albert%20Luthuli%20Audit%20report%202018-19.pdf
MP303,Mkhondo,2019,qualified,Qualified,http://mfma.treasury.gov.za/Documents/07.%20Audit%20Reports/2018-19/02.%20Local%20municipalities/MP303%20Mkhondo/MP303%20Mkhondo%20Audit%20report%202018-19.pdf
MP304,Pixley Ka Seme (MP),2019,disclaimer,Disclaimer of opinion,http://mfma.treasury.gov.za/Documents/07.%20Audit%20Reports/2018-19/02.%20Local%20municipalities/MP304%20Pixley%20Ka%20Seme/MP304%20Pixley%20Ka%20Seme%20Audit%20report%202018-19.pdf
MP314,Emakhazeni,2019,adverse,Adverse opinion,http://mfma.treasury.gov.za/Documents/07.%20Audit%20Reports/2018-19/02.%20Local%20municipalities/MP314%20Emakhazeni/MP314%20Emakhazeni%20Audit%20report%202018-19.pdf
MP315,Thembisile Hani,2019,qualified,Qualified,http://mfma.treasury.gov.za/Documents/07.%20Audit%20Reports/2018-19/02.%20Local%20municipalities/MP315%20Thembisile%20Hani/MP315%20Thembisile%20Hani%20Audit%20report%202018-19.pdf
MP324,Nkomazi,2019,unqualified_emphasis_of_matter,Unqualified - Emphasis of Matter items,http://mfma.treasury.gov.za/Documents/07.%20Audit%20Reports/2018-19/02.%20Local%20municipalities/MP324%20Nkomazi/MP324%20Nkomazi%20Audit%20report%20%202018-19.pdf
MP326,City of Mbombela,2019,qualified,Qualified,http://mfma.treasury.gov.za/Documents/07.%20Audit%20Reports/2018-19/02.%20Local%20municipalities/MP326%20City%20of%20Mbombela/MP326%20City%20of%20Mbombela%20Audit%20report%202018-19.pdf
NC061,Richtersveld,2019,qualified,Qualified,http://mfma.treasury.gov.za/Documents/07.%20Audit%20Reports/2018-19/02.%20Local%20municipalities/NC061%20Richtersveld/NC061%20Richtersveld%20Audit%20report%202018-19.pdf
NC062,Nama Khoi,2019,qualified,Qualified,http://mfma.treasury.gov.za/Documents/07.%20Audit%20Reports/2018-19/02.%20Local%20municipalities/NC062%20Nama%20Khoi/NC062%20Nama%20Khoi%20Audit%20report%202018-19.pdf
NC064,Kamiesberg,2019,disclaimer,Disclaimer of opinion,http://mfma.treasury.gov.za/Documents/07.%20Audit%20Reports/2018-19/02.%20Local%20municipalities/NC064%20Kamiesberg/NC064%20Kamiesberg%20Audit%20report%202018-19.pdf
NC065,Hantam,2019,unqualified_emphasis_of_matter,Unqualified - Emphasis of Matter items,http://mfma.treasury.gov.za/Documents/07.%20Audit%20Reports/2018-19/02.%20Local%20municipalities/NC065%20Hantam/NC065%20Hantam%20Audit%20report%202018-19.pdf
NC066,Karoo Hoogland,2019,qualified,Qualified,http://mfma.treasury.gov.za/Documents/07.%20Audit%20Reports/2018-19/02.%20Local%20municipalities/NC066%20Karoo%20Hoogland/NC066%20Karoo%20Hoogland%20Audit%20report%202018-19.pdf
NC067,Khai-Ma,2019,qualified,Qualified,http://mfma.treasury.gov.za/Documents/07.%20Audit%20Reports/2018-19/02.%20Local%20municipalities/NC067%20Khai-Ma/NC067%20Khai-Ma%20Audit%20report%202018-19.pdf
NC071,Ubuntu,2019,qualified,Qualified,http://mfma.treasury.gov.za/Documents/07.%20Audit%20Reports/2018-19/02.%20Local%20municipalities/NC071%20Ubuntu/NC071%20Ubuntu%20Audit%20report%202018-19.pdf
NC072,Umsobomvu,2019,qualified,Qualified,http://mfma.treasury.gov.za/Documents/07.%20Audit%20Reports/2018-19/02.%20Local%20municipalities/NC072%20Umsobomvu/NC072%20Umsobomvu%20Audit%20report%202018-19.pdf
NC078,Siyancuma,2019,unqualified_emphasis_of_matter,Unqualified - Emphasis of Matter items,http://mfma.treasury.gov.za/Documents/07.%20Audit%20Reports/2018-19/02.%20Local%20municipalities/NC078%20Siyancuma/NC078%20Siyancuma%20Audit%20report%202018-19.pdf
NC082,!Kai! Garib,2019,disclaimer,Disclaimer of opinion,http://mfma.treasury.gov.za/Documents/07.%20Audit%20Reports/2018-19/02.%20Local%20municipalities/NC082%20%21Kai%21%20Garib/NC082%20%21Kai%21%20Garib%20Audit_Report_2019_Signed.pdf
NC084,!Kheis,2019,disclaimer,Disclaimer of opinion,http://mfma.treasury.gov.za/Documents/07.%20Audit%20Reports/2018-19/02.%20Local%20municipalities/NC084%20%21Kheis/NC084%20%21Kheis%20Audit%20report%202018-19.pdf
NC086,Kgatelopele,2019,disclaimer,Disclaimer of opinion,http://mfma.treasury.gov.za/Documents/07.%20Audit%20Reports/2018-19/02.%20Local%20municipalities/NC086%20Kgatelopele/NC086%20Kgatelopele%20Audit%20report%202018-19.pdf
NC087,Dawid Kruiper,2019,unqualified_emphasis_of_matter,Unqualified - Emphasis of Matter items,http://mfma.treasury.gov.za/Documents/07.%20Audit%20Reports/2018-19/02.%20Local%20municipalities/NC087%20Dawid%20Kruiper/NC087%20Dawid%20Kruiper%20Audit%20report%202018-19.pdf
NC091,Sol Plaatje,2019,qualified,Qualified,http://mfma.treasury.gov.za/Documents/07.%20Audit%20Reports/2018-19/02.%20Local%20municipalities/NC091%20Sol%20Plaatje/NC091%20Sol%20Plaatje%20Audit%20report%202018-19.pdf
NC092,Dikgatlong,2019,disclaimer,Disclaimer of opinion,http://mfma.treasury.gov.za/Documents/07.%20Audit%20Reports/2018-19/02.%20Local%20municipalities/NC092%20Dikgatlong/NC092%20Dikgatlong%20Audit%20report%202018-19.pdf
NC093,Magareng,2019,qualified,Qualified,http://mfma.treasury.gov.za/Documents/07.%20Audit%20Reports/2018-19/02.%20Local%20municipalities/NC093%20Magareng/NC093%20Magareng%20Audit%20report%202018-19.pdf
NC451,Joe Morolong,2019,disclaimer,Disclaimer of opinion,http://mfma.treasury.gov.za/Documents/07.%20Audit%20Reports/2018-19/02.%20Local%20municipalities/NC451%20Joe%20Morolong/NC451%20Joe%20Morolong%20Audit%20report%202018-19.pdf
NW373,Rustenburg,2019,qualified,Qualified,http://mfma.treasury.gov.za/Documents/07.%20Audit%20Reports/2018-19/02.%20Local%20municipalities/NW373%20Rustenburg/NW373%20Rustenburg%20Audit%20report%202018-19.pdf
NW374,Kgetlengrivier,2019,disclaimer,Disclaimer of opinion,http://mfma.treasury.gov.za/Documents/07.%20Audit%20Reports/2018-19/02.%20Local%20municipalities/NW374%20Kgetlengrivier/NW374%20Kgetlengrivier%20Audit%20report%202018-19.pdf
NW382,Tswaing,2019,qualified,Qualified,http://mfma.treasury.gov.za/Documents/07.%20Audit%20Reports/2018-19/02.%20Local%20municipalities/NW382%20Tswaing/NW382%20Tswaing%20Audit%20report%202018-19.pdf
NW383,Mafikeng,2019,disclaimer,Disclaimer of opinion,http://mfma.treasury.gov.za/Documents/07.%20Audit%20Reports/2018-19/02.%20Local%20municipalities/NW383%20Mafikeng/NW383%20Mafikeng%20Audit%20report%202018-19.pdf
NW393,Mamusa,2019,outstanding,Outstanding,http://mfma.treasury.gov.za/Documents/07.%20Audit%20Reports/2018-19/02.%20Local%20municipalities/NW393%20Mamusa/NW393_Mamusa%20Audit%20report%202018-19.pdf
NW397,Kagisano-Molopo,2019,qualified,Qualified,http://mfma.treasury.gov.za/Documents/07.%20Audit%20Reports/2018-19/02.%20Local%20municipalities/NW397%20Kagisano-Molopo/NW398%20Kagisano-Molopo%20Audit%20report%202018-19.pdf
WC011,Matzikama,2019,unqualified_emphasis_of_matter,Unqualified - Emphasis of Matter items,http://mfma.treasury.gov.za/Documents/07.%20Audit%20Reports/2018-19/02.%20Local%20municipalities/WC011%20Matzikama/WC011%20Matzikama%20Audit%20Report%202018-19.pdf
WC012,Cederberg,2019,unqualified,Unqualified - No findings,http://mfma.treasury.gov.za/Documents/07.%20Audit%20Reports/2018-19/02.%20Local%20municipalities/WC012%20Cederberg/WC012%20Cederberg%20Audit%20report%202018-19.pdf
WC013,Bergrivier,2019,unqualified,Unqualified - No findings,http://mfma.treasury.gov.za/Documents/07.%20Audit%20Reports/2018-19/02.%20Local%20municipalities/WC013%20Bergrivier/WC013%20Bergrivier%20Audit%20report%202018-19.pdf
WC014,Saldanha Bay,2019,unqualified,Unqualified - No findings,http://mfma.treasury.gov.za/Documents/07.%20Audit%20Reports/2018-19/02.%20Local%20municipalities/WC014%20Saldanha%20Bay/WC014%20Saldanha%20Bay%20Audit%20report%202018-19.pdf
WC015,Swartland,2019,unqualified_emphasis_of_matter,Unqualified - Emphasis of Matter items,http://mfma.treasury.gov.za/Documents/07.%20Audit%20Reports/2018-19/02.%20Local%20municipalities/WC015%20Swartland/WC015%20Swartland%20Audit%20report%202018-19.pdf
WC022,Witzenberg,2019,unqualified,Unqualified - No findings,http://mfma.treasury.gov.za/Documents/07.%20Audit%20Reports/2018-19/02.%20Local%20municipalities/WC022%20Witzenberg/WC022%20Witzenberg%20Audit%20report%202018-19.pdf
WC023,Drakenstein,2019,unqualified,Unqualified - No findings,http://mfma.treasury.gov.za/Documents/07.%20Audit%20Reports/2018-19/02.%20Local%20municipalities/WC023%20Drakenstein/WC023%20Drakenstein%20Audit%20report%202018-19.pdf
WC024,Stellenbosch,2019,unqualified_emphasis_of_matter,Unqualified - Emphasis of Matter items,http://mfma.treasury.gov.za/Documents/07.%20Audit%20Reports/2018-19/02.%20Local%20municipalities/WC024%20Stellenbosch/WC024%20Stellenbosch%20Audit%20report%202018-19.pdf
WC025,Breede Valley,2019,unqualified_emphasis_of_matter,Unqualified - Emphasis of Matter items,http://mfma.treasury.gov.za/Documents/07.%20Audit%20Reports/2018-19/02.%20Local%20municipalities/WC025%20Breede%20Valley/WC025%20Breede%20Valley%20Audit%20report%202018-19.pdf
WC026,Langeberg,2019,unqualified,Unqualified - No findings,http://mfma.treasury.gov.za/Documents/07.%20Audit%20Reports/2018-19/02.%20Local%20municipalities/WC026%20Langeberg/WC026%20Langeberg%20Audit%20report%202018-19.pdf
WC031,Theewaterskloof,2019,unqualified,Unqualified - No findings,http://mfma.treasury.gov.za/Documents/07.%20Audit%20Reports/2018-19/02.%20Local%20municipalities/WC031%20Theewaterskloof/WC031%20Theewaterskloof%20Audit%20report%202018-19.pdf
WC032,Overstrand,2019,unqualified,Unqualified - No findings,http://mfma.treasury.gov.za/Documents/07.%20Audit%20Reports/2018-19/02.%20Local%20municipalities/WC032%20Overstrand/WC032%20Overstrand%20Audit%20report%202018-19.pdf
WC033,Cape Agulhas,2019,unqualified,Unqualified - No findings,http://mfma.treasury.gov.za/Documents/07.%20Audit%20Reports/2018-19/02.%20Local%20municipalities/WC033%20Cape%20Agulhas/WC033%20Cape%20Agulhas%20Audit%20Repor%202018-19.pdf
WC034,Swellendam,2019,unqualified_emphasis_of_matter,Unqualified - Emphasis of Matter items,http://mfma.treasury.gov.za/Documents/07.%20Audit%20Reports/2018-19/02.%20Local%20municipalities/WC034%20Swellendam/WC034%20Swellendam%20Audit%20Report%202018-19.pdf
WC041,Kannaland,2019,outstanding,Outstanding,http://mfma.treasury.gov.za/Documents/07.%20Audit%20Reports/2018-19/02.%20Local%20municipalities/WC041%20Kannaland/WC041%20Kannaland%20Audit%20report%202018-19.pdf
WC042,Hessequa,2019,unqualified,Unqualified - No findings,http://mfma.treasury.gov.za/Documents/07.%20Audit%20Reports/2018-19/02.%20Local%20municipalities/WC042%20Hessequa/WC042%20Hessequa%20Audit%20report%202018-19.pdf
WC043,Mossel Bay,2019,unqualified_emphasis_of_matter,Unqualified - Emphasis of Matter items,http://mfma.treasury.gov.za/Documents/07.%20Audit%20Reports/2018-19/02.%20Local%20municipalities/WC043%20Mossel%20Bay/WC043%20Mossel%20Bay%20Audit%20report%202018-19.pdf
WC044,George,2019,unqualified_emphasis_of_matter,Unqualified - Emphasis of Matter items,http://mfma.treasury.gov.za/Documents/07.%20Audit%20Reports/2018-19/02.%20Local%20municipalities/WC044%20George/WC044%20George%20Audit%20report%202018-19.pdf
WC045,Oudtshoorn,2019,unqualified_emphasis_of_matter,Unqualified - Emphasis of Matter items,http://mfma.treasury.gov.za/Documents/07.%20Audit%20Reports/2018-19/02.%20Local%20municipalities/WC045%20Oudtshoorn/WC045%20Oudtshoorn%20Audit%20Report%202018-19.pdf
WC047,Bitou,2019,unqualified_emphasis_of_matter,Unqualified - Emphasis of Matter items,http://mfma.treasury.gov.za/Documents/07.%20Audit%20Reports/2018-19/02.%20Local%20municipalities/WC047%20Bitou/WC047%20Bitou%20Audit%20report%202018-19.pdf
WC048,Knysna,2019,unqualified_emphasis_of_matter,Unqualified - Emphasis of Matter items,http://mfma.treasury.gov.za/Documents/07.%20Audit%20Reports/2018-19/02.%20Local%20municipalities/WC048%20Knysna/WC048%20Knysna%20Audit%20report%202018-19.pdf
WC051,Laingsburg,2019,qualified,Qualified,http://mfma.treasury.gov.za/Documents/07.%20Audit%20Reports/2018-19/02.%20Local%20municipalities/WC051%20Laingsburg/WC051%20Laingsburg%20Audit%20report%202018-19.pdf
WC052,Prince Albert,2019,unqualified,Unqualified - No findings,http://mfma.treasury.gov.za/Documents/07.%20Audit%20Reports/2018-19/02.%20Local%20municipalities/WC052%20Prince%20Albert/WC052%20Prince%20Albert%20Audit%20report%202018-19.pdf
WC053,Beaufort West,2019,qualified,Qualified,http://mfma.treasury.gov.za/Documents/07.%20Audit%20Reports/2018-19/02.%20Local%20municipalities/WC053%20Beaufort%20West/WC053%20Beaufort%20West%20Audit%20Report%202018-19.pdf
DC1,West Coast,2019,unqualified,Unqualified - No findings,http://mfma.treasury.gov.za/Documents/07.%20Audit%20Reports/2018-19/03.%20District%20municipalities/DC1%20West%20Coast/DC1%20West%20Coast%20Audit%20report%202018-19.pdf
DC10,Sarah Baartman,2019,unqualified_emphasis_of_matter,Unqualified - Emphasis of Matter items,http://mfma.treasury.gov.za/Documents/07.%20Audit%20Reports/2018-19/03.%20District%20municipalities/DC10%20Sarah%20Baartman/DC10%20Sarah%20Baartman%20Audit%20report%202018-19.PDF
NC073,Emthanjeni,2023,qualified,Qualified,https://lg.treasury.gov.za/supportingdocs/NC073/NC073_Audit%20Report_2023_Y_20231205T114043Z_alrico.pdf
DC12,Amathole,2019,disclaimer,Disclaimer of opinion,http://mfma.treasury.gov.za/Documents/07.%20Audit%20Reports/2018-19/03.%20District%20municipalities/DC12%20Amathole/DC12%20Amathole%20Audit%20report%202018-19.pdf
DC13,Chris Hani,2019,disclaimer,Disclaimer of opinion,http://mfma.treasury.gov.za/Documents/07.%20Audit%20Reports/2018-19/03.%20District%20municipalities/DC13%20Chris%20Hani/DC13%20Chris%20Hani%20Audit%20report%202018-19.pdf
DC14,Joe Gqabi,2019,unqualified_emphasis_of_matter,Unqualified - Emphasis of Matter items,http://mfma.treasury.gov.za/Documents/07.%20Audit%20Reports/2018-19/03.%20District%20municipalities/DC14%20Joe%20Gqabi/DC14%20Joe%20Gqabi%20Audit%20report%202018-19.pdf
DC15,O R Tambo,2019,qualified,Qualified,http://mfma.treasury.gov.za/Documents/07.%20Audit%20Reports/2018-19/03.%20District%20municipalities/DC15%20O%20R%20Tambo/DC15%20O%20R%20Tambo%20Audit%20report%202018-19.pdf
DC19,Thabo Mofutsanyana,2019,unqualified_emphasis_of_matter,Unqualified - Emphasis of Matter items,http://mfma.treasury.gov.za/Documents/07.%20Audit%20Reports/2018-19/03.%20District%20municipalities/DC19%20Thabo%20Mofutsanyana/DC19%20Thaba%20Mofutsanyana%20Audit%20report%202018-19.pdf
DC2,Cape Winelands DM,2019,unqualified,Unqualified - No findings,http://mfma.treasury.gov.za/Documents/07.%20Audit%20Reports/2018-19/03.%20District%20municipalities/DC2%20Cape%20Winelands/DC2%20Cape%20Winelands%20Audit%20report%202018-19.pdf
DC21,Ugu,2019,qualified,Qualified,http://mfma.treasury.gov.za/Documents/07.%20Audit%20Reports/2018-19/03.%20District%20municipalities/DC21%20Ugu/DC21%20Ugu%20Audit%20report%202018-19.pdf
DC22,uMgungundlovu,2019,qualified,Qualified,http://mfma.treasury.gov.za/Documents/07.%20Audit%20Reports/2018-19/03.%20District%20municipalities/DC22%20uMgungundlovu/DC22%20uMgundgundlovu%20Audit%20report%202018-19.pdf
DC23,Uthukela,2019,qualified,Qualified,http://mfma.treasury.gov.za/Documents/07.%20Audit%20Reports/2018-19/03.%20District%20municipalities/DC23%20Uthukela/DC23%20Uthukela%20Audit%20report%202018-19.pdf
DC24,Umzinyathi,2019,disclaimer,Disclaimer of opinion,http://mfma.treasury.gov.za/Documents/07.%20Audit%20Reports/2018-19/03.%20District%20municipalities/DC24%20Umzinyathi/DC24%20Umzinyathi%20Audit%20report%202018-19.pdf
DC26,Zululand,2019,qualified,Qualified,http://mfma.treasury.gov.za/Documents/07.%20Audit%20Reports/2018-19/03.%20District%20municipalities/DC26%20Zululand/DC26%20Zululand%20Audit%20report%202018-19.pdf
DC28,King Cetshwayo,2019,unqualified_emphasis_of_matter,Unqualified - Emphasis of Matter items,http://mfma.treasury.gov.za/Documents/07.%20Audit%20Reports/2018-19/03.%20District%20municipalities/DC28%20King%20Cetshwayo/DC28%20King%20Cetshwayo%20Audit%20report%202018-19.pdf
DC29,iLembe,2019,unqualified_emphasis_of_matter,Unqualified - Emphasis of Matter items,http://mfma.treasury.gov.za/Documents/07.%20Audit%20Reports/2018-19/03.%20District%20municipalities/DC29%20iLembe/DC29%20iLembe%20Audit%20report%202018-19.pdf
DC3,Overberg,2019,unqualified_emphasis_of_matter,Unqualified - Emphasis of Matter items,http://mfma.treasury.gov.za/Documents/07.%20Audit%20Reports/2018-19/03.%20District%20municipalities/DC3%20Overberg/DC3%20Overberg%20Audit%20report%202018-19.pdf
DC30,Gert Sibande,2019,unqualified,Unqualified - No findings,http://mfma.treasury.gov.za/Documents/07.%20Audit%20Reports/2018-19/03.%20District%20municipalities/DC30%20Gert%20Sibande/DC30%20Gert%20Sibande%20Audit%20report%202018-19.pdf
DC31,Nkangala,2019,unqualified,Unqualified - No findings,http://mfma.treasury.gov.za/Documents/07.%20Audit%20Reports/2018-19/03.%20District%20municipalities/DC31%20Nkangala/DC31%20Nkangala%20Audit%20report%202018-19.pdf
DC34,Vhembe,2019,qualified,Qualified,http://mfma.treasury.gov.za/Documents/07.%20Audit%20Reports/2018-19/03.%20District%20municipalities/DC34%20Vhembe/DC34%20Vhembe%20Audit%20report%202018-19.pdf
DC35,Capricorn,2019,unqualified,Unqualified - No findings,http://mfma.treasury.gov.za/Documents/07.%20Audit%20Reports/2018-19/03.%20District%20municipalities/DC35%20Capricorn/DC35%20Capricorn%20Audit%20report%202018-19.pdf
DC36,Waterberg,2019,unqualified_emphasis_of_matter,Unqualified - Emphasis of Matter items,http://mfma.treasury.gov.za/Documents/07.%20Audit%20Reports/2018-19/03.%20District%20municipalities/DC36%20Waterberg/DC36%20Waterberg%20Audit%20report%202018-19.pdf
DC38,Ngaka Modiri Molema,2019,outstanding,Outstanding,http://mfma.treasury.gov.za/Documents/07.%20Audit%20Reports/2018-19/03.%20District%20municipalities/DC38%20Ngaka%20Modiri%20Molema/DC38%20Ngaka%20Modiri%20Molema%20Audit%20report%202018-19.pdf
DC4,Garden Route,2019,unqualified_emphasis_of_matter,Unqualified - Emphasis of Matter items,http://mfma.treasury.gov.za/Documents/07.%20Audit%20Reports/2018-19/03.%20District%20municipalities/DC4%20Garden%20Route/DC4%20Garden%20Route%20Audit%20Report%202018-19.pdf
DC40,Dr Kenneth Kaunda,2019,qualified,Qualified,http://mfma.treasury.gov.za/Documents/07.%20Audit%20Reports/2018-19/03.%20District%20municipalities/DC40%20Dr%20Kenneth%20Kaunda/DC40%20Dr%20Kenneth%20Kaunda%20Audit%20report%202018-19.pdf
DC43,Harry Gwala,2019,unqualified_emphasis_of_matter,Unqualified - Emphasis of Matter items,http://mfma.treasury.gov.za/Documents/07.%20Audit%20Reports/2018-19/03.%20District%20municipalities/DC43%20Harry%20Gwala/DC43%20Harry%20Gwala%20Audit%20report%202018-19.pdf
DC44,Alfred Nzo,2019,unqualified_emphasis_of_matter,Unqualified - Emphasis of Matter items,http://mfma.treasury.gov.za/Documents/07.%20Audit%20Reports/2018-19/03.%20District%20municipalities/DC44%20Alfred%20Nzo/DC44%20Alfred%20Nzo%20Audit%20report%202018-19.pdf
DC45,John Taolo Gaetsewe,2019,unqualified,Unqualified - No findings,http://mfma.treasury.gov.za/Documents/07.%20Audit%20Reports/2018-19/03.%20District%20municipalities/DC45%20John%20Taolo%20Gaetsewe/DC45%20John%20Taolo%20Gaetsewe%20Audit%20report%202018-19.pdf
DC47,Sekhukhune,2019,qualified,Qualified,http://mfma.treasury.gov.za/Documents/07.%20Audit%20Reports/2018-19/03.%20District%20municipalities/DC47%20Sekhukhune/DC47%20Sekhukhune%20Audit%20report%202018-19.pdf
DC5,Central Karoo,2019,unqualified_emphasis_of_matter,Unqualified - Emphasis of Matter items,http://mfma.treasury.gov.za/Documents/07.%20Audit%20Reports/2018-19/03.%20District%20municipalities/DC5%20Central%20Karoo/DC5%20Central%20Karoo%20Audit%20report%202018-19.pdf
DC6,Namakwa,2019,unqualified_emphasis_of_matter,Unqualified - Emphasis of Matter items,http://mfma.treasury.gov.za/Documents/07.%20Audit%20Reports/2018-19/03.%20District%20municipalities/DC6%20Namakwa/DC6%20Namakwa%20Audit%20report%202018-19.pdf
DC7,Pixley Ka Seme (NC),2019,unqualified_emphasis_of_matter,Unqualified - Emphasis of Matter items,http://mfma.treasury.gov.za/Documents/07.%20Audit%20Reports/2018-19/03.%20District%20municipalities/DC7%20Pixley%20Ka%20Seme/DC7%20Pixley%20Ka%20Seme%20%28NC%29%20audit%20report%202018-19.pdf
DC8,Z F Mgcawu,2019,unqualified_emphasis_of_matter,Unqualified - Emphasis of Matter items,http://mfma.treasury.gov.za/Documents/07.%20Audit%20Reports/2018-19/03.%20District%20municipalities/DC8%20ZF%20Mgcawu/DC8%20Z%20F%20Mgcawu%20Audit%20report%202018-19.pdf
DC9,Frances Baard,2019,unqualified_emphasis_of_matter,Unqualified - Emphasis of Matter items,http://mfma.treasury.gov.za/Documents/07.%20Audit%20Reports/2018-19/03.%20District%20municipalities/DC9%20Frances%20Baard/DC9%20Frances%20Baard%20Audit%20report%202018-19.pdf
MAN,Mangaung,2018,qualified,Qualified,http://mfma.treasury.gov.za/Documents/07.%20Audit%20Reports/2017-18/01.%20Metros/MAN%20Mangaung
GT485,Rand West City,2017,unqualified_emphasis_of_matter,Unqualified - Emphasis of Matter items,http://mfma.treasury.gov.za/Documents/07.%20Audit%20Reports/2016-17/02.%20Local%20municipalities/GT485%20Rand%20West%20City/GT485%20Rand%20West%20City%20Audit%20Report%202016-17.pdf
FS203,Ngwathe,2016,unqualified_emphasis_of_matter,Unqualified - Emphasis of Matter items,http://mfma.treasury.gov.za/Documents/07.%20Audit%20Reports/2015-16/02.%20Local%20municipalities/FS203%20Ngwathe/FS203%20Ngwathe%20Audit%20report%202015-16.pdf
KZN435,Umzimkhulu,2023,unqualified_emphasis_of_matter,Unqualified - Emphasis of Matter items,https://lg.treasury.gov.za/supportingdocs/KZN435/KZN435_Audit%20Report_2023_Y_20231219T144133Z_thusiw.pdf
KZN436,Dr Nkosazana Dlamini Zuma,2022,unqualified_emphasis_of_matter,Unqualified - Emphasis of Matter items,https://lg.treasury.gov.za/supportingdocs/KZN436/KZN436_Audit%20Report_2022_Y_20221202T123234Z_khubonin.pdf
KZN436,Dr Nkosazana Dlamini Zuma,2023,unqualified_emphasis_of_matter,Unqualified - Emphasis of Matter items,https://lg.treasury.gov.za/supportingdocs/KZN436/KZN436_Audit%20Report_2023_Y_20231204T162011Z_makhanyat.pdf
LIM331,Greater Giyani,2022,unqualified_emphasis_of_matter,Unqualified - Emphasis of Matter items,https://lg.treasury.gov.za/supportingdocs/LIM331/LIM331_Audit%20Report_2022_Y_20230201T114848Z_mashaun.pdf
LIM331,Greater Giyani,2023,unqualified_emphasis_of_matter,Unqualified - Emphasis of Matter items,https://lg.treasury.gov.za/supportingdocs/LIM331/LIM331_Audit%20Report_2023_Y_20240109T110613Z_mashaun.pdf
LIM332,Greater Letaba,2022,unqualified_emphasis_of_matter,Unqualified - Emphasis of Matter items,https://lg.treasury.gov.za/supportingdocs/LIM332/LIM332_Audit%20Report_2022_Y_20221214T064608Z_tracyb.pdf
LIM332,Greater Letaba,2023,unqualified_emphasis_of_matter,Unqualified - Emphasis of Matter items,
LIM333,Greater Tzaneen,2022,unqualified_emphasis_of_matter,Unqualified - Emphasis of Matter items,https://lg.treasury.gov.za/supportingdocs/LIM333/LIM333_Audit%20Report_2022_Y_20230201T152507Z_andre_legrange.pdf
BUF,Buffalo City,2021,qualified,Qualified,https://lg.treasury.gov.za/supportingdocs/BUF/BUF_Audit%20Report_2021_Y_20220408T090509Z_masixoled.pdf
CPT,Cape Town,2021,unqualified_emphasis_of_matter,Unqualified - Emphasis of Matter items,https://lg.treasury.gov.za/supportingdocs/CPT/CPT_Audit%20Report_2021_Y_20220221T084731Z_5039.pdf
DC1,West Coast,2021,unqualified,Unqualified - No findings,https://lg.treasury.gov.za/supportingdocs/DC1/DC1_Audit%20Report_2021_Y_20220324T141624Z_prapril.pdf
DC10,Sarah Baartman,2021,unqualified_emphasis_of_matter,Unqualified - Emphasis of Matter items,https://lg.treasury.gov.za/supportingdocs/DC10/DC10_Audit%20Report_2021_Y_20220525T122753Z_nomawilliams.pdf
DC12,Amathole,2021,adverse,Adverse opinion,
DC13,Chris Hani,2021,disclaimer,Disclaimer of opinion,https://lg.treasury.gov.za/supportingdocs/DC13/DC13_Audit%20Report_2021_Y_20220217T114338Z_5405.pdf
DC14,Joe Gqabi,2021,unqualified,Unqualified - No findings,https://lg.treasury.gov.za/supportingdocs/DC14/DC14_Audit%20Report_2021_Y_20220426T113902Z_charles.pdf
DC15,O R Tambo,2021,qualified,Qualified,https://lg.treasury.gov.za/supportingdocs/DC15/DC15_Audit%20Report_2021_Y_20220325T152714Z_5405.pdf
DC16,Xhariep,2021,unqualified_emphasis_of_matter,Unqualified - Emphasis of Matter items,https://lg.treasury.gov.za/supportingdocs/DC16/DC16_Audit%20Report_2021_Y_20220613T190833Z_graciousesh2012.pdf
DC18,Lejweleputswa,2021,unqualified_emphasis_of_matter,Unqualified - Emphasis of Matter items,https://lg.treasury.gov.za/supportingdocs/DC18/DC18_Audit%20Report_2021_Y_20220215T130926Z_mmaleshala.pdf
DC19,Thabo Mofutsanyana,2021,unqualified_emphasis_of_matter,Unqualified - Emphasis of Matter items,https://lg.treasury.gov.za/supportingdocs/DC19/DC19_Audit%20Report_2021_Y_20220628T125617Z_seipati.pdf
DC2,Cape Winelands DM,2021,unqualified,Unqualified - No findings,https://lg.treasury.gov.za/supportingdocs/DC2/DC2_Audit%20Report_2021_Y_20211209T160230Z_5039.pdf
DC20,Fezile Dabi,2021,qualified,Qualified,https://lg.treasury.gov.za/supportingdocs/DC20/DC20_Audit%20Report_2021_Y_20220831T164729Z_johanr.pdf
DC21,Ugu,2021,qualified,Qualified,https://lg.treasury.gov.za/supportingdocs/DC21/DC21_Audit%20Report_2021_Y_20220421T145822Z_julee_kodi.pdf
DC22,uMgungundlovu,2021,unqualified_emphasis_of_matter,Unqualified - Emphasis of Matter items,https://lg.treasury.gov.za/supportingdocs/DC22/DC22_Audit%20Report_2021_Y_20220407T083826Z_sipho_ndabandaba.pdf
DC23,Uthukela,2021,qualified,Qualified,
DC24,Umzinyathi,2021,qualified,Qualified,https://lg.treasury.gov.za/supportingdocs/DC24/DC24_Audit%20Report_2021_Y_20220304T164946Z_5039.pdf
DC25,Amajuba,2021,qualified,Qualified,https://lg.treasury.gov.za/supportingdocs/DC25/DC25_Audit%20Report_2021_Y_20220215T163627Z_5039.pdf
DC26,Zululand,2021,unqualified_emphasis_of_matter,Unqualified - Emphasis of Matter items,https://lg.treasury.gov.za/supportingdocs/DC26/DC26_Audit%20Report_2021_Y_20220301T100309Z_5405.pdf
DC27,Umkhanyakude,2021,disclaimer,Disclaimer of opinion,https://lg.treasury.gov.za/supportingdocs/DC27/DC27_Audit%20Report_2021_Y_20220301T090843Z_5405.pdf
DC28,King Cetshwayo,2021,unqualified,Unqualified - No findings,https://lg.treasury.gov.za/supportingdocs/DC28/DC28_Audit%20Report_2021_Y_20220301T091933Z_5405.pdf
DC29,iLembe,2021,unqualified_emphasis_of_matter,Unqualified - Emphasis of Matter items,https://lg.treasury.gov.za/supportingdocs/DC29/DC29_Audit%20Report_2021_Y_20220303T111004Z_1671.pdf
DC3,Overberg,2021,unqualified,Unqualified - No findings,https://lg.treasury.gov.za/supportingdocs/DC3/DC3_Audit%20Report_2021_Y_20220207T111703Z_5039.pdf
DC30,Gert Sibande,2021,unqualified,Unqualified - No findings,https://lg.treasury.gov.za/supportingdocs/DC30/DC30_Audit%20Report_2021_Y_20220301T103142Z_nozipho.pdf
DC31,Nkangala,2021,unqualified,Unqualified - No findings,https://lg.treasury.gov.za/supportingdocs/DC31/DC31_Audit%20Report_2021_Y_20211222T172737Z_5039.pdf
DC32,Ehlanzeni,2021,unqualified,Unqualified - No findings,https://lg.treasury.gov.za/supportingdocs/DC32/DC32_Audit%20Report_2021_Y_20220113T105629Z_dvdmerwe.pdf
DC33,Mopani,2021,disclaimer,Disclaimer of opinion,https://lg.treasury.gov.za/supportingdocs/DC33/DC33_Audit%20Report_2021_Y_20220314T160026Z_pootonamr.pdf
DC34,Vhembe,2021,qualified,Qualified,https://lg.treasury.gov.za/supportingdocs/DC34/DC34_Audit%20Report_2021_Y_20220301T105425Z_ntulin.pdf
DC35,Capricorn,2021,unqualified_emphasis_of_matter,Unqualified - Emphasis of Matter items,https://lg.treasury.gov.za/supportingdocs/DC35/DC35_Audit%20Report_2021_Y_20220118T113832Z_venterm.pdf
DC36,Waterberg,2021,unqualified,Unqualified - No findings,https://lg.treasury.gov.za/supportingdocs/DC36/DC36_Audit%20Report_2021_Y_20220524T142518Z_dmogashoa.pdf
DC37,Bojanala Platinum,2021,outstanding,Outstanding,https://lg.treasury.gov.za/supportingdocs/DC37/DC37_Audit%20Report_2021_Y_20220510T094617Z_vincentp.pdf
DC38,Ngaka Modiri Molema,2021,adverse,Adverse opinion,https://lg.treasury.gov.za/supportingdocs/DC38/DC38_Audit%20Report_2021_Y_20220602T125716Z_mosianet.pdf
DC39,Dr Ruth Segomotsi Mompati,2021,qualified,Qualified,
DC4,Garden Route,2021,unqualified,Unqualified - No findings,https://lg.treasury.gov.za/supportingdocs/DC4/DC4_Audit%20Report_2021_Y_20220207T112027Z_5039.pdf
DC40,Dr Kenneth Kaunda,2021,unqualified_emphasis_of_matter,Unqualified - Emphasis of Matter items,https://lg.treasury.gov.za/supportingdocs/DC40/DC40_Audit%20Report_2021_Y_20221129T125142Z_sampie_lombaard.pdf
DC42,Sedibeng,2021,unqualified_emphasis_of_matter,Unqualified - Emphasis of Matter items,https://lg.treasury.gov.za/supportingdocs/DC42/DC42_Audit%20Report_2021_Y_20220303T120056Z_charless.pdf
DC43,Harry Gwala,2021,unqualified_emphasis_of_matter,Unqualified - Emphasis of Matter items,https://lg.treasury.gov.za/supportingdocs/DC43/DC43_Audit%20Report_2021_Y_20220303T111859Z_1671.pdf
DC44,Alfred Nzo,2021,unqualified_emphasis_of_matter,Unqualified - Emphasis of Matter items,https://lg.treasury.gov.za/supportingdocs/DC44/DC44_Audit%20Report_2021_Y_20220201T114430Z_sikhundlaz.pdf
DC45,John Taolo Gaetsewe,2021,unqualified,Unqualified - No findings,https://lg.treasury.gov.za/supportingdocs/DC45/DC45_Audit%20Report_2021_Y_20220323T132855Z_5039.pdf
DC47,Sekhukhune,2021,qualified,Qualified,https://lg.treasury.gov.za/supportingdocs/DC47/DC47_Audit%20Report_2021_Y_20220513T160417Z_mohlammeb.pdf
DC48,West Rand,2021,unqualified_emphasis_of_matter,Unqualified - Emphasis of Matter items,https://lg.treasury.gov.za/supportingdocs/DC48/DC48_Audit%20Report_2021_Y_20220413T143328Z_klesenya.pdf
DC5,Central Karoo,2021,unqualified,Unqualified - No findings,https://lg.treasury.gov.za/supportingdocs/DC5/DC5_Audit%20Report_2021_Y_20220217T054845Z_5039.pdf
DC6,Namakwa,2021,unqualified,Unqualified - No findings,https://lg.treasury.gov.za/supportingdocs/DC6/DC6_Audit%20Report_2021_Y_20220310T084849Z_colwinb.pdf
DC7,Pixley Ka Seme (NC),2021,unqualified_emphasis_of_matter,Unqualified - Emphasis of Matter items,https://lg.treasury.gov.za/supportingdocs/DC7/DC7_Audit%20Report_2021_Y_20211207T151508Z_5039.pdf
DC8,Z F Mgcawu,2021,unqualified,Unqualified - No findings,https://lg.treasury.gov.za/supportingdocs/DC8/DC8_Audit%20Report_2021_Y_20220307T115709Z_eb.pdf
DC9,Frances Baard,2021,unqualified,Unqualified - No findings,https://lg.treasury.gov.za/supportingdocs/DC9/DC9_Audit%20Report_2021_Y_20220208T142106Z_5039.pdf
EC101,Dr Beyers Naude,2021,qualified,Qualified,https://lg.treasury.gov.za/supportingdocs/EC101/EC101_Audit%20Report_2021_Y_20220913T110107Z_mbotyas.pdf
EC102,Blue Crane Route,2021,unqualified_emphasis_of_matter,Unqualified - Emphasis of Matter items,https://lg.treasury.gov.za/supportingdocs/EC102/EC102_Audit%20Report_2021_Y_20220425T110346Z_mmanager.pdf
EC104,Makana,2021,disclaimer,Disclaimer of opinion,https://lg.treasury.gov.za/supportingdocs/EC104/EC104_Audit%20Report_2021_Y_20220408T094753Z_colleen.pdf
EC105,Ndlambe,2021,qualified,Qualified,https://lg.treasury.gov.za/supportingdocs/EC105/EC105_Audit%20Report_2021_Y_20220421T084109Z_uqinela.pdf
EC106,Sundays River Valley,2021,disclaimer,Disclaimer of opinion,https://lg.treasury.gov.za/supportingdocs/EC106/EC106_Audit%20Report_2021_Y_20220217T092323Z_onomsat.pdf
EC108,Kouga,2021,unqualified_emphasis_of_matter,Unqualified - Emphasis of Matter items,https://lg.treasury.gov.za/supportingdocs/EC108/EC108_Audit%20Report_2021_Y_20220202T084755Z_zgongqoba.pdf
EC109,Kou-Kamma,2021,unqualified_emphasis_of_matter,Unqualified - Emphasis of Matter items,
EC121,Mbhashe,2021,unqualified_emphasis_of_matter,Unqualified - Emphasis of Matter items,https://lg.treasury.gov.za/supportingdocs/EC121/EC121_Audit%20Report_2021_Y_20211201T140351Z_5405.pdf
EC122,Mnquma,2021,unqualified_emphasis_of_matter,Unqualified - Emphasis of Matter items,https://lg.treasury.gov.za/supportingdocs/EC122/EC122_Audit%20Report_2021_Y_20220124T142144Z_ymdudo.pdf
EC123,Great Kei,2021,unqualified_emphasis_of_matter,Unqualified - Emphasis of Matter items,https://lg.treasury.gov.za/supportingdocs/EC123/EC123_Audit%20Report_2021_Y_20220905T125030Z_lmayi.pdf
EC124,Amahlathi,2021,unqualified_emphasis_of_matter,Unqualified - Emphasis of Matter items,https://lg.treasury.gov.za/supportingdocs/EC124/EC124_Audit%20Report_2021_Y_20220302T154623Z_sfaye.pdf
EC126,Ngqushwa,2021,qualified,Qualified,https://lg.treasury.gov.za/supportingdocs/EC126/EC126_Audit%20Report_2021_Y_20220202T115954Z_zpinda.pdf
EC129,Raymond Mhlaba,2021,qualified,Qualified,https://lg.treasury.gov.za/supportingdocs/EC129/EC129_Audit%20Report_2021_Y_20220407T090812Z_nsmith.pdf
EC131,Inxuba Yethemba,2021,unqualified_emphasis_of_matter,Unqualified - Emphasis of Matter items,https://lg.treasury.gov.za/supportingdocs/EC131/EC131_Audit%20Report_2021_Y_20221130T104922Z_ludwe.pdf
EC135,Vuyisile Mini,2021,qualified,Qualified,https://lg.treasury.gov.za/supportingdocs/EC135/EC135_Audit%20Report_2021_Y_20220204T124527Z_xashimban.pdf
EC136,Emalahleni (EC),2021,qualified,Qualified,https://lg.treasury.gov.za/supportingdocs/EC136/EC136_Audit%20Report_2021_Y_20220208T085420Z_5039.pdf
EC137,Dr. A.B. Xuma,2021,qualified,Qualified,
EC138,Sakhisizwe,2021,qualified,Qualified,
EC139,Enoch Mgijima,2021,qualified,Qualified,https://lg.treasury.gov.za/supportingdocs/EC139/EC139_Audit%20Report_2021_Y_20220211T140250Z_5039.pdf
EC141,Elundini,2021,unqualified,Unqualified - No findings,
EC142,Senqu,2021,unqualified,Unqualified - No findings,https://lg.treasury.gov.za/supportingdocs/EC142/EC142_Audit%20Report_2021_Y_20220420T222740Z_skampulas.pdf
EC145,Walter Sisulu,2021,disclaimer,Disclaimer of opinion,
EC153,Ngquza Hills,2021,qualified,Qualified,https://lg.treasury.gov.za/supportingdocs/EC153/EC153_Audit%20Report_2021_Y_20220519T174531Z_andabeni.pdf
EC154,Port St Johns,2021,unqualified_emphasis_of_matter,Unqualified - Emphasis of Matter items,https://lg.treasury.gov.za/supportingdocs/EC154/EC154_Audit%20Report_2021_Y_20220308T184901Z_5405.pdf
EC155,Nyandeni,2021,unqualified_emphasis_of_matter,Unqualified - Emphasis of Matter items,https://lg.treasury.gov.za/supportingdocs/EC155/EC155_Audit%20Report_2021_Y_20220125T151531Z_tukelan.pdf
EC156,Kumkani Mhlontlo,2021,unqualified_emphasis_of_matter,Unqualified - Emphasis of Matter items,
EC157,King Sabata Dalindyebo,2021,qualified,Qualified,
EC441,Matatiele,2021,unqualified_emphasis_of_matter,Unqualified - Emphasis of Matter items,https://lg.treasury.gov.za/supportingdocs/EC441/EC441_Audit%20Report_2021_Y_20220228T145501Z_5039.pdf
EC442,Umzimvubu,2021,unqualified_emphasis_of_matter,Unqualified - Emphasis of Matter items,https://lg.treasury.gov.za/supportingdocs/EC442/EC442_Audit%20Report_2021_Y_20220209T133027Z_4247.pdf
EC443,Winnie Madikizela-Mandela,2021,unqualified,Unqualified - No findings,https://lg.treasury.gov.za/supportingdocs/EC443/EC443_Audit%20Report_2021_Y_20211201T170311Z_5039.pdf
EC444,Ntabankulu,2021,unqualified_emphasis_of_matter,Unqualified - Emphasis of Matter items,
EKU,City of Ekurhuleni,2021,unqualified,Unqualified - No findings,https://lg.treasury.gov.za/supportingdocs/EKU/EKU_Audit%20Report_2021_Y_20220222T135108Z_5405.pdf
ETH,eThekwini,2021,unqualified_emphasis_of_matter,Unqualified - Emphasis of Matter items,https://lg.treasury.gov.za/supportingdocs/ETH/ETH_Audit%20Report_2021_Y_20220303T105151Z_1671.pdf
FS161,Letsemeng,2021,qualified,Qualified,https://lg.treasury.gov.za/supportingdocs/FS161/FS161_Audit%20Report_2021_Y_20220207T151415Z_leratom.pdf
FS162,Kopanong,2021,outstanding,Outstanding,
FS163,Mohokare,2021,outstanding,Outstanding,https://lg.treasury.gov.za/supportingdocs/FS163/FS163_Audit%20Report_2021_Y_20230131T154406Z_tsoho.pdf
FS181,Masilonyana,2021,outstanding,Outstanding,
FS182,Tokologo,2021,outstanding,Outstanding,
FS183,Tswelopele,2021,unqualified_emphasis_of_matter,Unqualified - Emphasis of Matter items,https://lg.treasury.gov.za/supportingdocs/FS183/FS183_Audit%20Report_2021_Y_20221107T111157Z_tlekhila.pdf
FS184,Matjhabeng,2021,qualified,Qualified,https://lg.treasury.gov.za/supportingdocs/FS184/FS184_Audit%20Report_2021_Y_20220301T153815Z_kgali_tsie.pdf
FS185,Nala,2021,outstanding,Outstanding,
FS191,Setsoto,2021,qualified,Qualified,https://lg.treasury.gov.za/supportingdocs/FS191/FS191_Audit%20Report_2021_Y_20220525T143010Z_nielvt.pdf
FS192,Dihlabeng,2021,qualified,Qualified,https://lg.treasury.gov.za/supportingdocs/FS192/FS192_Audit%20Report_2021_Y_20220527T123006Z_lydiam.pdf
FS193,Nketoana,2021,outstanding,Outstanding,https://lg.treasury.gov.za/supportingdocs/FS193/FS193_Audit%20Report_2021_Y_20230621T103719Z_nketoana_budget.pdf
FS194,Maluti-a-Phofung,2021,outstanding,Outstanding,https://lg.treasury.gov.za/supportingdocs/FS194/FS194_Audit%20Report_2021_Y_20220711T142246Z_matebohom.pdf
FS195,Phumelela,2021,unqualified_emphasis_of_matter,Unqualified - Emphasis of Matter items,https://lg.treasury.gov.za/supportingdocs/FS195/FS195_Audit%20Report_2021_Y_20211207T085129Z_5039.pdf
FS196,Mantsopa,2021,outstanding,Outstanding,
FS201,Moqhaka,2021,qualified,Qualified,
FS203,Ngwathe,2021,qualified,Qualified,
FS204,Metsimaholo,2021,qualified,Qualified,https://lg.treasury.gov.za/supportingdocs/FS204/FS204_Audit%20Report_2021_Y_20220523T092655Z_amanda_vorster.pdf
FS205,Mafube,2021,outstanding,Outstanding,https://lg.treasury.gov.za/supportingdocs/FS205/FS205_Audit%20Report_2021_Y_20220926T145516Z_dininomayeza.pdf
GT421,Emfuleni,2021,unqualified_emphasis_of_matter,Unqualified - Emphasis of Matter items,https://lg.treasury.gov.za/supportingdocs/GT421/GT421_Audit%20Report_2021_Y_20220425T120546Z_nanikiem.pdf
GT422,Midvaal,2021,unqualified,Unqualified - No findings,
GT423,Lesedi,2021,unqualified_emphasis_of_matter,Unqualified - Emphasis of Matter items,https://lg.treasury.gov.za/supportingdocs/GT423/GT423_Audit%20Report_2021_Y_20220308T185052Z_5405.pdf
GT481,Mogale City,2021,unqualified_emphasis_of_matter,Unqualified - Emphasis of Matter items,https://lg.treasury.gov.za/supportingdocs/GT481/GT481_Audit%20Report_2021_Y_20211207T153534Z_5039.pdf
GT484,Merafong City,2021,adverse,Adverse opinion,https://lg.treasury.gov.za/supportingdocs/GT484/GT484_Audit%20Report_2021_Y_20220523T123730Z_mmathibe.pdf
GT485,Rand West City,2021,qualified,Qualified,https://lg.treasury.gov.za/supportingdocs/GT485/GT485_Audit%20Report_2021_Y_20220421T134015Z_sandile_nxumalo.pdf
JHB,City of Johannesburg,2021,unqualified_emphasis_of_matter,Unqualified - Emphasis of Matter items,https://lg.treasury.gov.za/supportingdocs/JHB/JHB_Audit%20Report_2021_Y_20220523T092018Z_ntuthuzeloa.pdf
KZN212,Umdoni,2021,unqualified_emphasis_of_matter,Unqualified - Emphasis of Matter items,https://lg.treasury.gov.za/supportingdocs/KZN212/KZN212_Audit%20Report_2021_Y_20220421T143956Z_princen.pdf
KZN213,Umzumbe,2021,unqualified_emphasis_of_matter,Unqualified - Emphasis of Matter items,https://lg.treasury.gov.za/supportingdocs/KZN213/KZN213_Audit%20Report_2021_Y_20220301T100408Z_5405.pdf
KZN214,uMuziwabantu,2021,unqualified_emphasis_of_matter,Unqualified - Emphasis of Matter items,https://lg.treasury.gov.za/supportingdocs/KZN214/KZN214_Audit%20Report_2021_Y_20220301T100440Z_5405.pdf
KZN216,Ray Nkonyeni,2021,unqualified_emphasis_of_matter,Unqualified - Emphasis of Matter items,https://lg.treasury.gov.za/supportingdocs/KZN216/KZN216_Audit%20Report_2021_Y_20220301T085537Z_5405.pdf
KZN221,uMshwathi,2021,qualified,Qualified,https://lg.treasury.gov.za/supportingdocs/KZN221/KZN221_Audit%20Report_2021_Y_20220301T100513Z_5405.pdf
KZN222,uMngeni,2021,qualified,Qualified,https://lg.treasury.gov.za/supportingdocs/KZN222/KZN222_Audit%20Report_2021_Y_20220301T100546Z_5405.pdf
KZN223,Mpofana,2021,qualified,Qualified,https://lg.treasury.gov.za/supportingdocs/KZN223/KZN223_Audit%20Report_2021_Y_20220215T104403Z_thandi_cele.pdf
KZN224,Impendle,2021,unqualified_emphasis_of_matter,Unqualified - Emphasis of Matter items,https://lg.treasury.gov.za/supportingdocs/KZN224/KZN224_Audit%20Report_2021_Y_20220303T110829Z_1671.pdf
KZN225,Msunduzi,2021,unqualified_emphasis_of_matter,Unqualified - Emphasis of Matter items,
KZN226,Mkhambathini,2021,unqualified_emphasis_of_matter,Unqualified - Emphasis of Matter items,https://lg.treasury.gov.za/supportingdocs/KZN226/KZN226_Audit%20Report_2021_Y_20220301T092014Z_5405.pdf
KZN227,Richmond,2021,unqualified_emphasis_of_matter,Unqualified - Emphasis of Matter items,https://lg.treasury.gov.za/supportingdocs/KZN227/KZN227_Audit%20Report_2021_Y_20220301T085641Z_5405.pdf
KZN235,Okhahlamba,2021,unqualified,Unqualified - No findings,https://lg.treasury.gov.za/supportingdocs/KZN235/KZN235_Audit%20Report_2021_Y_20220211T173232Z_5039.pdf
KZN237,Inkosi Langalibalele,2021,disclaimer,Disclaimer of opinion,https://lg.treasury.gov.za/supportingdocs/KZN237/KZN237_Audit%20Report_2021_Y_20220301T092130Z_5405.pdf
KZN238,Alfred Duma,2021,unqualified_emphasis_of_matter,Unqualified - Emphasis of Matter items,https://lg.treasury.gov.za/supportingdocs/KZN238/KZN238_Audit%20Report_2021_Y_20220217T085322Z_5405.pdf
KZN241,Endumeni,2021,qualified,Qualified,https://lg.treasury.gov.za/supportingdocs/KZN241/KZN241_Audit%20Report_2021_Y_20220901T092130Z_chenian.pdf
KZN242,Nquthu,2021,disclaimer,Disclaimer of opinion,
KZN244,Msinga,2021,unqualified_emphasis_of_matter,Unqualified - Emphasis of Matter items,https://lg.treasury.gov.za/supportingdocs/KZN244/KZN244_Audit%20Report_2021_Y_20220301T083942Z_5405.pdf
KZN245,Umvoti,2021,unqualified_emphasis_of_matter,Unqualified - Emphasis of Matter items,https://lg.treasury.gov.za/supportingdocs/KZN245/KZN245_Audit%20Report_2021_Y_20220217T114153Z_nomfundo_mngomezulu.pdf
KZN252,Newcastle,2021,unqualified_emphasis_of_matter,Unqualified - Emphasis of Matter items,https://lg.treasury.gov.za/supportingdocs/KZN252/KZN252_Audit%20Report_2021_Y_20220301T084716Z_5405.pdf
KZN253,Emadlangeni,2021,qualified,Qualified,https://lg.treasury.gov.za/supportingdocs/KZN253/KZN253_Audit%20Report_2021_Y_20220302T180744Z_4247.pdf
KZN254,Dannhauser,2021,qualified,Qualified,https://lg.treasury.gov.za/supportingdocs/KZN254/KZN254_Audit%20Report_2021_Y_20220303T105801Z_1671.pdf
KZN261,eDumbe,2021,qualified,Qualified,https://lg.treasury.gov.za/supportingdocs/KZN261/KZN261_Audit%20Report_2021_Y_20220228T111446Z_5039.pdf
KZN262,uPhongolo,2021,unqualified_emphasis_of_matter,Unqualified - Emphasis of Matter items,https://lg.treasury.gov.za/supportingdocs/KZN262/KZN262_Audit%20Report_2021_Y_20220301T100617Z_5405.pdf
KZN263,Abaqulusi,2021,qualified,Qualified,https://lg.treasury.gov.za/supportingdocs/KZN263/KZN263_Audit%20Report_2021_Y_20220221T143657Z_5405.pdf
KZN265,Nongoma,2021,unqualified_emphasis_of_matter,Unqualified - Emphasis of Matter items,https://lg.treasury.gov.za/supportingdocs/KZN265/KZN265_Audit%20Report_2021_Y_20220228T111554Z_5039.pdf
KZN266,Ulundi,2021,unqualified_emphasis_of_matter,Unqualified - Emphasis of Matter items,https://lg.treasury.gov.za/supportingdocs/KZN266/KZN266_Audit%20Report_2021_Y_20211209T110123Z_5405.pdf
KZN271,Umhlabuyalingana,2021,unqualified_emphasis_of_matter,Unqualified - Emphasis of Matter items,https://lg.treasury.gov.za/supportingdocs/KZN271/KZN271_Audit%20Report_2021_Y_20220301T090911Z_5405.pdf
KZN272,Jozini,2021,unqualified_emphasis_of_matter,Unqualified - Emphasis of Matter items,https://lg.treasury.gov.za/supportingdocs/KZN272/KZN272_Audit%20Report_2021_Y_20220301T092200Z_5405.pdf
KZN275,Mtubatuba,2021,qualified,Qualified,https://lg.treasury.gov.za/supportingdocs/KZN275/KZN275_Audit%20Report_2021_Y_20220217T115105Z_5405.pdf
KZN276,Hlabisa Big Five,2021,unqualified_emphasis_of_matter,Unqualified - Emphasis of Matter items,https://lg.treasury.gov.za/supportingdocs/KZN276/KZN276_Audit%20Report_2021_Y_20220303T111204Z_1671.pdf
KZN281,Mfolozi,2021,unqualified_emphasis_of_matter,Unqualified - Emphasis of Matter items,https://lg.treasury.gov.za/supportingdocs/KZN281/KZN281_Audit%20Report_2021_Y_20220301T092227Z_5405.pdf
KZN282,uMhlathuze,2021,unqualified,Unqualified - No findings,https://lg.treasury.gov.za/supportingdocs/KZN282/KZN282_Audit%20Report_2021_Y_20211207T090942Z_5039.pdf
KZN284,uMlalazi,2021,unqualified_emphasis_of_matter,Unqualified - Emphasis of Matter items,https://lg.treasury.gov.za/supportingdocs/KZN284/KZN284_Audit%20Report_2021_Y_20220301T090933Z_5405.pdf
KZN285,Mthonjaneni,2021,unqualified_emphasis_of_matter,Unqualified - Emphasis of Matter items,https://lg.treasury.gov.za/supportingdocs/KZN285/KZN285_Audit%20Report_2021_Y_20211222T173113Z_5039.pdf
KZN286,Nkandla,2021,unqualified_emphasis_of_matter,Unqualified - Emphasis of Matter items,https://lg.treasury.gov.za/supportingdocs/KZN286/KZN286_Audit%20Report_2021_Y_20220301T085819Z_5405.pdf
KZN291,Mandeni,2021,unqualified_emphasis_of_matter,Unqualified - Emphasis of Matter items,https://lg.treasury.gov.za/supportingdocs/KZN291/KZN291_Audit%20Report_2021_Y_20220208T095455Z_mpume_guzana.pdf
KZN292,KwaDukuza,2021,unqualified_emphasis_of_matter,Unqualified - Emphasis of Matter items,https://lg.treasury.gov.za/supportingdocs/KZN292/KZN292_Audit%20Report_2021_Y_20220222T093158Z_4247.pdf
KZN293,Ndwedwe,2021,unqualified_emphasis_of_matter,Unqualified - Emphasis of Matter items,https://lg.treasury.gov.za/supportingdocs/KZN293/KZN293_Audit%20Report_2021_Y_20220217T122442Z_5039.pdf
KZN294,Maphumulo,2021,unqualified_emphasis_of_matter,Unqualified - Emphasis of Matter items,https://lg.treasury.gov.za/supportingdocs/KZN294/KZN294_Audit%20Report_2021_Y_20220514T183809Z_lungile.pdf
KZN433,Greater Kokstad,2021,unqualified_emphasis_of_matter,Unqualified - Emphasis of Matter items,https://lg.treasury.gov.za/supportingdocs/KZN433/KZN433_Audit%20Report_2021_Y_20211209T160732Z_5039.pdf
KZN434,Johannes Phumani Phungula,2021,unqualified_emphasis_of_matter,Unqualified - Emphasis of Matter items,https://lg.treasury.gov.za/supportingdocs/KZN434/KZN434_Audit%20Report_2021_Y_20220301T085931Z_5405.pdf
KZN435,Umzimkhulu,2021,unqualified_emphasis_of_matter,Unqualified - Emphasis of Matter items,https://lg.treasury.gov.za/supportingdocs/KZN435/KZN435_Audit%20Report_2021_Y_20220301T100649Z_5405.pdf
KZN436,Dr Nkosazana Dlamini Zuma,2021,unqualified_emphasis_of_matter,Unqualified - Emphasis of Matter items,https://lg.treasury.gov.za/supportingdocs/KZN436/KZN436_Audit%20Report_2021_Y_20220303T105637Z_1671.pdf
LIM331,Greater Giyani,2021,qualified,Qualified,https://lg.treasury.gov.za/supportingdocs/LIM331/LIM331_Audit%20Report_2021_Y_20220727T151517Z_mashaun.pdf
LIM332,Greater Letaba,2021,unqualified_emphasis_of_matter,Unqualified - Emphasis of Matter items,
LIM333,Greater Tzaneen,2021,unqualified_emphasis_of_matter,Unqualified - Emphasis of Matter items,
LIM334,Ba-Phalaborwa,2021,qualified,Qualified,https://lg.treasury.gov.za/supportingdocs/LIM334/LIM334_Audit%20Report_2021_Y_20220513T103423Z_kanyanah.pdf
LIM335,Maruleng,2021,unqualified_emphasis_of_matter,Unqualified - Emphasis of Matter items,https://lg.treasury.gov.za/supportingdocs/LIM335/LIM335_Audit%20Report_2021_Y_20211206T092101Z_5405.pdf
LIM341,Musina,2021,unqualified_emphasis_of_matter,Unqualified - Emphasis of Matter items,https://lg.treasury.gov.za/supportingdocs/LIM341/LIM341_Audit%20Report_2021_Y_20220523T130746Z_fikiled.pdf
LIM343,Thulamela,2021,unqualified_emphasis_of_matter,Unqualified - Emphasis of Matter items,https://lg.treasury.gov.za/supportingdocs/LIM343/LIM343_Audit%20Report_2021_Y_20211209T161052Z_5039.pdf
LIM344,Makhado,2021,unqualified_emphasis_of_matter,Unqualified - Emphasis of Matter items,
LIM345,Collins Chabane,2021,unqualified_emphasis_of_matter,Unqualified - Emphasis of Matter items,https://lg.treasury.gov.za/supportingdocs/LIM345/LIM345_Audit%20Report_2021_Y_20221019T160225Z_nomsa_makhubela.pdf
LIM351,Blouberg,2021,unqualified_emphasis_of_matter,Unqualified - Emphasis of Matter items,
LIM353,Molemole,2021,unqualified_emphasis_of_matter,Unqualified - Emphasis of Matter items,
LIM354,Polokwane,2021,qualified,Qualified,https://lg.treasury.gov.za/supportingdocs/LIM354/LIM354_Audit%20Report_2021_Y_20220223T103924Z_zinzim2.pdf
LIM355,Lepelle-Nkumpi,2021,unqualified_emphasis_of_matter,Unqualified - Emphasis of Matter items,
LIM361,Thabazimbi,2021,qualified,Qualified,
LIM362,Lephalale,2021,unqualified_emphasis_of_matter,Unqualified - Emphasis of Matter items,
LIM366,Bela Bela,2021,outstanding,Outstanding,
LIM367,Mogalakwena,2021,qualified,Qualified,https://lg.treasury.gov.za/supportingdocs/LIM367/LIM367_Audit%20Report_2021_Y_20220511T120330Z_sibandak.pdf
LIM368,Modimolle-Mookgopong,2021,qualified,Qualified,https://lg.treasury.gov.za/supportingdocs/LIM368/LIM368_Audit%20Report_2021_Y_20220630T085941Z_mokasew.pdf
LIM471,Ephraim Mogale,2021,unqualified_emphasis_of_matter,Unqualified - Emphasis of Matter items,https://lg.treasury.gov.za/supportingdocs/LIM471/LIM471_Audit%20Report_2021_Y_20220422T121544Z_kmabija.pdf
LIM472,Elias Motsoaledi,2021,unqualified_emphasis_of_matter,Unqualified - Emphasis of Matter items,https://lg.treasury.gov.za/supportingdocs/LIM472/LIM472_Audit%20Report_2021_Y_20220307T211038Z_1925.pdf
LIM473,Makhuduthamaga,2021,unqualified_emphasis_of_matter,Unqualified - Emphasis of Matter items,
LIM476,Tubatse Fetakgomo,2021,unqualified_emphasis_of_matter,Unqualified - Emphasis of Matter items,
MAN,Mangaung,2021,unqualified_emphasis_of_matter,Unqualified - Emphasis of Matter items,https://lg.treasury.gov.za/supportingdocs/MAN/MAN_Audit%20Report_2021_Y_20220226T132354Z_5405.pdf
MP301,Albert Luthuli,2021,unqualified_emphasis_of_matter,Unqualified - Emphasis of Matter items,https://lg.treasury.gov.za/supportingdocs/MP301/MP301_Audit%20Report_2021_Y_20220307T113105Z_4247.pdf
MP302,Msukaligwa,2021,qualified,Qualified,https://lg.treasury.gov.za/supportingdocs/MP302/MP302_Audit%20Report_2021_Y_20220307T134802Z_4247.pdf
MP303,Mkhondo,2021,unqualified_emphasis_of_matter,Unqualified - Emphasis of Matter items,https://lg.treasury.gov.za/supportingdocs/MP303/MP303_Audit%20Report_2021_Y_20220222T113543Z_nhadebe.pdf
MP304,Pixley Ka Seme (MP),2021,qualified,Qualified,https://lg.treasury.gov.za/supportingdocs/MP304/MP304_Audit%20Report_2021_Y_20220310T103448Z_5039.pdf
MP305,Lekwa,2021,disclaimer,Disclaimer of opinion,https://lg.treasury.gov.za/supportingdocs/MP305/MP305_Audit%20Report_2021_Y_20220218T123910Z_5039.pdf
MP306,Dipaleseng,2021,disclaimer,Disclaimer of opinion,https://lg.treasury.gov.za/supportingdocs/MP306/MP306_Audit%20Report_2021_Y_20220307T115033Z_yusufm.pdf
MP307,Govan Mbeki,2021,qualified,Qualified,https://lg.treasury.gov.za/supportingdocs/MP307/MP307_Audit%20Report_2021_Y_20220325T090545Z_mpho_k.pdf
MP311,Victor Khanye,2021,qualified,Qualified,https://lg.treasury.gov.za/supportingdocs/MP311/MP311_Audit%20Report_2021_Y_20220314T121340Z_fanelep_maphanga.pdf
MP312,Emalahleni (MP),2021,qualified,Qualified,https://lg.treasury.gov.za/supportingdocs/MP312/MP312_Audit%20Report_2021_Y_20220307T095247Z_5039.pdf
MP313,Steve Tshwete,2021,unqualified,Unqualified - No findings,https://lg.treasury.gov.za/supportingdocs/MP313/MP313_Audit%20Report_2021_Y_20220307T185349Z_angelma.pdf
MP314,Emakhazeni,2021,adverse,Adverse opinion,https://lg.treasury.gov.za/supportingdocs/MP314/MP314_Audit%20Report_2021_Y_20220307T130819Z_5039.pdf
MP315,Thembisile Hani,2021,unqualified_emphasis_of_matter,Unqualified - Emphasis of Matter items,https://lg.treasury.gov.za/supportingdocs/MP315/MP315_Audit%20Report_2021_Y_20220216T124015Z_mashaob.pdf
MP316,Dr J.S. Moroka,2021,disclaimer,Disclaimer of opinion,https://lg.treasury.gov.za/supportingdocs/MP316/MP316_Audit%20Report_2021_Y_20220421T104557Z_masanabos.pdf
MP321,Thaba Chweu,2021,unqualified_emphasis_of_matter,Unqualified - Emphasis of Matter items,https://lg.treasury.gov.za/supportingdocs/MP321/MP321_Audit%20Report_2021_Y_20220216T112243Z_morabasylvester.pdf
MP324,Nkomazi,2021,unqualified_emphasis_of_matter,Unqualified - Emphasis of Matter items,https://lg.treasury.gov.za/supportingdocs/MP324/MP324_Audit%20Report_2021_Y_20220214T121622Z_qondile_ngomane.pdf
MP325,Bushbuckridge,2021,unqualified_emphasis_of_matter,Unqualified - Emphasis of Matter items,https://lg.treasury.gov.za/supportingdocs/MP325/MP325_Audit%20Report_2021_Y_20220307T150108Z_camnyathi.pdf
MP326,City of Mbombela,2021,unqualified_emphasis_of_matter,Unqualified - Emphasis of Matter items,https://lg.treasury.gov.za/supportingdocs/MP326/MP326_Audit%20Report_2021_Y_20220218T082513Z_5039.pdf
NC061,Richtersveld,2021,qualified,Qualified,https://lg.treasury.gov.za/supportingdocs/NC061/NC061_Audit%20Report_2021_Y_20220315T153422Z_dineom.pdf
NC062,Nama Khoi,2021,outstanding,Outstanding,https://lg.treasury.gov.za/supportingdocs/NC062/NC062_Audit%20Report_2021_Y_20220621T162109Z_terence_vanwyk.pdf
NC064,Kamiesberg,2021,qualified,Qualified,https://lg.treasury.gov.za/supportingdocs/NC064/NC064_Audit%20Report_2021_Y_20220203T190842Z_5039.pdf
NC065,Hantam,2021,outstanding,Outstanding,https://lg.treasury.gov.za/supportingdocs/NC065/NC065_Audit%20Report_2021_Y_20220406T075856Z_wjonker.pdf
NC066,Karoo Hoogland,2021,unqualified_emphasis_of_matter,Unqualified - Emphasis of Matter items,https://lg.treasury.gov.za/supportingdocs/NC066/NC066_Audit%20Report_2021_Y_20220301T113755Z_karooadmin.pdf
NC067,Khai-Ma,2021,qualified,Qualified,https://lg.treasury.gov.za/supportingdocs/NC067/NC067_Audit%20Report_2021_Y_20220308T082231Z_5039.pdf
NC071,Ubuntu,2021,qualified,Qualified,https://lg.treasury.gov.za/supportingdocs/NC071/NC071_Audit%20Report_2021_Y_20220318T130807Z_5039.pdf
NC072,Umsobomvu,2021,qualified,Qualified,https://lg.treasury.gov.za/supportingdocs/NC072/NC072_Audit%20Report_2021_Y_20220307T142108Z_ncedo.pdf
NC073,Emthanjeni,2021,qualified,Qualified,https://lg.treasury.gov.za/supportingdocs/NC073/NC073_Audit%20Report_2021_Y_20220315T160818Z_alrico.pdf
NC074,Kareeberg,2021,unqualified_emphasis_of_matter,Unqualified - Emphasis of Matter items,https://lg.treasury.gov.za/supportingdocs/NC074/NC074_Audit%20Report_2021_Y_20220127T134816Z_tharine.pdf
NC075,Renosterberg,2021,outstanding,Outstanding,
NC076,Thembelihle,2021,qualified,Qualified,https://lg.treasury.gov.za/supportingdocs/NC076/NC076_Audit%20Report_2021_Y_20220301T141431Z_5039.pdf
NC077,Siyathemba,2021,qualified,Qualified,https://lg.treasury.gov.za/supportingdocs/NC077/NC077_Audit%20Report_2021_Y_20220307T104630Z_david.pdf
NC078,Siyancuma,2021,qualified,Qualified,https://lg.treasury.gov.za/supportingdocs/NC078/NC078_Audit%20Report_2021_Y_20220307T134009Z_czealand.pdf
NC082,!Kai! Garib,2021,outstanding,Outstanding,https://lg.treasury.gov.za/supportingdocs/NC082/NC082_Audit%20Report_2021_Y_20221201T125854Z_wim.pdf
NC084,!Kheis,2021,outstanding,Outstanding,https://lg.treasury.gov.za/supportingdocs/NC084/NC084_Audit%20Report_2021_Y_20220525T104659Z_enricokordom.pdf
NC085,Tsantsabane,2021,qualified,Qualified,https://lg.treasury.gov.za/supportingdocs/NC085/NC085_Audit%20Report_2021_Y_20220309T093910Z_budgetcsa.pdf
NC086,Kgatelopele,2021,outstanding,Outstanding,https://lg.treasury.gov.za/supportingdocs/NC086/NC086_Audit%20Report_2021_Y_20220318T111623Z_5039.pdf
NC087,Dawid Kruiper,2021,unqualified_emphasis_of_matter,Unqualified - Emphasis of Matter items,https://lg.treasury.gov.za/supportingdocs/NC087/NC087_Audit%20Report_2021_Y_20211201T090736Z_5405.pdf
NC091,Sol Plaatje,2021,qualified,Qualified,https://lg.treasury.gov.za/supportingdocs/NC091/NC091_Audit%20Report_2021_Y_20220204T155148Z_kdeklerk.pdf
NC092,Dikgatlong,2021,qualified,Qualified,https://lg.treasury.gov.za/supportingdocs/NC092/NC092_Audit%20Report_2021_Y_20220307T121645Z_risk.pdf
NC093,Magareng,2021,qualified,Qualified,https://lg.treasury.gov.za/supportingdocs/NC093/NC093_Audit%20Report_2021_Y_20220317T124454Z_sbongosithole.pdf
NC094,Phokwane,2021,outstanding,Outstanding,https://lg.treasury.gov.za/supportingdocs/NC094/NC094_Audit%20Report_2021_Y_20230405T092646Z_budgetphok1.pdf
NC451,Joe Morolong,2021,outstanding,Outstanding,https://lg.treasury.gov.za/supportingdocs/NC451/NC451_Audit%20Report_2021_Y_20220406T103939Z_budget.pdf
NC452,Ga-Segonyana,2021,unqualified_emphasis_of_matter,Unqualified - Emphasis of Matter items,https://lg.treasury.gov.za/supportingdocs/NC452/NC452_Audit%20Report_2021_Y_20220307T124938Z_dpelele.pdf
NC453,Gamagara,2021,qualified,Qualified,https://lg.treasury.gov.za/supportingdocs/NC453/NC453_Audit%20Report_2021_Y_20220209T134137Z_4247.pdf
NMA,Nelson Mandela Bay,2021,qualified,Qualified,https://lg.treasury.gov.za/supportingdocs/NMA/NMA_Audit%20Report_2021_Y_20220610T130447Z_5039.pdf
NW371,Moretele,2021,unqualified_emphasis_of_matter,Unqualified - Emphasis of Matter items,https://lg.treasury.gov.za/supportingdocs/NW371/NW371_Audit%20Report_2021_Y_20220907T112338Z_thapza_p.pdf
NW372,Madibeng,2021,disclaimer,Disclaimer of opinion,https://lg.treasury.gov.za/supportingdocs/NW372/NW372_Audit%20Report_2021_Y_20220222T103954Z_lucaslithako.pdf
NW373,Rustenburg,2021,qualified,Qualified,https://lg.treasury.gov.za/supportingdocs/NW373/NW373_Audit%20Report_2021_Y_20220525T093052Z_rmonageng.pdf
NW374,Kgetlengrivier,2021,disclaimer,Disclaimer of opinion,
NW375,Moses Kotane,2021,qualified,Qualified,https://lg.treasury.gov.za/supportingdocs/NW375/NW375_Audit%20Report_2021_Y_20220421T122548Z_hshonga.pdf
NW381,Ratlou,2021,disclaimer,Disclaimer of opinion,
NW382,Tswaing,2021,qualified,Qualified,https://lg.treasury.gov.za/supportingdocs/NW382/NW382_Audit%20Report_2021_Y_20220425T132227Z_spelele2506.pdf
NW383,Mafikeng,2021,qualified,Qualified,https://lg.treasury.gov.za/supportingdocs/NW383/NW383_Audit%20Report_2021_Y_20220124T145119Z_5039.pdf
NW384,Ditsobotla,2021,outstanding,Outstanding,
NW385,Ramotshere Moiloa,2021,outstanding,Outstanding,
NW392,Naledi (NW),2021,disclaimer,Disclaimer of opinion,https://lg.treasury.gov.za/supportingdocs/NW392/NW392_Audit%20Report_2021_Y_20220525T154427Z_jjrobiyane.pdf
NW393,Mamusa,2021,disclaimer,Disclaimer of opinion,
NW394,Greater Taung,2021,disclaimer,Disclaimer of opinion,
NW396,Lekwa-Teemane,2021,qualified,Qualified,
NW397,Kagisano-Molopo,2021,qualified,Qualified,
NW403,City of Matlosana,2021,unqualified_emphasis_of_matter,Unqualified - Emphasis of Matter items,https://lg.treasury.gov.za/supportingdocs/NW403/NW403_Audit%20Report_2021_Y_20220513T095055Z_tvantonder.pdf
NW404,Maquassi Hills,2021,disclaimer,Disclaimer of opinion,
NW405,J B Marks,2021,qualified,Qualified,
TSH,City of Tshwane,2021,unqualified_emphasis_of_matter,Unqualified - Emphasis of Matter items,https://lg.treasury.gov.za/supportingdocs/TSH/TSH_Audit%20Report_2021_Y_20230316T144214Z_nontandoq.pdf
WC011,Matzikama,2021,unqualified,Unqualified - No findings,https://lg.treasury.gov.za/supportingdocs/WC011/WC011_Audit%20Report_2021_Y_20220217T054920Z_5039.pdf
WC012,Cederberg,2021,unqualified,Unqualified - No findings,https://lg.treasury.gov.za/supportingdocs/WC012/WC012_Audit%20Report_2021_Y_20220221T084815Z_5039.pdf
WC013,Bergrivier,2021,unqualified,Unqualified - No findings,https://lg.treasury.gov.za/supportingdocs/WC013/WC013_Audit%20Report_2021_Y_20220221T084751Z_5039.pdf
WC014,Saldanha Bay,2021,unqualified,Unqualified - No findings,https://lg.treasury.gov.za/supportingdocs/WC014/WC014_Audit%20Report_2021_Y_20211220T141245Z_theo_karolus.pdf
WC015,Swartland,2021,unqualified,Unqualified - No findings,https://lg.treasury.gov.za/supportingdocs/WC015/WC015_Audit%20Report_2021_Y_20220217T054949Z_5039.pdf
WC022,Witzenberg,2021,unqualified,Unqualified - No findings,https://lg.treasury.gov.za/supportingdocs/WC022/WC022_Audit%20Report_2021_Y_20220302T140002Z_5039.pdf
WC023,Drakenstein,2021,unqualified,Unqualified - No findings,https://lg.treasury.gov.za/supportingdocs/WC023/WC023_Audit%20Report_2021_Y_20220217T055012Z_5039.pdf
WC024,Stellenbosch,2021,unqualified,Unqualified - No findings,https://lg.treasury.gov.za/supportingdocs/WC024/WC024_Audit%20Report_2021_Y_20220128T121348Z_angelique_africa.pdf
WC025,Breede Valley,2021,unqualified,Unqualified - No findings,https://lg.treasury.gov.za/supportingdocs/WC025/WC025_Audit%20Report_2021_Y_20220217T055035Z_5039.pdf
WC026,Langeberg,2021,unqualified,Unqualified - No findings,https://lg.treasury.gov.za/supportingdocs/WC026/WC026_Audit%20Report_2021_Y_20220223T142044Z_5039.pdf
WC031,Theewaterskloof,2021,unqualified,Unqualified - No findings,https://lg.treasury.gov.za/supportingdocs/WC031/WC031_Audit%20Report_2021_Y_20220207T121617Z_5039.pdf
WC032,Overstrand,2021,unqualified,Unqualified - No findings,https://lg.treasury.gov.za/supportingdocs/WC032/WC032_Audit%20Report_2021_Y_20220207T122524Z_5039.pdf
WC033,Cape Agulhas,2021,unqualified,Unqualified - No findings,https://lg.treasury.gov.za/supportingdocs/WC033/WC033_Audit%20Report_2021_Y_20220217T055059Z_5039.pdf
WC034,Swellendam,2021,unqualified,Unqualified - No findings,https://lg.treasury.gov.za/supportingdocs/WC034/WC034_Audit%20Report_2021_Y_20220203T125459Z_rachel.pdf
WC041,Kannaland,2021,outstanding,Outstanding,https://lg.treasury.gov.za/supportingdocs/WC041/WC041_Audit%20Report_2021_Y_20220420T180237Z_malungisa.pdf
WC042,Hessequa,2021,unqualified,Unqualified - No findings,https://lg.treasury.gov.za/supportingdocs/WC042/WC042_Audit%20Report_2021_Y_20220217T055117Z_5039.pdf
WC043,Mossel Bay,2021,unqualified,Unqualified - No findings,https://lg.treasury.gov.za/supportingdocs/WC043/WC043_Audit%20Report_2021_Y_20220301T120441Z_5039.pdf
WC044,George,2021,unqualified,Unqualified - No findings,https://lg.treasury.gov.za/supportingdocs/WC044/WC044_Audit%20Report_2021_Y_20220217T055154Z_5039.pdf
WC045,Oudtshoorn,2021,unqualified_emphasis_of_matter,Unqualified - Emphasis of Matter items,https://lg.treasury.gov.za/supportingdocs/WC045/WC045_Audit%20Report_2021_Y_20220111T131821Z_sophia.pdf
WC047,Bitou,2021,unqualified_emphasis_of_matter,Unqualified - Emphasis of Matter items,https://lg.treasury.gov.za/supportingdocs/WC047/WC047_Audit%20Report_2021_Y_20220217T055217Z_5039.pdf
WC048,Knysna,2021,unqualified_emphasis_of_matter,Unqualified - Emphasis of Matter items,https://lg.treasury.gov.za/supportingdocs/WC048/WC048_Audit%20Report_2021_Y_20220217T055238Z_5039.pdf
WC051,Laingsburg,2021,outstanding,Outstanding,https://lg.treasury.gov.za/supportingdocs/WC051/WC051_Audit%20Report_2021_Y_20220329T101434Z_5405.pdf
WC052,Prince Albert,2021,unqualified_emphasis_of_matter,Unqualified - Emphasis of Matter items,https://lg.treasury.gov.za/supportingdocs/WC052/WC052_Audit%20Report_2021_Y_20220301T150127Z_5039.pdf
WC053,Beaufort West,2021,outstanding,Outstanding,https://lg.treasury.gov.za/supportingdocs/WC053/WC053_Audit%20Report_2021_Y_20220425T145953Z_bronwyn.pdf
BUF,Buffalo City,2022,unqualified_emphasis_of_matter,Unqualified - Emphasis of Matter items,https://lg.treasury.gov.za/supportingdocs/BUF/BUF_Audit%20Report_2022_Y_20230201T121437Z_masixoled.pdf
BUF,Buffalo City,2023,qualified,Qualified,https://lg.treasury.gov.za/supportingdocs/BUF/BUF_Audit%20Report_2023_Y_20240201T150938Z_kholosan.pdf
CPT,Cape Town,2022,unqualified,Unqualified - No findings,https://lg.treasury.gov.za/supportingdocs/CPT/CPT_Audit%20Report_2022_Y_20221201T123245Z_yolande_zeelie.pdf
CPT,Cape Town,2023,unqualified,Unqualified - No findings,https://lg.treasury.gov.za/supportingdocs/CPT/CPT_Audit%20Report_2023_Y_20240209T114722Z_yolande_zeelie.pdf
DC1,West Coast,2022,unqualified,Unqualified - No findings,https://lg.treasury.gov.za/supportingdocs/DC1/DC1_Audit%20Report_2022_Y_20230220T080501Z_prapril.pdf
DC1,West Coast,2023,unqualified,Unqualified - No findings,https://lg.treasury.gov.za/supportingdocs/DC1/DC1_Audit%20Report_2023_Y_20231201T104228Z_prapril.pdf
DC10,Sarah Baartman,2022,unqualified_emphasis_of_matter,Unqualified - Emphasis of Matter items,https://lg.treasury.gov.za/supportingdocs/DC10/DC10_Audit%20Report_2022_Y_20221219T113946Z_nomawilliams.pdf
DC10,Sarah Baartman,2023,unqualified_emphasis_of_matter,Unqualified - Emphasis of Matter items,https://lg.treasury.gov.za/supportingdocs/DC10/DC10_Audit%20Report_2023_Y_20231211T143220Z_nomawilliams.pdf
DC12,Amathole,2022,disclaimer,Disclaimer of opinion,https://lg.treasury.gov.za/supportingdocs/DC12/DC12_Audit%20Report_2022_Y_20230711T185040Z_neliswan.pdf
DC12,Amathole,2023,disclaimer,Disclaimer of opinion,https://lg.treasury.gov.za/supportingdocs/DC12/DC12_Audit%20Report_2023_Y_20240131T094417Z_neliswan.pdf
DC13,Chris Hani,2022,qualified,Qualified,https://lg.treasury.gov.za/supportingdocs/DC13/DC13_Audit%20Report_2022_Y_20221213T095038Z_mngwendu.pdf
DC13,Chris Hani,2023,qualified,Qualified,https://lg.treasury.gov.za/supportingdocs/DC13/DC13_Audit%20Report_2023_Y_20240304T142526Z_mngwendu.pdf
DC14,Joe Gqabi,2022,unqualified,Unqualified - No findings,https://lg.treasury.gov.za/supportingdocs/DC14/DC14_Audit%20Report_2022_Y_20221206T104311Z_charles.pdf
DC14,Joe Gqabi,2023,unqualified,Unqualified - No findings,https://lg.treasury.gov.za/supportingdocs/DC14/DC14_Audit%20Report_2023_Y_20240417T082456Z_bonkeg.pdf
DC15,O R Tambo,2022,qualified,Qualified,https://lg.treasury.gov.za/supportingdocs/DC15/DC15_Audit%20Report_2022_Y_20230518T133434Z_vuyolwethubisha.pdf
DC15,O R Tambo,2023,unqualified_emphasis_of_matter,Unqualified - Emphasis of Matter items,https://lg.treasury.gov.za/supportingdocs/DC15/DC15_Audit%20Report_2023_Y_20231213T172303Z_vuyolwethubisha.pdf
DC16,Xhariep,2022,unqualified_emphasis_of_matter,Unqualified - Emphasis of Matter items,https://lg.treasury.gov.za/supportingdocs/DC16/DC16_Audit%20Report_2022_Y_20221205T122636Z_graciousesh2012.pdf
DC16,Xhariep,2023,unqualified_emphasis_of_matter,Unqualified - Emphasis of Matter items,https://lg.treasury.gov.za/supportingdocs/DC16/DC16_Audit%20Report_2023_Y_20231205T101335Z_graciousesh2012.pdf
DC18,Lejweleputswa,2022,unqualified_emphasis_of_matter,Unqualified - Emphasis of Matter items,https://lg.treasury.gov.za/supportingdocs/DC18/DC18_Audit%20Report_2022_Y_20221201T104116Z_mmaleshala.pdf
DC18,Lejweleputswa,2023,unqualified_emphasis_of_matter,Unqualified - Emphasis of Matter items,https://lg.treasury.gov.za/supportingdocs/DC18/DC18_Audit%20Report_2023_Y_20240410T150509Z_thabot.pdf
DC19,Thabo Mofutsanyana,2022,unqualified_emphasis_of_matter,Unqualified - Emphasis of Matter items,https://lg.treasury.gov.za/supportingdocs/DC19/DC19_Audit%20Report_2022_Y_20221202T124715Z_seipati.pdf
DC19,Thabo Mofutsanyana,2023,unqualified_emphasis_of_matter,Unqualified - Emphasis of Matter items,https://lg.treasury.gov.za/supportingdocs/DC19/DC19_Audit%20Report_2023_Y_20231205T121506Z_seipati.pdf
DC2,Cape Winelands DM,2022,unqualified,Unqualified - No findings,https://lg.treasury.gov.za/supportingdocs/DC2/DC2_Audit%20Report_2022_Y_20221220T103735Z_ronelr.pdf
DC2,Cape Winelands DM,2023,unqualified,Unqualified - No findings,https://lg.treasury.gov.za/supportingdocs/DC2/DC2_Audit%20Report_2023_Y_20231204T230439Z_ronelr.pdf
DC20,Fezile Dabi,2022,qualified,Qualified,https://lg.treasury.gov.za/supportingdocs/DC20/DC20_Audit%20Report_2022_Y_20221206T094813Z_johanr.pdf
DC20,Fezile Dabi,2023,qualified,Qualified,https://lg.treasury.gov.za/supportingdocs/DC20/DC20_Audit%20Report_2023_Y_20231212T073438Z_johanr.pdf
DC21,Ugu,2022,unqualified_emphasis_of_matter,Unqualified - Emphasis of Matter items,https://lg.treasury.gov.za/supportingdocs/DC21/DC21_Audit%20Report_2022_Y_20230120T091112Z_julee_kodi.pdf
DC21,Ugu,2023,unqualified_emphasis_of_matter,Unqualified - Emphasis of Matter items,https://lg.treasury.gov.za/supportingdocs/DC21/DC21_Audit%20Report_2023_Y_20231201T110942Z_julee_kodi.pdf
DC22,uMgungundlovu,2022,unqualified_emphasis_of_matter,Unqualified - Emphasis of Matter items,https://lg.treasury.gov.za/supportingdocs/DC22/DC22_Audit%20Report_2022_Y_20230425T093218Z_linda_ngubane.pdf
DC22,uMgungundlovu,2023,unqualified_emphasis_of_matter,Unqualified - Emphasis of Matter items,https://lg.treasury.gov.za/supportingdocs/DC22/DC22_Audit%20Report_2023_Y_20241007T112009Z_linda_ngubane.pdf
DC23,Uthukela,2022,qualified,Qualified,https://lg.treasury.gov.za/supportingdocs/DC23/DC23_Audit%20Report_2022_Y_20230322T123430Z_pkoortzen.pdf
DC23,Uthukela,2023,qualified,Qualified,https://lg.treasury.gov.za/supportingdocs/DC23/DC23_Audit%20Report_2023_Y_20240112T111428Z_pkoortzen.pdf
DC24,Umzinyathi,2022,adverse,Adverse opinion,https://lg.treasury.gov.za/supportingdocs/DC24/DC24_Audit%20Report_2022_Y_20230109T093902Z_langan.pdf
DC24,Umzinyathi,2023,adverse,Adverse opinion,https://lg.treasury.gov.za/supportingdocs/DC24/DC24_Audit%20Report_2023_Y_20231214T112236Z_ndwandwes.pdf
DC25,Amajuba,2022,qualified,Qualified,https://lg.treasury.gov.za/supportingdocs/DC25/DC25_Audit%20Report_2022_Y_20230123T114526Z_msizis.pdf
DC25,Amajuba,2023,qualified,Qualified,https://lg.treasury.gov.za/supportingdocs/DC25/DC25_Audit%20Report_2023_Y_20240424T093328Z_msizis.pdf
DC26,Zululand,2022,unqualified_emphasis_of_matter,Unqualified - Emphasis of Matter items,https://lg.treasury.gov.za/supportingdocs/DC26/DC26_Audit%20Report_2022_Y_20230904T120342Z_lbuthelezi.pdf
DC26,Zululand,2023,unqualified_emphasis_of_matter,Unqualified - Emphasis of Matter items,https://lg.treasury.gov.za/supportingdocs/DC26/DC26_Audit%20Report_2023_Y_20240216T123507Z_lbuthelezi.pdf
DC27,Umkhanyakude,2022,disclaimer,Disclaimer of opinion,
DC27,Umkhanyakude,2023,qualified,Qualified,
DC28,King Cetshwayo,2022,unqualified,Unqualified - No findings,https://lg.treasury.gov.za/supportingdocs/DC28/DC28_Audit%20Report_2022_Y_20230123T102412Z_mkhizef.pdf
DC28,King Cetshwayo,2023,unqualified,Unqualified - No findings,https://lg.treasury.gov.za/supportingdocs/DC28/DC28_Audit%20Report_2023_Y_20240417T161220Z_ndabath.pdf
DC29,iLembe,2022,unqualified_emphasis_of_matter,Unqualified - Emphasis of Matter items,https://lg.treasury.gov.za/supportingdocs/DC29/DC29_Audit%20Report_2022_Y_20230124T151536Z_sphesihle_mhlongo.pdf
DC29,iLembe,2023,unqualified_emphasis_of_matter,Unqualified - Emphasis of Matter items,https://lg.treasury.gov.za/supportingdocs/DC29/DC29_Audit%20Report_2023_Y_20240206T143420Z_sphesihle_mhlongo.pdf
DC3,Overberg,2022,unqualified,Unqualified - No findings,https://lg.treasury.gov.za/supportingdocs/DC3/DC3_Audit%20Report_2022_Y_20230316T091730Z_rgertze.pdf
DC3,Overberg,2023,unqualified,Unqualified - No findings,
DC30,Gert Sibande,2022,unqualified_emphasis_of_matter,Unqualified - Emphasis of Matter items,https://lg.treasury.gov.za/supportingdocs/DC30/DC30_Audit%20Report_2022_Y_20221202T130840Z_zinhlem.pdf
DC30,Gert Sibande,2023,unqualified_emphasis_of_matter,Unqualified - Emphasis of Matter items,https://lg.treasury.gov.za/supportingdocs/DC30/DC30_Audit%20Report_2023_Y_20231213T094436Z_nozipho.pdf
DC31,Nkangala,2022,unqualified,Unqualified - No findings,https://lg.treasury.gov.za/supportingdocs/DC31/DC31_Audit%20Report_2022_Y_20221219T115513Z_hlongwaan.pdf
DC31,Nkangala,2023,unqualified,Unqualified - No findings,https://lg.treasury.gov.za/supportingdocs/DC31/DC31_Audit%20Report_2023_Y_20231212T123003Z_hlongwaan.pdf
DC32,Ehlanzeni,2022,unqualified,Unqualified - No findings,https://lg.treasury.gov.za/supportingdocs/DC32/DC32_Audit%20Report_2022_Y_20221208T111808Z_dvdmerwe.pdf
DC32,Ehlanzeni,2023,unqualified,Unqualified - No findings,https://lg.treasury.gov.za/supportingdocs/DC32/DC32_Audit%20Report_2023_Y_20231219T132714Z_dvdmerwe.pdf
DC33,Mopani,2022,disclaimer,Disclaimer of opinion,
BUF,Buffalo City,2020,qualified,Qualified,http://mfma.treasury.gov.za/Documents/07.%20Audit%20Reports/2019-20/01.%20Metros/BUF%20Buffalo%20City/BUF%20Buffalo%20City%20Consolidated%20Audit%20report%202019-20.pdf
NMA,Nelson Mandela Bay,2020,qualified,Qualified,http://mfma.treasury.gov.za/Documents/07.%20Audit%20Reports/2019-20/01.%20Metros/NMA%20Nelson%20Mandela%20Bay/NMA%20Nelson%20Mandela%20Bay%20Consolidated%20Audit%20report%202019-20.pdf
EC101,Dr Beyers Naude,2020,qualified,Qualified,http://mfma.treasury.gov.za/Documents/07.%20Audit%20Reports/2019-20/02.%20Local%20municipalities/EC101%20Dr%20Beyers%20Naude/EC101%20Dr%20Beyers%20Naude%20Audit%20Report%202019-20.pdf
EC102,Blue Crane Route,2020,unqualified_emphasis_of_matter,Unqualified - Emphasis of Matter items,http://mfma.treasury.gov.za/Documents/07.%20Audit%20Reports/2019-20/02.%20Local%20municipalities/EC102%20Blue%20Crane%20Route/EC102%20Blue%20Crane%20Route%20Audit%20report%202019-20.pdf
EC104,Makana,2020,disclaimer,Disclaimer of opinion,http://mfma.treasury.gov.za/Documents/07.%20Audit%20Reports/2019-20/02.%20Local%20municipalities/EC104%20Makana/EC104%20Makana%20Audit%20Report%202019-20.pdf
EC105,Ndlambe,2020,qualified,Qualified,http://mfma.treasury.gov.za/Documents/07.%20Audit%20Reports/2019-20/02.%20Local%20municipalities/EC105%20Ndlambe/EC105%20Ndlambe%20Audit%20report%202019-20.pdf
EC106,Sundays River Valley,2020,disclaimer,Disclaimer of opinion,http://mfma.treasury.gov.za/Documents/07.%20Audit%20Reports/2019-20/02.%20Local%20municipalities/EC106%20Sundays%20River%20Valley/EC106%20Sundays%20River%20Valley%20Audit%20Report%202019-20.pdf
EC108,Kouga,2020,unqualified_emphasis_of_matter,Unqualified - Emphasis of Matter items,http://mfma.treasury.gov.za/Documents/07.%20Audit%20Reports/2019-20/02.%20Local%20municipalities/EC108%20Kouga/EC108%20Kouga%20Audit%20report%202019-20.pdf
EC109,Kou-Kamma,2020,unqualified_emphasis_of_matter,Unqualified - Emphasis of Matter items,http://mfma.treasury.gov.za/Documents/07.%20Audit%20Reports/2019-20/02.%20Local%20municipalities/EC109%20Kou-Kamma/EC109_Kou-Kamma%20Audit%20report%202019-20.pdf
DC10,Sarah Baartman,2020,unqualified_emphasis_of_matter,Unqualified - Emphasis of Matter items,http://mfma.treasury.gov.za/Documents/07.%20Audit%20Reports/2019-20/03.%20District%20municipalities/DC10%20Sarah%20Baartman/DC10%20Sarah%20Baartman%20Audit%20report%202019-20.pdf
EC121,Mbhashe,2020,unqualified_emphasis_of_matter,Unqualified - Emphasis of Matter items,http://mfma.treasury.gov.za/Documents/07.%20Audit%20Reports/2019-20/02.%20Local%20municipalities/EC121%20Mbhashe/EC121%20Mbhashe%20Audit%20Report%202019-20.pdf
EC122,Mnquma,2020,unqualified_emphasis_of_matter,Unqualified - Emphasis of Matter items,http://mfma.treasury.gov.za/Documents/07.%20Audit%20Reports/2019-20/02.%20Local%20municipalities/EC122%20Mnquma/EC122%20Mnquma%20Audit%20report%202019-20.pdf
EC123,Great Kei,2020,qualified,Qualified,http://mfma.treasury.gov.za/Documents/07.%20Audit%20Reports/2019-20/02.%20Local%20municipalities/EC123%20Great%20Kei/EC123%20Great%20Kei%20Audit%20report%202019-20.pdf
EC124,Amahlathi,2020,unqualified_emphasis_of_matter,Unqualified - Emphasis of Matter items,http://mfma.treasury.gov.za/Documents/07.%20Audit%20Reports/2019-20/02.%20Local%20municipalities/EC124%20Amahlathi/EC124%20Amahlathi%20Audit%20Report%202019-20.pdf
EC126,Ngqushwa,2020,qualified,Qualified,http://mfma.treasury.gov.za/Documents/07.%20Audit%20Reports/2019-20/02.%20Local%20municipalities/EC126%20Ngqushwa/EC126%20Ngqushwa%20Audit%20Report%202019-20.pdf
EC129,Raymond Mhlaba,2020,qualified,Qualified,http://mfma.treasury.gov.za/Documents/07.%20Audit%20Reports/2019-20/02.%20Local%20municipalities/EC129%20Raymond%20Mhlaba/EC129%20Raymond%20Mhlaba%20Audit%20Report%202019-20.pdf
DC12,Amathole,2020,adverse,Adverse opinion,http://mfma.treasury.gov.za/Documents/07.%20Audit%20Reports/2019-20/03.%20District%20municipalities/DC12%20Amathole/DC12%20Amathole%20Audit%20report%202019-20.pdf
EC131,Inxuba Yethemba,2020,unqualified_emphasis_of_matter,Unqualified - Emphasis of Matter items,http://mfma.treasury.gov.za/Documents/07.%20Audit%20Reports/2019-20/02.%20Local%20municipalities/EC131%20Inxuba%20Yethemba/EC131%20Inxuba%20Yethemba%20Audit%20report%202019-20.pdf
EC135,Vuyisile Mini,2020,qualified,Qualified,http://mfma.treasury.gov.za/Documents/07.%20Audit%20Reports/2019-20/02.%20Local%20municipalities/EC135%20Intsika%20Yethu/EC135%20Intsika%20Yethu%20Audit%20report%202019-20.pdf
EC136,Emalahleni (EC),2020,unqualified_emphasis_of_matter,Unqualified - Emphasis of Matter items,http://mfma.treasury.gov.za/Documents/07.%20Audit%20Reports/2019-20/02.%20Local%20municipalities/EC136%20Emalahleni%20%28EC%29/EC136%20Emalahleni%20%28EC%29%20Audit%20report%202019-20.pdf
EC137,Dr. A.B. Xuma,2020,unqualified_emphasis_of_matter,Unqualified - Emphasis of Matter items,http://mfma.treasury.gov.za/Documents/07.%20Audit%20Reports/2019-20/02.%20Local%20municipalities/EC137%20Engcobo/EC137%20Engcobo%20Audit%20Report%202019-20.pdf
EC138,Sakhisizwe,2020,adverse,Adverse opinion,
EC139,Enoch Mgijima,2020,qualified,Qualified,http://mfma.treasury.gov.za/Documents/07.%20Audit%20Reports/2019-20/02.%20Local%20municipalities/EC139%20Enoch%20Mgijima/EC139%20Encoch%20Mgijima%20Audit%20Report%202019-20.pdf
DC13,Chris Hani,2020,disclaimer,Disclaimer of opinion,http://mfma.treasury.gov.za/Documents/07.%20Audit%20Reports/2019-20/03.%20District%20municipalities/DC13%20Chris%20Hani/DC13%20Chris%20Hani%20Audit%20report%202019-20.pdf
EC141,Elundini,2020,unqualified,Unqualified - No findings,http://mfma.treasury.gov.za/Documents/07.%20Audit%20Reports/2019-20/02.%20Local%20municipalities/EC141%20Elundini/EC141%20Elundini%20Audt%20report%202019-20.pdf
EC142,Senqu,2020,unqualified,Unqualified - No findings,http://mfma.treasury.gov.za/Documents/07.%20Audit%20Reports/2019-20/02.%20Local%20municipalities/EC142%20Senqu/EC142%20Senqu%20Audit%20Report%202019-20.pdf
EC145,Walter Sisulu,2020,qualified,Qualified,http://mfma.treasury.gov.za/Documents/07.%20Audit%20Reports/2019-20/02.%20Local%20municipalities/EC145%20Walter%20Sisulu/EC145%20Walter%20Sisulu%20Audit%20report%202019-20.pdf
DC14,Joe Gqabi,2020,unqualified_emphasis_of_matter,Unqualified - Emphasis of Matter items,
EC153,Ngquza Hills,2020,disclaimer,Disclaimer of opinion,http://mfma.treasury.gov.za/Documents/07.%20Audit%20Reports/2019-20/02.%20Local%20municipalities/EC153%20Ngquza%20Hills/EC153%20Ngquza%20Hills%20Audit%20Report%202019-20.pdf
EC154,Port St Johns,2020,qualified,Qualified,http://mfma.treasury.gov.za/Documents/07.%20Audit%20Reports/2019-20/02.%20Local%20municipalities/EC154%20Port%20St%20Johns
EC155,Nyandeni,2020,unqualified_emphasis_of_matter,Unqualified - Emphasis of Matter items,http://mfma.treasury.gov.za/Documents/07.%20Audit%20Reports/2019-20/02.%20Local%20municipalities/EC155%20Nyandeni/EC155%20Nyandeni%20Audit%20report%202019-20.pdf
EC156,Kumkani Mhlontlo,2020,qualified,Qualified,http://mfma.treasury.gov.za/Documents/07.%20Audit%20Reports/2019-20/02.%20Local%20municipalities/EC156%20Mhlontlo/EC156%20Mhlontlo%20Audit%20report%202019-20.pdf
EC157,King Sabata Dalindyebo,2020,qualified,Qualified,http://mfma.treasury.gov.za/Documents/07.%20Audit%20Reports/2019-20/02.%20Local%20municipalities/EC157%20King%20Sebata%20Dalindyebo/EC157%20King%20Sabata%20Dalindyebo%20Audit%20Report%202019-20.pdf
DC15,O R Tambo,2020,qualified,Qualified,http://mfma.treasury.gov.za/Documents/07.%20Audit%20Reports/2019-20/03.%20District%20municipalities/DC15%20O%20R%20Tambo/DC15%20OR%20Tambo%20Consolidated%20Audit%20Report%202019-20.pdf
EC441,Matatiele,2020,unqualified_emphasis_of_matter,Unqualified - Emphasis of Matter items,http://mfma.treasury.gov.za/Documents/07.%20Audit%20Reports/2019-20/02.%20Local%20municipalities/EC441%20Matatiele/EC441%20Matatiele%20Audit%20report%202019-20.pdf
EC442,Umzimvubu,2020,qualified,Qualified,http://mfma.treasury.gov.za/Documents/07.%20Audit%20Reports/2019-20/02.%20Local%20municipalities/EC442%20Umzimvubu/EC442%20Umzimvubu%20Audit%20report%202019-20.pdf
EC443,Winnie Madikizela-Mandela,2020,unqualified_emphasis_of_matter,Unqualified - Emphasis of Matter items,http://mfma.treasury.gov.za/Documents/07.%20Audit%20Reports/2019-20/02.%20Local%20municipalities/EC443%20Mbizana/EC443%20Winnie%20Madikizela%20Mandela%20Audit%20report%202019-20.pdf
EC444,Ntabankulu,2020,unqualified_emphasis_of_matter,Unqualified - Emphasis of Matter items,http://mfma.treasury.gov.za/Documents/07.%20Audit%20Reports/2019-20/02.%20Local%20municipalities/EC444%20Ntabankulu/EC444%20Ntabankulu%20Audit%20Report%202019-20.pdf
DC44,Alfred Nzo,2020,unqualified_emphasis_of_matter,Unqualified - Emphasis of Matter items,http://mfma.treasury.gov.za/Documents/07.%20Audit%20Reports/2019-20/03.%20District%20municipalities/DC44%20Alfred%20Nzo/DC44%20Alfred%20Nzo%20Audit%20report%202019-20.pdf
MAN,Mangaung,2020,unqualified_emphasis_of_matter,Unqualified - Emphasis of Matter items,http://mfma.treasury.gov.za/Documents/07.%20Audit%20Reports/2019-20/01.%20Metros/MAN%20Mangaung/MAN%20Mangaung%20Consolidated%20Audit%20report%202019-20.pdf
FS161,Letsemeng,2020,qualified,Qualified,
FS162,Kopanong,2020,disclaimer,Disclaimer of opinion,
FS163,Mohokare,2020,qualified,Qualified,http://mfma.treasury.gov.za/Documents/07.%20Audit%20Reports/2019-20/02.%20Local%20municipalities/FS163%20Mohakare/FS163%20Mohakare%20Audit%20report%202019-20.pdf
DC16,Xhariep,2020,unqualified_emphasis_of_matter,Unqualified - Emphasis of Matter items,http://mfma.treasury.gov.za/Documents/07.%20Audit%20Reports/2019-20/03.%20District%20municipalities/DC16%20Xhariep/DC16%20Xhariep%20Audit%20report%202019-20.pdf
FS181,Masilonyana,2020,outstanding,Outstanding,
FS182,Tokologo,2020,qualified,Qualified,
FS183,Tswelopele,2020,unqualified_emphasis_of_matter,Unqualified - Emphasis of Matter items,
FS184,Matjhabeng,2020,qualified,Qualified,
FS185,Nala,2020,qualified,Qualified,
DC18,Lejweleputswa,2020,unqualified_emphasis_of_matter,Unqualified - Emphasis of Matter items,
FS191,Setsoto,2020,qualified,Qualified,http://mfma.treasury.gov.za/Documents/07.%20Audit%20Reports/2019-20/02.%20Local%20municipalities/FS191%20Setsoto/FS191%20Setsoto%20Audit%20report%202019-20.pdf
FS192,Dihlabeng,2020,qualified,Qualified,http://mfma.treasury.gov.za/Documents/07.%20Audit%20Reports/2019-20/02.%20Local%20municipalities/FS192%20Dihlabeng/FS192%20Dihlabeng%20Audit%20report%202019-20.pdf
FS193,Nketoana,2020,disclaimer,Disclaimer of opinion,http://mfma.treasury.gov.za/Documents/07.%20Audit%20Reports/2019-20/02.%20Local%20municipalities/FS193%20Nketoana/FS193%20Nketoana%20Audit%20report%202019-20.pdf
FS194,Maluti-a-Phofung,2020,disclaimer,Disclaimer of opinion,
FS195,Phumelela,2020,unqualified_emphasis_of_matter,Unqualified - Emphasis of Matter items,http://mfma.treasury.gov.za/Documents/07.%20Audit%20Reports/2019-20/02.%20Local%20municipalities/FS195%20Phumelela/FS195%20Phumelela%20Audit%20Report%202019-20.pdf
FS196,Mantsopa,2020,qualified,Qualified,http://mfma.treasury.gov.za/Documents/07.%20Audit%20Reports/2019-20/02.%20Local%20municipalities/FS196%20Mantsopa/FS196%20Mantsopa%20Audit%20report%202019-20.pdf
DC19,Thabo Mofutsanyana,2020,qualified,Qualified,
FS201,Moqhaka,2020,qualified,Qualified,
FS203,Ngwathe,2020,qualified,Qualified,http://mfma.treasury.gov.za/Documents/07.%20Audit%20Reports/2019-20/02.%20Local%20municipalities/FS203%20Ngwathe/FS203%20Ngwathe%20Audit%20report%202019-20.pdf
FS204,Metsimaholo,2020,qualified,Qualified,http://mfma.treasury.gov.za/Documents/07.%20Audit%20Reports/2019-20/02.%20Local%20municipalities/FS204%20Metsimaholo/FS204%20Metsimaholo%20Audit%20report%202019-20.pdf
FS205,Mafube,2020,qualified,Qualified,
DC20,Fezile Dabi,2020,qualified,Qualified,
EKU,City of Ekurhuleni,2020,unqualified,Unqualified - No findings,http://mfma.treasury.gov.za/Documents/07.%20Audit%20Reports/2019-20/01.%20Metros/EKU%20City%20of%20Ekurhuleni
JHB,City of Johannesburg,2020,unqualified_emphasis_of_matter,Unqualified - Emphasis of Matter items,http://mfma.treasury.gov.za/Documents/07.%20Audit%20Reports/2019-20/01.%20Metros/JHB%20City%20of%20Johannesburg/JHB%20City%20of%20Johannesburg%20Consolidated%20Audit%20report%202019-20.pdf
TSH,City of Tshwane,2020,unqualified_emphasis_of_matter,Unqualified - Emphasis of Matter items,http://mfma.treasury.gov.za/Documents/07.%20Audit%20Reports/2019-20/01.%20Metros/TSH%20City%20of%20Tshwane
GT421,Emfuleni,2020,qualified,Qualified,
GT422,Midvaal,2020,unqualified,Unqualified - No findings,http://mfma.treasury.gov.za/Documents/07.%20Audit%20Reports/2019-20/02.%20Local%20municipalities/GT422%20Midvaal/GT422%20Midvaal%20Audit%20report%202019-20.pdf
GT423,Lesedi,2020,unqualified_emphasis_of_matter,Unqualified - Emphasis of Matter items,
DC42,Sedibeng,2020,unqualified_emphasis_of_matter,Unqualified - Emphasis of Matter items,
GT481,Mogale City,2020,unqualified_emphasis_of_matter,Unqualified - Emphasis of Matter items,
GT484,Merafong City,2020,unqualified_emphasis_of_matter,Unqualified - Emphasis of Matter items,
GT485,Rand West City,2020,qualified,Qualified,http://mfma.treasury.gov.za/Documents/07.%20Audit%20Reports/2019-20/02.%20Local%20municipalities/GT485%20Rand%20West%20City/GT485%20Rand%20West%20City%20Audit%20report%202019-20.pdf
DC48,West Rand,2020,unqualified_emphasis_of_matter,Unqualified - Emphasis of Matter items,http://mfma.treasury.gov.za/Documents/07.%20Audit%20Reports/2019-20/03.%20District%20municipalities/DC48%20West%20Rand/DC48%20West%20Rand%20Audit%20report%202019-20.pdf
ETH,eThekwini,2020,unqualified_emphasis_of_matter,Unqualified - Emphasis of Matter items,http://mfma.treasury.gov.za/Documents/07.%20Audit%20Reports/2019-20/01.%20Metros/ETH%20eThekwini/ETH%20eThekwini%20Audit%20report%202019-20.pdf
KZN212,Umdoni,2020,qualified,Qualified,http://mfma.treasury.gov.za/Documents/07.%20Audit%20Reports/2019-20/02.%20Local%20municipalities/KZN212%20Umdoni/KZN212%20Umdoni%20Audit%20report%202019-20.pdf
KZN213,Umzumbe,2020,unqualified_emphasis_of_matter,Unqualified - Emphasis of Matter items,http://mfma.treasury.gov.za/Documents/07.%20Audit%20Reports/2019-20/02.%20Local%20municipalities/KZN213%20Umzumbe/KZN213%20Umzumbe%20Audit%20report%202019-20.pdf
KZN214,uMuziwabantu,2020,unqualified_emphasis_of_matter,Unqualified - Emphasis of Matter items,http://mfma.treasury.gov.za/Documents/07.%20Audit%20Reports/2019-20/02.%20Local%20municipalities/KZN214%20uMuziwabantu/KZN214%20uMuziwabantu%20Audit%20report%202019-20.pdf
KZN216,Ray Nkonyeni,2020,unqualified_emphasis_of_matter,Unqualified - Emphasis of Matter items,http://mfma.treasury.gov.za/Documents/07.%20Audit%20Reports/2019-20/02.%20Local%20municipalities/KZN216%20Ray%20Nkonyeni/KZN216%20Ray%20Nkonyeni%20Audit%20Report%202019-20.pdf
DC21,Ugu,2020,qualified,Qualified,http://mfma.treasury.gov.za/Documents/07.%20Audit%20Reports/2019-20/03.%20District%20municipalities/DC21%20Ugu/DC21%20Ugu%20Audit%20Report%202019-20.pdf
KZN221,uMshwathi,2020,unqualified_emphasis_of_matter,Unqualified - Emphasis of Matter items,http://mfma.treasury.gov.za/Documents/07.%20Audit%20Reports/2019-20/02.%20Local%20municipalities/KZN221%20uMshwathi/KZN221%20uMshwathi%20Audit%20report%202019-20.pdf
KZN222,uMngeni,2020,qualified,Qualified,http://mfma.treasury.gov.za/Documents/07.%20Audit%20Reports/2019-20/02.%20Local%20municipalities/KZN222%20uMngeni/KZN222%20uMngeni%20Audit%20report%202019-20.pdf
KZN223,Mpofana,2020,qualified,Qualified,http://mfma.treasury.gov.za/Documents/07.%20Audit%20Reports/2019-20/02.%20Local%20municipalities/KZN223%20Mpofana/KZN223%20Mpofana%20Audit%20report%202019-20.pdf
KZN224,Impendle,2020,unqualified_emphasis_of_matter,Unqualified - Emphasis of Matter items,
KZN225,Msunduzi,2020,qualified,Qualified,http://mfma.treasury.gov.za/Documents/07.%20Audit%20Reports/2019-20/02.%20Local%20municipalities/KZN225%20Msunduzi/KZN225%20Msunduzi%20Audit%20report%202019-20.pdf
KZN226,Mkhambathini,2020,unqualified_emphasis_of_matter,Unqualified - Emphasis of Matter items,
KZN227,Richmond,2020,unqualified_emphasis_of_matter,Unqualified - Emphasis of Matter items,http://mfma.treasury.gov.za/Documents/07.%20Audit%20Reports/2019-20/02.%20Local%20municipalities/KZN227%20Richmond/KZN227%20Richmond%20Audit%20report%202019-20.pdf
DC22,uMgungundlovu,2020,unqualified_emphasis_of_matter,Unqualified - Emphasis of Matter items,http://mfma.treasury.gov.za/Documents/07.%20Audit%20Reports/2019-20/03.%20District%20municipalities/DC22%20Umgungundlovu/DC22%20uMgundgundlovu%20Consolidated%20Audt%20report%202019-20.pdf
KZN235,Okhahlamba,2020,unqualified,Unqualified - No findings,http://mfma.treasury.gov.za/Documents/07.%20Audit%20Reports/2019-20/02.%20Local%20municipalities/KZN235%20Okhahlamba/KZN235%20Okhahlamba%20Audit%20report%202019-20.pdf
KZN237,Inkosi Langalibalele,2020,disclaimer,Disclaimer of opinion,http://mfma.treasury.gov.za/Documents/07.%20Audit%20Reports/2019-20/02.%20Local%20municipalities/KZN237%20Nkosi%20Langalibalele/KZN237%20Nkosi%20Langalibalele%20Audit%20report%202019-20.pdf
KZN238,Alfred Duma,2020,unqualified_emphasis_of_matter,Unqualified - Emphasis of Matter items,http://mfma.treasury.gov.za/Documents/07.%20Audit%20Reports/2019-20/02.%20Local%20municipalities/KZN238%20Alfred%20Duma/KZN238%20Alfred%20Duma%20Audit%20report%202019-20.pdf
DC23,Uthukela,2020,qualified,Qualified,http://mfma.treasury.gov.za/Documents/07.%20Audit%20Reports/2019-20/03.%20District%20municipalities/DC23%20Uthukela/DC23%20Uthukela%20Audit%20Report%202019-20.pdf
KZN241,Endumeni,2020,qualified,Qualified,http://mfma.treasury.gov.za/Documents/07.%20Audit%20Reports/2019-20/02.%20Local%20municipalities/KZN241%20Endumeni/KZN241%20Endumeni%20Audit%20report%202019-20.pdf
KZN242,Nquthu,2020,disclaimer,Disclaimer of opinion,
KZN244,Msinga,2020,unqualified_emphasis_of_matter,Unqualified - Emphasis of Matter items,
KZN245,Umvoti,2020,unqualified_emphasis_of_matter,Unqualified - Emphasis of Matter items,http://mfma.treasury.gov.za/Documents/07.%20Audit%20Reports/2019-20/02.%20Local%20municipalities/KZN245%20Umvoti/KZN245%20Umvoti%20Audit%20report%202019-20.pdf
DC24,Umzinyathi,2020,disclaimer,Disclaimer of opinion,http://mfma.treasury.gov.za/Documents/07.%20Audit%20Reports/2019-20/03.%20District%20municipalities/DC24%20Umzinyathi/DC24%20Umzinyathi%20Audit%20Report%202019-20.pdf
KZN252,Newcastle,2020,unqualified_emphasis_of_matter,Unqualified - Emphasis of Matter items,http://mfma.treasury.gov.za/Documents/07.%20Audit%20Reports/2019-20/02.%20Local%20municipalities/KZN252%20Newcastle/KZN252%20Newcastle%20Audit%20report%202019-20.pdf
KZN253,Emadlangeni,2020,qualified,Qualified,http://mfma.treasury.gov.za/Documents/07.%20Audit%20Reports/2019-20/02.%20Local%20municipalities/KZN253%20Emadlangeni/KZN253%20Emadlangeni%20Audit%20report%202019-20.pdf
KZN254,Dannhauser,2020,qualified,Qualified,
DC25,Amajuba,2020,disclaimer,Disclaimer of opinion,http://mfma.treasury.gov.za/Documents/07.%20Audit%20Reports/2019-20/03.%20District%20municipalities/DC25%20Amajuba/DC25%20Amajuba%20Audit%20Report%202019-20.pdf
KZN261,eDumbe,2020,qualified,Qualified,
KZN262,uPhongolo,2020,unqualified_emphasis_of_matter,Unqualified - Emphasis of Matter items,http://mfma.treasury.gov.za/Documents/07.%20Audit%20Reports/2019-20/02.%20Local%20municipalities/KZN262%20uPhongolo/KZN262%20uPhongolo%20Audit%20Report%202019-20.pdf
KZN263,Abaqulusi,2020,qualified,Qualified,http://mfma.treasury.gov.za/Documents/07.%20Audit%20Reports/2019-20/02.%20Local%20municipalities/KZN263%20Abaqulusi/KZN263%20Abaqulusi%20Audit%20report%202019-20.pdf
KZN265,Nongoma,2020,unqualified_emphasis_of_matter,Unqualified - Emphasis of Matter items,
KZN266,Ulundi,2020,unqualified_emphasis_of_matter,Unqualified - Emphasis of Matter items,http://mfma.treasury.gov.za/Documents/07.%20Audit%20Reports/2019-20/02.%20Local%20municipalities/KZN266%20Ulundi/KZN266%20Ulundi%20Audit%20report%20%202019-20.pdf
DC26,Zululand,2020,qualified,Qualified,http://mfma.treasury.gov.za/Documents/07.%20Audit%20Reports/2019-20/03.%20District%20municipalities/DC26%20Zululand/DC26%20Zululand%20Audit%20Report%202019-20.pdf
KZN271,Umhlabuyalingana,2020,unqualified_emphasis_of_matter,Unqualified - Emphasis of Matter items,http://mfma.treasury.gov.za/Documents/07.%20Audit%20Reports/2019-20/02.%20Local%20municipalities/KZN271%20Umhlabuyalingana/KZN271%20Umhlabuyalingana%20Audit%20Report%202019-20.pdf
KZN272,Jozini,2020,unqualified_emphasis_of_matter,Unqualified - Emphasis of Matter items,
KZN275,Mtubatuba,2020,qualified,Qualified,
KZN276,Hlabisa Big Five,2020,qualified,Qualified,http://mfma.treasury.gov.za/Documents/07.%20Audit%20Reports/2019-20/02.%20Local%20municipalities/KZN276%20Big%205%20Hlabisa/KZN276%20Big%205%20Hlabisa%20Audit%20Report%202019-20.pdf
DC27,Umkhanyakude,2020,adverse,Adverse opinion,
KZN281,Mfolozi,2020,unqualified_emphasis_of_matter,Unqualified - Emphasis of Matter items,http://mfma.treasury.gov.za/Documents/07.%20Audit%20Reports/2019-20/02.%20Local%20municipalities/KZN281%20Mfolozi/KZN281%20Mfolozi%20Audit%20report%202019-20.pdf
KZN282,uMhlathuze,2020,unqualified,Unqualified - No findings,http://mfma.treasury.gov.za/Documents/07.%20Audit%20Reports/2019-20/02.%20Local%20municipalities/KZN282%20uMhlathuze/KZN282%20uMhlathuze%20Audit%20report%202019-20.pdf
KZN284,uMlalazi,2020,unqualified_emphasis_of_matter,Unqualified - Emphasis of Matter items,
KZN285,Mthonjaneni,2020,unqualified_emphasis_of_matter,Unqualified - Emphasis of Matter items,http://mfma.treasury.gov.za/Documents/07.%20Audit%20Reports/2019-20/02.%20Local%20municipalities/KZN285%20Mthonjaneni/KZN285%20Mthonjaneni%20Audit%20Report%202019-20.pdf
KZN286,Nkandla,2020,unqualified_emphasis_of_matter,Unqualified - Emphasis of Matter items,
DC28,King Cetshwayo,2020,unqualified_emphasis_of_matter,Unqualified - Emphasis of Matter items,http://mfma.treasury.gov.za/Documents/07.%20Audit%20Reports/2019-20/03.%20District%20municipalities/DC28%20King%20Cetshwayo/DC28%20King%20Cetshwayo%20Audit%20report%202019-20.pdf
KZN291,Mandeni,2020,unqualified_emphasis_of_matter,Unqualified - Emphasis of Matter items,http://mfma.treasury.gov.za/Documents/07.%20Audit%20Reports/2019-20/02.%20Local%20municipalities/KZN291%20Mandeni/KZN291%20Mandeni%20Audit%20report%202019-20.pdf
KZN292,KwaDukuza,2020,unqualified_emphasis_of_matter,Unqualified - Emphasis of Matter items,http://mfma.treasury.gov.za/Documents/07.%20Audit%20Reports/2019-20/02.%20Local%20municipalities/KZN292%20KwaDukuza/KZN292%20KwaDukuza%20Audit%20report%202019-20.pdf
KZN293,Ndwedwe,2020,unqualified_emphasis_of_matter,Unqualified - Emphasis of Matter items,http://mfma.treasury.gov.za/Documents/07.%20Audit%20Reports/2019-20/02.%20Local%20municipalities/KZN293%20Ndwedwe/KZN293%20Ndwedwe%20Audit%20report%202019-20.pdf
KZN294,Maphumulo,2020,unqualified_emphasis_of_matter,Unqualified - Emphasis of Matter items,http://mfma.treasury.gov.za/Documents/07.%20Audit%20Reports/2019-20/02.%20Local%20municipalities/KZN294%20Maphumulo/KZN294%20Maphumulo%20Audit%20Report%202019-20.pdf
DC29,iLembe,2020,unqualified_emphasis_of_matter,Unqualified - Emphasis of Matter items,http://mfma.treasury.gov.za/Documents/07.%20Audit%20Reports/2019-20/03.%20District%20municipalities/DC29%20iLembe
KZN433,Greater Kokstad,2020,unqualified_emphasis_of_matter,Unqualified - Emphasis of Matter items,http://mfma.treasury.gov.za/Documents/07.%20Audit%20Reports/2019-20/02.%20Local%20municipalities/KZN433%20Greater%20Kokstad/KZN433%20Greater%20Kokstad%20Audit%20report%202019-20.pdf
KZN434,Johannes Phumani Phungula,2020,qualified,Qualified,http://mfma.treasury.gov.za/Documents/07.%20Audit%20Reports/2019-20/02.%20Local%20municipalities/KZN434%20Ubuhlebezwe/KZN434%20Ubuhlebezwe%20Audit%20report%202019-20.pdf
KZN435,Umzimkhulu,2020,unqualified_emphasis_of_matter,Unqualified - Emphasis of Matter items,http://mfma.treasury.gov.za/Documents/07.%20Audit%20Reports/2019-20/02.%20Local%20municipalities/KZN435%20Umzimkhulu/KZN435%20Umzimkhulu%20Audit%20report%202019-20.pdf
KZN436,Dr Nkosazana Dlamini Zuma,2020,unqualified_emphasis_of_matter,Unqualified - Emphasis of Matter items,http://mfma.treasury.gov.za/Documents/07.%20Audit%20Reports/2019-20/02.%20Local%20municipalities/KZN436%20Dr%20Nkosasana%20Dlamini%20Zuma/KZN436%20Dr%20Nkosasana%20Dlamini%20Zuma%20Audit%20Report%202019-20.pdf
DC43,Harry Gwala,2020,unqualified_emphasis_of_matter,Unqualified - Emphasis of Matter items,http://mfma.treasury.gov.za/Documents/07.%20Audit%20Reports/2019-20/03.%20District%20municipalities/DC43%20Harry%20Gwala
LIM331,Greater Giyani,2020,unqualified_emphasis_of_matter,Unqualified - Emphasis of Matter items,http://mfma.treasury.gov.za/Documents/07.%20Audit%20Reports/2019-20/02.%20Local%20municipalities/LIM331%20Greater%20Giyani/LIM331%20Greater%20Giyane%20Audit%20Reprt%20%202019-20l.pdf
LIM332,Greater Letaba,2020,unqualified_emphasis_of_matter,Unqualified - Emphasis of Matter items,http://mfma.treasury.gov.za/Documents/07.%20Audit%20Reports/2019-20/02.%20Local%20municipalities/LIM332%20Greater%20Letaba/LIM332%20Greater%20Letaba%20Audit%20report%202019-20.pdf
LIM333,Greater Tzaneen,2020,unqualified_emphasis_of_matter,Unqualified - Emphasis of Matter items,http://mfma.treasury.gov.za/Documents/07.%20Audit%20Reports/2019-20/02.%20Local%20municipalities/LIM333%20Greater%20Tzaneen/LIM333%20Greater%20Tzaneen%20Audit%20report%202019-20.pdf
LIM334,Ba-Phalaborwa,2020,qualified,Qualified,http://mfma.treasury.gov.za/Documents/07.%20Audit%20Reports/2019-20/02.%20Local%20municipalities/LIM334%20Ba-Phalaborwa/LIM334%20Ba-Phalaborwa%20Audit%20Report%202019-20.pdf
LIM335,Maruleng,2020,unqualified_emphasis_of_matter,Unqualified - Emphasis of Matter items,http://mfma.treasury.gov.za/Documents/07.%20Audit%20Reports/2019-20/02.%20Local%20municipalities/LIM335%20Maruleng/LIM335%20Maruleng%20Audit%20report%202019-20.pdf
DC33,Mopani,2020,qualified,Qualified,http://mfma.treasury.gov.za/Documents/07.%20Audit%20Reports/2019-20/03.%20District%20municipalities/DC33%20Mopani/DC33%20Mopani%20Audit%20report%202019-20.pdf
LIM341,Musina,2020,unqualified_emphasis_of_matter,Unqualified - Emphasis of Matter items,
LIM343,Thulamela,2020,unqualified_emphasis_of_matter,Unqualified - Emphasis of Matter items,http://mfma.treasury.gov.za/Documents/07.%20Audit%20Reports/2019-20/02.%20Local%20municipalities/LIM343%20Thulamela/LIM343%20Thulamela%20Audit%20report%202019-20.pdf
LIM344,Makhado,2020,unqualified_emphasis_of_matter,Unqualified - Emphasis of Matter items,
LIM345,Collins Chabane,2020,unqualified_emphasis_of_matter,Unqualified - Emphasis of Matter items,
DC34,Vhembe,2020,qualified,Qualified,
LIM351,Blouberg,2020,unqualified_emphasis_of_matter,Unqualified - Emphasis of Matter items,
LIM353,Molemole,2020,unqualified_emphasis_of_matter,Unqualified - Emphasis of Matter items,
LIM354,Polokwane,2020,qualified,Qualified,http://mfma.treasury.gov.za/Documents/07.%20Audit%20Reports/2019-20/02.%20Local%20municipalities/LIM354%20Polokwane/LIM354%20Polokwane%20Audit%20report%202019-20.pdf
LIM355,Lepelle-Nkumpi,2020,unqualified_emphasis_of_matter,Unqualified - Emphasis of Matter items,
DC35,Capricorn,2020,unqualified,Unqualified - No findings,
LIM361,Thabazimbi,2020,qualified,Qualified,
LIM362,Lephalale,2020,unqualified_emphasis_of_matter,Unqualified - Emphasis of Matter items,http://mfma.treasury.gov.za/Documents/07.%20Audit%20Reports/2019-20/02.%20Local%20municipalities/LIM362%20Lephalale/LIM362%20Lephalale%20Audit%20report%202019-20.pdf
LIM366,Bela Bela,2020,qualified,Qualified,http://mfma.treasury.gov.za/Documents/07.%20Audit%20Reports/2019-20/02.%20Local%20municipalities/LIM366%20Bela%20Bela/LIM366%20Bela%20Bela%20Audit%20report%202019-20.pdf
LIM367,Mogalakwena,2020,adverse,Adverse opinion,http://mfma.treasury.gov.za/Documents/07.%20Audit%20Reports/2019-20/02.%20Local%20municipalities/LIM367%20Mogalakwena/LIM367%20Mogalakwena%20Audit%20report%202019-20.pdf
LIM368,Modimolle-Mookgopong,2020,qualified,Qualified,
DC36,Waterberg,2020,unqualified_emphasis_of_matter,Unqualified - Emphasis of Matter items,http://mfma.treasury.gov.za/Documents/07.%20Audit%20Reports/2019-20/03.%20District%20municipalities/DC36%20Waterberg/DC36%20Waterberg%20Audit%20report%202019-20.pdf
LIM471,Ephraim Mogale,2020,unqualified_emphasis_of_matter,Unqualified - Emphasis of Matter items,http://mfma.treasury.gov.za/Documents/07.%20Audit%20Reports/2019-20/02.%20Local%20municipalities/LIM471%20Ephraim%20Mogale/LIM471%20Ephraim%20Mogale%20Audit%20report%202019-20.pdf
LIM472,Elias Motsoaledi,2020,qualified,Qualified,
LIM473,Makhuduthamaga,2020,unqualified_emphasis_of_matter,Unqualified - Emphasis of Matter items,
LIM476,Tubatse Fetakgomo,2020,qualified,Qualified,
DC47,Sekhukhune,2020,qualified,Qualified,http://mfma.treasury.gov.za/Documents/07.%20Audit%20Reports/2019-20/03.%20District%20municipalities/DC47%20Sekhukhune/DC47%20Sekhukhune%20Audit%20report%202019-20.pdf
MP301,Albert Luthuli,2020,unqualified_emphasis_of_matter,Unqualified - Emphasis of Matter items,http://mfma.treasury.gov.za/Documents/07.%20Audit%20Reports/2019-20/02.%20Local%20municipalities/MP301%20Albert%20Luthuli/MP301%20Albert%20Luthuli%20Audit%20report%202019-20.pdf
MP302,Msukaligwa,2020,adverse,Adverse opinion,http://mfma.treasury.gov.za/Documents/07.%20Audit%20Reports/2019-20/02.%20Local%20municipalities/MP302%20Msukaligwa/MP302%20Musukaligwa%20Audit%20Report%202019-20.pdf
MP303,Mkhondo,2020,qualified,Qualified,
MP304,Pixley Ka Seme (MP),2020,disclaimer,Disclaimer of opinion,
MP305,Lekwa,2020,disclaimer,Disclaimer of opinion,
MP306,Dipaleseng,2020,disclaimer,Disclaimer of opinion,http://mfma.treasury.gov.za/Documents/07.%20Audit%20Reports/2019-20/02.%20Local%20municipalities/MP306%20Dipaleseng/MP306%20Dipaleseng%20Audit%20report%202019-20.pdf
MP307,Govan Mbeki,2020,disclaimer,Disclaimer of opinion,
DC30,Gert Sibande,2020,unqualified_emphasis_of_matter,Unqualified - Emphasis of Matter items,http://mfma.treasury.gov.za/Documents/07.%20Audit%20Reports/2019-20/03.%20District%20municipalities/DC30%20Gert%20Sibande/DC30%20Gert%20Sibande%20Audit%20report%202019-20.pdf
MP311,Victor Khanye,2020,qualified,Qualified,http://mfma.treasury.gov.za/Documents/07.%20Audit%20Reports/2019-20/02.%20Local%20municipalities/MP311%20Victor%20Khanye/MP311%20Victor%20Khanye%20Audit%20report%202019-20.pdf
MP312,Emalahleni (MP),2020,qualified,Qualified,http://mfma.treasury.gov.za/Documents/07.%20Audit%20Reports/2019-20/02.%20Local%20municipalities/MP312%20Emalahleni%20%28MP%29/MP312%20Emalahleni%20%28MP%29%20Audit%20report%202019-20.pdf
MP313,Steve Tshwete,2020,unqualified,Unqualified - No findings,http://mfma.treasury.gov.za/Documents/07.%20Audit%20Reports/2019-20/02.%20Local%20municipalities/MP313%20Steve%20Tshwete/MP313%20Steve%20Tshwete%20Audit%20report%202019-20.pdf
MP314,Emakhazeni,2020,adverse,Adverse opinion,http://mfma.treasury.gov.za/Documents/07.%20Audit%20Reports/2019-20/02.%20Local%20municipalities/MP314%20Emakhazeni/MP314%20Emakhazeni%20Audit%20Report%202019-20.pdf
MP315,Thembisile Hani,2020,qualified,Qualified,http://mfma.treasury.gov.za/Documents/07.%20Audit%20Reports/2019-20/02.%20Local%20municipalities/MP315%20Thembisile%20Hani/MP315%20Thembisile%20Hani%20Audit%20report%202019-20.pdf
MP316,Dr J.S. Moroka,2020,disclaimer,Disclaimer of opinion,http://mfma.treasury.gov.za/Documents/07.%20Audit%20Reports/2019-20/02.%20Local%20municipalities/MP316%20Dr%20J%20S%20Moroka/MP316%20Dr%20J%20S%20Moroka%20Audit%20report%202019-20.pdf
DC31,Nkangala,2020,unqualified,Unqualified - No findings,http://mfma.treasury.gov.za/Documents/07.%20Audit%20Reports/2019-20/03.%20District%20municipalities/DC31%20Nkangala/DC31%20Nkangala%20Audit%20report%202019-20.pdf
MP321,Thaba Chweu,2020,qualified,Qualified,http://mfma.treasury.gov.za/Documents/07.%20Audit%20Reports/2019-20/02.%20Local%20municipalities/MP321%20Thaba%20Chweu/MP321%20Thaba%20Chweu%20Audit%20report%202019-20.pdf
MP324,Nkomazi,2020,unqualified_emphasis_of_matter,Unqualified - Emphasis of Matter items,http://mfma.treasury.gov.za/Documents/07.%20Audit%20Reports/2019-20/02.%20Local%20municipalities/MP324%20Nkomazi/MP324%20Nkomazi%20Audit%20Report%202019-20.pdf
MP325,Bushbuckridge,2020,unqualified_emphasis_of_matter,Unqualified - Emphasis of Matter items,http://mfma.treasury.gov.za/Documents/07.%20Audit%20Reports/2019-20/02.%20Local%20municipalities/MP325%20Bushbuckridge/MP325%20Bushbuckridge%20Audit%20report%202019-20.pdf
MP326,City of Mbombela,2020,unqualified_emphasis_of_matter,Unqualified - Emphasis of Matter items,http://mfma.treasury.gov.za/Documents/07.%20Audit%20Reports/2019-20/02.%20Local%20municipalities/MP326%20City%20of%20Mbombela/MP326%20City%20of%20Mbombela%20Audit%20report%202019-20.pdf
DC32,Ehlanzeni,2020,unqualified,Unqualified - No findings,http://mfma.treasury.gov.za/Documents/07.%20Audit%20Reports/2019-20/03.%20District%20municipalities/DC32%20Ehlanzeni/DC32%20Ehlanzeni%20Audit%20Report%202019-20.pdf
NC451,Joe Morolong,2020,disclaimer,Disclaimer of opinion,http://mfma.treasury.gov.za/Documents/07.%20Audit%20Reports/2019-20/02.%20Local%20municipalities/NC451%20Joe%20Morolong/NC451%20Joe%20Morolong%20Audit%20report%202019-20.pdf
NC452,Ga-Segonyana,2020,unqualified_emphasis_of_matter,Unqualified - Emphasis of Matter items,http://mfma.treasury.gov.za/Documents/07.%20Audit%20Reports/2019-20/02.%20Local%20municipalities/NC452%20Ga-Segonyana/NC452%20Ga-Segonyana%20Audit%20report%202019-20.pdf
NC453,Gamagara,2020,qualified,Qualified,http://mfma.treasury.gov.za/Documents/07.%20Audit%20Reports/2019-20/02.%20Local%20municipalities/NC453%20Gamagara/NC453%20Gamagara%20Audit%20report%202019-20.pdf
DC45,John Taolo Gaetsewe,2020,unqualified,Unqualified - No findings,http://mfma.treasury.gov.za/Documents/07.%20Audit%20Reports/2019-20/03.%20District%20municipalities/DC45%20John%20Taolo%20Gaetsewe/DC45%20John%20Taolo%20Gaetsewe%20Audit%20report%202019-20.pdf
NC061,Richtersveld,2020,qualified,Qualified,http://mfma.treasury.gov.za/Documents/07.%20Audit%20Reports/2019-20/02.%20Local%20municipalities/NC061%20Richtersveld/NC061%20Richtersveld%20Audit%20Report%202019-20.pdf
NC062,Nama Khoi,2020,qualified,Qualified,http://mfma.treasury.gov.za/Documents/07.%20Audit%20Reports/2019-20/02.%20Local%20municipalities/NC062%20Nama%20Khoi/NC062%20Nama%20Khoi%20Audit%20report%202019-20.pdf
NC064,Kamiesberg,2020,qualified,Qualified,http://mfma.treasury.gov.za/Documents/07.%20Audit%20Reports/2019-20/02.%20Local%20municipalities/NC064%20Kamiesberg/NC064%20%20Kamiesberg%20Audit%20report%202019-20.pdf
NC065,Hantam,2020,unqualified_emphasis_of_matter,Unqualified - Emphasis of Matter items,
NC066,Karoo Hoogland,2020,unqualified_emphasis_of_matter,Unqualified - Emphasis of Matter items,http://mfma.treasury.gov.za/Documents/07.%20Audit%20Reports/2019-20/02.%20Local%20municipalities/NC066%20Karoo%20Hoogland/NC066%20Karoo%20Hoogland%20Audit%20report%202019-20.pdf
NC067,Khai-Ma,2020,qualified,Qualified,http://mfma.treasury.gov.za/Documents/07.%20Audit%20Reports/2019-20/02.%20Local%20municipalities/NC067%20Khai%20Ma/NC067%20Khai%20Ma%20Audit%20report%202019-20.pdf
DC6,Namakwa,2020,unqualified_emphasis_of_matter,Unqualified - Emphasis of Matter items,
NC071,Ubuntu,2020,qualified,Qualified,
NC072,Umsobomvu,2020,qualified,Qualified,http://mfma.treasury.gov.za/Documents/07.%20Audit%20Reports/2019-20/02.%20Local%20municipalities/NC072%20Umsobomvu/NC072%20Umsobomvu%20Audit%20report%202019-20.pdf
NC073,Emthanjeni,2020,qualified,Qualified,
NC074,Kareeberg,2020,unqualified_emphasis_of_matter,Unqualified - Emphasis of Matter items,http://mfma.treasury.gov.za/Documents/07.%20Audit%20Reports/2019-20/02.%20Local%20municipalities/NC074%20Kareeberg/NC074%20Kareeberg%20Audit%20report%202019-20.pdf
NC075,Renosterberg,2020,disclaimer,Disclaimer of opinion,
NC076,Thembelihle,2020,qualified,Qualified,http://mfma.treasury.gov.za/Documents/07.%20Audit%20Reports/2019-20/02.%20Local%20municipalities/NC076%20Thembelihle/NC076%20Thembelihle%20Audit%20report%202019-20.pdf
NC078,Siyancuma,2020,qualified,Qualified,http://mfma.treasury.gov.za/Documents/07.%20Audit%20Reports/2019-20/02.%20Local%20municipalities/NC078%20Siyancuma/NC078%20Siyancuma%20Audit%20Report%202019-20.pdf
DC7,Pixley Ka Seme (NC),2020,unqualified_emphasis_of_matter,Unqualified - Emphasis of Matter items,http://mfma.treasury.gov.za/Documents/07.%20Audit%20Reports/2019-20/03.%20District%20municipalities/DC7%20Pixley%20Ka%20Seme/DC7%20Pixley%20Ka%20Seme%20Audit%20report%202019-20.pdf
NC082,!Kai! Garib,2020,disclaimer,Disclaimer of opinion,http://mfma.treasury.gov.za/Documents/07.%20Audit%20Reports/2019-20/02.%20Local%20municipalities/NC082%20%21Kai%21%20Garib/NC082%20%21Kai%21%20Garib%20Audit%20Report%202019-20.pdf
NC084,!Kheis,2020,disclaimer,Disclaimer of opinion,http://mfma.treasury.gov.za/Documents/07.%20Audit%20Reports/2019-20/02.%20Local%20municipalities/NC084%20%21Kheis/NC084%20%21Kheis%20Audit%20report%202019-20.pdf
NC085,Tsantsabane,2020,qualified,Qualified,http://mfma.treasury.gov.za/Documents/07.%20Audit%20Reports/2019-20/02.%20Local%20municipalities/NC085%20Tsantsabane/NC085%20Tsantsabane%20Audit%20report%202019-20.pdf
NC086,Kgatelopele,2020,qualified,Qualified,http://mfma.treasury.gov.za/Documents/07.%20Audit%20Reports/2019-20/02.%20Local%20municipalities/NC086%20Kgatelopele/NC086%20Kgatelopele%20Audit%20report%202019-20.pdf
NC087,Dawid Kruiper,2020,unqualified_emphasis_of_matter,Unqualified - Emphasis of Matter items,http://mfma.treasury.gov.za/Documents/07.%20Audit%20Reports/2019-20/02.%20Local%20municipalities/NC087%20Dawid%20Kruiper/NC087%20Dawid%20Kruiper%20Audit%20report%202019-20.pdf
DC8,Z F Mgcawu,2020,unqualified,Unqualified - No findings,http://mfma.treasury.gov.za/Documents/07.%20Audit%20Reports/2019-20/03.%20District%20municipalities/DC8%20Z%20F%20Mgcawu/DC8%20Z%20F%20Mgcawu%20Audit%20report%202019-20.pdf
NC091,Sol Plaatje,2020,qualified,Qualified,http://mfma.treasury.gov.za/Documents/07.%20Audit%20Reports/2019-20/02.%20Local%20municipalities/NC091%20Sol%20Plaatje/NC091%20Sol%20Plaatje%20Audit%20report%202019-20.pdf
NC092,Dikgatlong,2020,qualified,Qualified,http://mfma.treasury.gov.za/Documents/07.%20Audit%20Reports/2019-20/02.%20Local%20municipalities/NC092%20Dikgatlong/NC092%20Dikgatlong%20Audit%20report%202019-20.pdf
NC093,Magareng,2020,qualified,Qualified,
NC094,Phokwane,2020,disclaimer,Disclaimer of opinion,
DC9,Frances Baard,2020,unqualified,Unqualified - No findings,http://mfma.treasury.gov.za/Documents/07.%20Audit%20Reports/2019-20/03.%20District%20municipalities/DC9%20Frances%20Baard/DC9%20Frances%20Baard%20Audit%20report%202019-20.pdf
NW371,Moretele,2020,qualified,Qualified,http://mfma.treasury.gov.za/Documents/07.%20Audit%20Reports/2019-20/02.%20Local%20municipalities/NW371%20Moretele/NW371%20Moretele%20Audit%20report%202019-20.pdf
NW372,Madibeng,2020,disclaimer,Disclaimer of opinion,http://mfma.treasury.gov.za/Documents/07.%20Audit%20Reports/2019-20/02.%20Local%20municipalities/NW372%20Madibeng/NW372%20Madibeng%20Audit%20report%202019-20.pdf
NW373,Rustenburg,2020,disclaimer,Disclaimer of opinion,http://mfma.treasury.gov.za/Documents/07.%20Audit%20Reports/2019-20/02.%20Local%20municipalities/NW373%20Rusteburg/NW373%20Rustenburg%20Consolidated%20Audit%20Report%202019-20.pdf
NW374,Kgetlengrivier,2020,disclaimer,Disclaimer of opinion,http://mfma.treasury.gov.za/Documents/07.%20Audit%20Reports/2019-20/02.%20Local%20municipalities/NW374%20Kgetlengrivier/NW374%20Kgetlengrivier%20Audit%20Report%202019-20.pdf
NW375,Moses Kotane,2020,qualified,Qualified,http://mfma.treasury.gov.za/Documents/07.%20Audit%20Reports/2019-20/02.%20Local%20municipalities/NW375%20Moses%20Kotane/NW375%20Moses%20Kotane%20Audit%20report%202019-20.pdf
DC37,Bojanala Platinum,2020,qualified,Qualified,http://mfma.treasury.gov.za/Documents/07.%20Audit%20Reports/2019-20/03.%20District%20municipalities/DC37%20Bojanala%20Platinum/DC37%20Bojanala%20Platinum%20Audit%20report%202019-20.pdf
NW381,Ratlou,2020,disclaimer,Disclaimer of opinion,http://mfma.treasury.gov.za/Documents/07.%20Audit%20Reports/2019-20/02.%20Local%20municipalities/NW381%20Ratlou/NW381%20Ratlou%20Audit%20report%202019-20.pdf
NW382,Tswaing,2020,qualified,Qualified,http://mfma.treasury.gov.za/Documents/07.%20Audit%20Reports/2019-20/02.%20Local%20municipalities/NW382%20Tswaing/NW382%20Tswaing%20Audit%20report%202019-20.pdf
NW383,Mafikeng,2020,qualified,Qualified,http://mfma.treasury.gov.za/Documents/07.%20Audit%20Reports/2019-20/02.%20Local%20municipalities/NW383%20Mafikeng/NW383_Mafikeng%20Audit%20report%202019-20.pdf
NW384,Ditsobotla,2020,disclaimer,Disclaimer of opinion,http://mfma.treasury.gov.za/Documents/07.%20Audit%20Reports/2019-20/02.%20Local%20municipalities/NW384%20Ditsobotla/NW384%20Ditsobotla%20Audit%20Report%202019-20.pdf
NW385,Ramotshere Moiloa,2020,disclaimer,Disclaimer of opinion,http://mfma.treasury.gov.za/Documents/07.%20Audit%20Reports/2019-20/02.%20Local%20municipalities/NW385%20Ramotshere%20Moiloa/NW385%20Ramotshere%20Moiloa%20Audit%20report%202019-20.pdf
DC38,Ngaka Modiri Molema,2020,adverse,Adverse opinion,http://mfma.treasury.gov.za/Documents/07.%20Audit%20Reports/2019-20/03.%20District%20municipalities/DC38%20Ngaka%20Modiri%20Molema/DC38%20Ngaka%20Modiri%20Molema%20Audit%20report%202019-20.pdf
NW392,Naledi (NW),2020,disclaimer,Disclaimer of opinion,http://mfma.treasury.gov.za/Documents/07.%20Audit%20Reports/2019-20/02.%20Local%20municipalities/NW392%20Naledi/NW392%20Naledi%20Audit%20Report%202019-20.pdf
NW393,Mamusa,2020,disclaimer,Disclaimer of opinion,http://mfma.treasury.gov.za/Documents/07.%20Audit%20Reports/2019-20/02.%20Local%20municipalities/NW393%20Mamusa/NW393%20Mamusa%20Audit%20report%202019-20.pdf
NW394,Greater Taung,2020,disclaimer,Disclaimer of opinion,http://mfma.treasury.gov.za/Documents/07.%20Audit%20Reports/2019-20/02.%20Local%20municipalities/NW394%20Greater%20Taung/NW394%20Greater%20Taung%20Audit%20report%202019-20.pdf
NW396,Lekwa-Teemane,2020,disclaimer,Disclaimer of opinion,http://mfma.treasury.gov.za/Documents/07.%20Audit%20Reports/2019-20/02.%20Local%20municipalities/NW396%20Lekwa-Teemane/NW396%20Lekwa-Teemane%20Audit%20report%202019-20.pdf
NW397,Kagisano-Molopo,2020,qualified,Qualified,http://mfma.treasury.gov.za/Documents/07.%20Audit%20Reports/2019-20/02.%20Local%20municipalities/NW397%20Kagisano%20Molopo/NW397%20Kagisano-Molopo%20Audit%20report%202019-20.pdf
DC39,Dr Ruth Segomotsi Mompati,2020,disclaimer,Disclaimer of opinion,http://mfma.treasury.gov.za/Documents/07.%20Audit%20Reports/2019-20/03.%20District%20municipalities/DC39%20Dr%20Ruth%20Segomotsi%20Mompati/DC39%20Dr%20Ruth%20Segomotsi%20Mompati%20Audit%20report%202019-20.pdf
NW403,City of Matlosana,2020,qualified,Qualified,http://mfma.treasury.gov.za/Documents/07.%20Audit%20Reports/2019-20/02.%20Local%20municipalities/NW403%20City%20of%20Matlosana/NW403%20City%20of%20Matlosana%20Audit%20report%202019-20.pdf
NW404,Maquassi Hills,2020,disclaimer,Disclaimer of opinion,http://mfma.treasury.gov.za/Documents/07.%20Audit%20Reports/2019-20/02.%20Local%20municipalities/NW404%20Maquassi%20Hills/NW404%20Maquassi%20Hills%20Audit%20report%202019-20.pdf
NW405,J B Marks,2020,qualified,Qualified,http://mfma.treasury.gov.za/Documents/07.%20Audit%20Reports/2019-20/02.%20Local%20municipalities/NW405%20J%20B%20Marks/NW405%20J%20B%20Marks%20Audit%20report%202019-20.pdf
DC40,Dr Kenneth Kaunda,2020,unqualified_emphasis_of_matter,Unqualified - Emphasis of Matter items,http://mfma.treasury.gov.za/Documents/07.%20Audit%20Reports/2019-20/03.%20District%20municipalities/DC40%20Dr%20Kenneth%20Kaunda/DC40%20Dr%20Kenneth%20Kaunda%20Audit%20report%202019-20.pdf
CPT,Cape Town,2020,unqualified_emphasis_of_matter,Unqualified - Emphasis of Matter items,
WC011,Matzikama,2020,unqualified_emphasis_of_matter,Unqualified - Emphasis of Matter items,
WC012,Cederberg,2020,unqualified_emphasis_of_matter,Unqualified - Emphasis of Matter items,
WC013,Bergrivier,2020,unqualified,Unqualified - No findings,http://mfma.treasury.gov.za/Documents/07.%20Audit%20Reports/2019-20/02.%20Local%20municipalities/WC013%20Bergrivier/WC013%20Bergrivier%20Audit%20report%202019-20.pdf
WC014,Saldanha Bay,2020,unqualified,Unqualified - No findings,http://mfma.treasury.gov.za/Documents/07.%20Audit%20Reports/2019-20/02.%20Local%20municipalities/WC014%20Saldanha%20Bay/WC014%20Saldanha%20Bay%20Audit%20report%202019-20.pdf
WC015,Swartland,2020,unqualified,Unqualified - No findings,http://mfma.treasury.gov.za/Documents/07.%20Audit%20Reports/2019-20/02.%20Local%20municipalities/WC015%20Swartland/WC015%20Swartland%20Audit%20report%202019-20.pdf
DC1,West Coast,2020,unqualified,Unqualified - No findings,
WC022,Witzenberg,2020,unqualified,Unqualified - No findings,
WC023,Drakenstein,2020,unqualified,Unqualified - No findings,http://mfma.treasury.gov.za/Documents/07.%20Audit%20Reports/2019-20/02.%20Local%20municipalities/WC023%20Drakenstein/WC023%20Drakenstein%20Audit%20report%202019-20.pdf
WC024,Stellenbosch,2020,unqualified,Unqualified - No findings,
WC025,Breede Valley,2020,unqualified,Unqualified - No findings,
WC026,Langeberg,2020,unqualified,Unqualified - No findings,
DC2,Cape Winelands DM,2020,unqualified,Unqualified - No findings,http://mfma.treasury.gov.za/Documents/07.%20Audit%20Reports/2019-20/03.%20District%20municipalities/DC2%20Cape%20Winelands/DC2%20Cape%20Winelands%20Audit%20report%202019-20.pdf
WC031,Theewaterskloof,2020,unqualified,Unqualified - No findings,
WC032,Overstrand,2020,unqualified,Unqualified - No findings,
WC033,Cape Agulhas,2020,unqualified,Unqualified - No findings,http://mfma.treasury.gov.za/Documents/07.%20Audit%20Reports/2019-20/02.%20Local%20municipalities/WC033%20Cape%20Agulhas/WC033%20Cape%20Agulhas%20Audit%20report%202019-20.pdf
WC034,Swellendam,2020,unqualified,Unqualified - No findings,http://mfma.treasury.gov.za/Documents/07.%20Audit%20Reports/2019-20/02.%20Local%20municipalities/WC034%20Swellendam/WC034%20Swellendam%20Audit%20report%202019-20.pdf
DC3,Overberg,2020,unqualified,Unqualified - No findings,http://mfma.treasury.gov.za/Documents/07.%20Audit%20Reports/2019-20/03.%20District%20municipalities/DC3%20Overberg/DC3%20Overberg%20Audit%20report%202019-20.pdf
WC041,Kannaland,2020,qualified,Qualified,
WC042,Hessequa,2020,unqualified,Unqualified - No findings,
WC043,Mossel Bay,2020,unqualified,Unqualified - No findings,
WC044,George,2020,unqualified_emphasis_of_matter,Unqualified - Emphasis of Matter items,http://mfma.treasury.gov.za/Documents/07.%20Audit%20Reports/2019-20/02.%20Local%20municipalities/WC044%20George/WC044%20George%20Audit%20report%202019-20.pdf
WC045,Oudtshoorn,2020,unqualified_emphasis_of_matter,Unqualified - Emphasis of Matter items,http://mfma.treasury.gov.za/Documents/07.%20Audit%20Reports/2019-20/02.%20Local%20municipalities/WC045%20Oudtshoorn/WC045%20Oudtshoorn%20Audit%20report%202019-20.pdf
WC047,Bitou,2020,unqualified_emphasis_of_matter,Unqualified - Emphasis of Matter items,
WC048,Knysna,2020,unqualified_emphasis_of_matter,Unqualified - Emphasis of Matter items,http://mfma.treasury.gov.za/Documents/07.%20Audit%20Reports/2019-20/02.%20Local%20municipalities/WC048%20Knysna/WC048%20Knysna%20Audit%20report%202019-20.pdf
DC4,Garden Route,2020,unqualified_emphasis_of_matter,Unqualified - Emphasis of Matter items,
WC051,Laingsburg,2020,qualified,Qualified,http://mfma.treasury.gov.za/Documents/07.%20Audit%20Reports/2019-20/02.%20Local%20municipalities/WC051%20Laingsburg/WC051%20Laingsburg%20Audit%20report%202019-20.pdf
WC052,Prince Albert,2020,unqualified,Unqualified - No findings,http://mfma.treasury.gov.za/Documents/07.%20Audit%20Reports/2019-20/02.%20Local%20municipalities/WC052%20Prince%20Albert
WC053,Beaufort West,2020,disclaimer,Disclaimer of opinion,http://mfma.treasury.gov.za/Documents/07.%20Audit%20Reports/2019-20/02.%20Local%20municipalities/WC053%20Beaufort%20West/WC053%20Beaufort%20West%20Audit%20report%202019-20.pdf
DC5,Central Karoo,2020,unqualified,Unqualified - No findings,
DC33,Mopani,2023,qualified,Qualified,https://lg.treasury.gov.za/supportingdocs/DC33/DC33_Audit%20Report_2023_Y_20240725T115043Z_bushimotau.pdf
DC34,Vhembe,2022,qualified,Qualified,https://lg.treasury.gov.za/supportingdocs/DC34/DC34_Audit%20Report_2022_Y_20221212T112309Z_patricianemabubuni.pdf
DC34,Vhembe,2023,qualified,Qualified,https://lg.treasury.gov.za/supportingdocs/DC34/DC34_Audit%20Report_2023_Y_20231215T162843Z_patricianemabubuni.pdf
DC35,Capricorn,2022,unqualified,Unqualified - No findings,https://lg.treasury.gov.za/supportingdocs/DC35/DC35_Audit%20Report_2022_Y_20221202T090320Z_venterm.pdf
DC35,Capricorn,2023,unqualified_emphasis_of_matter,Unqualified - Emphasis of Matter items,https://lg.treasury.gov.za/supportingdocs/DC35/DC35_Audit%20Report_2023_Y_20231207T110837Z_pholoanal.pdf
DC36,Waterberg,2022,unqualified,Unqualified - No findings,https://lg.treasury.gov.za/supportingdocs/DC36/DC36_Audit%20Report_2022_Y_20240226T103240Z_dmogashoa.pdf
DC36,Waterberg,2023,unqualified_emphasis_of_matter,Unqualified - Emphasis of Matter items,https://lg.treasury.gov.za/supportingdocs/DC36/DC36_Audit%20Report_2023_Y_20240226T103255Z_dmogashoa.PDF
DC37,Bojanala Platinum,2022,qualified,Qualified,https://lg.treasury.gov.za/supportingdocs/DC37/DC37_Audit%20Report_2022_Y_20221202T160646Z_vincentp.pdf
DC37,Bojanala Platinum,2023,qualified,Qualified,
DC38,Ngaka Modiri Molema,2022,adverse,Adverse opinion,
DC38,Ngaka Modiri Molema,2023,qualified,Qualified,https://lg.treasury.gov.za/supportingdocs/DC38/DC38_Audit%20Report_2023_Y_20240205T113904Z_moroanep.pdf
DC39,Dr Ruth Segomotsi Mompati,2022,qualified,Qualified,
DC39,Dr Ruth Segomotsi Mompati,2023,qualified,Qualified,
DC4,Garden Route,2022,unqualified,Unqualified - No findings,https://lg.treasury.gov.za/supportingdocs/DC4/DC4_Audit%20Report_2022_Y_20231123T155539Z_corin.pdf
DC4,Garden Route,2023,unqualified,Unqualified - No findings,https://lg.treasury.gov.za/supportingdocs/DC4/DC4_Audit%20Report_2023_Y_20231205T153846Z_corin.pdf
DC40,Dr Kenneth Kaunda,2022,unqualified_emphasis_of_matter,Unqualified - Emphasis of Matter items,
DC40,Dr Kenneth Kaunda,2023,unqualified_emphasis_of_matter,Unqualified - Emphasis of Matter items,
DC42,Sedibeng,2022,unqualified_emphasis_of_matter,Unqualified - Emphasis of Matter items,https://lg.treasury.gov.za/supportingdocs/DC42/DC42_Audit%20Report_2022_Y_20230118T083528Z_charless.pdf
DC42,Sedibeng,2023,unqualified_emphasis_of_matter,Unqualified - Emphasis of Matter items,https://lg.treasury.gov.za/supportingdocs/DC42/DC42_Audit%20Report_2023_Y_20231214T074524Z_charless.pdf
DC43,Harry Gwala,2022,qualified,Qualified,https://lg.treasury.gov.za/supportingdocs/DC43/DC43_Audit%20Report_2022_Y_20230301T095202Z_ndudanet.pdf
DC43,Harry Gwala,2023,unqualified_emphasis_of_matter,Unqualified - Emphasis of Matter items,
DC44,Alfred Nzo,2022,unqualified_emphasis_of_matter,Unqualified - Emphasis of Matter items,
DC44,Alfred Nzo,2023,unqualified_emphasis_of_matter,Unqualified - Emphasis of Matter items,https://lg.treasury.gov.za/supportingdocs/DC44/DC44_Audit%20Report_2023_Y_20231207T162827Z_bhitshal.pdf
DC45,John Taolo Gaetsewe,2022,unqualified_emphasis_of_matter,Unqualified - Emphasis of Matter items,https://lg.treasury.gov.za/supportingdocs/DC45/DC45_Audit%20Report_2022_Y_20230214T165910Z_ramonnet.pdf
DC45,John Taolo Gaetsewe,2023,unqualified_emphasis_of_matter,Unqualified - Emphasis of Matter items,https://lg.treasury.gov.za/supportingdocs/DC45/DC45_Audit%20Report_2023_Y_20240305T102736Z_kopamored.pdf
DC47,Sekhukhune,2022,qualified,Qualified,https://lg.treasury.gov.za/supportingdocs/DC47/DC47_Audit%20Report_2022_Y_20221208T104944Z_mohlammeb.pdf
DC47,Sekhukhune,2023,qualified,Qualified,https://lg.treasury.gov.za/supportingdocs/DC47/DC47_Audit%20Report_2023_Y_20231221T103715Z_pitjom.pdf
DC48,West Rand,2022,unqualified_emphasis_of_matter,Unqualified - Emphasis of Matter items,https://lg.treasury.gov.za/supportingdocs/DC48/DC48_Audit%20Report_2022_Y_20230207T094008Z_klesenya.pdf
DC48,West Rand,2023,unqualified_emphasis_of_matter,Unqualified - Emphasis of Matter items,https://lg.treasury.gov.za/supportingdocs/DC48/DC48_Audit%20Report_2023_Y_20240202T100012Z_nmhlongo.pdf
DC5,Central Karoo,2022,unqualified_emphasis_of_matter,Unqualified - Emphasis of Matter items,https://lg.treasury.gov.za/supportingdocs/DC5/DC5_Audit%20Report_2022_Y_20230728T092726Z_recardo.pdf
DC5,Central Karoo,2023,unqualified_emphasis_of_matter,Unqualified - Emphasis of Matter items,
DC6,Namakwa,2022,unqualified,Unqualified - No findings,https://lg.treasury.gov.za/supportingdocs/DC6/DC6_Audit%20Report_2022_Y_20230127T105334Z_rajivd.pdf
DC6,Namakwa,2023,unqualified,Unqualified - No findings,https://lg.treasury.gov.za/supportingdocs/DC6/DC6_Audit%20Report_2023_Y_20231212T121730Z_colwinb.pdf
DC7,Pixley Ka Seme (NC),2022,unqualified_emphasis_of_matter,Unqualified - Emphasis of Matter items,https://lg.treasury.gov.za/supportingdocs/DC7/DC7_Audit%20Report_2022_Y_20221205T103249Z_sgantonie.pdf
DC7,Pixley Ka Seme (NC),2023,unqualified_emphasis_of_matter,Unqualified - Emphasis of Matter items,https://lg.treasury.gov.za/supportingdocs/DC7/DC7_Audit%20Report_2023_Y_20240304T083501Z_ymabedla.pdf
DC8,Z F Mgcawu,2022,unqualified,Unqualified - No findings,https://lg.treasury.gov.za/supportingdocs/DC8/DC8_Audit%20Report_2022_Y_20221214T115302Z_albert.pdf
DC8,Z F Mgcawu,2023,unqualified,Unqualified - No findings,https://lg.treasury.gov.za/supportingdocs/DC8/DC8_Audit%20Report_2023_Y_20240117T115730Z_albert.pdf
DC9,Frances Baard,2022,unqualified,Unqualified - No findings,https://lg.treasury.gov.za/supportingdocs/DC9/DC9_Audit%20Report_2022_Y_20230214T162238Z_thursia_fisher.pdf
DC9,Frances Baard,2023,unqualified,Unqualified - No findings,https://lg.treasury.gov.za/supportingdocs/DC9/DC9_Audit%20Report_2023_Y_20231206T150509Z_thursia_fisher.pdf
EC101,Dr Beyers Naude,2022,qualified,Qualified,https://lg.treasury.gov.za/supportingdocs/EC101/EC101_Audit%20Report_2022_Y_20230123T125627Z_flepun.pdf
EC101,Dr Beyers Naude,2023,unqualified_emphasis_of_matter,Unqualified - Emphasis of Matter items,https://lg.treasury.gov.za/supportingdocs/EC101/EC101_Audit%20Report_2023_Y_20231212T083750Z_flepun.pdf
EC102,Blue Crane Route,2022,unqualified_emphasis_of_matter,Unqualified - Emphasis of Matter items,https://lg.treasury.gov.za/supportingdocs/EC102/EC102_Audit%20Report_2022_Y_20230117T100037Z_mmanager.pdf
EC102,Blue Crane Route,2023,unqualified_emphasis_of_matter,Unqualified - Emphasis of Matter items,https://lg.treasury.gov.za/supportingdocs/EC102/EC102_Audit%20Report_2023_Y_20231221T102923Z_mmanager.pdf
EC104,Makana,2022,disclaimer,Disclaimer of opinion,
EC104,Makana,2023,disclaimer,Disclaimer of opinion,
EC105,Ndlambe,2022,unqualified_emphasis_of_matter,Unqualified - Emphasis of Matter items,https://lg.treasury.gov.za/supportingdocs/EC105/EC105_Audit%20Report_2022_Y_20230120T141010Z_nmatthews.pdf
EC105,Ndlambe,2023,unqualified_emphasis_of_matter,Unqualified - Emphasis of Matter items,
EC106,Sundays River Valley,2022,disclaimer,Disclaimer of opinion,
EC106,Sundays River Valley,2023,disclaimer,Disclaimer of opinion,https://lg.treasury.gov.za/supportingdocs/EC106/EC106_Audit%20Report_2023_Y_20240123T102451Z_onomsat.pdf
EC108,Kouga,2022,unqualified_emphasis_of_matter,Unqualified - Emphasis of Matter items,https://lg.treasury.gov.za/supportingdocs/EC108/EC108_Audit%20Report_2022_Y_20221201T115512Z_zgongqoba.pdf
EC108,Kouga,2023,unqualified_emphasis_of_matter,Unqualified - Emphasis of Matter items,https://lg.treasury.gov.za/supportingdocs/EC108/EC108_Audit%20Report_2023_Y_20231207T114006Z_zgongqoba.pdf
EC109,Kou-Kamma,2022,unqualified_emphasis_of_matter,Unqualified - Emphasis of Matter items,
EC109,Kou-Kamma,2023,qualified,Qualified,
EC121,Mbhashe,2022,unqualified_emphasis_of_matter,Unqualified - Emphasis of Matter items,https://lg.treasury.gov.za/supportingdocs/EC121/EC121_Audit%20Report_2022_Y_20230110T110240Z_tshefub.pdf
EC121,Mbhashe,2023,unqualified_emphasis_of_matter,Unqualified - Emphasis of Matter items,https://lg.treasury.gov.za/supportingdocs/EC121/EC121_Audit%20Report_2023_Y_20240213T085106Z_tshefub.pdf
EC122,Mnquma,2022,unqualified,Unqualified - No findings,https://lg.treasury.gov.za/supportingdocs/EC122/EC122_Audit%20Report_2022_Y_20221215T084246Z_matiwanesim.pdf
EC122,Mnquma,2023,unqualified,Unqualified - No findings,https://lg.treasury.gov.za/supportingdocs/EC122/EC122_Audit%20Report_2023_Y_20231214T134905Z_matiwanesim.pdf
EC123,Great Kei,2022,unqualified_emphasis_of_matter,Unqualified - Emphasis of Matter items,https://lg.treasury.gov.za/supportingdocs/EC123/EC123_Audit%20Report_2022_Y_20221206T104848Z_sncoko.pdf
EC123,Great Kei,2023,unqualified_emphasis_of_matter,Unqualified - Emphasis of Matter items,https://lg.treasury.gov.za/supportingdocs/EC123/EC123_Audit%20Report_2023_Y_20231208T120423Z_sncoko.pdf
EC124,Amahlathi,2022,unqualified_emphasis_of_matter,Unqualified - Emphasis of Matter items,https://lg.treasury.gov.za/supportingdocs/EC124/EC124_Audit%20Report_2022_Y_20221201T092708Z_sfaye.pdf
EC124,Amahlathi,2023,qualified,Qualified,https://lg.treasury.gov.za/supportingdocs/EC124/EC124_Audit%20Report_2023_Y_20231213T104422Z_sfaye.pdf
EC126,Ngqushwa,2022,unqualified_emphasis_of_matter,Unqualified - Emphasis of Matter items,https://lg.treasury.gov.za/supportingdocs/EC126/EC126_Audit%20Report_2022_Y_20221213T144158Z_shalana.pdf
EC126,Ngqushwa,2023,unqualified_emphasis_of_matter,Unqualified - Emphasis of Matter items,https://lg.treasury.gov.za/supportingdocs/EC126/EC126_Audit%20Report_2023_Y_20231208T120901Z_shalana.pdf
EC129,Raymond Mhlaba,2022,qualified,Qualified,https://lg.treasury.gov.za/supportingdocs/EC129/EC129_Audit%20Report_2022_Y_20221201T134936Z_mngxowa.pdf
EC129,Raymond Mhlaba,2023,qualified,Qualified,https://lg.treasury.gov.za/supportingdocs/EC129/EC129_Audit%20Report_2023_Y_20240110T132415Z_mngxowa.pdf
EC131,Inxuba Yethemba,2022,unqualified_emphasis_of_matter,Unqualified - Emphasis of Matter items,https://lg.treasury.gov.za/supportingdocs/EC131/EC131_Audit%20Report_2022_Y_20221208T092244Z_ludwe.pdf
EC131,Inxuba Yethemba,2023,unqualified_emphasis_of_matter,Unqualified - Emphasis of Matter items,https://lg.treasury.gov.za/supportingdocs/EC131/EC131_Audit%20Report_2023_Y_20240111T233506Z_ludwe.pdf
EC135,Vuyisile Mini,2022,qualified,Qualified,https://lg.treasury.gov.za/supportingdocs/EC135/EC135_Audit%20Report_2022_Y_20221201T100913Z_xashimban.pdf
EC135,Vuyisile Mini,2023,unqualified_emphasis_of_matter,Unqualified - Emphasis of Matter items,https://lg.treasury.gov.za/supportingdocs/EC135/EC135_Audit%20Report_2023_Y_20231218T192211Z_sixamt.pdf
EC136,Emalahleni (EC),2022,qualified,Qualified,https://lg.treasury.gov.za/supportingdocs/EC136/EC136_Audit%20Report_2022_Y_20221207T140316Z_ngevan.pdf
EC136,Emalahleni (EC),2023,qualified,Qualified,https://lg.treasury.gov.za/supportingdocs/EC136/EC136_Audit%20Report_2023_Y_20240205T121544Z_madolon.pdf
EC137,Dr. A.B. Xuma,2022,unqualified_emphasis_of_matter,Unqualified - Emphasis of Matter items,https://lg.treasury.gov.za/supportingdocs/EC137/EC137_Audit%20Report_2022_Y_20221212T092523Z_ntoshco.pdf
EC137,Dr. A.B. Xuma,2023,unqualified_emphasis_of_matter,Unqualified - Emphasis of Matter items,https://lg.treasury.gov.za/supportingdocs/EC137/EC137_Audit%20Report_2023_Y_20231207T102826Z_ntoshco.pdf
EC138,Sakhisizwe,2022,qualified,Qualified,https://lg.treasury.gov.za/supportingdocs/EC138/EC138_Audit%20Report_2022_Y_20221213T090943Z_pindasakhisizwemunicipality.pdf
EC138,Sakhisizwe,2023,qualified,Qualified,https://lg.treasury.gov.za/supportingdocs/EC138/EC138_Audit%20Report_2023_Y_20231204T162447Z_pindasakhisizwemunicipality.pdf
EC139,Enoch Mgijima,2022,qualified,Qualified,
EC139,Enoch Mgijima,2023,qualified,Qualified,https://lg.treasury.gov.za/supportingdocs/EC139/EC139_Audit%20Report_2023_Y_20240213T103940Z_amaqokolo.pdf
EC141,Elundini,2022,unqualified_emphasis_of_matter,Unqualified - Emphasis of Matter items,https://lg.treasury.gov.za/supportingdocs/EC141/EC141_Audit%20Report_2022_Y_20221206T083404Z_funekam.pdf
EC141,Elundini,2023,unqualified_emphasis_of_matter,Unqualified - Emphasis of Matter items,https://lg.treasury.gov.za/supportingdocs/EC141/EC141_Audit%20Report_2023_Y_20231208T113423Z_funekam.pdf
EC142,Senqu,2022,unqualified_emphasis_of_matter,Unqualified - Emphasis of Matter items,https://lg.treasury.gov.za/supportingdocs/EC142/EC142_Audit%20Report_2022_Y_20230816T122714Z_mayekisot.pdf
EC142,Senqu,2023,unqualified,Unqualified - No findings,https://lg.treasury.gov.za/supportingdocs/EC142/EC142_Audit%20Report_2023_Y_20231207T095937Z_mayekisot.pdf
EC145,Walter Sisulu,2022,adverse,Adverse opinion,
EC145,Walter Sisulu,2023,qualified,Qualified,https://lg.treasury.gov.za/supportingdocs/EC145/EC145_Audit%20Report_2023_Y_20240202T002626Z_bohlokoa_lesiea.pdf
EC153,Ngquza Hills,2022,qualified,Qualified,https://lg.treasury.gov.za/supportingdocs/EC153/EC153_Audit%20Report_2022_Y_20221221T092914Z_andabeni.pdf
EC153,Ngquza Hills,2023,qualified,Qualified,https://lg.treasury.gov.za/supportingdocs/EC153/EC153_Audit%20Report_2023_Y_20240228T133958Z_andabeni.pdf
EC154,Port St Johns,2022,qualified,Qualified,https://lg.treasury.gov.za/supportingdocs/EC154/EC154_Audit%20Report_2022_Y_20230418T104624Z_ntan.pdf
EC154,Port St Johns,2023,qualified,Qualified,https://lg.treasury.gov.za/supportingdocs/EC154/EC154_Audit%20Report_2023_Y_20231219T090537Z_ntan.pdf
EC155,Nyandeni,2022,unqualified_emphasis_of_matter,Unqualified - Emphasis of Matter items,https://lg.treasury.gov.za/supportingdocs/EC155/EC155_Audit%20Report_2022_Y_20230124T160659Z_tukelan.pdf
EC155,Nyandeni,2023,qualified,Qualified,https://lg.treasury.gov.za/supportingdocs/EC155/EC155_Audit%20Report_2023_Y_20240125T152453Z_lusawanaz.pdf
EC156,Kumkani Mhlontlo,2022,qualified,Qualified,https://lg.treasury.gov.za/supportingdocs/EC156/EC156_Audit%20Report_2022_Y_20230127T111923Z_nboti.pdf
EC156,Kumkani Mhlontlo,2023,qualified,Qualified,https://lg.treasury.gov.za/supportingdocs/EC156/EC156_Audit%20Report_2023_Y_20240116T095403Z_nboti.pdf
EC157,King Sabata Dalindyebo,2022,unqualified_emphasis_of_matter,Unqualified - Emphasis of Matter items,https://lg.treasury.gov.za/supportingdocs/EC157/EC157_Audit%20Report_2022_Y_20221206T132827Z_funaniy.pdf
EC157,King Sabata Dalindyebo,2023,unqualified_emphasis_of_matter,Unqualified - Emphasis of Matter items,https://lg.treasury.gov.za/supportingdocs/EC157/EC157_Audit%20Report_2023_Y_20231201T182929Z_funaniy.pdf
EC441,Matatiele,2022,unqualified_emphasis_of_matter,Unqualified - Emphasis of Matter items,https://lg.treasury.gov.za/supportingdocs/EC441/EC441_Audit%20Report_2022_Y_20221212T142200Z_pnonkevu.pdf
EC441,Matatiele,2023,unqualified_emphasis_of_matter,Unqualified - Emphasis of Matter items,https://lg.treasury.gov.za/supportingdocs/EC441/EC441_Audit%20Report_2023_Y_20240618T102645Z_pnonkevu.pdf
EC442,Umzimvubu,2022,unqualified_emphasis_of_matter,Unqualified - Emphasis of Matter items,https://lg.treasury.gov.za/supportingdocs/EC442/EC442_Audit%20Report_2022_Y_20230508T195547Z_luzipho_luthando.pdf
EC442,Umzimvubu,2023,unqualified_emphasis_of_matter,Unqualified - Emphasis of Matter items,
EC443,Winnie Madikizela-Mandela,2022,unqualified,Unqualified - No findings,https://lg.treasury.gov.za/supportingdocs/EC443/EC443_Audit%20Report_2022_Y_20221201T150112Z_mehloz.pdf
EC443,Winnie Madikizela-Mandela,2023,unqualified,Unqualified - No findings,https://lg.treasury.gov.za/supportingdocs/EC443/EC443_Audit%20Report_2023_Y_20231204T104922Z_mehloz.pdf
EC444,Ntabankulu,2022,qualified,Qualified,
EC444,Ntabankulu,2023,unqualified_emphasis_of_matter,Unqualified - Emphasis of Matter items,https://lg.treasury.gov.za/supportingdocs/EC444/EC444_Audit%20Report_2023_Y_20240124T145052Z_ahlohlela022.pdf
EKU,City of Ekurhuleni,2022,unqualified,Unqualified - No findings,https://lg.treasury.gov.za/supportingdocs/EKU/EKU_Audit%20Report_2022_Y_20230227T143014Z_nozipho_dlamini.pdf
EKU,City of Ekurhuleni,2023,unqualified_emphasis_of_matter,Unqualified - Emphasis of Matter items,https://lg.treasury.gov.za/supportingdocs/EKU/EKU_Audit%20Report_2023_Y_20240313T093335Z_nozipho_dlamini.pdf
ETH,eThekwini,2022,unqualified_emphasis_of_matter,Unqualified - Emphasis of Matter items,https://lg.treasury.gov.za/supportingdocs/ETH/ETH_Audit%20Report_2022_Y_20230127T095933Z_kuselo_nteleko.pdf
ETH,eThekwini,2023,unqualified_emphasis_of_matter,Unqualified - Emphasis of Matter items,https://lg.treasury.gov.za/supportingdocs/ETH/ETH_Audit%20Report_2023_Y_20240108T120955Z_kuselo_nteleko.pdf
FS161,Letsemeng,2022,qualified,Qualified,https://lg.treasury.gov.za/supportingdocs/FS161/FS161_Audit%20Report_2022_Y_20230301T125416Z_leratom.pdf
FS161,Letsemeng,2023,qualified,Qualified,
FS162,Kopanong,2022,qualified,Qualified,
FS162,Kopanong,2023,qualified,Qualified,
FS163,Mohokare,2022,qualified,Qualified,https://lg.treasury.gov.za/supportingdocs/FS163/FS163_Audit%20Report_2022_Y_20230412T170457Z_tsoho.pdf
FS163,Mohokare,2023,disclaimer,Disclaimer of opinion,https://lg.treasury.gov.za/supportingdocs/FS163/FS163_Audit%20Report_2023_Y_20240517T230230Z_tsoho.pdf
FS181,Masilonyana,2022,disclaimer,Disclaimer of opinion,
FS181,Masilonyana,2023,disclaimer,Disclaimer of opinion,https://lg.treasury.gov.za/supportingdocs/FS181/FS181_Audit%20Report_2023_Y_20240216T091853Z_tmokgethi.pdf
FS182,Tokologo,2022,disclaimer,Disclaimer of opinion,
FS182,Tokologo,2023,qualified,Qualified,
FS183,Tswelopele,2022,unqualified_emphasis_of_matter,Unqualified - Emphasis of Matter items,https://lg.treasury.gov.za/supportingdocs/FS183/FS183_Audit%20Report_2022_Y_20230118T163638Z_tlekhila.pdf
FS183,Tswelopele,2023,unqualified_emphasis_of_matter,Unqualified - Emphasis of Matter items,https://lg.treasury.gov.za/supportingdocs/FS183/FS183_Audit%20Report_2023_Y_20231218T115340Z_tlekhila.pdf
FS184,Matjhabeng,2022,qualified,Qualified,https://lg.treasury.gov.za/supportingdocs/FS184/FS184_Audit%20Report_2022_Y_20230118T135806Z_kgali_tsie.pdf
FS184,Matjhabeng,2023,qualified,Qualified,https://lg.treasury.gov.za/supportingdocs/FS184/FS184_Audit%20Report_2023_Y_20240131T083501Z_kgali_tsie.pdf
FS185,Nala,2022,qualified,Qualified,
FS185,Nala,2023,qualified,Qualified,
FS191,Setsoto,2022,unqualified_emphasis_of_matter,Unqualified - Emphasis of Matter items,https://lg.treasury.gov.za/supportingdocs/FS191/FS191_Audit%20Report_2022_Y_20230316T093314Z_rosep.pdf
FS191,Setsoto,2023,unqualified_emphasis_of_matter,Unqualified - Emphasis of Matter items,https://lg.treasury.gov.za/supportingdocs/FS191/FS191_Audit%20Report_2023_Y_20240123T121950Z_rosep.pdf
FS192,Dihlabeng,2022,qualified,Qualified,https://lg.treasury.gov.za/supportingdocs/FS192/FS192_Audit%20Report_2022_Y_20221205T102736Z_lydiam.pdf
FS192,Dihlabeng,2023,outstanding,Outstanding,https://lg.treasury.gov.za/supportingdocs/FS192/FS192_Audit%20Report_2023_Y_20240408T142916Z_lydiam.pdf
FS193,Nketoana,2022,disclaimer,Disclaimer of opinion,https://lg.treasury.gov.za/supportingdocs/FS193/FS193_Audit%20Report_2022_Y_20230901T100712Z_nketoana_budget.pdf
FS193,Nketoana,2023,disclaimer,Disclaimer of opinion,https://lg.treasury.gov.za/supportingdocs/FS193/FS193_Audit%20Report_2023_Y_20240618T084359Z_nketoana_budget.pdf
FS194,Maluti-a-Phofung,2022,outstanding,Outstanding,
FS194,Maluti-a-Phofung,2023,outstanding,Outstanding,https://lg.treasury.gov.za/supportingdocs/FS194/FS194_Audit%20Report_2023_Y_20231206T135338Z_matebohom.pdf
FS195,Phumelela,2022,unqualified_emphasis_of_matter,Unqualified - Emphasis of Matter items,https://lg.treasury.gov.za/supportingdocs/FS195/FS195_Audit%20Report_2022_Y_20230119T103925Z_finacc.pdf
FS195,Phumelela,2023,unqualified_emphasis_of_matter,Unqualified - Emphasis of Matter items,https://lg.treasury.gov.za/supportingdocs/FS195/FS195_Audit%20Report_2023_Y_20240123T154650Z_finacc.pdf
FS196,Mantsopa,2022,qualified,Qualified,
FS196,Mantsopa,2023,qualified,Qualified,https://lg.treasury.gov.za/supportingdocs/FS196/FS196_Audit%20Report_2023_Y_20231220T114822Z_p_yangaphi.pdf
FS201,Moqhaka,2022,unqualified_emphasis_of_matter,Unqualified - Emphasis of Matter items,https://lg.treasury.gov.za/supportingdocs/FS201/FS201_Audit%20Report_2022_Y_20230125T130304Z_ikelengm.pdf
FS201,Moqhaka,2023,outstanding,Outstanding,
FS203,Ngwathe,2022,qualified,Qualified,https://lg.treasury.gov.za/supportingdocs/FS203/FS203_Audit%20Report_2022_Y_20230113T143700Z_mogoera.pdf
FS203,Ngwathe,2023,qualified,Qualified,
FS204,Metsimaholo,2022,qualified,Qualified,https://lg.treasury.gov.za/supportingdocs/FS204/FS204_Audit%20Report_2022_Y_20221208T131744Z_nthati_motloung.pdf
FS204,Metsimaholo,2023,qualified,Qualified,https://lg.treasury.gov.za/supportingdocs/FS204/FS204_Audit%20Report_2023_Y_20231206T113709Z_nthati_motloung.pdf
FS205,Mafube,2022,qualified,Qualified,https://lg.treasury.gov.za/supportingdocs/FS205/FS205_Audit%20Report_2022_Y_20230628T124638Z_mgcina_ga.pdf
FS205,Mafube,2023,outstanding,Outstanding,
GT421,Emfuleni,2022,qualified,Qualified,https://lg.treasury.gov.za/supportingdocs/GT421/GT421_Audit%20Report_2022_Y_20230228T121928Z_nanikiem.pdf
GT421,Emfuleni,2023,qualified,Qualified,
GT422,Midvaal,2022,unqualified,Unqualified - No findings,https://lg.treasury.gov.za/supportingdocs/GT422/GT422_Audit%20Report_2022_Y_20220831T231921Z_koobad.pdf
GT422,Midvaal,2023,unqualified,Unqualified - No findings,https://lg.treasury.gov.za/supportingdocs/GT422/GT422_Audit%20Report_2023_Y_20240206T091754Z_koobad.pdf
GT423,Lesedi,2022,unqualified_emphasis_of_matter,Unqualified - Emphasis of Matter items,
GT423,Lesedi,2023,unqualified_emphasis_of_matter,Unqualified - Emphasis of Matter items,https://lg.treasury.gov.za/supportingdocs/GT423/GT423_Audit%20Report_2023_Y_20240206T142057Z_tebogos.pdf
GT481,Mogale City,2022,qualified,Qualified,https://lg.treasury.gov.za/supportingdocs/GT481/GT481_Audit%20Report_2022_Y_20230316T095713Z_miehleketo_nkanyani.pdf
GT481,Mogale City,2023,qualified,Qualified,https://lg.treasury.gov.za/supportingdocs/GT481/GT481_Audit%20Report_2023_Y_20231218T091743Z_miehleketo_nkanyani.pdf
GT484,Merafong City,2022,disclaimer,Disclaimer of opinion,
GT484,Merafong City,2023,disclaimer,Disclaimer of opinion,https://lg.treasury.gov.za/supportingdocs/GT484/GT484_Audit%20Report_2023_Y_20240212T093608Z_mmathibe.pdf
GT485,Rand West City,2022,unqualified_emphasis_of_matter,Unqualified - Emphasis of Matter items,https://lg.treasury.gov.za/supportingdocs/GT485/GT485_Audit%20Report_2022_Y_20221208T083556Z_sandile_nxumalo.pdf
GT485,Rand West City,2023,unqualified_emphasis_of_matter,Unqualified - Emphasis of Matter items,https://lg.treasury.gov.za/supportingdocs/GT485/GT485_Audit%20Report_2023_Y_20231215T091912Z_itumeleng_mogalobe.pdf
JHB,City of Johannesburg,2022,unqualified_emphasis_of_matter,Unqualified - Emphasis of Matter items,https://lg.treasury.gov.za/supportingdocs/JHB/JHB_Audit%20Report_2022_Y_20230113T143739Z_nselelon.pdf
JHB,City of Johannesburg,2023,unqualified_emphasis_of_matter,Unqualified - Emphasis of Matter items,https://lg.treasury.gov.za/supportingdocs/JHB/JHB_Audit%20Report_2023_Y_20231231T165632Z_ntuthuzeloa.pdf
KZN212,Umdoni,2022,unqualified_emphasis_of_matter,Unqualified - Emphasis of Matter items,https://lg.treasury.gov.za/supportingdocs/KZN212/KZN212_Audit%20Report_2022_Y_20221212T151046Z_princen.pdf
KZN212,Umdoni,2023,unqualified_emphasis_of_matter,Unqualified - Emphasis of Matter items,
KZN213,Umzumbe,2022,unqualified_emphasis_of_matter,Unqualified - Emphasis of Matter items,https://lg.treasury.gov.za/supportingdocs/KZN213/KZN213_Audit%20Report_2022_Y_20230303T165435Z_kushi.pdf
KZN213,Umzumbe,2023,qualified,Qualified,
KZN214,uMuziwabantu,2022,unqualified_emphasis_of_matter,Unqualified - Emphasis of Matter items,https://lg.treasury.gov.za/supportingdocs/KZN214/KZN214_Audit%20Report_2022_Y_20230118T153202Z_hmchunu.pdf
KZN214,uMuziwabantu,2023,unqualified_emphasis_of_matter,Unqualified - Emphasis of Matter items,https://lg.treasury.gov.za/supportingdocs/KZN214/KZN214_Audit%20Report_2023_Y_20231213T090925Z_hmchunu.pdf
KZN216,Ray Nkonyeni,2022,unqualified,Unqualified - No findings,https://lg.treasury.gov.za/supportingdocs/KZN216/KZN216_Audit%20Report_2022_Y_20221202T084916Z_thabani_shazi.pdf
KZN216,Ray Nkonyeni,2023,unqualified_emphasis_of_matter,Unqualified - Emphasis of Matter items,https://lg.treasury.gov.za/supportingdocs/KZN216/KZN216_Audit%20Report_2023_Y_20240219T131754Z_thabani_shazi.pdf
KZN221,uMshwathi,2022,unqualified_emphasis_of_matter,Unqualified - Emphasis of Matter items,https://lg.treasury.gov.za/supportingdocs/KZN221/KZN221_Audit%20Report_2022_Y_20221214T102512Z_thenjiwem.pdf
KZN221,uMshwathi,2023,unqualified_emphasis_of_matter,Unqualified - Emphasis of Matter items,https://lg.treasury.gov.za/supportingdocs/KZN221/KZN221_Audit%20Report_2023_Y_20231218T125310Z_thenjiwem.pdf
KZN222,uMngeni,2022,unqualified_emphasis_of_matter,Unqualified - Emphasis of Matter items,
KZN222,uMngeni,2023,unqualified_emphasis_of_matter,Unqualified - Emphasis of Matter items,https://lg.treasury.gov.za/supportingdocs/KZN222/KZN222_Audit%20Report_2023_Y_20231207T133734Z_nokwanda_dladla.pdf
KZN223,Mpofana,2022,qualified,Qualified,https://lg.treasury.gov.za/supportingdocs/KZN223/KZN223_Audit%20Report_2022_Y_20221207T101306Z_thandi_cele.pdf
KZN223,Mpofana,2023,qualified,Qualified,https://lg.treasury.gov.za/supportingdocs/KZN223/KZN223_Audit%20Report_2023_Y_20240103T145005Z_thandi_cele.pdf
KZN224,Impendle,2022,unqualified_emphasis_of_matter,Unqualified - Emphasis of Matter items,
KZN224,Impendle,2023,unqualified_emphasis_of_matter,Unqualified - Emphasis of Matter items,
KZN225,Msunduzi,2022,qualified,Qualified,https://lg.treasury.gov.za/supportingdocs/KZN225/KZN225_Audit%20Report_2022_Y_20230123T113122Z_mbalenhle_khubone.pdf
KZN225,Msunduzi,2023,qualified,Qualified,https://lg.treasury.gov.za/supportingdocs/KZN225/KZN225_Audit%20Report_2023_Y_20240219T124731Z_mbalenhle_khubone.pdf
KZN226,Mkhambathini,2022,unqualified_emphasis_of_matter,Unqualified - Emphasis of Matter items,
KZN226,Mkhambathini,2023,unqualified_emphasis_of_matter,Unqualified - Emphasis of Matter items,https://lg.treasury.gov.za/supportingdocs/KZN226/KZN226_Audit%20Report_2023_Y_20231208T095930Z_cfo.pdf
KZN227,Richmond,2022,unqualified_emphasis_of_matter,Unqualified - Emphasis of Matter items,https://lg.treasury.gov.za/supportingdocs/KZN227/KZN227_Audit%20Report_2022_Y_20230627T125103Z_mazwi_biyase.pdf
KZN227,Richmond,2023,unqualified_emphasis_of_matter,Unqualified - Emphasis of Matter items,https://lg.treasury.gov.za/supportingdocs/KZN227/KZN227_Audit%20Report_2023_Y_20231205T102807Z_mazwi_biyase.pdf
KZN235,Okhahlamba,2022,unqualified,Unqualified - No findings,https://lg.treasury.gov.za/supportingdocs/KZN235/KZN235_Audit%20Report_2022_Y_20221201T075409Z_khethiwe_dubazane.pdf
KZN235,Okhahlamba,2023,unqualified,Unqualified - No findings,https://lg.treasury.gov.za/supportingdocs/KZN235/KZN235_Audit%20Report_2023_Y_20231201T075441Z_khethiwe_dubazane.pdf
KZN237,Inkosi Langalibalele,2022,qualified,Qualified,https://lg.treasury.gov.za/supportingdocs/KZN237/KZN237_Audit%20Report_2022_Y_20230215T143613Z_mzwandile.pdf
KZN237,Inkosi Langalibalele,2023,qualified,Qualified,
KZN238,Alfred Duma,2022,unqualified_emphasis_of_matter,Unqualified - Emphasis of Matter items,https://lg.treasury.gov.za/supportingdocs/KZN238/KZN238_Audit%20Report_2022_Y_20230118T075700Z_nsingh.pdf
KZN238,Alfred Duma,2023,unqualified_emphasis_of_matter,Unqualified - Emphasis of Matter items,https://lg.treasury.gov.za/supportingdocs/KZN238/KZN238_Audit%20Report_2023_Y_20231214T094003Z_nsingh.pdf
KZN241,Endumeni,2022,qualified,Qualified,https://lg.treasury.gov.za/supportingdocs/KZN241/KZN241_Audit%20Report_2022_Y_20221207T153457Z_khumalom.pdf
KZN241,Endumeni,2023,qualified,Qualified,https://lg.treasury.gov.za/supportingdocs/KZN241/KZN241_Audit%20Report_2023_Y_20231207T122117Z_khumalom.pdf
KZN242,Nquthu,2022,qualified,Qualified,
KZN242,Nquthu,2023,unqualified_emphasis_of_matter,Unqualified - Emphasis of Matter items,https://lg.treasury.gov.za/supportingdocs/KZN242/KZN242_Audit%20Report_2023_Y_20231220T101334Z_sibonginkosix.pdf
KZN244,Msinga,2022,unqualified_emphasis_of_matter,Unqualified - Emphasis of Matter items,https://lg.treasury.gov.za/supportingdocs/KZN244/KZN244_Audit%20Report_2022_Y_20240227T130320Z_bulelwa_masimula.pdf
KZN244,Msinga,2023,unqualified_emphasis_of_matter,Unqualified - Emphasis of Matter items,https://lg.treasury.gov.za/supportingdocs/KZN244/KZN244_Audit%20Report_2023_Y_20240227T125948Z_bulelwa_masimula.pdf
KZN245,Umvoti,2022,unqualified_emphasis_of_matter,Unqualified - Emphasis of Matter items,https://lg.treasury.gov.za/supportingdocs/KZN245/KZN245_Audit%20Report_2022_Y_20221212T125634Z_nomfundo_mngomezulu.pdf
KZN245,Umvoti,2023,unqualified_emphasis_of_matter,Unqualified - Emphasis of Matter items,https://lg.treasury.gov.za/supportingdocs/KZN245/KZN245_Audit%20Report_2023_Y_20231214T153159Z_nomfundo_mngomezulu.pdf
KZN252,Newcastle,2022,unqualified_emphasis_of_matter,Unqualified - Emphasis of Matter items,https://lg.treasury.gov.za/supportingdocs/KZN252/KZN252_Audit%20Report_2022_Y_20230301T113606Z_xolile_msibi.pdf
KZN252,Newcastle,2023,unqualified_emphasis_of_matter,Unqualified - Emphasis of Matter items,https://lg.treasury.gov.za/supportingdocs/KZN252/KZN252_Audit%20Report_2023_Y_20231204T140749Z_xolile_msibi.pdf
KZN253,Emadlangeni,2022,qualified,Qualified,https://lg.treasury.gov.za/supportingdocs/KZN253/KZN253_Audit%20Report_2022_Y_20230620T094318Z_muyundal.pdf
KZN253,Emadlangeni,2023,unqualified_emphasis_of_matter,Unqualified - Emphasis of Matter items,https://lg.treasury.gov.za/supportingdocs/KZN253/KZN253_Audit%20Report_2023_Y_20231205T161116Z_muyundal.pdf
KZN254,Dannhauser,2022,unqualified_emphasis_of_matter,Unqualified - Emphasis of Matter items,
KZN254,Dannhauser,2023,unqualified_emphasis_of_matter,Unqualified - Emphasis of Matter items,
KZN261,eDumbe,2022,unqualified_emphasis_of_matter,Unqualified - Emphasis of Matter items,
KZN261,eDumbe,2023,unqualified_emphasis_of_matter,Unqualified - Emphasis of Matter items,
KZN262,uPhongolo,2022,unqualified_emphasis_of_matter,Unqualified - Emphasis of Matter items,https://lg.treasury.gov.za/supportingdocs/KZN262/KZN262_Audit%20Report_2022_Y_20230104T140316Z_mazwih.pdf
KZN262,uPhongolo,2023,unqualified_emphasis_of_matter,Unqualified - Emphasis of Matter items,https://lg.treasury.gov.za/supportingdocs/KZN262/KZN262_Audit%20Report_2023_Y_20240516T125430Z_mazwih.pdf
KZN263,Abaqulusi,2022,unqualified_emphasis_of_matter,Unqualified - Emphasis of Matter items,https://lg.treasury.gov.za/supportingdocs/KZN263/KZN263_Audit%20Report_2022_Y_20221212T104251Z_ltupper.pdf
KZN263,Abaqulusi,2023,unqualified_emphasis_of_matter,Unqualified - Emphasis of Matter items,https://lg.treasury.gov.za/supportingdocs/KZN263/KZN263_Audit%20Report_2023_Y_20231201T112013Z_ltupper.pdf
KZN265,Nongoma,2022,unqualified_emphasis_of_matter,Unqualified - Emphasis of Matter items,
KZN265,Nongoma,2023,unqualified_emphasis_of_matter,Unqualified - Emphasis of Matter items,
KZN266,Ulundi,2022,qualified,Qualified,https://lg.treasury.gov.za/supportingdocs/KZN266/KZN266_Audit%20Report_2022_Y_20221215T092211Z_hndlela.pdf
KZN266,Ulundi,2023,unqualified_emphasis_of_matter,Unqualified - Emphasis of Matter items,https://lg.treasury.gov.za/supportingdocs/KZN266/KZN266_Audit%20Report_2023_Y_20231208T110206Z_hndlela.pdf
KZN271,Umhlabuyalingana,2022,unqualified_emphasis_of_matter,Unqualified - Emphasis of Matter items,https://lg.treasury.gov.za/supportingdocs/KZN271/KZN271_Audit%20Report_2022_Y_20230620T165218Z_xolilek.pdf
KZN271,Umhlabuyalingana,2023,unqualified_emphasis_of_matter,Unqualified - Emphasis of Matter items,https://lg.treasury.gov.za/supportingdocs/KZN271/KZN271_Audit%20Report_2023_Y_20240516T095642Z_xolilek.pdf
KZN272,Jozini,2022,unqualified_emphasis_of_matter,Unqualified - Emphasis of Matter items,
KZN272,Jozini,2023,qualified,Qualified,https://lg.treasury.gov.za/supportingdocs/KZN272/KZN272_Audit%20Report_2023_Y_20231212T115814Z_sxulu.pdf
KZN275,Mtubatuba,2022,qualified,Qualified,https://lg.treasury.gov.za/supportingdocs/KZN275/KZN275_Audit%20Report_2022_Y_20230125T125905Z_vukanig_finance.pdf
KZN275,Mtubatuba,2023,qualified,Qualified,
KZN276,Hlabisa Big Five,2022,unqualified_emphasis_of_matter,Unqualified - Emphasis of Matter items,https://lg.treasury.gov.za/supportingdocs/KZN276/KZN276_Audit%20Report_2022_Y_20240306T095908Z_sadlalisa.pdf
KZN276,Hlabisa Big Five,2023,unqualified_emphasis_of_matter,Unqualified - Emphasis of Matter items,https://lg.treasury.gov.za/supportingdocs/KZN276/KZN276_Audit%20Report_2023_Y_20240418T083321Z_sadlalisa.pdf
KZN281,Mfolozi,2022,unqualified_emphasis_of_matter,Unqualified - Emphasis of Matter items,https://lg.treasury.gov.za/supportingdocs/KZN281/KZN281_Audit%20Report_2022_Y_20221201T144958Z_mthethwan.pdf
KZN281,Mfolozi,2023,unqualified_emphasis_of_matter,Unqualified - Emphasis of Matter items,https://lg.treasury.gov.za/supportingdocs/KZN281/KZN281_Audit%20Report_2023_Y_20231206T225249Z_shandutp.pdf
KZN282,uMhlathuze,2022,unqualified,Unqualified - No findings,https://lg.treasury.gov.za/supportingdocs/KZN282/KZN282_Audit%20Report_2022_Y_20221209T111802Z_senzo_mngomezulu.pdf
KZN282,uMhlathuze,2023,unqualified,Unqualified - No findings,https://lg.treasury.gov.za/supportingdocs/KZN282/KZN282_Audit%20Report_2023_Y_20231204T091005Z_senzo_mngomezulu.pdf
KZN284,uMlalazi,2022,unqualified_emphasis_of_matter,Unqualified - Emphasis of Matter items,https://lg.treasury.gov.za/supportingdocs/KZN284/KZN284_Audit%20Report_2022_Y_20230905T083829Z_sibusisos.pdf
KZN284,uMlalazi,2023,unqualified,Unqualified - No findings,https://lg.treasury.gov.za/supportingdocs/KZN284/KZN284_Audit%20Report_2023_Y_20231206T081106Z_sibusisos.pdf
KZN285,Mthonjaneni,2022,unqualified_emphasis_of_matter,Unqualified - Emphasis of Matter items,https://lg.treasury.gov.za/supportingdocs/KZN285/KZN285_Audit%20Report_2022_Y_20221206T090032Z_mefr.pdf
KZN285,Mthonjaneni,2023,unqualified_emphasis_of_matter,Unqualified - Emphasis of Matter items,https://lg.treasury.gov.za/supportingdocs/KZN285/KZN285_Audit%20Report_2023_Y_20231207T094703Z_rfs.pdf
KZN286,Nkandla,2022,unqualified_emphasis_of_matter,Unqualified - Emphasis of Matter items,
KZN286,Nkandla,2023,unqualified_emphasis_of_matter,Unqualified - Emphasis of Matter items,https://lg.treasury.gov.za/supportingdocs/KZN286/KZN286_Audit%20Report_2023_Y_20240216T093837Z_mshongwe.pdf
KZN291,Mandeni,2022,unqualified_emphasis_of_matter,Unqualified - Emphasis of Matter items,https://lg.treasury.gov.za/supportingdocs/KZN291/KZN291_Audit%20Report_2022_Y_20221212T101625Z_mpume_guzana.pdf
KZN291,Mandeni,2023,unqualified_emphasis_of_matter,Unqualified - Emphasis of Matter items,https://lg.treasury.gov.za/supportingdocs/KZN291/KZN291_Audit%20Report_2023_Y_20231213T144434Z_mpume_guzana.pdf
KZN292,KwaDukuza,2022,unqualified_emphasis_of_matter,Unqualified - Emphasis of Matter items,https://lg.treasury.gov.za/supportingdocs/KZN292/KZN292_Audit%20Report_2022_Y_20221206T145707Z_leannea.pdf
KZN292,KwaDukuza,2023,unqualified_emphasis_of_matter,Unqualified - Emphasis of Matter items,https://lg.treasury.gov.za/supportingdocs/KZN292/KZN292_Audit%20Report_2023_Y_20240104T140306Z_leannea.pdf
KZN293,Ndwedwe,2022,unqualified_emphasis_of_matter,Unqualified - Emphasis of Matter items,https://lg.treasury.gov.za/supportingdocs/KZN293/KZN293_Audit%20Report_2022_Y_20221213T134131Z_sbonelo_ngidi.pdf
KZN293,Ndwedwe,2023,unqualified_emphasis_of_matter,Unqualified - Emphasis of Matter items,https://lg.treasury.gov.za/supportingdocs/KZN293/KZN293_Audit%20Report_2023_Y_20231214T130448Z_sbonelo_ngidi.pdf
KZN294,Maphumulo,2022,unqualified_emphasis_of_matter,Unqualified - Emphasis of Matter items,https://lg.treasury.gov.za/supportingdocs/KZN294/KZN294_Audit%20Report_2022_Y_20221213T103647Z_lindokuhle_lunganigumede.pdf
KZN294,Maphumulo,2023,unqualified_emphasis_of_matter,Unqualified - Emphasis of Matter items,
KZN433,Greater Kokstad,2022,unqualified_emphasis_of_matter,Unqualified - Emphasis of Matter items,https://lg.treasury.gov.za/supportingdocs/KZN433/KZN433_Audit%20Report_2022_Y_20221206T144223Z_bulelani_fingwa.pdf
KZN433,Greater Kokstad,2023,unqualified_emphasis_of_matter,Unqualified - Emphasis of Matter items,https://lg.treasury.gov.za/supportingdocs/KZN433/KZN433_Audit%20Report_2023_Y_20231205T122223Z_bulelani_fingwa.pdf
KZN434,Johannes Phumani Phungula,2022,unqualified_emphasis_of_matter,Unqualified - Emphasis of Matter items,https://lg.treasury.gov.za/supportingdocs/KZN434/KZN434_Audit%20Report_2022_Y_20221202T080344Z_mdtsengane.pdf
KZN434,Johannes Phumani Phungula,2023,unqualified_emphasis_of_matter,Unqualified - Emphasis of Matter items,https://lg.treasury.gov.za/supportingdocs/KZN434/KZN434_Audit%20Report_2023_Y_20240418T121438Z_nmbobo.pdf
KZN435,Umzimkhulu,2022,unqualified_emphasis_of_matter,Unqualified - Emphasis of Matter items,https://lg.treasury.gov.za/supportingdocs/KZN435/KZN435_Audit%20Report_2022_Y_20221214T105722Z_thusiw.pdf
LIM333,Greater Tzaneen,2023,unqualified_emphasis_of_matter,Unqualified - Emphasis of Matter items,https://lg.treasury.gov.za/supportingdocs/LIM333/LIM333_Audit%20Report_2023_Y_20240216T073504Z_andre_legrange.pdf
LIM334,Ba-Phalaborwa,2022,qualified,Qualified,https://lg.treasury.gov.za/supportingdocs/LIM334/LIM334_Audit%20Report_2022_Y_20221205T110440Z_kanyanah.pdf
LIM334,Ba-Phalaborwa,2023,qualified,Qualified,https://lg.treasury.gov.za/supportingdocs/LIM334/LIM334_Audit%20Report_2023_Y_20240404T123825Z_motloutsiw.pdf
LIM335,Maruleng,2022,unqualified_emphasis_of_matter,Unqualified - Emphasis of Matter items,https://lg.treasury.gov.za/supportingdocs/LIM335/LIM335_Audit%20Report_2022_Y_20221213T130440Z_maruka_delina.pdf
LIM335,Maruleng,2023,unqualified_emphasis_of_matter,Unqualified - Emphasis of Matter items,https://lg.treasury.gov.za/supportingdocs/LIM335/LIM335_Audit%20Report_2023_Y_20240328T082242Z_mashilanem.pdf
LIM341,Musina,2022,qualified,Qualified,https://lg.treasury.gov.za/supportingdocs/LIM341/LIM341_Audit%20Report_2022_Y_20230207T135558Z_fikiled.pdf
LIM341,Musina,2023,unqualified_emphasis_of_matter,Unqualified - Emphasis of Matter items,https://lg.treasury.gov.za/supportingdocs/LIM341/LIM341_Audit%20Report_2023_Y_20231207T090454Z_fikiled.pdf
LIM343,Thulamela,2022,unqualified_emphasis_of_matter,Unqualified - Emphasis of Matter items,https://lg.treasury.gov.za/supportingdocs/LIM343/LIM343_Audit%20Report_2022_Y_20221205T085032Z_mulaudzin.pdf
LIM343,Thulamela,2023,unqualified_emphasis_of_matter,Unqualified - Emphasis of Matter items,https://lg.treasury.gov.za/supportingdocs/LIM343/LIM343_Audit%20Report_2023_Y_20231207T085617Z_mulaudzin.pdf
LIM344,Makhado,2022,unqualified_emphasis_of_matter,Unqualified - Emphasis of Matter items,https://lg.treasury.gov.za/supportingdocs/LIM344/LIM344_Audit%20Report_2022_Y_20230418T175257Z_masindim.pdf
LIM344,Makhado,2023,unqualified_emphasis_of_matter,Unqualified - Emphasis of Matter items,https://lg.treasury.gov.za/supportingdocs/LIM344/LIM344_Audit%20Report_2023_Y_20240202T145854Z_phumudzom.pdf
LIM345,Collins Chabane,2022,unqualified_emphasis_of_matter,Unqualified - Emphasis of Matter items,https://lg.treasury.gov.za/supportingdocs/LIM345/LIM345_Audit%20Report_2022_Y_20230420T124801Z_nomsa_makhubela.pdf
LIM345,Collins Chabane,2023,unqualified_emphasis_of_matter,Unqualified - Emphasis of Matter items,https://lg.treasury.gov.za/supportingdocs/LIM345/LIM345_Audit%20Report_2023_Y_20231201T143057Z_nomsa_makhubela.pdf
LIM351,Blouberg,2022,unqualified_emphasis_of_matter,Unqualified - Emphasis of Matter items,https://lg.treasury.gov.za/supportingdocs/LIM351/LIM351_Audit%20Report_2022_Y_20230911T113731Z_ribam.pdf
LIM351,Blouberg,2023,qualified,Qualified,https://lg.treasury.gov.za/supportingdocs/LIM351/LIM351_Audit%20Report_2023_Y_20231207T103714Z_ribam.pdf
LIM353,Molemole,2022,unqualified_emphasis_of_matter,Unqualified - Emphasis of Matter items,
LIM353,Molemole,2023,unqualified_emphasis_of_matter,Unqualified - Emphasis of Matter items,
LIM354,Polokwane,2022,unqualified_emphasis_of_matter,Unqualified - Emphasis of Matter items,https://lg.treasury.gov.za/supportingdocs/LIM354/LIM354_Audit%20Report_2022_Y_20230120T092940Z_zinzim2.pdf
LIM354,Polokwane,2023,unqualified_emphasis_of_matter,Unqualified - Emphasis of Matter items,https://lg.treasury.gov.za/supportingdocs/LIM354/LIM354_Audit%20Report_2023_Y_20231214T155452Z_zinzim2.pdf
LIM355,Lepelle-Nkumpi,2022,qualified,Qualified,
LIM355,Lepelle-Nkumpi,2023,unqualified_emphasis_of_matter,Unqualified - Emphasis of Matter items,
LIM361,Thabazimbi,2022,qualified,Qualified,https://lg.treasury.gov.za/supportingdocs/LIM361/LIM361_Audit%20Report_2022_Y_20230420T162040Z_mulaudzim.pdf
LIM361,Thabazimbi,2023,qualified,Qualified,https://lg.treasury.gov.za/supportingdocs/LIM361/LIM361_Audit%20Report_2023_Y_20240213T141721Z_chettyt.pdf
LIM362,Lephalale,2022,unqualified_emphasis_of_matter,Unqualified - Emphasis of Matter items,https://lg.treasury.gov.za/supportingdocs/LIM362/LIM362_Audit%20Report_2022_Y_20230125T165547Z_maggie_ntwampe.pdf
LIM362,Lephalale,2023,unqualified_emphasis_of_matter,Unqualified - Emphasis of Matter items,https://lg.treasury.gov.za/supportingdocs/LIM362/LIM362_Audit%20Report_2023_Y_20240209T120100Z_morami_monyeki.pdf
LIM366,Bela Bela,2022,qualified,Qualified,https://lg.treasury.gov.za/supportingdocs/LIM366/LIM366_Audit%20Report_2022_Y_20230116T095249Z_mojelak.pdf
LIM366,Bela Bela,2023,qualified,Qualified,https://lg.treasury.gov.za/supportingdocs/LIM366/LIM366_Audit%20Report_2023_Y_20240118T071815Z_mojelak.pdf
LIM367,Mogalakwena,2022,qualified,Qualified,https://lg.treasury.gov.za/supportingdocs/LIM367/LIM367_Audit%20Report_2022_Y_20230316T123448Z_sibandak.pdf
LIM367,Mogalakwena,2023,qualified,Qualified,https://lg.treasury.gov.za/supportingdocs/LIM367/LIM367_Audit%20Report_2023_Y_20240517T102427Z_sibandak.pdf
LIM368,Modimolle-Mookgopong,2022,qualified,Qualified,https://lg.treasury.gov.za/supportingdocs/LIM368/LIM368_Audit%20Report_2022_Y_20230206T124353Z_mokasew.pdf
LIM368,Modimolle-Mookgopong,2023,adverse,Adverse opinion,
LIM471,Ephraim Mogale,2022,qualified,Qualified,https://lg.treasury.gov.za/supportingdocs/LIM471/LIM471_Audit%20Report_2022_Y_20230209T004805Z_jmadisha.pdf
LIM471,Ephraim Mogale,2023,unqualified_emphasis_of_matter,Unqualified - Emphasis of Matter items,
LIM472,Elias Motsoaledi,2022,unqualified_emphasis_of_matter,Unqualified - Emphasis of Matter items,https://lg.treasury.gov.za/supportingdocs/LIM472/LIM472_Audit%20Report_2022_Y_20221207T172512Z_kmoela.pdf
LIM472,Elias Motsoaledi,2023,unqualified_emphasis_of_matter,Unqualified - Emphasis of Matter items,
LIM473,Makhuduthamaga,2022,unqualified_emphasis_of_matter,Unqualified - Emphasis of Matter items,https://lg.treasury.gov.za/supportingdocs/LIM473/LIM473_Audit%20Report_2022_Y_20221213T113300Z_mosest.pdf
LIM473,Makhuduthamaga,2023,unqualified_emphasis_of_matter,Unqualified - Emphasis of Matter items,https://lg.treasury.gov.za/supportingdocs/LIM473/LIM473_Audit%20Report_2023_Y_20240612T140311Z_mosest.pdf
LIM476,Tubatse Fetakgomo,2022,qualified,Qualified,https://lg.treasury.gov.za/supportingdocs/LIM476/LIM476_Audit%20Report_2022_Y_20221214T095116Z_ramatheba.pdf
LIM476,Tubatse Fetakgomo,2023,unqualified_emphasis_of_matter,Unqualified - Emphasis of Matter items,
MAN,Mangaung,2022,qualified,Qualified,https://lg.treasury.gov.za/supportingdocs/MAN/MAN_Audit%20Report_2022_Y_20230216T090039Z_arrie_bartnis.pdf
MAN,Mangaung,2023,qualified,Qualified,https://lg.treasury.gov.za/supportingdocs/MAN/MAN_Audit%20Report_2023_Y_20240206T135025Z_arrie_bartnis.pdf
MP301,Albert Luthuli,2022,qualified,Qualified,https://lg.treasury.gov.za/supportingdocs/MP301/MP301_Audit%20Report_2022_Y_20230314T154936Z_reanamenw.pdf
MP301,Albert Luthuli,2023,qualified,Qualified,https://lg.treasury.gov.za/supportingdocs/MP301/MP301_Audit%20Report_2023_Y_20240508T212906Z_reanamenw.pdf
MP302,Msukaligwa,2022,qualified,Qualified,https://lg.treasury.gov.za/supportingdocs/MP302/MP302_Audit%20Report_2022_Y_20230125T161458Z_dmbmabelane.pdf
MP303,Mkhondo,2022,unqualified_emphasis_of_matter,Unqualified - Emphasis of Matter items,https://lg.treasury.gov.za/supportingdocs/MP303/MP303_Audit%20Report_2022_Y_20230120T114323Z_lindsaynkwanyana.pdf
MP303,Mkhondo,2023,unqualified_emphasis_of_matter,Unqualified - Emphasis of Matter items,https://lg.treasury.gov.za/supportingdocs/MP303/MP303_Audit%20Report_2023_Y_20231213T164926Z_nhadebe.pdf
MP304,Pixley Ka Seme (MP),2022,unqualified_emphasis_of_matter,Unqualified - Emphasis of Matter items,https://lg.treasury.gov.za/supportingdocs/MP304/MP304_Audit%20Report_2022_Y_20230221T153628Z_sindiswa.pdf
MP304,Pixley Ka Seme (MP),2023,unqualified_emphasis_of_matter,Unqualified - Emphasis of Matter items,https://lg.treasury.gov.za/supportingdocs/MP304/MP304_Audit%20Report_2023_Y_20240202T122725Z_sindiswa.pdf
MP305,Lekwa,2022,disclaimer,Disclaimer of opinion,https://lg.treasury.gov.za/supportingdocs/MP305/MP305_Audit%20Report_2022_Y_20230215T084134Z_rmasikane.pdf
MP305,Lekwa,2023,qualified,Qualified,https://lg.treasury.gov.za/supportingdocs/MP305/MP305_Audit%20Report_2023_Y_20240104T093552Z_zmazibuko.pdf
MP306,Dipaleseng,2022,qualified,Qualified,https://lg.treasury.gov.za/supportingdocs/MP306/MP306_Audit%20Report_2022_Y_20230211T201348Z_yusufm.pdf
MP306,Dipaleseng,2023,qualified,Qualified,https://lg.treasury.gov.za/supportingdocs/MP306/MP306_Audit%20Report_2023_Y_20231212T104547Z_yusufm.pdf
MP307,Govan Mbeki,2022,qualified,Qualified,https://lg.treasury.gov.za/supportingdocs/MP307/MP307_Audit%20Report_2022_Y_20230214T153905Z_sharon_m.pdf
MP307,Govan Mbeki,2023,qualified,Qualified,https://lg.treasury.gov.za/supportingdocs/MP307/MP307_Audit%20Report_2023_Y_20240227T104551Z_busi_n.pdf
MP311,Victor Khanye,2022,qualified,Qualified,https://lg.treasury.gov.za/supportingdocs/MP311/MP311_Audit%20Report_2022_Y_20230227T094114Z_fanelep_maphanga.pdf
MP311,Victor Khanye,2023,qualified,Qualified,
MP312,Emalahleni (MP),2022,qualified,Qualified,https://lg.treasury.gov.za/supportingdocs/MP312/MP312_Audit%20Report_2022_Y_20230215T160900Z_sogamn.pdf
MP312,Emalahleni (MP),2023,qualified,Qualified,https://lg.treasury.gov.za/supportingdocs/MP312/MP312_Audit%20Report_2023_Y_20230719T082004Z_sogamn.pdf
MP313,Steve Tshwete,2022,unqualified_emphasis_of_matter,Unqualified - Emphasis of Matter items,https://lg.treasury.gov.za/supportingdocs/MP313/MP313_Audit%20Report_2022_Y_20230214T172623Z_angelma.pdf
MP313,Steve Tshwete,2023,qualified,Qualified,
MP314,Emakhazeni,2022,adverse,Adverse opinion,https://lg.treasury.gov.za/supportingdocs/MP314/MP314_Audit%20Report_2022_Y_20221205T162351Z_lebohang_mlotshwa.pdf
MP314,Emakhazeni,2023,adverse,Adverse opinion,https://lg.treasury.gov.za/supportingdocs/MP314/MP314_Audit%20Report_2023_Y_20231212T145202Z_lebohang_mlotshwa.pdf
MP315,Thembisile Hani,2022,unqualified_emphasis_of_matter,Unqualified - Emphasis of Matter items,https://lg.treasury.gov.za/supportingdocs/MP315/MP315_Audit%20Report_2022_Y_20221214T160320Z_mashaob.pdf
MP315,Thembisile Hani,2023,unqualified_emphasis_of_matter,Unqualified - Emphasis of Matter items,https://lg.treasury.gov.za/supportingdocs/MP315/MP315_Audit%20Report_2023_Y_20231211T121803Z_bhilas.pdf
MP316,Dr J.S. Moroka,2022,qualified,Qualified,https://lg.treasury.gov.za/supportingdocs/MP316/MP316_Audit%20Report_2022_Y_20230105T151455Z_masanabos.pdf
MP316,Dr J.S. Moroka,2023,qualified,Qualified,https://lg.treasury.gov.za/supportingdocs/MP316/MP316_Audit%20Report_2023_Y_20241014T105426Z_mngunis.pdf
MP321,Thaba Chweu,2022,unqualified_emphasis_of_matter,Unqualified - Emphasis of Matter items,https://lg.treasury.gov.za/supportingdocs/MP321/MP321_Audit%20Report_2022_Y_20221220T093525Z_morabasylvester.pdf
MP321,Thaba Chweu,2023,qualified,Qualified,https://lg.treasury.gov.za/supportingdocs/MP321/MP321_Audit%20Report_2023_Y_20240222T112128Z_morabasylvester.pdf
MP324,Nkomazi,2022,unqualified_emphasis_of_matter,Unqualified - Emphasis of Matter items,https://lg.treasury.gov.za/supportingdocs/MP324/MP324_Audit%20Report_2022_Y_20221212T135651Z_qondile_ngomane.pdf
MP324,Nkomazi,2023,unqualified_emphasis_of_matter,Unqualified - Emphasis of Matter items,
MP325,Bushbuckridge,2022,unqualified_emphasis_of_matter,Unqualified - Emphasis of Matter items,https://lg.treasury.gov.za/supportingdocs/MP325/MP325_Audit%20Report_2022_Y_20230215T153738Z_camnyathi.pdf
MP325,Bushbuckridge,2023,unqualified_emphasis_of_matter,Unqualified - Emphasis of Matter items,https://lg.treasury.gov.za/supportingdocs/MP325/MP325_Audit%20Report_2023_Y_20231212T110636Z_camnyathi.pdf
MP326,City of Mbombela,2022,unqualified_emphasis_of_matter,Unqualified - Emphasis of Matter items,https://lg.treasury.gov.za/supportingdocs/MP326/MP326_Audit%20Report_2022_Y_20230201T153739Z_quintonv.pdf
MP326,City of Mbombela,2023,unqualified_emphasis_of_matter,Unqualified - Emphasis of Matter items,https://lg.treasury.gov.za/supportingdocs/MP326/MP326_Audit%20Report_2023_Y_20231206T113130Z_quintonv.pdf
NC061,Richtersveld,2022,qualified,Qualified,https://lg.treasury.gov.za/supportingdocs/NC061/NC061_Audit%20Report_2022_Y_20230214T163227Z_dineom.pdf
NC061,Richtersveld,2023,qualified,Qualified,https://lg.treasury.gov.za/supportingdocs/NC061/NC061_Audit%20Report_2023_Y_20231214T140536Z_peterw.pdf
NC062,Nama Khoi,2022,qualified,Qualified,https://lg.treasury.gov.za/supportingdocs/NC062/NC062_Audit%20Report_2022_Y_20221208T072443Z_terence_vanwyk.pdf
NC062,Nama Khoi,2023,qualified,Qualified,https://lg.treasury.gov.za/supportingdocs/NC062/NC062_Audit%20Report_2023_Y_20231207T123419Z_terence_vanwyk.pdf
NC064,Kamiesberg,2022,qualified,Qualified,https://lg.treasury.gov.za/supportingdocs/NC064/NC064_Audit%20Report_2022_Y_20230215T080031Z_rosec.pdf
NC064,Kamiesberg,2023,qualified,Qualified,https://lg.treasury.gov.za/supportingdocs/NC064/NC064_Audit%20Report_2023_Y_20240305T080851Z_moniquel.pdf
NC065,Hantam,2022,unqualified,Unqualified - No findings,https://lg.treasury.gov.za/supportingdocs/NC065/NC065_Audit%20Report_2022_Y_20230214T173224Z_wjonker.pdf
NC065,Hantam,2023,unqualified_emphasis_of_matter,Unqualified - Emphasis of Matter items,https://lg.treasury.gov.za/supportingdocs/NC065/NC065_Audit%20Report_2023_Y_20240131T141810Z_wjonker.pdf
NC066,Karoo Hoogland,2022,unqualified_emphasis_of_matter,Unqualified - Emphasis of Matter items,https://lg.treasury.gov.za/supportingdocs/NC066/NC066_Audit%20Report_2022_Y_20230214T163106Z_k_vanschalkwyk.pdf
NC066,Karoo Hoogland,2023,unqualified_emphasis_of_matter,Unqualified - Emphasis of Matter items,https://lg.treasury.gov.za/supportingdocs/NC066/NC066_Audit%20Report_2023_Y_20240213T130048Z_karooadmin.pdf
NC067,Khai-Ma,2022,qualified,Qualified,https://lg.treasury.gov.za/supportingdocs/NC067/NC067_Audit%20Report_2022_Y_20230214T195156Z_pieter.pdf
NC067,Khai-Ma,2023,qualified,Qualified,
NC071,Ubuntu,2022,qualified,Qualified,https://lg.treasury.gov.za/supportingdocs/NC071/NC071_Audit%20Report_2022_Y_20230214T192548Z_nasiphinkwenkwezi.pdf
NC071,Ubuntu,2023,qualified,Qualified,https://lg.treasury.gov.za/supportingdocs/NC071/NC071_Audit%20Report_2023_Y_20231119T145958Z_nasiphinkwenkwezi.pdf
NC074,Kareeberg,2022,unqualified_emphasis_of_matter,Unqualified - Emphasis of Matter items,https://lg.treasury.gov.za/supportingdocs/NC074/NC074_Audit%20Report_2022_Y_20230202T085512Z_tharine.pdf
NC074,Kareeberg,2023,outstanding,Outstanding,
NC075,Renosterberg,2022,disclaimer,Disclaimer of opinion,https://lg.treasury.gov.za/supportingdocs/NC075/NC075_Audit%20Report_2022_Y_20230822T144834Z_nombekomfanekiso2.pdf
NC075,Renosterberg,2023,qualified,Qualified,https://lg.treasury.gov.za/supportingdocs/NC075/NC075_Audit%20Report_2023_Y_20240305T081934Z_nombekomfanekiso2.pdf
NC076,Thembelihle,2022,qualified,Qualified,https://lg.treasury.gov.za/supportingdocs/NC076/NC076_Audit%20Report_2022_Y_20221205T115147Z_lkhapha.pdf
NC076,Thembelihle,2023,qualified,Qualified,https://lg.treasury.gov.za/supportingdocs/NC076/NC076_Audit%20Report_2023_Y_20240205T085827Z_lkhapha.pdf
NC077,Siyathemba,2022,qualified,Qualified,https://lg.treasury.gov.za/supportingdocs/NC077/NC077_Audit%20Report_2022_Y_20230821T114312Z_emmanuel.pdf
NC077,Siyathemba,2023,qualified,Qualified,https://lg.treasury.gov.za/supportingdocs/NC077/NC077_Audit%20Report_2023_Y_20240704T095908Z_emmanuel.pdf
NC078,Siyancuma,2022,qualified,Qualified,https://lg.treasury.gov.za/supportingdocs/NC078/NC078_Audit%20Report_2022_Y_20230214T203525Z_czealand.pdf
NC078,Siyancuma,2023,qualified,Qualified,https://lg.treasury.gov.za/supportingdocs/NC078/NC078_Audit%20Report_2023_Y_20240305T091926Z_czealand.pdf
NC082,!Kai! Garib,2022,qualified,Qualified,https://lg.treasury.gov.za/supportingdocs/NC082/NC082_Audit%20Report_2022_Y_20230626T202510Z_wim.pdf
NC082,!Kai! Garib,2023,outstanding,Outstanding,https://lg.treasury.gov.za/supportingdocs/NC082/NC082_Audit%20Report_2023_Y_20240910T142802Z_wim.pdf
NC084,!Kheis,2022,disclaimer,Disclaimer of opinion,https://lg.treasury.gov.za/supportingdocs/NC084/NC084_Audit%20Report_2022_Y_20230118T123856Z_enricokordom.pdf
NC084,!Kheis,2023,disclaimer,Disclaimer of opinion,https://lg.treasury.gov.za/supportingdocs/NC084/NC084_Audit%20Report_2023_Y_20240219T111650Z_enricokordom.pdf
NC085,Tsantsabane,2022,qualified,Qualified,https://lg.treasury.gov.za/supportingdocs/NC085/NC085_Audit%20Report_2022_Y_20230216T092014Z_budgetcsa.pdf
NC085,Tsantsabane,2023,qualified,Qualified,https://lg.treasury.gov.za/supportingdocs/NC085/NC085_Audit%20Report_2023_Y_20240124T151206Z_budgetcsa.pdf
NC086,Kgatelopele,2022,disclaimer,Disclaimer of opinion,
NC086,Kgatelopele,2023,qualified,Qualified,
NC087,Dawid Kruiper,2022,unqualified_emphasis_of_matter,Unqualified - Emphasis of Matter items,https://lg.treasury.gov.za/supportingdocs/NC087/NC087_Audit%20Report_2022_Y_20221130T153801Z_judith_louw.pdf
NC087,Dawid Kruiper,2023,unqualified_emphasis_of_matter,Unqualified - Emphasis of Matter items,https://lg.treasury.gov.za/supportingdocs/NC087/NC087_Audit%20Report_2023_Y_20231204T072941Z_judith_louw.pdf
NC091,Sol Plaatje,2022,qualified,Qualified,https://lg.treasury.gov.za/supportingdocs/NC091/NC091_Audit%20Report_2022_Y_20221202T154635Z_cjenneke.pdf
NC091,Sol Plaatje,2023,qualified,Qualified,https://lg.treasury.gov.za/supportingdocs/NC091/NC091_Audit%20Report_2023_Y_20231201T094510Z_ccrouch.pdf
NC092,Dikgatlong,2022,qualified,Qualified,https://lg.treasury.gov.za/supportingdocs/NC092/NC092_Audit%20Report_2022_Y_20230214T124724Z_risk.pdf
NC092,Dikgatlong,2023,qualified,Qualified,https://lg.treasury.gov.za/supportingdocs/NC092/NC092_Audit%20Report_2023_Y_20240212T161256Z_thabang_kabedi.pdf
NC093,Magareng,2022,qualified,Qualified,https://lg.treasury.gov.za/supportingdocs/NC093/NC093_Audit%20Report_2022_Y_20230216T140825Z_sbongosithole.pdf
NC093,Magareng,2023,qualified,Qualified,https://lg.treasury.gov.za/supportingdocs/NC093/NC093_Audit%20Report_2023_Y_20240111T142209Z_sbongosithole.pdf
NC094,Phokwane,2022,qualified,Qualified,https://lg.treasury.gov.za/supportingdocs/NC094/NC094_Audit%20Report_2022_Y_20230822T121427Z_rahlano.pdf
NC094,Phokwane,2023,outstanding,Outstanding,https://lg.treasury.gov.za/supportingdocs/NC094/NC094_Audit%20Report_2023_Y_20230821T113316Z_rahlano.pdf
NC451,Joe Morolong,2022,disclaimer,Disclaimer of opinion,https://lg.treasury.gov.za/supportingdocs/NC451/NC451_Audit%20Report_2022_Y_20230111T093956Z_kthupae.pdf
NC451,Joe Morolong,2023,disclaimer,Disclaimer of opinion,https://lg.treasury.gov.za/supportingdocs/NC451/NC451_Audit%20Report_2023_Y_20240304T201035Z_kthupae.pdf
NC452,Ga-Segonyana,2022,qualified,Qualified,https://lg.treasury.gov.za/supportingdocs/NC452/NC452_Audit%20Report_2022_Y_20230214T162731Z_dpelele.pdf
NC452,Ga-Segonyana,2023,qualified,Qualified,https://lg.treasury.gov.za/supportingdocs/NC452/NC452_Audit%20Report_2023_Y_20240205T110156Z_dpelele.pdf
NC453,Gamagara,2022,unqualified_emphasis_of_matter,Unqualified - Emphasis of Matter items,https://lg.treasury.gov.za/supportingdocs/NC453/NC453_Audit%20Report_2022_Y_20221201T120016Z_petersm.pdf
NC453,Gamagara,2023,unqualified_emphasis_of_matter,Unqualified - Emphasis of Matter items,https://lg.treasury.gov.za/supportingdocs/NC453/NC453_Audit%20Report_2023_Y_20231206T122224Z_petersm.pdf
NMA,Nelson Mandela Bay,2022,qualified,Qualified,https://lg.treasury.gov.za/supportingdocs/NMA/NMA_Audit%20Report_2022_Y_20230130T090531Z_tmbangi.pdf
NMA,Nelson Mandela Bay,2023,unqualified_emphasis_of_matter,Unqualified - Emphasis of Matter items,https://lg.treasury.gov.za/supportingdocs/NMA/NMA_Audit%20Report_2023_Y_20240305T100041Z_tmbangi.pdf
NW371,Moretele,2022,qualified,Qualified,https://lg.treasury.gov.za/supportingdocs/NW371/NW371_Audit%20Report_2022_Y_20230130T152033Z_thapza_p.pdf
NW371,Moretele,2023,unqualified_emphasis_of_matter,Unqualified - Emphasis of Matter items,https://lg.treasury.gov.za/supportingdocs/NW371/NW371_Audit%20Report_2023_Y_20240207T104452Z_thapza_p.pdf
NW372,Madibeng,2022,disclaimer,Disclaimer of opinion,https://lg.treasury.gov.za/supportingdocs/NW372/NW372_Audit%20Report_2022_Y_20230120T100319Z_lucaslithako.pdf
NW372,Madibeng,2023,adverse,Adverse opinion,https://lg.treasury.gov.za/supportingdocs/NW372/NW372_Audit%20Report_2023_Y_20240709T104049Z_lucaslithako.pdf
NW373,Rustenburg,2022,qualified,Qualified,
NW373,Rustenburg,2023,qualified,Qualified,
NW374,Kgetlengrivier,2022,disclaimer,Disclaimer of opinion,
NW374,Kgetlengrivier,2023,qualified,Qualified,
NW375,Moses Kotane,2022,unqualified_emphasis_of_matter,Unqualified - Emphasis of Matter items,https://lg.treasury.gov.za/supportingdocs/NW375/NW375_Audit%20Report_2022_Y_20221214T174807Z_dmolope.pdf
NW375,Moses Kotane,2023,qualified,Qualified,https://lg.treasury.gov.za/supportingdocs/NW375/NW375_Audit%20Report_2023_Y_20231212T154140Z_dmolope.pdf
NW381,Ratlou,2022,disclaimer,Disclaimer of opinion,
NW381,Ratlou,2023,disclaimer,Disclaimer of opinion,
NW382,Tswaing,2022,qualified,Qualified,
NW382,Tswaing,2023,qualified,Qualified,https://lg.treasury.gov.za/supportingdocs/NW382/NW382_Audit%20Report_2023_Y_20240111T124135Z_spelele2506.pdf
NW383,Mafikeng,2022,qualified,Qualified,https://lg.treasury.gov.za/supportingdocs/NW383/NW383_Audit%20Report_2022_Y_20230125T090147Z_juliabezthomas.pdf
NW383,Mafikeng,2023,qualified,Qualified,https://lg.treasury.gov.za/supportingdocs/NW383/NW383_Audit%20Report_2023_Y_20240320T115412Z_juliabezthomas.pdf
NW384,Ditsobotla,2022,outstanding,Outstanding,
NW384,Ditsobotla,2023,outstanding,Outstanding,
NW385,Ramotshere Moiloa,2022,qualified,Qualified,
NW385,Ramotshere Moiloa,2023,qualified,Qualified,
NW392,Naledi (NW),2022,disclaimer,Disclaimer of opinion,
NW392,Naledi (NW),2023,adverse,Adverse opinion,https://lg.treasury.gov.za/supportingdocs/NW392/NW392_Audit%20Report_2023_Y_20240201T174708Z_jjrobiyane.pdf
NW393,Mamusa,2022,disclaimer,Disclaimer of opinion,
NW393,Mamusa,2023,outstanding,Outstanding,
NW394,Greater Taung,2022,qualified,Qualified,
NW394,Greater Taung,2023,qualified,Qualified,
NW396,Lekwa-Teemane,2022,disclaimer,Disclaimer of opinion,
NW396,Lekwa-Teemane,2023,disclaimer,Disclaimer of opinion,
NW397,Kagisano-Molopo,2022,qualified,Qualified,https://lg.treasury.gov.za/supportingdocs/NW397/NW397_Audit%20Report_2022_Y_20230420T141825Z_rowan_ferris.pdf
NW397,Kagisano-Molopo,2023,qualified,Qualified,
NW403,City of Matlosana,2022,unqualified_emphasis_of_matter,Unqualified - Emphasis of Matter items,
NW403,City of Matlosana,2023,unqualified_emphasis_of_matter,Unqualified - Emphasis of Matter items,
NW404,Maquassi Hills,2022,disclaimer,Disclaimer of opinion,
NW404,Maquassi Hills,2023,disclaimer,Disclaimer of opinion,https://lg.treasury.gov.za/supportingdocs/NW404/NW404_Audit%20Report_2023_Y_20240208T104600Z_moketemoswang.pdf
NW405,J B Marks,2022,qualified,Qualified,https://lg.treasury.gov.za/supportingdocs/NW405/NW405_Audit%20Report_2022_Y_20221129T131708Z_fanap.pdf
NW405,J B Marks,2023,qualified,Qualified,
TSH,City of Tshwane,2022,adverse,Adverse opinion,https://lg.treasury.gov.za/supportingdocs/TSH/TSH_Audit%20Report_2022_Y_20230322T115902Z_nontandoq.pdf
TSH,City of Tshwane,2023,qualified,Qualified,
WC011,Matzikama,2022,unqualified_emphasis_of_matter,Unqualified - Emphasis of Matter items,https://lg.treasury.gov.za/supportingdocs/WC011/WC011_Audit%20Report_2022_Y_20230125T122809Z_lizaank.pdf
WC011,Matzikama,2023,unqualified_emphasis_of_matter,Unqualified - Emphasis of Matter items,https://lg.treasury.gov.za/supportingdocs/WC011/WC011_Audit%20Report_2023_Y_20240215T112202Z_lizaank.pdf
WC012,Cederberg,2022,unqualified_emphasis_of_matter,Unqualified - Emphasis of Matter items,https://lg.treasury.gov.za/supportingdocs/WC012/WC012_Audit%20Report_2022_Y_20221228T221359Z_lameezs.pdf
WC012,Cederberg,2023,unqualified_emphasis_of_matter,Unqualified - Emphasis of Matter items,https://lg.treasury.gov.za/supportingdocs/WC012/WC012_Audit%20Report_2023_Y_20240405T133923Z_lameezs.pdf
WC013,Bergrivier,2022,unqualified,Unqualified - No findings,https://lg.treasury.gov.za/supportingdocs/WC013/WC013_Audit%20Report_2022_Y_20230126T144724Z_louwl.pdf
WC013,Bergrivier,2023,unqualified,Unqualified - No findings,https://lg.treasury.gov.za/supportingdocs/WC013/WC013_Audit%20Report_2023_Y_20240216T073709Z_louwl.pdf
WC014,Saldanha Bay,2022,unqualified,Unqualified - No findings,https://lg.treasury.gov.za/supportingdocs/WC014/WC014_Audit%20Report_2022_Y_20230213T145539Z_theo_karolus.pdf
WC014,Saldanha Bay,2023,unqualified,Unqualified - No findings,https://lg.treasury.gov.za/supportingdocs/WC014/WC014_Audit%20Report_2023_Y_20231204T085812Z_theo_karolus.pdf
WC015,Swartland,2022,unqualified,Unqualified - No findings,https://lg.treasury.gov.za/supportingdocs/WC015/WC015_Audit%20Report_2022_Y_20230216T095522Z_papierh.pdf
WC015,Swartland,2023,unqualified,Unqualified - No findings,https://lg.treasury.gov.za/supportingdocs/WC015/WC015_Audit%20Report_2023_Y_20240402T141313Z_rossouww.pdf
WC022,Witzenberg,2022,unqualified,Unqualified - No findings,https://lg.treasury.gov.za/supportingdocs/WC022/WC022_Audit%20Report_2022_Y_20221208T095203Z_ajami.pdf
WC022,Witzenberg,2023,unqualified,Unqualified - No findings,https://lg.treasury.gov.za/supportingdocs/WC022/WC022_Audit%20Report_2023_Y_20231220T120945Z_rozelle.pdf
WC023,Drakenstein,2022,unqualified,Unqualified - No findings,https://lg.treasury.gov.za/supportingdocs/WC023/WC023_Audit%20Report_2022_Y_20221205T152200Z_kevin_carse.pdf
WC023,Drakenstein,2023,unqualified,Unqualified - No findings,https://lg.treasury.gov.za/supportingdocs/WC023/WC023_Audit%20Report_2023_Y_20231212T092825Z_kevin_carse.pdf
WC024,Stellenbosch,2022,unqualified,Unqualified - No findings,https://lg.treasury.gov.za/supportingdocs/WC024/WC024_Audit%20Report_2022_Y_20221205T171738Z_tandile_mdutyana.pdf
WC024,Stellenbosch,2023,unqualified,Unqualified - No findings,https://lg.treasury.gov.za/supportingdocs/WC024/WC024_Audit%20Report_2023_Y_20231204T115531Z_lindsay_syster.pdf
WC025,Breede Valley,2022,unqualified,Unqualified - No findings,https://lg.treasury.gov.za/supportingdocs/WC025/WC025_Audit%20Report_2022_Y_20230120T144819Z_jpetro.pdf
WC025,Breede Valley,2023,unqualified,Unqualified - No findings,https://lg.treasury.gov.za/supportingdocs/WC025/WC025_Audit%20Report_2023_Y_20231201T103139Z_jpetro.pdf
WC026,Langeberg,2022,unqualified,Unqualified - No findings,https://lg.treasury.gov.za/supportingdocs/WC026/WC026_Audit%20Report_2022_Y_20221213T191004Z_unakasa.pdf
WC026,Langeberg,2023,unqualified,Unqualified - No findings,https://lg.treasury.gov.za/supportingdocs/WC026/WC026_Audit%20Report_2023_Y_20231207T094118Z_unakasa.pdf
WC031,Theewaterskloof,2022,unqualified,Unqualified - No findings,https://lg.treasury.gov.za/supportingdocs/WC031/WC031_Audit%20Report_2022_Y_20221205T155910Z_carishajo.pdf
WC031,Theewaterskloof,2023,unqualified_emphasis_of_matter,Unqualified - Emphasis of Matter items,https://lg.treasury.gov.za/supportingdocs/WC031/WC031_Audit%20Report_2023_Y_20231207T155828Z_carishajo.pdf
WC032,Overstrand,2022,unqualified,Unqualified - No findings,
WC032,Overstrand,2023,unqualified,Unqualified - No findings,
WC033,Cape Agulhas,2022,unqualified,Unqualified - No findings,https://lg.treasury.gov.za/supportingdocs/WC033/WC033_Audit%20Report_2022_Y_20230202T164140Z_shauns.pdf
WC033,Cape Agulhas,2023,unqualified,Unqualified - No findings,https://lg.treasury.gov.za/supportingdocs/WC033/WC033_Audit%20Report_2023_Y_20231205T154200Z_shauns.pdf
WC034,Swellendam,2022,unqualified,Unqualified - No findings,https://lg.treasury.gov.za/supportingdocs/WC034/WC034_Audit%20Report_2022_Y_20221201T122835Z_lvdwalt.pdf
WC034,Swellendam,2023,unqualified_emphasis_of_matter,Unqualified - Emphasis of Matter items,https://lg.treasury.gov.za/supportingdocs/WC034/WC034_Audit%20Report_2023_Y_20240402T152043Z_nadiah.pdf
WC041,Kannaland,2022,disclaimer,Disclaimer of opinion,https://lg.treasury.gov.za/supportingdocs/WC041/WC041_Audit%20Report_2022_Y_20231130T143317Z_thembelihle.pdf
WC041,Kannaland,2023,outstanding,Outstanding,
WC042,Hessequa,2022,unqualified,Unqualified - No findings,https://lg.treasury.gov.za/supportingdocs/WC042/WC042_Audit%20Report_2022_Y_20230131T104453Z_zanette.pdf
WC042,Hessequa,2023,unqualified,Unqualified - No findings,https://lg.treasury.gov.za/supportingdocs/WC042/WC042_Audit%20Report_2023_Y_20231204T115737Z_zanette.pdf
WC043,Mossel Bay,2022,unqualified,Unqualified - No findings,https://lg.treasury.gov.za/supportingdocs/WC043/WC043_Audit%20Report_2022_Y_20221205T092342Z_ggertse.pdf
WC043,Mossel Bay,2023,unqualified,Unqualified - No findings,https://lg.treasury.gov.za/supportingdocs/WC043/WC043_Audit%20Report_2023_Y_20231201T082007Z_vbasson.pdf
WC044,George,2022,unqualified,Unqualified - No findings,https://lg.treasury.gov.za/supportingdocs/WC044/WC044_Audit%20Report_2022_Y_20230130T092403Z_cejansenvanvuuren.pdf
WC044,George,2023,unqualified,Unqualified - No findings,https://lg.treasury.gov.za/supportingdocs/WC044/WC044_Audit%20Report_2023_Y_20231207T124718Z_cejansenvanvuuren.pdf
WC045,Oudtshoorn,2022,unqualified_emphasis_of_matter,Unqualified - Emphasis of Matter items,https://lg.treasury.gov.za/supportingdocs/WC045/WC045_Audit%20Report_2022_Y_20221205T073049Z_sophia.pdf
WC045,Oudtshoorn,2023,unqualified,Unqualified - No findings,https://lg.treasury.gov.za/supportingdocs/WC045/WC045_Audit%20Report_2023_Y_20231212T082023Z_sophia.pdf
WC047,Bitou,2022,unqualified_emphasis_of_matter,Unqualified - Emphasis of Matter items,https://lg.treasury.gov.za/supportingdocs/WC047/WC047_Audit%20Report_2022_Y_20230131T085718Z_ipretorius.pdf
WC047,Bitou,2023,unqualified,Unqualified - No findings,https://lg.treasury.gov.za/supportingdocs/WC047/WC047_Audit%20Report_2023_Y_20231204T120301Z_ipretorius.pdf
WC048,Knysna,2022,unqualified_emphasis_of_matter,Unqualified - Emphasis of Matter items,https://lg.treasury.gov.za/supportingdocs/WC048/WC048_Audit%20Report_2022_Y_20221206T081933Z_mvanwyk.pdf
WC048,Knysna,2023,qualified,Qualified,https://lg.treasury.gov.za/supportingdocs/WC048/WC048_Audit%20Report_2023_Y_20231204T102132Z_mvanwyk.pdf
WC051,Laingsburg,2022,adverse,Adverse opinion,https://lg.treasury.gov.za/supportingdocs/WC051/WC051_Audit%20Report_2022_Y_20230214T085705Z_gsbothma.pdf
WC051,Laingsburg,2023,adverse,Adverse opinion,https://lg.treasury.gov.za/supportingdocs/WC051/WC051_Audit%20Report_2023_Y_20231218T105229Z_gsbothma.pdf
WC052,Prince Albert,2022,unqualified,Unqualified - No findings,https://lg.treasury.gov.za/supportingdocs/WC052/WC052_Audit%20Report_2022_Y_20221212T154054Z_donovan.pdf
WC052,Prince Albert,2023,unqualified_emphasis_of_matter,Unqualified - Emphasis of Matter items,https://lg.treasury.gov.za/supportingdocs/WC052/WC052_Audit%20Report_2023_Y_20231219T153925Z_donovan.pdf
WC053,Beaufort West,2022,qualified,Qualified,https://lg.treasury.gov.za/supportingdocs/WC053/WC053_Audit%20Report_2022_Y_20230302T142024Z_bronwyn.pdf
WC053,Beaufort West,2023,qualified,Qualified,https://lg.treasury.gov.za/supportingdocs/WC053/WC053_Audit%20Report_2023_Y_20231205T110012Z_bronwyn.pdf
BUF,Buffalo City,2024,qualified,Qualified,https://lg.treasury.gov.za/supportingdocs/BUF/BUF_Audit%20Report_2024_Y_20250128T084047Z_kholosan.pdf
CPT,Cape Town,2024,unqualified,Unqualified - No findings,https://lg.treasury.gov.za/supportingdocs/CPT/CPT_Audit%20Report_2024_Y_20241212T111309Z_yolande_zeelie.pdf
DC1,West Coast,2024,unqualified,Unqualified - No findings,https://lg.treasury.gov.za/supportingdocs/DC1/DC1_Audit%20Report_2024_Y_20241211T140753Z_ajvanniekerk.pdf
DC10,Sarah Baartman,2024,unqualified_emphasis_of_matter,Unqualified - Emphasis of Matter items,https://lg.treasury.gov.za/supportingdocs/DC10/DC10_Audit%20Report_2024_Y_20250116T132639Z_nomawilliams.pdf
DC12,Amathole,2024,qualified,Qualified,https://lg.treasury.gov.za/supportingdocs/DC12/DC12_Audit%20Report_2024_Y_20250627T084249Z_neliswan.pdf
DC13,Chris Hani,2024,qualified,Qualified,https://lg.treasury.gov.za/supportingdocs/DC13/DC13_Audit%20Report_2024_Y_20250106T194510Z_mngwendu.pdf
DC14,Joe Gqabi,2024,unqualified,Unqualified - No findings,https://lg.treasury.gov.za/supportingdocs/DC14/DC14_Audit%20Report_2024_Y_20250123T123410Z_bonkeg.pdf
DC15,O R Tambo,2024,unqualified_emphasis_of_matter,Unqualified - Emphasis of Matter items,https://lg.treasury.gov.za/supportingdocs/DC15/DC15_Audit%20Report_2024_Y_20250123T125925Z_vuyolwethubisha.pdf
DC16,Xhariep,2024,unqualified_emphasis_of_matter,Unqualified - Emphasis of Matter items,https://lg.treasury.gov.za/supportingdocs/DC16/DC16_Audit%20Report_2024_Y_20250219T113210Z_graciousesh2012.pdf
DC18,Lejweleputswa,2024,unqualified_emphasis_of_matter,Unqualified - Emphasis of Matter items,https://lg.treasury.gov.za/supportingdocs/DC18/DC18_Audit%20Report_2024_Y_20241230T110040Z_thabot.pdf
DC19,Thabo Mofutsanyana,2024,unqualified_emphasis_of_matter,Unqualified - Emphasis of Matter items,https://lg.treasury.gov.za/supportingdocs/DC19/DC19_Audit%20Report_2024_Y_20250129T115233Z_seipati.pdf
DC2,Cape Winelands DM,2024,unqualified,Unqualified - No findings,https://lg.treasury.gov.za/supportingdocs/DC2/DC2_Audit%20Report_2024_Y_20241206T082133Z_ronelr.pdf
DC20,Fezile Dabi,2024,qualified,Qualified,https://lg.treasury.gov.za/supportingdocs/DC20/DC20_Audit%20Report_2024_Y_20241218T131828Z_momom.pdf
DC21,Ugu,2024,unqualified_emphasis_of_matter,Unqualified - Emphasis of Matter items,https://lg.treasury.gov.za/supportingdocs/DC21/DC21_Audit%20Report_2024_Y_20250116T135359Z_julee_kodi.pdf
DC22,uMgungundlovu,2024,unqualified_emphasis_of_matter,Unqualified - Emphasis of Matter items,https://lg.treasury.gov.za/supportingdocs/DC22/DC22_Audit%20Report_2024_Y_20250627T134626Z_thembeka_phenyane.pdf
DC23,Uthukela,2024,qualified,Qualified,https://lg.treasury.gov.za/supportingdocs/DC23/DC23_Audit%20Report_2024_Y_20241218T133216Z_pkoortzen.pdf
DC24,Umzinyathi,2024,adverse,Adverse opinion,https://lg.treasury.gov.za/supportingdocs/DC24/DC24_Audit%20Report_2024_Y_20241204T084443Z_langan.pdf
DC25,Amajuba,2024,qualified,Qualified,https://lg.treasury.gov.za/supportingdocs/DC25/DC25_Audit%20Report_2024_Y_20250204T122035Z_msizis.pdf
DC26,Zululand,2024,unqualified_emphasis_of_matter,Unqualified - Emphasis of Matter items,https://lg.treasury.gov.za/supportingdocs/DC26/DC26_Audit%20Report_2024_Y_20241205T155903Z_mpzulu.pdf
DC27,Umkhanyakude,2024,qualified,Qualified,
DC28,King Cetshwayo,2024,unqualified,Unqualified - No findings,https://lg.treasury.gov.za/supportingdocs/DC28/DC28_Audit%20Report_2024_Y_20241204T160146Z_mkhizef.pdf
DC29,iLembe,2024,unqualified_emphasis_of_matter,Unqualified - Emphasis of Matter items,https://lg.treasury.gov.za/supportingdocs/DC29/DC29_Audit%20Report_2024_Y_20250124T131010Z_nontokozo_kumalo.pdf
DC3,Overberg,2024,unqualified,Unqualified - No findings,https://lg.treasury.gov.za/supportingdocs/DC3/DC3_Audit%20Report_2024_Y_20241209T092039Z_rgertze.pdf
DC30,Gert Sibande,2024,unqualified_emphasis_of_matter,Unqualified - Emphasis of Matter items,https://lg.treasury.gov.za/supportingdocs/DC30/DC30_Audit%20Report_2024_Y_20250113T135550Z_zinhlem.pdf
DC31,Nkangala,2024,unqualified,Unqualified - No findings,https://lg.treasury.gov.za/supportingdocs/DC31/DC31_Audit%20Report_2024_Y_20241206T104041Z_tlakadi.pdf
DC32,Ehlanzeni,2024,unqualified,Unqualified - No findings,https://lg.treasury.gov.za/supportingdocs/DC32/DC32_Audit%20Report_2024_Y_20241209T142258Z_dvdmerwe.pdf
DC33,Mopani,2024,qualified,Qualified,https://lg.treasury.gov.za/supportingdocs/DC33/DC33_Audit%20Report_2024_Y_20250514T161207Z_masoko_delight.pdf
DC34,Vhembe,2024,qualified,Qualified,https://lg.treasury.gov.za/supportingdocs/DC34/DC34_Audit%20Report_2024_Y_20250207T203710Z_patricianemabubuni.pdf
DC35,Capricorn,2024,unqualified,Unqualified - No findings,https://lg.treasury.gov.za/supportingdocs/DC35/DC35_Audit%20Report_2024_Y_20241203T152037Z_pholoanal.pdf
DC36,Waterberg,2024,unqualified,Unqualified - No findings,https://lg.treasury.gov.za/supportingdocs/DC36/DC36_Audit%20Report_2024_Y_20241211T123515Z_dmogashoa.pdf
DC37,Bojanala Platinum,2024,unqualified_emphasis_of_matter,Unqualified - Emphasis of Matter items,
DC38,Ngaka Modiri Molema,2024,qualified,Qualified,https://lg.treasury.gov.za/supportingdocs/DC38/DC38_Audit%20Report_2024_Y_20250115T150125Z_mosianet.pdf
DC39,Dr Ruth Segomotsi Mompati,2024,qualified,Qualified,https://lg.treasury.gov.za/supportingdocs/DC39/DC39_Audit%20Report_2024_Y_20241204T060715Z_gaopalelwe_morena.pdf
DC4,Garden Route,2024,unqualified,Unqualified - No findings,https://lg.treasury.gov.za/supportingdocs/DC4/DC4_Audit%20Report_2024_Y_20250128T110655Z_lucian.pdf
DC40,Dr Kenneth Kaunda,2024,unqualified_emphasis_of_matter,Unqualified - Emphasis of Matter items,https://lg.treasury.gov.za/supportingdocs/DC40/DC40_Audit%20Report_2024_Y_20250702T135031Z_lebowaa.pdf
DC42,Sedibeng,2024,unqualified_emphasis_of_matter,Unqualified - Emphasis of Matter items,https://lg.treasury.gov.za/supportingdocs/DC42/DC42_Audit%20Report_2024_Y_20241206T140448Z_charless.pdf
DC43,Harry Gwala,2024,unqualified_emphasis_of_matter,Unqualified - Emphasis of Matter items,https://lg.treasury.gov.za/supportingdocs/DC43/DC43_Audit%20Report_2024_Y_20241204T101855Z_khubonin.pdf
DC44,Alfred Nzo,2024,unqualified,Unqualified - No findings,https://lg.treasury.gov.za/supportingdocs/DC44/DC44_Audit%20Report_2024_Y_20250107T132902Z_nkumex.pdf
DC45,John Taolo Gaetsewe,2024,unqualified_emphasis_of_matter,Unqualified - Emphasis of Matter items,https://lg.treasury.gov.za/supportingdocs/DC45/DC45_Audit%20Report_2024_Y_20250129T155134Z_kopamored.pdf
DC47,Sekhukhune,2024,qualified,Qualified,https://lg.treasury.gov.za/supportingdocs/DC47/DC47_Audit%20Report_2024_Y_20241211T112328Z_mohlammeb.pdf
DC48,West Rand,2024,unqualified,Unqualified - No findings,https://lg.treasury.gov.za/supportingdocs/DC48/DC48_Audit%20Report_2024_Y_20241212T114145Z_klesenya.pdf
DC5,Central Karoo,2024,unqualified_emphasis_of_matter,Unqualified - Emphasis of Matter items,https://lg.treasury.gov.za/supportingdocs/DC5/DC5_Audit%20Report_2024_Y_20250116T084706Z_recardo.pdf
DC6,Namakwa,2024,unqualified,Unqualified - No findings,https://lg.treasury.gov.za/supportingdocs/DC6/DC6_Audit%20Report_2024_Y_20241203T155559Z_lorrainel.pdf
DC7,Pixley Ka Seme (NC),2024,unqualified_emphasis_of_matter,Unqualified - Emphasis of Matter items,https://lg.treasury.gov.za/supportingdocs/DC7/DC7_Audit%20Report_2024_Y_20250116T111430Z_ymabedla.pdf
DC8,Z F Mgcawu,2024,unqualified_emphasis_of_matter,Unqualified - Emphasis of Matter items,https://lg.treasury.gov.za/supportingdocs/DC8/DC8_Audit%20Report_2024_Y_20241202T123154Z_albert.pdf
DC9,Frances Baard,2024,unqualified,Unqualified - No findings,https://lg.treasury.gov.za/supportingdocs/DC9/DC9_Audit%20Report_2024_Y_20250211T151637Z_thursia_fisher.pdf
EC101,Dr Beyers Naude,2024,unqualified_emphasis_of_matter,Unqualified - Emphasis of Matter items,https://lg.treasury.gov.za/supportingdocs/EC101/EC101_Audit%20Report_2024_Y_20250121T114130Z_mbotyas.pdf
EC102,Blue Crane Route,2024,qualified,Qualified,https://lg.treasury.gov.za/supportingdocs/EC102/EC102_Audit%20Report_2024_Y_20250130T144621Z_mmanager.PDF
EC104,Makana,2024,disclaimer,Disclaimer of opinion,
EC105,Ndlambe,2024,unqualified_emphasis_of_matter,Unqualified - Emphasis of Matter items,https://lg.treasury.gov.za/supportingdocs/EC105/EC105_Audit%20Report_2024_Y_20251211T105538Z_uqinela.pdf
EC106,Sundays River Valley,2024,disclaimer,Disclaimer of opinion,https://lg.treasury.gov.za/supportingdocs/EC106/EC106_Audit%20Report_2024_Y_20250123T093022Z_onomsat.pdf
EC108,Kouga,2024,unqualified,Unqualified - No findings,https://lg.treasury.gov.za/supportingdocs/EC108/EC108_Audit%20Report_2024_Y_20241204T151647Z_zgongqoba.pdf
EC109,Kou-Kamma,2024,adverse,Adverse opinion,
EC121,Mbhashe,2024,unqualified_emphasis_of_matter,Unqualified - Emphasis of Matter items,https://lg.treasury.gov.za/supportingdocs/EC121/EC121_Audit%20Report_2024_Y_20241212T094536Z_tshefub.pdf
EC122,Mnquma,2024,unqualified,Unqualified - No findings,https://lg.treasury.gov.za/supportingdocs/EC122/EC122_Audit%20Report_2024_Y_20241203T114154Z_sbusisom93.pdf
EC123,Great Kei,2024,unqualified_emphasis_of_matter,Unqualified - Emphasis of Matter items,https://lg.treasury.gov.za/supportingdocs/EC123/EC123_Audit%20Report_2024_Y_20241202T081859Z_sgwele.pdf
EC124,Amahlathi,2024,unqualified_emphasis_of_matter,Unqualified - Emphasis of Matter items,https://lg.treasury.gov.za/supportingdocs/EC124/EC124_Audit%20Report_2024_Y_20240913T132949Z_csamuels.pdf
EC126,Ngqushwa,2024,unqualified_emphasis_of_matter,Unqualified - Emphasis of Matter items,https://lg.treasury.gov.za/supportingdocs/EC126/EC126_Audit%20Report_2024_Y_20241209T110958Z_shalana.pdf
EC129,Raymond Mhlaba,2024,qualified,Qualified,https://lg.treasury.gov.za/supportingdocs/EC129/EC129_Audit%20Report_2024_Y_20241213T082610Z_nsmith.pdf
EC131,Inxuba Yethemba,2024,unqualified_emphasis_of_matter,Unqualified - Emphasis of Matter items,https://lg.treasury.gov.za/supportingdocs/EC131/EC131_Audit%20Report_2024_Y_20241202T094542Z_rduxbury.pdf
EC135,Vuyisile Mini,2024,qualified,Qualified,https://lg.treasury.gov.za/supportingdocs/EC135/EC135_Audit%20Report_2024_Y_20241203T072824Z_xashimban.pdf
EC136,Emalahleni (EC),2024,qualified,Qualified,https://lg.treasury.gov.za/supportingdocs/EC136/EC136_Audit%20Report_2024_Y_20241213T124709Z_ngevan.pdf
EC137,Dr. A.B. Xuma,2024,unqualified_emphasis_of_matter,Unqualified - Emphasis of Matter items,https://lg.treasury.gov.za/supportingdocs/EC137/EC137_Audit%20Report_2024_Y_20241130T043342Z_jezilea.pdf
EC138,Sakhisizwe,2024,qualified,Qualified,https://lg.treasury.gov.za/supportingdocs/EC138/EC138_Audit%20Report_2024_Y_20241212T125007Z_pindasakhisizwemunicipality.pdf
EC139,Enoch Mgijima,2024,qualified,Qualified,https://lg.treasury.gov.za/supportingdocs/EC139/EC139_Audit%20Report_2024_Y_20241211T144827Z_amaqokolo.pdf
EC141,Elundini,2024,unqualified_emphasis_of_matter,Unqualified - Emphasis of Matter items,https://lg.treasury.gov.za/supportingdocs/EC141/EC141_Audit%20Report_2024_Y_20241204T084010Z_zizoy.pdf
EC142,Senqu,2024,unqualified,Unqualified - No findings,https://lg.treasury.gov.za/supportingdocs/EC142/EC142_Audit%20Report_2024_Y_20241205T104031Z_mayekisot.pdf
EC145,Walter Sisulu,2024,qualified,Qualified,https://lg.treasury.gov.za/supportingdocs/EC145/EC145_Audit%20Report_2024_Y_20241219T124849Z_bohlokoa_lesiea.pdf
EC153,Ngquza Hills,2024,qualified,Qualified,https://lg.treasury.gov.za/supportingdocs/EC153/EC153_Audit%20Report_2024_Y_20250116T093207Z_andabeni.pdf
EC154,Port St Johns,2024,qualified,Qualified,https://lg.treasury.gov.za/supportingdocs/EC154/EC154_Audit%20Report_2024_Y_20250108T140637Z_ntan.pdf
EC155,Nyandeni,2024,qualified,Qualified,https://lg.treasury.gov.za/supportingdocs/EC155/EC155_Audit%20Report_2024_Y_20241206T104807Z_tukelan.pdf
EC156,Kumkani Mhlontlo,2024,qualified,Qualified,https://lg.treasury.gov.za/supportingdocs/EC156/EC156_Audit%20Report_2024_Y_20250108T145326Z_nboti.pdf
EC157,King Sabata Dalindyebo,2024,unqualified_emphasis_of_matter,Unqualified - Emphasis of Matter items,https://lg.treasury.gov.za/supportingdocs/EC157/EC157_Audit%20Report_2024_Y_20241130T122033Z_funaniy.pdf
EC441,Matatiele,2024,qualified,Qualified,https://lg.treasury.gov.za/supportingdocs/EC441/EC441_Audit%20Report_2024_Y_20241212T091411Z_pnonkevu.pdf
EC442,Umzimvubu,2024,unqualified,Unqualified - No findings,https://lg.treasury.gov.za/supportingdocs/EC442/EC442_Audit%20Report_2024_Y_20250217T164457Z_luzipho_luthando.pdf
EC443,Winnie Madikizela-Mandela,2024,unqualified_emphasis_of_matter,Unqualified - Emphasis of Matter items,https://lg.treasury.gov.za/supportingdocs/EC443/EC443_Audit%20Report_2024_Y_20241202T132611Z_sibabiniz.pdf
EC444,Ntabankulu,2024,unqualified_emphasis_of_matter,Unqualified - Emphasis of Matter items,
EKU,City of Ekurhuleni,2024,unqualified_emphasis_of_matter,Unqualified - Emphasis of Matter items,https://lg.treasury.gov.za/supportingdocs/EKU/EKU_Audit%20Report_2024_Y_20250131T182441Z_nozipho_dlamini.pdf
ETH,eThekwini,2024,unqualified_emphasis_of_matter,Unqualified - Emphasis of Matter items,https://lg.treasury.gov.za/supportingdocs/ETH/ETH_Audit%20Report_2024_Y_20241211T140608Z_kuselo_nteleko.pdf
FS161,Letsemeng,2024,qualified,Qualified,
FS162,Kopanong,2024,outstanding,Outstanding,https://lg.treasury.gov.za/supportingdocs/FS162/FS162_Audit%20Report_2024_Y_20250627T101557Z_ymak27.pdf
FS163,Mohokare,2024,outstanding,Outstanding,https://lg.treasury.gov.za/supportingdocs/FS163/FS163_Audit%20Report_2024_Y_20250817T152828Z_tsoho.pdf
FS181,Masilonyana,2024,outstanding,Outstanding,https://lg.treasury.gov.za/supportingdocs/FS181/FS181_Audit%20Report_2024_Y_20250512T115622Z_nnini.pdf
FS182,Tokologo,2024,qualified,Qualified,https://lg.treasury.gov.za/supportingdocs/FS182/FS182_Audit%20Report_2024_Y_20250618T135720Z_skhalinonge19.pdf
FS183,Tswelopele,2024,unqualified_emphasis_of_matter,Unqualified - Emphasis of Matter items,https://lg.treasury.gov.za/supportingdocs/FS183/FS183_Audit%20Report_2024_Y_20250129T133230Z_tlekhila.pdf
FS184,Matjhabeng,2024,outstanding,Outstanding,https://lg.treasury.gov.za/supportingdocs/FS184/FS184_Audit%20Report_2024_Y_20250131T152039Z_lindsey_williams.pdf
FS185,Nala,2024,qualified,Qualified,https://lg.treasury.gov.za/supportingdocs/FS185/FS185_Audit%20Report_2024_Y_20250304T104613Z_tmahlanyana.pdf
FS191,Setsoto,2024,unqualified_emphasis_of_matter,Unqualified - Emphasis of Matter items,https://lg.treasury.gov.za/supportingdocs/FS191/FS191_Audit%20Report_2024_Y_20250128T084459Z_rosep.pdf
FS192,Dihlabeng,2024,qualified,Qualified,https://lg.treasury.gov.za/supportingdocs/FS192/FS192_Audit%20Report_2024_Y_20241202T130531Z_lydiam.pdf
FS193,Nketoana,2024,disclaimer,Disclaimer of opinion,https://lg.treasury.gov.za/supportingdocs/FS193/FS193_Audit%20Report_2024_Y_20250206T074809Z_nico_fourie.pdf
FS194,Maluti-a-Phofung,2024,outstanding,Outstanding,https://lg.treasury.gov.za/supportingdocs/FS194/FS194_Audit%20Report_2024_Y_20250219T170940Z_matebohom.pdf
FS195,Phumelela,2024,unqualified_emphasis_of_matter,Unqualified - Emphasis of Matter items,https://lg.treasury.gov.za/supportingdocs/FS195/FS195_Audit%20Report_2024_Y_20250305T095117Z_budgetacc.pdf
FS196,Mantsopa,2024,qualified,Qualified,https://lg.treasury.gov.za/supportingdocs/FS196/FS196_Audit%20Report_2024_Y_20250131T105139Z_mofarasim.pdf
FS201,Moqhaka,2024,qualified,Qualified,https://lg.treasury.gov.za/supportingdocs/FS201/FS201_Audit%20Report_2024_Y_20250206T112223Z_ikelengm.pdf
FS203,Ngwathe,2024,qualified,Qualified,https://lg.treasury.gov.za/supportingdocs/FS203/FS203_Audit%20Report_2024_Y_20250206T191148Z_lepelel.pdf
FS204,Metsimaholo,2024,qualified,Qualified,https://lg.treasury.gov.za/supportingdocs/FS204/FS204_Audit%20Report_2024_Y_20250205T111141Z_nthati_motloung.pdf
FS205,Mafube,2024,outstanding,Outstanding,https://lg.treasury.gov.za/supportingdocs/FS205/FS205_Audit%20Report_2024_Y_20250819T124818Z_dininomayeza.pdf
GT421,Emfuleni,2024,qualified,Qualified,https://lg.treasury.gov.za/supportingdocs/GT421/GT421_Audit%20Report_2024_Y_20250218T115427Z_nanikiem.pdf
GT422,Midvaal,2024,unqualified,Unqualified - No findings,https://lg.treasury.gov.za/supportingdocs/GT422/GT422_Audit%20Report_2024_Y_20250226T153841Z_mswelihlem.pdf
GT423,Lesedi,2024,unqualified_emphasis_of_matter,Unqualified - Emphasis of Matter items,https://lg.treasury.gov.za/supportingdocs/GT423/GT423_Audit%20Report_2024_Y_20250317T103453Z_tebogos.pdf
GT481,Mogale City,2024,unqualified_emphasis_of_matter,Unqualified - Emphasis of Matter items,https://lg.treasury.gov.za/supportingdocs/GT481/GT481_Audit%20Report_2024_Y_20241211T091303Z_miehleketo_nkanyani.pdf
GT484,Merafong City,2024,qualified,Qualified,https://lg.treasury.gov.za/supportingdocs/GT484/GT484_Audit%20Report_2024_Y_20250115T144052Z_mmathibe.pdf
GT485,Rand West City,2024,unqualified_emphasis_of_matter,Unqualified - Emphasis of Matter items,https://lg.treasury.gov.za/supportingdocs/GT485/GT485_Audit%20Report_2024_Y_20250123T083358Z_itumeleng_mogalobe.pdf
JHB,City of Johannesburg,2024,unqualified_emphasis_of_matter,Unqualified - Emphasis of Matter items,https://lg.treasury.gov.za/supportingdocs/JHB/JHB_Audit%20Report_2024_Y_20241211T163730Z_ntuthuzeloa.pdf
KZN212,Umdoni,2024,qualified,Qualified,https://lg.treasury.gov.za/supportingdocs/KZN212/KZN212_Audit%20Report_2024_Y_20250314T115608Z_princen.pdf
KZN213,Umzumbe,2024,adverse,Adverse opinion,https://lg.treasury.gov.za/supportingdocs/KZN213/KZN213_Audit%20Report_2024_Y_20250626T162240Z_njabulo.pdf
KZN214,uMuziwabantu,2024,unqualified_emphasis_of_matter,Unqualified - Emphasis of Matter items,https://lg.treasury.gov.za/supportingdocs/KZN214/KZN214_Audit%20Report_2024_Y_20250304T113135Z_hmchunu.pdf
KZN216,Ray Nkonyeni,2024,unqualified_emphasis_of_matter,Unqualified - Emphasis of Matter items,https://lg.treasury.gov.za/supportingdocs/KZN216/KZN216_Audit%20Report_2024_Y_20240328T090747Z_nomonde_bhengu.pdf
KZN221,uMshwathi,2024,unqualified,Unqualified - No findings,https://lg.treasury.gov.za/supportingdocs/KZN221/KZN221_Audit%20Report_2024_Y_20241203T103627Z_hloniphiles.pdf
KZN222,uMngeni,2024,unqualified_emphasis_of_matter,Unqualified - Emphasis of Matter items,https://lg.treasury.gov.za/supportingdocs/KZN222/KZN222_Audit%20Report_2024_Y_20241202T120358Z_nokwanda_dladla.pdf
KZN223,Mpofana,2024,unqualified_emphasis_of_matter,Unqualified - Emphasis of Matter items,https://lg.treasury.gov.za/supportingdocs/KZN223/KZN223_Audit%20Report_2024_Y_20241205T160539Z_thandi_cele.pdf
KZN224,Impendle,2024,unqualified_emphasis_of_matter,Unqualified - Emphasis of Matter items,
KZN225,Msunduzi,2024,outstanding,Outstanding,https://lg.treasury.gov.za/supportingdocs/KZN225/KZN225_Audit%20Report_2024_Y_20250320T083201Z_thumeka_ndudane.pdf
KZN226,Mkhambathini,2024,unqualified_emphasis_of_matter,Unqualified - Emphasis of Matter items,
KZN227,Richmond,2024,unqualified,Unqualified - No findings,https://lg.treasury.gov.za/supportingdocs/KZN227/KZN227_Audit%20Report_2024_Y_20250221T112426Z_sfundo_mbanjwa.pdf
KZN235,Okhahlamba,2024,unqualified_emphasis_of_matter,Unqualified - Emphasis of Matter items,https://lg.treasury.gov.za/supportingdocs/KZN235/KZN235_Audit%20Report_2024_Y_20241129T154111Z_khethiwe_dubazane.pdf
KZN237,Inkosi Langalibalele,2024,qualified,Qualified,
KZN238,Alfred Duma,2024,unqualified_emphasis_of_matter,Unqualified - Emphasis of Matter items,https://lg.treasury.gov.za/supportingdocs/KZN238/KZN238_Audit%20Report_2024_Y_20241219T091825Z_nsingh.pdf
KZN241,Endumeni,2024,disclaimer,Disclaimer of opinion,https://lg.treasury.gov.za/supportingdocs/KZN241/KZN241_Audit%20Report_2024_Y_20241202T132913Z_thusim.pdf
KZN242,Nquthu,2024,unqualified_emphasis_of_matter,Unqualified - Emphasis of Matter items,https://lg.treasury.gov.za/supportingdocs/KZN242/KZN242_Audit%20Report_2024_Y_20250116T104647Z_shadebe.pdf
KZN244,Msinga,2024,unqualified,Unqualified - No findings,https://lg.treasury.gov.za/supportingdocs/KZN244/KZN244_Audit%20Report_2024_Y_20241212T101418Z_bulelwa_masimula.pdf
KZN245,Umvoti,2024,unqualified,Unqualified - No findings,https://lg.treasury.gov.za/supportingdocs/KZN245/KZN245_Audit%20Report_2024_Y_20250630T091151Z_nomfundo_mngomezulu.pdf
KZN252,Newcastle,2024,unqualified_emphasis_of_matter,Unqualified - Emphasis of Matter items,https://lg.treasury.gov.za/supportingdocs/KZN252/KZN252_Audit%20Report_2024_Y_20241203T123332Z_nomthandazo_zondo.pdf
KZN253,Emadlangeni,2024,unqualified_emphasis_of_matter,Unqualified - Emphasis of Matter items,https://lg.treasury.gov.za/supportingdocs/KZN253/KZN253_Audit%20Report_2024_Y_20250129T135020Z_muyundal.pdf
KZN254,Dannhauser,2024,unqualified_emphasis_of_matter,Unqualified - Emphasis of Matter items,https://lg.treasury.gov.za/supportingdocs/KZN254/KZN254_Audit%20Report_2024_Y_20250701T093146Z_budget.pdf
KZN261,eDumbe,2024,unqualified_emphasis_of_matter,Unqualified - Emphasis of Matter items,
KZN262,uPhongolo,2024,unqualified_emphasis_of_matter,Unqualified - Emphasis of Matter items,https://lg.treasury.gov.za/supportingdocs/KZN262/KZN262_Audit%20Report_2024_Y_20250129T100223Z_mazwih.pdf
KZN263,Abaqulusi,2024,unqualified_emphasis_of_matter,Unqualified - Emphasis of Matter items,https://lg.treasury.gov.za/supportingdocs/KZN263/KZN263_Audit%20Report_2024_Y_20250124T130906Z_nndaba.pdf
KZN265,Nongoma,2024,qualified,Qualified,https://lg.treasury.gov.za/supportingdocs/KZN265/KZN265_Audit%20Report_2024_Y_20250211T105602Z_nonhlanhlas.pdf
KZN266,Ulundi,2024,unqualified_emphasis_of_matter,Unqualified - Emphasis of Matter items,https://lg.treasury.gov.za/supportingdocs/KZN266/KZN266_Audit%20Report_2024_Y_20241205T143106Z_hndlela.pdf
KZN271,Umhlabuyalingana,2024,unqualified_emphasis_of_matter,Unqualified - Emphasis of Matter items,https://lg.treasury.gov.za/supportingdocs/KZN271/KZN271_Audit%20Report_2024_Y_20250219T132623Z_xolilek.pdf
KZN272,Jozini,2024,unqualified_emphasis_of_matter,Unqualified - Emphasis of Matter items,
KZN275,Mtubatuba,2024,qualified,Qualified,https://lg.treasury.gov.za/supportingdocs/KZN275/KZN275_Audit%20Report_2024_Y_20250618T102501Z_zinhle_budget.pdf
KZN276,Hlabisa Big Five,2024,unqualified_emphasis_of_matter,Unqualified - Emphasis of Matter items,https://lg.treasury.gov.za/supportingdocs/KZN276/KZN276_Audit%20Report_2024_Y_20241209T113933Z_vnmbokazi.pdf
KZN281,Mfolozi,2024,unqualified_emphasis_of_matter,Unqualified - Emphasis of Matter items,https://lg.treasury.gov.za/supportingdocs/KZN281/KZN281_Audit%20Report_2024_Y_20241211T152956Z_ngeman.pdf
KZN282,uMhlathuze,2024,unqualified,Unqualified - No findings,https://lg.treasury.gov.za/supportingdocs/KZN282/KZN282_Audit%20Report_2024_Y_20241203T090711Z_senzo_mngomezulu.pdf
KZN284,uMlalazi,2024,unqualified,Unqualified - No findings,https://lg.treasury.gov.za/supportingdocs/KZN284/KZN284_Audit%20Report_2024_Y_20250218T091633Z_sibusisos.pdf
KZN285,Mthonjaneni,2024,unqualified_emphasis_of_matter,Unqualified - Emphasis of Matter items,https://lg.treasury.gov.za/supportingdocs/KZN285/KZN285_Audit%20Report_2024_Y_20241203T071607Z_rfs.pdf
KZN286,Nkandla,2024,unqualified_emphasis_of_matter,Unqualified - Emphasis of Matter items,https://lg.treasury.gov.za/supportingdocs/KZN286/KZN286_Audit%20Report_2024_Y_20241210T131645Z_nkosinathi_mchunu.pdf
KZN291,Mandeni,2024,unqualified_emphasis_of_matter,Unqualified - Emphasis of Matter items,https://lg.treasury.gov.za/supportingdocs/KZN291/KZN291_Audit%20Report_2024_Y_20241204T103344Z_buyisiwe_chala.pdf
KZN292,KwaDukuza,2024,unqualified_emphasis_of_matter,Unqualified - Emphasis of Matter items,https://lg.treasury.gov.za/supportingdocs/KZN292/KZN292_Audit%20Report_2024_Y_20241204T152806Z_poobalanm.pdf
KZN293,Ndwedwe,2024,unqualified_emphasis_of_matter,Unqualified - Emphasis of Matter items,https://lg.treasury.gov.za/supportingdocs/KZN293/KZN293_Audit%20Report_2024_Y_20241212T100046Z_sbonelo_ngidi.pdf
KZN294,Maphumulo,2024,unqualified_emphasis_of_matter,Unqualified - Emphasis of Matter items,
KZN433,Greater Kokstad,2024,unqualified_emphasis_of_matter,Unqualified - Emphasis of Matter items,https://lg.treasury.gov.za/supportingdocs/KZN433/KZN433_Audit%20Report_2024_Y_20241204T151353Z_khaya_nyokana.pdf
KZN434,Johannes Phumani Phungula,2024,unqualified_emphasis_of_matter,Unqualified - Emphasis of Matter items,https://lg.treasury.gov.za/supportingdocs/KZN434/KZN434_Audit%20Report_2024_Y_20241203T141934Z_nhsithole.pdf
KZN435,Umzimkhulu,2024,unqualified_emphasis_of_matter,Unqualified - Emphasis of Matter items,https://lg.treasury.gov.za/supportingdocs/KZN435/KZN435_Audit%20Report_2024_Y_20241203T153218Z_thusiw.pdf
KZN436,Dr Nkosazana Dlamini Zuma,2024,unqualified_emphasis_of_matter,Unqualified - Emphasis of Matter items,https://lg.treasury.gov.za/supportingdocs/KZN436/KZN436_Audit%20Report_2024_Y_20250626T163338Z_xaban.pdf
LIM331,Greater Giyani,2024,unqualified_emphasis_of_matter,Unqualified - Emphasis of Matter items,https://lg.treasury.gov.za/supportingdocs/LIM331/LIM331_Audit%20Report_2024_Y_20241213T231022Z_mashaun.pdf
LIM332,Greater Letaba,2024,unqualified_emphasis_of_matter,Unqualified - Emphasis of Matter items,https://lg.treasury.gov.za/supportingdocs/LIM332/LIM332_Audit%20Report_2024_Y_20250108T151727Z_tracyb.pdf
LIM333,Greater Tzaneen,2024,unqualified_emphasis_of_matter,Unqualified - Emphasis of Matter items,https://lg.treasury.gov.za/supportingdocs/LIM333/LIM333_Audit%20Report_2024_Y_20241202T085006Z_siyakudumisa.PDF
LIM334,Ba-Phalaborwa,2024,qualified,Qualified,https://lg.treasury.gov.za/supportingdocs/LIM334/LIM334_Audit%20Report_2024_Y_20241217T150912Z_motloutsiw.pdf
LIM335,Maruleng,2024,unqualified_emphasis_of_matter,Unqualified - Emphasis of Matter items,https://lg.treasury.gov.za/supportingdocs/LIM335/LIM335_Audit%20Report_2024_Y_20241213T102522Z_mashilanem.pdf
LIM341,Musina,2024,unqualified_emphasis_of_matter,Unqualified - Emphasis of Matter items,https://lg.treasury.gov.za/supportingdocs/LIM341/LIM341_Audit%20Report_2024_Y_20241205T082652Z_mariac.pdf
LIM343,Thulamela,2024,qualified,Qualified,https://lg.treasury.gov.za/supportingdocs/LIM343/LIM343_Audit%20Report_2024_Y_20241202T100208Z_mulaudzin.pdf
LIM344,Makhado,2024,unqualified_emphasis_of_matter,Unqualified - Emphasis of Matter items,https://lg.treasury.gov.za/supportingdocs/LIM344/LIM344_Audit%20Report_2024_Y_20241203T145222Z_phumudzom.pdf
LIM345,Collins Chabane,2024,qualified,Qualified,https://lg.treasury.gov.za/supportingdocs/LIM345/LIM345_Audit%20Report_2024_Y_20241211T163615Z_nomsa_makhubela.pdf
LIM351,Blouberg,2024,qualified,Qualified,https://lg.treasury.gov.za/supportingdocs/LIM351/LIM351_Audit%20Report_2024_Y_20250115T091029Z_ribam.pdf
LIM353,Molemole,2024,unqualified_emphasis_of_matter,Unqualified - Emphasis of Matter items,https://lg.treasury.gov.za/supportingdocs/LIM353/LIM353_Audit%20Report_2024_Y_20250304T171054Z_mamabolomp.pdf
LIM354,Polokwane,2024,unqualified_emphasis_of_matter,Unqualified - Emphasis of Matter items,https://lg.treasury.gov.za/supportingdocs/LIM354/LIM354_Audit%20Report_2024_Y_20241209T121314Z_zinzim2.pdf
LIM355,Lepelle-Nkumpi,2024,unqualified_emphasis_of_matter,Unqualified - Emphasis of Matter items,https://lg.treasury.gov.za/supportingdocs/LIM355/LIM355_Audit%20Report_2024_Y_20250415T161008Z_mokgalo_maribe.pdf
LIM361,Thabazimbi,2024,disclaimer,Disclaimer of opinion,https://lg.treasury.gov.za/supportingdocs/LIM361/LIM361_Audit%20Report_2024_Y_20250122T055951Z_legodib.pdf
LIM362,Lephalale,2024,unqualified_emphasis_of_matter,Unqualified - Emphasis of Matter items,https://lg.treasury.gov.za/supportingdocs/LIM362/LIM362_Audit%20Report_2024_Y_20250423T090541Z_morami_monyeki.pdf
LIM366,Bela Bela,2024,qualified,Qualified,https://lg.treasury.gov.za/supportingdocs/LIM366/LIM366_Audit%20Report_2024_Y_20250221T155602Z_mojelak.pdf
LIM367,Mogalakwena,2024,unqualified_emphasis_of_matter,Unqualified - Emphasis of Matter items,https://lg.treasury.gov.za/supportingdocs/LIM367/LIM367_Audit%20Report_2024_Y_20250124T112806Z_sibandak.pdf
LIM368,Modimolle-Mookgopong,2024,qualified,Qualified,https://lg.treasury.gov.za/supportingdocs/LIM368/LIM368_Audit%20Report_2024_Y_20250515T091745Z_mokasew.pdf
LIM471,Ephraim Mogale,2024,unqualified_emphasis_of_matter,Unqualified - Emphasis of Matter items,https://lg.treasury.gov.za/supportingdocs/LIM471/LIM471_Audit%20Report_2024_Y_20250627T112340Z_kmabija.pdf
LIM472,Elias Motsoaledi,2024,qualified,Qualified,https://lg.treasury.gov.za/supportingdocs/LIM472/LIM472_Audit%20Report_2024_Y_20250203T120735Z_gmakena.pdf
LIM473,Makhuduthamaga,2024,unqualified_emphasis_of_matter,Unqualified - Emphasis of Matter items,https://lg.treasury.gov.za/supportingdocs/LIM473/LIM473_Audit%20Report_2024_Y_20250627T105339Z_mosest.pdf
LIM476,Tubatse Fetakgomo,2024,unqualified_emphasis_of_matter,Unqualified - Emphasis of Matter items,https://lg.treasury.gov.za/supportingdocs/LIM476/LIM476_Audit%20Report_2024_Y_20250627T104136Z_lcphasha.pdf
MAN,Mangaung,2024,qualified,Qualified,https://lg.treasury.gov.za/supportingdocs/MAN/MAN_Audit%20Report_2024_Y_20250203T103044Z_arrie_bartnis.pdf
MP301,Albert Luthuli,2024,qualified,Qualified,https://lg.treasury.gov.za/supportingdocs/MP301/MP301_Audit%20Report_2024_Y_20250701T125659Z_reanamenw.pdf
MP302,Msukaligwa,2024,qualified,Qualified,https://lg.treasury.gov.za/supportingdocs/MP302/MP302_Audit%20Report_2024_Y_20250206T145741Z_dmbmabelane.pdf
MP303,Mkhondo,2024,unqualified_emphasis_of_matter,Unqualified - Emphasis of Matter items,https://lg.treasury.gov.za/supportingdocs/MP303/MP303_Audit%20Report_2024_Y_20250128T120449Z_nhadebe.pdf
MP304,Pixley Ka Seme (MP),2024,unqualified_emphasis_of_matter,Unqualified - Emphasis of Matter items,https://lg.treasury.gov.za/supportingdocs/MP304/MP304_Audit%20Report_2024_Y_20241202T193343Z_murendenim.pdf
MP305,Lekwa,2024,qualified,Qualified,https://lg.treasury.gov.za/supportingdocs/MP305/MP305_Audit%20Report_2024_Y_20250217T102126Z_btilly.pdf
MP306,Dipaleseng,2024,qualified,Qualified,https://lg.treasury.gov.za/supportingdocs/MP306/MP306_Audit%20Report_2024_Y_20241211T115833Z_yusufm.pdf
MP307,Govan Mbeki,2024,qualified,Qualified,https://lg.treasury.gov.za/supportingdocs/MP307/MP307_Audit%20Report_2024_Y_20241211T081802Z_sharon_m.pdf
MP311,Victor Khanye,2024,qualified,Qualified,
MP312,Emalahleni (MP),2024,unqualified_emphasis_of_matter,Unqualified - Emphasis of Matter items,
MP313,Steve Tshwete,2024,qualified,Qualified,
MP314,Emakhazeni,2024,qualified,Qualified,https://lg.treasury.gov.za/supportingdocs/MP314/MP314_Audit%20Report_2024_Y_20241113T112142Z_ethel_mbele.pdf
MP315,Thembisile Hani,2024,unqualified_emphasis_of_matter,Unqualified - Emphasis of Matter items,https://lg.treasury.gov.za/supportingdocs/MP315/MP315_Audit%20Report_2024_Y_20241209T124202Z_mashaob.pdf
MP316,Dr J.S. Moroka,2024,qualified,Qualified,https://lg.treasury.gov.za/supportingdocs/MP316/MP316_Audit%20Report_2024_Y_20250116T100835Z_mngunis.pdf
MP321,Thaba Chweu,2024,outstanding,Outstanding,https://lg.treasury.gov.za/supportingdocs/MP321/MP321_Audit%20Report_2024_Y_20241217T144818Z_morabasylvester.pdf
MP324,Nkomazi,2024,unqualified_emphasis_of_matter,Unqualified - Emphasis of Matter items,
MP325,Bushbuckridge,2024,unqualified_emphasis_of_matter,Unqualified - Emphasis of Matter items,
MP326,City of Mbombela,2024,unqualified_emphasis_of_matter,Unqualified - Emphasis of Matter items,https://lg.treasury.gov.za/supportingdocs/MP326/MP326_Audit%20Report_2024_Y_20250114T090952Z_hazel_mhlabane.pdf
NC061,Richtersveld,2024,qualified,Qualified,https://lg.treasury.gov.za/supportingdocs/NC061/NC061_Audit%20Report_2024_Y_20241203T103318Z_peterw.pdf
NC062,Nama Khoi,2024,unqualified_emphasis_of_matter,Unqualified - Emphasis of Matter items,https://lg.treasury.gov.za/supportingdocs/NC062/NC062_Audit%20Report_2024_Y_20241203T091807Z_terence_vanwyk.pdf
NC064,Kamiesberg,2024,qualified,Qualified,https://lg.treasury.gov.za/supportingdocs/NC064/NC064_Audit%20Report_2024_Y_20250117T140012Z_rosec.pdf
NC065,Hantam,2024,qualified,Qualified,https://lg.treasury.gov.za/supportingdocs/NC065/NC065_Audit%20Report_2024_Y_20250130T204636Z_dmiller.pdf
NC066,Karoo Hoogland,2024,qualified,Qualified,https://lg.treasury.gov.za/supportingdocs/NC066/NC066_Audit%20Report_2024_Y_20241210T110257Z_cfo.pdf
NC067,Khai-Ma,2024,qualified,Qualified,https://lg.treasury.gov.za/supportingdocs/NC067/NC067_Audit%20Report_2024_Y_20241203T160913Z_amogelang.pdf
NC071,Ubuntu,2024,qualified,Qualified,https://lg.treasury.gov.za/supportingdocs/NC071/NC071_Audit%20Report_2024_Y_20240415T114142Z_nasiphinkwenkwezi.pdf
NC072,Umsobomvu,2024,qualified,Qualified,https://lg.treasury.gov.za/supportingdocs/NC072/NC072_Audit%20Report_2024_Y_20250129T091900Z_ncedo.pdf
NC073,Emthanjeni,2024,qualified,Qualified,https://lg.treasury.gov.za/supportingdocs/NC073/NC073_Audit%20Report_2024_Y_20250207T081736Z_abeukman.pdf
NC074,Kareeberg,2024,disclaimer,Disclaimer of opinion,
NC075,Renosterberg,2024,qualified,Qualified,https://lg.treasury.gov.za/supportingdocs/NC075/NC075_Audit%20Report_2024_Y_20241204T102448Z_nombekomfanekiso2.pdf
NC076,Thembelihle,2024,qualified,Qualified,https://lg.treasury.gov.za/supportingdocs/NC076/NC076_Audit%20Report_2024_Y_20250203T152153Z_manfs.pdf
NC077,Siyathemba,2024,qualified,Qualified,
NC078,Siyancuma,2024,qualified,Qualified,https://lg.treasury.gov.za/supportingdocs/NC078/NC078_Audit%20Report_2024_Y_20241203T155400Z_gwynver.pdf
NC082,!Kai! Garib,2024,qualified,Qualified,https://lg.treasury.gov.za/supportingdocs/NC082/NC082_Audit%20Report_2024_Y_20250226T032617Z_wim.pdf
NC084,!Kheis,2024,outstanding,Outstanding,
NC085,Tsantsabane,2024,disclaimer,Disclaimer of opinion,
NC086,Kgatelopele,2024,qualified,Qualified,
NC087,Dawid Kruiper,2024,qualified,Qualified,https://lg.treasury.gov.za/supportingdocs/NC087/NC087_Audit%20Report_2024_Y_20241201T092506Z_judith_louw.pdf
NC091,Sol Plaatje,2024,qualified,Qualified,https://lg.treasury.gov.za/supportingdocs/NC091/NC091_Audit%20Report_2024_Y_20250115T131914Z_ccrouch.pdf
NC092,Dikgatlong,2024,qualified,Qualified,https://lg.treasury.gov.za/supportingdocs/NC092/NC092_Audit%20Report_2024_Y_20241205T141533Z_risk.pdf
NC093,Magareng,2024,qualified,Qualified,https://lg.treasury.gov.za/supportingdocs/NC093/NC093_Audit%20Report_2024_Y_20250114T083256Z_portiamaki2.pdf
NC094,Phokwane,2024,qualified,Qualified,https://lg.treasury.gov.za/supportingdocs/NC094/NC094_Audit%20Report_2024_Y_20240430T164814Z_rahlano.pdf
NC451,Joe Morolong,2024,qualified,Qualified,https://lg.treasury.gov.za/supportingdocs/NC451/NC451_Audit%20Report_2024_Y_20241210T132613Z_kthupae.pdf
NC452,Ga-Segonyana,2024,unqualified_emphasis_of_matter,Unqualified - Emphasis of Matter items,https://lg.treasury.gov.za/supportingdocs/NC452/NC452_Audit%20Report_2024_Y_20250108T150230Z_confy.pdf
NC453,Gamagara,2024,unqualified_emphasis_of_matter,Unqualified - Emphasis of Matter items,https://lg.treasury.gov.za/supportingdocs/NC453/NC453_Audit%20Report_2024_Y_20250123T060603Z_kabedit.pdf
NMA,Nelson Mandela Bay,2024,qualified,Qualified,https://lg.treasury.gov.za/supportingdocs/NMA/NMA_Audit%20Report_2024_Y_20250128T105420Z_tmbangi.pdf
NW371,Moretele,2024,unqualified_emphasis_of_matter,Unqualified - Emphasis of Matter items,https://lg.treasury.gov.za/supportingdocs/NW371/NW371_Audit%20Report_2024_Y_20250115T114428Z_thapza_p.pdf
NW372,Madibeng,2024,qualified,Qualified,https://lg.treasury.gov.za/supportingdocs/NW372/NW372_Audit%20Report_2024_Y_20250204T093334Z_lucaslithako.pdf
NW373,Rustenburg,2024,qualified,Qualified,https://lg.treasury.gov.za/supportingdocs/NW373/NW373_Audit%20Report_2024_Y_20250128T083403Z_rmonageng.pdf
NW374,Kgetlengrivier,2024,qualified,Qualified,
NW375,Moses Kotane,2024,qualified,Qualified,https://lg.treasury.gov.za/supportingdocs/NW375/NW375_Audit%20Report_2024_Y_20241206T103759Z_dmolope.pdf
NW381,Ratlou,2024,disclaimer,Disclaimer of opinion,https://lg.treasury.gov.za/supportingdocs/NW381/NW381_Audit%20Report_2024_Y_20250114T140455Z_pagel.pdf
NW382,Tswaing,2024,qualified,Qualified,https://lg.treasury.gov.za/supportingdocs/NW382/NW382_Audit%20Report_2024_Y_20250113T150810Z_spelele2506.pdf
NW383,Mafikeng,2024,qualified,Qualified,https://lg.treasury.gov.za/supportingdocs/NW383/NW383_Audit%20Report_2024_Y_20250207T092634Z_juliabezthomas.pdf
NW384,Ditsobotla,2024,disclaimer,Disclaimer of opinion,
NW385,Ramotshere Moiloa,2024,qualified,Qualified,
NW392,Naledi (NW),2024,qualified,Qualified,https://lg.treasury.gov.za/supportingdocs/NW392/NW392_Audit%20Report_2024_Y_20250416T102347Z_budget_naledilm.pdf
NW393,Mamusa,2024,adverse,Adverse opinion,
NW394,Greater Taung,2024,qualified,Qualified,https://lg.treasury.gov.za/supportingdocs/NW394/NW394_Audit%20Report_2024_Y_20250211T093125Z_dibelanen.pdf
NW396,Lekwa-Teemane,2024,disclaimer,Disclaimer of opinion,https://lg.treasury.gov.za/supportingdocs/NW396/NW396_Audit%20Report_2024_Y_20250219T114833Z_tongtongm.pdf
NW397,Kagisano-Molopo,2024,outstanding,Outstanding,https://lg.treasury.gov.za/supportingdocs/NW397/NW397_Audit%20Report_2024_Y_20250311T115125Z_maphosom.pdf
NW403,City of Matlosana,2024,qualified,Qualified,https://lg.treasury.gov.za/supportingdocs/NW403/NW403_Audit%20Report_2024_Y_20250116T092142Z_tvantonder.pdf
NW404,Maquassi Hills,2024,adverse,Adverse opinion,https://lg.treasury.gov.za/supportingdocs/NW404/NW404_Audit%20Report_2024_Y_20241211T123736Z_moketemoswang.pdf
NW405,J B Marks,2024,qualified,Qualified,https://lg.treasury.gov.za/supportingdocs/NW405/NW405_Audit%20Report_2024_Y_20251106T140911Z_maninis.pdf
TSH,City of Tshwane,2024,qualified,Qualified,https://lg.treasury.gov.za/supportingdocs/TSH/TSH_Audit%20Report_2024_Y_20250319T170622Z_tsakanin.pdf
WC011,Matzikama,2024,unqualified,Unqualified - No findings,https://lg.treasury.gov.za/supportingdocs/WC011/WC011_Audit%20Report_2024_Y_20241202T084325Z_lizaank.pdf
WC012,Cederberg,2024,unqualified_emphasis_of_matter,Unqualified - Emphasis of Matter items,https://lg.treasury.gov.za/supportingdocs/WC012/WC012_Audit%20Report_2024_Y_20241224T104214Z_lameezs.pdf
WC013,Bergrivier,2024,unqualified,Unqualified - No findings,https://lg.treasury.gov.za/supportingdocs/WC013/WC013_Audit%20Report_2024_Y_20241203T121933Z_louwl.pdf
WC014,Saldanha Bay,2024,unqualified,Unqualified - No findings,https://lg.treasury.gov.za/supportingdocs/WC014/WC014_Audit%20Report_2024_Y_20241203T115150Z_theo_karolus.pdf
WC015,Swartland,2024,unqualified,Unqualified - No findings,https://lg.treasury.gov.za/supportingdocs/WC015/WC015_Audit%20Report_2024_Y_20250401T163356Z_papierh.pdf
WC022,Witzenberg,2024,unqualified,Unqualified - No findings,https://lg.treasury.gov.za/supportingdocs/WC022/WC022_Audit%20Report_2024_Y_20241212T155240Z_anne.pdf
WC023,Drakenstein,2024,unqualified,Unqualified - No findings,https://lg.treasury.gov.za/supportingdocs/WC023/WC023_Audit%20Report_2024_Y_20241202T101718Z_kevin_carse.pdf
WC024,Stellenbosch,2024,unqualified,Unqualified - No findings,https://lg.treasury.gov.za/supportingdocs/WC024/WC024_Audit%20Report_2024_Y_20260302T133348Z_lindsay_syster.pdf
WC025,Breede Valley,2024,unqualified,Unqualified - No findings,https://lg.treasury.gov.za/supportingdocs/WC025/WC025_Audit%20Report_2024_Y_20241204T094958Z_jpetro.pdf
WC026,Langeberg,2024,unqualified,Unqualified - No findings,https://lg.treasury.gov.za/supportingdocs/WC026/WC026_Audit%20Report_2024_Y_20241207T091908Z_cscheepers.pdf
WC031,Theewaterskloof,2024,qualified,Qualified,https://lg.treasury.gov.za/supportingdocs/WC031/WC031_Audit%20Report_2024_Y_20250220T100055Z_agathaho.pdf
WC032,Overstrand,2024,unqualified,Unqualified - No findings,
WC033,Cape Agulhas,2024,unqualified,Unqualified - No findings,https://lg.treasury.gov.za/supportingdocs/WC033/WC033_Audit%20Report_2024_Y_20241217T123135Z_shauns.pdf
WC034,Swellendam,2024,unqualified,Unqualified - No findings,https://lg.treasury.gov.za/supportingdocs/WC034/WC034_Audit%20Report_2024_Y_20241202T103436Z_rachel.pdf
WC041,Kannaland,2024,disclaimer,Disclaimer of opinion,https://lg.treasury.gov.za/supportingdocs/WC041/WC041_Audit%20Report_2024_Y_20250113T115856Z_thembelihle.pdf
WC042,Hessequa,2024,unqualified,Unqualified - No findings,https://lg.treasury.gov.za/supportingdocs/WC042/WC042_Audit%20Report_2024_Y_20241203T091405Z_marvin.pdf
WC043,Mossel Bay,2024,unqualified,Unqualified - No findings,https://lg.treasury.gov.za/supportingdocs/WC043/WC043_Audit%20Report_2024_Y_20241203T111001Z_vbasson.pdf
WC044,George,2024,unqualified,Unqualified - No findings,https://lg.treasury.gov.za/supportingdocs/WC044/WC044_Audit%20Report_2024_Y_20250128T135358Z_cnell.pdf
WC045,Oudtshoorn,2024,unqualified_emphasis_of_matter,Unqualified - Emphasis of Matter items,https://lg.treasury.gov.za/supportingdocs/WC045/WC045_Audit%20Report_2024_Y_20241202T103408Z_sophia.pdf
WC047,Bitou,2024,unqualified_emphasis_of_matter,Unqualified - Emphasis of Matter items,https://lg.treasury.gov.za/supportingdocs/WC047/WC047_Audit%20Report_2024_Y_20241203T101811Z_ipretorius.pdf
WC048,Knysna,2024,unqualified_emphasis_of_matter,Unqualified - Emphasis of Matter items,https://lg.treasury.gov.za/supportingdocs/WC048/WC048_Audit%20Report_2024_Y_20241202T124032Z_nbarnard.pdf
WC051,Laingsburg,2024,adverse,Adverse opinion,
WC052,Prince Albert,2024,unqualified_emphasis_of_matter,Unqualified - Emphasis of Matter items,https://lg.treasury.gov.za/supportingdocs/WC052/WC052_Audit%20Report_2024_Y_20241213T142927Z_donovan.pdf
WC053,Beaufort West,2024,qualified,Qualified,https://lg.treasury.gov.za/supportingdocs/WC053/WC053_Audit%20Report_2024_Y_20241202T120632Z_bronwyn.pdf
