demarcation.code,demarcation.label,financial_year_end.year,item.code,item.label,amount.sum
BUF,Buffalo City,2018,0420,Cash/cash equivalents at the year begin:,1686673980.0
BUF,Buffalo City,2018,0430,Cash/cash equivalents at the year end:,1686673980.0
CPT,Cape Town,2018,0420,Cash/cash equivalents at the year begin:,721995636.0
CPT,Cape Town,2018,0430,Cash/cash equivalents at the year end:,721995636.0
DC1,West Coast,2018,0140,Other revenue,250166189.0
DC1,West Coast,2018,0170,Interest,2627407.0
DC1,West Coast,2018,0310,Capital assets,7303368.0
DC1,West Coast,2018,0430,Cash/cash equivalents at the year end:,260096964.0
DC10,Sarah Baartman,2018,0420,Cash/cash equivalents at the year begin:,3937753.0
DC10,Sarah Baartman,2018,0430,Cash/cash equivalents at the year end:,3937753.0
DC14,Joe Gqabi,2018,0420,Cash/cash equivalents at the year begin:,-3802649.0
DC14,Joe Gqabi,2018,0430,Cash/cash equivalents at the year end:,-3802649.0
DC15,O R Tambo,2018,0420,Cash/cash equivalents at the year begin:,-24200.0
DC15,O R Tambo,2018,0430,Cash/cash equivalents at the year end:,-24200.0
DC16,Xhariep,2018,0150,Transfers and Subsidies - Operational,7000000.0
DC16,Xhariep,2018,0430,Cash/cash equivalents at the year end:,7000000.0
DC20,Fezile Dabi,2018,0420,Cash/cash equivalents at the year begin:,66444222.0
DC20,Fezile Dabi,2018,0430,Cash/cash equivalents at the year end:,66444222.0
DC23,Uthukela,2018,0130,Service charges,102244710.0
DC23,Uthukela,2018,0140,Other revenue,4524353.0
DC23,Uthukela,2018,0150,Transfers and Subsidies - Operational,314772403.0
DC23,Uthukela,2018,0160,Transfers and Subsidies - Capital,144304000.0
DC23,Uthukela,2018,0310,Capital assets,-300694721.0
DC23,Uthukela,2018,0420,Cash/cash equivalents at the year begin:,-817123649.0
DC23,Uthukela,2018,0430,Cash/cash equivalents at the year end:,-551972904.0
DC24,Umzinyathi,2018,0130,Service charges,31715309.0
DC24,Umzinyathi,2018,0140,Other revenue,317038.0
DC24,Umzinyathi,2018,0150,Transfers and Subsidies - Operational,1533437639.0
DC24,Umzinyathi,2018,0160,Transfers and Subsidies - Capital,100811938.0
DC24,Umzinyathi,2018,0310,Capital assets,-236253593.0
DC24,Umzinyathi,2018,0420,Cash/cash equivalents at the year begin:,69247340.0
DC24,Umzinyathi,2018,0430,Cash/cash equivalents at the year end:,1499275671.0
DC26,Zululand,2018,0420,Cash/cash equivalents at the year begin:,137430356.0
DC26,Zululand,2018,0430,Cash/cash equivalents at the year end:,137430356.0
DC28,King Cetshwayo,2018,0420,Cash/cash equivalents at the year begin:,477544984.0
DC28,King Cetshwayo,2018,0430,Cash/cash equivalents at the year end:,477544984.0
DC29,iLembe,2018,0130,Service charges,105323618.0
DC29,iLembe,2018,0140,Other revenue,36648540.0
DC29,iLembe,2018,0150,Transfers and Subsidies - Operational,2643798483.0
DC29,iLembe,2018,0160,Transfers and Subsidies - Capital,410626000.0
DC29,iLembe,2018,0310,Capital assets,-280025539.0
DC29,iLembe,2018,0420,Cash/cash equivalents at the year begin:,28749392.0
DC29,iLembe,2018,0430,Cash/cash equivalents at the year end:,2945120494.0
DC30,Gert Sibande,2018,0140,Other revenue,13083.0
DC30,Gert Sibande,2018,0150,Transfers and Subsidies - Operational,286227826.0
DC30,Gert Sibande,2018,0160,Transfers and Subsidies - Capital,70211000.0
DC30,Gert Sibande,2018,0310,Capital assets,-2325085.0
DC30,Gert Sibande,2018,0420,Cash/cash equivalents at the year begin:,191288178.0
DC30,Gert Sibande,2018,0430,Cash/cash equivalents at the year end:,545415002.0
DC31,Nkangala,2018,0140,Other revenue,795650.0
DC31,Nkangala,2018,0150,Transfers and Subsidies - Operational,353318764.0
DC31,Nkangala,2018,0420,Cash/cash equivalents at the year begin:,452671585.0
DC31,Nkangala,2018,0430,Cash/cash equivalents at the year end:,806785999.0
DC34,Vhembe,2018,0130,Service charges,3259.0
DC34,Vhembe,2018,0140,Other revenue,336025572.0
DC34,Vhembe,2018,0150,Transfers and Subsidies - Operational,1220499935.0
DC34,Vhembe,2018,0420,Cash/cash equivalents at the year begin:,153601867.0
DC34,Vhembe,2018,0430,Cash/cash equivalents at the year end:,1710130633.0
DC35,Capricorn,2018,0420,Cash/cash equivalents at the year begin:,315968996.0
DC35,Capricorn,2018,0430,Cash/cash equivalents at the year end:,315968996.0
DC36,Waterberg,2018,0140,Other revenue,1546447.0
DC36,Waterberg,2018,0150,Transfers and Subsidies - Operational,125017401.0
DC36,Waterberg,2018,0420,Cash/cash equivalents at the year begin:,4567212.0
DC36,Waterberg,2018,0430,Cash/cash equivalents at the year end:,131131060.0
DC4,Garden Route,2018,0420,Cash/cash equivalents at the year begin:,-401480122.0
DC4,Garden Route,2018,0430,Cash/cash equivalents at the year end:,-401480122.0
DC43,Harry Gwala,2018,0420,Cash/cash equivalents at the year begin:,-100.0
DC43,Harry Gwala,2018,0430,Cash/cash equivalents at the year end:,-100.0
DC44,Alfred Nzo,2018,0130,Service charges,24025867.0
DC44,Alfred Nzo,2018,0140,Other revenue,870688.0
DC44,Alfred Nzo,2018,0150,Transfers and Subsidies - Operational,437666327.0
DC44,Alfred Nzo,2018,0160,Transfers and Subsidies - Capital,381324315.0
DC44,Alfred Nzo,2018,0170,Interest,2410847.0
DC44,Alfred Nzo,2018,0310,Capital assets,-486650324.0
DC44,Alfred Nzo,2018,0420,Cash/cash equivalents at the year begin:,16508869.0
DC44,Alfred Nzo,2018,0430,Cash/cash equivalents at the year end:,376156589.0
DC48,West Rand,2018,0140,Other revenue,34181896.0
DC48,West Rand,2018,0150,Transfers and Subsidies - Operational,385622473.0
DC48,West Rand,2018,0160,Transfers and Subsidies - Capital,48615000.0
DC48,West Rand,2018,0310,Capital assets,-3538000.0
DC48,West Rand,2018,0420,Cash/cash equivalents at the year begin:,-19468628.0
DC48,West Rand,2018,0430,Cash/cash equivalents at the year end:,445412741.0
DC5,Central Karoo,2018,0420,Cash/cash equivalents at the year begin:,5119825.0
DC5,Central Karoo,2018,0430,Cash/cash equivalents at the year end:,5119825.0
DC7,Pixley Ka Seme (NC),2018,0420,Cash/cash equivalents at the year begin:,2749582.0
DC7,Pixley Ka Seme (NC),2018,0430,Cash/cash equivalents at the year end:,2749582.0
DC9,Frances Baard,2018,0420,Cash/cash equivalents at the year begin:,35500000.0
DC9,Frances Baard,2018,0430,Cash/cash equivalents at the year end:,35500000.0
EC101,Dr Beyers Naude,2018,0130,Service charges,-147963.0
EC101,Dr Beyers Naude,2018,0420,Cash/cash equivalents at the year begin:,8971561.0
EC101,Dr Beyers Naude,2018,0430,Cash/cash equivalents at the year end:,8823598.0
EC104,Makana,2018,0120,Property rates,55912890.0
EC104,Makana,2018,0130,Service charges,184231040.0
EC104,Makana,2018,0140,Other revenue,7387632.0
EC104,Makana,2018,0150,Transfers and Subsidies - Operational,81570008.0
EC104,Makana,2018,0260,Proceeds on disposal of PPE,151671.0
EC104,Makana,2018,0310,Capital assets,-22991401.0
EC104,Makana,2018,0420,Cash/cash equivalents at the year begin:,12943046.0
EC104,Makana,2018,0430,Cash/cash equivalents at the year end:,319204886.0
EC105,Ndlambe,2018,0120,Property rates,81153320.0
EC105,Ndlambe,2018,0130,Service charges,108301872.0
EC105,Ndlambe,2018,0140,Other revenue,19474330.0
EC105,Ndlambe,2018,0150,Transfers and Subsidies - Operational,169532258.0
EC105,Ndlambe,2018,0160,Transfers and Subsidies - Capital,13445.0
EC105,Ndlambe,2018,0170,Interest,-12331.0
EC105,Ndlambe,2018,0310,Capital assets,-35108952.0
EC105,Ndlambe,2018,0420,Cash/cash equivalents at the year begin:,7153308.0
EC105,Ndlambe,2018,0430,Cash/cash equivalents at the year end:,350507250.0
EC108,Kouga,2018,0420,Cash/cash equivalents at the year begin:,28128682.0
EC108,Kouga,2018,0430,Cash/cash equivalents at the year end:,28128682.0
EC122,Mnquma,2018,0420,Cash/cash equivalents at the year begin:,9922131.0
EC122,Mnquma,2018,0430,Cash/cash equivalents at the year end:,9922131.0
EC123,Great Kei,2018,0420,Cash/cash equivalents at the year begin:,4036223.0
EC123,Great Kei,2018,0430,Cash/cash equivalents at the year end:,4036223.0
EC129,Raymond Mhlaba,2018,0150,Transfers and Subsidies - Operational,13215837.0
EC129,Raymond Mhlaba,2018,0420,Cash/cash equivalents at the year begin:,4781.0
EC129,Raymond Mhlaba,2018,0430,Cash/cash equivalents at the year end:,13220618.0
EC136,Emalahleni (EC),2018,0420,Cash/cash equivalents at the year begin:,4036223.0
EC136,Emalahleni (EC),2018,0430,Cash/cash equivalents at the year end:,4036223.0
EC141,Elundini,2018,0130,Service charges,3781818.0
EC141,Elundini,2018,0140,Other revenue,30638999.0
EC141,Elundini,2018,0150,Transfers and Subsidies - Operational,247715455.0
EC141,Elundini,2018,0310,Capital assets,-48350488.0
EC141,Elundini,2018,0420,Cash/cash equivalents at the year begin:,39673684.0
EC141,Elundini,2018,0430,Cash/cash equivalents at the year end:,273459468.0
EC142,Senqu,2018,0420,Cash/cash equivalents at the year begin:,253168630.0
EC142,Senqu,2018,0430,Cash/cash equivalents at the year end:,253168630.0
EC145,Walter Sisulu,2018,0420,Cash/cash equivalents at the year begin:,5731659.0
EC145,Walter Sisulu,2018,0430,Cash/cash equivalents at the year end:,5731659.0
EC153,Ngquza Hills,2018,0120,Property rates,16414188.0
EC153,Ngquza Hills,2018,0130,Service charges,743109.0
EC153,Ngquza Hills,2018,0140,Other revenue,9815587.0
EC153,Ngquza Hills,2018,0150,Transfers and Subsidies - Operational,215134225.0
EC153,Ngquza Hills,2018,0160,Transfers and Subsidies - Capital,69937000.0
EC153,Ngquza Hills,2018,0260,Proceeds on disposal of PPE,2776701.0
EC153,Ngquza Hills,2018,0310,Capital assets,-67643955.0
EC153,Ngquza Hills,2018,0420,Cash/cash equivalents at the year begin:,51559011.0
EC153,Ngquza Hills,2018,0430,Cash/cash equivalents at the year end:,298735866.0
EC155,Nyandeni,2018,0420,Cash/cash equivalents at the year begin:,398324.0
EC155,Nyandeni,2018,0430,Cash/cash equivalents at the year end:,398324.0
EC441,Matatiele,2018,0120,Property rates,17488634.0
EC441,Matatiele,2018,0130,Service charges,35272266.0
EC441,Matatiele,2018,0140,Other revenue,264175659.0
EC441,Matatiele,2018,0150,Transfers and Subsidies - Operational,188693791.0
EC441,Matatiele,2018,0160,Transfers and Subsidies - Capital,139395587.0
EC441,Matatiele,2018,0310,Capital assets,-139770776.0
EC441,Matatiele,2018,0420,Cash/cash equivalents at the year begin:,3972198.0
EC441,Matatiele,2018,0430,Cash/cash equivalents at the year end:,509227359.0
EC442,Umzimvubu,2018,0120,Property rates,7176409.0
EC442,Umzimvubu,2018,0130,Service charges,744411.0
EC442,Umzimvubu,2018,0140,Other revenue,9508119.0
EC442,Umzimvubu,2018,0150,Transfers and Subsidies - Operational,726794312.0
EC442,Umzimvubu,2018,0160,Transfers and Subsidies - Capital,44999990.0
EC442,Umzimvubu,2018,0310,Capital assets,-98008641.0
EC442,Umzimvubu,2018,0420,Cash/cash equivalents at the year begin:,45932157.0
EC442,Umzimvubu,2018,0430,Cash/cash equivalents at the year end:,737146757.0
EC443,Winnie Madikizela-Mandela,2018,0120,Property rates,13068710.0
EC443,Winnie Madikizela-Mandela,2018,0130,Service charges,34867479.0
EC443,Winnie Madikizela-Mandela,2018,0140,Other revenue,15694743.0
EC443,Winnie Madikizela-Mandela,2018,0150,Transfers and Subsidies - Operational,257113174.0
EC443,Winnie Madikizela-Mandela,2018,0310,Capital assets,-98145391.0
EC443,Winnie Madikizela-Mandela,2018,0420,Cash/cash equivalents at the year begin:,67026208.0
EC443,Winnie Madikizela-Mandela,2018,0430,Cash/cash equivalents at the year end:,289624923.0
EC444,Ntabankulu,2018,0140,Other revenue,268.0
EC444,Ntabankulu,2018,0150,Transfers and Subsidies - Operational,-15540113.0
EC444,Ntabankulu,2018,0160,Transfers and Subsidies - Capital,1134.0
EC444,Ntabankulu,2018,0430,Cash/cash equivalents at the year end:,-15538711.0
EKU,City of Ekurhuleni,2018,0420,Cash/cash equivalents at the year begin:,4418901252.0
EKU,City of Ekurhuleni,2018,0430,Cash/cash equivalents at the year end:,4418901252.0
FS182,Tokologo,2018,0420,Cash/cash equivalents at the year begin:,472932.0
FS182,Tokologo,2018,0430,Cash/cash equivalents at the year end:,472932.0
FS183,Tswelopele,2018,0120,Property rates,11782780.0
FS183,Tswelopele,2018,0130,Service charges,37566662.0
FS183,Tswelopele,2018,0140,Other revenue,231051.0
FS183,Tswelopele,2018,0150,Transfers and Subsidies - Operational,109313286.0
FS183,Tswelopele,2018,0170,Interest,161317.0
FS183,Tswelopele,2018,0260,Proceeds on disposal of PPE,1491749.0
FS183,Tswelopele,2018,0420,Cash/cash equivalents at the year begin:,3270877.0
FS183,Tswelopele,2018,0430,Cash/cash equivalents at the year end:,163817722.0
FS184,Matjhabeng,2018,0420,Cash/cash equivalents at the year begin:,-519920345.0
FS184,Matjhabeng,2018,0430,Cash/cash equivalents at the year end:,-519920345.0
FS191,Setsoto,2018,0120,Property rates,82551298.0
FS191,Setsoto,2018,0130,Service charges,85581716.0
FS191,Setsoto,2018,0140,Other revenue,3588160.0
FS191,Setsoto,2018,0150,Transfers and Subsidies - Operational,161911735.0
FS191,Setsoto,2018,0160,Transfers and Subsidies - Capital,38194000.0
FS191,Setsoto,2018,0170,Interest,62797.0
FS191,Setsoto,2018,0260,Proceeds on disposal of PPE,109511.0
FS191,Setsoto,2018,0310,Capital assets,-76305240.0
FS191,Setsoto,2018,0420,Cash/cash equivalents at the year begin:,2071696.0
FS191,Setsoto,2018,0430,Cash/cash equivalents at the year end:,297765673.0
FS192,Dihlabeng,2018,0420,Cash/cash equivalents at the year begin:,113836.0
FS192,Dihlabeng,2018,0430,Cash/cash equivalents at the year end:,113836.0
FS193,Nketoana,2018,0120,Property rates,13703917.0
FS193,Nketoana,2018,0130,Service charges,89010154.0
FS193,Nketoana,2018,0140,Other revenue,4435255.0
FS193,Nketoana,2018,0150,Transfers and Subsidies - Operational,82046072.0
FS193,Nketoana,2018,0160,Transfers and Subsidies - Capital,40495140.0
FS193,Nketoana,2018,0310,Capital assets,-242456.0
FS193,Nketoana,2018,0420,Cash/cash equivalents at the year begin:,1064103.0
FS193,Nketoana,2018,0430,Cash/cash equivalents at the year end:,230512185.0
FS195,Phumelela,2018,0420,Cash/cash equivalents at the year begin:,1395137.0
FS195,Phumelela,2018,0430,Cash/cash equivalents at the year end:,1395137.0
FS196,Mantsopa,2018,0420,Cash/cash equivalents at the year begin:,8990.0
FS196,Mantsopa,2018,0430,Cash/cash equivalents at the year end:,8990.0
FS201,Moqhaka,2018,0420,Cash/cash equivalents at the year begin:,-860546.0
FS201,Moqhaka,2018,0430,Cash/cash equivalents at the year end:,-860546.0
FS203,Ngwathe,2018,0420,Cash/cash equivalents at the year begin:,4692336.0
FS203,Ngwathe,2018,0430,Cash/cash equivalents at the year end:,4692336.0
FS204,Metsimaholo,2018,0420,Cash/cash equivalents at the year begin:,34312.0
FS204,Metsimaholo,2018,0430,Cash/cash equivalents at the year end:,34312.0
GT421,Emfuleni,2018,0420,Cash/cash equivalents at the year begin:,-20805747.0
GT421,Emfuleni,2018,0430,Cash/cash equivalents at the year end:,-20805747.0
GT485,Rand West City,2018,0120,Property rates,42012.0
GT485,Rand West City,2018,0130,Service charges,109669703.0
GT485,Rand West City,2018,0140,Other revenue,1267055997.0
GT485,Rand West City,2018,0150,Transfers and Subsidies - Operational,422800093.0
GT485,Rand West City,2018,0310,Capital assets,-179851958.0
GT485,Rand West City,2018,0420,Cash/cash equivalents at the year begin:,140727118.0
GT485,Rand West City,2018,0430,Cash/cash equivalents at the year end:,1760442965.0
JHB,City of Johannesburg,2018,0150,Transfers and Subsidies - Operational,-1521541.0
JHB,City of Johannesburg,2018,0420,Cash/cash equivalents at the year begin:,324728718.0
JHB,City of Johannesburg,2018,0430,Cash/cash equivalents at the year end:,323207177.0
KZN212,Umdoni,2018,0120,Property rates,-438580.0
KZN212,Umdoni,2018,0140,Other revenue,-7304.0
KZN212,Umdoni,2018,0150,Transfers and Subsidies - Operational,-305029.0
KZN212,Umdoni,2018,0160,Transfers and Subsidies - Capital,7840528.0
KZN212,Umdoni,2018,0430,Cash/cash equivalents at the year end:,7089615.0
KZN213,Umzumbe,2018,0150,Transfers and Subsidies - Operational,158665.0
KZN213,Umzumbe,2018,0430,Cash/cash equivalents at the year end:,158665.0
KZN214,uMuziwabantu,2018,0120,Property rates,19535352.0
KZN214,uMuziwabantu,2018,0130,Service charges,14016275.0
KZN214,uMuziwabantu,2018,0140,Other revenue,315299108.0
KZN214,uMuziwabantu,2018,0150,Transfers and Subsidies - Operational,93045203.0
KZN214,uMuziwabantu,2018,0160,Transfers and Subsidies - Capital,26591000.0
KZN214,uMuziwabantu,2018,0310,Capital assets,-33790917.0
KZN214,uMuziwabantu,2018,0420,Cash/cash equivalents at the year begin:,129470899.0
KZN214,uMuziwabantu,2018,0430,Cash/cash equivalents at the year end:,564166920.0
KZN216,Ray Nkonyeni,2018,0120,Property rates,131557055.0
KZN216,Ray Nkonyeni,2018,0130,Service charges,32031768.0
KZN216,Ray Nkonyeni,2018,0140,Other revenue,182808721.0
KZN216,Ray Nkonyeni,2018,0150,Transfers and Subsidies - Operational,280319168.0
KZN216,Ray Nkonyeni,2018,0160,Transfers and Subsidies - Capital,39615000.0
KZN216,Ray Nkonyeni,2018,0310,Capital assets,-92592248.0
KZN216,Ray Nkonyeni,2018,0420,Cash/cash equivalents at the year begin:,96897502.0
KZN216,Ray Nkonyeni,2018,0430,Cash/cash equivalents at the year end:,670636966.0
KZN221,uMshwathi,2018,0150,Transfers and Subsidies - Operational,84481086.0
KZN221,uMshwathi,2018,0430,Cash/cash equivalents at the year end:,84481086.0
KZN222,uMngeni,2018,0310,Capital assets,1.0
KZN222,uMngeni,2018,0430,Cash/cash equivalents at the year end:,1.0
KZN223,Mpofana,2018,0150,Transfers and Subsidies - Operational,1889488.0
KZN223,Mpofana,2018,0430,Cash/cash equivalents at the year end:,1889488.0
KZN224,Impendle,2018,0150,Transfers and Subsidies - Operational,438977.0
KZN224,Impendle,2018,0160,Transfers and Subsidies - Capital,-3932117.0
KZN224,Impendle,2018,0430,Cash/cash equivalents at the year end:,-3493140.0
KZN225,Msunduzi,2018,0120,Property rates,6894711.0
KZN225,Msunduzi,2018,0130,Service charges,2225267.0
KZN225,Msunduzi,2018,0140,Other revenue,703161651.0
KZN225,Msunduzi,2018,0160,Transfers and Subsidies - Capital,1412308.0
KZN225,Msunduzi,2018,0430,Cash/cash equivalents at the year end:,713693937.0
KZN227,Richmond,2018,0120,Property rates,7296092.0
KZN227,Richmond,2018,0130,Service charges,369503.0
KZN227,Richmond,2018,0140,Other revenue,3092232.0
KZN227,Richmond,2018,0150,Transfers and Subsidies - Operational,294307828.0
KZN227,Richmond,2018,0160,Transfers and Subsidies - Capital,49416851.0
KZN227,Richmond,2018,0170,Interest,175116.0
KZN227,Richmond,2018,0310,Capital assets,-21269760.0
KZN227,Richmond,2018,0420,Cash/cash equivalents at the year begin:,32099387.0
KZN227,Richmond,2018,0430,Cash/cash equivalents at the year end:,365487249.0
KZN237,Inkosi Langalibalele,2018,0120,Property rates,50998492.0
KZN237,Inkosi Langalibalele,2018,0130,Service charges,222201084.0
KZN237,Inkosi Langalibalele,2018,0140,Other revenue,7026946.0
KZN237,Inkosi Langalibalele,2018,0150,Transfers and Subsidies - Operational,156999000.0
KZN237,Inkosi Langalibalele,2018,0160,Transfers and Subsidies - Capital,54724841.0
KZN237,Inkosi Langalibalele,2018,0310,Capital assets,-45300686.0
KZN237,Inkosi Langalibalele,2018,0420,Cash/cash equivalents at the year begin:,-20943184.0
KZN237,Inkosi Langalibalele,2018,0430,Cash/cash equivalents at the year end:,425706493.0
KZN238,Alfred Duma,2018,0120,Property rates,119951826.0
KZN238,Alfred Duma,2018,0130,Service charges,376346439.0
KZN238,Alfred Duma,2018,0140,Other revenue,15752583.0
KZN238,Alfred Duma,2018,0150,Transfers and Subsidies - Operational,154634677.0
KZN238,Alfred Duma,2018,0160,Transfers and Subsidies - Capital,52749000.0
KZN238,Alfred Duma,2018,0170,Interest,10123465.0
KZN238,Alfred Duma,2018,0310,Capital assets,-12671073.0
KZN238,Alfred Duma,2018,0420,Cash/cash equivalents at the year begin:,262205859.0
KZN238,Alfred Duma,2018,0430,Cash/cash equivalents at the year end:,979092776.0
KZN242,Nquthu,2018,0420,Cash/cash equivalents at the year begin:,231170405.0
KZN242,Nquthu,2018,0430,Cash/cash equivalents at the year end:,231170405.0
KZN244,Msinga,2018,0120,Property rates,6444487.0
KZN244,Msinga,2018,0130,Service charges,290608.0
KZN244,Msinga,2018,0140,Other revenue,335106.0
KZN244,Msinga,2018,0150,Transfers and Subsidies - Operational,127241720.0
KZN244,Msinga,2018,0160,Transfers and Subsidies - Capital,22837873.0
KZN244,Msinga,2018,0310,Capital assets,-45567843.0
KZN244,Msinga,2018,0420,Cash/cash equivalents at the year begin:,36760518.0
KZN244,Msinga,2018,0430,Cash/cash equivalents at the year end:,148342469.0
KZN245,Umvoti,2018,0140,Other revenue,-12154348.0
KZN245,Umvoti,2018,0430,Cash/cash equivalents at the year end:,-12154348.0
KZN252,Newcastle,2018,0420,Cash/cash equivalents at the year begin:,57019438.0
KZN252,Newcastle,2018,0430,Cash/cash equivalents at the year end:,57019438.0
KZN253,Emadlangeni,2018,0140,Other revenue,519.0
KZN253,Emadlangeni,2018,0430,Cash/cash equivalents at the year end:,519.0
KZN254,Dannhauser,2018,0120,Property rates,12141401.0
KZN254,Dannhauser,2018,0130,Service charges,452949.0
KZN254,Dannhauser,2018,0140,Other revenue,14178179.0
KZN254,Dannhauser,2018,0150,Transfers and Subsidies - Operational,228604182.0
KZN254,Dannhauser,2018,0160,Transfers and Subsidies - Capital,24299907.0
KZN254,Dannhauser,2018,0310,Capital assets,-3310616.0
KZN254,Dannhauser,2018,0360,Borrowing long term/refinancing,9383001.0
KZN254,Dannhauser,2018,0420,Cash/cash equivalents at the year begin:,43708854.0
KZN254,Dannhauser,2018,0430,Cash/cash equivalents at the year end:,329457857.0
KZN263,Abaqulusi,2018,0120,Property rates,57491509.0
KZN263,Abaqulusi,2018,0130,Service charges,230735545.0
KZN263,Abaqulusi,2018,0140,Other revenue,9150567.0
KZN263,Abaqulusi,2018,0150,Transfers and Subsidies - Operational,46535971.0
KZN263,Abaqulusi,2018,0420,Cash/cash equivalents at the year begin:,12068412.0
KZN263,Abaqulusi,2018,0430,Cash/cash equivalents at the year end:,355982004.0
KZN276,Hlabisa Big Five,2018,0150,Transfers and Subsidies - Operational,37045.0
KZN276,Hlabisa Big Five,2018,0430,Cash/cash equivalents at the year end:,37045.0
KZN284,uMlalazi,2018,0420,Cash/cash equivalents at the year begin:,-23823139.0
KZN284,uMlalazi,2018,0430,Cash/cash equivalents at the year end:,-23823139.0
KZN291,Mandeni,2018,0150,Transfers and Subsidies - Operational,7327.0
KZN291,Mandeni,2018,0430,Cash/cash equivalents at the year end:,7327.0
KZN292,KwaDukuza,2018,0120,Property rates,383519710.0
KZN292,KwaDukuza,2018,0130,Service charges,947367589.0
KZN292,KwaDukuza,2018,0140,Other revenue,124515369.0
KZN292,KwaDukuza,2018,0150,Transfers and Subsidies - Operational,113956924.0
KZN292,KwaDukuza,2018,0160,Transfers and Subsidies - Capital,3045000.0
KZN292,KwaDukuza,2018,0170,Interest,1127259.0
KZN292,KwaDukuza,2018,0310,Capital assets,-34751159.0
KZN292,KwaDukuza,2018,0360,Borrowing long term/refinancing,5016687.0
KZN292,KwaDukuza,2018,0420,Cash/cash equivalents at the year begin:,385933337.0
KZN292,KwaDukuza,2018,0430,Cash/cash equivalents at the year end:,1929730716.0
KZN294,Maphumulo,2018,0150,Transfers and Subsidies - Operational,-475090.0
KZN294,Maphumulo,2018,0430,Cash/cash equivalents at the year end:,-475090.0
KZN433,Greater Kokstad,2018,0120,Property rates,148600801.0
KZN433,Greater Kokstad,2018,0130,Service charges,75577760.0
KZN433,Greater Kokstad,2018,0140,Other revenue,7296560.0
KZN433,Greater Kokstad,2018,0150,Transfers and Subsidies - Operational,50633699.0
KZN433,Greater Kokstad,2018,0160,Transfers and Subsidies - Capital,19094320.0
KZN433,Greater Kokstad,2018,0310,Capital assets,-33611653.0
KZN433,Greater Kokstad,2018,0420,Cash/cash equivalents at the year begin:,125272243.0
KZN433,Greater Kokstad,2018,0430,Cash/cash equivalents at the year end:,392863730.0
KZN435,Umzimkhulu,2018,0120,Property rates,26450.0
KZN435,Umzimkhulu,2018,0160,Transfers and Subsidies - Capital,115672.0
KZN435,Umzimkhulu,2018,0310,Capital assets,-59852041.0
KZN435,Umzimkhulu,2018,0420,Cash/cash equivalents at the year begin:,175496231.0
KZN435,Umzimkhulu,2018,0430,Cash/cash equivalents at the year end:,115786312.0
KZN436,Dr Nkosazana Dlamini Zuma,2018,0140,Other revenue,-920.0
KZN436,Dr Nkosazana Dlamini Zuma,2018,0150,Transfers and Subsidies - Operational,-46.0
KZN436,Dr Nkosazana Dlamini Zuma,2018,0170,Interest,-1050291.0
KZN436,Dr Nkosazana Dlamini Zuma,2018,0310,Capital assets,-99904.0
KZN436,Dr Nkosazana Dlamini Zuma,2018,0430,Cash/cash equivalents at the year end:,-1151161.0
LIM332,Greater Letaba,2018,0420,Cash/cash equivalents at the year begin:,-267918.0
LIM332,Greater Letaba,2018,0430,Cash/cash equivalents at the year end:,-267918.0
LIM335,Maruleng,2018,0140,Other revenue,79793036.0
LIM335,Maruleng,2018,0150,Transfers and Subsidies - Operational,121453435.0
LIM335,Maruleng,2018,0160,Transfers and Subsidies - Capital,8093000.0
LIM335,Maruleng,2018,0310,Capital assets,-7879227.0
LIM335,Maruleng,2018,0420,Cash/cash equivalents at the year begin:,111445050.0
LIM335,Maruleng,2018,0430,Cash/cash equivalents at the year end:,312905294.0
LIM341,Musina,2018,0130,Service charges,52816317.0
LIM341,Musina,2018,0140,Other revenue,89734853.0
LIM341,Musina,2018,0150,Transfers and Subsidies - Operational,14070774.0
LIM341,Musina,2018,0260,Proceeds on disposal of PPE,1013000.0
LIM341,Musina,2018,0310,Capital assets,-19280697.0
LIM341,Musina,2018,0420,Cash/cash equivalents at the year begin:,13804991.0
LIM341,Musina,2018,0430,Cash/cash equivalents at the year end:,152159238.0
LIM343,Thulamela,2018,0120,Property rates,1673926.0
LIM343,Thulamela,2018,0140,Other revenue,29076867.0
LIM343,Thulamela,2018,0150,Transfers and Subsidies - Operational,65163.0
LIM343,Thulamela,2018,0170,Interest,12356088.0
LIM343,Thulamela,2018,0420,Cash/cash equivalents at the year begin:,488344797.0
LIM343,Thulamela,2018,0430,Cash/cash equivalents at the year end:,531516841.0
LIM344,Makhado,2018,0120,Property rates,96379629.0
LIM344,Makhado,2018,0130,Service charges,591686261.0
LIM344,Makhado,2018,0140,Other revenue,91428858.0
LIM344,Makhado,2018,0150,Transfers and Subsidies - Operational,7439428.0
LIM344,Makhado,2018,0160,Transfers and Subsidies - Capital,62013051.0
LIM344,Makhado,2018,0310,Capital assets,-111308920.0
LIM344,Makhado,2018,0420,Cash/cash equivalents at the year begin:,61809242.0
LIM344,Makhado,2018,0430,Cash/cash equivalents at the year end:,799447549.0
LIM345,Collins Chabane,2018,0120,Property rates,5021211.0
LIM345,Collins Chabane,2018,0130,Service charges,580108.0
LIM345,Collins Chabane,2018,0140,Other revenue,35730621.0
LIM345,Collins Chabane,2018,0150,Transfers and Subsidies - Operational,181098082.0
LIM345,Collins Chabane,2018,0160,Transfers and Subsidies - Capital,58160000.0
LIM345,Collins Chabane,2018,0170,Interest,2410521.0
LIM345,Collins Chabane,2018,0310,Capital assets,-121480823.0
LIM345,Collins Chabane,2018,0420,Cash/cash equivalents at the year begin:,186333025.0
LIM345,Collins Chabane,2018,0430,Cash/cash equivalents at the year end:,347852745.0
LIM353,Molemole,2018,0420,Cash/cash equivalents at the year begin:,55606545.0
LIM353,Molemole,2018,0430,Cash/cash equivalents at the year end:,55606545.0
LIM361,Thabazimbi,2018,0120,Property rates,30035401.0
LIM361,Thabazimbi,2018,0130,Service charges,69367819.0
LIM361,Thabazimbi,2018,0140,Other revenue,14530798.0
LIM361,Thabazimbi,2018,0150,Transfers and Subsidies - Operational,8253546.0
LIM361,Thabazimbi,2018,0420,Cash/cash equivalents at the year begin:,-27877105.0
LIM361,Thabazimbi,2018,0430,Cash/cash equivalents at the year end:,94310459.0
LIM366,Bela Bela,2018,0120,Property rates,2455.0
LIM366,Bela Bela,2018,0130,Service charges,17667.0
LIM366,Bela Bela,2018,0140,Other revenue,15416000.0
LIM366,Bela Bela,2018,0150,Transfers and Subsidies - Operational,53798934.0
LIM366,Bela Bela,2018,0160,Transfers and Subsidies - Capital,70050000.0
LIM366,Bela Bela,2018,0310,Capital assets,-45278656.0
LIM366,Bela Bela,2018,0420,Cash/cash equivalents at the year begin:,26025313.0
LIM366,Bela Bela,2018,0430,Cash/cash equivalents at the year end:,120031713.0
LIM367,Mogalakwena,2018,0420,Cash/cash equivalents at the year begin:,217398760.0
LIM367,Mogalakwena,2018,0430,Cash/cash equivalents at the year end:,217398760.0
LIM368,Modimolle-Mookgopong,2018,0130,Service charges,156036554.0
LIM368,Modimolle-Mookgopong,2018,0140,Other revenue,39204093.0
LIM368,Modimolle-Mookgopong,2018,0150,Transfers and Subsidies - Operational,131681485.0
LIM368,Modimolle-Mookgopong,2018,0160,Transfers and Subsidies - Capital,90000000.0
LIM368,Modimolle-Mookgopong,2018,0310,Capital assets,-31831875.0
LIM368,Modimolle-Mookgopong,2018,0420,Cash/cash equivalents at the year begin:,-142601972.0
LIM368,Modimolle-Mookgopong,2018,0430,Cash/cash equivalents at the year end:,242488285.0
LIM471,Ephraim Mogale,2018,0120,Property rates,27062913.0
LIM471,Ephraim Mogale,2018,0130,Service charges,60586179.0
LIM471,Ephraim Mogale,2018,0140,Other revenue,24404352.0
LIM471,Ephraim Mogale,2018,0150,Transfers and Subsidies - Operational,124128000.0
LIM471,Ephraim Mogale,2018,0160,Transfers and Subsidies - Capital,12340000.0
LIM471,Ephraim Mogale,2018,0310,Capital assets,-42328780.0
LIM471,Ephraim Mogale,2018,0420,Cash/cash equivalents at the year begin:,124741265.0
LIM471,Ephraim Mogale,2018,0430,Cash/cash equivalents at the year end:,330933929.0
LIM472,Elias Motsoaledi,2018,0140,Other revenue,16868868.0
LIM472,Elias Motsoaledi,2018,0150,Transfers and Subsidies - Operational,791382594.0
LIM472,Elias Motsoaledi,2018,0310,Capital assets,-80078487.0
LIM472,Elias Motsoaledi,2018,0420,Cash/cash equivalents at the year begin:,20944202.0
LIM472,Elias Motsoaledi,2018,0430,Cash/cash equivalents at the year end:,749117177.0
LIM476,Tubatse Fetakgomo,2018,0420,Cash/cash equivalents at the year begin:,-72347736.0
LIM476,Tubatse Fetakgomo,2018,0430,Cash/cash equivalents at the year end:,-72347736.0
MAN,Mangaung,2018,0420,Cash/cash equivalents at the year begin:,-620797.0
MAN,Mangaung,2018,0430,Cash/cash equivalents at the year end:,-620797.0
MP302,Msukaligwa,2018,0420,Cash/cash equivalents at the year begin:,57219296.0
MP302,Msukaligwa,2018,0430,Cash/cash equivalents at the year end:,57219296.0
MP303,Mkhondo,2018,0120,Property rates,31141922.0
MP303,Mkhondo,2018,0130,Service charges,65590055.0
MP303,Mkhondo,2018,0140,Other revenue,13259880.0
MP303,Mkhondo,2018,0150,Transfers and Subsidies - Operational,147773985.0
MP303,Mkhondo,2018,0160,Transfers and Subsidies - Capital,102215000.0
MP303,Mkhondo,2018,0260,Proceeds on disposal of PPE,1952976.0
MP303,Mkhondo,2018,0310,Capital assets,-99461448.0
MP303,Mkhondo,2018,0420,Cash/cash equivalents at the year begin:,1250185.0
MP303,Mkhondo,2018,0430,Cash/cash equivalents at the year end:,263722555.0
MP304,Pixley Ka Seme (MP),2018,0120,Property rates,21406377.0
MP304,Pixley Ka Seme (MP),2018,0130,Service charges,76493518.0
MP304,Pixley Ka Seme (MP),2018,0140,Other revenue,30470599.0
MP304,Pixley Ka Seme (MP),2018,0150,Transfers and Subsidies - Operational,2603359.0
MP304,Pixley Ka Seme (MP),2018,0160,Transfers and Subsidies - Capital,12404.0
MP304,Pixley Ka Seme (MP),2018,0310,Capital assets,-44029187.0
MP304,Pixley Ka Seme (MP),2018,0420,Cash/cash equivalents at the year begin:,87078973.0
MP304,Pixley Ka Seme (MP),2018,0430,Cash/cash equivalents at the year end:,174036043.0
MP305,Lekwa,2018,0120,Property rates,43956267.0
MP305,Lekwa,2018,0130,Service charges,368291604.0
MP305,Lekwa,2018,0140,Other revenue,2468703.0
MP305,Lekwa,2018,0150,Transfers and Subsidies - Operational,96661600.0
MP305,Lekwa,2018,0160,Transfers and Subsidies - Capital,-148684736.0
MP305,Lekwa,2018,0310,Capital assets,-25684894.0
MP305,Lekwa,2018,0420,Cash/cash equivalents at the year begin:,8118339.0
MP305,Lekwa,2018,0430,Cash/cash equivalents at the year end:,345126883.0
MP307,Govan Mbeki,2018,0120,Property rates,19619798.0
MP307,Govan Mbeki,2018,0130,Service charges,33120145.0
MP307,Govan Mbeki,2018,0140,Other revenue,99049539.0
MP307,Govan Mbeki,2018,0150,Transfers and Subsidies - Operational,1700017.0
MP307,Govan Mbeki,2018,0420,Cash/cash equivalents at the year begin:,-804752961.0
MP307,Govan Mbeki,2018,0430,Cash/cash equivalents at the year end:,-651263462.0
MP312,Emalahleni (MP),2018,0420,Cash/cash equivalents at the year begin:,12845142.0
MP312,Emalahleni (MP),2018,0430,Cash/cash equivalents at the year end:,12845142.0
MP313,Steve Tshwete,2018,0120,Property rates,294911623.0
MP313,Steve Tshwete,2018,0130,Service charges,586603385.0
MP313,Steve Tshwete,2018,0140,Other revenue,46393795.0
MP313,Steve Tshwete,2018,0150,Transfers and Subsidies - Operational,156927200.0
MP313,Steve Tshwete,2018,0310,Capital assets,-70119024.0
MP313,Steve Tshwete,2018,0420,Cash/cash equivalents at the year begin:,565859199.0
MP313,Steve Tshwete,2018,0430,Cash/cash equivalents at the year end:,1580576178.0
MP314,Emakhazeni,2018,0120,Property rates,25265487.0
MP314,Emakhazeni,2018,0130,Service charges,94195507.0
MP314,Emakhazeni,2018,0140,Other revenue,16881770.0
MP314,Emakhazeni,2018,0150,Transfers and Subsidies - Operational,84671657.0
MP314,Emakhazeni,2018,0160,Transfers and Subsidies - Capital,37000000.0
MP314,Emakhazeni,2018,0310,Capital assets,-36906174.0
MP314,Emakhazeni,2018,0420,Cash/cash equivalents at the year begin:,2819878.0
MP314,Emakhazeni,2018,0430,Cash/cash equivalents at the year end:,223928125.0
MP316,Dr J.S. Moroka,2018,0120,Property rates,11842217.0
MP316,Dr J.S. Moroka,2018,0130,Service charges,51969509.0
MP316,Dr J.S. Moroka,2018,0140,Other revenue,229588337.0
MP316,Dr J.S. Moroka,2018,0150,Transfers and Subsidies - Operational,329523728.0
MP316,Dr J.S. Moroka,2018,0420,Cash/cash equivalents at the year begin:,-23965334.0
MP316,Dr J.S. Moroka,2018,0430,Cash/cash equivalents at the year end:,598958457.0
MP321,Thaba Chweu,2018,0420,Cash/cash equivalents at the year begin:,-9550320.0
MP321,Thaba Chweu,2018,0430,Cash/cash equivalents at the year end:,-9550320.0
MP326,City of Mbombela,2018,0420,Cash/cash equivalents at the year begin:,25702128.0
MP326,City of Mbombela,2018,0430,Cash/cash equivalents at the year end:,25702128.0
NC064,Kamiesberg,2018,0420,Cash/cash equivalents at the year begin:,7983073.0
NC064,Kamiesberg,2018,0430,Cash/cash equivalents at the year end:,7983073.0
NC065,Hantam,2018,0420,Cash/cash equivalents at the year begin:,784351.0
NC065,Hantam,2018,0430,Cash/cash equivalents at the year end:,784351.0
NC072,Umsobomvu,2018,0420,Cash/cash equivalents at the year begin:,15486552.0
NC072,Umsobomvu,2018,0430,Cash/cash equivalents at the year end:,15486552.0
NC073,Emthanjeni,2018,0150,Transfers and Subsidies - Operational,-2117525.0
NC073,Emthanjeni,2018,0430,Cash/cash equivalents at the year end:,-2117525.0
NC082,!Kai! Garib,2018,0420,Cash/cash equivalents at the year begin:,-1880865.0
NC082,!Kai! Garib,2018,0430,Cash/cash equivalents at the year end:,-1880865.0
NC084,!Kheis,2018,0130,Service charges,-44844.0
NC084,!Kheis,2018,0140,Other revenue,-92009.0
NC084,!Kheis,2018,0150,Transfers and Subsidies - Operational,730000.0
NC084,!Kheis,2018,0310,Capital assets,-217391.0
NC084,!Kheis,2018,0430,Cash/cash equivalents at the year end:,375756.0
NC086,Kgatelopele,2018,0420,Cash/cash equivalents at the year begin:,-6197666.0
NC086,Kgatelopele,2018,0430,Cash/cash equivalents at the year end:,-6197666.0
NC087,Dawid Kruiper,2018,0140,Other revenue,1914.0
NC087,Dawid Kruiper,2018,0430,Cash/cash equivalents at the year end:,1914.0
NC093,Magareng,2018,0420,Cash/cash equivalents at the year begin:,104107.0
NC093,Magareng,2018,0430,Cash/cash equivalents at the year end:,104107.0
NC094,Phokwane,2018,0420,Cash/cash equivalents at the year begin:,21534529.0
NC094,Phokwane,2018,0430,Cash/cash equivalents at the year end:,21534529.0
NC452,Ga-Segonyana,2018,0120,Property rates,43698409.0
NC452,Ga-Segonyana,2018,0130,Service charges,153046868.0
NC452,Ga-Segonyana,2018,0140,Other revenue,14327363.0
NC452,Ga-Segonyana,2018,0150,Transfers and Subsidies - Operational,122061455.0
NC452,Ga-Segonyana,2018,0160,Transfers and Subsidies - Capital,23172000.0
NC452,Ga-Segonyana,2018,0310,Capital assets,-76404334.0
NC452,Ga-Segonyana,2018,0420,Cash/cash equivalents at the year begin:,-1023861.0
NC452,Ga-Segonyana,2018,0430,Cash/cash equivalents at the year end:,278877900.0
NC453,Gamagara,2018,0420,Cash/cash equivalents at the year begin:,240206.0
NC453,Gamagara,2018,0430,Cash/cash equivalents at the year end:,240206.0
NMA,Nelson Mandela Bay,2018,0420,Cash/cash equivalents at the year begin:,1574148302.0
NMA,Nelson Mandela Bay,2018,0430,Cash/cash equivalents at the year end:,1574148302.0
NW372,Madibeng,2018,0420,Cash/cash equivalents at the year begin:,-134768973.0
NW372,Madibeng,2018,0430,Cash/cash equivalents at the year end:,-134768973.0
NW374,Kgetlengrivier,2018,0150,Transfers and Subsidies - Operational,2670899.0
NW374,Kgetlengrivier,2018,0430,Cash/cash equivalents at the year end:,2670899.0
NW381,Ratlou,2018,0140,Other revenue,397939.0
NW381,Ratlou,2018,0150,Transfers and Subsidies - Operational,-5001011.0
NW381,Ratlou,2018,0430,Cash/cash equivalents at the year end:,-4603072.0
NW382,Tswaing,2018,0420,Cash/cash equivalents at the year begin:,300839.0
NW382,Tswaing,2018,0430,Cash/cash equivalents at the year end:,300839.0
NW383,Mafikeng,2018,0120,Property rates,177682136.0
NW383,Mafikeng,2018,0130,Service charges,109219769.0
NW383,Mafikeng,2018,0140,Other revenue,18398871.0
NW383,Mafikeng,2018,0150,Transfers and Subsidies - Operational,303066537.0
NW383,Mafikeng,2018,0160,Transfers and Subsidies - Capital,150055622.0
NW383,Mafikeng,2018,0310,Capital assets,-30700364.0
NW383,Mafikeng,2018,0420,Cash/cash equivalents at the year begin:,-15759809.0
NW383,Mafikeng,2018,0430,Cash/cash equivalents at the year end:,711962762.0
NW384,Ditsobotla,2018,0420,Cash/cash equivalents at the year begin:,4036223.0
NW384,Ditsobotla,2018,0430,Cash/cash equivalents at the year end:,4036223.0
NW385,Ramotshere Moiloa,2018,0150,Transfers and Subsidies - Operational,-13281861.0
NW385,Ramotshere Moiloa,2018,0420,Cash/cash equivalents at the year begin:,1861279.0
NW385,Ramotshere Moiloa,2018,0430,Cash/cash equivalents at the year end:,-11420582.0
NW394,Greater Taung,2018,0420,Cash/cash equivalents at the year begin:,4036223.0
NW394,Greater Taung,2018,0430,Cash/cash equivalents at the year end:,4036223.0
NW396,Lekwa-Teemane,2018,0420,Cash/cash equivalents at the year begin:,-3061441.0
NW396,Lekwa-Teemane,2018,0430,Cash/cash equivalents at the year end:,-3061441.0
NW397,Kagisano-Molopo,2018,0420,Cash/cash equivalents at the year begin:,-3331063.0
NW397,Kagisano-Molopo,2018,0430,Cash/cash equivalents at the year end:,-3331063.0
NW404,Maquassi Hills,2018,0420,Cash/cash equivalents at the year begin:,7172556.0
NW404,Maquassi Hills,2018,0430,Cash/cash equivalents at the year end:,7172556.0
NW405,J B Marks,2018,0420,Cash/cash equivalents at the year begin:,351761440.0
NW405,J B Marks,2018,0430,Cash/cash equivalents at the year end:,351761440.0
TSH,City of Tshwane,2018,0120,Property rates,392344722.0
TSH,City of Tshwane,2018,0150,Transfers and Subsidies - Operational,79805562.0
TSH,City of Tshwane,2018,0430,Cash/cash equivalents at the year end:,472150284.0
WC011,Matzikama,2018,0420,Cash/cash equivalents at the year begin:,-118358988.0
WC011,Matzikama,2018,0430,Cash/cash equivalents at the year end:,-118358988.0
WC012,Cederberg,2018,0420,Cash/cash equivalents at the year begin:,22216009.0
WC012,Cederberg,2018,0430,Cash/cash equivalents at the year end:,22216009.0
WC013,Bergrivier,2018,0420,Cash/cash equivalents at the year begin:,171238975.0
WC013,Bergrivier,2018,0430,Cash/cash equivalents at the year end:,171238975.0
WC014,Saldanha Bay,2018,0120,Property rates,182740650.0
WC014,Saldanha Bay,2018,0130,Service charges,638857476.0
WC014,Saldanha Bay,2018,0140,Other revenue,36324237.0
WC014,Saldanha Bay,2018,0150,Transfers and Subsidies - Operational,98206698.0
WC014,Saldanha Bay,2018,0310,Capital assets,-178779169.0
WC014,Saldanha Bay,2018,0420,Cash/cash equivalents at the year begin:,552756968.0
WC014,Saldanha Bay,2018,0430,Cash/cash equivalents at the year end:,1330106860.0
WC024,Stellenbosch,2018,0310,Capital assets,8235824.0
WC024,Stellenbosch,2018,0420,Cash/cash equivalents at the year begin:,-96144.0
WC024,Stellenbosch,2018,0430,Cash/cash equivalents at the year end:,8139680.0
WC025,Breede Valley,2018,0310,Capital assets,-56.0
WC025,Breede Valley,2018,0430,Cash/cash equivalents at the year end:,-56.0
WC031,Theewaterskloof,2018,0420,Cash/cash equivalents at the year begin:,177094600.0
WC031,Theewaterskloof,2018,0430,Cash/cash equivalents at the year end:,177094600.0
WC033,Cape Agulhas,2018,0420,Cash/cash equivalents at the year begin:,42751461.0
WC033,Cape Agulhas,2018,0430,Cash/cash equivalents at the year end:,42751461.0
WC042,Hessequa,2018,0420,Cash/cash equivalents at the year begin:,211731859.0
WC042,Hessequa,2018,0430,Cash/cash equivalents at the year end:,211731859.0
WC045,Oudtshoorn,2018,0420,Cash/cash equivalents at the year begin:,209785.0
WC045,Oudtshoorn,2018,0430,Cash/cash equivalents at the year end:,209785.0
WC051,Laingsburg,2018,0420,Cash/cash equivalents at the year begin:,-3884482.0
WC051,Laingsburg,2018,0430,Cash/cash equivalents at the year end:,-3884482.0
WC052,Prince Albert,2018,0420,Cash/cash equivalents at the year begin:,25411041.0
WC052,Prince Albert,2018,0430,Cash/cash equivalents at the year end:,25411041.0
WC053,Beaufort West,2018,0420,Cash/cash equivalents at the year begin:,4036223.0
WC053,Beaufort West,2018,0430,Cash/cash equivalents at the year end:,4036223.0
BUF,Buffalo City,2019,0200,Suppliers and employees,-2136761.0
BUF,Buffalo City,2019,0220,Transfers and Subsidies,-7763318.0
BUF,Buffalo City,2019,0420,Cash/cash equivalents at the year begin:,1822330369.0
BUF,Buffalo City,2019,0430,Cash/cash equivalents at the year end:,1812430290.0
CPT,Cape Town,2019,0280,Decrease (increase) in non-current receivables,-176089857.0
CPT,Cape Town,2019,0290,Decrease (increase) in non-current investments,-3831992716.0
CPT,Cape Town,2019,0420,Cash/cash equivalents at the year begin:,7692688364.0
CPT,Cape Town,2019,0430,Cash/cash equivalents at the year end:,3684605791.0
DC1,West Coast,2019,0170,Interest,20910545.0
DC1,West Coast,2019,0200,Suppliers and employees,504452949.0
DC1,West Coast,2019,0280,Decrease (increase) in non-current receivables,2762224.0
DC1,West Coast,2019,0310,Capital assets,112466.0
DC1,West Coast,2019,0420,Cash/cash equivalents at the year begin:,269808077.0
DC1,West Coast,2019,0430,Cash/cash equivalents at the year end:,798046261.0
DC10,Sarah Baartman,2019,0420,Cash/cash equivalents at the year begin:,197000000.0
DC10,Sarah Baartman,2019,0430,Cash/cash equivalents at the year end:,197000000.0
DC13,Chris Hani,2019,0420,Cash/cash equivalents at the year begin:,260845893.0
DC13,Chris Hani,2019,0430,Cash/cash equivalents at the year end:,260845893.0
DC14,Joe Gqabi,2019,0200,Suppliers and employees,-227500972.0
DC14,Joe Gqabi,2019,0290,Decrease (increase) in non-current investments,-94000.0
DC14,Joe Gqabi,2019,0420,Cash/cash equivalents at the year begin:,12654579.0
DC14,Joe Gqabi,2019,0430,Cash/cash equivalents at the year end:,-214940393.0
DC15,O R Tambo,2019,0280,Decrease (increase) in non-current receivables,-1098155.0
DC15,O R Tambo,2019,0420,Cash/cash equivalents at the year begin:,165942680.0
DC15,O R Tambo,2019,0430,Cash/cash equivalents at the year end:,164844525.0
DC16,Xhariep,2019,0420,Cash/cash equivalents at the year begin:,7370702.0
DC16,Xhariep,2019,0430,Cash/cash equivalents at the year end:,7370702.0
DC18,Lejweleputswa,2019,0200,Suppliers and employees,-53448.0
DC18,Lejweleputswa,2019,0430,Cash/cash equivalents at the year end:,-53448.0
DC19,Thabo Mofutsanyana,2019,0200,Suppliers and employees,-4757763.0
DC19,Thabo Mofutsanyana,2019,0430,Cash/cash equivalents at the year end:,-4757763.0
DC2,Cape Winelands DM,2019,0310,Capital assets,244208.0
DC2,Cape Winelands DM,2019,0430,Cash/cash equivalents at the year end:,244208.0
DC20,Fezile Dabi,2019,0420,Cash/cash equivalents at the year begin:,89401594.0
DC20,Fezile Dabi,2019,0430,Cash/cash equivalents at the year end:,89401594.0
DC21,Ugu,2019,0130,Service charges,-11750884.0
DC21,Ugu,2019,0150,Transfers and Subsidies - Operational,8564183.0
DC21,Ugu,2019,0200,Suppliers and employees,22649434.0
DC21,Ugu,2019,0280,Decrease (increase) in non-current receivables,-2060109.0
DC21,Ugu,2019,0420,Cash/cash equivalents at the year begin:,-23922787.0
DC21,Ugu,2019,0430,Cash/cash equivalents at the year end:,-6520163.0
DC22,uMgungundlovu,2019,0200,Suppliers and employees,1727.0
DC22,uMgungundlovu,2019,0420,Cash/cash equivalents at the year begin:,-889.0
DC22,uMgungundlovu,2019,0430,Cash/cash equivalents at the year end:,838.0
DC23,Uthukela,2019,0130,Service charges,126410297.0
DC23,Uthukela,2019,0140,Other revenue,3265464.0
DC23,Uthukela,2019,0150,Transfers and Subsidies - Operational,453336213.0
DC23,Uthukela,2019,0160,Transfers and Subsidies - Capital,289526000.0
DC23,Uthukela,2019,0200,Suppliers and employees,76412181.0
DC23,Uthukela,2019,0310,Capital assets,-214519730.0
DC23,Uthukela,2019,0420,Cash/cash equivalents at the year begin:,-906968896.0
DC23,Uthukela,2019,0430,Cash/cash equivalents at the year end:,-172538471.0
DC24,Umzinyathi,2019,0130,Service charges,36390393.0
DC24,Umzinyathi,2019,0140,Other revenue,10108793.0
DC24,Umzinyathi,2019,0150,Transfers and Subsidies - Operational,1490720525.0
DC24,Umzinyathi,2019,0160,Transfers and Subsidies - Capital,15596020.0
DC24,Umzinyathi,2019,0200,Suppliers and employees,277556729.0
DC24,Umzinyathi,2019,0220,Transfers and Subsidies,-75.0
DC24,Umzinyathi,2019,0310,Capital assets,-317253714.0
DC24,Umzinyathi,2019,0420,Cash/cash equivalents at the year begin:,115231744.0
DC24,Umzinyathi,2019,0430,Cash/cash equivalents at the year end:,1628350415.0
DC25,Amajuba,2019,0420,Cash/cash equivalents at the year begin:,-20919702.0
DC25,Amajuba,2019,0430,Cash/cash equivalents at the year end:,-20919702.0
DC26,Zululand,2019,0420,Cash/cash equivalents at the year begin:,13201448.0
DC26,Zululand,2019,0430,Cash/cash equivalents at the year end:,13201448.0
DC28,King Cetshwayo,2019,0280,Decrease (increase) in non-current receivables,104532.0
DC28,King Cetshwayo,2019,0420,Cash/cash equivalents at the year begin:,461491281.0
DC28,King Cetshwayo,2019,0430,Cash/cash equivalents at the year end:,461595813.0
DC29,iLembe,2019,0130,Service charges,124402050.0
DC29,iLembe,2019,0140,Other revenue,45903587.0
DC29,iLembe,2019,0150,Transfers and Subsidies - Operational,2341956909.0
DC29,iLembe,2019,0160,Transfers and Subsidies - Capital,366720000.0
DC29,iLembe,2019,0200,Suppliers and employees,384010115.0
DC29,iLembe,2019,0310,Capital assets,-247485929.0
DC29,iLembe,2019,0390,Repayment of borrowing,-44073481.0
DC29,iLembe,2019,0420,Cash/cash equivalents at the year begin:,19612058.0
DC29,iLembe,2019,0430,Cash/cash equivalents at the year end:,2991045309.0
DC3,Overberg,2019,0310,Capital assets,-100.0
DC3,Overberg,2019,0430,Cash/cash equivalents at the year end:,-100.0
DC30,Gert Sibande,2019,0130,Service charges,3008513.0
DC30,Gert Sibande,2019,0140,Other revenue,29640.0
DC30,Gert Sibande,2019,0150,Transfers and Subsidies - Operational,297106147.0
DC30,Gert Sibande,2019,0160,Transfers and Subsidies - Capital,202754000.0
DC30,Gert Sibande,2019,0200,Suppliers and employees,133280481.0
DC30,Gert Sibande,2019,0310,Capital assets,-314662.0
DC30,Gert Sibande,2019,0420,Cash/cash equivalents at the year begin:,210232279.0
DC30,Gert Sibande,2019,0430,Cash/cash equivalents at the year end:,846096398.0
DC31,Nkangala,2019,0140,Other revenue,2031199.0
DC31,Nkangala,2019,0150,Transfers and Subsidies - Operational,345321678.0
DC31,Nkangala,2019,0200,Suppliers and employees,74452609.0
DC31,Nkangala,2019,0290,Decrease (increase) in non-current investments,-4785419.0
DC31,Nkangala,2019,0310,Capital assets,-9344037.0
DC31,Nkangala,2019,0390,Repayment of borrowing,650581.0
DC31,Nkangala,2019,0420,Cash/cash equivalents at the year begin:,324514032.0
DC31,Nkangala,2019,0430,Cash/cash equivalents at the year end:,732840643.0
DC32,Ehlanzeni,2019,0290,Decrease (increase) in non-current investments,-463638.0
DC32,Ehlanzeni,2019,0420,Cash/cash equivalents at the year begin:,85106890.0
DC32,Ehlanzeni,2019,0430,Cash/cash equivalents at the year end:,84643252.0
DC34,Vhembe,2019,0130,Service charges,203880.0
DC34,Vhembe,2019,0140,Other revenue,123993820.0
DC34,Vhembe,2019,0150,Transfers and Subsidies - Operational,1224431941.0
DC34,Vhembe,2019,0200,Suppliers and employees,657302784.0
DC34,Vhembe,2019,0420,Cash/cash equivalents at the year begin:,-387549888.0
DC34,Vhembe,2019,0430,Cash/cash equivalents at the year end:,1618382537.0
DC35,Capricorn,2019,0420,Cash/cash equivalents at the year begin:,274315290.0
DC35,Capricorn,2019,0430,Cash/cash equivalents at the year end:,274315290.0
DC36,Waterberg,2019,0140,Other revenue,3990896.0
DC36,Waterberg,2019,0150,Transfers and Subsidies - Operational,125061530.0
DC36,Waterberg,2019,0160,Transfers and Subsidies - Capital,1493000.0
DC36,Waterberg,2019,0200,Suppliers and employees,95811898.0
DC36,Waterberg,2019,0420,Cash/cash equivalents at the year begin:,74543095.0
DC36,Waterberg,2019,0430,Cash/cash equivalents at the year end:,300900419.0
DC38,Ngaka Modiri Molema,2019,0290,Decrease (increase) in non-current investments,-9847.0
DC38,Ngaka Modiri Molema,2019,0420,Cash/cash equivalents at the year begin:,-166067906.0
DC38,Ngaka Modiri Molema,2019,0430,Cash/cash equivalents at the year end:,-166077753.0
DC39,Dr Ruth Segomotsi Mompati,2019,0150,Transfers and Subsidies - Operational,536073956.0
DC39,Dr Ruth Segomotsi Mompati,2019,0200,Suppliers and employees,-96664101.0
DC39,Dr Ruth Segomotsi Mompati,2019,0430,Cash/cash equivalents at the year end:,439409855.0
DC4,Garden Route,2019,0420,Cash/cash equivalents at the year begin:,-784071300.0
DC4,Garden Route,2019,0430,Cash/cash equivalents at the year end:,-784071300.0
DC40,Dr Kenneth Kaunda,2019,0420,Cash/cash equivalents at the year begin:,9761418.0
DC40,Dr Kenneth Kaunda,2019,0430,Cash/cash equivalents at the year end:,9761418.0
DC42,Sedibeng,2019,0420,Cash/cash equivalents at the year begin:,16828173.0
DC42,Sedibeng,2019,0430,Cash/cash equivalents at the year end:,16828173.0
DC43,Harry Gwala,2019,0420,Cash/cash equivalents at the year begin:,99878478.0
DC43,Harry Gwala,2019,0430,Cash/cash equivalents at the year end:,99878478.0
DC44,Alfred Nzo,2019,0130,Service charges,31399800.0
DC44,Alfred Nzo,2019,0140,Other revenue,347013531.0
DC44,Alfred Nzo,2019,0150,Transfers and Subsidies - Operational,369625341.0
DC44,Alfred Nzo,2019,0160,Transfers and Subsidies - Capital,149140109.0
DC44,Alfred Nzo,2019,0170,Interest,2873007.0
DC44,Alfred Nzo,2019,0200,Suppliers and employees,259055004.0
DC44,Alfred Nzo,2019,0310,Capital assets,-466590444.0
DC44,Alfred Nzo,2019,0420,Cash/cash equivalents at the year begin:,-16736767.0
DC44,Alfred Nzo,2019,0430,Cash/cash equivalents at the year end:,675779581.0
DC45,John Taolo Gaetsewe,2019,0420,Cash/cash equivalents at the year begin:,89076.0
DC45,John Taolo Gaetsewe,2019,0430,Cash/cash equivalents at the year end:,89076.0
DC47,Sekhukhune,2019,0290,Decrease (increase) in non-current investments,26261076.0
DC47,Sekhukhune,2019,0420,Cash/cash equivalents at the year begin:,18249105.0
DC47,Sekhukhune,2019,0430,Cash/cash equivalents at the year end:,44510181.0
DC48,West Rand,2019,0140,Other revenue,20085888.0
DC48,West Rand,2019,0150,Transfers and Subsidies - Operational,160511000.0
DC48,West Rand,2019,0160,Transfers and Subsidies - Capital,2594000.0
DC48,West Rand,2019,0200,Suppliers and employees,75511428.0
DC48,West Rand,2019,0280,Decrease (increase) in non-current receivables,303561.0
DC48,West Rand,2019,0310,Capital assets,-316539.0
DC48,West Rand,2019,0420,Cash/cash equivalents at the year begin:,-222549361.0
DC48,West Rand,2019,0430,Cash/cash equivalents at the year end:,36139977.0
DC5,Central Karoo,2019,0420,Cash/cash equivalents at the year begin:,16756.0
DC5,Central Karoo,2019,0430,Cash/cash equivalents at the year end:,16756.0
DC6,Namakwa,2019,0420,Cash/cash equivalents at the year begin:,11469352.0
DC6,Namakwa,2019,0430,Cash/cash equivalents at the year end:,11469352.0
DC7,Pixley Ka Seme (NC),2019,0280,Decrease (increase) in non-current receivables,-654790.0
DC7,Pixley Ka Seme (NC),2019,0420,Cash/cash equivalents at the year begin:,3254059.0
DC7,Pixley Ka Seme (NC),2019,0430,Cash/cash equivalents at the year end:,2599269.0
DC8,Z F Mgcawu,2019,0200,Suppliers and employees,-3459.0
DC8,Z F Mgcawu,2019,0280,Decrease (increase) in non-current receivables,9816.0
DC8,Z F Mgcawu,2019,0430,Cash/cash equivalents at the year end:,6357.0
DC9,Frances Baard,2019,0280,Decrease (increase) in non-current receivables,-33000.0
DC9,Frances Baard,2019,0420,Cash/cash equivalents at the year begin:,57121805.0
DC9,Frances Baard,2019,0430,Cash/cash equivalents at the year end:,57088805.0
EC101,Dr Beyers Naude,2019,0120,Property rates,-80.0
EC101,Dr Beyers Naude,2019,0130,Service charges,-72692.0
EC101,Dr Beyers Naude,2019,0140,Other revenue,-4373.0
EC101,Dr Beyers Naude,2019,0150,Transfers and Subsidies - Operational,-1048.0
EC101,Dr Beyers Naude,2019,0430,Cash/cash equivalents at the year end:,-78193.0
EC102,Blue Crane Route,2019,0200,Suppliers and employees,-7359.0
EC102,Blue Crane Route,2019,0280,Decrease (increase) in non-current receivables,3419.0
EC102,Blue Crane Route,2019,0430,Cash/cash equivalents at the year end:,-3940.0
EC104,Makana,2019,0120,Property rates,49862130.0
EC104,Makana,2019,0130,Service charges,146434961.0
EC104,Makana,2019,0140,Other revenue,4539130.0
EC104,Makana,2019,0150,Transfers and Subsidies - Operational,87572938.0
EC104,Makana,2019,0200,Suppliers and employees,148389094.0
EC104,Makana,2019,0260,Proceeds on disposal of PPE,29836.0
EC104,Makana,2019,0310,Capital assets,-30766704.0
EC104,Makana,2019,0420,Cash/cash equivalents at the year begin:,-186118815.0
EC104,Makana,2019,0430,Cash/cash equivalents at the year end:,219942570.0
EC105,Ndlambe,2019,0120,Property rates,93178550.0
EC105,Ndlambe,2019,0130,Service charges,120689578.0
EC105,Ndlambe,2019,0140,Other revenue,18819498.0
EC105,Ndlambe,2019,0150,Transfers and Subsidies - Operational,129054813.0
EC105,Ndlambe,2019,0160,Transfers and Subsidies - Capital,42065049.0
EC105,Ndlambe,2019,0200,Suppliers and employees,187309374.0
EC105,Ndlambe,2019,0220,Transfers and Subsidies,-607384.0
EC105,Ndlambe,2019,0290,Decrease (increase) in non-current investments,87502.0
EC105,Ndlambe,2019,0310,Capital assets,-71871035.0
EC105,Ndlambe,2019,0420,Cash/cash equivalents at the year begin:,-108855827.0
EC105,Ndlambe,2019,0430,Cash/cash equivalents at the year end:,409870118.0
EC106,Sundays River Valley,2019,0200,Suppliers and employees,-138037.0
EC106,Sundays River Valley,2019,0430,Cash/cash equivalents at the year end:,-138037.0
EC108,Kouga,2019,0120,Property rates,2477074.0
EC108,Kouga,2019,0140,Other revenue,3139466.0
EC108,Kouga,2019,0160,Transfers and Subsidies - Capital,-2180000.0
EC108,Kouga,2019,0200,Suppliers and employees,576301006.0
EC108,Kouga,2019,0280,Decrease (increase) in non-current receivables,3000.0
EC108,Kouga,2019,0430,Cash/cash equivalents at the year end:,579740546.0
EC109,Kou-Kamma,2019,0120,Property rates,-20521.0
EC109,Kou-Kamma,2019,0130,Service charges,541353.0
EC109,Kou-Kamma,2019,0140,Other revenue,2376478.0
EC109,Kou-Kamma,2019,0150,Transfers and Subsidies - Operational,5250.0
EC109,Kou-Kamma,2019,0170,Interest,397866.0
EC109,Kou-Kamma,2019,0200,Suppliers and employees,-505148.0
EC109,Kou-Kamma,2019,0420,Cash/cash equivalents at the year begin:,-41339022.0
EC109,Kou-Kamma,2019,0430,Cash/cash equivalents at the year end:,-38543744.0
EC122,Mnquma,2019,0200,Suppliers and employees,-8927118.0
EC122,Mnquma,2019,0430,Cash/cash equivalents at the year end:,-8927118.0
EC123,Great Kei,2019,0120,Property rates,14643556.0
EC123,Great Kei,2019,0130,Service charges,6854485.0
EC123,Great Kei,2019,0140,Other revenue,2471961.0
EC123,Great Kei,2019,0150,Transfers and Subsidies - Operational,41736634.0
EC123,Great Kei,2019,0160,Transfers and Subsidies - Capital,13259121.0
EC123,Great Kei,2019,0200,Suppliers and employees,-11169098.0
EC123,Great Kei,2019,0310,Capital assets,-11827663.0
EC123,Great Kei,2019,0420,Cash/cash equivalents at the year begin:,566432.0
EC123,Great Kei,2019,0430,Cash/cash equivalents at the year end:,56535428.0
EC126,Ngqushwa,2019,0170,Interest,1.0
EC126,Ngqushwa,2019,0200,Suppliers and employees,3146298.0
EC126,Ngqushwa,2019,0430,Cash/cash equivalents at the year end:,3146299.0
EC131,Inxuba Yethemba,2019,0120,Property rates,240260.0
EC131,Inxuba Yethemba,2019,0130,Service charges,5717126.0
EC131,Inxuba Yethemba,2019,0140,Other revenue,738154.0
EC131,Inxuba Yethemba,2019,0150,Transfers and Subsidies - Operational,132396.0
EC131,Inxuba Yethemba,2019,0160,Transfers and Subsidies - Capital,1041427.0
EC131,Inxuba Yethemba,2019,0200,Suppliers and employees,-675939.0
EC131,Inxuba Yethemba,2019,0310,Capital assets,-3981147.0
EC131,Inxuba Yethemba,2019,0420,Cash/cash equivalents at the year begin:,29958744.0
EC131,Inxuba Yethemba,2019,0430,Cash/cash equivalents at the year end:,33171021.0
EC135,Vuyisile Mini,2019,0150,Transfers and Subsidies - Operational,2093392.0
EC135,Vuyisile Mini,2019,0200,Suppliers and employees,7572198.0
EC135,Vuyisile Mini,2019,0430,Cash/cash equivalents at the year end:,9665590.0
EC136,Emalahleni (EC),2019,0120,Property rates,1961699.0
EC136,Emalahleni (EC),2019,0130,Service charges,10577429.0
EC136,Emalahleni (EC),2019,0140,Other revenue,16177137.0
EC136,Emalahleni (EC),2019,0150,Transfers and Subsidies - Operational,130435500.0
EC136,Emalahleni (EC),2019,0160,Transfers and Subsidies - Capital,33677500.0
EC136,Emalahleni (EC),2019,0200,Suppliers and employees,-16965126.0
EC136,Emalahleni (EC),2019,0260,Proceeds on disposal of PPE,535657.0
EC136,Emalahleni (EC),2019,0310,Capital assets,-46426047.0
EC136,Emalahleni (EC),2019,0420,Cash/cash equivalents at the year begin:,5866415.0
EC136,Emalahleni (EC),2019,0430,Cash/cash equivalents at the year end:,135840164.0
EC137,Dr. A.B. Xuma,2019,0120,Property rates,61846845.0
EC137,Dr. A.B. Xuma,2019,0140,Other revenue,52107.0
EC137,Dr. A.B. Xuma,2019,0150,Transfers and Subsidies - Operational,19669.0
EC137,Dr. A.B. Xuma,2019,0200,Suppliers and employees,-377385.0
EC137,Dr. A.B. Xuma,2019,0420,Cash/cash equivalents at the year begin:,140902037.0
EC137,Dr. A.B. Xuma,2019,0430,Cash/cash equivalents at the year end:,202443273.0
EC138,Sakhisizwe,2019,0120,Property rates,3815021.0
EC138,Sakhisizwe,2019,0130,Service charges,8545926.0
EC138,Sakhisizwe,2019,0140,Other revenue,3094105.0
EC138,Sakhisizwe,2019,0150,Transfers and Subsidies - Operational,67801000.0
EC138,Sakhisizwe,2019,0160,Transfers and Subsidies - Capital,32290000.0
EC138,Sakhisizwe,2019,0430,Cash/cash equivalents at the year end:,115546052.0
EC139,Enoch Mgijima,2019,0420,Cash/cash equivalents at the year begin:,2127572.0
EC139,Enoch Mgijima,2019,0430,Cash/cash equivalents at the year end:,2127572.0
EC141,Elundini,2019,0120,Property rates,5750.0
EC141,Elundini,2019,0130,Service charges,14503138.0
EC141,Elundini,2019,0140,Other revenue,25380516.0
EC141,Elundini,2019,0150,Transfers and Subsidies - Operational,191620421.0
EC141,Elundini,2019,0160,Transfers and Subsidies - Capital,77245538.0
EC141,Elundini,2019,0200,Suppliers and employees,166553527.0
EC141,Elundini,2019,0310,Capital assets,-53893617.0
EC141,Elundini,2019,0420,Cash/cash equivalents at the year begin:,44496426.0
EC141,Elundini,2019,0430,Cash/cash equivalents at the year end:,465911699.0
EC142,Senqu,2019,0120,Property rates,11844326.0
EC142,Senqu,2019,0130,Service charges,33949178.0
EC142,Senqu,2019,0140,Other revenue,20105737.0
EC142,Senqu,2019,0150,Transfers and Subsidies - Operational,147317726.0
EC142,Senqu,2019,0160,Transfers and Subsidies - Capital,41850250.0
EC142,Senqu,2019,0260,Proceeds on disposal of PPE,1348.0
EC142,Senqu,2019,0420,Cash/cash equivalents at the year begin:,294260038.0
EC142,Senqu,2019,0430,Cash/cash equivalents at the year end:,549328603.0
EC145,Walter Sisulu,2019,0420,Cash/cash equivalents at the year begin:,13593361.0
EC145,Walter Sisulu,2019,0430,Cash/cash equivalents at the year end:,13593361.0
EC153,Ngquza Hills,2019,0120,Property rates,16966419.0
EC153,Ngquza Hills,2019,0130,Service charges,578995.0
EC153,Ngquza Hills,2019,0140,Other revenue,10113727.0
EC153,Ngquza Hills,2019,0150,Transfers and Subsidies - Operational,228772030.0
EC153,Ngquza Hills,2019,0160,Transfers and Subsidies - Capital,68691943.0
EC153,Ngquza Hills,2019,0200,Suppliers and employees,104151023.0
EC153,Ngquza Hills,2019,0260,Proceeds on disposal of PPE,3826102.0
EC153,Ngquza Hills,2019,0310,Capital assets,-67245530.0
EC153,Ngquza Hills,2019,0420,Cash/cash equivalents at the year begin:,-59267419.0
EC153,Ngquza Hills,2019,0430,Cash/cash equivalents at the year end:,306587290.0
EC154,Port St Johns,2019,0120,Property rates,33600.0
EC154,Port St Johns,2019,0140,Other revenue,44723.0
EC154,Port St Johns,2019,0150,Transfers and Subsidies - Operational,538187.0
EC154,Port St Johns,2019,0170,Interest,4942637.0
EC154,Port St Johns,2019,0200,Suppliers and employees,-141488.0
EC154,Port St Johns,2019,0310,Capital assets,-74402854.0
EC154,Port St Johns,2019,0420,Cash/cash equivalents at the year begin:,57410028.0
EC154,Port St Johns,2019,0430,Cash/cash equivalents at the year end:,-11575167.0
EC155,Nyandeni,2019,0120,Property rates,32841.0
EC155,Nyandeni,2019,0140,Other revenue,2065.0
EC155,Nyandeni,2019,0200,Suppliers and employees,-166773.0
EC155,Nyandeni,2019,0420,Cash/cash equivalents at the year begin:,114875560.0
EC155,Nyandeni,2019,0430,Cash/cash equivalents at the year end:,114743693.0
EC156,Kumkani Mhlontlo,2019,0120,Property rates,-133090.0
EC156,Kumkani Mhlontlo,2019,0130,Service charges,650.0
EC156,Kumkani Mhlontlo,2019,0140,Other revenue,5930.0
EC156,Kumkani Mhlontlo,2019,0150,Transfers and Subsidies - Operational,41739327.0
EC156,Kumkani Mhlontlo,2019,0170,Interest,5500974.0
EC156,Kumkani Mhlontlo,2019,0200,Suppliers and employees,-105603.0
EC156,Kumkani Mhlontlo,2019,0310,Capital assets,-36000.0
EC156,Kumkani Mhlontlo,2019,0420,Cash/cash equivalents at the year begin:,159088617.0
EC156,Kumkani Mhlontlo,2019,0430,Cash/cash equivalents at the year end:,206060805.0
EC157,King Sabata Dalindyebo,2019,0120,Property rates,335100004.0
EC157,King Sabata Dalindyebo,2019,0130,Service charges,234580531.0
EC157,King Sabata Dalindyebo,2019,0140,Other revenue,56107082.0
EC157,King Sabata Dalindyebo,2019,0150,Transfers and Subsidies - Operational,793633.0
EC157,King Sabata Dalindyebo,2019,0160,Transfers and Subsidies - Capital,180191.0
EC157,King Sabata Dalindyebo,2019,0170,Interest,941935.0
EC157,King Sabata Dalindyebo,2019,0200,Suppliers and employees,-1378415.0
EC157,King Sabata Dalindyebo,2019,0310,Capital assets,-434518.0
EC157,King Sabata Dalindyebo,2019,0420,Cash/cash equivalents at the year begin:,-321470786.0
EC157,King Sabata Dalindyebo,2019,0430,Cash/cash equivalents at the year end:,304419657.0
EC441,Matatiele,2019,0120,Property rates,1346.0
EC441,Matatiele,2019,0130,Service charges,49707419.0
EC441,Matatiele,2019,0140,Other revenue,116518473.0
EC441,Matatiele,2019,0150,Transfers and Subsidies - Operational,240745404.0
EC441,Matatiele,2019,0160,Transfers and Subsidies - Capital,73290000.0
EC441,Matatiele,2019,0200,Suppliers and employees,145821457.0
EC441,Matatiele,2019,0310,Capital assets,-145576862.0
EC441,Matatiele,2019,0420,Cash/cash equivalents at the year begin:,75625949.0
EC441,Matatiele,2019,0430,Cash/cash equivalents at the year end:,556133186.0
EC442,Umzimvubu,2019,0120,Property rates,15298156.0
EC442,Umzimvubu,2019,0130,Service charges,621568.0
EC442,Umzimvubu,2019,0140,Other revenue,10375543.0
EC442,Umzimvubu,2019,0150,Transfers and Subsidies - Operational,648226095.0
EC442,Umzimvubu,2019,0160,Transfers and Subsidies - Capital,98255498.0
EC442,Umzimvubu,2019,0200,Suppliers and employees,65336171.0
EC442,Umzimvubu,2019,0310,Capital assets,-82972142.0
EC442,Umzimvubu,2019,0420,Cash/cash equivalents at the year begin:,44931692.0
EC442,Umzimvubu,2019,0430,Cash/cash equivalents at the year end:,800072581.0
EC443,Winnie Madikizela-Mandela,2019,0120,Property rates,24074927.0
EC443,Winnie Madikizela-Mandela,2019,0130,Service charges,37807201.0
EC443,Winnie Madikizela-Mandela,2019,0140,Other revenue,6645129.0
EC443,Winnie Madikizela-Mandela,2019,0150,Transfers and Subsidies - Operational,231569564.0
EC443,Winnie Madikizela-Mandela,2019,0160,Transfers and Subsidies - Capital,448000.0
EC443,Winnie Madikizela-Mandela,2019,0200,Suppliers and employees,131914433.0
EC443,Winnie Madikizela-Mandela,2019,0310,Capital assets,-97760789.0
EC443,Winnie Madikizela-Mandela,2019,0420,Cash/cash equivalents at the year begin:,-12511971.0
EC443,Winnie Madikizela-Mandela,2019,0430,Cash/cash equivalents at the year end:,322186494.0
EC444,Ntabankulu,2019,0140,Other revenue,1007.0
EC444,Ntabankulu,2019,0150,Transfers and Subsidies - Operational,14951303.0
EC444,Ntabankulu,2019,0160,Transfers and Subsidies - Capital,74304.0
EC444,Ntabankulu,2019,0200,Suppliers and employees,77093.0
EC444,Ntabankulu,2019,0430,Cash/cash equivalents at the year end:,15103707.0
EKU,City of Ekurhuleni,2019,0280,Decrease (increase) in non-current receivables,-11391.0
EKU,City of Ekurhuleni,2019,0290,Decrease (increase) in non-current investments,79021233.0
EKU,City of Ekurhuleni,2019,0420,Cash/cash equivalents at the year begin:,3656978696.0
EKU,City of Ekurhuleni,2019,0430,Cash/cash equivalents at the year end:,3735988538.0
ETH,eThekwini,2019,0280,Decrease (increase) in non-current receivables,-1.0
ETH,eThekwini,2019,0430,Cash/cash equivalents at the year end:,-1.0
FS161,Letsemeng,2019,0150,Transfers and Subsidies - Operational,2505014.0
FS161,Letsemeng,2019,0430,Cash/cash equivalents at the year end:,2505014.0
FS163,Mohokare,2019,0120,Property rates,3251270.0
FS163,Mohokare,2019,0130,Service charges,3459360.0
FS163,Mohokare,2019,0140,Other revenue,1623772.0
FS163,Mohokare,2019,0150,Transfers and Subsidies - Operational,44244337.0
FS163,Mohokare,2019,0160,Transfers and Subsidies - Capital,19581000.0
FS163,Mohokare,2019,0170,Interest,133424.0
FS163,Mohokare,2019,0180,Dividends,11818.0
FS163,Mohokare,2019,0200,Suppliers and employees,22689772.0
FS163,Mohokare,2019,0260,Proceeds on disposal of PPE,10000.0
FS163,Mohokare,2019,0290,Decrease (increase) in non-current investments,-20609.0
FS163,Mohokare,2019,0310,Capital assets,-36066216.0
FS163,Mohokare,2019,0420,Cash/cash equivalents at the year begin:,-61369160.0
FS163,Mohokare,2019,0430,Cash/cash equivalents at the year end:,-2451232.0
FS182,Tokologo,2019,0420,Cash/cash equivalents at the year begin:,-7275121.0
FS182,Tokologo,2019,0430,Cash/cash equivalents at the year end:,-7275121.0
FS183,Tswelopele,2019,0120,Property rates,15483504.0
FS183,Tswelopele,2019,0130,Service charges,48561880.0
FS183,Tswelopele,2019,0140,Other revenue,219687.0
FS183,Tswelopele,2019,0150,Transfers and Subsidies - Operational,158691033.0
FS183,Tswelopele,2019,0160,Transfers and Subsidies - Capital,23837000.0
FS183,Tswelopele,2019,0170,Interest,125379.0
FS183,Tswelopele,2019,0200,Suppliers and employees,81353939.0
FS183,Tswelopele,2019,0260,Proceeds on disposal of PPE,309406.0
FS183,Tswelopele,2019,0290,Decrease (increase) in non-current investments,-52515.0
FS183,Tswelopele,2019,0420,Cash/cash equivalents at the year begin:,-63264185.0
FS183,Tswelopele,2019,0430,Cash/cash equivalents at the year end:,265265128.0
FS184,Matjhabeng,2019,0420,Cash/cash equivalents at the year begin:,3358095.0
FS184,Matjhabeng,2019,0430,Cash/cash equivalents at the year end:,3358095.0
FS191,Setsoto,2019,0120,Property rates,134455874.0
FS191,Setsoto,2019,0130,Service charges,95663551.0
FS191,Setsoto,2019,0140,Other revenue,3741879.0
FS191,Setsoto,2019,0150,Transfers and Subsidies - Operational,177216404.0
FS191,Setsoto,2019,0160,Transfers and Subsidies - Capital,25898000.0
FS191,Setsoto,2019,0170,Interest,118263.0
FS191,Setsoto,2019,0200,Suppliers and employees,161909357.0
FS191,Setsoto,2019,0260,Proceeds on disposal of PPE,1534761.0
FS191,Setsoto,2019,0290,Decrease (increase) in non-current investments,-243204.0
FS191,Setsoto,2019,0310,Capital assets,-90688612.0
FS191,Setsoto,2019,0420,Cash/cash equivalents at the year begin:,-196986398.0
FS191,Setsoto,2019,0430,Cash/cash equivalents at the year end:,312619875.0
FS192,Dihlabeng,2019,0420,Cash/cash equivalents at the year begin:,3424033.0
FS192,Dihlabeng,2019,0430,Cash/cash equivalents at the year end:,3424033.0
FS193,Nketoana,2019,0120,Property rates,14679683.0
FS193,Nketoana,2019,0130,Service charges,90011501.0
FS193,Nketoana,2019,0140,Other revenue,2891058.0
FS193,Nketoana,2019,0150,Transfers and Subsidies - Operational,91125946.0
FS193,Nketoana,2019,0160,Transfers and Subsidies - Capital,36603391.0
FS193,Nketoana,2019,0200,Suppliers and employees,154268964.0
FS193,Nketoana,2019,0290,Decrease (increase) in non-current investments,-1519.0
FS193,Nketoana,2019,0310,Capital assets,-113764.0
FS193,Nketoana,2019,0420,Cash/cash equivalents at the year begin:,-159496253.0
FS193,Nketoana,2019,0430,Cash/cash equivalents at the year end:,229969007.0
FS194,Maluti-a-Phofung,2019,0420,Cash/cash equivalents at the year begin:,8166865.0
FS194,Maluti-a-Phofung,2019,0430,Cash/cash equivalents at the year end:,8166865.0
FS196,Mantsopa,2019,0290,Decrease (increase) in non-current investments,-18134855.0
FS196,Mantsopa,2019,0420,Cash/cash equivalents at the year begin:,8890.0
FS196,Mantsopa,2019,0430,Cash/cash equivalents at the year end:,-18125965.0
FS201,Moqhaka,2019,0290,Decrease (increase) in non-current investments,-12572.0
FS201,Moqhaka,2019,0420,Cash/cash equivalents at the year begin:,-5820386.0
FS201,Moqhaka,2019,0430,Cash/cash equivalents at the year end:,-5832958.0
FS203,Ngwathe,2019,0420,Cash/cash equivalents at the year begin:,7279583.0
FS203,Ngwathe,2019,0430,Cash/cash equivalents at the year end:,7279583.0
FS204,Metsimaholo,2019,0420,Cash/cash equivalents at the year begin:,24304394.0
FS204,Metsimaholo,2019,0430,Cash/cash equivalents at the year end:,24304394.0
FS205,Mafube,2019,0280,Decrease (increase) in non-current receivables,-286766.0
FS205,Mafube,2019,0420,Cash/cash equivalents at the year begin:,2992044.0
FS205,Mafube,2019,0430,Cash/cash equivalents at the year end:,2705278.0
GT421,Emfuleni,2019,0420,Cash/cash equivalents at the year begin:,67452861.0
GT421,Emfuleni,2019,0430,Cash/cash equivalents at the year end:,67452861.0
GT422,Midvaal,2019,0420,Cash/cash equivalents at the year begin:,201984116.0
GT422,Midvaal,2019,0430,Cash/cash equivalents at the year end:,201984116.0
GT423,Lesedi,2019,0420,Cash/cash equivalents at the year begin:,47306741.0
GT423,Lesedi,2019,0430,Cash/cash equivalents at the year end:,47306741.0
GT481,Mogale City,2019,0280,Decrease (increase) in non-current receivables,218540.0
GT481,Mogale City,2019,0290,Decrease (increase) in non-current investments,-7961089.0
GT481,Mogale City,2019,0420,Cash/cash equivalents at the year begin:,-195611309.0
GT481,Mogale City,2019,0430,Cash/cash equivalents at the year end:,-203353858.0
GT484,Merafong City,2019,0130,Service charges,1253319764.0
GT484,Merafong City,2019,0200,Suppliers and employees,-1151650152.0
GT484,Merafong City,2019,0290,Decrease (increase) in non-current investments,-50422333.0
GT484,Merafong City,2019,0430,Cash/cash equivalents at the year end:,51247279.0
GT485,Rand West City,2019,0120,Property rates,32129.0
GT485,Rand West City,2019,0130,Service charges,178895390.0
GT485,Rand West City,2019,0140,Other revenue,1102607927.0
GT485,Rand West City,2019,0150,Transfers and Subsidies - Operational,374404078.0
GT485,Rand West City,2019,0200,Suppliers and employees,681666784.0
GT485,Rand West City,2019,0310,Capital assets,-194569861.0
GT485,Rand West City,2019,0420,Cash/cash equivalents at the year begin:,-395356390.0
GT485,Rand West City,2019,0430,Cash/cash equivalents at the year end:,1747680057.0
KZN212,Umdoni,2019,0150,Transfers and Subsidies - Operational,-652535.0
KZN212,Umdoni,2019,0160,Transfers and Subsidies - Capital,8317323.0
KZN212,Umdoni,2019,0200,Suppliers and employees,70526.0
KZN212,Umdoni,2019,0220,Transfers and Subsidies,-50000.0
KZN212,Umdoni,2019,0390,Repayment of borrowing,3973.0
KZN212,Umdoni,2019,0420,Cash/cash equivalents at the year begin:,24661737.0
KZN212,Umdoni,2019,0430,Cash/cash equivalents at the year end:,32351024.0
KZN213,Umzumbe,2019,0150,Transfers and Subsidies - Operational,10812892.0
KZN213,Umzumbe,2019,0220,Transfers and Subsidies,614121.0
KZN213,Umzumbe,2019,0430,Cash/cash equivalents at the year end:,11427013.0
KZN214,uMuziwabantu,2019,0120,Property rates,18791561.0
KZN214,uMuziwabantu,2019,0130,Service charges,13238787.0
KZN214,uMuziwabantu,2019,0140,Other revenue,235737660.0
KZN214,uMuziwabantu,2019,0150,Transfers and Subsidies - Operational,115324932.0
KZN214,uMuziwabantu,2019,0160,Transfers and Subsidies - Capital,24840000.0
KZN214,uMuziwabantu,2019,0200,Suppliers and employees,481348515.0
KZN214,uMuziwabantu,2019,0310,Capital assets,-44123841.0
KZN214,uMuziwabantu,2019,0420,Cash/cash equivalents at the year begin:,98239950.0
KZN214,uMuziwabantu,2019,0430,Cash/cash equivalents at the year end:,943397564.0
KZN216,Ray Nkonyeni,2019,0120,Property rates,117883191.0
KZN216,Ray Nkonyeni,2019,0130,Service charges,123141923.0
KZN216,Ray Nkonyeni,2019,0140,Other revenue,255012962.0
KZN216,Ray Nkonyeni,2019,0150,Transfers and Subsidies - Operational,246760057.0
KZN216,Ray Nkonyeni,2019,0160,Transfers and Subsidies - Capital,131168149.0
KZN216,Ray Nkonyeni,2019,0200,Suppliers and employees,317457152.0
KZN216,Ray Nkonyeni,2019,0280,Decrease (increase) in non-current receivables,333450.0
KZN216,Ray Nkonyeni,2019,0310,Capital assets,-131840378.0
KZN216,Ray Nkonyeni,2019,0420,Cash/cash equivalents at the year begin:,380676942.0
KZN216,Ray Nkonyeni,2019,0430,Cash/cash equivalents at the year end:,1440593448.0
KZN221,uMshwathi,2019,0150,Transfers and Subsidies - Operational,19586.0
KZN221,uMshwathi,2019,0430,Cash/cash equivalents at the year end:,19586.0
KZN222,uMngeni,2019,0200,Suppliers and employees,897466.0
KZN222,uMngeni,2019,0280,Decrease (increase) in non-current receivables,-146368.0
KZN222,uMngeni,2019,0430,Cash/cash equivalents at the year end:,751098.0
KZN223,Mpofana,2019,0150,Transfers and Subsidies - Operational,1988035.0
KZN223,Mpofana,2019,0200,Suppliers and employees,12533219.0
KZN223,Mpofana,2019,0430,Cash/cash equivalents at the year end:,14521254.0
KZN224,Impendle,2019,0150,Transfers and Subsidies - Operational,894066.0
KZN224,Impendle,2019,0430,Cash/cash equivalents at the year end:,894066.0
KZN226,Mkhambathini,2019,0420,Cash/cash equivalents at the year begin:,3137.0
KZN226,Mkhambathini,2019,0430,Cash/cash equivalents at the year end:,3137.0
KZN227,Richmond,2019,0120,Property rates,8709256.0
KZN227,Richmond,2019,0130,Service charges,485051.0
KZN227,Richmond,2019,0140,Other revenue,2155887.0
KZN227,Richmond,2019,0150,Transfers and Subsidies - Operational,139123983.0
KZN227,Richmond,2019,0160,Transfers and Subsidies - Capital,41872897.0
KZN227,Richmond,2019,0170,Interest,83105.0
KZN227,Richmond,2019,0200,Suppliers and employees,79042904.0
KZN227,Richmond,2019,0310,Capital assets,-55582553.0
KZN227,Richmond,2019,0420,Cash/cash equivalents at the year begin:,47797655.0
KZN227,Richmond,2019,0430,Cash/cash equivalents at the year end:,263688185.0
KZN235,Okhahlamba,2019,0280,Decrease (increase) in non-current receivables,-1666667.0
KZN235,Okhahlamba,2019,0430,Cash/cash equivalents at the year end:,-1666667.0
KZN237,Inkosi Langalibalele,2019,0120,Property rates,55718051.0
KZN237,Inkosi Langalibalele,2019,0130,Service charges,239122922.0
KZN237,Inkosi Langalibalele,2019,0140,Other revenue,23492113.0
KZN237,Inkosi Langalibalele,2019,0150,Transfers and Subsidies - Operational,308961253.0
KZN237,Inkosi Langalibalele,2019,0160,Transfers and Subsidies - Capital,52449000.0
KZN237,Inkosi Langalibalele,2019,0200,Suppliers and employees,272138209.0
KZN237,Inkosi Langalibalele,2019,0310,Capital assets,-62041583.0
KZN237,Inkosi Langalibalele,2019,0420,Cash/cash equivalents at the year begin:,-59162661.0
KZN237,Inkosi Langalibalele,2019,0430,Cash/cash equivalents at the year end:,830677304.0
KZN238,Alfred Duma,2019,0120,Property rates,141051590.0
KZN238,Alfred Duma,2019,0130,Service charges,542193244.0
KZN238,Alfred Duma,2019,0140,Other revenue,17601255.0
KZN238,Alfred Duma,2019,0150,Transfers and Subsidies - Operational,302471980.0
KZN238,Alfred Duma,2019,0160,Transfers and Subsidies - Capital,84544000.0
KZN238,Alfred Duma,2019,0170,Interest,8924545.0
KZN238,Alfred Duma,2019,0200,Suppliers and employees,454634289.0
KZN238,Alfred Duma,2019,0310,Capital assets,-42530904.0
KZN238,Alfred Duma,2019,0420,Cash/cash equivalents at the year begin:,-86507505.0
KZN238,Alfred Duma,2019,0430,Cash/cash equivalents at the year end:,1422382494.0
KZN241,Endumeni,2019,0120,Property rates,691391.0
KZN241,Endumeni,2019,0130,Service charges,148884585.0
KZN241,Endumeni,2019,0140,Other revenue,8201521.0
KZN241,Endumeni,2019,0150,Transfers and Subsidies - Operational,134218617.0
KZN241,Endumeni,2019,0160,Transfers and Subsidies - Capital,7500000.0
KZN241,Endumeni,2019,0200,Suppliers and employees,11438462.0
KZN241,Endumeni,2019,0280,Decrease (increase) in non-current receivables,-39300.0
KZN241,Endumeni,2019,0290,Decrease (increase) in non-current investments,-8215868.0
KZN241,Endumeni,2019,0310,Capital assets,-14348574.0
KZN241,Endumeni,2019,0420,Cash/cash equivalents at the year begin:,-67204111.0
KZN241,Endumeni,2019,0430,Cash/cash equivalents at the year end:,221126723.0
KZN242,Nquthu,2019,0420,Cash/cash equivalents at the year begin:,246763342.0
KZN242,Nquthu,2019,0430,Cash/cash equivalents at the year end:,246763342.0
KZN244,Msinga,2019,0120,Property rates,10755724.0
KZN244,Msinga,2019,0130,Service charges,238595.0
KZN244,Msinga,2019,0140,Other revenue,206662383.0
KZN244,Msinga,2019,0150,Transfers and Subsidies - Operational,278438823.0
KZN244,Msinga,2019,0160,Transfers and Subsidies - Capital,87642219.0
KZN244,Msinga,2019,0200,Suppliers and employees,31822372.0
KZN244,Msinga,2019,0310,Capital assets,-81297515.0
KZN244,Msinga,2019,0420,Cash/cash equivalents at the year begin:,-68775623.0
KZN244,Msinga,2019,0430,Cash/cash equivalents at the year end:,465486978.0
KZN245,Umvoti,2019,0150,Transfers and Subsidies - Operational,4472215.0
KZN245,Umvoti,2019,0430,Cash/cash equivalents at the year end:,4472215.0
KZN252,Newcastle,2019,0420,Cash/cash equivalents at the year begin:,10000323.0
KZN252,Newcastle,2019,0430,Cash/cash equivalents at the year end:,10000323.0
KZN253,Emadlangeni,2019,0140,Other revenue,182486.0
KZN253,Emadlangeni,2019,0150,Transfers and Subsidies - Operational,13398817.0
KZN253,Emadlangeni,2019,0200,Suppliers and employees,1577460.0
KZN253,Emadlangeni,2019,0430,Cash/cash equivalents at the year end:,15158763.0
KZN254,Dannhauser,2019,0120,Property rates,12705609.0
KZN254,Dannhauser,2019,0130,Service charges,393479.0
KZN254,Dannhauser,2019,0140,Other revenue,12487456.0
KZN254,Dannhauser,2019,0150,Transfers and Subsidies - Operational,299291224.0
KZN254,Dannhauser,2019,0160,Transfers and Subsidies - Capital,21843259.0
KZN254,Dannhauser,2019,0200,Suppliers and employees,15429711.0
KZN254,Dannhauser,2019,0310,Capital assets,-29989134.0
KZN254,Dannhauser,2019,0360,Borrowing long term/refinancing,5755949.0
KZN254,Dannhauser,2019,0420,Cash/cash equivalents at the year begin:,-19388133.0
KZN254,Dannhauser,2019,0430,Cash/cash equivalents at the year end:,318529420.0
KZN261,eDumbe,2019,0420,Cash/cash equivalents at the year begin:,81.0
KZN261,eDumbe,2019,0430,Cash/cash equivalents at the year end:,81.0
KZN263,Abaqulusi,2019,0120,Property rates,119809147.0
KZN263,Abaqulusi,2019,0130,Service charges,480600857.0
KZN263,Abaqulusi,2019,0140,Other revenue,64387631.0
KZN263,Abaqulusi,2019,0150,Transfers and Subsidies - Operational,233275900.0
KZN263,Abaqulusi,2019,0200,Suppliers and employees,259671655.0
KZN263,Abaqulusi,2019,0310,Capital assets,-7243206.0
KZN263,Abaqulusi,2019,0420,Cash/cash equivalents at the year begin:,-50116480.0
KZN263,Abaqulusi,2019,0430,Cash/cash equivalents at the year end:,1100385504.0
KZN265,Nongoma,2019,0420,Cash/cash equivalents at the year begin:,27229.0
KZN265,Nongoma,2019,0430,Cash/cash equivalents at the year end:,27229.0
KZN266,Ulundi,2019,0150,Transfers and Subsidies - Operational,7658.0
KZN266,Ulundi,2019,0430,Cash/cash equivalents at the year end:,7658.0
KZN271,Umhlabuyalingana,2019,0200,Suppliers and employees,-1000000.0
KZN271,Umhlabuyalingana,2019,0220,Transfers and Subsidies,-1676000.0
KZN271,Umhlabuyalingana,2019,0430,Cash/cash equivalents at the year end:,-2676000.0
KZN275,Mtubatuba,2019,0200,Suppliers and employees,9243794.0
KZN275,Mtubatuba,2019,0420,Cash/cash equivalents at the year begin:,123869.0
KZN275,Mtubatuba,2019,0430,Cash/cash equivalents at the year end:,9367663.0
KZN276,Hlabisa Big Five,2019,0150,Transfers and Subsidies - Operational,3288879.0
KZN276,Hlabisa Big Five,2019,0280,Decrease (increase) in non-current receivables,4802159.0
KZN276,Hlabisa Big Five,2019,0390,Repayment of borrowing,139486.0
KZN276,Hlabisa Big Five,2019,0430,Cash/cash equivalents at the year end:,8230524.0
KZN282,uMhlathuze,2019,0120,Property rates,30720684.0
KZN282,uMhlathuze,2019,0200,Suppliers and employees,293020.0
KZN282,uMhlathuze,2019,0420,Cash/cash equivalents at the year begin:,134868021.0
KZN282,uMhlathuze,2019,0430,Cash/cash equivalents at the year end:,165881725.0
KZN284,uMlalazi,2019,0420,Cash/cash equivalents at the year begin:,113193773.0
KZN284,uMlalazi,2019,0430,Cash/cash equivalents at the year end:,113193773.0
KZN286,Nkandla,2019,0150,Transfers and Subsidies - Operational,82911.0
KZN286,Nkandla,2019,0420,Cash/cash equivalents at the year begin:,5461.0
KZN286,Nkandla,2019,0430,Cash/cash equivalents at the year end:,88372.0
KZN291,Mandeni,2019,0150,Transfers and Subsidies - Operational,1733464.0
KZN291,Mandeni,2019,0430,Cash/cash equivalents at the year end:,1733464.0
KZN292,KwaDukuza,2019,0120,Property rates,429550174.0
KZN292,KwaDukuza,2019,0130,Service charges,1002200973.0
KZN292,KwaDukuza,2019,0140,Other revenue,109703029.0
KZN292,KwaDukuza,2019,0150,Transfers and Subsidies - Operational,142449388.0
KZN292,KwaDukuza,2019,0160,Transfers and Subsidies - Capital,9920000.0
KZN292,KwaDukuza,2019,0170,Interest,2024503.0
KZN292,KwaDukuza,2019,0200,Suppliers and employees,57628301.0
KZN292,KwaDukuza,2019,0310,Capital assets,-69925373.0
KZN292,KwaDukuza,2019,0360,Borrowing long term/refinancing,50000.0
KZN292,KwaDukuza,2019,0420,Cash/cash equivalents at the year begin:,52660125.0
KZN292,KwaDukuza,2019,0430,Cash/cash equivalents at the year end:,1736261120.0
KZN293,Ndwedwe,2019,0200,Suppliers and employees,3612130.0
KZN293,Ndwedwe,2019,0430,Cash/cash equivalents at the year end:,3612130.0
KZN294,Maphumulo,2019,0150,Transfers and Subsidies - Operational,-7138286.0
KZN294,Maphumulo,2019,0430,Cash/cash equivalents at the year end:,-7138286.0
KZN433,Greater Kokstad,2019,0120,Property rates,180573812.0
KZN433,Greater Kokstad,2019,0130,Service charges,75488008.0
KZN433,Greater Kokstad,2019,0140,Other revenue,12682984.0
KZN433,Greater Kokstad,2019,0150,Transfers and Subsidies - Operational,55721715.0
KZN433,Greater Kokstad,2019,0160,Transfers and Subsidies - Capital,1985764.0
KZN433,Greater Kokstad,2019,0200,Suppliers and employees,240767403.0
KZN433,Greater Kokstad,2019,0310,Capital assets,-84067636.0
KZN433,Greater Kokstad,2019,0420,Cash/cash equivalents at the year begin:,156758992.0
KZN433,Greater Kokstad,2019,0430,Cash/cash equivalents at the year end:,639911042.0
KZN434,Johannes Phumani Phungula,2019,0200,Suppliers and employees,-1907339.0
KZN434,Johannes Phumani Phungula,2019,0430,Cash/cash equivalents at the year end:,-1907339.0
KZN435,Umzimkhulu,2019,0120,Property rates,1140500.0
KZN435,Umzimkhulu,2019,0150,Transfers and Subsidies - Operational,1080.0
KZN435,Umzimkhulu,2019,0200,Suppliers and employees,76492951.0
KZN435,Umzimkhulu,2019,0310,Capital assets,-73873590.0
KZN435,Umzimkhulu,2019,0420,Cash/cash equivalents at the year begin:,347051990.0
KZN435,Umzimkhulu,2019,0430,Cash/cash equivalents at the year end:,350812931.0
KZN436,Dr Nkosazana Dlamini Zuma,2019,0120,Property rates,2129.0
KZN436,Dr Nkosazana Dlamini Zuma,2019,0140,Other revenue,-2807.0
KZN436,Dr Nkosazana Dlamini Zuma,2019,0150,Transfers and Subsidies - Operational,-30000.0
KZN436,Dr Nkosazana Dlamini Zuma,2019,0200,Suppliers and employees,316031.0
KZN436,Dr Nkosazana Dlamini Zuma,2019,0430,Cash/cash equivalents at the year end:,285353.0
LIM332,Greater Letaba,2019,0200,Suppliers and employees,14754158.0
LIM332,Greater Letaba,2019,0430,Cash/cash equivalents at the year end:,14754158.0
LIM333,Greater Tzaneen,2019,0420,Cash/cash equivalents at the year begin:,7490665.0
LIM333,Greater Tzaneen,2019,0430,Cash/cash equivalents at the year end:,7490665.0
LIM335,Maruleng,2019,0130,Service charges,140.0
LIM335,Maruleng,2019,0140,Other revenue,135417441.0
LIM335,Maruleng,2019,0150,Transfers and Subsidies - Operational,112849812.0
LIM335,Maruleng,2019,0160,Transfers and Subsidies - Capital,41337001.0
LIM335,Maruleng,2019,0200,Suppliers and employees,98946323.0
LIM335,Maruleng,2019,0310,Capital assets,-39907581.0
LIM335,Maruleng,2019,0420,Cash/cash equivalents at the year begin:,101007274.0
LIM335,Maruleng,2019,0430,Cash/cash equivalents at the year end:,449650410.0
LIM343,Thulamela,2019,0120,Property rates,36450237.0
LIM343,Thulamela,2019,0140,Other revenue,295650.0
LIM343,Thulamela,2019,0200,Suppliers and employees,65832844.0
LIM343,Thulamela,2019,0310,Capital assets,-57436239.0
LIM343,Thulamela,2019,0420,Cash/cash equivalents at the year begin:,227292786.0
LIM343,Thulamela,2019,0430,Cash/cash equivalents at the year end:,272435278.0
LIM344,Makhado,2019,0120,Property rates,106672698.0
LIM344,Makhado,2019,0130,Service charges,613762358.0
LIM344,Makhado,2019,0140,Other revenue,131723263.0
LIM344,Makhado,2019,0150,Transfers and Subsidies - Operational,1240972.0
LIM344,Makhado,2019,0160,Transfers and Subsidies - Capital,32302215.0
LIM344,Makhado,2019,0200,Suppliers and employees,-155320859.0
LIM344,Makhado,2019,0310,Capital assets,-88926623.0
LIM344,Makhado,2019,0420,Cash/cash equivalents at the year begin:,-230726798.0
LIM344,Makhado,2019,0430,Cash/cash equivalents at the year end:,410727226.0
LIM345,Collins Chabane,2019,0120,Property rates,8147203.0
LIM345,Collins Chabane,2019,0130,Service charges,644288.0
LIM345,Collins Chabane,2019,0140,Other revenue,150789.0
LIM345,Collins Chabane,2019,0150,Transfers and Subsidies - Operational,3551811.0
LIM345,Collins Chabane,2019,0160,Transfers and Subsidies - Capital,4369.0
LIM345,Collins Chabane,2019,0200,Suppliers and employees,133421605.0
LIM345,Collins Chabane,2019,0310,Capital assets,-151615709.0
LIM345,Collins Chabane,2019,0420,Cash/cash equivalents at the year begin:,379668328.0
LIM345,Collins Chabane,2019,0430,Cash/cash equivalents at the year end:,373972684.0
LIM351,Blouberg,2019,0420,Cash/cash equivalents at the year begin:,18672939.0
LIM351,Blouberg,2019,0430,Cash/cash equivalents at the year end:,18672939.0
LIM353,Molemole,2019,0420,Cash/cash equivalents at the year begin:,41581134.0
LIM353,Molemole,2019,0430,Cash/cash equivalents at the year end:,41581134.0
LIM361,Thabazimbi,2019,0120,Property rates,23439158.0
LIM361,Thabazimbi,2019,0130,Service charges,162574766.0
LIM361,Thabazimbi,2019,0140,Other revenue,-18795007.0
LIM361,Thabazimbi,2019,0150,Transfers and Subsidies - Operational,-1843713.0
LIM361,Thabazimbi,2019,0200,Suppliers and employees,244648585.0
LIM361,Thabazimbi,2019,0420,Cash/cash equivalents at the year begin:,-152765258.0
LIM361,Thabazimbi,2019,0430,Cash/cash equivalents at the year end:,257258531.0
LIM362,Lephalale,2019,0420,Cash/cash equivalents at the year begin:,2024477.0
LIM362,Lephalale,2019,0430,Cash/cash equivalents at the year end:,2024477.0
LIM366,Bela Bela,2019,0120,Property rates,32.0
LIM366,Bela Bela,2019,0130,Service charges,6085.0
LIM366,Bela Bela,2019,0140,Other revenue,16722654.0
LIM366,Bela Bela,2019,0150,Transfers and Subsidies - Operational,43698745.0
LIM366,Bela Bela,2019,0160,Transfers and Subsidies - Capital,61080000.0
LIM366,Bela Bela,2019,0200,Suppliers and employees,271871695.0
LIM366,Bela Bela,2019,0280,Decrease (increase) in non-current receivables,-182469.0
LIM366,Bela Bela,2019,0310,Capital assets,-55436799.0
LIM366,Bela Bela,2019,0420,Cash/cash equivalents at the year begin:,269710628.0
LIM366,Bela Bela,2019,0430,Cash/cash equivalents at the year end:,607470571.0
LIM367,Mogalakwena,2019,0280,Decrease (increase) in non-current receivables,1734.0
LIM367,Mogalakwena,2019,0420,Cash/cash equivalents at the year begin:,161439125.0
LIM367,Mogalakwena,2019,0430,Cash/cash equivalents at the year end:,161440859.0
LIM368,Modimolle-Mookgopong,2019,0120,Property rates,12619643.0
LIM368,Modimolle-Mookgopong,2019,0130,Service charges,177388513.0
LIM368,Modimolle-Mookgopong,2019,0140,Other revenue,187668410.0
LIM368,Modimolle-Mookgopong,2019,0150,Transfers and Subsidies - Operational,125401450.0
LIM368,Modimolle-Mookgopong,2019,0160,Transfers and Subsidies - Capital,33396062.0
LIM368,Modimolle-Mookgopong,2019,0200,Suppliers and employees,468296400.0
LIM368,Modimolle-Mookgopong,2019,0310,Capital assets,-51021464.0
LIM368,Modimolle-Mookgopong,2019,0420,Cash/cash equivalents at the year begin:,-280504137.0
LIM368,Modimolle-Mookgopong,2019,0430,Cash/cash equivalents at the year end:,673244877.0
LIM471,Ephraim Mogale,2019,0120,Property rates,25801568.0
LIM471,Ephraim Mogale,2019,0130,Service charges,70121992.0
LIM471,Ephraim Mogale,2019,0140,Other revenue,10071320.0
LIM471,Ephraim Mogale,2019,0150,Transfers and Subsidies - Operational,133007000.0
LIM471,Ephraim Mogale,2019,0160,Transfers and Subsidies - Capital,20991000.0
LIM471,Ephraim Mogale,2019,0200,Suppliers and employees,94047509.0
LIM471,Ephraim Mogale,2019,0310,Capital assets,-33046993.0
LIM471,Ephraim Mogale,2019,0420,Cash/cash equivalents at the year begin:,-106034944.0
LIM471,Ephraim Mogale,2019,0430,Cash/cash equivalents at the year end:,214958452.0
LIM472,Elias Motsoaledi,2019,0120,Property rates,30200.0
LIM472,Elias Motsoaledi,2019,0130,Service charges,1150910.0
LIM472,Elias Motsoaledi,2019,0140,Other revenue,161333.0
LIM472,Elias Motsoaledi,2019,0150,Transfers and Subsidies - Operational,27661565.0
LIM472,Elias Motsoaledi,2019,0160,Transfers and Subsidies - Capital,27497.0
LIM472,Elias Motsoaledi,2019,0200,Suppliers and employees,-16815598.0
LIM472,Elias Motsoaledi,2019,0310,Capital assets,-55526452.0
LIM472,Elias Motsoaledi,2019,0420,Cash/cash equivalents at the year begin:,-93642748.0
LIM472,Elias Motsoaledi,2019,0430,Cash/cash equivalents at the year end:,-136953293.0
LIM476,Tubatse Fetakgomo,2019,0420,Cash/cash equivalents at the year begin:,3609376.0
LIM476,Tubatse Fetakgomo,2019,0430,Cash/cash equivalents at the year end:,3609376.0
MAN,Mangaung,2019,0280,Decrease (increase) in non-current receivables,18641.0
MAN,Mangaung,2019,0420,Cash/cash equivalents at the year begin:,289167109.0
MAN,Mangaung,2019,0430,Cash/cash equivalents at the year end:,289185750.0
MP301,Albert Luthuli,2019,0200,Suppliers and employees,1407582.0
MP301,Albert Luthuli,2019,0420,Cash/cash equivalents at the year begin:,-424223.0
MP301,Albert Luthuli,2019,0430,Cash/cash equivalents at the year end:,983359.0
MP302,Msukaligwa,2019,0420,Cash/cash equivalents at the year begin:,-53987616.0
MP302,Msukaligwa,2019,0430,Cash/cash equivalents at the year end:,-53987616.0
MP303,Mkhondo,2019,0120,Property rates,44051099.0
MP303,Mkhondo,2019,0130,Service charges,79562427.0
MP303,Mkhondo,2019,0140,Other revenue,17299504.0
MP303,Mkhondo,2019,0150,Transfers and Subsidies - Operational,100782605.0
MP303,Mkhondo,2019,0160,Transfers and Subsidies - Capital,112379610.0
MP303,Mkhondo,2019,0170,Interest,1761.0
MP303,Mkhondo,2019,0200,Suppliers and employees,341693508.0
MP303,Mkhondo,2019,0260,Proceeds on disposal of PPE,6153072.0
MP303,Mkhondo,2019,0290,Decrease (increase) in non-current investments,-13663.0
MP303,Mkhondo,2019,0310,Capital assets,-104718519.0
MP303,Mkhondo,2019,0420,Cash/cash equivalents at the year begin:,-86353624.0
MP303,Mkhondo,2019,0430,Cash/cash equivalents at the year end:,510837780.0
MP304,Pixley Ka Seme (MP),2019,0120,Property rates,23380681.0
MP304,Pixley Ka Seme (MP),2019,0130,Service charges,81459976.0
MP304,Pixley Ka Seme (MP),2019,0140,Other revenue,32274768.0
MP304,Pixley Ka Seme (MP),2019,0150,Transfers and Subsidies - Operational,17113594.0
MP304,Pixley Ka Seme (MP),2019,0160,Transfers and Subsidies - Capital,30013758.0
MP304,Pixley Ka Seme (MP),2019,0200,Suppliers and employees,140125462.0
MP304,Pixley Ka Seme (MP),2019,0290,Decrease (increase) in non-current investments,33858.0
MP304,Pixley Ka Seme (MP),2019,0310,Capital assets,-72319963.0
MP304,Pixley Ka Seme (MP),2019,0390,Repayment of borrowing,-135917.0
MP304,Pixley Ka Seme (MP),2019,0420,Cash/cash equivalents at the year begin:,281636304.0
MP304,Pixley Ka Seme (MP),2019,0430,Cash/cash equivalents at the year end:,533582521.0
MP305,Lekwa,2019,0120,Property rates,46931687.0
MP305,Lekwa,2019,0130,Service charges,371989221.0
MP305,Lekwa,2019,0140,Other revenue,54922443.0
MP305,Lekwa,2019,0150,Transfers and Subsidies - Operational,2250759.0
MP305,Lekwa,2019,0160,Transfers and Subsidies - Capital,12000000.0
MP305,Lekwa,2019,0200,Suppliers and employees,809822183.0
MP305,Lekwa,2019,0310,Capital assets,-60299084.0
MP305,Lekwa,2019,0420,Cash/cash equivalents at the year begin:,-291515597.0
MP305,Lekwa,2019,0430,Cash/cash equivalents at the year end:,946101612.0
MP306,Dipaleseng,2019,0120,Property rates,8591643.0
MP306,Dipaleseng,2019,0130,Service charges,76363700.0
MP306,Dipaleseng,2019,0140,Other revenue,11555006.0
MP306,Dipaleseng,2019,0150,Transfers and Subsidies - Operational,83440713.0
MP306,Dipaleseng,2019,0160,Transfers and Subsidies - Capital,48910000.0
MP306,Dipaleseng,2019,0200,Suppliers and employees,121400043.0
MP306,Dipaleseng,2019,0310,Capital assets,-56736209.0
MP306,Dipaleseng,2019,0420,Cash/cash equivalents at the year begin:,-101026287.0
MP306,Dipaleseng,2019,0430,Cash/cash equivalents at the year end:,192498609.0
MP307,Govan Mbeki,2019,0120,Property rates,166201654.0
MP307,Govan Mbeki,2019,0130,Service charges,169312677.0
MP307,Govan Mbeki,2019,0140,Other revenue,956972363.0
MP307,Govan Mbeki,2019,0150,Transfers and Subsidies - Operational,243328000.0
MP307,Govan Mbeki,2019,0160,Transfers and Subsidies - Capital,10004995.0
MP307,Govan Mbeki,2019,0200,Suppliers and employees,1636810976.0
MP307,Govan Mbeki,2019,0280,Decrease (increase) in non-current receivables,-7940651.0
MP307,Govan Mbeki,2019,0290,Decrease (increase) in non-current investments,-901809.0
MP307,Govan Mbeki,2019,0310,Capital assets,-31298777.0
MP307,Govan Mbeki,2019,0420,Cash/cash equivalents at the year begin:,400002706.0
MP307,Govan Mbeki,2019,0430,Cash/cash equivalents at the year end:,3542492134.0
MP312,Emalahleni (MP),2019,0420,Cash/cash equivalents at the year begin:,30082260.0
MP312,Emalahleni (MP),2019,0430,Cash/cash equivalents at the year end:,30082260.0
MP313,Steve Tshwete,2019,0120,Property rates,298828470.0
MP313,Steve Tshwete,2019,0130,Service charges,567785056.0
MP313,Steve Tshwete,2019,0140,Other revenue,56564339.0
MP313,Steve Tshwete,2019,0150,Transfers and Subsidies - Operational,182782000.0
MP313,Steve Tshwete,2019,0160,Transfers and Subsidies - Capital,17038000.0
MP313,Steve Tshwete,2019,0170,Interest,25668246.0
MP313,Steve Tshwete,2019,0200,Suppliers and employees,58453832.0
MP313,Steve Tshwete,2019,0310,Capital assets,-106806593.0
MP313,Steve Tshwete,2019,0360,Borrowing long term/refinancing,155000000.0
MP313,Steve Tshwete,2019,0390,Repayment of borrowing,-2763.0
MP313,Steve Tshwete,2019,0420,Cash/cash equivalents at the year begin:,463459773.0
MP313,Steve Tshwete,2019,0430,Cash/cash equivalents at the year end:,1718770360.0
MP314,Emakhazeni,2019,0120,Property rates,28249866.0
MP314,Emakhazeni,2019,0130,Service charges,90929207.0
MP314,Emakhazeni,2019,0140,Other revenue,13731537.0
MP314,Emakhazeni,2019,0150,Transfers and Subsidies - Operational,90642380.0
MP314,Emakhazeni,2019,0160,Transfers and Subsidies - Capital,47014000.0
MP314,Emakhazeni,2019,0200,Suppliers and employees,155346322.0
MP314,Emakhazeni,2019,0310,Capital assets,-49308220.0
MP314,Emakhazeni,2019,0420,Cash/cash equivalents at the year begin:,-17483155.0
MP314,Emakhazeni,2019,0430,Cash/cash equivalents at the year end:,359121937.0
MP315,Thembisile Hani,2019,0120,Property rates,4418350.0
MP315,Thembisile Hani,2019,0130,Service charges,2702135.0
MP315,Thembisile Hani,2019,0140,Other revenue,5471045.0
MP315,Thembisile Hani,2019,0150,Transfers and Subsidies - Operational,357709277.0
MP315,Thembisile Hani,2019,0170,Interest,46195.0
MP315,Thembisile Hani,2019,0200,Suppliers and employees,8761860.0
MP315,Thembisile Hani,2019,0310,Capital assets,-148923355.0
MP315,Thembisile Hani,2019,0420,Cash/cash equivalents at the year begin:,43792765.0
MP315,Thembisile Hani,2019,0430,Cash/cash equivalents at the year end:,273978272.0
MP316,Dr J.S. Moroka,2019,0120,Property rates,14705256.0
MP316,Dr J.S. Moroka,2019,0130,Service charges,44921375.0
MP316,Dr J.S. Moroka,2019,0140,Other revenue,230407638.0
MP316,Dr J.S. Moroka,2019,0150,Transfers and Subsidies - Operational,344852000.0
MP316,Dr J.S. Moroka,2019,0160,Transfers and Subsidies - Capital,5050000.0
MP316,Dr J.S. Moroka,2019,0200,Suppliers and employees,26006688.0
MP316,Dr J.S. Moroka,2019,0310,Capital assets,-37474227.0
MP316,Dr J.S. Moroka,2019,0420,Cash/cash equivalents at the year begin:,-73516930.0
MP316,Dr J.S. Moroka,2019,0430,Cash/cash equivalents at the year end:,554951800.0
MP324,Nkomazi,2019,0280,Decrease (increase) in non-current receivables,24308.0
MP324,Nkomazi,2019,0420,Cash/cash equivalents at the year begin:,206594311.0
MP324,Nkomazi,2019,0430,Cash/cash equivalents at the year end:,206618619.0
MP325,Bushbuckridge,2019,0420,Cash/cash equivalents at the year begin:,77267853.0
MP325,Bushbuckridge,2019,0430,Cash/cash equivalents at the year end:,77267853.0
MP326,City of Mbombela,2019,0280,Decrease (increase) in non-current receivables,963104.0
MP326,City of Mbombela,2019,0290,Decrease (increase) in non-current investments,18397544.0
MP326,City of Mbombela,2019,0420,Cash/cash equivalents at the year begin:,92699509.0
MP326,City of Mbombela,2019,0430,Cash/cash equivalents at the year end:,112060157.0
NC061,Richtersveld,2019,0140,Other revenue,13728.0
NC061,Richtersveld,2019,0200,Suppliers and employees,8052010.0
NC061,Richtersveld,2019,0420,Cash/cash equivalents at the year begin:,5677537.0
NC061,Richtersveld,2019,0430,Cash/cash equivalents at the year end:,13743275.0
NC062,Nama Khoi,2019,0120,Property rates,103972.0
NC062,Nama Khoi,2019,0130,Service charges,21304.0
NC062,Nama Khoi,2019,0140,Other revenue,1139.0
NC062,Nama Khoi,2019,0170,Interest,40.0
NC062,Nama Khoi,2019,0200,Suppliers and employees,-20462922.0
NC062,Nama Khoi,2019,0310,Capital assets,-2564948.0
NC062,Nama Khoi,2019,0420,Cash/cash equivalents at the year begin:,22101500.0
NC062,Nama Khoi,2019,0430,Cash/cash equivalents at the year end:,-799915.0
NC064,Kamiesberg,2019,0420,Cash/cash equivalents at the year begin:,6667531.0
NC064,Kamiesberg,2019,0430,Cash/cash equivalents at the year end:,6667531.0
NC065,Hantam,2019,0420,Cash/cash equivalents at the year begin:,7400804.0
NC065,Hantam,2019,0430,Cash/cash equivalents at the year end:,7400804.0
NC066,Karoo Hoogland,2019,0120,Property rates,5184783.0
NC066,Karoo Hoogland,2019,0130,Service charges,10548213.0
NC066,Karoo Hoogland,2019,0140,Other revenue,-1663974.0
NC066,Karoo Hoogland,2019,0150,Transfers and Subsidies - Operational,24450259.0
NC066,Karoo Hoogland,2019,0160,Transfers and Subsidies - Capital,58520128.0
NC066,Karoo Hoogland,2019,0260,Proceeds on disposal of PPE,25000.0
NC066,Karoo Hoogland,2019,0420,Cash/cash equivalents at the year begin:,58893.0
NC066,Karoo Hoogland,2019,0430,Cash/cash equivalents at the year end:,97123302.0
NC067,Khai-Ma,2019,0420,Cash/cash equivalents at the year begin:,933210.0
NC067,Khai-Ma,2019,0430,Cash/cash equivalents at the year end:,933210.0
NC071,Ubuntu,2019,0120,Property rates,5866984.0
NC071,Ubuntu,2019,0130,Service charges,16256798.0
NC071,Ubuntu,2019,0150,Transfers and Subsidies - Operational,40136761.0
NC071,Ubuntu,2019,0160,Transfers and Subsidies - Capital,9109773.0
NC071,Ubuntu,2019,0420,Cash/cash equivalents at the year begin:,1859696.0
NC071,Ubuntu,2019,0430,Cash/cash equivalents at the year end:,73230012.0
NC072,Umsobomvu,2019,0290,Decrease (increase) in non-current investments,-1.0
NC072,Umsobomvu,2019,0420,Cash/cash equivalents at the year begin:,58832759.0
NC072,Umsobomvu,2019,0430,Cash/cash equivalents at the year end:,58832758.0
NC073,Emthanjeni,2019,0200,Suppliers and employees,-501332307.0
NC073,Emthanjeni,2019,0420,Cash/cash equivalents at the year begin:,7932141.0
NC073,Emthanjeni,2019,0430,Cash/cash equivalents at the year end:,-493400166.0
NC074,Kareeberg,2019,0280,Decrease (increase) in non-current receivables,-15951.0
NC074,Kareeberg,2019,0430,Cash/cash equivalents at the year end:,-15951.0
NC075,Renosterberg,2019,0420,Cash/cash equivalents at the year begin:,-581085.0
NC075,Renosterberg,2019,0430,Cash/cash equivalents at the year end:,-581085.0
NC076,Thembelihle,2019,0200,Suppliers and employees,-230729.0
NC076,Thembelihle,2019,0280,Decrease (increase) in non-current receivables,-106780.0
NC076,Thembelihle,2019,0420,Cash/cash equivalents at the year begin:,4347384.0
NC076,Thembelihle,2019,0430,Cash/cash equivalents at the year end:,4009875.0
NC077,Siyathemba,2019,0200,Suppliers and employees,10599255.0
NC077,Siyathemba,2019,0280,Decrease (increase) in non-current receivables,113363.0
NC077,Siyathemba,2019,0420,Cash/cash equivalents at the year begin:,18996786.0
NC077,Siyathemba,2019,0430,Cash/cash equivalents at the year end:,29709404.0
NC078,Siyancuma,2019,0200,Suppliers and employees,2603430.0
NC078,Siyancuma,2019,0420,Cash/cash equivalents at the year begin:,6640892.0
NC078,Siyancuma,2019,0430,Cash/cash equivalents at the year end:,9244322.0
NC082,!Kai! Garib,2019,0280,Decrease (increase) in non-current receivables,9379801.0
NC082,!Kai! Garib,2019,0420,Cash/cash equivalents at the year begin:,3709683.0
NC082,!Kai! Garib,2019,0430,Cash/cash equivalents at the year end:,13089484.0
NC084,!Kheis,2019,0130,Service charges,7009.0
NC084,!Kheis,2019,0140,Other revenue,-9161.0
NC084,!Kheis,2019,0150,Transfers and Subsidies - Operational,3665000.0
NC084,!Kheis,2019,0200,Suppliers and employees,37084646.0
NC084,!Kheis,2019,0280,Decrease (increase) in non-current receivables,-1174138.0
NC084,!Kheis,2019,0430,Cash/cash equivalents at the year end:,39573356.0
NC085,Tsantsabane,2019,0120,Property rates,27272214.0
NC085,Tsantsabane,2019,0130,Service charges,95022405.0
NC085,Tsantsabane,2019,0140,Other revenue,-2544187.0
NC085,Tsantsabane,2019,0150,Transfers and Subsidies - Operational,36188143.0
NC085,Tsantsabane,2019,0160,Transfers and Subsidies - Capital,18567540.0
NC085,Tsantsabane,2019,0200,Suppliers and employees,-35997470.0
NC085,Tsantsabane,2019,0210,Finance charges,-14067986.0
NC085,Tsantsabane,2019,0260,Proceeds on disposal of PPE,1900647.0
NC085,Tsantsabane,2019,0310,Capital assets,-17052505.0
NC085,Tsantsabane,2019,0420,Cash/cash equivalents at the year begin:,13549828.0
NC085,Tsantsabane,2019,0430,Cash/cash equivalents at the year end:,122838629.0
NC086,Kgatelopele,2019,0200,Suppliers and employees,-44408.0
NC086,Kgatelopele,2019,0430,Cash/cash equivalents at the year end:,-44408.0
NC091,Sol Plaatje,2019,0420,Cash/cash equivalents at the year begin:,81460183.0
NC091,Sol Plaatje,2019,0430,Cash/cash equivalents at the year end:,81460183.0
NC092,Dikgatlong,2019,0290,Decrease (increase) in non-current investments,-29349605.0
NC092,Dikgatlong,2019,0430,Cash/cash equivalents at the year end:,-29349605.0
NC093,Magareng,2019,0280,Decrease (increase) in non-current receivables,6913.0
NC093,Magareng,2019,0420,Cash/cash equivalents at the year begin:,3887003.0
NC093,Magareng,2019,0430,Cash/cash equivalents at the year end:,3893916.0
NC094,Phokwane,2019,0420,Cash/cash equivalents at the year begin:,6708947.0
NC094,Phokwane,2019,0430,Cash/cash equivalents at the year end:,6708947.0
NC451,Joe Morolong,2019,0120,Property rates,19803708.0
NC451,Joe Morolong,2019,0130,Service charges,11661798.0
NC451,Joe Morolong,2019,0140,Other revenue,13977873.0
NC451,Joe Morolong,2019,0150,Transfers and Subsidies - Operational,135294662.0
NC451,Joe Morolong,2019,0160,Transfers and Subsidies - Capital,112402365.0
NC451,Joe Morolong,2019,0420,Cash/cash equivalents at the year begin:,3740997.0
NC451,Joe Morolong,2019,0430,Cash/cash equivalents at the year end:,296881403.0
NC452,Ga-Segonyana,2019,0120,Property rates,36332296.0
NC452,Ga-Segonyana,2019,0130,Service charges,147639846.0
NC452,Ga-Segonyana,2019,0140,Other revenue,27206505.0
NC452,Ga-Segonyana,2019,0150,Transfers and Subsidies - Operational,141596629.0
NC452,Ga-Segonyana,2019,0160,Transfers and Subsidies - Capital,116737240.0
NC452,Ga-Segonyana,2019,0200,Suppliers and employees,251556507.0
NC452,Ga-Segonyana,2019,0310,Capital assets,-99400961.0
NC452,Ga-Segonyana,2019,0420,Cash/cash equivalents at the year begin:,-43792513.0
NC452,Ga-Segonyana,2019,0430,Cash/cash equivalents at the year end:,577875549.0
NC453,Gamagara,2019,0420,Cash/cash equivalents at the year begin:,99305623.0
NC453,Gamagara,2019,0430,Cash/cash equivalents at the year end:,99305623.0
NW372,Madibeng,2019,0290,Decrease (increase) in non-current investments,3843188.0
NW372,Madibeng,2019,0420,Cash/cash equivalents at the year begin:,33865272.0
NW372,Madibeng,2019,0430,Cash/cash equivalents at the year end:,37708460.0
NW374,Kgetlengrivier,2019,0140,Other revenue,183196.0
NW374,Kgetlengrivier,2019,0150,Transfers and Subsidies - Operational,60276435.0
NW374,Kgetlengrivier,2019,0200,Suppliers and employees,-377779.0
NW374,Kgetlengrivier,2019,0430,Cash/cash equivalents at the year end:,60081852.0
NW375,Moses Kotane,2019,0420,Cash/cash equivalents at the year begin:,1311700.0
NW375,Moses Kotane,2019,0430,Cash/cash equivalents at the year end:,1311700.0
NW381,Ratlou,2019,0140,Other revenue,9752645.0
NW381,Ratlou,2019,0150,Transfers and Subsidies - Operational,34120667.0
NW381,Ratlou,2019,0200,Suppliers and employees,2437236.0
NW381,Ratlou,2019,0280,Decrease (increase) in non-current receivables,-1065297.0
NW381,Ratlou,2019,0290,Decrease (increase) in non-current investments,-26643.0
NW381,Ratlou,2019,0430,Cash/cash equivalents at the year end:,45218608.0
NW382,Tswaing,2019,0280,Decrease (increase) in non-current receivables,43333.0
NW382,Tswaing,2019,0290,Decrease (increase) in non-current investments,-53316.0
NW382,Tswaing,2019,0420,Cash/cash equivalents at the year begin:,93848.0
NW382,Tswaing,2019,0430,Cash/cash equivalents at the year end:,83865.0
NW383,Mafikeng,2019,0120,Property rates,601858530.0
NW383,Mafikeng,2019,0130,Service charges,161292476.0
NW383,Mafikeng,2019,0140,Other revenue,18051180.0
NW383,Mafikeng,2019,0150,Transfers and Subsidies - Operational,446098537.0
NW383,Mafikeng,2019,0160,Transfers and Subsidies - Capital,64199394.0
NW383,Mafikeng,2019,0200,Suppliers and employees,297406959.0
NW383,Mafikeng,2019,0310,Capital assets,-51824816.0
NW383,Mafikeng,2019,0420,Cash/cash equivalents at the year begin:,-98614600.0
NW383,Mafikeng,2019,0430,Cash/cash equivalents at the year end:,1438467660.0
NW385,Ramotshere Moiloa,2019,0150,Transfers and Subsidies - Operational,-13522737.0
NW385,Ramotshere Moiloa,2019,0200,Suppliers and employees,-1926020.0
NW385,Ramotshere Moiloa,2019,0280,Decrease (increase) in non-current receivables,2204422.0
NW385,Ramotshere Moiloa,2019,0290,Decrease (increase) in non-current investments,8202994.0
NW385,Ramotshere Moiloa,2019,0390,Repayment of borrowing,-947966.0
NW385,Ramotshere Moiloa,2019,0420,Cash/cash equivalents at the year begin:,7267395.0
NW385,Ramotshere Moiloa,2019,0430,Cash/cash equivalents at the year end:,1278088.0
NW396,Lekwa-Teemane,2019,0200,Suppliers and employees,-195948.0
NW396,Lekwa-Teemane,2019,0420,Cash/cash equivalents at the year begin:,-1592232.0
NW396,Lekwa-Teemane,2019,0430,Cash/cash equivalents at the year end:,-1788180.0
NW403,City of Matlosana,2019,0120,Property rates,4546616700.0
NW403,City of Matlosana,2019,0200,Suppliers and employees,-1173415211.0
NW403,City of Matlosana,2019,0420,Cash/cash equivalents at the year begin:,148317.0
NW403,City of Matlosana,2019,0430,Cash/cash equivalents at the year end:,3373349806.0
NW404,Maquassi Hills,2019,0420,Cash/cash equivalents at the year begin:,10920602.0
NW404,Maquassi Hills,2019,0430,Cash/cash equivalents at the year end:,10920602.0
NW405,J B Marks,2019,0290,Decrease (increase) in non-current investments,-5036700.0
NW405,J B Marks,2019,0420,Cash/cash equivalents at the year begin:,236135868.0
NW405,J B Marks,2019,0430,Cash/cash equivalents at the year end:,231099168.0
TSH,City of Tshwane,2019,0280,Decrease (increase) in non-current receivables,-147108927.0
TSH,City of Tshwane,2019,0430,Cash/cash equivalents at the year end:,-147108927.0
WC011,Matzikama,2019,0420,Cash/cash equivalents at the year begin:,-118221781.0
WC011,Matzikama,2019,0430,Cash/cash equivalents at the year end:,-118221781.0
WC012,Cederberg,2019,0420,Cash/cash equivalents at the year begin:,18494417.0
WC012,Cederberg,2019,0430,Cash/cash equivalents at the year end:,18494417.0
WC013,Bergrivier,2019,0280,Decrease (increase) in non-current receivables,270868.0
WC013,Bergrivier,2019,0420,Cash/cash equivalents at the year begin:,167016301.0
WC013,Bergrivier,2019,0430,Cash/cash equivalents at the year end:,167287169.0
WC014,Saldanha Bay,2019,0120,Property rates,204974576.0
WC014,Saldanha Bay,2019,0130,Service charges,676961633.0
WC014,Saldanha Bay,2019,0140,Other revenue,29876353.0
WC014,Saldanha Bay,2019,0150,Transfers and Subsidies - Operational,109020049.0
WC014,Saldanha Bay,2019,0160,Transfers and Subsidies - Capital,8433235.0
WC014,Saldanha Bay,2019,0200,Suppliers and employees,425777320.0
WC014,Saldanha Bay,2019,0310,Capital assets,-240336175.0
WC014,Saldanha Bay,2019,0420,Cash/cash equivalents at the year begin:,310830561.0
WC014,Saldanha Bay,2019,0430,Cash/cash equivalents at the year end:,1525537552.0
WC015,Swartland,2019,0120,Property rates,1826.0
WC015,Swartland,2019,0130,Service charges,53377.0
WC015,Swartland,2019,0140,Other revenue,636402.0
WC015,Swartland,2019,0200,Suppliers and employees,-960767.0
WC015,Swartland,2019,0280,Decrease (increase) in non-current receivables,29677.0
WC015,Swartland,2019,0310,Capital assets,-1287763.0
WC015,Swartland,2019,0420,Cash/cash equivalents at the year begin:,460799591.0
WC015,Swartland,2019,0430,Cash/cash equivalents at the year end:,459272343.0
WC022,Witzenberg,2019,0120,Property rates,-12000.0
WC022,Witzenberg,2019,0140,Other revenue,-700.0
WC022,Witzenberg,2019,0150,Transfers and Subsidies - Operational,-5600.0
WC022,Witzenberg,2019,0310,Capital assets,2358063.0
WC022,Witzenberg,2019,0430,Cash/cash equivalents at the year end:,2339763.0
WC023,Drakenstein,2019,0280,Decrease (increase) in non-current receivables,933993.0
WC023,Drakenstein,2019,0290,Decrease (increase) in non-current investments,3795.0
WC023,Drakenstein,2019,0420,Cash/cash equivalents at the year begin:,229099917.0
WC023,Drakenstein,2019,0430,Cash/cash equivalents at the year end:,230037705.0
WC024,Stellenbosch,2019,0120,Property rates,2375.0
WC024,Stellenbosch,2019,0130,Service charges,14783.0
WC024,Stellenbosch,2019,0140,Other revenue,25515.0
WC024,Stellenbosch,2019,0280,Decrease (increase) in non-current receivables,35935.0
WC024,Stellenbosch,2019,0310,Capital assets,-1932497.0
WC024,Stellenbosch,2019,0430,Cash/cash equivalents at the year end:,-1853889.0
WC025,Breede Valley,2019,0280,Decrease (increase) in non-current receivables,98118.0
WC025,Breede Valley,2019,0290,Decrease (increase) in non-current investments,30000000.0
WC025,Breede Valley,2019,0310,Capital assets,110223383.0
WC025,Breede Valley,2019,0430,Cash/cash equivalents at the year end:,140321501.0
WC026,Langeberg,2019,0120,Property rates,5977.0
WC026,Langeberg,2019,0140,Other revenue,-264.0
WC026,Langeberg,2019,0200,Suppliers and employees,-1005749.0
WC026,Langeberg,2019,0280,Decrease (increase) in non-current receivables,-188977.0
WC026,Langeberg,2019,0420,Cash/cash equivalents at the year begin:,32398503.0
WC026,Langeberg,2019,0430,Cash/cash equivalents at the year end:,31209490.0
WC031,Theewaterskloof,2019,0290,Decrease (increase) in non-current investments,11445224.0
WC031,Theewaterskloof,2019,0420,Cash/cash equivalents at the year begin:,100365147.0
WC031,Theewaterskloof,2019,0430,Cash/cash equivalents at the year end:,111810371.0
WC033,Cape Agulhas,2019,0420,Cash/cash equivalents at the year begin:,83792029.0
WC033,Cape Agulhas,2019,0430,Cash/cash equivalents at the year end:,83792029.0
WC034,Swellendam,2019,0120,Property rates,-7163.0
WC034,Swellendam,2019,0130,Service charges,-3861.0
WC034,Swellendam,2019,0140,Other revenue,-26018.0
WC034,Swellendam,2019,0200,Suppliers and employees,41521014.0
WC034,Swellendam,2019,0430,Cash/cash equivalents at the year end:,41483972.0
WC041,Kannaland,2019,0290,Decrease (increase) in non-current investments,35510.0
WC041,Kannaland,2019,0420,Cash/cash equivalents at the year begin:,-2212.0
WC041,Kannaland,2019,0430,Cash/cash equivalents at the year end:,33298.0
WC042,Hessequa,2019,0420,Cash/cash equivalents at the year begin:,219860299.0
WC042,Hessequa,2019,0430,Cash/cash equivalents at the year end:,219860299.0
WC043,Mossel Bay,2019,0120,Property rates,-3123100.0
WC043,Mossel Bay,2019,0130,Service charges,-1840114.0
WC043,Mossel Bay,2019,0140,Other revenue,-310993.0
WC043,Mossel Bay,2019,0150,Transfers and Subsidies - Operational,-470930.0
WC043,Mossel Bay,2019,0280,Decrease (increase) in non-current receivables,434579.0
WC043,Mossel Bay,2019,0290,Decrease (increase) in non-current investments,-12000000.0
WC043,Mossel Bay,2019,0420,Cash/cash equivalents at the year begin:,697146988.0
WC043,Mossel Bay,2019,0430,Cash/cash equivalents at the year end:,679836430.0
WC045,Oudtshoorn,2019,0140,Other revenue,1386048.0
WC045,Oudtshoorn,2019,0170,Interest,429907.0
WC045,Oudtshoorn,2019,0200,Suppliers and employees,-1203183.0
WC045,Oudtshoorn,2019,0420,Cash/cash equivalents at the year begin:,337499403.0
WC045,Oudtshoorn,2019,0430,Cash/cash equivalents at the year end:,338112175.0
WC047,Bitou,2019,0170,Interest,2248140.0
WC047,Bitou,2019,0200,Suppliers and employees,176800850.0
WC047,Bitou,2019,0280,Decrease (increase) in non-current receivables,11404.0
WC047,Bitou,2019,0290,Decrease (increase) in non-current investments,-750195.0
WC047,Bitou,2019,0430,Cash/cash equivalents at the year end:,178310199.0
WC048,Knysna,2019,0120,Property rates,51340595.0
WC048,Knysna,2019,0130,Service charges,348489.0
WC048,Knysna,2019,0140,Other revenue,1045919.0
WC048,Knysna,2019,0150,Transfers and Subsidies - Operational,217743.0
WC048,Knysna,2019,0200,Suppliers and employees,-1778161.0
WC048,Knysna,2019,0290,Decrease (increase) in non-current investments,-1944644.0
WC048,Knysna,2019,0420,Cash/cash equivalents at the year begin:,76068272.0
WC048,Knysna,2019,0430,Cash/cash equivalents at the year end:,125298213.0
WC051,Laingsburg,2019,0200,Suppliers and employees,165370.0
WC051,Laingsburg,2019,0310,Capital assets,-18500.0
WC051,Laingsburg,2019,0420,Cash/cash equivalents at the year begin:,1539052.0
WC051,Laingsburg,2019,0430,Cash/cash equivalents at the year end:,1685922.0
WC052,Prince Albert,2019,0420,Cash/cash equivalents at the year begin:,25290940.0
WC052,Prince Albert,2019,0430,Cash/cash equivalents at the year end:,25290940.0
WC053,Beaufort West,2019,0420,Cash/cash equivalents at the year begin:,8250275.0
WC053,Beaufort West,2019,0430,Cash/cash equivalents at the year end:,8250275.0
BUF,Buffalo City,2020,0120,Property rates,1152723159.0
BUF,Buffalo City,2020,0130,Service charges,2556551484.0
BUF,Buffalo City,2020,0140,Other revenue,6641554071.0
BUF,Buffalo City,2020,0150,Transfers and Subsidies - Operational,23751704.0
BUF,Buffalo City,2020,0160,Transfers and Subsidies - Capital,1404553837.0
BUF,Buffalo City,2020,0200,Suppliers and employees,-1049446896.0
BUF,Buffalo City,2020,0310,Capital assets,-1549291610.0
BUF,Buffalo City,2020,0420,Cash/cash equivalents at the year begin:,1171632915.0
BUF,Buffalo City,2020,0430,Cash/cash equivalents at the year end:,10352028664.0
CPT,Cape Town,2020,0280,Decrease (increase) in non-current receivables,202346366.0
CPT,Cape Town,2020,0290,Decrease (increase) in non-current investments,-1860196928.0
CPT,Cape Town,2020,0420,Cash/cash equivalents at the year begin:,11134226023.0
CPT,Cape Town,2020,0430,Cash/cash equivalents at the year end:,9476375461.0
DC1,West Coast,2020,0170,Interest,23698839.0
DC1,West Coast,2020,0200,Suppliers and employees,342496695.0
DC1,West Coast,2020,0280,Decrease (increase) in non-current receivables,1503046.0
DC1,West Coast,2020,0310,Capital assets,253762.0
DC1,West Coast,2020,0390,Repayment of borrowing,-14271421.0
DC1,West Coast,2020,0430,Cash/cash equivalents at the year end:,353680921.0
DC10,Sarah Baartman,2020,0140,Other revenue,90558.0
DC10,Sarah Baartman,2020,0200,Suppliers and employees,-285640.0
DC10,Sarah Baartman,2020,0220,Transfers and Subsidies,2977479.0
DC10,Sarah Baartman,2020,0420,Cash/cash equivalents at the year begin:,209937753.0
DC10,Sarah Baartman,2020,0430,Cash/cash equivalents at the year end:,212720150.0
DC12,Amathole,2020,0130,Service charges,224220903.0
DC12,Amathole,2020,0140,Other revenue,739886724.0
DC12,Amathole,2020,0150,Transfers and Subsidies - Operational,684180577.0
DC12,Amathole,2020,0160,Transfers and Subsidies - Capital,28162381.0
DC12,Amathole,2020,0200,Suppliers and employees,-277948093.0
DC12,Amathole,2020,0210,Finance charges,-71.0
DC12,Amathole,2020,0390,Repayment of borrowing,291335.0
DC12,Amathole,2020,0420,Cash/cash equivalents at the year begin:,194170815.0
DC12,Amathole,2020,0430,Cash/cash equivalents at the year end:,1592964571.0
DC13,Chris Hani,2020,0420,Cash/cash equivalents at the year begin:,377919268.0
DC13,Chris Hani,2020,0430,Cash/cash equivalents at the year end:,377919268.0
DC14,Joe Gqabi,2020,0290,Decrease (increase) in non-current investments,-94000.0
DC14,Joe Gqabi,2020,0420,Cash/cash equivalents at the year begin:,4881072.0
DC14,Joe Gqabi,2020,0430,Cash/cash equivalents at the year end:,4787072.0
DC15,O R Tambo,2020,0280,Decrease (increase) in non-current receivables,862760.0
DC15,O R Tambo,2020,0420,Cash/cash equivalents at the year begin:,270129640.0
DC15,O R Tambo,2020,0430,Cash/cash equivalents at the year end:,270992400.0
DC16,Xhariep,2020,0420,Cash/cash equivalents at the year begin:,10371065.0
DC16,Xhariep,2020,0430,Cash/cash equivalents at the year end:,10371065.0
DC19,Thabo Mofutsanyana,2020,0200,Suppliers and employees,-1475275.0
DC19,Thabo Mofutsanyana,2020,0430,Cash/cash equivalents at the year end:,-1475275.0
DC2,Cape Winelands DM,2020,0200,Suppliers and employees,-1574297.0
DC2,Cape Winelands DM,2020,0310,Capital assets,7512113.0
DC2,Cape Winelands DM,2020,0420,Cash/cash equivalents at the year begin:,656290226.0
DC2,Cape Winelands DM,2020,0430,Cash/cash equivalents at the year end:,662228042.0
DC20,Fezile Dabi,2020,0420,Cash/cash equivalents at the year begin:,92978347.0
DC20,Fezile Dabi,2020,0430,Cash/cash equivalents at the year end:,92978347.0
DC22,uMgungundlovu,2020,0420,Cash/cash equivalents at the year begin:,19301.0
DC22,uMgungundlovu,2020,0430,Cash/cash equivalents at the year end:,19301.0
DC23,Uthukela,2020,0130,Service charges,134461621.0
DC23,Uthukela,2020,0140,Other revenue,1649346.0
DC23,Uthukela,2020,0150,Transfers and Subsidies - Operational,439641914.0
DC23,Uthukela,2020,0160,Transfers and Subsidies - Capital,291937000.0
DC23,Uthukela,2020,0200,Suppliers and employees,163517206.0
DC23,Uthukela,2020,0310,Capital assets,-123719290.0
DC23,Uthukela,2020,0420,Cash/cash equivalents at the year begin:,-409666216.0
DC23,Uthukela,2020,0430,Cash/cash equivalents at the year end:,497821581.0
DC24,Umzinyathi,2020,0130,Service charges,43689.0
DC24,Umzinyathi,2020,0150,Transfers and Subsidies - Operational,1929611721.0
DC24,Umzinyathi,2020,0200,Suppliers and employees,-145059.0
DC24,Umzinyathi,2020,0420,Cash/cash equivalents at the year begin:,100.0
DC24,Umzinyathi,2020,0430,Cash/cash equivalents at the year end:,1929510451.0
DC26,Zululand,2020,0420,Cash/cash equivalents at the year begin:,12478331.0
DC26,Zululand,2020,0430,Cash/cash equivalents at the year end:,12478331.0
DC27,Umkhanyakude,2020,0200,Suppliers and employees,118091.0
DC27,Umkhanyakude,2020,0430,Cash/cash equivalents at the year end:,118091.0
DC28,King Cetshwayo,2020,0280,Decrease (increase) in non-current receivables,50117.0
DC28,King Cetshwayo,2020,0420,Cash/cash equivalents at the year begin:,494297737.0
DC28,King Cetshwayo,2020,0430,Cash/cash equivalents at the year end:,494347854.0
DC29,iLembe,2020,0130,Service charges,132641916.0
DC29,iLembe,2020,0140,Other revenue,23041761.0
DC29,iLembe,2020,0150,Transfers and Subsidies - Operational,745408055.0
DC29,iLembe,2020,0160,Transfers and Subsidies - Capital,164596000.0
DC29,iLembe,2020,0170,Interest,13421125.0
DC29,iLembe,2020,0200,Suppliers and employees,574723143.0
DC29,iLembe,2020,0220,Transfers and Subsidies,-6685436.0
DC29,iLembe,2020,0260,Proceeds on disposal of PPE,2272936.0
DC29,iLembe,2020,0310,Capital assets,-257881584.0
DC29,iLembe,2020,0390,Repayment of borrowing,-48466036.0
DC29,iLembe,2020,0420,Cash/cash equivalents at the year begin:,-167364916.0
DC29,iLembe,2020,0430,Cash/cash equivalents at the year end:,1175706964.0
DC3,Overberg,2020,0280,Decrease (increase) in non-current receivables,7298572.0
DC3,Overberg,2020,0430,Cash/cash equivalents at the year end:,7298572.0
DC30,Gert Sibande,2020,0130,Service charges,127344.0
DC30,Gert Sibande,2020,0140,Other revenue,50330.0
DC30,Gert Sibande,2020,0150,Transfers and Subsidies - Operational,308106118.0
DC30,Gert Sibande,2020,0160,Transfers and Subsidies - Capital,2451000.0
DC30,Gert Sibande,2020,0200,Suppliers and employees,81114591.0
DC30,Gert Sibande,2020,0420,Cash/cash equivalents at the year begin:,235629947.0
DC30,Gert Sibande,2020,0430,Cash/cash equivalents at the year end:,627479330.0
DC31,Nkangala,2020,0140,Other revenue,1497514.0
DC31,Nkangala,2020,0150,Transfers and Subsidies - Operational,357988672.0
DC31,Nkangala,2020,0200,Suppliers and employees,72364599.0
DC31,Nkangala,2020,0290,Decrease (increase) in non-current investments,-10080299.0
DC31,Nkangala,2020,0310,Capital assets,-37295207.0
DC31,Nkangala,2020,0420,Cash/cash equivalents at the year begin:,157600883.0
DC31,Nkangala,2020,0430,Cash/cash equivalents at the year end:,542076162.0
DC32,Ehlanzeni,2020,0290,Decrease (increase) in non-current investments,54795.0
DC32,Ehlanzeni,2020,0420,Cash/cash equivalents at the year begin:,90056438.0
DC32,Ehlanzeni,2020,0430,Cash/cash equivalents at the year end:,90111233.0
DC33,Mopani,2020,0140,Other revenue,651377.0
DC33,Mopani,2020,0150,Transfers and Subsidies - Operational,475206340.0
DC33,Mopani,2020,0160,Transfers and Subsidies - Capital,314081116.0
DC33,Mopani,2020,0200,Suppliers and employees,422954865.0
DC33,Mopani,2020,0310,Capital assets,-301387384.0
DC33,Mopani,2020,0420,Cash/cash equivalents at the year begin:,669494127.0
DC33,Mopani,2020,0430,Cash/cash equivalents at the year end:,1581000441.0
DC34,Vhembe,2020,0130,Service charges,325987.0
DC34,Vhembe,2020,0140,Other revenue,134100093.0
DC34,Vhembe,2020,0150,Transfers and Subsidies - Operational,1399888589.0
DC34,Vhembe,2020,0160,Transfers and Subsidies - Capital,2795543.0
DC34,Vhembe,2020,0200,Suppliers and employees,695128597.0
DC34,Vhembe,2020,0310,Capital assets,-260446615.0
DC34,Vhembe,2020,0420,Cash/cash equivalents at the year begin:,-217931620.0
DC34,Vhembe,2020,0430,Cash/cash equivalents at the year end:,1753860574.0
DC35,Capricorn,2020,0420,Cash/cash equivalents at the year begin:,256559043.0
DC35,Capricorn,2020,0430,Cash/cash equivalents at the year end:,256559043.0
DC36,Waterberg,2020,0140,Other revenue,5535011.0
DC36,Waterberg,2020,0150,Transfers and Subsidies - Operational,146844805.0
DC36,Waterberg,2020,0200,Suppliers and employees,-48066000.0
DC36,Waterberg,2020,0310,Capital assets,-5570785.0
DC36,Waterberg,2020,0420,Cash/cash equivalents at the year begin:,121401871.0
DC36,Waterberg,2020,0430,Cash/cash equivalents at the year end:,220144902.0
DC38,Ngaka Modiri Molema,2020,0290,Decrease (increase) in non-current investments,-295993.0
DC38,Ngaka Modiri Molema,2020,0420,Cash/cash equivalents at the year begin:,353046240.0
DC38,Ngaka Modiri Molema,2020,0430,Cash/cash equivalents at the year end:,352750247.0
DC39,Dr Ruth Segomotsi Mompati,2020,0160,Transfers and Subsidies - Capital,15701928.0
DC39,Dr Ruth Segomotsi Mompati,2020,0420,Cash/cash equivalents at the year begin:,33195176.0
DC39,Dr Ruth Segomotsi Mompati,2020,0430,Cash/cash equivalents at the year end:,48897104.0
DC4,Garden Route,2020,0200,Suppliers and employees,-218370.0
DC4,Garden Route,2020,0420,Cash/cash equivalents at the year begin:,14913856.0
DC4,Garden Route,2020,0430,Cash/cash equivalents at the year end:,14695486.0
DC40,Dr Kenneth Kaunda,2020,0420,Cash/cash equivalents at the year begin:,36030601.0
DC40,Dr Kenneth Kaunda,2020,0430,Cash/cash equivalents at the year end:,36030601.0
DC42,Sedibeng,2020,0420,Cash/cash equivalents at the year begin:,21504302.0
DC42,Sedibeng,2020,0430,Cash/cash equivalents at the year end:,21504302.0
DC43,Harry Gwala,2020,0420,Cash/cash equivalents at the year begin:,58362815.0
DC43,Harry Gwala,2020,0430,Cash/cash equivalents at the year end:,58362815.0
DC44,Alfred Nzo,2020,0130,Service charges,38804633.0
DC44,Alfred Nzo,2020,0140,Other revenue,11366963.0
DC44,Alfred Nzo,2020,0150,Transfers and Subsidies - Operational,580716088.0
DC44,Alfred Nzo,2020,0160,Transfers and Subsidies - Capital,506255003.0
DC44,Alfred Nzo,2020,0170,Interest,705428.0
DC44,Alfred Nzo,2020,0200,Suppliers and employees,296276680.0
DC44,Alfred Nzo,2020,0310,Capital assets,-395415418.0
DC44,Alfred Nzo,2020,0420,Cash/cash equivalents at the year begin:,-73696205.0
DC44,Alfred Nzo,2020,0430,Cash/cash equivalents at the year end:,965013172.0
DC45,John Taolo Gaetsewe,2020,0150,Transfers and Subsidies - Operational,1607252.0
DC45,John Taolo Gaetsewe,2020,0420,Cash/cash equivalents at the year begin:,89076.0
DC45,John Taolo Gaetsewe,2020,0430,Cash/cash equivalents at the year end:,1696328.0
DC47,Sekhukhune,2020,0290,Decrease (increase) in non-current investments,177160775.0
DC47,Sekhukhune,2020,0420,Cash/cash equivalents at the year begin:,12160794.0
DC47,Sekhukhune,2020,0430,Cash/cash equivalents at the year end:,189321569.0
DC5,Central Karoo,2020,0140,Other revenue,1137968.0
DC5,Central Karoo,2020,0150,Transfers and Subsidies - Operational,55066338.0
DC5,Central Karoo,2020,0200,Suppliers and employees,-86125459.0
DC5,Central Karoo,2020,0210,Finance charges,-4341.0
DC5,Central Karoo,2020,0310,Capital assets,-193767.0
DC5,Central Karoo,2020,0390,Repayment of borrowing,-14832.0
DC5,Central Karoo,2020,0420,Cash/cash equivalents at the year begin:,7052298.0
DC5,Central Karoo,2020,0430,Cash/cash equivalents at the year end:,-23081795.0
DC6,Namakwa,2020,0420,Cash/cash equivalents at the year begin:,7537499.0
DC6,Namakwa,2020,0430,Cash/cash equivalents at the year end:,7537499.0
DC7,Pixley Ka Seme (NC),2020,0280,Decrease (increase) in non-current receivables,16228.0
DC7,Pixley Ka Seme (NC),2020,0420,Cash/cash equivalents at the year begin:,12048442.0
DC7,Pixley Ka Seme (NC),2020,0430,Cash/cash equivalents at the year end:,12064670.0
DC8,Z F Mgcawu,2020,0200,Suppliers and employees,-109677.0
DC8,Z F Mgcawu,2020,0280,Decrease (increase) in non-current receivables,3046.0
DC8,Z F Mgcawu,2020,0430,Cash/cash equivalents at the year end:,-106631.0
DC9,Frances Baard,2020,0280,Decrease (increase) in non-current receivables,1258436.0
DC9,Frances Baard,2020,0420,Cash/cash equivalents at the year begin:,78267162.0
DC9,Frances Baard,2020,0430,Cash/cash equivalents at the year end:,79525598.0
EC101,Dr Beyers Naude,2020,0130,Service charges,-595415.0
EC101,Dr Beyers Naude,2020,0140,Other revenue,-1521.0
EC101,Dr Beyers Naude,2020,0150,Transfers and Subsidies - Operational,67928.0
EC101,Dr Beyers Naude,2020,0160,Transfers and Subsidies - Capital,-73164.0
EC101,Dr Beyers Naude,2020,0420,Cash/cash equivalents at the year begin:,1214.0
EC101,Dr Beyers Naude,2020,0430,Cash/cash equivalents at the year end:,-600958.0
EC102,Blue Crane Route,2020,0200,Suppliers and employees,74018629.0
EC102,Blue Crane Route,2020,0280,Decrease (increase) in non-current receivables,2983.0
EC102,Blue Crane Route,2020,0310,Capital assets,-388856.0
EC102,Blue Crane Route,2020,0430,Cash/cash equivalents at the year end:,73632756.0
EC104,Makana,2020,0120,Property rates,5797.0
EC104,Makana,2020,0130,Service charges,35884210.0
EC104,Makana,2020,0140,Other revenue,11662583.0
EC104,Makana,2020,0150,Transfers and Subsidies - Operational,110830397.0
EC104,Makana,2020,0160,Transfers and Subsidies - Capital,4000000.0
EC104,Makana,2020,0200,Suppliers and employees,144691842.0
EC104,Makana,2020,0310,Capital assets,-56476728.0
EC104,Makana,2020,0420,Cash/cash equivalents at the year begin:,-191331412.0
EC104,Makana,2020,0430,Cash/cash equivalents at the year end:,59266689.0
EC105,Ndlambe,2020,0120,Property rates,105211901.0
EC105,Ndlambe,2020,0130,Service charges,128114687.0
EC105,Ndlambe,2020,0140,Other revenue,72823050.0
EC105,Ndlambe,2020,0150,Transfers and Subsidies - Operational,142008014.0
EC105,Ndlambe,2020,0160,Transfers and Subsidies - Capital,3359612.0
EC105,Ndlambe,2020,0170,Interest,9517092.0
EC105,Ndlambe,2020,0200,Suppliers and employees,185712172.0
EC105,Ndlambe,2020,0290,Decrease (increase) in non-current investments,10143.0
EC105,Ndlambe,2020,0310,Capital assets,-57484305.0
EC105,Ndlambe,2020,0420,Cash/cash equivalents at the year begin:,-211406601.0
EC105,Ndlambe,2020,0430,Cash/cash equivalents at the year end:,377865765.0
EC106,Sundays River Valley,2020,0200,Suppliers and employees,752855.0
EC106,Sundays River Valley,2020,0430,Cash/cash equivalents at the year end:,752855.0
EC108,Kouga,2020,0120,Property rates,79002.0
EC108,Kouga,2020,0200,Suppliers and employees,756568913.0
EC108,Kouga,2020,0280,Decrease (increase) in non-current receivables,3000.0
EC108,Kouga,2020,0430,Cash/cash equivalents at the year end:,756650915.0
EC109,Kou-Kamma,2020,0120,Property rates,4086228.0
EC109,Kou-Kamma,2020,0130,Service charges,4503785.0
EC109,Kou-Kamma,2020,0140,Other revenue,4041331.0
EC109,Kou-Kamma,2020,0150,Transfers and Subsidies - Operational,51556645.0
EC109,Kou-Kamma,2020,0160,Transfers and Subsidies - Capital,15888000.0
EC109,Kou-Kamma,2020,0170,Interest,608561.0
EC109,Kou-Kamma,2020,0200,Suppliers and employees,-344985.0
EC109,Kou-Kamma,2020,0220,Transfers and Subsidies,677609.0
EC109,Kou-Kamma,2020,0420,Cash/cash equivalents at the year begin:,-43253549.0
EC109,Kou-Kamma,2020,0430,Cash/cash equivalents at the year end:,37763625.0
EC121,Mbhashe,2020,0150,Transfers and Subsidies - Operational,5279778.0
EC121,Mbhashe,2020,0430,Cash/cash equivalents at the year end:,5279778.0
EC122,Mnquma,2020,0120,Property rates,27880044.0
EC122,Mnquma,2020,0130,Service charges,1909603.0
EC122,Mnquma,2020,0140,Other revenue,18042149.0
EC122,Mnquma,2020,0150,Transfers and Subsidies - Operational,267474266.0
EC122,Mnquma,2020,0160,Transfers and Subsidies - Capital,61728550.0
EC122,Mnquma,2020,0200,Suppliers and employees,-209117234.0
EC122,Mnquma,2020,0260,Proceeds on disposal of PPE,511387.0
EC122,Mnquma,2020,0310,Capital assets,-53218336.0
EC122,Mnquma,2020,0420,Cash/cash equivalents at the year begin:,16598954.0
EC122,Mnquma,2020,0430,Cash/cash equivalents at the year end:,131809383.0
EC123,Great Kei,2020,0120,Property rates,15057280.0
EC123,Great Kei,2020,0130,Service charges,11634083.0
EC123,Great Kei,2020,0140,Other revenue,2001904.0
EC123,Great Kei,2020,0150,Transfers and Subsidies - Operational,46263063.0
EC123,Great Kei,2020,0160,Transfers and Subsidies - Capital,17653000.0
EC123,Great Kei,2020,0200,Suppliers and employees,-11437071.0
EC123,Great Kei,2020,0310,Capital assets,-8436316.0
EC123,Great Kei,2020,0420,Cash/cash equivalents at the year begin:,1332002.0
EC123,Great Kei,2020,0430,Cash/cash equivalents at the year end:,74067945.0
EC124,Amahlathi,2020,0150,Transfers and Subsidies - Operational,19948142.0
EC124,Amahlathi,2020,0200,Suppliers and employees,-529000.0
EC124,Amahlathi,2020,0420,Cash/cash equivalents at the year begin:,1558575.0
EC124,Amahlathi,2020,0430,Cash/cash equivalents at the year end:,20977717.0
EC126,Ngqushwa,2020,0170,Interest,1.0
EC126,Ngqushwa,2020,0200,Suppliers and employees,2606887.0
EC126,Ngqushwa,2020,0430,Cash/cash equivalents at the year end:,2606888.0
EC131,Inxuba Yethemba,2020,0120,Property rates,28604798.0
EC131,Inxuba Yethemba,2020,0130,Service charges,50325682.0
EC131,Inxuba Yethemba,2020,0140,Other revenue,7732605.0
EC131,Inxuba Yethemba,2020,0150,Transfers and Subsidies - Operational,31314090.0
EC131,Inxuba Yethemba,2020,0160,Transfers and Subsidies - Capital,306475721.0
EC131,Inxuba Yethemba,2020,0200,Suppliers and employees,-661908.0
EC131,Inxuba Yethemba,2020,0310,Capital assets,-3762452.0
EC131,Inxuba Yethemba,2020,0420,Cash/cash equivalents at the year begin:,268437660.0
EC131,Inxuba Yethemba,2020,0430,Cash/cash equivalents at the year end:,688466196.0
EC135,Vuyisile Mini,2020,0140,Other revenue,-1.0
EC135,Vuyisile Mini,2020,0150,Transfers and Subsidies - Operational,11670306.0
EC135,Vuyisile Mini,2020,0200,Suppliers and employees,5428818.0
EC135,Vuyisile Mini,2020,0430,Cash/cash equivalents at the year end:,17099123.0
EC136,Emalahleni (EC),2020,0120,Property rates,5555460.0
EC136,Emalahleni (EC),2020,0130,Service charges,13876125.0
EC136,Emalahleni (EC),2020,0140,Other revenue,4529412.0
EC136,Emalahleni (EC),2020,0150,Transfers and Subsidies - Operational,146522457.0
EC136,Emalahleni (EC),2020,0160,Transfers and Subsidies - Capital,20114000.0
EC136,Emalahleni (EC),2020,0200,Suppliers and employees,-50717421.0
EC136,Emalahleni (EC),2020,0260,Proceeds on disposal of PPE,20138.0
EC136,Emalahleni (EC),2020,0310,Capital assets,-37139480.0
EC136,Emalahleni (EC),2020,0420,Cash/cash equivalents at the year begin:,4144942.0
EC136,Emalahleni (EC),2020,0430,Cash/cash equivalents at the year end:,106905633.0
EC137,Dr. A.B. Xuma,2020,0120,Property rates,4092244.0
EC137,Dr. A.B. Xuma,2020,0130,Service charges,701781.0
EC137,Dr. A.B. Xuma,2020,0140,Other revenue,9166969.0
EC137,Dr. A.B. Xuma,2020,0150,Transfers and Subsidies - Operational,341599255.0
EC137,Dr. A.B. Xuma,2020,0160,Transfers and Subsidies - Capital,8400.0
EC137,Dr. A.B. Xuma,2020,0200,Suppliers and employees,-110284442.0
EC137,Dr. A.B. Xuma,2020,0310,Capital assets,-3235346.0
EC137,Dr. A.B. Xuma,2020,0420,Cash/cash equivalents at the year begin:,140261923.0
EC137,Dr. A.B. Xuma,2020,0430,Cash/cash equivalents at the year end:,382310784.0
EC138,Sakhisizwe,2020,0120,Property rates,534992.0
EC138,Sakhisizwe,2020,0130,Service charges,7795456.0
EC138,Sakhisizwe,2020,0140,Other revenue,8265481.0
EC138,Sakhisizwe,2020,0150,Transfers and Subsidies - Operational,69621031.0
EC138,Sakhisizwe,2020,0160,Transfers and Subsidies - Capital,38194030.0
EC138,Sakhisizwe,2020,0200,Suppliers and employees,-58.0
EC138,Sakhisizwe,2020,0260,Proceeds on disposal of PPE,71411.0
EC138,Sakhisizwe,2020,0310,Capital assets,-4288407.0
EC138,Sakhisizwe,2020,0420,Cash/cash equivalents at the year begin:,12981079.0
EC138,Sakhisizwe,2020,0430,Cash/cash equivalents at the year end:,133175015.0
EC139,Enoch Mgijima,2020,0420,Cash/cash equivalents at the year begin:,11943814.0
EC139,Enoch Mgijima,2020,0430,Cash/cash equivalents at the year end:,11943814.0
EC141,Elundini,2020,0130,Service charges,16215069.0
EC141,Elundini,2020,0140,Other revenue,14576029.0
EC141,Elundini,2020,0150,Transfers and Subsidies - Operational,180359587.0
EC141,Elundini,2020,0160,Transfers and Subsidies - Capital,15785100.0
EC141,Elundini,2020,0200,Suppliers and employees,126122459.0
EC141,Elundini,2020,0310,Capital assets,-80529335.0
EC141,Elundini,2020,0420,Cash/cash equivalents at the year begin:,86514868.0
EC141,Elundini,2020,0430,Cash/cash equivalents at the year end:,359043777.0
EC142,Senqu,2020,0420,Cash/cash equivalents at the year begin:,313095400.0
EC142,Senqu,2020,0430,Cash/cash equivalents at the year end:,313095400.0
EC145,Walter Sisulu,2020,0420,Cash/cash equivalents at the year begin:,11880219.0
EC145,Walter Sisulu,2020,0430,Cash/cash equivalents at the year end:,11880219.0
EC153,Ngquza Hills,2020,0120,Property rates,16608119.0
EC153,Ngquza Hills,2020,0130,Service charges,477044.0
EC153,Ngquza Hills,2020,0140,Other revenue,13499276.0
EC153,Ngquza Hills,2020,0150,Transfers and Subsidies - Operational,258990928.0
EC153,Ngquza Hills,2020,0160,Transfers and Subsidies - Capital,16934784.0
EC153,Ngquza Hills,2020,0200,Suppliers and employees,69843581.0
EC153,Ngquza Hills,2020,0260,Proceeds on disposal of PPE,4162.0
EC153,Ngquza Hills,2020,0310,Capital assets,-94506886.0
EC153,Ngquza Hills,2020,0420,Cash/cash equivalents at the year begin:,-153030624.0
EC153,Ngquza Hills,2020,0430,Cash/cash equivalents at the year end:,128820384.0
EC154,Port St Johns,2020,0120,Property rates,113986.0
EC154,Port St Johns,2020,0130,Service charges,640869.0
EC154,Port St Johns,2020,0140,Other revenue,901019.0
EC154,Port St Johns,2020,0150,Transfers and Subsidies - Operational,428534513.0
EC154,Port St Johns,2020,0160,Transfers and Subsidies - Capital,40244926.0
EC154,Port St Johns,2020,0200,Suppliers and employees,-173137.0
EC154,Port St Johns,2020,0310,Capital assets,-82080416.0
EC154,Port St Johns,2020,0420,Cash/cash equivalents at the year begin:,301770698.0
EC154,Port St Johns,2020,0430,Cash/cash equivalents at the year end:,689952458.0
EC155,Nyandeni,2020,0120,Property rates,3602540.0
EC155,Nyandeni,2020,0130,Service charges,90470.0
EC155,Nyandeni,2020,0140,Other revenue,23703299.0
EC155,Nyandeni,2020,0150,Transfers and Subsidies - Operational,277542395.0
EC155,Nyandeni,2020,0160,Transfers and Subsidies - Capital,71007334.0
EC155,Nyandeni,2020,0200,Suppliers and employees,-32486.0
EC155,Nyandeni,2020,0420,Cash/cash equivalents at the year begin:,314725391.0
EC155,Nyandeni,2020,0430,Cash/cash equivalents at the year end:,690638943.0
EC156,Kumkani Mhlontlo,2020,0120,Property rates,12815.0
EC156,Kumkani Mhlontlo,2020,0130,Service charges,-30161.0
EC156,Kumkani Mhlontlo,2020,0140,Other revenue,-3142830.0
EC156,Kumkani Mhlontlo,2020,0150,Transfers and Subsidies - Operational,154077007.0
EC156,Kumkani Mhlontlo,2020,0160,Transfers and Subsidies - Capital,29650000.0
EC156,Kumkani Mhlontlo,2020,0170,Interest,5987482.0
EC156,Kumkani Mhlontlo,2020,0200,Suppliers and employees,-175905.0
EC156,Kumkani Mhlontlo,2020,0420,Cash/cash equivalents at the year begin:,42297992.0
EC156,Kumkani Mhlontlo,2020,0430,Cash/cash equivalents at the year end:,228676400.0
EC157,King Sabata Dalindyebo,2020,0120,Property rates,874775737.0
EC157,King Sabata Dalindyebo,2020,0130,Service charges,751111005.0
EC157,King Sabata Dalindyebo,2020,0140,Other revenue,71212972.0
EC157,King Sabata Dalindyebo,2020,0150,Transfers and Subsidies - Operational,236948051.0
EC157,King Sabata Dalindyebo,2020,0160,Transfers and Subsidies - Capital,82516937.0
EC157,King Sabata Dalindyebo,2020,0170,Interest,1832261.0
EC157,King Sabata Dalindyebo,2020,0200,Suppliers and employees,-3737775.0
EC157,King Sabata Dalindyebo,2020,0310,Capital assets,-1030047.0
EC157,King Sabata Dalindyebo,2020,0420,Cash/cash equivalents at the year begin:,1005802081.0
EC157,King Sabata Dalindyebo,2020,0430,Cash/cash equivalents at the year end:,3019431222.0
EC441,Matatiele,2020,0120,Property rates,8828.0
EC441,Matatiele,2020,0130,Service charges,57798495.0
EC441,Matatiele,2020,0140,Other revenue,44101860.0
EC441,Matatiele,2020,0150,Transfers and Subsidies - Operational,259411316.0
EC441,Matatiele,2020,0160,Transfers and Subsidies - Capital,108432000.0
EC441,Matatiele,2020,0170,Interest,173864.0
EC441,Matatiele,2020,0200,Suppliers and employees,175962377.0
EC441,Matatiele,2020,0310,Capital assets,-165779831.0
EC441,Matatiele,2020,0420,Cash/cash equivalents at the year begin:,-6046099.0
EC441,Matatiele,2020,0430,Cash/cash equivalents at the year end:,474062810.0
EC442,Umzimvubu,2020,0120,Property rates,12150857.0
EC442,Umzimvubu,2020,0130,Service charges,480739.0
EC442,Umzimvubu,2020,0140,Other revenue,9314420.0
EC442,Umzimvubu,2020,0150,Transfers and Subsidies - Operational,789981021.0
EC442,Umzimvubu,2020,0160,Transfers and Subsidies - Capital,96225000.0
EC442,Umzimvubu,2020,0200,Suppliers and employees,84967000.0
EC442,Umzimvubu,2020,0310,Capital assets,-116614535.0
EC442,Umzimvubu,2020,0420,Cash/cash equivalents at the year begin:,-17548769.0
EC442,Umzimvubu,2020,0430,Cash/cash equivalents at the year end:,858955733.0
EC443,Winnie Madikizela-Mandela,2020,0120,Property rates,12522249.0
EC443,Winnie Madikizela-Mandela,2020,0130,Service charges,27710914.0
EC443,Winnie Madikizela-Mandela,2020,0140,Other revenue,6304247.0
EC443,Winnie Madikizela-Mandela,2020,0150,Transfers and Subsidies - Operational,266171720.0
EC443,Winnie Madikizela-Mandela,2020,0160,Transfers and Subsidies - Capital,79602000.0
EC443,Winnie Madikizela-Mandela,2020,0200,Suppliers and employees,132536908.0
EC443,Winnie Madikizela-Mandela,2020,0310,Capital assets,-58445228.0
EC443,Winnie Madikizela-Mandela,2020,0420,Cash/cash equivalents at the year begin:,-36093491.0
EC443,Winnie Madikizela-Mandela,2020,0430,Cash/cash equivalents at the year end:,430309319.0
EC444,Ntabankulu,2020,0140,Other revenue,1050.0
EC444,Ntabankulu,2020,0150,Transfers and Subsidies - Operational,4167582.0
EC444,Ntabankulu,2020,0160,Transfers and Subsidies - Capital,74455.0
EC444,Ntabankulu,2020,0200,Suppliers and employees,400000.0
EC444,Ntabankulu,2020,0260,Proceeds on disposal of PPE,128318.0
EC444,Ntabankulu,2020,0430,Cash/cash equivalents at the year end:,4771405.0
EKU,City of Ekurhuleni,2020,0280,Decrease (increase) in non-current receivables,-31970.0
EKU,City of Ekurhuleni,2020,0290,Decrease (increase) in non-current investments,-370506776.0
EKU,City of Ekurhuleni,2020,0420,Cash/cash equivalents at the year begin:,3529634253.0
EKU,City of Ekurhuleni,2020,0430,Cash/cash equivalents at the year end:,3159095507.0
ETH,eThekwini,2020,0280,Decrease (increase) in non-current receivables,-86657915.0
ETH,eThekwini,2020,0430,Cash/cash equivalents at the year end:,-86657915.0
FS161,Letsemeng,2020,0150,Transfers and Subsidies - Operational,193199.0
FS161,Letsemeng,2020,0200,Suppliers and employees,-5504967.0
FS161,Letsemeng,2020,0430,Cash/cash equivalents at the year end:,-5311768.0
FS163,Mohokare,2020,0120,Property rates,3901626.0
FS163,Mohokare,2020,0130,Service charges,7133073.0
FS163,Mohokare,2020,0140,Other revenue,1822306.0
FS163,Mohokare,2020,0150,Transfers and Subsidies - Operational,51332254.0
FS163,Mohokare,2020,0160,Transfers and Subsidies - Capital,2000000.0
FS163,Mohokare,2020,0170,Interest,282264.0
FS163,Mohokare,2020,0180,Dividends,2755.0
FS163,Mohokare,2020,0200,Suppliers and employees,41709423.0
FS163,Mohokare,2020,0290,Decrease (increase) in non-current investments,-5628.0
FS163,Mohokare,2020,0310,Capital assets,-61024750.0
FS163,Mohokare,2020,0420,Cash/cash equivalents at the year begin:,-64691159.0
FS163,Mohokare,2020,0430,Cash/cash equivalents at the year end:,-17537836.0
FS183,Tswelopele,2020,0120,Property rates,18900233.0
FS183,Tswelopele,2020,0130,Service charges,52482962.0
FS183,Tswelopele,2020,0140,Other revenue,842932.0
FS183,Tswelopele,2020,0150,Transfers and Subsidies - Operational,120500770.0
FS183,Tswelopele,2020,0160,Transfers and Subsidies - Capital,16488000.0
FS183,Tswelopele,2020,0170,Interest,115866.0
FS183,Tswelopele,2020,0200,Suppliers and employees,99040129.0
FS183,Tswelopele,2020,0260,Proceeds on disposal of PPE,43441.0
FS183,Tswelopele,2020,0290,Decrease (increase) in non-current investments,39341.0
FS183,Tswelopele,2020,0420,Cash/cash equivalents at the year begin:,-169817549.0
FS183,Tswelopele,2020,0430,Cash/cash equivalents at the year end:,138636125.0
FS184,Matjhabeng,2020,0420,Cash/cash equivalents at the year begin:,1081374.0
FS184,Matjhabeng,2020,0430,Cash/cash equivalents at the year end:,1081374.0
FS185,Nala,2020,0290,Decrease (increase) in non-current investments,5931.0
FS185,Nala,2020,0430,Cash/cash equivalents at the year end:,5931.0
FS191,Setsoto,2020,0120,Property rates,144827265.0
FS191,Setsoto,2020,0130,Service charges,102582335.0
FS191,Setsoto,2020,0140,Other revenue,4305377.0
FS191,Setsoto,2020,0150,Transfers and Subsidies - Operational,197095143.0
FS191,Setsoto,2020,0160,Transfers and Subsidies - Capital,36892100.0
FS191,Setsoto,2020,0170,Interest,57910.0
FS191,Setsoto,2020,0200,Suppliers and employees,152728619.0
FS191,Setsoto,2020,0260,Proceeds on disposal of PPE,392518.0
FS191,Setsoto,2020,0290,Decrease (increase) in non-current investments,225007.0
FS191,Setsoto,2020,0310,Capital assets,-140631517.0
FS191,Setsoto,2020,0420,Cash/cash equivalents at the year begin:,-351011057.0
FS191,Setsoto,2020,0430,Cash/cash equivalents at the year end:,147463700.0
FS192,Dihlabeng,2020,0420,Cash/cash equivalents at the year begin:,4666584.0
FS192,Dihlabeng,2020,0430,Cash/cash equivalents at the year end:,4666584.0
FS194,Maluti-a-Phofung,2020,0280,Decrease (increase) in non-current receivables,-10378.0
FS194,Maluti-a-Phofung,2020,0420,Cash/cash equivalents at the year begin:,261359547.0
FS194,Maluti-a-Phofung,2020,0430,Cash/cash equivalents at the year end:,261349169.0
FS195,Phumelela,2020,0200,Suppliers and employees,-37430231.0
FS195,Phumelela,2020,0420,Cash/cash equivalents at the year begin:,275907.0
FS195,Phumelela,2020,0430,Cash/cash equivalents at the year end:,-37154324.0
FS201,Moqhaka,2020,0290,Decrease (increase) in non-current investments,9418.0
FS201,Moqhaka,2020,0420,Cash/cash equivalents at the year begin:,15232091.0
FS201,Moqhaka,2020,0430,Cash/cash equivalents at the year end:,15241509.0
FS203,Ngwathe,2020,0420,Cash/cash equivalents at the year begin:,40740897.0
FS203,Ngwathe,2020,0430,Cash/cash equivalents at the year end:,40740897.0
FS204,Metsimaholo,2020,0280,Decrease (increase) in non-current receivables,-45118.0
FS204,Metsimaholo,2020,0420,Cash/cash equivalents at the year begin:,17516946.0
FS204,Metsimaholo,2020,0430,Cash/cash equivalents at the year end:,17471828.0
FS205,Mafube,2020,0280,Decrease (increase) in non-current receivables,276766.0
FS205,Mafube,2020,0420,Cash/cash equivalents at the year begin:,2519078.0
FS205,Mafube,2020,0430,Cash/cash equivalents at the year end:,2795844.0
GT421,Emfuleni,2020,0420,Cash/cash equivalents at the year begin:,217508395.0
GT421,Emfuleni,2020,0430,Cash/cash equivalents at the year end:,217508395.0
GT422,Midvaal,2020,0420,Cash/cash equivalents at the year begin:,292899587.0
GT422,Midvaal,2020,0430,Cash/cash equivalents at the year end:,292899587.0
GT423,Lesedi,2020,0420,Cash/cash equivalents at the year begin:,41381770.0
GT423,Lesedi,2020,0430,Cash/cash equivalents at the year end:,41381770.0
GT481,Mogale City,2020,0290,Decrease (increase) in non-current investments,7244801.0
GT481,Mogale City,2020,0420,Cash/cash equivalents at the year begin:,6571633.0
GT481,Mogale City,2020,0430,Cash/cash equivalents at the year end:,13816434.0
GT484,Merafong City,2020,0130,Service charges,1139714710.0
GT484,Merafong City,2020,0200,Suppliers and employees,-1525278588.0
GT484,Merafong City,2020,0430,Cash/cash equivalents at the year end:,-385563878.0
GT485,Rand West City,2020,0120,Property rates,8283.0
GT485,Rand West City,2020,0130,Service charges,214204878.0
GT485,Rand West City,2020,0140,Other revenue,1180078456.0
GT485,Rand West City,2020,0150,Transfers and Subsidies - Operational,372200033.0
GT485,Rand West City,2020,0200,Suppliers and employees,702902026.0
GT485,Rand West City,2020,0310,Capital assets,-139879729.0
GT485,Rand West City,2020,0420,Cash/cash equivalents at the year begin:,-428935249.0
GT485,Rand West City,2020,0430,Cash/cash equivalents at the year end:,1900578698.0
JHB,City of Johannesburg,2020,0120,Property rates,10818341358.0
JHB,City of Johannesburg,2020,0130,Service charges,29579181832.0
JHB,City of Johannesburg,2020,0140,Other revenue,14233766516.0
JHB,City of Johannesburg,2020,0150,Transfers and Subsidies - Operational,6070426958.0
JHB,City of Johannesburg,2020,0160,Transfers and Subsidies - Capital,816199140.0
JHB,City of Johannesburg,2020,0200,Suppliers and employees,-2208752.0
JHB,City of Johannesburg,2020,0310,Capital assets,-231751319.0
JHB,City of Johannesburg,2020,0360,Borrowing long term/refinancing,124586858.0
JHB,City of Johannesburg,2020,0420,Cash/cash equivalents at the year begin:,6714563788.0
JHB,City of Johannesburg,2020,0430,Cash/cash equivalents at the year end:,68123106379.0
KZN212,Umdoni,2020,0150,Transfers and Subsidies - Operational,-501901.0
KZN212,Umdoni,2020,0200,Suppliers and employees,-2187229.0
KZN212,Umdoni,2020,0390,Repayment of borrowing,-901244.0
KZN212,Umdoni,2020,0420,Cash/cash equivalents at the year begin:,204856325.0
KZN212,Umdoni,2020,0430,Cash/cash equivalents at the year end:,201265951.0
KZN213,Umzumbe,2020,0150,Transfers and Subsidies - Operational,238734163.0
KZN213,Umzumbe,2020,0200,Suppliers and employees,-301480588.0
KZN213,Umzumbe,2020,0220,Transfers and Subsidies,374778.0
KZN213,Umzumbe,2020,0430,Cash/cash equivalents at the year end:,-62371647.0
KZN214,uMuziwabantu,2020,0120,Property rates,10617907.0
KZN214,uMuziwabantu,2020,0130,Service charges,692615.0
KZN214,uMuziwabantu,2020,0140,Other revenue,39077605.0
KZN214,uMuziwabantu,2020,0150,Transfers and Subsidies - Operational,131501652.0
KZN214,uMuziwabantu,2020,0160,Transfers and Subsidies - Capital,25240000.0
KZN214,uMuziwabantu,2020,0200,Suppliers and employees,89088834.0
KZN214,uMuziwabantu,2020,0310,Capital assets,-63580818.0
KZN214,uMuziwabantu,2020,0420,Cash/cash equivalents at the year begin:,140616856.0
KZN214,uMuziwabantu,2020,0430,Cash/cash equivalents at the year end:,373254651.0
KZN216,Ray Nkonyeni,2020,0120,Property rates,371168138.0
KZN216,Ray Nkonyeni,2020,0130,Service charges,181024320.0
KZN216,Ray Nkonyeni,2020,0140,Other revenue,59363569.0
KZN216,Ray Nkonyeni,2020,0150,Transfers and Subsidies - Operational,298803069.0
KZN216,Ray Nkonyeni,2020,0160,Transfers and Subsidies - Capital,128451322.0
KZN216,Ray Nkonyeni,2020,0200,Suppliers and employees,369404990.0
KZN216,Ray Nkonyeni,2020,0310,Capital assets,-82744160.0
KZN216,Ray Nkonyeni,2020,0390,Repayment of borrowing,-13245949.0
KZN216,Ray Nkonyeni,2020,0420,Cash/cash equivalents at the year begin:,601734782.0
KZN216,Ray Nkonyeni,2020,0430,Cash/cash equivalents at the year end:,1913960081.0
KZN221,uMshwathi,2020,0150,Transfers and Subsidies - Operational,21092.0
KZN221,uMshwathi,2020,0430,Cash/cash equivalents at the year end:,21092.0
KZN222,uMngeni,2020,0200,Suppliers and employees,1132117.0
KZN222,uMngeni,2020,0280,Decrease (increase) in non-current receivables,-171849.0
KZN222,uMngeni,2020,0420,Cash/cash equivalents at the year begin:,25255179.0
KZN222,uMngeni,2020,0430,Cash/cash equivalents at the year end:,26215447.0
KZN223,Mpofana,2020,0150,Transfers and Subsidies - Operational,2093433.0
KZN223,Mpofana,2020,0200,Suppliers and employees,12533219.0
KZN223,Mpofana,2020,0420,Cash/cash equivalents at the year begin:,-4000.0
KZN223,Mpofana,2020,0430,Cash/cash equivalents at the year end:,14622652.0
KZN224,Impendle,2020,0150,Transfers and Subsidies - Operational,1081395.0
KZN224,Impendle,2020,0160,Transfers and Subsidies - Capital,894439.0
KZN224,Impendle,2020,0260,Proceeds on disposal of PPE,440395.0
KZN224,Impendle,2020,0430,Cash/cash equivalents at the year end:,2416229.0
KZN225,Msunduzi,2020,0120,Property rates,1170748928.0
KZN225,Msunduzi,2020,0140,Other revenue,-665248357.0
KZN225,Msunduzi,2020,0200,Suppliers and employees,120087954.0
KZN225,Msunduzi,2020,0280,Decrease (increase) in non-current receivables,-14264928.0
KZN225,Msunduzi,2020,0420,Cash/cash equivalents at the year begin:,25595.0
KZN225,Msunduzi,2020,0430,Cash/cash equivalents at the year end:,611349192.0
KZN226,Mkhambathini,2020,0420,Cash/cash equivalents at the year begin:,45238011.0
KZN226,Mkhambathini,2020,0430,Cash/cash equivalents at the year end:,45238011.0
KZN227,Richmond,2020,0120,Property rates,9752199.0
KZN227,Richmond,2020,0130,Service charges,508180.0
KZN227,Richmond,2020,0140,Other revenue,1956109.0
KZN227,Richmond,2020,0150,Transfers and Subsidies - Operational,186970503.0
KZN227,Richmond,2020,0160,Transfers and Subsidies - Capital,66105210.0
KZN227,Richmond,2020,0170,Interest,197774.0
KZN227,Richmond,2020,0200,Suppliers and employees,83710511.0
KZN227,Richmond,2020,0310,Capital assets,-17894785.0
KZN227,Richmond,2020,0420,Cash/cash equivalents at the year begin:,77370538.0
KZN227,Richmond,2020,0430,Cash/cash equivalents at the year end:,408676239.0
KZN235,Okhahlamba,2020,0280,Decrease (increase) in non-current receivables,-1388889.0
KZN235,Okhahlamba,2020,0420,Cash/cash equivalents at the year begin:,33546473.0
KZN235,Okhahlamba,2020,0430,Cash/cash equivalents at the year end:,32157584.0
KZN237,Inkosi Langalibalele,2020,0200,Suppliers and employees,-52087970.0
KZN237,Inkosi Langalibalele,2020,0420,Cash/cash equivalents at the year begin:,23269876.0
KZN237,Inkosi Langalibalele,2020,0430,Cash/cash equivalents at the year end:,-28818094.0
KZN238,Alfred Duma,2020,0120,Property rates,148678544.0
KZN238,Alfred Duma,2020,0130,Service charges,588580439.0
KZN238,Alfred Duma,2020,0140,Other revenue,20479384.0
KZN238,Alfred Duma,2020,0150,Transfers and Subsidies - Operational,237010484.0
KZN238,Alfred Duma,2020,0160,Transfers and Subsidies - Capital,95926000.0
KZN238,Alfred Duma,2020,0170,Interest,8488734.0
KZN238,Alfred Duma,2020,0200,Suppliers and employees,402606543.0
KZN238,Alfred Duma,2020,0220,Transfers and Subsidies,-17000.0
KZN238,Alfred Duma,2020,0310,Capital assets,-63256050.0
KZN238,Alfred Duma,2020,0420,Cash/cash equivalents at the year begin:,-526862283.0
KZN238,Alfred Duma,2020,0430,Cash/cash equivalents at the year end:,911634795.0
KZN241,Endumeni,2020,0280,Decrease (increase) in non-current receivables,-580031.0
KZN241,Endumeni,2020,0290,Decrease (increase) in non-current investments,-30993532.0
KZN241,Endumeni,2020,0420,Cash/cash equivalents at the year begin:,4492418.0
KZN241,Endumeni,2020,0430,Cash/cash equivalents at the year end:,-27081145.0
KZN242,Nquthu,2020,0130,Service charges,12430.0
KZN242,Nquthu,2020,0140,Other revenue,2207185.0
KZN242,Nquthu,2020,0150,Transfers and Subsidies - Operational,15695530.0
KZN242,Nquthu,2020,0160,Transfers and Subsidies - Capital,50198000.0
KZN242,Nquthu,2020,0200,Suppliers and employees,-72038617.0
KZN242,Nquthu,2020,0310,Capital assets,-804944.0
KZN242,Nquthu,2020,0390,Repayment of borrowing,222776.0
KZN242,Nquthu,2020,0420,Cash/cash equivalents at the year begin:,266870453.0
KZN242,Nquthu,2020,0430,Cash/cash equivalents at the year end:,262362813.0
KZN244,Msinga,2020,0120,Property rates,8205469.0
KZN244,Msinga,2020,0130,Service charges,99290.0
KZN244,Msinga,2020,0140,Other revenue,58555129.0
KZN244,Msinga,2020,0150,Transfers and Subsidies - Operational,206609976.0
KZN244,Msinga,2020,0160,Transfers and Subsidies - Capital,70997000.0
KZN244,Msinga,2020,0170,Interest,776218.0
KZN244,Msinga,2020,0200,Suppliers and employees,40717613.0
KZN244,Msinga,2020,0310,Capital assets,-53168835.0
KZN244,Msinga,2020,0420,Cash/cash equivalents at the year begin:,-152813642.0
KZN244,Msinga,2020,0430,Cash/cash equivalents at the year end:,179978218.0
KZN245,Umvoti,2020,0140,Other revenue,12358466.0
KZN245,Umvoti,2020,0150,Transfers and Subsidies - Operational,20806132.0
KZN245,Umvoti,2020,0430,Cash/cash equivalents at the year end:,33164598.0
KZN252,Newcastle,2020,0120,Property rates,25384439.0
KZN252,Newcastle,2020,0200,Suppliers and employees,-709573.0
KZN252,Newcastle,2020,0420,Cash/cash equivalents at the year begin:,705575.0
KZN252,Newcastle,2020,0430,Cash/cash equivalents at the year end:,25380441.0
KZN253,Emadlangeni,2020,0140,Other revenue,188126.0
KZN253,Emadlangeni,2020,0150,Transfers and Subsidies - Operational,3569647.0
KZN253,Emadlangeni,2020,0200,Suppliers and employees,1697949.0
KZN253,Emadlangeni,2020,0430,Cash/cash equivalents at the year end:,5455722.0
KZN254,Dannhauser,2020,0120,Property rates,16909224.0
KZN254,Dannhauser,2020,0130,Service charges,443534.0
KZN254,Dannhauser,2020,0140,Other revenue,2629568.0
KZN254,Dannhauser,2020,0150,Transfers and Subsidies - Operational,123941999.0
KZN254,Dannhauser,2020,0160,Transfers and Subsidies - Capital,21816000.0
KZN254,Dannhauser,2020,0170,Interest,1370752.0
KZN254,Dannhauser,2020,0200,Suppliers and employees,13980908.0
KZN254,Dannhauser,2020,0310,Capital assets,-49204366.0
KZN254,Dannhauser,2020,0360,Borrowing long term/refinancing,28619890.0
KZN254,Dannhauser,2020,0390,Repayment of borrowing,-4223349.0
KZN254,Dannhauser,2020,0420,Cash/cash equivalents at the year begin:,-51370212.0
KZN254,Dannhauser,2020,0430,Cash/cash equivalents at the year end:,104913948.0
KZN261,eDumbe,2020,0420,Cash/cash equivalents at the year begin:,232.0
KZN261,eDumbe,2020,0430,Cash/cash equivalents at the year end:,232.0
KZN262,uPhongolo,2020,0390,Repayment of borrowing,2418783.0
KZN262,uPhongolo,2020,0420,Cash/cash equivalents at the year begin:,29277898.0
KZN262,uPhongolo,2020,0430,Cash/cash equivalents at the year end:,31696681.0
KZN263,Abaqulusi,2020,0120,Property rates,7869595.0
KZN263,Abaqulusi,2020,0130,Service charges,329205359.0
KZN263,Abaqulusi,2020,0140,Other revenue,82021343.0
KZN263,Abaqulusi,2020,0150,Transfers and Subsidies - Operational,151297953.0
KZN263,Abaqulusi,2020,0160,Transfers and Subsidies - Capital,56135000.0
KZN263,Abaqulusi,2020,0200,Suppliers and employees,387750318.0
KZN263,Abaqulusi,2020,0310,Capital assets,-36472172.0
KZN263,Abaqulusi,2020,0420,Cash/cash equivalents at the year begin:,516410666.0
KZN263,Abaqulusi,2020,0430,Cash/cash equivalents at the year end:,1494218062.0
KZN265,Nongoma,2020,0390,Repayment of borrowing,39693.0
KZN265,Nongoma,2020,0420,Cash/cash equivalents at the year begin:,-1655.0
KZN265,Nongoma,2020,0430,Cash/cash equivalents at the year end:,38038.0
KZN266,Ulundi,2020,0150,Transfers and Subsidies - Operational,23211.0
KZN266,Ulundi,2020,0430,Cash/cash equivalents at the year end:,23211.0
KZN271,Umhlabuyalingana,2020,0140,Other revenue,64282734.0
KZN271,Umhlabuyalingana,2020,0200,Suppliers and employees,6650929.0
KZN271,Umhlabuyalingana,2020,0430,Cash/cash equivalents at the year end:,70933663.0
KZN272,Jozini,2020,0120,Property rates,5070735.0
KZN272,Jozini,2020,0150,Transfers and Subsidies - Operational,12670613.0
KZN272,Jozini,2020,0430,Cash/cash equivalents at the year end:,17741348.0
KZN275,Mtubatuba,2020,0120,Property rates,191600.0
KZN275,Mtubatuba,2020,0200,Suppliers and employees,22616368.0
KZN275,Mtubatuba,2020,0420,Cash/cash equivalents at the year begin:,-863.0
KZN275,Mtubatuba,2020,0430,Cash/cash equivalents at the year end:,22807105.0
KZN276,Hlabisa Big Five,2020,0150,Transfers and Subsidies - Operational,6866322.0
KZN276,Hlabisa Big Five,2020,0160,Transfers and Subsidies - Capital,104979.0
KZN276,Hlabisa Big Five,2020,0220,Transfers and Subsidies,1195849.0
KZN276,Hlabisa Big Five,2020,0280,Decrease (increase) in non-current receivables,8870172.0
KZN276,Hlabisa Big Five,2020,0390,Repayment of borrowing,79678.0
KZN276,Hlabisa Big Five,2020,0430,Cash/cash equivalents at the year end:,17117000.0
KZN282,uMhlathuze,2020,0150,Transfers and Subsidies - Operational,-151400.0
KZN282,uMhlathuze,2020,0200,Suppliers and employees,-4079866461.0
KZN282,uMhlathuze,2020,0290,Decrease (increase) in non-current investments,-16096313.0
KZN282,uMhlathuze,2020,0420,Cash/cash equivalents at the year begin:,461154734.0
KZN282,uMhlathuze,2020,0430,Cash/cash equivalents at the year end:,-3634959440.0
KZN284,uMlalazi,2020,0420,Cash/cash equivalents at the year begin:,113123721.0
KZN284,uMlalazi,2020,0430,Cash/cash equivalents at the year end:,113123721.0
KZN286,Nkandla,2020,0420,Cash/cash equivalents at the year begin:,1732.0
KZN286,Nkandla,2020,0430,Cash/cash equivalents at the year end:,1732.0
KZN291,Mandeni,2020,0140,Other revenue,309506.0
KZN291,Mandeni,2020,0150,Transfers and Subsidies - Operational,71127015.0
KZN291,Mandeni,2020,0160,Transfers and Subsidies - Capital,607.0
KZN291,Mandeni,2020,0200,Suppliers and employees,2681146.0
KZN291,Mandeni,2020,0430,Cash/cash equivalents at the year end:,74118274.0
KZN292,KwaDukuza,2020,0120,Property rates,473344221.0
KZN292,KwaDukuza,2020,0130,Service charges,1040043057.0
KZN292,KwaDukuza,2020,0140,Other revenue,40606336.0
KZN292,KwaDukuza,2020,0150,Transfers and Subsidies - Operational,125147245.0
KZN292,KwaDukuza,2020,0160,Transfers and Subsidies - Capital,61704053.0
KZN292,KwaDukuza,2020,0200,Suppliers and employees,51242917.0
KZN292,KwaDukuza,2020,0310,Capital assets,-151393753.0
KZN292,KwaDukuza,2020,0420,Cash/cash equivalents at the year begin:,-168263387.0
KZN292,KwaDukuza,2020,0430,Cash/cash equivalents at the year end:,1472430689.0
KZN293,Ndwedwe,2020,0200,Suppliers and employees,5870751.0
KZN293,Ndwedwe,2020,0430,Cash/cash equivalents at the year end:,5870751.0
KZN294,Maphumulo,2020,0150,Transfers and Subsidies - Operational,16622913.0
KZN294,Maphumulo,2020,0430,Cash/cash equivalents at the year end:,16622913.0
KZN433,Greater Kokstad,2020,0120,Property rates,176656586.0
KZN433,Greater Kokstad,2020,0130,Service charges,82005302.0
KZN433,Greater Kokstad,2020,0140,Other revenue,9221940.0
KZN433,Greater Kokstad,2020,0150,Transfers and Subsidies - Operational,70659233.0
KZN433,Greater Kokstad,2020,0160,Transfers and Subsidies - Capital,56729208.0
KZN433,Greater Kokstad,2020,0200,Suppliers and employees,195476595.0
KZN433,Greater Kokstad,2020,0310,Capital assets,-99297559.0
KZN433,Greater Kokstad,2020,0420,Cash/cash equivalents at the year begin:,182374666.0
KZN433,Greater Kokstad,2020,0430,Cash/cash equivalents at the year end:,673825971.0
KZN434,Johannes Phumani Phungula,2020,0140,Other revenue,40386572.0
KZN434,Johannes Phumani Phungula,2020,0150,Transfers and Subsidies - Operational,6500000.0
KZN434,Johannes Phumani Phungula,2020,0200,Suppliers and employees,-1949339.0
KZN434,Johannes Phumani Phungula,2020,0220,Transfers and Subsidies,-1365000.0
KZN434,Johannes Phumani Phungula,2020,0420,Cash/cash equivalents at the year begin:,230405858.0
KZN434,Johannes Phumani Phungula,2020,0430,Cash/cash equivalents at the year end:,273978091.0
KZN435,Umzimkhulu,2020,0120,Property rates,162214.0
KZN435,Umzimkhulu,2020,0140,Other revenue,555593.0
KZN435,Umzimkhulu,2020,0150,Transfers and Subsidies - Operational,49970418.0
KZN435,Umzimkhulu,2020,0160,Transfers and Subsidies - Capital,28616000.0
KZN435,Umzimkhulu,2020,0200,Suppliers and employees,59408122.0
KZN435,Umzimkhulu,2020,0310,Capital assets,-57832680.0
KZN435,Umzimkhulu,2020,0420,Cash/cash equivalents at the year begin:,461704949.0
KZN435,Umzimkhulu,2020,0430,Cash/cash equivalents at the year end:,542584616.0
KZN436,Dr Nkosazana Dlamini Zuma,2020,0200,Suppliers and employees,183823.0
KZN436,Dr Nkosazana Dlamini Zuma,2020,0310,Capital assets,-133845.0
KZN436,Dr Nkosazana Dlamini Zuma,2020,0430,Cash/cash equivalents at the year end:,49978.0
LIM332,Greater Letaba,2020,0170,Interest,1517149.0
LIM332,Greater Letaba,2020,0420,Cash/cash equivalents at the year begin:,1064299.0
LIM332,Greater Letaba,2020,0430,Cash/cash equivalents at the year end:,2581448.0
LIM333,Greater Tzaneen,2020,0120,Property rates,125629532.0
LIM333,Greater Tzaneen,2020,0130,Service charges,533445052.0
LIM333,Greater Tzaneen,2020,0140,Other revenue,12010084.0
LIM333,Greater Tzaneen,2020,0150,Transfers and Subsidies - Operational,367386877.0
LIM333,Greater Tzaneen,2020,0160,Transfers and Subsidies - Capital,87869317.0
LIM333,Greater Tzaneen,2020,0170,Interest,8677865.0
LIM333,Greater Tzaneen,2020,0200,Suppliers and employees,-902352816.0
LIM333,Greater Tzaneen,2020,0210,Finance charges,-13571398.0
LIM333,Greater Tzaneen,2020,0220,Transfers and Subsidies,-15156141.0
LIM333,Greater Tzaneen,2020,0290,Decrease (increase) in non-current investments,-10411685.0
LIM333,Greater Tzaneen,2020,0360,Borrowing long term/refinancing,20000000.0
LIM333,Greater Tzaneen,2020,0420,Cash/cash equivalents at the year begin:,42033011.0
LIM333,Greater Tzaneen,2020,0430,Cash/cash equivalents at the year end:,255559698.0
LIM341,Musina,2020,0130,Service charges,72976369.0
LIM341,Musina,2020,0140,Other revenue,122626690.0
LIM341,Musina,2020,0150,Transfers and Subsidies - Operational,48489429.0
LIM341,Musina,2020,0200,Suppliers and employees,79217689.0
LIM341,Musina,2020,0260,Proceeds on disposal of PPE,1220844.0
LIM341,Musina,2020,0310,Capital assets,-25550166.0
LIM341,Musina,2020,0420,Cash/cash equivalents at the year begin:,-41351864.0
LIM341,Musina,2020,0430,Cash/cash equivalents at the year end:,257628991.0
LIM343,Thulamela,2020,0120,Property rates,61158.0
LIM343,Thulamela,2020,0140,Other revenue,31201773.0
LIM343,Thulamela,2020,0170,Interest,17375035.0
LIM343,Thulamela,2020,0200,Suppliers and employees,91616252.0
LIM343,Thulamela,2020,0310,Capital assets,-158995273.0
LIM343,Thulamela,2020,0420,Cash/cash equivalents at the year begin:,1220824.0
LIM343,Thulamela,2020,0430,Cash/cash equivalents at the year end:,-17520231.0
LIM344,Makhado,2020,0120,Property rates,237342581.0
LIM344,Makhado,2020,0130,Service charges,326945871.0
LIM344,Makhado,2020,0140,Other revenue,50277276.0
LIM344,Makhado,2020,0150,Transfers and Subsidies - Operational,361092073.0
LIM344,Makhado,2020,0160,Transfers and Subsidies - Capital,71751755.0
LIM344,Makhado,2020,0200,Suppliers and employees,146191714.0
LIM344,Makhado,2020,0210,Finance charges,-323870.0
LIM344,Makhado,2020,0310,Capital assets,-53217878.0
LIM344,Makhado,2020,0420,Cash/cash equivalents at the year begin:,-242742060.0
LIM344,Makhado,2020,0430,Cash/cash equivalents at the year end:,897317462.0
LIM345,Collins Chabane,2020,0120,Property rates,7339142.0
LIM345,Collins Chabane,2020,0130,Service charges,956468.0
LIM345,Collins Chabane,2020,0140,Other revenue,6374.0
LIM345,Collins Chabane,2020,0150,Transfers and Subsidies - Operational,33269714.0
LIM345,Collins Chabane,2020,0160,Transfers and Subsidies - Capital,10000000.0
LIM345,Collins Chabane,2020,0200,Suppliers and employees,141804488.0
LIM345,Collins Chabane,2020,0310,Capital assets,-181239764.0
LIM345,Collins Chabane,2020,0420,Cash/cash equivalents at the year begin:,730790800.0
LIM345,Collins Chabane,2020,0430,Cash/cash equivalents at the year end:,742927222.0
LIM351,Blouberg,2020,0420,Cash/cash equivalents at the year begin:,10654220.0
LIM351,Blouberg,2020,0430,Cash/cash equivalents at the year end:,10654220.0
LIM353,Molemole,2020,0420,Cash/cash equivalents at the year begin:,19363526.0
LIM353,Molemole,2020,0430,Cash/cash equivalents at the year end:,19363526.0
LIM354,Polokwane,2020,0120,Property rates,368629684.0
LIM354,Polokwane,2020,0130,Service charges,1540750439.0
LIM354,Polokwane,2020,0140,Other revenue,146214493.0
LIM354,Polokwane,2020,0150,Transfers and Subsidies - Operational,871603087.0
LIM354,Polokwane,2020,0160,Transfers and Subsidies - Capital,1481184000.0
LIM354,Polokwane,2020,0170,Interest,16022847.0
LIM354,Polokwane,2020,0200,Suppliers and employees,2052495930.0
LIM354,Polokwane,2020,0260,Proceeds on disposal of PPE,17672.0
LIM354,Polokwane,2020,0310,Capital assets,-1119104053.0
LIM354,Polokwane,2020,0420,Cash/cash equivalents at the year begin:,122016010.0
LIM354,Polokwane,2020,0430,Cash/cash equivalents at the year end:,5479830109.0
LIM361,Thabazimbi,2020,0120,Property rates,53475016.0
LIM361,Thabazimbi,2020,0130,Service charges,133935109.0
LIM361,Thabazimbi,2020,0140,Other revenue,16687426.0
LIM361,Thabazimbi,2020,0150,Transfers and Subsidies - Operational,8878193.0
LIM361,Thabazimbi,2020,0200,Suppliers and employees,193264820.0
LIM361,Thabazimbi,2020,0310,Capital assets,-37328689.0
LIM361,Thabazimbi,2020,0420,Cash/cash equivalents at the year begin:,8933535.0
LIM361,Thabazimbi,2020,0430,Cash/cash equivalents at the year end:,377845410.0
LIM362,Lephalale,2020,0120,Property rates,29227660.0
LIM362,Lephalale,2020,0130,Service charges,84633740.0
LIM362,Lephalale,2020,0140,Other revenue,2737268.0
LIM362,Lephalale,2020,0150,Transfers and Subsidies - Operational,-96378595.0
LIM362,Lephalale,2020,0160,Transfers and Subsidies - Capital,51108534.0
LIM362,Lephalale,2020,0310,Capital assets,-78459984.0
LIM362,Lephalale,2020,0420,Cash/cash equivalents at the year begin:,84516211.0
LIM362,Lephalale,2020,0430,Cash/cash equivalents at the year end:,77384834.0
LIM367,Mogalakwena,2020,0280,Decrease (increase) in non-current receivables,-10571839.0
LIM367,Mogalakwena,2020,0420,Cash/cash equivalents at the year begin:,27491413.0
LIM367,Mogalakwena,2020,0430,Cash/cash equivalents at the year end:,16919574.0
LIM368,Modimolle-Mookgopong,2020,0120,Property rates,44175675.0
LIM368,Modimolle-Mookgopong,2020,0130,Service charges,79443994.0
LIM368,Modimolle-Mookgopong,2020,0140,Other revenue,145004101.0
LIM368,Modimolle-Mookgopong,2020,0150,Transfers and Subsidies - Operational,35091881.0
LIM368,Modimolle-Mookgopong,2020,0160,Transfers and Subsidies - Capital,7000000.0
LIM368,Modimolle-Mookgopong,2020,0200,Suppliers and employees,333360887.0
LIM368,Modimolle-Mookgopong,2020,0310,Capital assets,-34162966.0
LIM368,Modimolle-Mookgopong,2020,0420,Cash/cash equivalents at the year begin:,-397822543.0
LIM368,Modimolle-Mookgopong,2020,0430,Cash/cash equivalents at the year end:,212091029.0
LIM471,Ephraim Mogale,2020,0120,Property rates,27909583.0
LIM471,Ephraim Mogale,2020,0130,Service charges,73145384.0
LIM471,Ephraim Mogale,2020,0140,Other revenue,11443805.0
LIM471,Ephraim Mogale,2020,0150,Transfers and Subsidies - Operational,148994300.0
LIM471,Ephraim Mogale,2020,0160,Transfers and Subsidies - Capital,33443000.0
LIM471,Ephraim Mogale,2020,0200,Suppliers and employees,96226762.0
LIM471,Ephraim Mogale,2020,0310,Capital assets,-33506062.0
LIM471,Ephraim Mogale,2020,0420,Cash/cash equivalents at the year begin:,-98063472.0
LIM471,Ephraim Mogale,2020,0430,Cash/cash equivalents at the year end:,259593300.0
LIM472,Elias Motsoaledi,2020,0130,Service charges,1020042.0
LIM472,Elias Motsoaledi,2020,0140,Other revenue,6862029.0
LIM472,Elias Motsoaledi,2020,0150,Transfers and Subsidies - Operational,32527492.0
LIM472,Elias Motsoaledi,2020,0200,Suppliers and employees,-146131714.0
LIM472,Elias Motsoaledi,2020,0290,Decrease (increase) in non-current investments,-690769.0
LIM472,Elias Motsoaledi,2020,0310,Capital assets,-71773300.0
LIM472,Elias Motsoaledi,2020,0420,Cash/cash equivalents at the year begin:,448393133.0
LIM472,Elias Motsoaledi,2020,0430,Cash/cash equivalents at the year end:,270206913.0
LIM476,Tubatse Fetakgomo,2020,0420,Cash/cash equivalents at the year begin:,94178554.0
LIM476,Tubatse Fetakgomo,2020,0430,Cash/cash equivalents at the year end:,94178554.0
MAN,Mangaung,2020,0280,Decrease (increase) in non-current receivables,2.0
MAN,Mangaung,2020,0420,Cash/cash equivalents at the year begin:,127986223.0
MAN,Mangaung,2020,0430,Cash/cash equivalents at the year end:,127986225.0
MP301,Albert Luthuli,2020,0120,Property rates,71284632.0
MP301,Albert Luthuli,2020,0130,Service charges,42972264.0
MP301,Albert Luthuli,2020,0140,Other revenue,10882218.0
MP301,Albert Luthuli,2020,0150,Transfers and Subsidies - Operational,398244160.0
MP301,Albert Luthuli,2020,0160,Transfers and Subsidies - Capital,344061500.0
MP301,Albert Luthuli,2020,0310,Capital assets,-299535888.0
MP301,Albert Luthuli,2020,0420,Cash/cash equivalents at the year begin:,101696534.0
MP301,Albert Luthuli,2020,0430,Cash/cash equivalents at the year end:,669605420.0
MP302,Msukaligwa,2020,0420,Cash/cash equivalents at the year begin:,24780245.0
MP302,Msukaligwa,2020,0430,Cash/cash equivalents at the year end:,24780245.0
MP303,Mkhondo,2020,0120,Property rates,49266926.0
MP303,Mkhondo,2020,0130,Service charges,94166926.0
MP303,Mkhondo,2020,0140,Other revenue,4071336.0
MP303,Mkhondo,2020,0150,Transfers and Subsidies - Operational,87471538.0
MP303,Mkhondo,2020,0160,Transfers and Subsidies - Capital,108336000.0
MP303,Mkhondo,2020,0170,Interest,6733.0
MP303,Mkhondo,2020,0200,Suppliers and employees,434878862.0
MP303,Mkhondo,2020,0260,Proceeds on disposal of PPE,3180973.0
MP303,Mkhondo,2020,0290,Decrease (increase) in non-current investments,-1114.0
MP303,Mkhondo,2020,0310,Capital assets,-136738480.0
MP303,Mkhondo,2020,0420,Cash/cash equivalents at the year begin:,-58245935.0
MP303,Mkhondo,2020,0430,Cash/cash equivalents at the year end:,586393765.0
MP304,Pixley Ka Seme (MP),2020,0120,Property rates,-686097887.0
MP304,Pixley Ka Seme (MP),2020,0130,Service charges,85199750.0
MP304,Pixley Ka Seme (MP),2020,0140,Other revenue,29156649.0
MP304,Pixley Ka Seme (MP),2020,0150,Transfers and Subsidies - Operational,11165338.0
MP304,Pixley Ka Seme (MP),2020,0160,Transfers and Subsidies - Capital,4174.0
MP304,Pixley Ka Seme (MP),2020,0200,Suppliers and employees,149574484.0
MP304,Pixley Ka Seme (MP),2020,0310,Capital assets,603064401.0
MP304,Pixley Ka Seme (MP),2020,0420,Cash/cash equivalents at the year begin:,187175155.0
MP304,Pixley Ka Seme (MP),2020,0430,Cash/cash equivalents at the year end:,379242064.0
MP305,Lekwa,2020,0120,Property rates,372527005.0
MP305,Lekwa,2020,0130,Service charges,407460391.0
MP305,Lekwa,2020,0140,Other revenue,2081082.0
MP305,Lekwa,2020,0150,Transfers and Subsidies - Operational,129547158.0
MP305,Lekwa,2020,0160,Transfers and Subsidies - Capital,84042771.0
MP305,Lekwa,2020,0200,Suppliers and employees,742626807.0
MP305,Lekwa,2020,0290,Decrease (increase) in non-current investments,-1270172.0
MP305,Lekwa,2020,0310,Capital assets,-25420551.0
MP305,Lekwa,2020,0420,Cash/cash equivalents at the year begin:,-592492314.0
MP305,Lekwa,2020,0430,Cash/cash equivalents at the year end:,1119102177.0
MP306,Dipaleseng,2020,0120,Property rates,10387135.0
MP306,Dipaleseng,2020,0130,Service charges,69119659.0
MP306,Dipaleseng,2020,0140,Other revenue,14708462.0
MP306,Dipaleseng,2020,0150,Transfers and Subsidies - Operational,107694515.0
MP306,Dipaleseng,2020,0160,Transfers and Subsidies - Capital,203816000.0
MP306,Dipaleseng,2020,0200,Suppliers and employees,88518621.0
MP306,Dipaleseng,2020,0310,Capital assets,-39193001.0
MP306,Dipaleseng,2020,0420,Cash/cash equivalents at the year begin:,-171189258.0
MP306,Dipaleseng,2020,0430,Cash/cash equivalents at the year end:,283862133.0
MP307,Govan Mbeki,2020,0120,Property rates,199336890.0
MP307,Govan Mbeki,2020,0130,Service charges,133907229.0
MP307,Govan Mbeki,2020,0140,Other revenue,1051640614.0
MP307,Govan Mbeki,2020,0150,Transfers and Subsidies - Operational,283271000.0
MP307,Govan Mbeki,2020,0160,Transfers and Subsidies - Capital,18235837.0
MP307,Govan Mbeki,2020,0200,Suppliers and employees,1642152001.0
MP307,Govan Mbeki,2020,0280,Decrease (increase) in non-current receivables,16948213.0
MP307,Govan Mbeki,2020,0290,Decrease (increase) in non-current investments,-393949.0
MP307,Govan Mbeki,2020,0310,Capital assets,-67296799.0
MP307,Govan Mbeki,2020,0420,Cash/cash equivalents at the year begin:,425966640.0
MP307,Govan Mbeki,2020,0430,Cash/cash equivalents at the year end:,3703767676.0
MP311,Victor Khanye,2020,0120,Property rates,52451694.0
MP311,Victor Khanye,2020,0130,Service charges,216130090.0
MP311,Victor Khanye,2020,0140,Other revenue,37662404.0
MP311,Victor Khanye,2020,0150,Transfers and Subsidies - Operational,4098000.0
MP311,Victor Khanye,2020,0170,Interest,313374.0
MP311,Victor Khanye,2020,0200,Suppliers and employees,401633566.0
MP311,Victor Khanye,2020,0310,Capital assets,-26972388.0
MP311,Victor Khanye,2020,0420,Cash/cash equivalents at the year begin:,-22737547.0
MP311,Victor Khanye,2020,0430,Cash/cash equivalents at the year end:,662579193.0
MP312,Emalahleni (MP),2020,0200,Suppliers and employees,-260325383.0
MP312,Emalahleni (MP),2020,0290,Decrease (increase) in non-current investments,-179787.0
MP312,Emalahleni (MP),2020,0420,Cash/cash equivalents at the year begin:,-1947848295.0
MP312,Emalahleni (MP),2020,0430,Cash/cash equivalents at the year end:,-2208353465.0
MP313,Steve Tshwete,2020,0120,Property rates,321471947.0
MP313,Steve Tshwete,2020,0130,Service charges,585566924.0
MP313,Steve Tshwete,2020,0140,Other revenue,67972840.0
MP313,Steve Tshwete,2020,0150,Transfers and Subsidies - Operational,201845637.0
MP313,Steve Tshwete,2020,0160,Transfers and Subsidies - Capital,8000000.0
MP313,Steve Tshwete,2020,0170,Interest,20668390.0
MP313,Steve Tshwete,2020,0200,Suppliers and employees,63589125.0
MP313,Steve Tshwete,2020,0280,Decrease (increase) in non-current receivables,-2652082.0
MP313,Steve Tshwete,2020,0310,Capital assets,-312127834.0
MP313,Steve Tshwete,2020,0390,Repayment of borrowing,-6561396.0
MP313,Steve Tshwete,2020,0420,Cash/cash equivalents at the year begin:,255475513.0
MP313,Steve Tshwete,2020,0430,Cash/cash equivalents at the year end:,1203249064.0
MP314,Emakhazeni,2020,0130,Service charges,98453628.0
MP314,Emakhazeni,2020,0140,Other revenue,10901166.0
MP314,Emakhazeni,2020,0150,Transfers and Subsidies - Operational,96741499.0
MP314,Emakhazeni,2020,0160,Transfers and Subsidies - Capital,60000000.0
MP314,Emakhazeni,2020,0200,Suppliers and employees,208274001.0
MP314,Emakhazeni,2020,0310,Capital assets,-50836737.0
MP314,Emakhazeni,2020,0420,Cash/cash equivalents at the year begin:,-48018077.0
MP314,Emakhazeni,2020,0430,Cash/cash equivalents at the year end:,375515480.0
MP315,Thembisile Hani,2020,0120,Property rates,22525886.0
MP315,Thembisile Hani,2020,0130,Service charges,2326210.0
MP315,Thembisile Hani,2020,0140,Other revenue,21589523.0
MP315,Thembisile Hani,2020,0150,Transfers and Subsidies - Operational,393126899.0
MP315,Thembisile Hani,2020,0160,Transfers and Subsidies - Capital,2606344.0
MP315,Thembisile Hani,2020,0200,Suppliers and employees,27739953.0
MP315,Thembisile Hani,2020,0310,Capital assets,-157544845.0
MP315,Thembisile Hani,2020,0420,Cash/cash equivalents at the year begin:,100142969.0
MP315,Thembisile Hani,2020,0430,Cash/cash equivalents at the year end:,412512939.0
MP316,Dr J.S. Moroka,2020,0120,Property rates,110273291.0
MP316,Dr J.S. Moroka,2020,0130,Service charges,14879246.0
MP316,Dr J.S. Moroka,2020,0140,Other revenue,91308652.0
MP316,Dr J.S. Moroka,2020,0150,Transfers and Subsidies - Operational,375277731.0
MP316,Dr J.S. Moroka,2020,0160,Transfers and Subsidies - Capital,128080000.0
MP316,Dr J.S. Moroka,2020,0200,Suppliers and employees,26052689.0
MP316,Dr J.S. Moroka,2020,0310,Capital assets,-92684722.0
MP316,Dr J.S. Moroka,2020,0420,Cash/cash equivalents at the year begin:,-9703118.0
MP316,Dr J.S. Moroka,2020,0430,Cash/cash equivalents at the year end:,643483769.0
MP321,Thaba Chweu,2020,0120,Property rates,609721.0
MP321,Thaba Chweu,2020,0130,Service charges,33620192.0
MP321,Thaba Chweu,2020,0140,Other revenue,635404.0
MP321,Thaba Chweu,2020,0150,Transfers and Subsidies - Operational,123340.0
MP321,Thaba Chweu,2020,0200,Suppliers and employees,243301288.0
MP321,Thaba Chweu,2020,0310,Capital assets,-54858892.0
MP321,Thaba Chweu,2020,0420,Cash/cash equivalents at the year begin:,39045919.0
MP321,Thaba Chweu,2020,0430,Cash/cash equivalents at the year end:,262476972.0
MP324,Nkomazi,2020,0280,Decrease (increase) in non-current receivables,11956.0
MP324,Nkomazi,2020,0420,Cash/cash equivalents at the year begin:,205822073.0
MP324,Nkomazi,2020,0430,Cash/cash equivalents at the year end:,205834029.0
MP325,Bushbuckridge,2020,0200,Suppliers and employees,-400.0
MP325,Bushbuckridge,2020,0420,Cash/cash equivalents at the year begin:,386084.0
MP325,Bushbuckridge,2020,0430,Cash/cash equivalents at the year end:,385684.0
MP326,City of Mbombela,2020,0280,Decrease (increase) in non-current receivables,15128.0
MP326,City of Mbombela,2020,0420,Cash/cash equivalents at the year begin:,126578576.0
MP326,City of Mbombela,2020,0430,Cash/cash equivalents at the year end:,126593704.0
NC061,Richtersveld,2020,0120,Property rates,-31734.0
NC061,Richtersveld,2020,0140,Other revenue,6555.0
NC061,Richtersveld,2020,0150,Transfers and Subsidies - Operational,-1375002.0
NC061,Richtersveld,2020,0420,Cash/cash equivalents at the year begin:,481173.0
NC061,Richtersveld,2020,0430,Cash/cash equivalents at the year end:,-919008.0
NC062,Nama Khoi,2020,0120,Property rates,167062.0
NC062,Nama Khoi,2020,0130,Service charges,350759244.0
NC062,Nama Khoi,2020,0140,Other revenue,12818.0
NC062,Nama Khoi,2020,0200,Suppliers and employees,-1264227.0
NC062,Nama Khoi,2020,0310,Capital assets,-7892.0
NC062,Nama Khoi,2020,0420,Cash/cash equivalents at the year begin:,25390336.0
NC062,Nama Khoi,2020,0430,Cash/cash equivalents at the year end:,375057341.0
NC064,Kamiesberg,2020,0420,Cash/cash equivalents at the year begin:,2453473.0
NC064,Kamiesberg,2020,0430,Cash/cash equivalents at the year end:,2453473.0
NC065,Hantam,2020,0420,Cash/cash equivalents at the year begin:,-2690227.0
NC065,Hantam,2020,0430,Cash/cash equivalents at the year end:,-2690227.0
NC066,Karoo Hoogland,2020,0120,Property rates,5150554.0
NC066,Karoo Hoogland,2020,0130,Service charges,37226700.0
NC066,Karoo Hoogland,2020,0140,Other revenue,3206841.0
NC066,Karoo Hoogland,2020,0150,Transfers and Subsidies - Operational,26369000.0
NC066,Karoo Hoogland,2020,0160,Transfers and Subsidies - Capital,12581089.0
NC066,Karoo Hoogland,2020,0200,Suppliers and employees,-30915218.0
NC066,Karoo Hoogland,2020,0310,Capital assets,-13509283.0
NC066,Karoo Hoogland,2020,0420,Cash/cash equivalents at the year begin:,5959230.0
NC066,Karoo Hoogland,2020,0430,Cash/cash equivalents at the year end:,46068913.0
NC067,Khai-Ma,2020,0420,Cash/cash equivalents at the year begin:,1180495.0
NC067,Khai-Ma,2020,0430,Cash/cash equivalents at the year end:,1180495.0
NC071,Ubuntu,2020,0120,Property rates,5978209.0
NC071,Ubuntu,2020,0130,Service charges,16564990.0
NC071,Ubuntu,2020,0150,Transfers and Subsidies - Operational,41070320.0
NC071,Ubuntu,2020,0160,Transfers and Subsidies - Capital,17867680.0
NC071,Ubuntu,2020,0170,Interest,7977713.0
NC071,Ubuntu,2020,0200,Suppliers and employees,-63323582.0
NC071,Ubuntu,2020,0210,Finance charges,-7957548.0
NC071,Ubuntu,2020,0390,Repayment of borrowing,-199578.0
NC071,Ubuntu,2020,0420,Cash/cash equivalents at the year begin:,6632181.0
NC071,Ubuntu,2020,0430,Cash/cash equivalents at the year end:,24610385.0
NC072,Umsobomvu,2020,0420,Cash/cash equivalents at the year begin:,-7569153.0
NC072,Umsobomvu,2020,0430,Cash/cash equivalents at the year end:,-7569153.0
NC073,Emthanjeni,2020,0420,Cash/cash equivalents at the year begin:,49137768.0
NC073,Emthanjeni,2020,0430,Cash/cash equivalents at the year end:,49137768.0
NC074,Kareeberg,2020,0120,Property rates,6647283.0
NC074,Kareeberg,2020,0130,Service charges,10556058.0
NC074,Kareeberg,2020,0140,Other revenue,3212705.0
NC074,Kareeberg,2020,0150,Transfers and Subsidies - Operational,42735453.0
NC074,Kareeberg,2020,0160,Transfers and Subsidies - Capital,8038000.0
NC074,Kareeberg,2020,0310,Capital assets,-17238000.0
NC074,Kareeberg,2020,0420,Cash/cash equivalents at the year begin:,26302220.0
NC074,Kareeberg,2020,0430,Cash/cash equivalents at the year end:,80253719.0
NC075,Renosterberg,2020,0420,Cash/cash equivalents at the year begin:,673801.0
NC075,Renosterberg,2020,0430,Cash/cash equivalents at the year end:,673801.0
NC076,Thembelihle,2020,0200,Suppliers and employees,-1235976.0
NC076,Thembelihle,2020,0280,Decrease (increase) in non-current receivables,-106780.0
NC076,Thembelihle,2020,0420,Cash/cash equivalents at the year begin:,-2308042.0
NC076,Thembelihle,2020,0430,Cash/cash equivalents at the year end:,-3650798.0
NC077,Siyathemba,2020,0200,Suppliers and employees,11662799.0
NC077,Siyathemba,2020,0430,Cash/cash equivalents at the year end:,11662799.0
NC078,Siyancuma,2020,0200,Suppliers and employees,2644941.0
NC078,Siyancuma,2020,0420,Cash/cash equivalents at the year begin:,2744337.0
NC078,Siyancuma,2020,0430,Cash/cash equivalents at the year end:,5389278.0
NC082,!Kai! Garib,2020,0420,Cash/cash equivalents at the year begin:,5557595.0
NC082,!Kai! Garib,2020,0430,Cash/cash equivalents at the year end:,5557595.0
NC084,!Kheis,2020,0140,Other revenue,-6858.0
NC084,!Kheis,2020,0200,Suppliers and employees,11633958.0
NC084,!Kheis,2020,0430,Cash/cash equivalents at the year end:,11627100.0
NC085,Tsantsabane,2020,0420,Cash/cash equivalents at the year begin:,12148009.0
NC085,Tsantsabane,2020,0430,Cash/cash equivalents at the year end:,12148009.0
NC086,Kgatelopele,2020,0120,Property rates,1466840.0
NC086,Kgatelopele,2020,0200,Suppliers and employees,-123000.0
NC086,Kgatelopele,2020,0430,Cash/cash equivalents at the year end:,1343840.0
NC091,Sol Plaatje,2020,0420,Cash/cash equivalents at the year begin:,73916044.0
NC091,Sol Plaatje,2020,0430,Cash/cash equivalents at the year end:,73916044.0
NC092,Dikgatlong,2020,0290,Decrease (increase) in non-current investments,-5886.0
NC092,Dikgatlong,2020,0420,Cash/cash equivalents at the year begin:,34849477.0
NC092,Dikgatlong,2020,0430,Cash/cash equivalents at the year end:,34843591.0
NC093,Magareng,2020,0280,Decrease (increase) in non-current receivables,9545.0
NC093,Magareng,2020,0420,Cash/cash equivalents at the year begin:,576949.0
NC093,Magareng,2020,0430,Cash/cash equivalents at the year end:,586494.0
NC094,Phokwane,2020,0420,Cash/cash equivalents at the year begin:,13779612.0
NC094,Phokwane,2020,0430,Cash/cash equivalents at the year end:,13779612.0
NC451,Joe Morolong,2020,0150,Transfers and Subsidies - Operational,991927.0
NC451,Joe Morolong,2020,0420,Cash/cash equivalents at the year begin:,1000749.0
NC451,Joe Morolong,2020,0430,Cash/cash equivalents at the year end:,1992676.0
NC452,Ga-Segonyana,2020,0120,Property rates,36028419.0
NC452,Ga-Segonyana,2020,0130,Service charges,136180910.0
NC452,Ga-Segonyana,2020,0140,Other revenue,28542143.0
NC452,Ga-Segonyana,2020,0150,Transfers and Subsidies - Operational,165535446.0
NC452,Ga-Segonyana,2020,0160,Transfers and Subsidies - Capital,220862774.0
NC452,Ga-Segonyana,2020,0200,Suppliers and employees,202024692.0
NC452,Ga-Segonyana,2020,0310,Capital assets,-118597830.0
NC452,Ga-Segonyana,2020,0420,Cash/cash equivalents at the year begin:,-75248293.0
NC452,Ga-Segonyana,2020,0430,Cash/cash equivalents at the year end:,595328261.0
NC453,Gamagara,2020,0420,Cash/cash equivalents at the year begin:,-39312559.0
NC453,Gamagara,2020,0430,Cash/cash equivalents at the year end:,-39312559.0
NMA,Nelson Mandela Bay,2020,0200,Suppliers and employees,-623233.0
NMA,Nelson Mandela Bay,2020,0280,Decrease (increase) in non-current receivables,-53143829.0
NMA,Nelson Mandela Bay,2020,0430,Cash/cash equivalents at the year end:,-53767062.0
NW371,Moretele,2020,0420,Cash/cash equivalents at the year begin:,13578349.0
NW371,Moretele,2020,0430,Cash/cash equivalents at the year end:,13578349.0
NW372,Madibeng,2020,0290,Decrease (increase) in non-current investments,5889863.0
NW372,Madibeng,2020,0420,Cash/cash equivalents at the year begin:,55811243.0
NW372,Madibeng,2020,0430,Cash/cash equivalents at the year end:,61701106.0
NW373,Rustenburg,2020,0160,Transfers and Subsidies - Capital,3134410472.0
NW373,Rustenburg,2020,0200,Suppliers and employees,10154322.0
NW373,Rustenburg,2020,0420,Cash/cash equivalents at the year begin:,30774621.0
NW373,Rustenburg,2020,0430,Cash/cash equivalents at the year end:,3175339415.0
NW375,Moses Kotane,2020,0420,Cash/cash equivalents at the year begin:,64673260.0
NW375,Moses Kotane,2020,0430,Cash/cash equivalents at the year end:,64673260.0
NW381,Ratlou,2020,0140,Other revenue,-358550.0
NW381,Ratlou,2020,0150,Transfers and Subsidies - Operational,306955605.0
NW381,Ratlou,2020,0200,Suppliers and employees,29367.0
NW381,Ratlou,2020,0220,Transfers and Subsidies,-5137.0
NW381,Ratlou,2020,0430,Cash/cash equivalents at the year end:,306621285.0
NW382,Tswaing,2020,0280,Decrease (increase) in non-current receivables,-224969.0
NW382,Tswaing,2020,0290,Decrease (increase) in non-current investments,184500.0
NW382,Tswaing,2020,0420,Cash/cash equivalents at the year begin:,914057.0
NW382,Tswaing,2020,0430,Cash/cash equivalents at the year end:,873588.0
NW383,Mafikeng,2020,0120,Property rates,1388966307.0
NW383,Mafikeng,2020,0130,Service charges,151853152.0
NW383,Mafikeng,2020,0140,Other revenue,14553115.0
NW383,Mafikeng,2020,0150,Transfers and Subsidies - Operational,273503873.0
NW383,Mafikeng,2020,0160,Transfers and Subsidies - Capital,94368143.0
NW383,Mafikeng,2020,0170,Interest,1641845.0
NW383,Mafikeng,2020,0200,Suppliers and employees,405909451.0
NW383,Mafikeng,2020,0260,Proceeds on disposal of PPE,98.0
NW383,Mafikeng,2020,0310,Capital assets,-76228200.0
NW383,Mafikeng,2020,0420,Cash/cash equivalents at the year begin:,-179080233.0
NW383,Mafikeng,2020,0430,Cash/cash equivalents at the year end:,2075487551.0
NW385,Ramotshere Moiloa,2020,0200,Suppliers and employees,24038107.0
NW385,Ramotshere Moiloa,2020,0280,Decrease (increase) in non-current receivables,1861325.0
NW385,Ramotshere Moiloa,2020,0420,Cash/cash equivalents at the year begin:,-10327753.0
NW385,Ramotshere Moiloa,2020,0430,Cash/cash equivalents at the year end:,15571679.0
NW392,Naledi (NW),2020,0200,Suppliers and employees,-130514.0
NW392,Naledi (NW),2020,0420,Cash/cash equivalents at the year begin:,54393939.0
NW392,Naledi (NW),2020,0430,Cash/cash equivalents at the year end:,54263425.0
NW393,Mamusa,2020,0120,Property rates,9032941.0
NW393,Mamusa,2020,0130,Service charges,40331541.0
NW393,Mamusa,2020,0140,Other revenue,3465383.0
NW393,Mamusa,2020,0150,Transfers and Subsidies - Operational,66887257.0
NW393,Mamusa,2020,0160,Transfers and Subsidies - Capital,28406000.0
NW393,Mamusa,2020,0200,Suppliers and employees,83413323.0
NW393,Mamusa,2020,0260,Proceeds on disposal of PPE,1428259.0
NW393,Mamusa,2020,0310,Capital assets,-17290657.0
NW393,Mamusa,2020,0420,Cash/cash equivalents at the year begin:,-145755148.0
NW393,Mamusa,2020,0430,Cash/cash equivalents at the year end:,69918899.0
NW394,Greater Taung,2020,0200,Suppliers and employees,-118956041.0
NW394,Greater Taung,2020,0420,Cash/cash equivalents at the year begin:,222506935.0
NW394,Greater Taung,2020,0430,Cash/cash equivalents at the year end:,103550894.0
NW396,Lekwa-Teemane,2020,0200,Suppliers and employees,486564.0
NW396,Lekwa-Teemane,2020,0430,Cash/cash equivalents at the year end:,486564.0
NW397,Kagisano-Molopo,2020,0200,Suppliers and employees,1985560.0
NW397,Kagisano-Molopo,2020,0420,Cash/cash equivalents at the year begin:,-34950971.0
NW397,Kagisano-Molopo,2020,0430,Cash/cash equivalents at the year end:,-32965411.0
NW403,City of Matlosana,2020,0120,Property rates,4158960261.0
NW403,City of Matlosana,2020,0200,Suppliers and employees,-2452041171.0
NW403,City of Matlosana,2020,0390,Repayment of borrowing,-2838624.0
NW403,City of Matlosana,2020,0420,Cash/cash equivalents at the year begin:,322226433.0
NW403,City of Matlosana,2020,0430,Cash/cash equivalents at the year end:,2026306899.0
NW404,Maquassi Hills,2020,0420,Cash/cash equivalents at the year begin:,16729580.0
NW404,Maquassi Hills,2020,0430,Cash/cash equivalents at the year end:,16729580.0
NW405,J B Marks,2020,0290,Decrease (increase) in non-current investments,-10576688.0
NW405,J B Marks,2020,0420,Cash/cash equivalents at the year begin:,236089532.0
NW405,J B Marks,2020,0430,Cash/cash equivalents at the year end:,225512844.0
TSH,City of Tshwane,2020,0200,Suppliers and employees,-4795310.0
TSH,City of Tshwane,2020,0290,Decrease (increase) in non-current investments,-54492642.0
TSH,City of Tshwane,2020,0420,Cash/cash equivalents at the year begin:,11478.0
TSH,City of Tshwane,2020,0430,Cash/cash equivalents at the year end:,-59276474.0
WC011,Matzikama,2020,0420,Cash/cash equivalents at the year begin:,31478186.0
WC011,Matzikama,2020,0430,Cash/cash equivalents at the year end:,31478186.0
WC012,Cederberg,2020,0200,Suppliers and employees,-8889.0
WC012,Cederberg,2020,0420,Cash/cash equivalents at the year begin:,7190415.0
WC012,Cederberg,2020,0430,Cash/cash equivalents at the year end:,7181526.0
WC013,Bergrivier,2020,0280,Decrease (increase) in non-current receivables,195363.0
WC013,Bergrivier,2020,0420,Cash/cash equivalents at the year begin:,71470915.0
WC013,Bergrivier,2020,0430,Cash/cash equivalents at the year end:,71666278.0
WC014,Saldanha Bay,2020,0120,Property rates,221760238.0
WC014,Saldanha Bay,2020,0130,Service charges,745127392.0
WC014,Saldanha Bay,2020,0140,Other revenue,23989008.0
WC014,Saldanha Bay,2020,0150,Transfers and Subsidies - Operational,131544991.0
WC014,Saldanha Bay,2020,0160,Transfers and Subsidies - Capital,31935221.0
WC014,Saldanha Bay,2020,0200,Suppliers and employees,452797751.0
WC014,Saldanha Bay,2020,0310,Capital assets,-150252094.0
WC014,Saldanha Bay,2020,0420,Cash/cash equivalents at the year begin:,-50378869.0
WC014,Saldanha Bay,2020,0430,Cash/cash equivalents at the year end:,1406523638.0
WC015,Swartland,2020,0120,Property rates,96752346.0
WC015,Swartland,2020,0130,Service charges,401241454.0
WC015,Swartland,2020,0140,Other revenue,447470633.0
WC015,Swartland,2020,0150,Transfers and Subsidies - Operational,109500091.0
WC015,Swartland,2020,0160,Transfers and Subsidies - Capital,60771198.0
WC015,Swartland,2020,0200,Suppliers and employees,-1020226.0
WC015,Swartland,2020,0260,Proceeds on disposal of PPE,5106017.0
WC015,Swartland,2020,0280,Decrease (increase) in non-current receivables,7442.0
WC015,Swartland,2020,0310,Capital assets,-2049945.0
WC015,Swartland,2020,0420,Cash/cash equivalents at the year begin:,525327488.0
WC015,Swartland,2020,0430,Cash/cash equivalents at the year end:,1643106498.0
WC022,Witzenberg,2020,0200,Suppliers and employees,-7068157.0
WC022,Witzenberg,2020,0310,Capital assets,5164176.0
WC022,Witzenberg,2020,0430,Cash/cash equivalents at the year end:,-1903981.0
WC023,Drakenstein,2020,0280,Decrease (increase) in non-current receivables,381236.0
WC023,Drakenstein,2020,0290,Decrease (increase) in non-current investments,42670.0
WC023,Drakenstein,2020,0420,Cash/cash equivalents at the year begin:,65853589.0
WC023,Drakenstein,2020,0430,Cash/cash equivalents at the year end:,66277495.0
WC024,Stellenbosch,2020,0120,Property rates,-158205037.0
WC024,Stellenbosch,2020,0130,Service charges,1030825200.0
WC024,Stellenbosch,2020,0140,Other revenue,364589.0
WC024,Stellenbosch,2020,0200,Suppliers and employees,-2098549.0
WC024,Stellenbosch,2020,0280,Decrease (increase) in non-current receivables,30842.0
WC024,Stellenbosch,2020,0310,Capital assets,73969551.0
WC024,Stellenbosch,2020,0420,Cash/cash equivalents at the year begin:,565256758.0
WC024,Stellenbosch,2020,0430,Cash/cash equivalents at the year end:,1510143354.0
WC025,Breede Valley,2020,0120,Property rates,36284099.0
WC025,Breede Valley,2020,0130,Service charges,219711823.0
WC025,Breede Valley,2020,0140,Other revenue,13616277.0
WC025,Breede Valley,2020,0260,Proceeds on disposal of PPE,4909.0
WC025,Breede Valley,2020,0280,Decrease (increase) in non-current receivables,37135.0
WC025,Breede Valley,2020,0310,Capital assets,85003411.0
WC025,Breede Valley,2020,0420,Cash/cash equivalents at the year begin:,94866839.0
WC025,Breede Valley,2020,0430,Cash/cash equivalents at the year end:,449524493.0
WC026,Langeberg,2020,0200,Suppliers and employees,-701715.0
WC026,Langeberg,2020,0290,Decrease (increase) in non-current investments,-979.0
WC026,Langeberg,2020,0420,Cash/cash equivalents at the year begin:,185976532.0
WC026,Langeberg,2020,0430,Cash/cash equivalents at the year end:,185273838.0
WC031,Theewaterskloof,2020,0290,Decrease (increase) in non-current investments,-6340619.0
WC031,Theewaterskloof,2020,0420,Cash/cash equivalents at the year begin:,-77151738.0
WC031,Theewaterskloof,2020,0430,Cash/cash equivalents at the year end:,-83492357.0
WC032,Overstrand,2020,0120,Property rates,-41165.0
WC032,Overstrand,2020,0130,Service charges,-8428.0
WC032,Overstrand,2020,0140,Other revenue,-159.0
WC032,Overstrand,2020,0200,Suppliers and employees,257981.0
WC032,Overstrand,2020,0280,Decrease (increase) in non-current receivables,8670.0
WC032,Overstrand,2020,0290,Decrease (increase) in non-current investments,4008482.0
WC032,Overstrand,2020,0430,Cash/cash equivalents at the year end:,4225381.0
WC033,Cape Agulhas,2020,0280,Decrease (increase) in non-current receivables,6766.0
WC033,Cape Agulhas,2020,0420,Cash/cash equivalents at the year begin:,-277978943.0
WC033,Cape Agulhas,2020,0430,Cash/cash equivalents at the year end:,-277972177.0
WC034,Swellendam,2020,0200,Suppliers and employees,47933808.0
WC034,Swellendam,2020,0210,Finance charges,-36415.0
WC034,Swellendam,2020,0280,Decrease (increase) in non-current receivables,2168840.0
WC034,Swellendam,2020,0290,Decrease (increase) in non-current investments,700000.0
WC034,Swellendam,2020,0420,Cash/cash equivalents at the year begin:,74245160.0
WC034,Swellendam,2020,0430,Cash/cash equivalents at the year end:,125011393.0
WC042,Hessequa,2020,0420,Cash/cash equivalents at the year begin:,257508766.0
WC042,Hessequa,2020,0430,Cash/cash equivalents at the year end:,257508766.0
WC043,Mossel Bay,2020,0120,Property rates,-6782394.0
WC043,Mossel Bay,2020,0130,Service charges,-5283164.0
WC043,Mossel Bay,2020,0140,Other revenue,-384534.0
WC043,Mossel Bay,2020,0150,Transfers and Subsidies - Operational,-426159.0
WC043,Mossel Bay,2020,0280,Decrease (increase) in non-current receivables,523879.0
WC043,Mossel Bay,2020,0290,Decrease (increase) in non-current investments,-24000000.0
WC043,Mossel Bay,2020,0420,Cash/cash equivalents at the year begin:,696733662.0
WC043,Mossel Bay,2020,0430,Cash/cash equivalents at the year end:,660381290.0
WC044,George,2020,0120,Property rates,3416157307.0
WC044,George,2020,0140,Other revenue,92.0
WC044,George,2020,0150,Transfers and Subsidies - Operational,14707.0
WC044,George,2020,0200,Suppliers and employees,-140424705.0
WC044,George,2020,0280,Decrease (increase) in non-current receivables,-2524762.0
WC044,George,2020,0310,Capital assets,91098246.0
WC044,George,2020,0390,Repayment of borrowing,-38382659.0
WC044,George,2020,0430,Cash/cash equivalents at the year end:,3325938226.0
WC045,Oudtshoorn,2020,0120,Property rates,84046233.0
WC045,Oudtshoorn,2020,0130,Service charges,391487690.0
WC045,Oudtshoorn,2020,0140,Other revenue,115665352.0
WC045,Oudtshoorn,2020,0150,Transfers and Subsidies - Operational,44579010.0
WC045,Oudtshoorn,2020,0200,Suppliers and employees,-908533.0
WC045,Oudtshoorn,2020,0220,Transfers and Subsidies,-2933080.0
WC045,Oudtshoorn,2020,0420,Cash/cash equivalents at the year begin:,358023679.0
WC045,Oudtshoorn,2020,0430,Cash/cash equivalents at the year end:,989960351.0
WC047,Bitou,2020,0170,Interest,5662145.0
WC047,Bitou,2020,0280,Decrease (increase) in non-current receivables,3939.0
WC047,Bitou,2020,0290,Decrease (increase) in non-current investments,-752250.0
WC047,Bitou,2020,0420,Cash/cash equivalents at the year begin:,90089298.0
WC047,Bitou,2020,0430,Cash/cash equivalents at the year end:,95003132.0
WC048,Knysna,2020,0120,Property rates,161504046.0
WC048,Knysna,2020,0130,Service charges,132456740.0
WC048,Knysna,2020,0140,Other revenue,25101731.0
WC048,Knysna,2020,0150,Transfers and Subsidies - Operational,72997976.0
WC048,Knysna,2020,0160,Transfers and Subsidies - Capital,28373.0
WC048,Knysna,2020,0170,Interest,2199847.0
WC048,Knysna,2020,0200,Suppliers and employees,-27108205.0
WC048,Knysna,2020,0260,Proceeds on disposal of PPE,1108830.0
WC048,Knysna,2020,0280,Decrease (increase) in non-current receivables,-1273817.0
WC048,Knysna,2020,0290,Decrease (increase) in non-current investments,23869922.0
WC048,Knysna,2020,0420,Cash/cash equivalents at the year begin:,71709828.0
WC048,Knysna,2020,0430,Cash/cash equivalents at the year end:,462595271.0
WC051,Laingsburg,2020,0310,Capital assets,-3100.0
WC051,Laingsburg,2020,0420,Cash/cash equivalents at the year begin:,750772.0
WC051,Laingsburg,2020,0430,Cash/cash equivalents at the year end:,747672.0
WC052,Prince Albert,2020,0420,Cash/cash equivalents at the year begin:,48084272.0
WC052,Prince Albert,2020,0430,Cash/cash equivalents at the year end:,48084272.0
WC053,Beaufort West,2020,0200,Suppliers and employees,-104084.0
WC053,Beaufort West,2020,0280,Decrease (increase) in non-current receivables,-2570366.0
WC053,Beaufort West,2020,0420,Cash/cash equivalents at the year begin:,13438431.0
WC053,Beaufort West,2020,0430,Cash/cash equivalents at the year end:,10763981.0
BUF,Buffalo City,2021,0120,Property rates,1300935799.0
BUF,Buffalo City,2021,0130,Service charges,2809850717.0
BUF,Buffalo City,2021,0140,Other revenue,6200308792.0
BUF,Buffalo City,2021,0150,Transfers and Subsidies - Operational,22298824.0
BUF,Buffalo City,2021,0160,Transfers and Subsidies - Capital,899284507.0
BUF,Buffalo City,2021,0200,Suppliers and employees,-6800300159.0
BUF,Buffalo City,2021,0210,Finance charges,-26192670.0
BUF,Buffalo City,2021,0220,Transfers and Subsidies,-88342117.0
BUF,Buffalo City,2021,0260,Proceeds on disposal of PPE,4832346.0
BUF,Buffalo City,2021,0310,Capital assets,-1591352337.0
BUF,Buffalo City,2021,0390,Repayment of borrowing,-54395605.0
BUF,Buffalo City,2021,0420,Cash/cash equivalents at the year begin:,1373710707.0
BUF,Buffalo City,2021,0430,Cash/cash equivalents at the year end:,4050638804.0
CPT,Cape Town,2021,0120,Property rates,9292448197.0
CPT,Cape Town,2021,0130,Service charges,21265276090.0
CPT,Cape Town,2021,0140,Other revenue,3098221512.0
CPT,Cape Town,2021,0150,Transfers and Subsidies - Operational,5446812291.0
CPT,Cape Town,2021,0160,Transfers and Subsidies - Capital,1532550553.0
CPT,Cape Town,2021,0170,Interest,5135581.0
CPT,Cape Town,2021,0200,Suppliers and employees,-207290.0
CPT,Cape Town,2021,0260,Proceeds on disposal of PPE,46939936.0
CPT,Cape Town,2021,0280,Decrease (increase) in non-current receivables,7887187.0
CPT,Cape Town,2021,0290,Decrease (increase) in non-current investments,338638360.0
CPT,Cape Town,2021,0420,Cash/cash equivalents at the year begin:,11749044715.0
CPT,Cape Town,2021,0430,Cash/cash equivalents at the year end:,52782747132.0
DC1,West Coast,2021,0130,Service charges,24566995.0
DC1,West Coast,2021,0140,Other revenue,72302008.0
DC1,West Coast,2021,0150,Transfers and Subsidies - Operational,1994718.0
DC1,West Coast,2021,0160,Transfers and Subsidies - Capital,774000.0
DC1,West Coast,2021,0170,Interest,12908015.0
DC1,West Coast,2021,0200,Suppliers and employees,323752728.0
DC1,West Coast,2021,0280,Decrease (increase) in non-current receivables,-2293119.0
DC1,West Coast,2021,0310,Capital assets,1111672.0
DC1,West Coast,2021,0390,Repayment of borrowing,-3000000.0
DC1,West Coast,2021,0430,Cash/cash equivalents at the year end:,432117017.0
DC10,Sarah Baartman,2021,0140,Other revenue,-53508.0
DC10,Sarah Baartman,2021,0200,Suppliers and employees,-333214.0
DC10,Sarah Baartman,2021,0220,Transfers and Subsidies,2696815.0
DC10,Sarah Baartman,2021,0420,Cash/cash equivalents at the year begin:,209937753.0
DC10,Sarah Baartman,2021,0430,Cash/cash equivalents at the year end:,212247846.0
DC12,Amathole,2021,0130,Service charges,-1037938.0
DC12,Amathole,2021,0140,Other revenue,587036576.0
DC12,Amathole,2021,0150,Transfers and Subsidies - Operational,826525057.0
DC12,Amathole,2021,0160,Transfers and Subsidies - Capital,29408814.0
DC12,Amathole,2021,0200,Suppliers and employees,-1085877799.0
DC12,Amathole,2021,0310,Capital assets,2.0
DC12,Amathole,2021,0390,Repayment of borrowing,-136339.0
DC12,Amathole,2021,0420,Cash/cash equivalents at the year begin:,194170815.0
DC12,Amathole,2021,0430,Cash/cash equivalents at the year end:,550089188.0
DC13,Chris Hani,2021,0130,Service charges,78300228.0
DC13,Chris Hani,2021,0140,Other revenue,2036365819.0
DC13,Chris Hani,2021,0150,Transfers and Subsidies - Operational,7802602.0
DC13,Chris Hani,2021,0160,Transfers and Subsidies - Capital,662073000.0
DC13,Chris Hani,2021,0200,Suppliers and employees,-1318916454.0
DC13,Chris Hani,2021,0210,Finance charges,-290881.0
DC13,Chris Hani,2021,0260,Proceeds on disposal of PPE,2087647.0
DC13,Chris Hani,2021,0310,Capital assets,-567465023.0
DC13,Chris Hani,2021,0420,Cash/cash equivalents at the year begin:,42247058.0
DC13,Chris Hani,2021,0430,Cash/cash equivalents at the year end:,942203996.0
DC14,Joe Gqabi,2021,0290,Decrease (increase) in non-current investments,-94000.0
DC14,Joe Gqabi,2021,0420,Cash/cash equivalents at the year begin:,21523934.0
DC14,Joe Gqabi,2021,0430,Cash/cash equivalents at the year end:,21429934.0
DC15,O R Tambo,2021,0130,Service charges,43801533.0
DC15,O R Tambo,2021,0140,Other revenue,427850963.0
DC15,O R Tambo,2021,0150,Transfers and Subsidies - Operational,6567116.0
DC15,O R Tambo,2021,0160,Transfers and Subsidies - Capital,362881000.0
DC15,O R Tambo,2021,0200,Suppliers and employees,-576225670.0
DC15,O R Tambo,2021,0280,Decrease (increase) in non-current receivables,-110927.0
DC15,O R Tambo,2021,0310,Capital assets,284977167.0
DC15,O R Tambo,2021,0420,Cash/cash equivalents at the year begin:,322955526.0
DC15,O R Tambo,2021,0430,Cash/cash equivalents at the year end:,872696708.0
DC16,Xhariep,2021,0200,Suppliers and employees,51644355.0
DC16,Xhariep,2021,0420,Cash/cash equivalents at the year begin:,10370787.0
DC16,Xhariep,2021,0430,Cash/cash equivalents at the year end:,62015142.0
DC18,Lejweleputswa,2021,0140,Other revenue,97597332.0
DC18,Lejweleputswa,2021,0150,Transfers and Subsidies - Operational,43838608.0
DC18,Lejweleputswa,2021,0160,Transfers and Subsidies - Capital,4502000.0
DC18,Lejweleputswa,2021,0310,Capital assets,899373.0
DC18,Lejweleputswa,2021,0420,Cash/cash equivalents at the year begin:,134531584.0
DC18,Lejweleputswa,2021,0430,Cash/cash equivalents at the year end:,281368897.0
DC19,Thabo Mofutsanyana,2021,0200,Suppliers and employees,874809.0
DC19,Thabo Mofutsanyana,2021,0430,Cash/cash equivalents at the year end:,874809.0
DC2,Cape Winelands DM,2021,0140,Other revenue,182805120.0
DC2,Cape Winelands DM,2021,0150,Transfers and Subsidies - Operational,252361166.0
DC2,Cape Winelands DM,2021,0200,Suppliers and employees,-438012724.0
DC2,Cape Winelands DM,2021,0310,Capital assets,-1441071.0
DC2,Cape Winelands DM,2021,0420,Cash/cash equivalents at the year begin:,716992699.0
DC2,Cape Winelands DM,2021,0430,Cash/cash equivalents at the year end:,712705190.0
DC20,Fezile Dabi,2021,0140,Other revenue,37038189.0
DC20,Fezile Dabi,2021,0150,Transfers and Subsidies - Operational,3927035.0
DC20,Fezile Dabi,2021,0200,Suppliers and employees,-22364947.0
DC20,Fezile Dabi,2021,0310,Capital assets,-675017.0
DC20,Fezile Dabi,2021,0420,Cash/cash equivalents at the year begin:,107315274.0
DC20,Fezile Dabi,2021,0430,Cash/cash equivalents at the year end:,125240534.0
DC21,Ugu,2021,0150,Transfers and Subsidies - Operational,37503967.0
DC21,Ugu,2021,0160,Transfers and Subsidies - Capital,4980416.0
DC21,Ugu,2021,0200,Suppliers and employees,15592346.0
DC21,Ugu,2021,0280,Decrease (increase) in non-current receivables,-7231574.0
DC21,Ugu,2021,0290,Decrease (increase) in non-current investments,-100.0
DC21,Ugu,2021,0420,Cash/cash equivalents at the year begin:,-957284.0
DC21,Ugu,2021,0430,Cash/cash equivalents at the year end:,49887771.0
DC22,uMgungundlovu,2021,0420,Cash/cash equivalents at the year begin:,22495.0
DC22,uMgungundlovu,2021,0430,Cash/cash equivalents at the year end:,22495.0
DC23,Uthukela,2021,0130,Service charges,115332444.0
DC23,Uthukela,2021,0140,Other revenue,1537954.0
DC23,Uthukela,2021,0150,Transfers and Subsidies - Operational,531457035.0
DC23,Uthukela,2021,0160,Transfers and Subsidies - Capital,271924472.0
DC23,Uthukela,2021,0170,Interest,5580913.0
DC23,Uthukela,2021,0200,Suppliers and employees,15932647.0
DC23,Uthukela,2021,0310,Capital assets,-226959451.0
DC23,Uthukela,2021,0420,Cash/cash equivalents at the year begin:,-794021716.0
DC23,Uthukela,2021,0430,Cash/cash equivalents at the year end:,-79215702.0
DC24,Umzinyathi,2021,0130,Service charges,30113940.0
DC24,Umzinyathi,2021,0140,Other revenue,151244.0
DC24,Umzinyathi,2021,0150,Transfers and Subsidies - Operational,3669009783.0
DC24,Umzinyathi,2021,0200,Suppliers and employees,139081601.0
DC24,Umzinyathi,2021,0420,Cash/cash equivalents at the year begin:,15060152.0
DC24,Umzinyathi,2021,0430,Cash/cash equivalents at the year end:,3853416720.0
DC25,Amajuba,2021,0200,Suppliers and employees,-106566919.0
DC25,Amajuba,2021,0420,Cash/cash equivalents at the year begin:,89221479.0
DC25,Amajuba,2021,0430,Cash/cash equivalents at the year end:,-17345440.0
DC26,Zululand,2021,0130,Service charges,37536283.0
DC26,Zululand,2021,0140,Other revenue,1051926361.0
DC26,Zululand,2021,0150,Transfers and Subsidies - Operational,575688500.0
DC26,Zululand,2021,0160,Transfers and Subsidies - Capital,446416000.0
DC26,Zululand,2021,0200,Suppliers and employees,-1311115782.0
DC26,Zululand,2021,0310,Capital assets,-395419099.0
DC26,Zululand,2021,0420,Cash/cash equivalents at the year begin:,12290031.0
DC26,Zululand,2021,0430,Cash/cash equivalents at the year end:,417322294.0
DC28,King Cetshwayo,2021,0130,Service charges,146171293.0
DC28,King Cetshwayo,2021,0140,Other revenue,3126349490.0
DC28,King Cetshwayo,2021,0150,Transfers and Subsidies - Operational,6772700.0
DC28,King Cetshwayo,2021,0160,Transfers and Subsidies - Capital,245415000.0
DC28,King Cetshwayo,2021,0200,Suppliers and employees,-1346777899.0
DC28,King Cetshwayo,2021,0280,Decrease (increase) in non-current receivables,30122.0
DC28,King Cetshwayo,2021,0310,Capital assets,-239963956.0
DC28,King Cetshwayo,2021,0420,Cash/cash equivalents at the year begin:,501419814.0
DC28,King Cetshwayo,2021,0430,Cash/cash equivalents at the year end:,2439416564.0
DC29,iLembe,2021,0130,Service charges,183829154.0
DC29,iLembe,2021,0140,Other revenue,81265305.0
DC29,iLembe,2021,0150,Transfers and Subsidies - Operational,734116833.0
DC29,iLembe,2021,0160,Transfers and Subsidies - Capital,234430560.0
DC29,iLembe,2021,0170,Interest,9433975.0
DC29,iLembe,2021,0200,Suppliers and employees,-471444752.0
DC29,iLembe,2021,0210,Finance charges,-1658837.0
DC29,iLembe,2021,0220,Transfers and Subsidies,-391304.0
DC29,iLembe,2021,0280,Decrease (increase) in non-current receivables,-29950.0
DC29,iLembe,2021,0310,Capital assets,-239618233.0
DC29,iLembe,2021,0390,Repayment of borrowing,-43718385.0
DC29,iLembe,2021,0420,Cash/cash equivalents at the year begin:,-417320601.0
DC29,iLembe,2021,0430,Cash/cash equivalents at the year end:,68893765.0
DC3,Overberg,2021,0130,Service charges,35812.0
DC3,Overberg,2021,0140,Other revenue,333197.0
DC3,Overberg,2021,0150,Transfers and Subsidies - Operational,116444962.0
DC3,Overberg,2021,0160,Transfers and Subsidies - Capital,732000.0
DC3,Overberg,2021,0200,Suppliers and employees,-3608799.0
DC3,Overberg,2021,0280,Decrease (increase) in non-current receivables,-3850000.0
DC3,Overberg,2021,0420,Cash/cash equivalents at the year begin:,36652087.0
DC3,Overberg,2021,0430,Cash/cash equivalents at the year end:,146739259.0
DC30,Gert Sibande,2021,0130,Service charges,123785.0
DC30,Gert Sibande,2021,0140,Other revenue,41467.0
DC30,Gert Sibande,2021,0150,Transfers and Subsidies - Operational,321867096.0
DC30,Gert Sibande,2021,0160,Transfers and Subsidies - Capital,2334000.0
DC30,Gert Sibande,2021,0200,Suppliers and employees,-30339666.0
DC30,Gert Sibande,2021,0280,Decrease (increase) in non-current receivables,29470.0
DC30,Gert Sibande,2021,0420,Cash/cash equivalents at the year begin:,155140131.0
DC30,Gert Sibande,2021,0430,Cash/cash equivalents at the year end:,449196283.0
DC31,Nkangala,2021,0140,Other revenue,362256.0
DC31,Nkangala,2021,0150,Transfers and Subsidies - Operational,379260134.0
DC31,Nkangala,2021,0170,Interest,1803241.0
DC31,Nkangala,2021,0200,Suppliers and employees,-65974900.0
DC31,Nkangala,2021,0290,Decrease (increase) in non-current investments,-4009535.0
DC31,Nkangala,2021,0310,Capital assets,-26042937.0
DC31,Nkangala,2021,0420,Cash/cash equivalents at the year begin:,15070852.0
DC31,Nkangala,2021,0430,Cash/cash equivalents at the year end:,300469111.0
DC32,Ehlanzeni,2021,0140,Other revenue,599863545.0
DC32,Ehlanzeni,2021,0160,Transfers and Subsidies - Capital,40072393.0
DC32,Ehlanzeni,2021,0200,Suppliers and employees,-175480588.0
DC32,Ehlanzeni,2021,0280,Decrease (increase) in non-current receivables,-6519822.0
DC32,Ehlanzeni,2021,0290,Decrease (increase) in non-current investments,-174364.0
DC32,Ehlanzeni,2021,0310,Capital assets,-8459150.0
DC32,Ehlanzeni,2021,0420,Cash/cash equivalents at the year begin:,85483972.0
DC32,Ehlanzeni,2021,0430,Cash/cash equivalents at the year end:,534785986.0
DC33,Mopani,2021,0130,Service charges,415000.0
DC33,Mopani,2021,0140,Other revenue,1055622.0
DC33,Mopani,2021,0150,Transfers and Subsidies - Operational,879505775.0
DC33,Mopani,2021,0160,Transfers and Subsidies - Capital,804232869.0
DC33,Mopani,2021,0200,Suppliers and employees,-47491847.0
DC33,Mopani,2021,0310,Capital assets,-689882023.0
DC33,Mopani,2021,0420,Cash/cash equivalents at the year begin:,256366224.0
DC33,Mopani,2021,0430,Cash/cash equivalents at the year end:,1204201620.0
DC34,Vhembe,2021,0130,Service charges,116297.0
DC34,Vhembe,2021,0140,Other revenue,626857.0
DC34,Vhembe,2021,0150,Transfers and Subsidies - Operational,1742971351.0
DC34,Vhembe,2021,0160,Transfers and Subsidies - Capital,15096145.0
DC34,Vhembe,2021,0200,Suppliers and employees,-353715295.0
DC34,Vhembe,2021,0310,Capital assets,-672322519.0
DC34,Vhembe,2021,0420,Cash/cash equivalents at the year begin:,-24749386.0
DC34,Vhembe,2021,0430,Cash/cash equivalents at the year end:,708023450.0
DC35,Capricorn,2021,0130,Service charges,1400.0
DC35,Capricorn,2021,0140,Other revenue,2122629.0
DC35,Capricorn,2021,0150,Transfers and Subsidies - Operational,468294688.0
DC35,Capricorn,2021,0160,Transfers and Subsidies - Capital,135593000.0
DC35,Capricorn,2021,0200,Suppliers and employees,376433413.0
DC35,Capricorn,2021,0310,Capital assets,-451290273.0
DC35,Capricorn,2021,0420,Cash/cash equivalents at the year begin:,353889785.0
DC35,Capricorn,2021,0430,Cash/cash equivalents at the year end:,885044642.0
DC36,Waterberg,2021,0140,Other revenue,1540164.0
DC36,Waterberg,2021,0150,Transfers and Subsidies - Operational,148548497.0
DC36,Waterberg,2021,0170,Interest,2461386.0
DC36,Waterberg,2021,0200,Suppliers and employees,-141488812.0
DC36,Waterberg,2021,0310,Capital assets,-623530.0
DC36,Waterberg,2021,0420,Cash/cash equivalents at the year begin:,118952573.0
DC36,Waterberg,2021,0430,Cash/cash equivalents at the year end:,129390278.0
DC37,Bojanala Platinum,2021,0290,Decrease (increase) in non-current investments,-253345.0
DC37,Bojanala Platinum,2021,0430,Cash/cash equivalents at the year end:,-253345.0
DC38,Ngaka Modiri Molema,2021,0290,Decrease (increase) in non-current investments,-311141.0
DC38,Ngaka Modiri Molema,2021,0420,Cash/cash equivalents at the year begin:,555275233.0
DC38,Ngaka Modiri Molema,2021,0430,Cash/cash equivalents at the year end:,554964092.0
DC39,Dr Ruth Segomotsi Mompati,2021,0160,Transfers and Subsidies - Capital,27677580.0
DC39,Dr Ruth Segomotsi Mompati,2021,0200,Suppliers and employees,62003.0
DC39,Dr Ruth Segomotsi Mompati,2021,0420,Cash/cash equivalents at the year begin:,28695176.0
DC39,Dr Ruth Segomotsi Mompati,2021,0430,Cash/cash equivalents at the year end:,56434759.0
DC4,Garden Route,2021,0140,Other revenue,1160139.0
DC4,Garden Route,2021,0170,Interest,992252.0
DC4,Garden Route,2021,0200,Suppliers and employees,354922.0
DC4,Garden Route,2021,0310,Capital assets,-7616358.0
DC4,Garden Route,2021,0420,Cash/cash equivalents at the year begin:,182227548.0
DC4,Garden Route,2021,0430,Cash/cash equivalents at the year end:,177118503.0
DC40,Dr Kenneth Kaunda,2021,0140,Other revenue,115983019.0
DC40,Dr Kenneth Kaunda,2021,0150,Transfers and Subsidies - Operational,516256.0
DC40,Dr Kenneth Kaunda,2021,0180,Dividends,273508.0
DC40,Dr Kenneth Kaunda,2021,0200,Suppliers and employees,-19364941.0
DC40,Dr Kenneth Kaunda,2021,0310,Capital assets,205334.0
DC40,Dr Kenneth Kaunda,2021,0420,Cash/cash equivalents at the year begin:,73503490.0
DC40,Dr Kenneth Kaunda,2021,0430,Cash/cash equivalents at the year end:,171116666.0
DC42,Sedibeng,2021,0140,Other revenue,520251139.0
DC42,Sedibeng,2021,0150,Transfers and Subsidies - Operational,86442265.0
DC42,Sedibeng,2021,0200,Suppliers and employees,-486539169.0
DC42,Sedibeng,2021,0310,Capital assets,-5507104.0
DC42,Sedibeng,2021,0420,Cash/cash equivalents at the year begin:,16130872.0
DC42,Sedibeng,2021,0430,Cash/cash equivalents at the year end:,130778003.0
DC43,Harry Gwala,2021,0130,Service charges,130188722.0
DC43,Harry Gwala,2021,0140,Other revenue,307452.0
DC43,Harry Gwala,2021,0150,Transfers and Subsidies - Operational,234993112.0
DC43,Harry Gwala,2021,0160,Transfers and Subsidies - Capital,215028000.0
DC43,Harry Gwala,2021,0200,Suppliers and employees,-682369318.0
DC43,Harry Gwala,2021,0220,Transfers and Subsidies,-351721.0
DC43,Harry Gwala,2021,0310,Capital assets,-251425363.0
DC43,Harry Gwala,2021,0420,Cash/cash equivalents at the year begin:,40670866.0
DC43,Harry Gwala,2021,0430,Cash/cash equivalents at the year end:,-312958250.0
DC44,Alfred Nzo,2021,0130,Service charges,31573409.0
DC44,Alfred Nzo,2021,0140,Other revenue,1462581.0
DC44,Alfred Nzo,2021,0150,Transfers and Subsidies - Operational,694224783.0
DC44,Alfred Nzo,2021,0160,Transfers and Subsidies - Capital,497046921.0
DC44,Alfred Nzo,2021,0170,Interest,703500.0
DC44,Alfred Nzo,2021,0200,Suppliers and employees,-131962531.0
DC44,Alfred Nzo,2021,0310,Capital assets,-419903747.0
DC44,Alfred Nzo,2021,0420,Cash/cash equivalents at the year begin:,-73274128.0
DC44,Alfred Nzo,2021,0430,Cash/cash equivalents at the year end:,599870788.0
DC45,John Taolo Gaetsewe,2021,0150,Transfers and Subsidies - Operational,15115218.0
DC45,John Taolo Gaetsewe,2021,0220,Transfers and Subsidies,69000.0
DC45,John Taolo Gaetsewe,2021,0390,Repayment of borrowing,-1.0
DC45,John Taolo Gaetsewe,2021,0420,Cash/cash equivalents at the year begin:,89076.0
DC45,John Taolo Gaetsewe,2021,0430,Cash/cash equivalents at the year end:,15273293.0
DC47,Sekhukhune,2021,0130,Service charges,63553578.0
DC47,Sekhukhune,2021,0140,Other revenue,111253484.0
DC47,Sekhukhune,2021,0150,Transfers and Subsidies - Operational,4720000.0
DC47,Sekhukhune,2021,0160,Transfers and Subsidies - Capital,365494000.0
DC47,Sekhukhune,2021,0200,Suppliers and employees,-1230780728.0
DC47,Sekhukhune,2021,0290,Decrease (increase) in non-current investments,10351108.0
DC47,Sekhukhune,2021,0310,Capital assets,-355876881.0
DC47,Sekhukhune,2021,0420,Cash/cash equivalents at the year begin:,180697745.0
DC47,Sekhukhune,2021,0430,Cash/cash equivalents at the year end:,-850587694.0
DC48,West Rand,2021,0140,Other revenue,17629832.0
DC48,West Rand,2021,0150,Transfers and Subsidies - Operational,632987684.0
DC48,West Rand,2021,0160,Transfers and Subsidies - Capital,2615000.0
DC48,West Rand,2021,0170,Interest,-4395033.0
DC48,West Rand,2021,0200,Suppliers and employees,-14091861.0
DC48,West Rand,2021,0310,Capital assets,-509193.0
DC48,West Rand,2021,0420,Cash/cash equivalents at the year begin:,497770.0
DC48,West Rand,2021,0430,Cash/cash equivalents at the year end:,634734199.0
DC5,Central Karoo,2021,0420,Cash/cash equivalents at the year begin:,23191532.0
DC5,Central Karoo,2021,0430,Cash/cash equivalents at the year end:,23191532.0
DC6,Namakwa,2021,0140,Other revenue,139150965.0
DC6,Namakwa,2021,0150,Transfers and Subsidies - Operational,7516121.0
DC6,Namakwa,2021,0200,Suppliers and employees,-51635280.0
DC6,Namakwa,2021,0310,Capital assets,-1094818.0
DC6,Namakwa,2021,0360,Borrowing long term/refinancing,85672.0
DC6,Namakwa,2021,0420,Cash/cash equivalents at the year begin:,4188309.0
DC6,Namakwa,2021,0430,Cash/cash equivalents at the year end:,98210969.0
DC7,Pixley Ka Seme (NC),2021,0140,Other revenue,65162074.0
DC7,Pixley Ka Seme (NC),2021,0200,Suppliers and employees,-41956079.0
DC7,Pixley Ka Seme (NC),2021,0280,Decrease (increase) in non-current receivables,690072.0
DC7,Pixley Ka Seme (NC),2021,0310,Capital assets,-3399559.0
DC7,Pixley Ka Seme (NC),2021,0420,Cash/cash equivalents at the year begin:,12058333.0
DC7,Pixley Ka Seme (NC),2021,0430,Cash/cash equivalents at the year end:,32554841.0
DC8,Z F Mgcawu,2021,0140,Other revenue,169417.0
DC8,Z F Mgcawu,2021,0150,Transfers and Subsidies - Operational,24673463.0
DC8,Z F Mgcawu,2021,0200,Suppliers and employees,591891.0
DC8,Z F Mgcawu,2021,0280,Decrease (increase) in non-current receivables,4335.0
DC8,Z F Mgcawu,2021,0420,Cash/cash equivalents at the year begin:,1021568.0
DC8,Z F Mgcawu,2021,0430,Cash/cash equivalents at the year end:,26460674.0
DC9,Frances Baard,2021,0140,Other revenue,290395340.0
DC9,Frances Baard,2021,0150,Transfers and Subsidies - Operational,130956799.0
DC9,Frances Baard,2021,0200,Suppliers and employees,-344877866.0
DC9,Frances Baard,2021,0280,Decrease (increase) in non-current receivables,-1725436.0
DC9,Frances Baard,2021,0310,Capital assets,-1374713.0
DC9,Frances Baard,2021,0420,Cash/cash equivalents at the year begin:,103155647.0
DC9,Frances Baard,2021,0430,Cash/cash equivalents at the year end:,176529771.0
EC101,Dr Beyers Naude,2021,0120,Property rates,-9232.0
EC101,Dr Beyers Naude,2021,0130,Service charges,-4785143.0
EC101,Dr Beyers Naude,2021,0140,Other revenue,-48439.0
EC101,Dr Beyers Naude,2021,0150,Transfers and Subsidies - Operational,-95244004.0
EC101,Dr Beyers Naude,2021,0200,Suppliers and employees,-179029258.0
EC101,Dr Beyers Naude,2021,0420,Cash/cash equivalents at the year begin:,-3261857.0
EC101,Dr Beyers Naude,2021,0430,Cash/cash equivalents at the year end:,-282377933.0
EC102,Blue Crane Route,2021,0120,Property rates,5609405.0
EC102,Blue Crane Route,2021,0130,Service charges,132161469.0
EC102,Blue Crane Route,2021,0140,Other revenue,21038997.0
EC102,Blue Crane Route,2021,0150,Transfers and Subsidies - Operational,65297000.0
EC102,Blue Crane Route,2021,0200,Suppliers and employees,32388.0
EC102,Blue Crane Route,2021,0310,Capital assets,-2883553.0
EC102,Blue Crane Route,2021,0420,Cash/cash equivalents at the year begin:,19346788.0
EC102,Blue Crane Route,2021,0430,Cash/cash equivalents at the year end:,240602494.0
EC104,Makana,2021,0120,Property rates,560.0
EC104,Makana,2021,0130,Service charges,37277873.0
EC104,Makana,2021,0140,Other revenue,22066004.0
EC104,Makana,2021,0150,Transfers and Subsidies - Operational,123163414.0
EC104,Makana,2021,0160,Transfers and Subsidies - Capital,4000000.0
EC104,Makana,2021,0200,Suppliers and employees,-4675223.0
EC104,Makana,2021,0260,Proceeds on disposal of PPE,1621929.0
EC104,Makana,2021,0310,Capital assets,-46872339.0
EC104,Makana,2021,0420,Cash/cash equivalents at the year begin:,-130904361.0
EC104,Makana,2021,0430,Cash/cash equivalents at the year end:,5677857.0
EC105,Ndlambe,2021,0120,Property rates,120862257.0
EC105,Ndlambe,2021,0130,Service charges,139844894.0
EC105,Ndlambe,2021,0140,Other revenue,20311258.0
EC105,Ndlambe,2021,0150,Transfers and Subsidies - Operational,141450830.0
EC105,Ndlambe,2021,0160,Transfers and Subsidies - Capital,139779689.0
EC105,Ndlambe,2021,0170,Interest,2683478.0
EC105,Ndlambe,2021,0200,Suppliers and employees,-107547775.0
EC105,Ndlambe,2021,0310,Capital assets,-137929878.0
EC105,Ndlambe,2021,0390,Repayment of borrowing,-1312430.0
EC105,Ndlambe,2021,0420,Cash/cash equivalents at the year begin:,-327695212.0
EC105,Ndlambe,2021,0430,Cash/cash equivalents at the year end:,-9552889.0
EC108,Kouga,2021,0120,Property rates,545688125.0
EC108,Kouga,2021,0130,Service charges,70768786.0
EC108,Kouga,2021,0140,Other revenue,33621664.0
EC108,Kouga,2021,0150,Transfers and Subsidies - Operational,152543886.0
EC108,Kouga,2021,0160,Transfers and Subsidies - Capital,2150700.0
EC108,Kouga,2021,0200,Suppliers and employees,831015600.0
EC108,Kouga,2021,0280,Decrease (increase) in non-current receivables,10000.0
EC108,Kouga,2021,0420,Cash/cash equivalents at the year begin:,141032616.0
EC108,Kouga,2021,0430,Cash/cash equivalents at the year end:,1776831377.0
EC109,Kou-Kamma,2021,0120,Property rates,12800828.0
EC109,Kou-Kamma,2021,0130,Service charges,7767753.0
EC109,Kou-Kamma,2021,0140,Other revenue,2149173.0
EC109,Kou-Kamma,2021,0150,Transfers and Subsidies - Operational,68459368.0
EC109,Kou-Kamma,2021,0160,Transfers and Subsidies - Capital,15016544.0
EC109,Kou-Kamma,2021,0170,Interest,237717.0
EC109,Kou-Kamma,2021,0200,Suppliers and employees,-54185501.0
EC109,Kou-Kamma,2021,0420,Cash/cash equivalents at the year begin:,-51626778.0
EC109,Kou-Kamma,2021,0430,Cash/cash equivalents at the year end:,619104.0
EC121,Mbhashe,2021,0150,Transfers and Subsidies - Operational,10279778.0
EC121,Mbhashe,2021,0420,Cash/cash equivalents at the year begin:,-1850.0
EC121,Mbhashe,2021,0430,Cash/cash equivalents at the year end:,10277928.0
EC122,Mnquma,2021,0120,Property rates,35213087.0
EC122,Mnquma,2021,0130,Service charges,1761946.0
EC122,Mnquma,2021,0140,Other revenue,21712998.0
EC122,Mnquma,2021,0150,Transfers and Subsidies - Operational,342062206.0
EC122,Mnquma,2021,0160,Transfers and Subsidies - Capital,74865700.0
EC122,Mnquma,2021,0200,Suppliers and employees,-9197461.0
EC122,Mnquma,2021,0260,Proceeds on disposal of PPE,1513825.0
EC122,Mnquma,2021,0310,Capital assets,-111046754.0
EC122,Mnquma,2021,0420,Cash/cash equivalents at the year begin:,50281617.0
EC122,Mnquma,2021,0430,Cash/cash equivalents at the year end:,407167164.0
EC123,Great Kei,2021,0120,Property rates,16529286.0
EC123,Great Kei,2021,0130,Service charges,28688456.0
EC123,Great Kei,2021,0200,Suppliers and employees,-520603.0
EC123,Great Kei,2021,0310,Capital assets,-3481165.0
EC123,Great Kei,2021,0420,Cash/cash equivalents at the year begin:,6109814.0
EC123,Great Kei,2021,0430,Cash/cash equivalents at the year end:,47325788.0
EC124,Amahlathi,2021,0150,Transfers and Subsidies - Operational,19948142.0
EC124,Amahlathi,2021,0200,Suppliers and employees,-10704000.0
EC124,Amahlathi,2021,0220,Transfers and Subsidies,-233712.0
EC124,Amahlathi,2021,0420,Cash/cash equivalents at the year begin:,1565304.0
EC124,Amahlathi,2021,0430,Cash/cash equivalents at the year end:,10575734.0
EC126,Ngqushwa,2021,0170,Interest,1.0
EC126,Ngqushwa,2021,0200,Suppliers and employees,2866684.0
EC126,Ngqushwa,2021,0430,Cash/cash equivalents at the year end:,2866685.0
EC129,Raymond Mhlaba,2021,0150,Transfers and Subsidies - Operational,11518498.0
EC129,Raymond Mhlaba,2021,0200,Suppliers and employees,-575323.0
EC129,Raymond Mhlaba,2021,0420,Cash/cash equivalents at the year begin:,31822.0
EC129,Raymond Mhlaba,2021,0430,Cash/cash equivalents at the year end:,10974997.0
EC131,Inxuba Yethemba,2021,0120,Property rates,33979913.0
EC131,Inxuba Yethemba,2021,0130,Service charges,67776304.0
EC131,Inxuba Yethemba,2021,0140,Other revenue,21036391.0
EC131,Inxuba Yethemba,2021,0150,Transfers and Subsidies - Operational,57200502.0
EC131,Inxuba Yethemba,2021,0160,Transfers and Subsidies - Capital,6006997.0
EC131,Inxuba Yethemba,2021,0200,Suppliers and employees,-20801839.0
EC131,Inxuba Yethemba,2021,0310,Capital assets,-14461069.0
EC131,Inxuba Yethemba,2021,0420,Cash/cash equivalents at the year begin:,6581573.0
EC131,Inxuba Yethemba,2021,0430,Cash/cash equivalents at the year end:,157318772.0
EC135,Vuyisile Mini,2021,0140,Other revenue,-1.0
EC135,Vuyisile Mini,2021,0150,Transfers and Subsidies - Operational,77936.0
EC135,Vuyisile Mini,2021,0200,Suppliers and employees,7444698.0
EC135,Vuyisile Mini,2021,0430,Cash/cash equivalents at the year end:,7522633.0
EC136,Emalahleni (EC),2021,0120,Property rates,7419948.0
EC136,Emalahleni (EC),2021,0130,Service charges,17630184.0
EC136,Emalahleni (EC),2021,0140,Other revenue,8026869.0
EC136,Emalahleni (EC),2021,0150,Transfers and Subsidies - Operational,186769059.0
EC136,Emalahleni (EC),2021,0160,Transfers and Subsidies - Capital,75819958.0
EC136,Emalahleni (EC),2021,0200,Suppliers and employees,-95967380.0
EC136,Emalahleni (EC),2021,0310,Capital assets,-62335717.0
EC136,Emalahleni (EC),2021,0420,Cash/cash equivalents at the year begin:,5791132.0
EC136,Emalahleni (EC),2021,0430,Cash/cash equivalents at the year end:,143154053.0
EC137,Dr. A.B. Xuma,2021,0120,Property rates,8175.0
EC137,Dr. A.B. Xuma,2021,0130,Service charges,17966.0
EC137,Dr. A.B. Xuma,2021,0140,Other revenue,4888576.0
EC137,Dr. A.B. Xuma,2021,0150,Transfers and Subsidies - Operational,186311496.0
EC137,Dr. A.B. Xuma,2021,0160,Transfers and Subsidies - Capital,8400.0
EC137,Dr. A.B. Xuma,2021,0200,Suppliers and employees,-295879403.0
EC137,Dr. A.B. Xuma,2021,0420,Cash/cash equivalents at the year begin:,65751928.0
EC137,Dr. A.B. Xuma,2021,0430,Cash/cash equivalents at the year end:,-38892862.0
EC138,Sakhisizwe,2021,0120,Property rates,2312848.0
EC138,Sakhisizwe,2021,0130,Service charges,11009413.0
EC138,Sakhisizwe,2021,0140,Other revenue,6256247.0
EC138,Sakhisizwe,2021,0150,Transfers and Subsidies - Operational,94602927.0
EC138,Sakhisizwe,2021,0160,Transfers and Subsidies - Capital,33450948.0
EC138,Sakhisizwe,2021,0260,Proceeds on disposal of PPE,7868744.0
EC138,Sakhisizwe,2021,0310,Capital assets,-19340601.0
EC138,Sakhisizwe,2021,0420,Cash/cash equivalents at the year begin:,3628999.0
EC138,Sakhisizwe,2021,0430,Cash/cash equivalents at the year end:,139789525.0
EC139,Enoch Mgijima,2021,0120,Property rates,101196197.0
EC139,Enoch Mgijima,2021,0130,Service charges,784350374.0
EC139,Enoch Mgijima,2021,0140,Other revenue,251727665.0
EC139,Enoch Mgijima,2021,0150,Transfers and Subsidies - Operational,65655100.0
EC139,Enoch Mgijima,2021,0160,Transfers and Subsidies - Capital,32005436.0
EC139,Enoch Mgijima,2021,0200,Suppliers and employees,-302421095.0
EC139,Enoch Mgijima,2021,0210,Finance charges,-1372332.0
EC139,Enoch Mgijima,2021,0220,Transfers and Subsidies,-515287.0
EC139,Enoch Mgijima,2021,0310,Capital assets,-66399605.0
EC139,Enoch Mgijima,2021,0360,Borrowing long term/refinancing,-1201892.0
EC139,Enoch Mgijima,2021,0420,Cash/cash equivalents at the year begin:,45045720.0
EC139,Enoch Mgijima,2021,0430,Cash/cash equivalents at the year end:,908070281.0
EC141,Elundini,2021,0130,Service charges,18604203.0
EC141,Elundini,2021,0140,Other revenue,21522134.0
EC141,Elundini,2021,0150,Transfers and Subsidies - Operational,197484882.0
EC141,Elundini,2021,0160,Transfers and Subsidies - Capital,11601953.0
EC141,Elundini,2021,0200,Suppliers and employees,-33254293.0
EC141,Elundini,2021,0310,Capital assets,-61486363.0
EC141,Elundini,2021,0420,Cash/cash equivalents at the year begin:,179454888.0
EC141,Elundini,2021,0430,Cash/cash equivalents at the year end:,333927404.0
EC142,Senqu,2021,0120,Property rates,10199891.0
EC142,Senqu,2021,0130,Service charges,53800072.0
EC142,Senqu,2021,0140,Other revenue,4664064.0
EC142,Senqu,2021,0150,Transfers and Subsidies - Operational,14615908.0
EC142,Senqu,2021,0160,Transfers and Subsidies - Capital,33522000.0
EC142,Senqu,2021,0260,Proceeds on disposal of PPE,11718.0
EC142,Senqu,2021,0310,Capital assets,-1348426.0
EC142,Senqu,2021,0420,Cash/cash equivalents at the year begin:,351427450.0
EC142,Senqu,2021,0430,Cash/cash equivalents at the year end:,466892677.0
EC145,Walter Sisulu,2021,0140,Other revenue,4407.0
EC145,Walter Sisulu,2021,0200,Suppliers and employees,-95890622.0
EC145,Walter Sisulu,2021,0260,Proceeds on disposal of PPE,8716587.0
EC145,Walter Sisulu,2021,0310,Capital assets,170.0
EC145,Walter Sisulu,2021,0420,Cash/cash equivalents at the year begin:,12319886.0
EC145,Walter Sisulu,2021,0430,Cash/cash equivalents at the year end:,-74849572.0
EC153,Ngquza Hills,2021,0120,Property rates,27315765.0
EC153,Ngquza Hills,2021,0130,Service charges,679028.0
EC153,Ngquza Hills,2021,0140,Other revenue,26184176.0
EC153,Ngquza Hills,2021,0150,Transfers and Subsidies - Operational,329255381.0
EC153,Ngquza Hills,2021,0160,Transfers and Subsidies - Capital,46271722.0
EC153,Ngquza Hills,2021,0200,Suppliers and employees,-115648568.0
EC153,Ngquza Hills,2021,0310,Capital assets,-126234994.0
EC153,Ngquza Hills,2021,0420,Cash/cash equivalents at the year begin:,-219670277.0
EC153,Ngquza Hills,2021,0430,Cash/cash equivalents at the year end:,-31847767.0
EC154,Port St Johns,2021,0120,Property rates,9625.0
EC154,Port St Johns,2021,0130,Service charges,687063.0
EC154,Port St Johns,2021,0140,Other revenue,1698990.0
EC154,Port St Johns,2021,0150,Transfers and Subsidies - Operational,487245196.0
EC154,Port St Johns,2021,0160,Transfers and Subsidies - Capital,40110801.0
EC154,Port St Johns,2021,0200,Suppliers and employees,-485956.0
EC154,Port St Johns,2021,0260,Proceeds on disposal of PPE,319381.0
EC154,Port St Johns,2021,0310,Capital assets,-64509812.0
EC154,Port St Johns,2021,0420,Cash/cash equivalents at the year begin:,350843431.0
EC154,Port St Johns,2021,0430,Cash/cash equivalents at the year end:,815918719.0
EC155,Nyandeni,2021,0140,Other revenue,58125.0
EC155,Nyandeni,2021,0150,Transfers and Subsidies - Operational,200.0
EC155,Nyandeni,2021,0200,Suppliers and employees,-448836076.0
EC155,Nyandeni,2021,0220,Transfers and Subsidies,281822080.0
EC155,Nyandeni,2021,0310,Capital assets,-395588.0
EC155,Nyandeni,2021,0420,Cash/cash equivalents at the year begin:,189565705.0
EC155,Nyandeni,2021,0430,Cash/cash equivalents at the year end:,22214446.0
EC156,Kumkani Mhlontlo,2021,0120,Property rates,6828218.0
EC156,Kumkani Mhlontlo,2021,0140,Other revenue,8341406.0
EC156,Kumkani Mhlontlo,2021,0150,Transfers and Subsidies - Operational,230424521.0
EC156,Kumkani Mhlontlo,2021,0170,Interest,3572783.0
EC156,Kumkani Mhlontlo,2021,0200,Suppliers and employees,-222634026.0
EC156,Kumkani Mhlontlo,2021,0420,Cash/cash equivalents at the year begin:,99735424.0
EC156,Kumkani Mhlontlo,2021,0430,Cash/cash equivalents at the year end:,126268326.0
EC157,King Sabata Dalindyebo,2021,0120,Property rates,866720121.0
EC157,King Sabata Dalindyebo,2021,0130,Service charges,619003867.0
EC157,King Sabata Dalindyebo,2021,0140,Other revenue,78270263.0
EC157,King Sabata Dalindyebo,2021,0150,Transfers and Subsidies - Operational,478657893.0
EC157,King Sabata Dalindyebo,2021,0160,Transfers and Subsidies - Capital,60048219.0
EC157,King Sabata Dalindyebo,2021,0170,Interest,1949732.0
EC157,King Sabata Dalindyebo,2021,0200,Suppliers and employees,-1052614782.0
EC157,King Sabata Dalindyebo,2021,0210,Finance charges,-2000000.0
EC157,King Sabata Dalindyebo,2021,0310,Capital assets,-39106.0
EC157,King Sabata Dalindyebo,2021,0420,Cash/cash equivalents at the year begin:,1440463186.0
EC157,King Sabata Dalindyebo,2021,0430,Cash/cash equivalents at the year end:,2490459393.0
EC441,Matatiele,2021,0120,Property rates,17482715.0
EC441,Matatiele,2021,0130,Service charges,54758688.0
EC441,Matatiele,2021,0140,Other revenue,33631088.0
EC441,Matatiele,2021,0150,Transfers and Subsidies - Operational,309461116.0
EC441,Matatiele,2021,0160,Transfers and Subsidies - Capital,92926000.0
EC441,Matatiele,2021,0200,Suppliers and employees,-16990019.0
EC441,Matatiele,2021,0310,Capital assets,-161457192.0
EC441,Matatiele,2021,0420,Cash/cash equivalents at the year begin:,-117385320.0
EC441,Matatiele,2021,0430,Cash/cash equivalents at the year end:,212427076.0
EC442,Umzimvubu,2021,0120,Property rates,16436906.0
EC442,Umzimvubu,2021,0130,Service charges,795416.0
EC442,Umzimvubu,2021,0140,Other revenue,24910795.0
EC442,Umzimvubu,2021,0150,Transfers and Subsidies - Operational,993918802.0
EC442,Umzimvubu,2021,0160,Transfers and Subsidies - Capital,110325348.0
EC442,Umzimvubu,2021,0200,Suppliers and employees,-35012445.0
EC442,Umzimvubu,2021,0310,Capital assets,-182809992.0
EC442,Umzimvubu,2021,0420,Cash/cash equivalents at the year begin:,-40213210.0
EC442,Umzimvubu,2021,0430,Cash/cash equivalents at the year end:,888351620.0
EC443,Winnie Madikizela-Mandela,2021,0120,Property rates,15110087.0
EC443,Winnie Madikizela-Mandela,2021,0130,Service charges,34756498.0
EC443,Winnie Madikizela-Mandela,2021,0140,Other revenue,9342083.0
EC443,Winnie Madikizela-Mandela,2021,0150,Transfers and Subsidies - Operational,340408417.0
EC443,Winnie Madikizela-Mandela,2021,0160,Transfers and Subsidies - Capital,47206795.0
EC443,Winnie Madikizela-Mandela,2021,0170,Interest,108516.0
EC443,Winnie Madikizela-Mandela,2021,0200,Suppliers and employees,-111875307.0
EC443,Winnie Madikizela-Mandela,2021,0310,Capital assets,-123288476.0
EC443,Winnie Madikizela-Mandela,2021,0420,Cash/cash equivalents at the year begin:,-77617159.0
EC443,Winnie Madikizela-Mandela,2021,0430,Cash/cash equivalents at the year end:,134151454.0
EC444,Ntabankulu,2021,0140,Other revenue,1000.0
EC444,Ntabankulu,2021,0150,Transfers and Subsidies - Operational,12881239.0
EC444,Ntabankulu,2021,0160,Transfers and Subsidies - Capital,11845455.0
EC444,Ntabankulu,2021,0200,Suppliers and employees,183066.0
EC444,Ntabankulu,2021,0260,Proceeds on disposal of PPE,130298.0
EC444,Ntabankulu,2021,0430,Cash/cash equivalents at the year end:,25041058.0
EKU,City of Ekurhuleni,2021,0120,Property rates,3551489661.0
EKU,City of Ekurhuleni,2021,0130,Service charges,12068231890.0
EKU,City of Ekurhuleni,2021,0140,Other revenue,6729980662.0
EKU,City of Ekurhuleni,2021,0150,Transfers and Subsidies - Operational,15188595.0
EKU,City of Ekurhuleni,2021,0160,Transfers and Subsidies - Capital,1317746000.0
EKU,City of Ekurhuleni,2021,0200,Suppliers and employees,-19797970010.0
EKU,City of Ekurhuleni,2021,0220,Transfers and Subsidies,-207974213.0
EKU,City of Ekurhuleni,2021,0280,Decrease (increase) in non-current receivables,-52146.0
EKU,City of Ekurhuleni,2021,0290,Decrease (increase) in non-current investments,1202825704.0
EKU,City of Ekurhuleni,2021,0310,Capital assets,-3218637158.0
EKU,City of Ekurhuleni,2021,0360,Borrowing long term/refinancing,1000000000.0
EKU,City of Ekurhuleni,2021,0420,Cash/cash equivalents at the year begin:,1669779282.0
EKU,City of Ekurhuleni,2021,0430,Cash/cash equivalents at the year end:,4330608267.0
ETH,eThekwini,2021,0280,Decrease (increase) in non-current receivables,-132739875.0
ETH,eThekwini,2021,0430,Cash/cash equivalents at the year end:,-132739875.0
FS161,Letsemeng,2021,0150,Transfers and Subsidies - Operational,217263.0
FS161,Letsemeng,2021,0200,Suppliers and employees,-5504967.0
FS161,Letsemeng,2021,0430,Cash/cash equivalents at the year end:,-5287704.0
FS163,Mohokare,2021,0120,Property rates,4637612.0
FS163,Mohokare,2021,0130,Service charges,6361046.0
FS163,Mohokare,2021,0140,Other revenue,2423029.0
FS163,Mohokare,2021,0150,Transfers and Subsidies - Operational,74119259.0
FS163,Mohokare,2021,0160,Transfers and Subsidies - Capital,6177000.0
FS163,Mohokare,2021,0170,Interest,165385.0
FS163,Mohokare,2021,0180,Dividends,11847.0
FS163,Mohokare,2021,0200,Suppliers and employees,-10085861.0
FS163,Mohokare,2021,0290,Decrease (increase) in non-current investments,-11295.0
FS163,Mohokare,2021,0310,Capital assets,-80601432.0
FS163,Mohokare,2021,0420,Cash/cash equivalents at the year begin:,11253188.0
FS163,Mohokare,2021,0430,Cash/cash equivalents at the year end:,14449778.0
FS183,Tswelopele,2021,0120,Property rates,16578252.0
FS183,Tswelopele,2021,0130,Service charges,50778205.0
FS183,Tswelopele,2021,0140,Other revenue,958774.0
FS183,Tswelopele,2021,0150,Transfers and Subsidies - Operational,176518684.0
FS183,Tswelopele,2021,0160,Transfers and Subsidies - Capital,16204000.0
FS183,Tswelopele,2021,0170,Interest,59914.0
FS183,Tswelopele,2021,0200,Suppliers and employees,-21171849.0
FS183,Tswelopele,2021,0260,Proceeds on disposal of PPE,1189900.0
FS183,Tswelopele,2021,0290,Decrease (increase) in non-current investments,-179934.0
FS183,Tswelopele,2021,0310,Capital assets,-26027307.0
FS183,Tswelopele,2021,0420,Cash/cash equivalents at the year begin:,-278754218.0
FS183,Tswelopele,2021,0430,Cash/cash equivalents at the year end:,-63845579.0
FS184,Matjhabeng,2021,0120,Property rates,133373792.0
FS184,Matjhabeng,2021,0130,Service charges,640944565.0
FS184,Matjhabeng,2021,0140,Other revenue,442216158.0
FS184,Matjhabeng,2021,0150,Transfers and Subsidies - Operational,37300000.0
FS184,Matjhabeng,2021,0160,Transfers and Subsidies - Capital,161274000.0
FS184,Matjhabeng,2021,0180,Dividends,13064.0
FS184,Matjhabeng,2021,0200,Suppliers and employees,-286157987.0
FS184,Matjhabeng,2021,0310,Capital assets,-51840394.0
FS184,Matjhabeng,2021,0420,Cash/cash equivalents at the year begin:,58799975.0
FS184,Matjhabeng,2021,0430,Cash/cash equivalents at the year end:,1135923173.0
FS185,Nala,2021,0290,Decrease (increase) in non-current investments,-22438.0
FS185,Nala,2021,0430,Cash/cash equivalents at the year end:,-22438.0
FS191,Setsoto,2021,0120,Property rates,126120862.0
FS191,Setsoto,2021,0130,Service charges,105958499.0
FS191,Setsoto,2021,0140,Other revenue,3955901.0
FS191,Setsoto,2021,0150,Transfers and Subsidies - Operational,207807062.0
FS191,Setsoto,2021,0160,Transfers and Subsidies - Capital,122229280.0
FS191,Setsoto,2021,0200,Suppliers and employees,-81245893.0
FS191,Setsoto,2021,0260,Proceeds on disposal of PPE,520061.0
FS191,Setsoto,2021,0290,Decrease (increase) in non-current investments,-117455.0
FS191,Setsoto,2021,0310,Capital assets,-182022395.0
FS191,Setsoto,2021,0420,Cash/cash equivalents at the year begin:,-577298686.0
FS191,Setsoto,2021,0430,Cash/cash equivalents at the year end:,-274092764.0
FS192,Dihlabeng,2021,0120,Property rates,93312467.0
FS192,Dihlabeng,2021,0130,Service charges,231567313.0
FS192,Dihlabeng,2021,0140,Other revenue,206798609.0
FS192,Dihlabeng,2021,0200,Suppliers and employees,-263160785.0
FS192,Dihlabeng,2021,0310,Capital assets,-65709749.0
FS192,Dihlabeng,2021,0360,Borrowing long term/refinancing,-6837766.0
FS192,Dihlabeng,2021,0420,Cash/cash equivalents at the year begin:,7740.0
FS192,Dihlabeng,2021,0430,Cash/cash equivalents at the year end:,195977829.0
FS195,Phumelela,2021,0150,Transfers and Subsidies - Operational,92030013.0
FS195,Phumelela,2021,0200,Suppliers and employees,-181012240.0
FS195,Phumelela,2021,0420,Cash/cash equivalents at the year begin:,551837.0
FS195,Phumelela,2021,0430,Cash/cash equivalents at the year end:,-88430390.0
FS201,Moqhaka,2021,0290,Decrease (increase) in non-current investments,-43076.0
FS201,Moqhaka,2021,0420,Cash/cash equivalents at the year begin:,-28565991.0
FS201,Moqhaka,2021,0430,Cash/cash equivalents at the year end:,-28609067.0
FS203,Ngwathe,2021,0120,Property rates,120490245.0
FS203,Ngwathe,2021,0130,Service charges,510062813.0
FS203,Ngwathe,2021,0140,Other revenue,35190243.0
FS203,Ngwathe,2021,0150,Transfers and Subsidies - Operational,8966000.0
FS203,Ngwathe,2021,0160,Transfers and Subsidies - Capital,118759351.0
FS203,Ngwathe,2021,0200,Suppliers and employees,-935113999.0
FS203,Ngwathe,2021,0310,Capital assets,-548131.0
FS203,Ngwathe,2021,0360,Borrowing long term/refinancing,38036010.0
FS203,Ngwathe,2021,0420,Cash/cash equivalents at the year begin:,20943496.0
FS203,Ngwathe,2021,0430,Cash/cash equivalents at the year end:,-83213972.0
FS204,Metsimaholo,2021,0120,Property rates,187297894.0
FS204,Metsimaholo,2021,0130,Service charges,813972857.0
FS204,Metsimaholo,2021,0140,Other revenue,-74318811.0
FS204,Metsimaholo,2021,0150,Transfers and Subsidies - Operational,217324470.0
FS204,Metsimaholo,2021,0160,Transfers and Subsidies - Capital,26607220.0
FS204,Metsimaholo,2021,0180,Dividends,110662.0
FS204,Metsimaholo,2021,0200,Suppliers and employees,-1508808383.0
FS204,Metsimaholo,2021,0310,Capital assets,-47218401.0
FS204,Metsimaholo,2021,0420,Cash/cash equivalents at the year begin:,47401865.0
FS204,Metsimaholo,2021,0430,Cash/cash equivalents at the year end:,-337630627.0
GT421,Emfuleni,2021,0120,Property rates,550301912.0
GT421,Emfuleni,2021,0130,Service charges,2938319558.0
GT421,Emfuleni,2021,0140,Other revenue,31634466.0
GT421,Emfuleni,2021,0150,Transfers and Subsidies - Operational,21045000.0
GT421,Emfuleni,2021,0160,Transfers and Subsidies - Capital,90736000.0
GT421,Emfuleni,2021,0200,Suppliers and employees,-2589697995.0
GT421,Emfuleni,2021,0210,Finance charges,-80910.0
GT421,Emfuleni,2021,0310,Capital assets,-1312110346.0
GT421,Emfuleni,2021,0420,Cash/cash equivalents at the year begin:,240337799.0
GT421,Emfuleni,2021,0430,Cash/cash equivalents at the year end:,-29514516.0
GT422,Midvaal,2021,0120,Property rates,79033609.0
GT422,Midvaal,2021,0130,Service charges,107941967.0
GT422,Midvaal,2021,0140,Other revenue,47509723.0
GT422,Midvaal,2021,0160,Transfers and Subsidies - Capital,-1042235.0
GT422,Midvaal,2021,0200,Suppliers and employees,-259945417.0
GT422,Midvaal,2021,0310,Capital assets,-109404865.0
GT422,Midvaal,2021,0420,Cash/cash equivalents at the year begin:,400046963.0
GT422,Midvaal,2021,0430,Cash/cash equivalents at the year end:,264139745.0
GT423,Lesedi,2021,0420,Cash/cash equivalents at the year begin:,70866072.0
GT423,Lesedi,2021,0430,Cash/cash equivalents at the year end:,70866072.0
GT481,Mogale City,2021,0290,Decrease (increase) in non-current investments,1934188.0
GT481,Mogale City,2021,0420,Cash/cash equivalents at the year begin:,69444239.0
GT481,Mogale City,2021,0430,Cash/cash equivalents at the year end:,71378427.0
GT484,Merafong City,2021,0130,Service charges,-5607521.0
GT484,Merafong City,2021,0200,Suppliers and employees,-29228806.0
GT484,Merafong City,2021,0430,Cash/cash equivalents at the year end:,-34836327.0
GT485,Rand West City,2021,0120,Property rates,5727.0
GT485,Rand West City,2021,0130,Service charges,366336142.0
GT485,Rand West City,2021,0140,Other revenue,947776192.0
GT485,Rand West City,2021,0150,Transfers and Subsidies - Operational,514240857.0
GT485,Rand West City,2021,0170,Interest,1499323.0
GT485,Rand West City,2021,0200,Suppliers and employees,338248674.0
GT485,Rand West City,2021,0310,Capital assets,-192576473.0
GT485,Rand West City,2021,0420,Cash/cash equivalents at the year begin:,-271383778.0
GT485,Rand West City,2021,0430,Cash/cash equivalents at the year end:,1704146664.0
JHB,City of Johannesburg,2021,0120,Property rates,11699162323.0
JHB,City of Johannesburg,2021,0130,Service charges,30216800807.0
JHB,City of Johannesburg,2021,0140,Other revenue,13160805928.0
JHB,City of Johannesburg,2021,0150,Transfers and Subsidies - Operational,6222585141.0
JHB,City of Johannesburg,2021,0160,Transfers and Subsidies - Capital,2168411187.0
JHB,City of Johannesburg,2021,0170,Interest,217949416.0
JHB,City of Johannesburg,2021,0200,Suppliers and employees,4495009853.0
JHB,City of Johannesburg,2021,0210,Finance charges,613370034.0
JHB,City of Johannesburg,2021,0360,Borrowing long term/refinancing,1988369000.0
JHB,City of Johannesburg,2021,0390,Repayment of borrowing,-1408587881.0
JHB,City of Johannesburg,2021,0420,Cash/cash equivalents at the year begin:,6077571858.0
JHB,City of Johannesburg,2021,0430,Cash/cash equivalents at the year end:,75451447666.0
KZN212,Umdoni,2021,0120,Property rates,119835460.0
KZN212,Umdoni,2021,0130,Service charges,255325.0
KZN212,Umdoni,2021,0140,Other revenue,8455362.0
KZN212,Umdoni,2021,0150,Transfers and Subsidies - Operational,178206953.0
KZN212,Umdoni,2021,0160,Transfers and Subsidies - Capital,24719000.0
KZN212,Umdoni,2021,0200,Suppliers and employees,-2201910.0
KZN212,Umdoni,2021,0420,Cash/cash equivalents at the year begin:,194356675.0
KZN212,Umdoni,2021,0430,Cash/cash equivalents at the year end:,523626865.0
KZN213,Umzumbe,2021,0150,Transfers and Subsidies - Operational,237725958.0
KZN213,Umzumbe,2021,0200,Suppliers and employees,-472024354.0
KZN213,Umzumbe,2021,0220,Transfers and Subsidies,374778.0
KZN213,Umzumbe,2021,0430,Cash/cash equivalents at the year end:,-233923618.0
KZN214,uMuziwabantu,2021,0120,Property rates,17726008.0
KZN214,uMuziwabantu,2021,0130,Service charges,32143920.0
KZN214,uMuziwabantu,2021,0140,Other revenue,9839070.0
KZN214,uMuziwabantu,2021,0150,Transfers and Subsidies - Operational,133628286.0
KZN214,uMuziwabantu,2021,0160,Transfers and Subsidies - Capital,24822000.0
KZN214,uMuziwabantu,2021,0200,Suppliers and employees,-18765521.0
KZN214,uMuziwabantu,2021,0310,Capital assets,-62230012.0
KZN214,uMuziwabantu,2021,0420,Cash/cash equivalents at the year begin:,60085479.0
KZN214,uMuziwabantu,2021,0430,Cash/cash equivalents at the year end:,197249230.0
KZN216,Ray Nkonyeni,2021,0120,Property rates,406073852.0
KZN216,Ray Nkonyeni,2021,0130,Service charges,200531660.0
KZN216,Ray Nkonyeni,2021,0140,Other revenue,63997428.0
KZN216,Ray Nkonyeni,2021,0150,Transfers and Subsidies - Operational,386760751.0
KZN216,Ray Nkonyeni,2021,0160,Transfers and Subsidies - Capital,92509000.0
KZN216,Ray Nkonyeni,2021,0200,Suppliers and employees,-281604889.0
KZN216,Ray Nkonyeni,2021,0310,Capital assets,-106497015.0
KZN216,Ray Nkonyeni,2021,0390,Repayment of borrowing,-16932302.0
KZN216,Ray Nkonyeni,2021,0420,Cash/cash equivalents at the year begin:,670889632.0
KZN216,Ray Nkonyeni,2021,0430,Cash/cash equivalents at the year end:,1415728117.0
KZN221,uMshwathi,2021,0150,Transfers and Subsidies - Operational,21949.0
KZN221,uMshwathi,2021,0430,Cash/cash equivalents at the year end:,21949.0
KZN222,uMngeni,2021,0120,Property rates,316935241.0
KZN222,uMngeni,2021,0130,Service charges,12816212.0
KZN222,uMngeni,2021,0140,Other revenue,5968733.0
KZN222,uMngeni,2021,0150,Transfers and Subsidies - Operational,118953.0
KZN222,uMngeni,2021,0200,Suppliers and employees,146637.0
KZN222,uMngeni,2021,0280,Decrease (increase) in non-current receivables,-1900101.0
KZN222,uMngeni,2021,0420,Cash/cash equivalents at the year begin:,32099031.0
KZN222,uMngeni,2021,0430,Cash/cash equivalents at the year end:,366184706.0
KZN223,Mpofana,2021,0120,Property rates,33488135.0
KZN223,Mpofana,2021,0130,Service charges,39353088.0
KZN223,Mpofana,2021,0140,Other revenue,6620145.0
KZN223,Mpofana,2021,0150,Transfers and Subsidies - Operational,49577000.0
KZN223,Mpofana,2021,0160,Transfers and Subsidies - Capital,16981000.0
KZN223,Mpofana,2021,0170,Interest,223464.0
KZN223,Mpofana,2021,0200,Suppliers and employees,-120282204.0
KZN223,Mpofana,2021,0210,Finance charges,-7135929.0
KZN223,Mpofana,2021,0290,Decrease (increase) in non-current investments,279712.0
KZN223,Mpofana,2021,0310,Capital assets,-11153606.0
KZN223,Mpofana,2021,0390,Repayment of borrowing,-5029339.0
KZN223,Mpofana,2021,0420,Cash/cash equivalents at the year begin:,2442053.0
KZN223,Mpofana,2021,0430,Cash/cash equivalents at the year end:,5363519.0
KZN224,Impendle,2021,0150,Transfers and Subsidies - Operational,-165295.0
KZN224,Impendle,2021,0430,Cash/cash equivalents at the year end:,-165295.0
KZN225,Msunduzi,2021,0120,Property rates,1018654960.0
KZN225,Msunduzi,2021,0140,Other revenue,-665248357.0
KZN225,Msunduzi,2021,0200,Suppliers and employees,139463736.0
KZN225,Msunduzi,2021,0280,Decrease (increase) in non-current receivables,-14035644.0
KZN225,Msunduzi,2021,0420,Cash/cash equivalents at the year begin:,25595.0
KZN225,Msunduzi,2021,0430,Cash/cash equivalents at the year end:,478860290.0
KZN226,Mkhambathini,2021,0420,Cash/cash equivalents at the year begin:,16488108.0
KZN226,Mkhambathini,2021,0430,Cash/cash equivalents at the year end:,16488108.0
KZN227,Richmond,2021,0120,Property rates,44338562.0
KZN227,Richmond,2021,0130,Service charges,605959.0
KZN227,Richmond,2021,0140,Other revenue,2583972.0
KZN227,Richmond,2021,0150,Transfers and Subsidies - Operational,109438276.0
KZN227,Richmond,2021,0160,Transfers and Subsidies - Capital,31560000.0
KZN227,Richmond,2021,0170,Interest,426488.0
KZN227,Richmond,2021,0200,Suppliers and employees,-10646816.0
KZN227,Richmond,2021,0310,Capital assets,-39615850.0
KZN227,Richmond,2021,0420,Cash/cash equivalents at the year begin:,54007812.0
KZN227,Richmond,2021,0430,Cash/cash equivalents at the year end:,192698403.0
KZN235,Okhahlamba,2021,0420,Cash/cash equivalents at the year begin:,101828298.0
KZN235,Okhahlamba,2021,0430,Cash/cash equivalents at the year end:,101828298.0
KZN237,Inkosi Langalibalele,2021,0200,Suppliers and employees,-145313699.0
KZN237,Inkosi Langalibalele,2021,0390,Repayment of borrowing,133218.0
KZN237,Inkosi Langalibalele,2021,0420,Cash/cash equivalents at the year begin:,23342208.0
KZN237,Inkosi Langalibalele,2021,0430,Cash/cash equivalents at the year end:,-121838273.0
KZN238,Alfred Duma,2021,0120,Property rates,140285617.0
KZN238,Alfred Duma,2021,0130,Service charges,586568260.0
KZN238,Alfred Duma,2021,0140,Other revenue,16174143.0
KZN238,Alfred Duma,2021,0150,Transfers and Subsidies - Operational,346422685.0
KZN238,Alfred Duma,2021,0160,Transfers and Subsidies - Capital,64522000.0
KZN238,Alfred Duma,2021,0170,Interest,11688082.0
KZN238,Alfred Duma,2021,0200,Suppliers and employees,-11729562.0
KZN238,Alfred Duma,2021,0220,Transfers and Subsidies,-130231.0
KZN238,Alfred Duma,2021,0280,Decrease (increase) in non-current receivables,4070.0
KZN238,Alfred Duma,2021,0310,Capital assets,-68244329.0
KZN238,Alfred Duma,2021,0390,Repayment of borrowing,-261313.0
KZN238,Alfred Duma,2021,0420,Cash/cash equivalents at the year begin:,-932609058.0
KZN238,Alfred Duma,2021,0430,Cash/cash equivalents at the year end:,152690364.0
KZN241,Endumeni,2021,0200,Suppliers and employees,-40038059.0
KZN241,Endumeni,2021,0280,Decrease (increase) in non-current receivables,-538535.0
KZN241,Endumeni,2021,0290,Decrease (increase) in non-current investments,-30993532.0
KZN241,Endumeni,2021,0420,Cash/cash equivalents at the year begin:,4492418.0
KZN241,Endumeni,2021,0430,Cash/cash equivalents at the year end:,-67077708.0
KZN242,Nquthu,2021,0120,Property rates,49341806.0
KZN242,Nquthu,2021,0130,Service charges,127130674.0
KZN242,Nquthu,2021,0140,Other revenue,4090581.0
KZN242,Nquthu,2021,0150,Transfers and Subsidies - Operational,187562759.0
KZN242,Nquthu,2021,0160,Transfers and Subsidies - Capital,37628000.0
KZN242,Nquthu,2021,0170,Interest,-35268.0
KZN242,Nquthu,2021,0200,Suppliers and employees,-91055460.0
KZN242,Nquthu,2021,0310,Capital assets,-14803692.0
KZN242,Nquthu,2021,0420,Cash/cash equivalents at the year begin:,292191639.0
KZN242,Nquthu,2021,0430,Cash/cash equivalents at the year end:,592051039.0
KZN244,Msinga,2021,0120,Property rates,6724275.0
KZN244,Msinga,2021,0130,Service charges,349181.0
KZN244,Msinga,2021,0140,Other revenue,214770914.0
KZN244,Msinga,2021,0150,Transfers and Subsidies - Operational,217056122.0
KZN244,Msinga,2021,0160,Transfers and Subsidies - Capital,66383081.0
KZN244,Msinga,2021,0170,Interest,498136.0
KZN244,Msinga,2021,0200,Suppliers and employees,23605232.0
KZN244,Msinga,2021,0310,Capital assets,-50041955.0
KZN244,Msinga,2021,0420,Cash/cash equivalents at the year begin:,-378433744.0
KZN244,Msinga,2021,0430,Cash/cash equivalents at the year end:,100911242.0
KZN245,Umvoti,2021,0140,Other revenue,1383604.0
KZN245,Umvoti,2021,0150,Transfers and Subsidies - Operational,11847097.0
KZN245,Umvoti,2021,0390,Repayment of borrowing,184668.0
KZN245,Umvoti,2021,0430,Cash/cash equivalents at the year end:,13415369.0
KZN252,Newcastle,2021,0120,Property rates,21109660.0
KZN252,Newcastle,2021,0140,Other revenue,2661640594.0
KZN252,Newcastle,2021,0170,Interest,376030.0
KZN252,Newcastle,2021,0200,Suppliers and employees,-1179387.0
KZN252,Newcastle,2021,0420,Cash/cash equivalents at the year begin:,705419.0
KZN252,Newcastle,2021,0430,Cash/cash equivalents at the year end:,2682652316.0
KZN253,Emadlangeni,2021,0130,Service charges,2175114.0
KZN253,Emadlangeni,2021,0140,Other revenue,9168.0
KZN253,Emadlangeni,2021,0150,Transfers and Subsidies - Operational,2700584.0
KZN253,Emadlangeni,2021,0200,Suppliers and employees,1967218.0
KZN253,Emadlangeni,2021,0430,Cash/cash equivalents at the year end:,6852084.0
KZN254,Dannhauser,2021,0120,Property rates,19079992.0
KZN254,Dannhauser,2021,0130,Service charges,454521.0
KZN254,Dannhauser,2021,0140,Other revenue,2417737.0
KZN254,Dannhauser,2021,0150,Transfers and Subsidies - Operational,149265900.0
KZN254,Dannhauser,2021,0160,Transfers and Subsidies - Capital,13645500.0
KZN254,Dannhauser,2021,0170,Interest,616743.0
KZN254,Dannhauser,2021,0200,Suppliers and employees,-8640090.0
KZN254,Dannhauser,2021,0310,Capital assets,-91848766.0
KZN254,Dannhauser,2021,0360,Borrowing long term/refinancing,29711050.0
KZN254,Dannhauser,2021,0420,Cash/cash equivalents at the year begin:,-77815177.0
KZN254,Dannhauser,2021,0430,Cash/cash equivalents at the year end:,36887410.0
KZN261,eDumbe,2021,0420,Cash/cash equivalents at the year begin:,-3999918.0
KZN261,eDumbe,2021,0430,Cash/cash equivalents at the year end:,-3999918.0
KZN262,uPhongolo,2021,0150,Transfers and Subsidies - Operational,45000000.0
KZN262,uPhongolo,2021,0200,Suppliers and employees,-91353983.0
KZN262,uPhongolo,2021,0390,Repayment of borrowing,-6700141.0
KZN262,uPhongolo,2021,0420,Cash/cash equivalents at the year begin:,29277900.0
KZN262,uPhongolo,2021,0430,Cash/cash equivalents at the year end:,-23776224.0
KZN263,Abaqulusi,2021,0120,Property rates,30310187.0
KZN263,Abaqulusi,2021,0130,Service charges,271603325.0
KZN263,Abaqulusi,2021,0140,Other revenue,63795789.0
KZN263,Abaqulusi,2021,0150,Transfers and Subsidies - Operational,200432027.0
KZN263,Abaqulusi,2021,0160,Transfers and Subsidies - Capital,49485635.0
KZN263,Abaqulusi,2021,0170,Interest,-22070.0
KZN263,Abaqulusi,2021,0200,Suppliers and employees,-58493167.0
KZN263,Abaqulusi,2021,0310,Capital assets,-45654594.0
KZN263,Abaqulusi,2021,0420,Cash/cash equivalents at the year begin:,328409261.0
KZN263,Abaqulusi,2021,0430,Cash/cash equivalents at the year end:,839866393.0
KZN265,Nongoma,2021,0420,Cash/cash equivalents at the year begin:,1180.0
KZN265,Nongoma,2021,0430,Cash/cash equivalents at the year end:,1180.0
KZN266,Ulundi,2021,0150,Transfers and Subsidies - Operational,191671594.0
KZN266,Ulundi,2021,0430,Cash/cash equivalents at the year end:,191671594.0
KZN271,Umhlabuyalingana,2021,0140,Other revenue,387908907.0
KZN271,Umhlabuyalingana,2021,0170,Interest,551948.0
KZN271,Umhlabuyalingana,2021,0200,Suppliers and employees,8729072.0
KZN271,Umhlabuyalingana,2021,0220,Transfers and Subsidies,-1809000.0
KZN271,Umhlabuyalingana,2021,0430,Cash/cash equivalents at the year end:,395380927.0
KZN272,Jozini,2021,0120,Property rates,5175602.0
KZN272,Jozini,2021,0150,Transfers and Subsidies - Operational,3552961.0
KZN272,Jozini,2021,0200,Suppliers and employees,-61925899.0
KZN272,Jozini,2021,0430,Cash/cash equivalents at the year end:,-53197336.0
KZN275,Mtubatuba,2021,0120,Property rates,191600.0
KZN275,Mtubatuba,2021,0200,Suppliers and employees,19058399.0
KZN275,Mtubatuba,2021,0420,Cash/cash equivalents at the year begin:,-863.0
KZN275,Mtubatuba,2021,0430,Cash/cash equivalents at the year end:,19249136.0
KZN276,Hlabisa Big Five,2021,0150,Transfers and Subsidies - Operational,10526084.0
KZN276,Hlabisa Big Five,2021,0160,Transfers and Subsidies - Capital,15924259.0
KZN276,Hlabisa Big Five,2021,0280,Decrease (increase) in non-current receivables,10469687.0
KZN276,Hlabisa Big Five,2021,0390,Repayment of borrowing,79678.0
KZN276,Hlabisa Big Five,2021,0430,Cash/cash equivalents at the year end:,36999708.0
KZN281,Mfolozi,2021,0200,Suppliers and employees,6098.0
KZN281,Mfolozi,2021,0420,Cash/cash equivalents at the year begin:,2050.0
KZN281,Mfolozi,2021,0430,Cash/cash equivalents at the year end:,8148.0
KZN282,uMhlathuze,2021,0120,Property rates,480692425.0
KZN282,uMhlathuze,2021,0130,Service charges,2405083211.0
KZN282,uMhlathuze,2021,0140,Other revenue,159409655.0
KZN282,uMhlathuze,2021,0150,Transfers and Subsidies - Operational,477783310.0
KZN282,uMhlathuze,2021,0160,Transfers and Subsidies - Capital,189463000.0
KZN282,uMhlathuze,2021,0200,Suppliers and employees,-3457833246.0
KZN282,uMhlathuze,2021,0260,Proceeds on disposal of PPE,90000000.0
KZN282,uMhlathuze,2021,0360,Borrowing long term/refinancing,90000000.0
KZN282,uMhlathuze,2021,0420,Cash/cash equivalents at the year begin:,599918431.0
KZN282,uMhlathuze,2021,0430,Cash/cash equivalents at the year end:,1034516786.0
KZN284,uMlalazi,2021,0420,Cash/cash equivalents at the year begin:,126384654.0
KZN284,uMlalazi,2021,0430,Cash/cash equivalents at the year end:,126384654.0
KZN285,Mthonjaneni,2021,0160,Transfers and Subsidies - Capital,-2074890.0
KZN285,Mthonjaneni,2021,0220,Transfers and Subsidies,-17134.0
KZN285,Mthonjaneni,2021,0430,Cash/cash equivalents at the year end:,-2092024.0
KZN286,Nkandla,2021,0420,Cash/cash equivalents at the year begin:,15130833.0
KZN286,Nkandla,2021,0430,Cash/cash equivalents at the year end:,15130833.0
KZN291,Mandeni,2021,0120,Property rates,328626326.0
KZN291,Mandeni,2021,0130,Service charges,1665990.0
KZN291,Mandeni,2021,0140,Other revenue,4484252.0
KZN291,Mandeni,2021,0150,Transfers and Subsidies - Operational,360096998.0
KZN291,Mandeni,2021,0160,Transfers and Subsidies - Capital,50556282.0
KZN291,Mandeni,2021,0170,Interest,738465.0
KZN291,Mandeni,2021,0200,Suppliers and employees,38267693.0
KZN291,Mandeni,2021,0420,Cash/cash equivalents at the year begin:,30000000.0
KZN291,Mandeni,2021,0430,Cash/cash equivalents at the year end:,814436006.0
KZN292,KwaDukuza,2021,0120,Property rates,541524388.0
KZN292,KwaDukuza,2021,0130,Service charges,1082173995.0
KZN292,KwaDukuza,2021,0140,Other revenue,51003921.0
KZN292,KwaDukuza,2021,0150,Transfers and Subsidies - Operational,233301519.0
KZN292,KwaDukuza,2021,0160,Transfers and Subsidies - Capital,58817160.0
KZN292,KwaDukuza,2021,0170,Interest,24113968.0
KZN292,KwaDukuza,2021,0200,Suppliers and employees,-46248440.0
KZN292,KwaDukuza,2021,0310,Capital assets,-146917320.0
KZN292,KwaDukuza,2021,0420,Cash/cash equivalents at the year begin:,-606021955.0
KZN292,KwaDukuza,2021,0430,Cash/cash equivalents at the year end:,1191747236.0
KZN293,Ndwedwe,2021,0150,Transfers and Subsidies - Operational,462015489.0
KZN293,Ndwedwe,2021,0200,Suppliers and employees,5120188.0
KZN293,Ndwedwe,2021,0420,Cash/cash equivalents at the year begin:,82412801.0
KZN293,Ndwedwe,2021,0430,Cash/cash equivalents at the year end:,549548478.0
KZN294,Maphumulo,2021,0150,Transfers and Subsidies - Operational,215419082.0
KZN294,Maphumulo,2021,0170,Interest,689967.0
KZN294,Maphumulo,2021,0200,Suppliers and employees,-74626.0
KZN294,Maphumulo,2021,0420,Cash/cash equivalents at the year begin:,13256069.0
KZN294,Maphumulo,2021,0430,Cash/cash equivalents at the year end:,229290492.0
KZN433,Greater Kokstad,2021,0120,Property rates,189733791.0
KZN433,Greater Kokstad,2021,0130,Service charges,93380052.0
KZN433,Greater Kokstad,2021,0140,Other revenue,11413429.0
KZN433,Greater Kokstad,2021,0150,Transfers and Subsidies - Operational,82529715.0
KZN433,Greater Kokstad,2021,0160,Transfers and Subsidies - Capital,45208198.0
KZN433,Greater Kokstad,2021,0170,Interest,2186.0
KZN433,Greater Kokstad,2021,0200,Suppliers and employees,-24676895.0
KZN433,Greater Kokstad,2021,0310,Capital assets,-124663317.0
KZN433,Greater Kokstad,2021,0420,Cash/cash equivalents at the year begin:,211738669.0
KZN433,Greater Kokstad,2021,0430,Cash/cash equivalents at the year end:,484665828.0
KZN434,Johannes Phumani Phungula,2021,0140,Other revenue,40386572.0
KZN434,Johannes Phumani Phungula,2021,0150,Transfers and Subsidies - Operational,125826525.0
KZN434,Johannes Phumani Phungula,2021,0200,Suppliers and employees,18422755.0
KZN434,Johannes Phumani Phungula,2021,0220,Transfers and Subsidies,-2496000.0
KZN434,Johannes Phumani Phungula,2021,0420,Cash/cash equivalents at the year begin:,206896017.0
KZN434,Johannes Phumani Phungula,2021,0430,Cash/cash equivalents at the year end:,389035869.0
KZN435,Umzimkhulu,2021,0140,Other revenue,2737974.0
KZN435,Umzimkhulu,2021,0150,Transfers and Subsidies - Operational,245977216.0
KZN435,Umzimkhulu,2021,0160,Transfers and Subsidies - Capital,54116000.0
KZN435,Umzimkhulu,2021,0170,Interest,1330702.0
KZN435,Umzimkhulu,2021,0200,Suppliers and employees,-9621800.0
KZN435,Umzimkhulu,2021,0260,Proceeds on disposal of PPE,500.0
KZN435,Umzimkhulu,2021,0290,Decrease (increase) in non-current investments,-30379144.0
KZN435,Umzimkhulu,2021,0310,Capital assets,-105695344.0
KZN435,Umzimkhulu,2021,0420,Cash/cash equivalents at the year begin:,588726894.0
KZN435,Umzimkhulu,2021,0430,Cash/cash equivalents at the year end:,747192998.0
KZN436,Dr Nkosazana Dlamini Zuma,2021,0120,Property rates,24998908.0
KZN436,Dr Nkosazana Dlamini Zuma,2021,0130,Service charges,2362665.0
KZN436,Dr Nkosazana Dlamini Zuma,2021,0140,Other revenue,1192824.0
KZN436,Dr Nkosazana Dlamini Zuma,2021,0150,Transfers and Subsidies - Operational,243592826.0
KZN436,Dr Nkosazana Dlamini Zuma,2021,0160,Transfers and Subsidies - Capital,20658000.0
KZN436,Dr Nkosazana Dlamini Zuma,2021,0200,Suppliers and employees,182850.0
KZN436,Dr Nkosazana Dlamini Zuma,2021,0420,Cash/cash equivalents at the year begin:,124203190.0
KZN436,Dr Nkosazana Dlamini Zuma,2021,0430,Cash/cash equivalents at the year end:,417191263.0
LIM332,Greater Letaba,2021,0120,Property rates,1634395.0
LIM332,Greater Letaba,2021,0130,Service charges,9284354.0
LIM332,Greater Letaba,2021,0140,Other revenue,15250274.0
LIM332,Greater Letaba,2021,0150,Transfers and Subsidies - Operational,226994359.0
LIM332,Greater Letaba,2021,0160,Transfers and Subsidies - Capital,30297000.0
LIM332,Greater Letaba,2021,0170,Interest,1205749.0
LIM332,Greater Letaba,2021,0200,Suppliers and employees,-30526333.0
LIM332,Greater Letaba,2021,0310,Capital assets,-87812837.0
LIM332,Greater Letaba,2021,0420,Cash/cash equivalents at the year begin:,682948.0
LIM332,Greater Letaba,2021,0430,Cash/cash equivalents at the year end:,167009909.0
LIM333,Greater Tzaneen,2021,0200,Suppliers and employees,-11060688.0
LIM333,Greater Tzaneen,2021,0210,Finance charges,-741957.0
LIM333,Greater Tzaneen,2021,0290,Decrease (increase) in non-current investments,-17750019.0
LIM333,Greater Tzaneen,2021,0310,Capital assets,-112255054.0
LIM333,Greater Tzaneen,2021,0420,Cash/cash equivalents at the year begin:,70215766.0
LIM333,Greater Tzaneen,2021,0430,Cash/cash equivalents at the year end:,-71591952.0
LIM334,Ba-Phalaborwa,2021,0150,Transfers and Subsidies - Operational,41285889.0
LIM334,Ba-Phalaborwa,2021,0200,Suppliers and employees,-6980840.0
LIM334,Ba-Phalaborwa,2021,0310,Capital assets,-45818946.0
LIM334,Ba-Phalaborwa,2021,0420,Cash/cash equivalents at the year begin:,54995503.0
LIM334,Ba-Phalaborwa,2021,0430,Cash/cash equivalents at the year end:,43481606.0
LIM335,Maruleng,2021,0140,Other revenue,106419158.0
LIM335,Maruleng,2021,0150,Transfers and Subsidies - Operational,163302138.0
LIM335,Maruleng,2021,0160,Transfers and Subsidies - Capital,46328000.0
LIM335,Maruleng,2021,0200,Suppliers and employees,84293105.0
LIM335,Maruleng,2021,0310,Capital assets,-138300050.0
LIM335,Maruleng,2021,0420,Cash/cash equivalents at the year begin:,73847429.0
LIM335,Maruleng,2021,0430,Cash/cash equivalents at the year end:,335889780.0
LIM341,Musina,2021,0130,Service charges,69150398.0
LIM341,Musina,2021,0140,Other revenue,94610567.0
LIM341,Musina,2021,0150,Transfers and Subsidies - Operational,3942608.0
LIM341,Musina,2021,0200,Suppliers and employees,-3230023.0
LIM341,Musina,2021,0260,Proceeds on disposal of PPE,1936287.0
LIM341,Musina,2021,0310,Capital assets,-31823253.0
LIM341,Musina,2021,0420,Cash/cash equivalents at the year begin:,-171926757.0
LIM341,Musina,2021,0430,Cash/cash equivalents at the year end:,-37340173.0
LIM343,Thulamela,2021,0120,Property rates,865448.0
LIM343,Thulamela,2021,0130,Service charges,310.0
LIM343,Thulamela,2021,0140,Other revenue,30161470.0
LIM343,Thulamela,2021,0150,Transfers and Subsidies - Operational,446.0
LIM343,Thulamela,2021,0170,Interest,18004151.0
LIM343,Thulamela,2021,0200,Suppliers and employees,-114220647.0
LIM343,Thulamela,2021,0310,Capital assets,-118030699.0
LIM343,Thulamela,2021,0420,Cash/cash equivalents at the year begin:,-264920916.0
LIM343,Thulamela,2021,0430,Cash/cash equivalents at the year end:,-448140437.0
LIM344,Makhado,2021,0120,Property rates,191507484.0
LIM344,Makhado,2021,0130,Service charges,341048849.0
LIM344,Makhado,2021,0140,Other revenue,207619882.0
LIM344,Makhado,2021,0150,Transfers and Subsidies - Operational,478531532.0
LIM344,Makhado,2021,0160,Transfers and Subsidies - Capital,98216000.0
LIM344,Makhado,2021,0200,Suppliers and employees,-451453675.0
LIM344,Makhado,2021,0310,Capital assets,-148661138.0
LIM344,Makhado,2021,0420,Cash/cash equivalents at the year begin:,-253928850.0
LIM344,Makhado,2021,0430,Cash/cash equivalents at the year end:,462880084.0
LIM345,Collins Chabane,2021,0120,Property rates,10624031.0
LIM345,Collins Chabane,2021,0130,Service charges,1484673.0
LIM345,Collins Chabane,2021,0140,Other revenue,620898.0
LIM345,Collins Chabane,2021,0150,Transfers and Subsidies - Operational,516485094.0
LIM345,Collins Chabane,2021,0160,Transfers and Subsidies - Capital,10660012.0
LIM345,Collins Chabane,2021,0200,Suppliers and employees,-133546318.0
LIM345,Collins Chabane,2021,0290,Decrease (increase) in non-current investments,-100000000.0
LIM345,Collins Chabane,2021,0310,Capital assets,-278109810.0
LIM345,Collins Chabane,2021,0420,Cash/cash equivalents at the year begin:,1057080560.0
LIM345,Collins Chabane,2021,0430,Cash/cash equivalents at the year end:,1085299140.0
LIM351,Blouberg,2021,0120,Property rates,5583085.0
LIM351,Blouberg,2021,0130,Service charges,22994455.0
LIM351,Blouberg,2021,0140,Other revenue,235718538.0
LIM351,Blouberg,2021,0200,Suppliers and employees,-198789389.0
LIM351,Blouberg,2021,0310,Capital assets,-52108056.0
LIM351,Blouberg,2021,0420,Cash/cash equivalents at the year begin:,41507761.0
LIM351,Blouberg,2021,0430,Cash/cash equivalents at the year end:,54906394.0
LIM353,Molemole,2021,0120,Property rates,24783316.0
LIM353,Molemole,2021,0130,Service charges,913811.0
LIM353,Molemole,2021,0140,Other revenue,136781060.0
LIM353,Molemole,2021,0150,Transfers and Subsidies - Operational,429680.0
LIM353,Molemole,2021,0160,Transfers and Subsidies - Capital,11396850.0
LIM353,Molemole,2021,0200,Suppliers and employees,-113363558.0
LIM353,Molemole,2021,0310,Capital assets,-26519738.0
LIM353,Molemole,2021,0420,Cash/cash equivalents at the year begin:,23010966.0
LIM353,Molemole,2021,0430,Cash/cash equivalents at the year end:,57432387.0
LIM354,Polokwane,2021,0120,Property rates,428137921.0
LIM354,Polokwane,2021,0130,Service charges,1602159587.0
LIM354,Polokwane,2021,0140,Other revenue,148050337.0
LIM354,Polokwane,2021,0150,Transfers and Subsidies - Operational,1203831129.0
LIM354,Polokwane,2021,0160,Transfers and Subsidies - Capital,883555001.0
LIM354,Polokwane,2021,0170,Interest,4204008.0
LIM354,Polokwane,2021,0200,Suppliers and employees,-296758757.0
LIM354,Polokwane,2021,0260,Proceeds on disposal of PPE,539953.0
LIM354,Polokwane,2021,0310,Capital assets,-734409401.0
LIM354,Polokwane,2021,0420,Cash/cash equivalents at the year begin:,-746413808.0
LIM354,Polokwane,2021,0430,Cash/cash equivalents at the year end:,2492895970.0
LIM355,Lepelle-Nkumpi,2021,0120,Property rates,9581781.0
LIM355,Lepelle-Nkumpi,2021,0130,Service charges,35961018.0
LIM355,Lepelle-Nkumpi,2021,0140,Other revenue,548588528.0
LIM355,Lepelle-Nkumpi,2021,0200,Suppliers and employees,-56435912.0
LIM355,Lepelle-Nkumpi,2021,0310,Capital assets,-36509005.0
LIM355,Lepelle-Nkumpi,2021,0420,Cash/cash equivalents at the year begin:,117955790.0
LIM355,Lepelle-Nkumpi,2021,0430,Cash/cash equivalents at the year end:,619142200.0
LIM361,Thabazimbi,2021,0120,Property rates,66774724.0
LIM361,Thabazimbi,2021,0130,Service charges,107971024.0
LIM361,Thabazimbi,2021,0140,Other revenue,17242749.0
LIM361,Thabazimbi,2021,0150,Transfers and Subsidies - Operational,9538796.0
LIM361,Thabazimbi,2021,0200,Suppliers and employees,10185638.0
LIM361,Thabazimbi,2021,0210,Finance charges,4097710.0
LIM361,Thabazimbi,2021,0310,Capital assets,-92513585.0
LIM361,Thabazimbi,2021,0420,Cash/cash equivalents at the year begin:,261858.0
LIM361,Thabazimbi,2021,0430,Cash/cash equivalents at the year end:,123558914.0
LIM362,Lephalale,2021,0120,Property rates,42090639.0
LIM362,Lephalale,2021,0130,Service charges,124240006.0
LIM362,Lephalale,2021,0140,Other revenue,48414127.0
LIM362,Lephalale,2021,0150,Transfers and Subsidies - Operational,-177878298.0
LIM362,Lephalale,2021,0160,Transfers and Subsidies - Capital,78721593.0
LIM362,Lephalale,2021,0200,Suppliers and employees,57.0
LIM362,Lephalale,2021,0310,Capital assets,-113609420.0
LIM362,Lephalale,2021,0420,Cash/cash equivalents at the year begin:,84516211.0
LIM362,Lephalale,2021,0430,Cash/cash equivalents at the year end:,86494915.0
LIM366,Bela Bela,2021,0120,Property rates,57315894.0
LIM366,Bela Bela,2021,0130,Service charges,110665232.0
LIM366,Bela Bela,2021,0140,Other revenue,35553746.0
LIM366,Bela Bela,2021,0150,Transfers and Subsidies - Operational,127723550.0
LIM366,Bela Bela,2021,0160,Transfers and Subsidies - Capital,59623000.0
LIM366,Bela Bela,2021,0200,Suppliers and employees,-62897406.0
LIM366,Bela Bela,2021,0310,Capital assets,-70870073.0
LIM366,Bela Bela,2021,0420,Cash/cash equivalents at the year begin:,591984423.0
LIM366,Bela Bela,2021,0430,Cash/cash equivalents at the year end:,849098366.0
LIM367,Mogalakwena,2021,0120,Property rates,56936033.0
LIM367,Mogalakwena,2021,0130,Service charges,344062396.0
LIM367,Mogalakwena,2021,0140,Other revenue,361794402.0
LIM367,Mogalakwena,2021,0150,Transfers and Subsidies - Operational,944000.0
LIM367,Mogalakwena,2021,0160,Transfers and Subsidies - Capital,171182740.0
LIM367,Mogalakwena,2021,0200,Suppliers and employees,-529590097.0
LIM367,Mogalakwena,2021,0280,Decrease (increase) in non-current receivables,10571839.0
LIM367,Mogalakwena,2021,0310,Capital assets,-156351041.0
LIM367,Mogalakwena,2021,0420,Cash/cash equivalents at the year begin:,35912598.0
LIM367,Mogalakwena,2021,0430,Cash/cash equivalents at the year end:,295462870.0
LIM368,Modimolle-Mookgopong,2021,0120,Property rates,27406592.0
LIM368,Modimolle-Mookgopong,2021,0130,Service charges,241568749.0
LIM368,Modimolle-Mookgopong,2021,0140,Other revenue,268224710.0
LIM368,Modimolle-Mookgopong,2021,0150,Transfers and Subsidies - Operational,121231675.0
LIM368,Modimolle-Mookgopong,2021,0200,Suppliers and employees,66211341.0
LIM368,Modimolle-Mookgopong,2021,0310,Capital assets,-89308209.0
LIM368,Modimolle-Mookgopong,2021,0420,Cash/cash equivalents at the year begin:,-423781509.0
LIM368,Modimolle-Mookgopong,2021,0430,Cash/cash equivalents at the year end:,211553349.0
LIM471,Ephraim Mogale,2021,0120,Property rates,31449388.0
LIM471,Ephraim Mogale,2021,0130,Service charges,83014384.0
LIM471,Ephraim Mogale,2021,0140,Other revenue,2466669.0
LIM471,Ephraim Mogale,2021,0150,Transfers and Subsidies - Operational,193494315.0
LIM471,Ephraim Mogale,2021,0160,Transfers and Subsidies - Capital,54830000.0
LIM471,Ephraim Mogale,2021,0200,Suppliers and employees,-6896116.0
LIM471,Ephraim Mogale,2021,0310,Capital assets,-90461733.0
LIM471,Ephraim Mogale,2021,0420,Cash/cash equivalents at the year begin:,177359228.0
LIM471,Ephraim Mogale,2021,0430,Cash/cash equivalents at the year end:,445256135.0
LIM472,Elias Motsoaledi,2021,0130,Service charges,1954353.0
LIM472,Elias Motsoaledi,2021,0140,Other revenue,-68354.0
LIM472,Elias Motsoaledi,2021,0150,Transfers and Subsidies - Operational,36297354.0
LIM472,Elias Motsoaledi,2021,0160,Transfers and Subsidies - Capital,4000.0
LIM472,Elias Motsoaledi,2021,0170,Interest,43922.0
LIM472,Elias Motsoaledi,2021,0200,Suppliers and employees,-320235741.0
LIM472,Elias Motsoaledi,2021,0310,Capital assets,-76404488.0
LIM472,Elias Motsoaledi,2021,0420,Cash/cash equivalents at the year begin:,895652598.0
LIM472,Elias Motsoaledi,2021,0430,Cash/cash equivalents at the year end:,537243644.0
LIM476,Tubatse Fetakgomo,2021,0420,Cash/cash equivalents at the year begin:,213363199.0
LIM476,Tubatse Fetakgomo,2021,0430,Cash/cash equivalents at the year end:,213363199.0
MAN,Mangaung,2021,0120,Property rates,237319020.0
MAN,Mangaung,2021,0130,Service charges,2179336393.0
MAN,Mangaung,2021,0140,Other revenue,124590391.0
MAN,Mangaung,2021,0160,Transfers and Subsidies - Capital,412440474.0
MAN,Mangaung,2021,0200,Suppliers and employees,-1677489911.0
MAN,Mangaung,2021,0280,Decrease (increase) in non-current receivables,-8419.0
MAN,Mangaung,2021,0310,Capital assets,-464187321.0
MAN,Mangaung,2021,0420,Cash/cash equivalents at the year begin:,427624590.0
MAN,Mangaung,2021,0430,Cash/cash equivalents at the year end:,1239625217.0
MP301,Albert Luthuli,2021,0120,Property rates,50826370.0
MP301,Albert Luthuli,2021,0130,Service charges,51679073.0
MP301,Albert Luthuli,2021,0140,Other revenue,-833062314.0
MP301,Albert Luthuli,2021,0150,Transfers and Subsidies - Operational,398244160.0
MP301,Albert Luthuli,2021,0160,Transfers and Subsidies - Capital,344061500.0
MP301,Albert Luthuli,2021,0310,Capital assets,-397182996.0
MP301,Albert Luthuli,2021,0420,Cash/cash equivalents at the year begin:,101325597.0
MP301,Albert Luthuli,2021,0430,Cash/cash equivalents at the year end:,-284108610.0
MP302,Msukaligwa,2021,0120,Property rates,118519450.0
MP302,Msukaligwa,2021,0130,Service charges,601825300.0
MP302,Msukaligwa,2021,0140,Other revenue,243670648.0
MP302,Msukaligwa,2021,0200,Suppliers and employees,-713217579.0
MP302,Msukaligwa,2021,0260,Proceeds on disposal of PPE,-1824046.0
MP302,Msukaligwa,2021,0310,Capital assets,-3442257.0
MP302,Msukaligwa,2021,0360,Borrowing long term/refinancing,20222.0
MP302,Msukaligwa,2021,0420,Cash/cash equivalents at the year begin:,22015601.0
MP302,Msukaligwa,2021,0430,Cash/cash equivalents at the year end:,267567339.0
MP304,Pixley Ka Seme (MP),2021,0120,Property rates,25342541.0
MP304,Pixley Ka Seme (MP),2021,0130,Service charges,83980106.0
MP304,Pixley Ka Seme (MP),2021,0140,Other revenue,33057228.0
MP304,Pixley Ka Seme (MP),2021,0150,Transfers and Subsidies - Operational,101901496.0
MP304,Pixley Ka Seme (MP),2021,0160,Transfers and Subsidies - Capital,30002079.0
MP304,Pixley Ka Seme (MP),2021,0200,Suppliers and employees,-54016418.0
MP304,Pixley Ka Seme (MP),2021,0310,Capital assets,-39873973.0
MP304,Pixley Ka Seme (MP),2021,0420,Cash/cash equivalents at the year begin:,101117907.0
MP304,Pixley Ka Seme (MP),2021,0430,Cash/cash equivalents at the year end:,281510966.0
MP305,Lekwa,2021,0120,Property rates,85743274.0
MP305,Lekwa,2021,0130,Service charges,301936138.0
MP305,Lekwa,2021,0140,Other revenue,-616334.0
MP305,Lekwa,2021,0150,Transfers and Subsidies - Operational,1291015335.0
MP305,Lekwa,2021,0160,Transfers and Subsidies - Capital,38320000.0
MP305,Lekwa,2021,0170,Interest,526545.0
MP305,Lekwa,2021,0200,Suppliers and employees,406165438.0
MP305,Lekwa,2021,0310,Capital assets,-28804323.0
MP305,Lekwa,2021,0420,Cash/cash equivalents at the year begin:,-950686346.0
MP305,Lekwa,2021,0430,Cash/cash equivalents at the year end:,1143599727.0
MP306,Dipaleseng,2021,0120,Property rates,18141766.0
MP306,Dipaleseng,2021,0130,Service charges,92238580.0
MP306,Dipaleseng,2021,0140,Other revenue,13815415.0
MP306,Dipaleseng,2021,0150,Transfers and Subsidies - Operational,81505614.0
MP306,Dipaleseng,2021,0160,Transfers and Subsidies - Capital,89509685.0
MP306,Dipaleseng,2021,0200,Suppliers and employees,-99725949.0
MP306,Dipaleseng,2021,0310,Capital assets,-31422170.0
MP306,Dipaleseng,2021,0420,Cash/cash equivalents at the year begin:,-178520348.0
MP306,Dipaleseng,2021,0430,Cash/cash equivalents at the year end:,-14457407.0
MP307,Govan Mbeki,2021,0120,Property rates,170842541.0
MP307,Govan Mbeki,2021,0130,Service charges,102496352.0
MP307,Govan Mbeki,2021,0140,Other revenue,1191004029.0
MP307,Govan Mbeki,2021,0150,Transfers and Subsidies - Operational,388603125.0
MP307,Govan Mbeki,2021,0160,Transfers and Subsidies - Capital,164689194.0
MP307,Govan Mbeki,2021,0200,Suppliers and employees,128937703.0
MP307,Govan Mbeki,2021,0290,Decrease (increase) in non-current investments,-883057.0
MP307,Govan Mbeki,2021,0310,Capital assets,-98305990.0
MP307,Govan Mbeki,2021,0420,Cash/cash equivalents at the year begin:,225455389.0
MP307,Govan Mbeki,2021,0430,Cash/cash equivalents at the year end:,2272839286.0
MP311,Victor Khanye,2021,0120,Property rates,70050824.0
MP311,Victor Khanye,2021,0130,Service charges,249287536.0
MP311,Victor Khanye,2021,0140,Other revenue,70636188.0
MP311,Victor Khanye,2021,0150,Transfers and Subsidies - Operational,4470050.0
MP311,Victor Khanye,2021,0160,Transfers and Subsidies - Capital,20533990.0
MP311,Victor Khanye,2021,0170,Interest,368280.0
MP311,Victor Khanye,2021,0200,Suppliers and employees,-302999596.0
MP311,Victor Khanye,2021,0310,Capital assets,-38774266.0
MP311,Victor Khanye,2021,0420,Cash/cash equivalents at the year begin:,-202657279.0
MP311,Victor Khanye,2021,0430,Cash/cash equivalents at the year end:,-129084273.0
MP312,Emalahleni (MP),2021,0200,Suppliers and employees,-2270249673.0
MP312,Emalahleni (MP),2021,0290,Decrease (increase) in non-current investments,-151246.0
MP312,Emalahleni (MP),2021,0420,Cash/cash equivalents at the year begin:,51172719.0
MP312,Emalahleni (MP),2021,0430,Cash/cash equivalents at the year end:,-2219228200.0
MP313,Steve Tshwete,2021,0120,Property rates,342588289.0
MP313,Steve Tshwete,2021,0130,Service charges,608483759.0
MP313,Steve Tshwete,2021,0140,Other revenue,59641228.0
MP313,Steve Tshwete,2021,0150,Transfers and Subsidies - Operational,262763993.0
MP313,Steve Tshwete,2021,0160,Transfers and Subsidies - Capital,117633000.0
MP313,Steve Tshwete,2021,0170,Interest,7974966.0
MP313,Steve Tshwete,2021,0200,Suppliers and employees,-54305774.0
MP313,Steve Tshwete,2021,0280,Decrease (increase) in non-current receivables,-695751.0
MP313,Steve Tshwete,2021,0310,Capital assets,-616013787.0
MP313,Steve Tshwete,2021,0390,Repayment of borrowing,-25550457.0
MP313,Steve Tshwete,2021,0420,Cash/cash equivalents at the year begin:,115076028.0
MP313,Steve Tshwete,2021,0430,Cash/cash equivalents at the year end:,817595494.0
MP314,Emakhazeni,2021,0120,Property rates,16935702.0
MP314,Emakhazeni,2021,0130,Service charges,102594532.0
MP314,Emakhazeni,2021,0140,Other revenue,2782305.0
MP314,Emakhazeni,2021,0150,Transfers and Subsidies - Operational,85969310.0
MP314,Emakhazeni,2021,0160,Transfers and Subsidies - Capital,65916000.0
MP314,Emakhazeni,2021,0170,Interest,187010.0
MP314,Emakhazeni,2021,0200,Suppliers and employees,-80011505.0
MP314,Emakhazeni,2021,0310,Capital assets,-76601324.0
MP314,Emakhazeni,2021,0420,Cash/cash equivalents at the year begin:,40188809.0
MP314,Emakhazeni,2021,0430,Cash/cash equivalents at the year end:,157960839.0
MP315,Thembisile Hani,2021,0120,Property rates,30555933.0
MP315,Thembisile Hani,2021,0130,Service charges,3291435.0
MP315,Thembisile Hani,2021,0140,Other revenue,67249487.0
MP315,Thembisile Hani,2021,0150,Transfers and Subsidies - Operational,506881778.0
MP315,Thembisile Hani,2021,0160,Transfers and Subsidies - Capital,93957.0
MP315,Thembisile Hani,2021,0200,Suppliers and employees,-29913711.0
MP315,Thembisile Hani,2021,0310,Capital assets,-242590650.0
MP315,Thembisile Hani,2021,0420,Cash/cash equivalents at the year begin:,93945161.0
MP315,Thembisile Hani,2021,0430,Cash/cash equivalents at the year end:,429513390.0
MP316,Dr J.S. Moroka,2021,0120,Property rates,24561267.0
MP316,Dr J.S. Moroka,2021,0130,Service charges,8046515.0
MP316,Dr J.S. Moroka,2021,0140,Other revenue,100507296.0
MP316,Dr J.S. Moroka,2021,0150,Transfers and Subsidies - Operational,479569974.0
MP316,Dr J.S. Moroka,2021,0160,Transfers and Subsidies - Capital,614000.0
MP316,Dr J.S. Moroka,2021,0200,Suppliers and employees,-79983811.0
MP316,Dr J.S. Moroka,2021,0310,Capital assets,-95988031.0
MP316,Dr J.S. Moroka,2021,0420,Cash/cash equivalents at the year begin:,35760812.0
MP316,Dr J.S. Moroka,2021,0430,Cash/cash equivalents at the year end:,473088022.0
MP321,Thaba Chweu,2021,0120,Property rates,11064039.0
MP321,Thaba Chweu,2021,0130,Service charges,168598254.0
MP321,Thaba Chweu,2021,0140,Other revenue,-3553200.0
MP321,Thaba Chweu,2021,0150,Transfers and Subsidies - Operational,111374850.0
MP321,Thaba Chweu,2021,0160,Transfers and Subsidies - Capital,12500000.0
MP321,Thaba Chweu,2021,0170,Interest,184053.0
MP321,Thaba Chweu,2021,0200,Suppliers and employees,-37571886.0
MP321,Thaba Chweu,2021,0310,Capital assets,-67671794.0
MP321,Thaba Chweu,2021,0420,Cash/cash equivalents at the year begin:,249795230.0
MP321,Thaba Chweu,2021,0430,Cash/cash equivalents at the year end:,444719546.0
MP324,Nkomazi,2021,0120,Property rates,30727651.0
MP324,Nkomazi,2021,0130,Service charges,116886301.0
MP324,Nkomazi,2021,0140,Other revenue,924913308.0
MP324,Nkomazi,2021,0160,Transfers and Subsidies - Capital,49537729.0
MP324,Nkomazi,2021,0200,Suppliers and employees,6201281.0
MP324,Nkomazi,2021,0310,Capital assets,-54172007.0
MP324,Nkomazi,2021,0420,Cash/cash equivalents at the year begin:,218737222.0
MP324,Nkomazi,2021,0430,Cash/cash equivalents at the year end:,1292831485.0
MP326,City of Mbombela,2021,0120,Property rates,428299791.0
MP326,City of Mbombela,2021,0130,Service charges,807542548.0
MP326,City of Mbombela,2021,0140,Other revenue,718343562.0
MP326,City of Mbombela,2021,0150,Transfers and Subsidies - Operational,5575000.0
MP326,City of Mbombela,2021,0160,Transfers and Subsidies - Capital,225941000.0
MP326,City of Mbombela,2021,0200,Suppliers and employees,-3033505539.0
MP326,City of Mbombela,2021,0280,Decrease (increase) in non-current receivables,-601209.0
MP326,City of Mbombela,2021,0310,Capital assets,-282268251.0
MP326,City of Mbombela,2021,0420,Cash/cash equivalents at the year begin:,73019667.0
MP326,City of Mbombela,2021,0430,Cash/cash equivalents at the year end:,-1057653431.0
NC061,Richtersveld,2021,0120,Property rates,-6493.0
NC061,Richtersveld,2021,0140,Other revenue,2187.0
NC061,Richtersveld,2021,0150,Transfers and Subsidies - Operational,-329716.0
NC061,Richtersveld,2021,0200,Suppliers and employees,-1697053.0
NC061,Richtersveld,2021,0420,Cash/cash equivalents at the year begin:,-15863131.0
NC061,Richtersveld,2021,0430,Cash/cash equivalents at the year end:,-17894206.0
NC062,Nama Khoi,2021,0120,Property rates,99831.0
NC062,Nama Khoi,2021,0130,Service charges,560969246.0
NC062,Nama Khoi,2021,0140,Other revenue,1306460.0
NC062,Nama Khoi,2021,0150,Transfers and Subsidies - Operational,35912347.0
NC062,Nama Khoi,2021,0200,Suppliers and employees,-1404771.0
NC062,Nama Khoi,2021,0260,Proceeds on disposal of PPE,115474.0
NC062,Nama Khoi,2021,0280,Decrease (increase) in non-current receivables,378146.0
NC062,Nama Khoi,2021,0310,Capital assets,-2665.0
NC062,Nama Khoi,2021,0390,Repayment of borrowing,-360314.0
NC062,Nama Khoi,2021,0420,Cash/cash equivalents at the year begin:,40567542.0
NC062,Nama Khoi,2021,0430,Cash/cash equivalents at the year end:,637581296.0
NC064,Kamiesberg,2021,0120,Property rates,15505134.0
NC064,Kamiesberg,2021,0130,Service charges,12345210.0
NC064,Kamiesberg,2021,0140,Other revenue,160505267.0
NC064,Kamiesberg,2021,0200,Suppliers and employees,-80571105.0
NC064,Kamiesberg,2021,0310,Capital assets,-20307165.0
NC064,Kamiesberg,2021,0420,Cash/cash equivalents at the year begin:,2015541.0
NC064,Kamiesberg,2021,0430,Cash/cash equivalents at the year end:,89492882.0
NC065,Hantam,2021,0120,Property rates,11825789.0
NC065,Hantam,2021,0130,Service charges,50917112.0
NC065,Hantam,2021,0140,Other revenue,263680018.0
NC065,Hantam,2021,0150,Transfers and Subsidies - Operational,67650000.0
NC065,Hantam,2021,0160,Transfers and Subsidies - Capital,46207000.0
NC065,Hantam,2021,0200,Suppliers and employees,-310579701.0
NC065,Hantam,2021,0310,Capital assets,-899013.0
NC065,Hantam,2021,0420,Cash/cash equivalents at the year begin:,990771.0
NC065,Hantam,2021,0430,Cash/cash equivalents at the year end:,129791976.0
NC066,Karoo Hoogland,2021,0120,Property rates,5642649.0
NC066,Karoo Hoogland,2021,0130,Service charges,30005114.0
NC066,Karoo Hoogland,2021,0140,Other revenue,3523395.0
NC066,Karoo Hoogland,2021,0150,Transfers and Subsidies - Operational,31101000.0
NC066,Karoo Hoogland,2021,0160,Transfers and Subsidies - Capital,12966000.0
NC066,Karoo Hoogland,2021,0200,Suppliers and employees,-49458292.0
NC066,Karoo Hoogland,2021,0310,Capital assets,-8883644.0
NC066,Karoo Hoogland,2021,0420,Cash/cash equivalents at the year begin:,4274532.0
NC066,Karoo Hoogland,2021,0430,Cash/cash equivalents at the year end:,29170754.0
NC067,Khai-Ma,2021,0120,Property rates,7971503.0
NC067,Khai-Ma,2021,0130,Service charges,7561688.0
NC067,Khai-Ma,2021,0140,Other revenue,18205826.0
NC067,Khai-Ma,2021,0150,Transfers and Subsidies - Operational,27066615.0
NC067,Khai-Ma,2021,0160,Transfers and Subsidies - Capital,6658000.0
NC067,Khai-Ma,2021,0200,Suppliers and employees,-75259301.0
NC067,Khai-Ma,2021,0310,Capital assets,-1906277.0
NC067,Khai-Ma,2021,0420,Cash/cash equivalents at the year begin:,1294575.0
NC067,Khai-Ma,2021,0430,Cash/cash equivalents at the year end:,-8407371.0
NC071,Ubuntu,2021,0200,Suppliers and employees,-70631.0
NC071,Ubuntu,2021,0420,Cash/cash equivalents at the year begin:,12582533.0
NC071,Ubuntu,2021,0430,Cash/cash equivalents at the year end:,12511902.0
NC072,Umsobomvu,2021,0420,Cash/cash equivalents at the year begin:,3412261.0
NC072,Umsobomvu,2021,0430,Cash/cash equivalents at the year end:,3412261.0
NC073,Emthanjeni,2021,0200,Suppliers and employees,-690677739.0
NC073,Emthanjeni,2021,0420,Cash/cash equivalents at the year begin:,-5145014.0
NC073,Emthanjeni,2021,0430,Cash/cash equivalents at the year end:,-695822753.0
NC074,Kareeberg,2021,0420,Cash/cash equivalents at the year begin:,86909978.0
NC074,Kareeberg,2021,0430,Cash/cash equivalents at the year end:,86909978.0
NC076,Thembelihle,2021,0120,Property rates,2796832.0
NC076,Thembelihle,2021,0130,Service charges,14478708.0
NC076,Thembelihle,2021,0140,Other revenue,5481146.0
NC076,Thembelihle,2021,0150,Transfers and Subsidies - Operational,44084148.0
NC076,Thembelihle,2021,0160,Transfers and Subsidies - Capital,8860000.0
NC076,Thembelihle,2021,0200,Suppliers and employees,-3951150.0
NC076,Thembelihle,2021,0260,Proceeds on disposal of PPE,1675.0
NC076,Thembelihle,2021,0310,Capital assets,-14552435.0
NC076,Thembelihle,2021,0420,Cash/cash equivalents at the year begin:,-2649084.0
NC076,Thembelihle,2021,0430,Cash/cash equivalents at the year end:,54549840.0
NC077,Siyathemba,2021,0120,Property rates,99187902.0
NC077,Siyathemba,2021,0200,Suppliers and employees,901691.0
NC077,Siyathemba,2021,0430,Cash/cash equivalents at the year end:,100089593.0
NC078,Siyancuma,2021,0200,Suppliers and employees,2644941.0
NC078,Siyancuma,2021,0420,Cash/cash equivalents at the year begin:,359907.0
NC078,Siyancuma,2021,0430,Cash/cash equivalents at the year end:,3004848.0
NC082,!Kai! Garib,2021,0120,Property rates,10190965.0
NC082,!Kai! Garib,2021,0130,Service charges,60459326.0
NC082,!Kai! Garib,2021,0140,Other revenue,2488104.0
NC082,!Kai! Garib,2021,0150,Transfers and Subsidies - Operational,67693000.0
NC082,!Kai! Garib,2021,0160,Transfers and Subsidies - Capital,12568000.0
NC082,!Kai! Garib,2021,0310,Capital assets,-14358554.0
NC082,!Kai! Garib,2021,0430,Cash/cash equivalents at the year end:,139040841.0
NC084,!Kheis,2021,0120,Property rates,530.0
NC084,!Kheis,2021,0130,Service charges,2360742.0
NC084,!Kheis,2021,0140,Other revenue,1257713.0
NC084,!Kheis,2021,0150,Transfers and Subsidies - Operational,31252738.0
NC084,!Kheis,2021,0160,Transfers and Subsidies - Capital,19535103.0
NC084,!Kheis,2021,0200,Suppliers and employees,15988069.0
NC084,!Kheis,2021,0420,Cash/cash equivalents at the year begin:,1780332.0
NC084,!Kheis,2021,0430,Cash/cash equivalents at the year end:,72175227.0
NC086,Kgatelopele,2021,0120,Property rates,6825440.0
NC086,Kgatelopele,2021,0200,Suppliers and employees,80077.0
NC086,Kgatelopele,2021,0210,Finance charges,11339.0
NC086,Kgatelopele,2021,0310,Capital assets,-128921.0
NC086,Kgatelopele,2021,0420,Cash/cash equivalents at the year begin:,4857487.0
NC086,Kgatelopele,2021,0430,Cash/cash equivalents at the year end:,11645422.0
NC087,Dawid Kruiper,2021,0120,Property rates,7316258.0
NC087,Dawid Kruiper,2021,0130,Service charges,31781319.0
NC087,Dawid Kruiper,2021,0140,Other revenue,22223855.0
NC087,Dawid Kruiper,2021,0170,Interest,2722.0
NC087,Dawid Kruiper,2021,0200,Suppliers and employees,-54566966.0
NC087,Dawid Kruiper,2021,0310,Capital assets,-26061837.0
NC087,Dawid Kruiper,2021,0420,Cash/cash equivalents at the year begin:,37000966.0
NC087,Dawid Kruiper,2021,0430,Cash/cash equivalents at the year end:,17696317.0
NC091,Sol Plaatje,2021,0120,Property rates,561377348.0
NC091,Sol Plaatje,2021,0130,Service charges,1857261181.0
NC091,Sol Plaatje,2021,0140,Other revenue,-872755903.0
NC091,Sol Plaatje,2021,0150,Transfers and Subsidies - Operational,23638595.0
NC091,Sol Plaatje,2021,0160,Transfers and Subsidies - Capital,33560170.0
NC091,Sol Plaatje,2021,0200,Suppliers and employees,-1553797922.0
NC091,Sol Plaatje,2021,0310,Capital assets,-116394216.0
NC091,Sol Plaatje,2021,0420,Cash/cash equivalents at the year begin:,96533901.0
NC091,Sol Plaatje,2021,0430,Cash/cash equivalents at the year end:,29423154.0
NC092,Dikgatlong,2021,0120,Property rates,4763600.0
NC092,Dikgatlong,2021,0130,Service charges,26206109.0
NC092,Dikgatlong,2021,0140,Other revenue,4504308.0
NC092,Dikgatlong,2021,0150,Transfers and Subsidies - Operational,110959500.0
NC092,Dikgatlong,2021,0160,Transfers and Subsidies - Capital,24684000.0
NC092,Dikgatlong,2021,0200,Suppliers and employees,-182789743.0
NC092,Dikgatlong,2021,0310,Capital assets,-4252538.0
NC092,Dikgatlong,2021,0390,Repayment of borrowing,-137424.0
NC092,Dikgatlong,2021,0420,Cash/cash equivalents at the year begin:,7725434.0
NC092,Dikgatlong,2021,0430,Cash/cash equivalents at the year end:,-8336754.0
NC093,Magareng,2021,0120,Property rates,3866322.0
NC093,Magareng,2021,0130,Service charges,52781225.0
NC093,Magareng,2021,0140,Other revenue,85480082.0
NC093,Magareng,2021,0200,Suppliers and employees,-126736123.0
NC093,Magareng,2021,0280,Decrease (increase) in non-current receivables,832.0
NC093,Magareng,2021,0310,Capital assets,-55425974.0
NC093,Magareng,2021,0420,Cash/cash equivalents at the year begin:,210599.0
NC093,Magareng,2021,0430,Cash/cash equivalents at the year end:,-39823037.0
NC451,Joe Morolong,2021,0120,Property rates,14359262.0
NC451,Joe Morolong,2021,0130,Service charges,12697033.0
NC451,Joe Morolong,2021,0140,Other revenue,35144965.0
NC451,Joe Morolong,2021,0150,Transfers and Subsidies - Operational,167160400.0
NC451,Joe Morolong,2021,0160,Transfers and Subsidies - Capital,127091655.0
NC451,Joe Morolong,2021,0200,Suppliers and employees,-285272374.0
NC451,Joe Morolong,2021,0310,Capital assets,-1281664.0
NC451,Joe Morolong,2021,0420,Cash/cash equivalents at the year begin:,-7129550.0
NC451,Joe Morolong,2021,0430,Cash/cash equivalents at the year end:,62769727.0
NC452,Ga-Segonyana,2021,0120,Property rates,46551072.0
NC452,Ga-Segonyana,2021,0130,Service charges,172250177.0
NC452,Ga-Segonyana,2021,0140,Other revenue,9700640.0
NC452,Ga-Segonyana,2021,0150,Transfers and Subsidies - Operational,212237212.0
NC452,Ga-Segonyana,2021,0160,Transfers and Subsidies - Capital,136289410.0
NC452,Ga-Segonyana,2021,0170,Interest,2978575.0
NC452,Ga-Segonyana,2021,0200,Suppliers and employees,-83508543.0
NC452,Ga-Segonyana,2021,0310,Capital assets,-137735377.0
NC452,Ga-Segonyana,2021,0420,Cash/cash equivalents at the year begin:,-85118420.0
NC452,Ga-Segonyana,2021,0430,Cash/cash equivalents at the year end:,273644746.0
NC453,Gamagara,2021,0120,Property rates,63970716.0
NC453,Gamagara,2021,0130,Service charges,134535648.0
NC453,Gamagara,2021,0140,Other revenue,74656587.0
NC453,Gamagara,2021,0150,Transfers and Subsidies - Operational,719.0
NC453,Gamagara,2021,0200,Suppliers and employees,-231227742.0
NC453,Gamagara,2021,0310,Capital assets,-73384268.0
NC453,Gamagara,2021,0420,Cash/cash equivalents at the year begin:,29598133.0
NC453,Gamagara,2021,0430,Cash/cash equivalents at the year end:,-1850207.0
NMA,Nelson Mandela Bay,2021,0200,Suppliers and employees,-476334.0
NMA,Nelson Mandela Bay,2021,0280,Decrease (increase) in non-current receivables,-112780242.0
NMA,Nelson Mandela Bay,2021,0430,Cash/cash equivalents at the year end:,-113256576.0
NW371,Moretele,2021,0120,Property rates,22607816.0
NW371,Moretele,2021,0130,Service charges,1866247.0
NW371,Moretele,2021,0140,Other revenue,441321.0
NW371,Moretele,2021,0150,Transfers and Subsidies - Operational,94553694.0
NW371,Moretele,2021,0160,Transfers and Subsidies - Capital,64479845.0
NW371,Moretele,2021,0310,Capital assets,-165271119.0
NW371,Moretele,2021,0420,Cash/cash equivalents at the year begin:,222692104.0
NW371,Moretele,2021,0430,Cash/cash equivalents at the year end:,241369908.0
NW372,Madibeng,2021,0290,Decrease (increase) in non-current investments,4676331.0
NW372,Madibeng,2021,0420,Cash/cash equivalents at the year begin:,234196526.0
NW372,Madibeng,2021,0430,Cash/cash equivalents at the year end:,238872857.0
NW373,Rustenburg,2021,0160,Transfers and Subsidies - Capital,5115787665.0
NW373,Rustenburg,2021,0200,Suppliers and employees,10154322.0
NW373,Rustenburg,2021,0420,Cash/cash equivalents at the year begin:,30774621.0
NW373,Rustenburg,2021,0430,Cash/cash equivalents at the year end:,5156716608.0
NW374,Kgetlengrivier,2021,0150,Transfers and Subsidies - Operational,233422779.0
NW374,Kgetlengrivier,2021,0170,Interest,31292.0
NW374,Kgetlengrivier,2021,0200,Suppliers and employees,10452533.0
NW374,Kgetlengrivier,2021,0420,Cash/cash equivalents at the year begin:,50.0
NW374,Kgetlengrivier,2021,0430,Cash/cash equivalents at the year end:,243906654.0
NW375,Moses Kotane,2021,0120,Property rates,43382478.0
NW375,Moses Kotane,2021,0130,Service charges,29812033.0
NW375,Moses Kotane,2021,0140,Other revenue,424314285.0
NW375,Moses Kotane,2021,0150,Transfers and Subsidies - Operational,766000.0
NW375,Moses Kotane,2021,0160,Transfers and Subsidies - Capital,171764326.0
NW375,Moses Kotane,2021,0200,Suppliers and employees,-404322078.0
NW375,Moses Kotane,2021,0310,Capital assets,-21610670.0
NW375,Moses Kotane,2021,0420,Cash/cash equivalents at the year begin:,48780651.0
NW375,Moses Kotane,2021,0430,Cash/cash equivalents at the year end:,292887025.0
NW381,Ratlou,2021,0140,Other revenue,-30204.0
NW381,Ratlou,2021,0150,Transfers and Subsidies - Operational,370116251.0
NW381,Ratlou,2021,0200,Suppliers and employees,3371643.0
NW381,Ratlou,2021,0220,Transfers and Subsidies,-8449149.0
NW381,Ratlou,2021,0430,Cash/cash equivalents at the year end:,365008541.0
NW382,Tswaing,2021,0120,Property rates,2873106.0
NW382,Tswaing,2021,0130,Service charges,11810495.0
NW382,Tswaing,2021,0140,Other revenue,-37537983.0
NW382,Tswaing,2021,0180,Dividends,16746.0
NW382,Tswaing,2021,0200,Suppliers and employees,-107858775.0
NW382,Tswaing,2021,0280,Decrease (increase) in non-current receivables,-330300.0
NW382,Tswaing,2021,0290,Decrease (increase) in non-current investments,-38752.0
NW382,Tswaing,2021,0420,Cash/cash equivalents at the year begin:,7917007.0
NW382,Tswaing,2021,0430,Cash/cash equivalents at the year end:,-123148456.0
NW383,Mafikeng,2021,0120,Property rates,239971858.0
NW383,Mafikeng,2021,0130,Service charges,153818263.0
NW383,Mafikeng,2021,0140,Other revenue,17057924.0
NW383,Mafikeng,2021,0150,Transfers and Subsidies - Operational,347455709.0
NW383,Mafikeng,2021,0160,Transfers and Subsidies - Capital,95015098.0
NW383,Mafikeng,2021,0170,Interest,4346606.0
NW383,Mafikeng,2021,0200,Suppliers and employees,-83310848.0
NW383,Mafikeng,2021,0260,Proceeds on disposal of PPE,148202.0
NW383,Mafikeng,2021,0310,Capital assets,-94506249.0
NW383,Mafikeng,2021,0420,Cash/cash equivalents at the year begin:,-530906093.0
NW383,Mafikeng,2021,0430,Cash/cash equivalents at the year end:,149090470.0
NW384,Ditsobotla,2021,0140,Other revenue,16969459.0
NW384,Ditsobotla,2021,0150,Transfers and Subsidies - Operational,1122008982.0
NW384,Ditsobotla,2021,0160,Transfers and Subsidies - Capital,-5790000.0
NW384,Ditsobotla,2021,0200,Suppliers and employees,-9985189.0
NW384,Ditsobotla,2021,0420,Cash/cash equivalents at the year begin:,1.0
NW384,Ditsobotla,2021,0430,Cash/cash equivalents at the year end:,1123203253.0
NW385,Ramotshere Moiloa,2021,0150,Transfers and Subsidies - Operational,-3454347.0
NW385,Ramotshere Moiloa,2021,0200,Suppliers and employees,13240561.0
NW385,Ramotshere Moiloa,2021,0280,Decrease (increase) in non-current receivables,1953089.0
NW385,Ramotshere Moiloa,2021,0290,Decrease (increase) in non-current investments,5714318.0
NW385,Ramotshere Moiloa,2021,0420,Cash/cash equivalents at the year begin:,-674595.0
NW385,Ramotshere Moiloa,2021,0430,Cash/cash equivalents at the year end:,16779026.0
NW392,Naledi (NW),2021,0120,Property rates,15129087.0
NW392,Naledi (NW),2021,0130,Service charges,86140511.0
NW392,Naledi (NW),2021,0140,Other revenue,5313981.0
NW392,Naledi (NW),2021,0150,Transfers and Subsidies - Operational,63403188.0
NW392,Naledi (NW),2021,0160,Transfers and Subsidies - Capital,8240000.0
NW392,Naledi (NW),2021,0200,Suppliers and employees,-121526.0
NW392,Naledi (NW),2021,0420,Cash/cash equivalents at the year begin:,25964981.0
NW392,Naledi (NW),2021,0430,Cash/cash equivalents at the year end:,204070222.0
NW393,Mamusa,2021,0120,Property rates,10895393.0
NW393,Mamusa,2021,0130,Service charges,36052673.0
NW393,Mamusa,2021,0140,Other revenue,6154416.0
NW393,Mamusa,2021,0150,Transfers and Subsidies - Operational,94062382.0
NW393,Mamusa,2021,0160,Transfers and Subsidies - Capital,28866000.0
NW393,Mamusa,2021,0200,Suppliers and employees,40805995.0
NW393,Mamusa,2021,0260,Proceeds on disposal of PPE,2666466.0
NW393,Mamusa,2021,0310,Capital assets,-24836756.0
NW393,Mamusa,2021,0420,Cash/cash equivalents at the year begin:,-140425779.0
NW393,Mamusa,2021,0430,Cash/cash equivalents at the year end:,54240790.0
NW394,Greater Taung,2021,0120,Property rates,27705667.0
NW394,Greater Taung,2021,0130,Service charges,4346143.0
NW394,Greater Taung,2021,0140,Other revenue,3061063.0
NW394,Greater Taung,2021,0150,Transfers and Subsidies - Operational,246620468.0
NW394,Greater Taung,2021,0160,Transfers and Subsidies - Capital,46717000.0
NW394,Greater Taung,2021,0200,Suppliers and employees,-7748756.0
NW394,Greater Taung,2021,0210,Finance charges,-555.0
NW394,Greater Taung,2021,0310,Capital assets,-94534290.0
NW394,Greater Taung,2021,0420,Cash/cash equivalents at the year begin:,147434478.0
NW394,Greater Taung,2021,0430,Cash/cash equivalents at the year end:,373601218.0
NW396,Lekwa-Teemane,2021,0200,Suppliers and employees,367625.0
NW396,Lekwa-Teemane,2021,0420,Cash/cash equivalents at the year begin:,-9228.0
NW396,Lekwa-Teemane,2021,0430,Cash/cash equivalents at the year end:,358397.0
NW397,Kagisano-Molopo,2021,0200,Suppliers and employees,541803.0
NW397,Kagisano-Molopo,2021,0420,Cash/cash equivalents at the year begin:,-16549628.0
NW397,Kagisano-Molopo,2021,0430,Cash/cash equivalents at the year end:,-16007825.0
NW403,City of Matlosana,2021,0120,Property rates,2626967525.0
NW403,City of Matlosana,2021,0130,Service charges,908957465.0
NW403,City of Matlosana,2021,0140,Other revenue,1475637512.0
NW403,City of Matlosana,2021,0200,Suppliers and employees,-3145760145.0
NW403,City of Matlosana,2021,0310,Capital assets,-140342185.0
NW403,City of Matlosana,2021,0420,Cash/cash equivalents at the year begin:,301423278.0
NW403,City of Matlosana,2021,0430,Cash/cash equivalents at the year end:,2026883450.0
NW404,Maquassi Hills,2021,0120,Property rates,2119160.0
NW404,Maquassi Hills,2021,0130,Service charges,13923514.0
NW404,Maquassi Hills,2021,0140,Other revenue,376596634.0
NW404,Maquassi Hills,2021,0150,Transfers and Subsidies - Operational,-10000000.0
NW404,Maquassi Hills,2021,0160,Transfers and Subsidies - Capital,-289010.0
NW404,Maquassi Hills,2021,0200,Suppliers and employees,-87050819.0
NW404,Maquassi Hills,2021,0310,Capital assets,1104824.0
NW404,Maquassi Hills,2021,0420,Cash/cash equivalents at the year begin:,24534149.0
NW404,Maquassi Hills,2021,0430,Cash/cash equivalents at the year end:,320938452.0
NW405,J B Marks,2021,0120,Property rates,72091424.0
NW405,J B Marks,2021,0130,Service charges,218966798.0
NW405,J B Marks,2021,0140,Other revenue,79404747.0
NW405,J B Marks,2021,0150,Transfers and Subsidies - Operational,61192514.0
NW405,J B Marks,2021,0160,Transfers and Subsidies - Capital,-85400586.0
NW405,J B Marks,2021,0200,Suppliers and employees,825.0
NW405,J B Marks,2021,0280,Decrease (increase) in non-current receivables,297032.0
NW405,J B Marks,2021,0290,Decrease (increase) in non-current investments,-6060654.0
NW405,J B Marks,2021,0420,Cash/cash equivalents at the year begin:,211695203.0
NW405,J B Marks,2021,0430,Cash/cash equivalents at the year end:,552187303.0
WC011,Matzikama,2021,0420,Cash/cash equivalents at the year begin:,15256258.0
WC011,Matzikama,2021,0430,Cash/cash equivalents at the year end:,15256258.0
WC012,Cederberg,2021,0130,Service charges,77088641.0
WC012,Cederberg,2021,0140,Other revenue,16647018.0
WC012,Cederberg,2021,0150,Transfers and Subsidies - Operational,27320538.0
WC012,Cederberg,2021,0200,Suppliers and employees,-116695333.0
WC012,Cederberg,2021,0280,Decrease (increase) in non-current receivables,-31967.0
WC012,Cederberg,2021,0310,Capital assets,-50993509.0
WC012,Cederberg,2021,0420,Cash/cash equivalents at the year begin:,16686173.0
WC012,Cederberg,2021,0430,Cash/cash equivalents at the year end:,-29978439.0
WC013,Bergrivier,2021,0120,Property rates,46195178.0
WC013,Bergrivier,2021,0130,Service charges,177970884.0
WC013,Bergrivier,2021,0140,Other revenue,10821645.0
WC013,Bergrivier,2021,0150,Transfers and Subsidies - Operational,34272000.0
WC013,Bergrivier,2021,0160,Transfers and Subsidies - Capital,4503000.0
WC013,Bergrivier,2021,0280,Decrease (increase) in non-current receivables,-10268590.0
WC013,Bergrivier,2021,0310,Capital assets,-46020360.0
WC013,Bergrivier,2021,0420,Cash/cash equivalents at the year begin:,101911454.0
WC013,Bergrivier,2021,0430,Cash/cash equivalents at the year end:,319385211.0
WC014,Saldanha Bay,2021,0120,Property rates,245356525.0
WC014,Saldanha Bay,2021,0130,Service charges,760029222.0
WC014,Saldanha Bay,2021,0140,Other revenue,21806131.0
WC014,Saldanha Bay,2021,0150,Transfers and Subsidies - Operational,146290660.0
WC014,Saldanha Bay,2021,0160,Transfers and Subsidies - Capital,23624356.0
WC014,Saldanha Bay,2021,0200,Suppliers and employees,-101339423.0
WC014,Saldanha Bay,2021,0210,Finance charges,-12469805.0
WC014,Saldanha Bay,2021,0310,Capital assets,-183382907.0
WC014,Saldanha Bay,2021,0390,Repayment of borrowing,-12153348.0
WC014,Saldanha Bay,2021,0420,Cash/cash equivalents at the year begin:,-518533474.0
WC014,Saldanha Bay,2021,0430,Cash/cash equivalents at the year end:,369227937.0
WC015,Swartland,2021,0120,Property rates,113060057.0
WC015,Swartland,2021,0130,Service charges,478253268.0
WC015,Swartland,2021,0140,Other revenue,57217721.0
WC015,Swartland,2021,0150,Transfers and Subsidies - Operational,135303689.0
WC015,Swartland,2021,0160,Transfers and Subsidies - Capital,34279170.0
WC015,Swartland,2021,0200,Suppliers and employees,-251483083.0
WC015,Swartland,2021,0260,Proceeds on disposal of PPE,2867241.0
WC015,Swartland,2021,0280,Decrease (increase) in non-current receivables,43692.0
WC015,Swartland,2021,0310,Capital assets,-18767634.0
WC015,Swartland,2021,0420,Cash/cash equivalents at the year begin:,525326688.0
WC015,Swartland,2021,0430,Cash/cash equivalents at the year end:,1076100809.0
WC022,Witzenberg,2021,0120,Property rates,792554.0
WC022,Witzenberg,2021,0130,Service charges,461438445.0
WC022,Witzenberg,2021,0140,Other revenue,8707235.0
WC022,Witzenberg,2021,0150,Transfers and Subsidies - Operational,101162726.0
WC022,Witzenberg,2021,0160,Transfers and Subsidies - Capital,61701804.0
WC022,Witzenberg,2021,0200,Suppliers and employees,-29133531.0
WC022,Witzenberg,2021,0310,Capital assets,1424414.0
WC022,Witzenberg,2021,0430,Cash/cash equivalents at the year end:,606093647.0
WC023,Drakenstein,2021,0120,Property rates,136911179.0
WC023,Drakenstein,2021,0130,Service charges,765413504.0
WC023,Drakenstein,2021,0140,Other revenue,1516878620.0
WC023,Drakenstein,2021,0150,Transfers and Subsidies - Operational,91547768.0
WC023,Drakenstein,2021,0160,Transfers and Subsidies - Capital,-9878867.0
WC023,Drakenstein,2021,0200,Suppliers and employees,-951817077.0
WC023,Drakenstein,2021,0210,Finance charges,-99980863.0
WC023,Drakenstein,2021,0280,Decrease (increase) in non-current receivables,166811.0
WC023,Drakenstein,2021,0290,Decrease (increase) in non-current investments,42592.0
WC023,Drakenstein,2021,0310,Capital assets,-124262988.0
WC023,Drakenstein,2021,0420,Cash/cash equivalents at the year begin:,77752406.0
WC023,Drakenstein,2021,0430,Cash/cash equivalents at the year end:,1402773085.0
WC024,Stellenbosch,2021,0120,Property rates,1717894179.0
WC024,Stellenbosch,2021,0130,Service charges,615174860.0
WC024,Stellenbosch,2021,0140,Other revenue,6325466.0
WC024,Stellenbosch,2021,0150,Transfers and Subsidies - Operational,70041130.0
WC024,Stellenbosch,2021,0160,Transfers and Subsidies - Capital,5000000.0
WC024,Stellenbosch,2021,0200,Suppliers and employees,34832.0
WC024,Stellenbosch,2021,0280,Decrease (increase) in non-current receivables,-15297064.0
WC024,Stellenbosch,2021,0310,Capital assets,3010380.0
WC024,Stellenbosch,2021,0420,Cash/cash equivalents at the year begin:,415071563.0
WC024,Stellenbosch,2021,0430,Cash/cash equivalents at the year end:,2817255346.0
WC025,Breede Valley,2021,0120,Property rates,115876386.0
WC025,Breede Valley,2021,0130,Service charges,796870541.0
WC025,Breede Valley,2021,0140,Other revenue,32391104.0
WC025,Breede Valley,2021,0150,Transfers and Subsidies - Operational,164107944.0
WC025,Breede Valley,2021,0160,Transfers and Subsidies - Capital,52820000.0
WC025,Breede Valley,2021,0200,Suppliers and employees,-1360601888.0
WC025,Breede Valley,2021,0210,Finance charges,-28082492.0
WC025,Breede Valley,2021,0280,Decrease (increase) in non-current receivables,82781.0
WC025,Breede Valley,2021,0290,Decrease (increase) in non-current investments,-86414454.0
WC025,Breede Valley,2021,0310,Capital assets,798939.0
WC025,Breede Valley,2021,0420,Cash/cash equivalents at the year begin:,146719507.0
WC025,Breede Valley,2021,0430,Cash/cash equivalents at the year end:,-165431632.0
WC026,Langeberg,2021,0120,Property rates,57217137.0
WC026,Langeberg,2021,0130,Service charges,541784787.0
WC026,Langeberg,2021,0140,Other revenue,15207937.0
WC026,Langeberg,2021,0150,Transfers and Subsidies - Operational,131766745.0
WC026,Langeberg,2021,0160,Transfers and Subsidies - Capital,42592000.0
WC026,Langeberg,2021,0200,Suppliers and employees,-1115995853.0
WC026,Langeberg,2021,0210,Finance charges,2380124.0
WC026,Langeberg,2021,0260,Proceeds on disposal of PPE,2476225.0
WC026,Langeberg,2021,0280,Decrease (increase) in non-current receivables,188977.0
WC026,Langeberg,2021,0290,Decrease (increase) in non-current investments,4414.0
WC026,Langeberg,2021,0360,Borrowing long term/refinancing,59875.0
WC026,Langeberg,2021,0420,Cash/cash equivalents at the year begin:,192015437.0
WC026,Langeberg,2021,0430,Cash/cash equivalents at the year end:,-130302195.0
WC031,Theewaterskloof,2021,0290,Decrease (increase) in non-current investments,-975000.0
WC031,Theewaterskloof,2021,0420,Cash/cash equivalents at the year begin:,46319693.0
WC031,Theewaterskloof,2021,0430,Cash/cash equivalents at the year end:,45344693.0
WC032,Overstrand,2021,0120,Property rates,102521407.0
WC032,Overstrand,2021,0130,Service charges,103987.0
WC032,Overstrand,2021,0140,Other revenue,2584097.0
WC032,Overstrand,2021,0200,Suppliers and employees,221669.0
WC032,Overstrand,2021,0290,Decrease (increase) in non-current investments,-7763308.0
WC032,Overstrand,2021,0430,Cash/cash equivalents at the year end:,97667852.0
WC033,Cape Agulhas,2021,0280,Decrease (increase) in non-current receivables,6324.0
WC033,Cape Agulhas,2021,0420,Cash/cash equivalents at the year begin:,73041284.0
WC033,Cape Agulhas,2021,0430,Cash/cash equivalents at the year end:,73047608.0
WC034,Swellendam,2021,0120,Property rates,34642586.0
WC034,Swellendam,2021,0130,Service charges,130403746.0
WC034,Swellendam,2021,0140,Other revenue,7697693.0
WC034,Swellendam,2021,0150,Transfers and Subsidies - Operational,24903608.0
WC034,Swellendam,2021,0160,Transfers and Subsidies - Capital,10597392.0
WC034,Swellendam,2021,0200,Suppliers and employees,51666837.0
WC034,Swellendam,2021,0260,Proceeds on disposal of PPE,680617.0
WC034,Swellendam,2021,0280,Decrease (increase) in non-current receivables,2151797.0
WC034,Swellendam,2021,0290,Decrease (increase) in non-current investments,701284.0
WC034,Swellendam,2021,0420,Cash/cash equivalents at the year begin:,88200743.0
WC034,Swellendam,2021,0430,Cash/cash equivalents at the year end:,351646303.0
WC041,Kannaland,2021,0120,Property rates,7496329.0
WC041,Kannaland,2021,0130,Service charges,26340765.0
WC041,Kannaland,2021,0140,Other revenue,1378520.0
WC041,Kannaland,2021,0150,Transfers and Subsidies - Operational,43137224.0
WC041,Kannaland,2021,0160,Transfers and Subsidies - Capital,22164467.0
WC041,Kannaland,2021,0200,Suppliers and employees,-16896.0
WC041,Kannaland,2021,0420,Cash/cash equivalents at the year begin:,48804724.0
WC041,Kannaland,2021,0430,Cash/cash equivalents at the year end:,149305133.0
WC042,Hessequa,2021,0120,Property rates,99882855.0
WC042,Hessequa,2021,0130,Service charges,324999400.0
WC042,Hessequa,2021,0140,Other revenue,1667169401.0
WC042,Hessequa,2021,0150,Transfers and Subsidies - Operational,6403333.0
WC042,Hessequa,2021,0160,Transfers and Subsidies - Capital,15089700.0
WC042,Hessequa,2021,0200,Suppliers and employees,-941220998.0
WC042,Hessequa,2021,0220,Transfers and Subsidies,-356455.0
WC042,Hessequa,2021,0310,Capital assets,-95036821.0
WC042,Hessequa,2021,0360,Borrowing long term/refinancing,90000000.0
WC042,Hessequa,2021,0420,Cash/cash equivalents at the year begin:,255632053.0
WC042,Hessequa,2021,0430,Cash/cash equivalents at the year end:,1422562468.0
WC043,Mossel Bay,2021,0120,Property rates,108546479.0
WC043,Mossel Bay,2021,0130,Service charges,489610326.0
WC043,Mossel Bay,2021,0140,Other revenue,4557889.0
WC043,Mossel Bay,2021,0150,Transfers and Subsidies - Operational,-862194.0
WC043,Mossel Bay,2021,0160,Transfers and Subsidies - Capital,-2394783.0
WC043,Mossel Bay,2021,0280,Decrease (increase) in non-current receivables,-19663.0
WC043,Mossel Bay,2021,0290,Decrease (increase) in non-current investments,-59174000.0
WC043,Mossel Bay,2021,0420,Cash/cash equivalents at the year begin:,761164865.0
WC043,Mossel Bay,2021,0430,Cash/cash equivalents at the year end:,1301428919.0
WC044,George,2021,0120,Property rates,3226123367.0
WC044,George,2021,0130,Service charges,502693566.0
WC044,George,2021,0140,Other revenue,82833555.0
WC044,George,2021,0150,Transfers and Subsidies - Operational,100295287.0
WC044,George,2021,0200,Suppliers and employees,-323964900.0
WC044,George,2021,0280,Decrease (increase) in non-current receivables,-6848034.0
WC044,George,2021,0310,Capital assets,1021291.0
WC044,George,2021,0390,Repayment of borrowing,-40750681.0
WC044,George,2021,0430,Cash/cash equivalents at the year end:,3541403451.0
WC045,Oudtshoorn,2021,0120,Property rates,87340871.0
WC045,Oudtshoorn,2021,0130,Service charges,381457639.0
WC045,Oudtshoorn,2021,0140,Other revenue,53678747.0
WC045,Oudtshoorn,2021,0150,Transfers and Subsidies - Operational,89808413.0
WC045,Oudtshoorn,2021,0200,Suppliers and employees,-359474793.0
WC045,Oudtshoorn,2021,0220,Transfers and Subsidies,33593208.0
WC045,Oudtshoorn,2021,0420,Cash/cash equivalents at the year begin:,-1220442917.0
WC045,Oudtshoorn,2021,0430,Cash/cash equivalents at the year end:,-934038832.0
WC047,Bitou,2021,0120,Property rates,6097304.0
WC047,Bitou,2021,0130,Service charges,3688885.0
WC047,Bitou,2021,0140,Other revenue,1665817.0
WC047,Bitou,2021,0150,Transfers and Subsidies - Operational,13122574.0
WC047,Bitou,2021,0170,Interest,3792608.0
WC047,Bitou,2021,0280,Decrease (increase) in non-current receivables,1825.0
WC047,Bitou,2021,0290,Decrease (increase) in non-current investments,-752250.0
WC047,Bitou,2021,0420,Cash/cash equivalents at the year begin:,125716712.0
WC047,Bitou,2021,0430,Cash/cash equivalents at the year end:,153333475.0
WC048,Knysna,2021,0120,Property rates,192752237.0
WC048,Knysna,2021,0130,Service charges,230783600.0
WC048,Knysna,2021,0140,Other revenue,32438142.0
WC048,Knysna,2021,0150,Transfers and Subsidies - Operational,108285079.0
WC048,Knysna,2021,0160,Transfers and Subsidies - Capital,388800.0
WC048,Knysna,2021,0170,Interest,1082991.0
WC048,Knysna,2021,0200,Suppliers and employees,-2020729377.0
WC048,Knysna,2021,0210,Finance charges,21922541.0
WC048,Knysna,2021,0260,Proceeds on disposal of PPE,288915.0
WC048,Knysna,2021,0280,Decrease (increase) in non-current receivables,-2751000.0
WC048,Knysna,2021,0290,Decrease (increase) in non-current investments,30382843.0
WC048,Knysna,2021,0390,Repayment of borrowing,-30035496.0
WC048,Knysna,2021,0420,Cash/cash equivalents at the year begin:,40317828.0
WC048,Knysna,2021,0430,Cash/cash equivalents at the year end:,-1394872897.0
WC051,Laingsburg,2021,0130,Service charges,2249286.0
WC051,Laingsburg,2021,0140,Other revenue,649448.0
WC051,Laingsburg,2021,0150,Transfers and Subsidies - Operational,26532890.0
WC051,Laingsburg,2021,0160,Transfers and Subsidies - Capital,717350.0
WC051,Laingsburg,2021,0420,Cash/cash equivalents at the year begin:,-54258858.0
WC051,Laingsburg,2021,0430,Cash/cash equivalents at the year end:,-24109884.0
WC052,Prince Albert,2021,0130,Service charges,13069313.0
WC052,Prince Albert,2021,0140,Other revenue,122614518.0
WC052,Prince Albert,2021,0150,Transfers and Subsidies - Operational,7898563.0
WC052,Prince Albert,2021,0170,Interest,26708.0
WC052,Prince Albert,2021,0200,Suppliers and employees,-15987456.0
WC052,Prince Albert,2021,0310,Capital assets,-15537320.0
WC052,Prince Albert,2021,0420,Cash/cash equivalents at the year begin:,51966927.0
WC052,Prince Albert,2021,0430,Cash/cash equivalents at the year end:,164051253.0
WC053,Beaufort West,2021,0120,Property rates,30784146.0
WC053,Beaufort West,2021,0130,Service charges,126462997.0
WC053,Beaufort West,2021,0140,Other revenue,67106447.0
WC053,Beaufort West,2021,0150,Transfers and Subsidies - Operational,96956555.0
WC053,Beaufort West,2021,0160,Transfers and Subsidies - Capital,18854395.0
WC053,Beaufort West,2021,0200,Suppliers and employees,-137254996.0
WC053,Beaufort West,2021,0290,Decrease (increase) in non-current investments,-86666.0
WC053,Beaufort West,2021,0310,Capital assets,-23997343.0
WC053,Beaufort West,2021,0420,Cash/cash equivalents at the year begin:,17601400.0
WC053,Beaufort West,2021,0430,Cash/cash equivalents at the year end:,196426935.0
BUF,Buffalo City,2022,0120,Property rates,1375150925.0
BUF,Buffalo City,2022,0130,Service charges,3019328925.0
BUF,Buffalo City,2022,0140,Other revenue,4579128456.0
BUF,Buffalo City,2022,0150,Transfers and Subsidies - Operational,1067835992.0
BUF,Buffalo City,2022,0160,Transfers and Subsidies - Capital,704364838.0
BUF,Buffalo City,2022,0170,Interest,32568800.0
BUF,Buffalo City,2022,0200,Suppliers and employees,-6387311666.0
BUF,Buffalo City,2022,0210,Finance charges,-21160421.0
BUF,Buffalo City,2022,0220,Transfers and Subsidies,-118734592.0
BUF,Buffalo City,2022,0260,Proceeds on disposal of PPE,1347221.0
BUF,Buffalo City,2022,0310,Capital assets,-1408439197.0
BUF,Buffalo City,2022,0390,Repayment of borrowing,-45190555.0
BUF,Buffalo City,2022,0420,Cash/cash equivalents at the year begin:,1145407276.0
BUF,Buffalo City,2022,0430,Cash/cash equivalents at the year end:,3944296002.0
CPT,Cape Town,2022,0120,Property rates,10358743000.0
CPT,Cape Town,2022,0130,Service charges,23526030000.0
CPT,Cape Town,2022,0140,Other revenue,5219741000.0
CPT,Cape Town,2022,0150,Transfers and Subsidies - Operational,5343999531.0
CPT,Cape Town,2022,0200,Suppliers and employees,38935064000.0
CPT,Cape Town,2022,0280,Decrease (increase) in non-current receivables,3201390.0
CPT,Cape Town,2022,0290,Decrease (increase) in non-current investments,-131216919.0
CPT,Cape Town,2022,0310,Capital assets,-5450250000.0
CPT,Cape Town,2022,0420,Cash/cash equivalents at the year begin:,11032155580.0
CPT,Cape Town,2022,0430,Cash/cash equivalents at the year end:,88837467582.0
DC1,West Coast,2022,0130,Service charges,28949930.0
DC1,West Coast,2022,0140,Other revenue,201968109.0
DC1,West Coast,2022,0150,Transfers and Subsidies - Operational,34399562.0
DC1,West Coast,2022,0160,Transfers and Subsidies - Capital,2586000.0
DC1,West Coast,2022,0170,Interest,13489465.0
DC1,West Coast,2022,0200,Suppliers and employees,-127235639.0
DC1,West Coast,2022,0280,Decrease (increase) in non-current receivables,2196306.0
DC1,West Coast,2022,0310,Capital assets,-11782020.0
DC1,West Coast,2022,0390,Repayment of borrowing,-3000000.0
DC1,West Coast,2022,0420,Cash/cash equivalents at the year begin:,325271714.0
DC1,West Coast,2022,0430,Cash/cash equivalents at the year end:,466843427.0
DC10,Sarah Baartman,2022,0140,Other revenue,-53508.0
DC10,Sarah Baartman,2022,0200,Suppliers and employees,-47574.0
DC10,Sarah Baartman,2022,0220,Transfers and Subsidies,2040765.0
DC10,Sarah Baartman,2022,0420,Cash/cash equivalents at the year begin:,215539169.0
DC10,Sarah Baartman,2022,0430,Cash/cash equivalents at the year end:,217478852.0
DC12,Amathole,2022,0130,Service charges,-520138.0
DC12,Amathole,2022,0140,Other revenue,1103919.0
DC12,Amathole,2022,0150,Transfers and Subsidies - Operational,1327085543.0
DC12,Amathole,2022,0160,Transfers and Subsidies - Capital,-8996.0
DC12,Amathole,2022,0200,Suppliers and employees,-982757614.0
DC12,Amathole,2022,0420,Cash/cash equivalents at the year begin:,90831219.0
DC12,Amathole,2022,0430,Cash/cash equivalents at the year end:,435733933.0
DC13,Chris Hani,2022,0130,Service charges,96141375.0
DC13,Chris Hani,2022,0140,Other revenue,203365524.0
DC13,Chris Hani,2022,0150,Transfers and Subsidies - Operational,459193028.0
DC13,Chris Hani,2022,0160,Transfers and Subsidies - Capital,632611000.0
DC13,Chris Hani,2022,0170,Interest,10605218.0
DC13,Chris Hani,2022,0200,Suppliers and employees,-901031769.0
DC13,Chris Hani,2022,0210,Finance charges,-124657.0
DC13,Chris Hani,2022,0220,Transfers and Subsidies,-67663360.0
DC13,Chris Hani,2022,0260,Proceeds on disposal of PPE,317307.0
DC13,Chris Hani,2022,0310,Capital assets,-18275077.0
DC13,Chris Hani,2022,0420,Cash/cash equivalents at the year begin:,171220611.0
DC13,Chris Hani,2022,0430,Cash/cash equivalents at the year end:,586359200.0
DC14,Joe Gqabi,2022,0200,Suppliers and employees,-18854372.0
DC14,Joe Gqabi,2022,0290,Decrease (increase) in non-current investments,-94000.0
DC14,Joe Gqabi,2022,0420,Cash/cash equivalents at the year begin:,5242699.0
DC14,Joe Gqabi,2022,0430,Cash/cash equivalents at the year end:,-13705673.0
DC15,O R Tambo,2022,0130,Service charges,318943506.0
DC15,O R Tambo,2022,0140,Other revenue,561598881.0
DC15,O R Tambo,2022,0150,Transfers and Subsidies - Operational,30185754.0
DC15,O R Tambo,2022,0160,Transfers and Subsidies - Capital,749774000.0
DC15,O R Tambo,2022,0170,Interest,10790076.0
DC15,O R Tambo,2022,0200,Suppliers and employees,-1582064002.0
DC15,O R Tambo,2022,0280,Decrease (increase) in non-current receivables,249330.0
DC15,O R Tambo,2022,0310,Capital assets,-3388800.0
DC15,O R Tambo,2022,0420,Cash/cash equivalents at the year begin:,397403054.0
DC15,O R Tambo,2022,0430,Cash/cash equivalents at the year end:,483491799.0
DC16,Xhariep,2022,0200,Suppliers and employees,83749041.0
DC16,Xhariep,2022,0420,Cash/cash equivalents at the year begin:,10370747.0
DC16,Xhariep,2022,0430,Cash/cash equivalents at the year end:,94119788.0
DC18,Lejweleputswa,2022,0140,Other revenue,307897.0
DC18,Lejweleputswa,2022,0150,Transfers and Subsidies - Operational,140202418.0
DC18,Lejweleputswa,2022,0160,Transfers and Subsidies - Capital,2332000.0
DC18,Lejweleputswa,2022,0260,Proceeds on disposal of PPE,1409.0
DC18,Lejweleputswa,2022,0420,Cash/cash equivalents at the year begin:,121220823.0
DC18,Lejweleputswa,2022,0430,Cash/cash equivalents at the year end:,264064547.0
DC19,Thabo Mofutsanyana,2022,0200,Suppliers and employees,1450411.0
DC19,Thabo Mofutsanyana,2022,0430,Cash/cash equivalents at the year end:,1450411.0
DC2,Cape Winelands DM,2022,0140,Other revenue,75671407.0
DC2,Cape Winelands DM,2022,0150,Transfers and Subsidies - Operational,192770212.0
DC2,Cape Winelands DM,2022,0170,Interest,36438417.0
DC2,Cape Winelands DM,2022,0200,Suppliers and employees,120113426.0
DC2,Cape Winelands DM,2022,0220,Transfers and Subsidies,-10084057.0
DC2,Cape Winelands DM,2022,0420,Cash/cash equivalents at the year begin:,766153639.0
DC2,Cape Winelands DM,2022,0430,Cash/cash equivalents at the year end:,1181063044.0
DC20,Fezile Dabi,2022,0140,Other revenue,171921441.0
DC20,Fezile Dabi,2022,0150,Transfers and Subsidies - Operational,3936515.0
DC20,Fezile Dabi,2022,0160,Transfers and Subsidies - Capital,309493.0
DC20,Fezile Dabi,2022,0200,Suppliers and employees,-70720137.0
DC20,Fezile Dabi,2022,0310,Capital assets,-2423475.0
DC20,Fezile Dabi,2022,0420,Cash/cash equivalents at the year begin:,98021595.0
DC20,Fezile Dabi,2022,0430,Cash/cash equivalents at the year end:,201045432.0
DC21,Ugu,2022,0130,Service charges,1243154394.0
DC21,Ugu,2022,0150,Transfers and Subsidies - Operational,2623148006.0
DC21,Ugu,2022,0160,Transfers and Subsidies - Capital,276030546.0
DC21,Ugu,2022,0200,Suppliers and employees,-3573800.0
DC21,Ugu,2022,0280,Decrease (increase) in non-current receivables,-4976215.0
DC21,Ugu,2022,0290,Decrease (increase) in non-current investments,-100.0
DC21,Ugu,2022,0310,Capital assets,-310926478.0
DC21,Ugu,2022,0420,Cash/cash equivalents at the year begin:,-483543.0
DC21,Ugu,2022,0430,Cash/cash equivalents at the year end:,3822372810.0
DC22,uMgungundlovu,2022,0200,Suppliers and employees,-121690.0
DC22,uMgungundlovu,2022,0210,Finance charges,-8489608.0
DC22,uMgungundlovu,2022,0390,Repayment of borrowing,-10962119.0
DC22,uMgungundlovu,2022,0420,Cash/cash equivalents at the year begin:,233140350.0
DC22,uMgungundlovu,2022,0430,Cash/cash equivalents at the year end:,213566933.0
DC23,Uthukela,2022,0130,Service charges,132127398.0
DC23,Uthukela,2022,0140,Other revenue,52598113.0
DC23,Uthukela,2022,0150,Transfers and Subsidies - Operational,492457321.0
DC23,Uthukela,2022,0160,Transfers and Subsidies - Capital,289919000.0
DC23,Uthukela,2022,0170,Interest,3399279.0
DC23,Uthukela,2022,0200,Suppliers and employees,103540604.0
DC23,Uthukela,2022,0310,Capital assets,-236947133.0
DC23,Uthukela,2022,0420,Cash/cash equivalents at the year begin:,555202857.0
DC23,Uthukela,2022,0430,Cash/cash equivalents at the year end:,1392297439.0
DC24,Umzinyathi,2022,0130,Service charges,65766598.0
DC24,Umzinyathi,2022,0150,Transfers and Subsidies - Operational,5118635941.0
DC24,Umzinyathi,2022,0200,Suppliers and employees,295862965.0
DC24,Umzinyathi,2022,0420,Cash/cash equivalents at the year begin:,100.0
DC24,Umzinyathi,2022,0430,Cash/cash equivalents at the year end:,5480265604.0
DC25,Amajuba,2022,0150,Transfers and Subsidies - Operational,5100000.0
DC25,Amajuba,2022,0200,Suppliers and employees,-227803713.0
DC25,Amajuba,2022,0420,Cash/cash equivalents at the year begin:,2855.0
DC25,Amajuba,2022,0430,Cash/cash equivalents at the year end:,-222700858.0
DC26,Zululand,2022,0130,Service charges,46532081.0
DC26,Zululand,2022,0140,Other revenue,1070816815.0
DC26,Zululand,2022,0150,Transfers and Subsidies - Operational,536833538.0
DC26,Zululand,2022,0160,Transfers and Subsidies - Capital,611879000.0
DC26,Zululand,2022,0200,Suppliers and employees,-1827369604.0
DC26,Zululand,2022,0310,Capital assets,-484852877.0
DC26,Zululand,2022,0420,Cash/cash equivalents at the year begin:,20058248.0
DC26,Zululand,2022,0430,Cash/cash equivalents at the year end:,-26102799.0
DC28,King Cetshwayo,2022,0130,Service charges,138347283.0
DC28,King Cetshwayo,2022,0140,Other revenue,3508983786.0
DC28,King Cetshwayo,2022,0150,Transfers and Subsidies - Operational,6271474.0
DC28,King Cetshwayo,2022,0160,Transfers and Subsidies - Capital,273579000.0
DC28,King Cetshwayo,2022,0170,Interest,16041362.0
DC28,King Cetshwayo,2022,0200,Suppliers and employees,-1284916901.0
DC28,King Cetshwayo,2022,0280,Decrease (increase) in non-current receivables,-63704.0
DC28,King Cetshwayo,2022,0310,Capital assets,-209546230.0
DC28,King Cetshwayo,2022,0390,Repayment of borrowing,9563780.0
DC28,King Cetshwayo,2022,0420,Cash/cash equivalents at the year begin:,290983398.0
DC28,King Cetshwayo,2022,0430,Cash/cash equivalents at the year end:,2749243248.0
DC29,iLembe,2022,0130,Service charges,209768355.0
DC29,iLembe,2022,0140,Other revenue,171630589.0
DC29,iLembe,2022,0150,Transfers and Subsidies - Operational,1206717499.0
DC29,iLembe,2022,0160,Transfers and Subsidies - Capital,512894842.0
DC29,iLembe,2022,0170,Interest,9094747.0
DC29,iLembe,2022,0200,Suppliers and employees,-1070114822.0
DC29,iLembe,2022,0210,Finance charges,-6264166.0
DC29,iLembe,2022,0260,Proceeds on disposal of PPE,660000.0
DC29,iLembe,2022,0310,Capital assets,-242303338.0
DC29,iLembe,2022,0390,Repayment of borrowing,-29187692.0
DC29,iLembe,2022,0420,Cash/cash equivalents at the year begin:,546710807.0
DC29,iLembe,2022,0430,Cash/cash equivalents at the year end:,1309606821.0
DC3,Overberg,2022,0130,Service charges,13389.0
DC3,Overberg,2022,0140,Other revenue,90836.0
DC3,Overberg,2022,0150,Transfers and Subsidies - Operational,37713459.0
DC3,Overberg,2022,0200,Suppliers and employees,-95260439.0
DC3,Overberg,2022,0220,Transfers and Subsidies,-399383.0
DC3,Overberg,2022,0280,Decrease (increase) in non-current receivables,861000.0
DC3,Overberg,2022,0430,Cash/cash equivalents at the year end:,-56981138.0
DC30,Gert Sibande,2022,0130,Service charges,74534.0
DC30,Gert Sibande,2022,0140,Other revenue,95436732.0
DC30,Gert Sibande,2022,0150,Transfers and Subsidies - Operational,328780870.0
DC30,Gert Sibande,2022,0160,Transfers and Subsidies - Capital,60734770.0
DC30,Gert Sibande,2022,0200,Suppliers and employees,-72850082.0
DC30,Gert Sibande,2022,0420,Cash/cash equivalents at the year begin:,186830213.0
DC30,Gert Sibande,2022,0430,Cash/cash equivalents at the year end:,599007037.0
DC31,Nkangala,2022,0140,Other revenue,896951.0
DC31,Nkangala,2022,0150,Transfers and Subsidies - Operational,380093935.0
DC31,Nkangala,2022,0170,Interest,4868840.0
DC31,Nkangala,2022,0200,Suppliers and employees,-73463678.0
DC31,Nkangala,2022,0290,Decrease (increase) in non-current investments,-4440000.0
DC31,Nkangala,2022,0310,Capital assets,-7690416.0
DC31,Nkangala,2022,0420,Cash/cash equivalents at the year begin:,285178067.0
DC31,Nkangala,2022,0430,Cash/cash equivalents at the year end:,585443699.0
DC32,Ehlanzeni,2022,0140,Other revenue,1385285922.0
DC32,Ehlanzeni,2022,0150,Transfers and Subsidies - Operational,453623030.0
DC32,Ehlanzeni,2022,0160,Transfers and Subsidies - Capital,99122875.0
DC32,Ehlanzeni,2022,0170,Interest,6665700.0
DC32,Ehlanzeni,2022,0180,Dividends,153132.0
DC32,Ehlanzeni,2022,0200,Suppliers and employees,-595689897.0
DC32,Ehlanzeni,2022,0280,Decrease (increase) in non-current receivables,-5762731.0
DC32,Ehlanzeni,2022,0290,Decrease (increase) in non-current investments,443457.0
DC32,Ehlanzeni,2022,0310,Capital assets,-3562243.0
DC32,Ehlanzeni,2022,0390,Repayment of borrowing,-8755330.0
DC32,Ehlanzeni,2022,0420,Cash/cash equivalents at the year begin:,81811959.0
DC32,Ehlanzeni,2022,0430,Cash/cash equivalents at the year end:,1413335874.0
DC33,Mopani,2022,0140,Other revenue,2430574.0
DC33,Mopani,2022,0150,Transfers and Subsidies - Operational,1039019203.0
DC33,Mopani,2022,0160,Transfers and Subsidies - Capital,499604015.0
DC33,Mopani,2022,0170,Interest,262106.0
DC33,Mopani,2022,0200,Suppliers and employees,-499962548.0
DC33,Mopani,2022,0310,Capital assets,-551961495.0
DC33,Mopani,2022,0420,Cash/cash equivalents at the year begin:,131651674.0
DC33,Mopani,2022,0430,Cash/cash equivalents at the year end:,621043529.0
DC34,Vhembe,2022,0130,Service charges,189249.0
DC34,Vhembe,2022,0140,Other revenue,5561586.0
DC34,Vhembe,2022,0150,Transfers and Subsidies - Operational,1278608954.0
DC34,Vhembe,2022,0160,Transfers and Subsidies - Capital,119392487.0
DC34,Vhembe,2022,0170,Interest,11309333.0
DC34,Vhembe,2022,0200,Suppliers and employees,-483325097.0
DC34,Vhembe,2022,0260,Proceeds on disposal of PPE,2029996.0
DC34,Vhembe,2022,0310,Capital assets,-646836168.0
DC34,Vhembe,2022,0390,Repayment of borrowing,-43010952.0
DC34,Vhembe,2022,0420,Cash/cash equivalents at the year begin:,6298071.0
DC34,Vhembe,2022,0430,Cash/cash equivalents at the year end:,250217459.0
DC35,Capricorn,2022,0140,Other revenue,102391141.0
DC35,Capricorn,2022,0150,Transfers and Subsidies - Operational,696177774.0
DC35,Capricorn,2022,0160,Transfers and Subsidies - Capital,367121000.0
DC35,Capricorn,2022,0170,Interest,26831328.0
DC35,Capricorn,2022,0200,Suppliers and employees,-706330776.0
DC35,Capricorn,2022,0310,Capital assets,-393952717.0
DC35,Capricorn,2022,0390,Repayment of borrowing,-1217858.0
DC35,Capricorn,2022,0420,Cash/cash equivalents at the year begin:,353903969.0
DC35,Capricorn,2022,0430,Cash/cash equivalents at the year end:,444923861.0
DC38,Ngaka Modiri Molema,2022,0290,Decrease (increase) in non-current investments,-326356.0
DC38,Ngaka Modiri Molema,2022,0420,Cash/cash equivalents at the year begin:,289483350.0
DC38,Ngaka Modiri Molema,2022,0430,Cash/cash equivalents at the year end:,289156994.0
DC39,Dr Ruth Segomotsi Mompati,2022,0150,Transfers and Subsidies - Operational,283254598.0
DC39,Dr Ruth Segomotsi Mompati,2022,0160,Transfers and Subsidies - Capital,45651793.0
DC39,Dr Ruth Segomotsi Mompati,2022,0200,Suppliers and employees,100423.0
DC39,Dr Ruth Segomotsi Mompati,2022,0390,Repayment of borrowing,-11700000.0
DC39,Dr Ruth Segomotsi Mompati,2022,0420,Cash/cash equivalents at the year begin:,28695176.0
DC39,Dr Ruth Segomotsi Mompati,2022,0430,Cash/cash equivalents at the year end:,346001990.0
DC4,Garden Route,2022,0140,Other revenue,-7890441.0
DC4,Garden Route,2022,0150,Transfers and Subsidies - Operational,357672452.0
DC4,Garden Route,2022,0170,Interest,1985920.0
DC4,Garden Route,2022,0200,Suppliers and employees,-124998642.0
DC4,Garden Route,2022,0310,Capital assets,-8144488.0
DC4,Garden Route,2022,0420,Cash/cash equivalents at the year begin:,308727549.0
DC4,Garden Route,2022,0430,Cash/cash equivalents at the year end:,527352350.0
DC40,Dr Kenneth Kaunda,2022,0140,Other revenue,641494010.0
DC40,Dr Kenneth Kaunda,2022,0150,Transfers and Subsidies - Operational,3122000.0
DC40,Dr Kenneth Kaunda,2022,0160,Transfers and Subsidies - Capital,2514000.0
DC40,Dr Kenneth Kaunda,2022,0170,Interest,326997.0
DC40,Dr Kenneth Kaunda,2022,0200,Suppliers and employees,-184937741.0
DC40,Dr Kenneth Kaunda,2022,0310,Capital assets,-11765325.0
DC40,Dr Kenneth Kaunda,2022,0390,Repayment of borrowing,-48180.0
DC40,Dr Kenneth Kaunda,2022,0420,Cash/cash equivalents at the year begin:,98984943.0
DC40,Dr Kenneth Kaunda,2022,0430,Cash/cash equivalents at the year end:,549690704.0
DC42,Sedibeng,2022,0140,Other revenue,366768589.0
DC42,Sedibeng,2022,0150,Transfers and Subsidies - Operational,301711000.0
DC42,Sedibeng,2022,0170,Interest,1847215.0
DC42,Sedibeng,2022,0200,Suppliers and employees,-613402840.0
DC42,Sedibeng,2022,0310,Capital assets,-1525828.0
DC42,Sedibeng,2022,0420,Cash/cash equivalents at the year begin:,10180591.0
DC42,Sedibeng,2022,0430,Cash/cash equivalents at the year end:,65578727.0
DC43,Harry Gwala,2022,0130,Service charges,70345165.0
DC43,Harry Gwala,2022,0140,Other revenue,2902707.0
DC43,Harry Gwala,2022,0150,Transfers and Subsidies - Operational,613200644.0
DC43,Harry Gwala,2022,0160,Transfers and Subsidies - Capital,369600530.0
DC43,Harry Gwala,2022,0170,Interest,2570744.0
DC43,Harry Gwala,2022,0200,Suppliers and employees,-885094295.0
DC43,Harry Gwala,2022,0220,Transfers and Subsidies,-134760.0
DC43,Harry Gwala,2022,0310,Capital assets,-290904709.0
DC43,Harry Gwala,2022,0420,Cash/cash equivalents at the year begin:,51862285.0
DC43,Harry Gwala,2022,0430,Cash/cash equivalents at the year end:,-65651689.0
DC44,Alfred Nzo,2022,0130,Service charges,29604104.0
DC44,Alfred Nzo,2022,0140,Other revenue,709036847.0
DC44,Alfred Nzo,2022,0150,Transfers and Subsidies - Operational,643325177.0
DC44,Alfred Nzo,2022,0160,Transfers and Subsidies - Capital,629746043.0
DC44,Alfred Nzo,2022,0170,Interest,703500.0
DC44,Alfred Nzo,2022,0200,Suppliers and employees,-340929083.0
DC44,Alfred Nzo,2022,0310,Capital assets,-618694298.0
DC44,Alfred Nzo,2022,0420,Cash/cash equivalents at the year begin:,510014469.0
DC44,Alfred Nzo,2022,0430,Cash/cash equivalents at the year end:,1562806759.0
DC45,John Taolo Gaetsewe,2022,0150,Transfers and Subsidies - Operational,94503930.0
DC45,John Taolo Gaetsewe,2022,0170,Interest,22333.0
DC45,John Taolo Gaetsewe,2022,0200,Suppliers and employees,-11590755.0
DC45,John Taolo Gaetsewe,2022,0220,Transfers and Subsidies,204000.0
DC45,John Taolo Gaetsewe,2022,0390,Repayment of borrowing,-1.0
DC45,John Taolo Gaetsewe,2022,0420,Cash/cash equivalents at the year begin:,89076.0
DC45,John Taolo Gaetsewe,2022,0430,Cash/cash equivalents at the year end:,83228583.0
DC47,Sekhukhune,2022,0130,Service charges,57852237.0
DC47,Sekhukhune,2022,0140,Other revenue,-341845998.0
DC47,Sekhukhune,2022,0150,Transfers and Subsidies - Operational,10480000.0
DC47,Sekhukhune,2022,0160,Transfers and Subsidies - Capital,262623000.0
DC47,Sekhukhune,2022,0170,Interest,191595.0
DC47,Sekhukhune,2022,0200,Suppliers and employees,-1806321040.0
DC47,Sekhukhune,2022,0290,Decrease (increase) in non-current investments,-368568981.0
DC47,Sekhukhune,2022,0310,Capital assets,-350026005.0
DC47,Sekhukhune,2022,0420,Cash/cash equivalents at the year begin:,366046679.0
DC47,Sekhukhune,2022,0430,Cash/cash equivalents at the year end:,-2169568513.0
DC48,West Rand,2022,0140,Other revenue,5212719.0
DC48,West Rand,2022,0150,Transfers and Subsidies - Operational,473066743.0
DC48,West Rand,2022,0160,Transfers and Subsidies - Capital,25651000.0
DC48,West Rand,2022,0170,Interest,1297171.0
DC48,West Rand,2022,0200,Suppliers and employees,-48799038.0
DC48,West Rand,2022,0310,Capital assets,-7655497.0
DC48,West Rand,2022,0420,Cash/cash equivalents at the year begin:,1246152.0
DC48,West Rand,2022,0430,Cash/cash equivalents at the year end:,450019250.0
DC5,Central Karoo,2022,0140,Other revenue,62607879.0
DC5,Central Karoo,2022,0150,Transfers and Subsidies - Operational,63688163.0
DC5,Central Karoo,2022,0200,Suppliers and employees,-67661902.0
DC5,Central Karoo,2022,0310,Capital assets,-21509.0
DC5,Central Karoo,2022,0420,Cash/cash equivalents at the year begin:,21878529.0
DC5,Central Karoo,2022,0430,Cash/cash equivalents at the year end:,80491160.0
DC6,Namakwa,2022,0140,Other revenue,85783749.0
DC6,Namakwa,2022,0150,Transfers and Subsidies - Operational,58138000.0
DC6,Namakwa,2022,0170,Interest,163654.0
DC6,Namakwa,2022,0200,Suppliers and employees,-103730333.0
DC6,Namakwa,2022,0310,Capital assets,-609054.0
DC6,Namakwa,2022,0420,Cash/cash equivalents at the year begin:,4811413.0
DC6,Namakwa,2022,0430,Cash/cash equivalents at the year end:,44557429.0
DC7,Pixley Ka Seme (NC),2022,0140,Other revenue,63667155.0
DC7,Pixley Ka Seme (NC),2022,0150,Transfers and Subsidies - Operational,-169416.0
DC7,Pixley Ka Seme (NC),2022,0200,Suppliers and employees,-27202140.0
DC7,Pixley Ka Seme (NC),2022,0280,Decrease (increase) in non-current receivables,9310.0
DC7,Pixley Ka Seme (NC),2022,0310,Capital assets,-1484629.0
DC7,Pixley Ka Seme (NC),2022,0420,Cash/cash equivalents at the year begin:,6378494.0
DC7,Pixley Ka Seme (NC),2022,0430,Cash/cash equivalents at the year end:,41198774.0
DC8,Z F Mgcawu,2022,0140,Other revenue,483318.0
DC8,Z F Mgcawu,2022,0150,Transfers and Subsidies - Operational,75898000.0
DC8,Z F Mgcawu,2022,0200,Suppliers and employees,-5779465.0
DC8,Z F Mgcawu,2022,0260,Proceeds on disposal of PPE,8939.0
DC8,Z F Mgcawu,2022,0280,Decrease (increase) in non-current receivables,-94288.0
DC8,Z F Mgcawu,2022,0290,Decrease (increase) in non-current investments,-512048.0
DC8,Z F Mgcawu,2022,0310,Capital assets,-358505.0
DC8,Z F Mgcawu,2022,0420,Cash/cash equivalents at the year begin:,2281203.0
DC8,Z F Mgcawu,2022,0430,Cash/cash equivalents at the year end:,71927154.0
DC9,Frances Baard,2022,0200,Suppliers and employees,-75966949.0
DC9,Frances Baard,2022,0280,Decrease (increase) in non-current receivables,1389000.0
DC9,Frances Baard,2022,0420,Cash/cash equivalents at the year begin:,110135425.0
DC9,Frances Baard,2022,0430,Cash/cash equivalents at the year end:,35557476.0
EC101,Dr Beyers Naude,2022,0120,Property rates,-12189835.0
EC101,Dr Beyers Naude,2022,0130,Service charges,44021666.0
EC101,Dr Beyers Naude,2022,0140,Other revenue,9147650.0
EC101,Dr Beyers Naude,2022,0150,Transfers and Subsidies - Operational,-102815555.0
EC101,Dr Beyers Naude,2022,0160,Transfers and Subsidies - Capital,11898948.0
EC101,Dr Beyers Naude,2022,0200,Suppliers and employees,-181980857.0
EC101,Dr Beyers Naude,2022,0420,Cash/cash equivalents at the year begin:,5064035.0
EC101,Dr Beyers Naude,2022,0430,Cash/cash equivalents at the year end:,-226853948.0
EC102,Blue Crane Route,2022,0120,Property rates,6666934.0
EC102,Blue Crane Route,2022,0130,Service charges,137653813.0
EC102,Blue Crane Route,2022,0140,Other revenue,17791245.0
EC102,Blue Crane Route,2022,0150,Transfers and Subsidies - Operational,53863000.0
EC102,Blue Crane Route,2022,0160,Transfers and Subsidies - Capital,3000000.0
EC102,Blue Crane Route,2022,0200,Suppliers and employees,333425.0
EC102,Blue Crane Route,2022,0310,Capital assets,-1708647.0
EC102,Blue Crane Route,2022,0420,Cash/cash equivalents at the year begin:,26144338.0
EC102,Blue Crane Route,2022,0430,Cash/cash equivalents at the year end:,243744108.0
EC104,Makana,2022,0120,Property rates,31460584.0
EC104,Makana,2022,0130,Service charges,39217665.0
EC104,Makana,2022,0140,Other revenue,14624482.0
EC104,Makana,2022,0150,Transfers and Subsidies - Operational,166437109.0
EC104,Makana,2022,0200,Suppliers and employees,-99181196.0
EC104,Makana,2022,0310,Capital assets,-53469027.0
EC104,Makana,2022,0420,Cash/cash equivalents at the year begin:,19025602.0
EC104,Makana,2022,0430,Cash/cash equivalents at the year end:,118115219.0
EC105,Ndlambe,2022,0120,Property rates,128563634.0
EC105,Ndlambe,2022,0130,Service charges,145890233.0
EC105,Ndlambe,2022,0140,Other revenue,106885658.0
EC105,Ndlambe,2022,0150,Transfers and Subsidies - Operational,135587200.0
EC105,Ndlambe,2022,0160,Transfers and Subsidies - Capital,105514159.0
EC105,Ndlambe,2022,0170,Interest,2958167.0
EC105,Ndlambe,2022,0200,Suppliers and employees,-552961770.0
EC105,Ndlambe,2022,0210,Finance charges,-637570.0
EC105,Ndlambe,2022,0220,Transfers and Subsidies,-16571108.0
EC105,Ndlambe,2022,0290,Decrease (increase) in non-current investments,6284.0
EC105,Ndlambe,2022,0310,Capital assets,-123891376.0
EC105,Ndlambe,2022,0420,Cash/cash equivalents at the year begin:,76531208.0
EC105,Ndlambe,2022,0430,Cash/cash equivalents at the year end:,7874719.0
EC106,Sundays River Valley,2022,0120,Property rates,13190047.0
EC106,Sundays River Valley,2022,0130,Service charges,19252226.0
EC106,Sundays River Valley,2022,0140,Other revenue,76618.0
EC106,Sundays River Valley,2022,0150,Transfers and Subsidies - Operational,9955283.0
EC106,Sundays River Valley,2022,0160,Transfers and Subsidies - Capital,7580000.0
EC106,Sundays River Valley,2022,0170,Interest,705948.0
EC106,Sundays River Valley,2022,0200,Suppliers and employees,-220471495.0
EC106,Sundays River Valley,2022,0310,Capital assets,-12857436.0
EC106,Sundays River Valley,2022,0420,Cash/cash equivalents at the year begin:,-34072950.0
EC106,Sundays River Valley,2022,0430,Cash/cash equivalents at the year end:,-216641759.0
EC108,Kouga,2022,0120,Property rates,490992940.0
EC108,Kouga,2022,0130,Service charges,238395657.0
EC108,Kouga,2022,0140,Other revenue,22231317.0
EC108,Kouga,2022,0150,Transfers and Subsidies - Operational,147987808.0
EC108,Kouga,2022,0200,Suppliers and employees,747970917.0
EC108,Kouga,2022,0310,Capital assets,-57909368.0
EC108,Kouga,2022,0390,Repayment of borrowing,250244.0
EC108,Kouga,2022,0420,Cash/cash equivalents at the year begin:,53394446.0
EC108,Kouga,2022,0430,Cash/cash equivalents at the year end:,1643313961.0
EC109,Kou-Kamma,2022,0120,Property rates,15089743.0
EC109,Kou-Kamma,2022,0130,Service charges,9466272.0
EC109,Kou-Kamma,2022,0140,Other revenue,2084336.0
EC109,Kou-Kamma,2022,0150,Transfers and Subsidies - Operational,87670503.0
EC109,Kou-Kamma,2022,0160,Transfers and Subsidies - Capital,17402000.0
EC109,Kou-Kamma,2022,0170,Interest,24175.0
EC109,Kou-Kamma,2022,0200,Suppliers and employees,-85372054.0
EC109,Kou-Kamma,2022,0220,Transfers and Subsidies,860886.0
EC109,Kou-Kamma,2022,0420,Cash/cash equivalents at the year begin:,-85312433.0
EC109,Kou-Kamma,2022,0430,Cash/cash equivalents at the year end:,-38086572.0
EC121,Mbhashe,2022,0150,Transfers and Subsidies - Operational,20279778.0
EC121,Mbhashe,2022,0160,Transfers and Subsidies - Capital,24390293.0
EC121,Mbhashe,2022,0420,Cash/cash equivalents at the year begin:,-1899.0
EC121,Mbhashe,2022,0430,Cash/cash equivalents at the year end:,44668172.0
EC122,Mnquma,2022,0120,Property rates,90663633.0
EC122,Mnquma,2022,0130,Service charges,2713782.0
EC122,Mnquma,2022,0140,Other revenue,28645124.0
EC122,Mnquma,2022,0150,Transfers and Subsidies - Operational,295500047.0
EC122,Mnquma,2022,0160,Transfers and Subsidies - Capital,77773166.0
EC122,Mnquma,2022,0200,Suppliers and employees,-319926795.0
EC122,Mnquma,2022,0280,Decrease (increase) in non-current receivables,-298123.0
EC122,Mnquma,2022,0310,Capital assets,-29294819.0
EC122,Mnquma,2022,0420,Cash/cash equivalents at the year begin:,127688779.0
EC122,Mnquma,2022,0430,Cash/cash equivalents at the year end:,273464794.0
EC123,Great Kei,2022,0120,Property rates,25901755.0
EC123,Great Kei,2022,0130,Service charges,35956968.0
EC123,Great Kei,2022,0200,Suppliers and employees,-13192577.0
EC123,Great Kei,2022,0310,Capital assets,-861028.0
EC123,Great Kei,2022,0420,Cash/cash equivalents at the year begin:,5443988.0
EC123,Great Kei,2022,0430,Cash/cash equivalents at the year end:,53249106.0
EC124,Amahlathi,2022,0150,Transfers and Subsidies - Operational,36941753.0
EC124,Amahlathi,2022,0170,Interest,500.0
EC124,Amahlathi,2022,0200,Suppliers and employees,-10704000.0
EC124,Amahlathi,2022,0220,Transfers and Subsidies,-233712.0
EC124,Amahlathi,2022,0420,Cash/cash equivalents at the year begin:,1558575.0
EC124,Amahlathi,2022,0430,Cash/cash equivalents at the year end:,27563116.0
EC126,Ngqushwa,2022,0170,Interest,1.0
EC126,Ngqushwa,2022,0200,Suppliers and employees,4334187.0
EC126,Ngqushwa,2022,0430,Cash/cash equivalents at the year end:,4334188.0
EC129,Raymond Mhlaba,2022,0150,Transfers and Subsidies - Operational,11518498.0
EC129,Raymond Mhlaba,2022,0200,Suppliers and employees,57029160.0
EC129,Raymond Mhlaba,2022,0420,Cash/cash equivalents at the year begin:,-4464275.0
EC129,Raymond Mhlaba,2022,0430,Cash/cash equivalents at the year end:,64083383.0
EC131,Inxuba Yethemba,2022,0120,Property rates,36127866.0
EC131,Inxuba Yethemba,2022,0130,Service charges,70132796.0
EC131,Inxuba Yethemba,2022,0140,Other revenue,8827187.0
EC131,Inxuba Yethemba,2022,0150,Transfers and Subsidies - Operational,54298358.0
EC131,Inxuba Yethemba,2022,0160,Transfers and Subsidies - Capital,9292111.0
EC131,Inxuba Yethemba,2022,0200,Suppliers and employees,-69293783.0
EC131,Inxuba Yethemba,2022,0310,Capital assets,-1872188.0
EC131,Inxuba Yethemba,2022,0420,Cash/cash equivalents at the year begin:,-20673974.0
EC131,Inxuba Yethemba,2022,0430,Cash/cash equivalents at the year end:,86838373.0
EC135,Vuyisile Mini,2022,0140,Other revenue,-1.0
EC135,Vuyisile Mini,2022,0150,Transfers and Subsidies - Operational,8972287.0
EC135,Vuyisile Mini,2022,0200,Suppliers and employees,6773568.0
EC135,Vuyisile Mini,2022,0430,Cash/cash equivalents at the year end:,15745854.0
EC136,Emalahleni (EC),2022,0120,Property rates,78866731.0
EC136,Emalahleni (EC),2022,0130,Service charges,19622629.0
EC136,Emalahleni (EC),2022,0140,Other revenue,11111148.0
EC136,Emalahleni (EC),2022,0150,Transfers and Subsidies - Operational,162199116.0
EC136,Emalahleni (EC),2022,0160,Transfers and Subsidies - Capital,117012284.0
EC136,Emalahleni (EC),2022,0200,Suppliers and employees,-114138099.0
EC136,Emalahleni (EC),2022,0310,Capital assets,44909323.0
EC136,Emalahleni (EC),2022,0420,Cash/cash equivalents at the year begin:,63850997.0
EC136,Emalahleni (EC),2022,0430,Cash/cash equivalents at the year end:,383434129.0
EC137,Dr. A.B. Xuma,2022,0120,Property rates,156169.0
EC137,Dr. A.B. Xuma,2022,0130,Service charges,16166.0
EC137,Dr. A.B. Xuma,2022,0140,Other revenue,50279720.0
EC137,Dr. A.B. Xuma,2022,0150,Transfers and Subsidies - Operational,167057069.0
EC137,Dr. A.B. Xuma,2022,0160,Transfers and Subsidies - Capital,43823993.0
EC137,Dr. A.B. Xuma,2022,0200,Suppliers and employees,-136964071.0
EC137,Dr. A.B. Xuma,2022,0310,Capital assets,-80593874.0
EC137,Dr. A.B. Xuma,2022,0420,Cash/cash equivalents at the year begin:,99317795.0
EC137,Dr. A.B. Xuma,2022,0430,Cash/cash equivalents at the year end:,143092967.0
EC138,Sakhisizwe,2022,0120,Property rates,2723839.0
EC138,Sakhisizwe,2022,0130,Service charges,14158916.0
EC138,Sakhisizwe,2022,0140,Other revenue,2597598.0
EC138,Sakhisizwe,2022,0150,Transfers and Subsidies - Operational,111786852.0
EC138,Sakhisizwe,2022,0160,Transfers and Subsidies - Capital,44179422.0
EC138,Sakhisizwe,2022,0200,Suppliers and employees,-16083846.0
EC138,Sakhisizwe,2022,0260,Proceeds on disposal of PPE,390000.0
EC138,Sakhisizwe,2022,0310,Capital assets,-17814927.0
EC138,Sakhisizwe,2022,0420,Cash/cash equivalents at the year begin:,19083395.0
EC138,Sakhisizwe,2022,0430,Cash/cash equivalents at the year end:,161021249.0
EC139,Enoch Mgijima,2022,0120,Property rates,94349922.0
EC139,Enoch Mgijima,2022,0130,Service charges,263726552.0
EC139,Enoch Mgijima,2022,0140,Other revenue,1022266668.0
EC139,Enoch Mgijima,2022,0150,Transfers and Subsidies - Operational,264934769.0
EC139,Enoch Mgijima,2022,0160,Transfers and Subsidies - Capital,123353512.0
EC139,Enoch Mgijima,2022,0170,Interest,3651521.0
EC139,Enoch Mgijima,2022,0200,Suppliers and employees,-966588422.0
EC139,Enoch Mgijima,2022,0420,Cash/cash equivalents at the year begin:,37598389.0
EC139,Enoch Mgijima,2022,0430,Cash/cash equivalents at the year end:,843292911.0
EC141,Elundini,2022,0130,Service charges,21408211.0
EC141,Elundini,2022,0140,Other revenue,34775238.0
EC141,Elundini,2022,0150,Transfers and Subsidies - Operational,176346897.0
EC141,Elundini,2022,0160,Transfers and Subsidies - Capital,60771000.0
EC141,Elundini,2022,0170,Interest,114182.0
EC141,Elundini,2022,0200,Suppliers and employees,-178880140.0
EC141,Elundini,2022,0280,Decrease (increase) in non-current receivables,-40436.0
EC141,Elundini,2022,0310,Capital assets,-65048452.0
EC141,Elundini,2022,0420,Cash/cash equivalents at the year begin:,110529614.0
EC141,Elundini,2022,0430,Cash/cash equivalents at the year end:,159976114.0
EC145,Walter Sisulu,2022,0200,Suppliers and employees,-128645694.0
EC145,Walter Sisulu,2022,0310,Capital assets,4228.0
EC145,Walter Sisulu,2022,0420,Cash/cash equivalents at the year begin:,12167431.0
EC145,Walter Sisulu,2022,0430,Cash/cash equivalents at the year end:,-116474035.0
EC153,Ngquza Hills,2022,0120,Property rates,25358530.0
EC153,Ngquza Hills,2022,0130,Service charges,607559.0
EC153,Ngquza Hills,2022,0140,Other revenue,44076867.0
EC153,Ngquza Hills,2022,0150,Transfers and Subsidies - Operational,286624807.0
EC153,Ngquza Hills,2022,0160,Transfers and Subsidies - Capital,18920819.0
EC153,Ngquza Hills,2022,0200,Suppliers and employees,-318165760.0
EC153,Ngquza Hills,2022,0310,Capital assets,-105317506.0
EC153,Ngquza Hills,2022,0420,Cash/cash equivalents at the year begin:,207411758.0
EC153,Ngquza Hills,2022,0430,Cash/cash equivalents at the year end:,159517074.0
EC154,Port St Johns,2022,0120,Property rates,446956.0
EC154,Port St Johns,2022,0130,Service charges,316126.0
EC154,Port St Johns,2022,0140,Other revenue,1335665.0
EC154,Port St Johns,2022,0150,Transfers and Subsidies - Operational,150970245.0
EC154,Port St Johns,2022,0160,Transfers and Subsidies - Capital,21399586.0
EC154,Port St Johns,2022,0170,Interest,32323.0
EC154,Port St Johns,2022,0200,Suppliers and employees,-881706.0
EC154,Port St Johns,2022,0310,Capital assets,-30364660.0
EC154,Port St Johns,2022,0420,Cash/cash equivalents at the year begin:,129218910.0
EC154,Port St Johns,2022,0430,Cash/cash equivalents at the year end:,272473445.0
EC155,Nyandeni,2022,0120,Property rates,5709010.0
EC155,Nyandeni,2022,0130,Service charges,46000.0
EC155,Nyandeni,2022,0140,Other revenue,8951234.0
EC155,Nyandeni,2022,0150,Transfers and Subsidies - Operational,90385018.0
EC155,Nyandeni,2022,0160,Transfers and Subsidies - Capital,13055000.0
EC155,Nyandeni,2022,0200,Suppliers and employees,-316715030.0
EC155,Nyandeni,2022,0310,Capital assets,-82016273.0
EC155,Nyandeni,2022,0420,Cash/cash equivalents at the year begin:,294594560.0
EC155,Nyandeni,2022,0430,Cash/cash equivalents at the year end:,14009519.0
EC156,Kumkani Mhlontlo,2022,0120,Property rates,9700950.0
EC156,Kumkani Mhlontlo,2022,0140,Other revenue,6772012.0
EC156,Kumkani Mhlontlo,2022,0150,Transfers and Subsidies - Operational,202532753.0
EC156,Kumkani Mhlontlo,2022,0160,Transfers and Subsidies - Capital,42595000.0
EC156,Kumkani Mhlontlo,2022,0170,Interest,5271498.0
EC156,Kumkani Mhlontlo,2022,0200,Suppliers and employees,-84931074.0
EC156,Kumkani Mhlontlo,2022,0310,Capital assets,-3186704.0
EC156,Kumkani Mhlontlo,2022,0420,Cash/cash equivalents at the year begin:,169227405.0
EC156,Kumkani Mhlontlo,2022,0430,Cash/cash equivalents at the year end:,347981840.0
EC157,King Sabata Dalindyebo,2022,0120,Property rates,80222331.0
EC157,King Sabata Dalindyebo,2022,0130,Service charges,-111920933.0
EC157,King Sabata Dalindyebo,2022,0140,Other revenue,-811893331.0
EC157,King Sabata Dalindyebo,2022,0150,Transfers and Subsidies - Operational,483149011.0
EC157,King Sabata Dalindyebo,2022,0160,Transfers and Subsidies - Capital,1982744.0
EC157,King Sabata Dalindyebo,2022,0170,Interest,1989687.0
EC157,King Sabata Dalindyebo,2022,0200,Suppliers and employees,-33442527.0
EC157,King Sabata Dalindyebo,2022,0210,Finance charges,-341420594.0
EC157,King Sabata Dalindyebo,2022,0310,Capital assets,-153995990.0
EC157,King Sabata Dalindyebo,2022,0420,Cash/cash equivalents at the year begin:,38613172.0
EC157,King Sabata Dalindyebo,2022,0430,Cash/cash equivalents at the year end:,-846716430.0
EC441,Matatiele,2022,0120,Property rates,36619760.0
EC441,Matatiele,2022,0130,Service charges,62021234.0
EC441,Matatiele,2022,0140,Other revenue,15704735.0
EC441,Matatiele,2022,0150,Transfers and Subsidies - Operational,266201875.0
EC441,Matatiele,2022,0160,Transfers and Subsidies - Capital,174749000.0
EC441,Matatiele,2022,0170,Interest,4384738.0
EC441,Matatiele,2022,0200,Suppliers and employees,-218767443.0
EC441,Matatiele,2022,0310,Capital assets,-188241311.0
EC441,Matatiele,2022,0420,Cash/cash equivalents at the year begin:,224422322.0
EC441,Matatiele,2022,0430,Cash/cash equivalents at the year end:,377094910.0
EC442,Umzimvubu,2022,0120,Property rates,41973096.0
EC442,Umzimvubu,2022,0130,Service charges,1067719.0
EC442,Umzimvubu,2022,0140,Other revenue,54868562.0
EC442,Umzimvubu,2022,0150,Transfers and Subsidies - Operational,870886329.0
EC442,Umzimvubu,2022,0160,Transfers and Subsidies - Capital,114951000.0
EC442,Umzimvubu,2022,0200,Suppliers and employees,-208819388.0
EC442,Umzimvubu,2022,0310,Capital assets,-155529322.0
EC442,Umzimvubu,2022,0420,Cash/cash equivalents at the year begin:,124616078.0
EC442,Umzimvubu,2022,0430,Cash/cash equivalents at the year end:,844014074.0
EC443,Winnie Madikizela-Mandela,2022,0120,Property rates,21234659.0
EC443,Winnie Madikizela-Mandela,2022,0130,Service charges,43511689.0
EC443,Winnie Madikizela-Mandela,2022,0140,Other revenue,8656109.0
EC443,Winnie Madikizela-Mandela,2022,0150,Transfers and Subsidies - Operational,295691513.0
EC443,Winnie Madikizela-Mandela,2022,0160,Transfers and Subsidies - Capital,87202647.0
EC443,Winnie Madikizela-Mandela,2022,0170,Interest,183190.0
EC443,Winnie Madikizela-Mandela,2022,0200,Suppliers and employees,-283390344.0
EC443,Winnie Madikizela-Mandela,2022,0310,Capital assets,-138669384.0
EC443,Winnie Madikizela-Mandela,2022,0420,Cash/cash equivalents at the year begin:,258161050.0
EC443,Winnie Madikizela-Mandela,2022,0430,Cash/cash equivalents at the year end:,292581129.0
EC444,Ntabankulu,2022,0140,Other revenue,1000.0
EC444,Ntabankulu,2022,0150,Transfers and Subsidies - Operational,12414.0
EC444,Ntabankulu,2022,0160,Transfers and Subsidies - Capital,8999255.0
EC444,Ntabankulu,2022,0200,Suppliers and employees,1970155.0
EC444,Ntabankulu,2022,0260,Proceeds on disposal of PPE,130485.0
EC444,Ntabankulu,2022,0420,Cash/cash equivalents at the year begin:,1000.0
EC444,Ntabankulu,2022,0430,Cash/cash equivalents at the year end:,11114309.0
EKU,City of Ekurhuleni,2022,0120,Property rates,6070995699.0
EKU,City of Ekurhuleni,2022,0130,Service charges,26101557081.0
EKU,City of Ekurhuleni,2022,0140,Other revenue,79314995.0
EKU,City of Ekurhuleni,2022,0150,Transfers and Subsidies - Operational,96451183.0
EKU,City of Ekurhuleni,2022,0160,Transfers and Subsidies - Capital,1650057658.0
EKU,City of Ekurhuleni,2022,0170,Interest,118223692.0
EKU,City of Ekurhuleni,2022,0200,Suppliers and employees,-46816922891.0
EKU,City of Ekurhuleni,2022,0220,Transfers and Subsidies,-189814218.0
EKU,City of Ekurhuleni,2022,0280,Decrease (increase) in non-current receivables,-42689.0
EKU,City of Ekurhuleni,2022,0290,Decrease (increase) in non-current investments,429785554.0
EKU,City of Ekurhuleni,2022,0310,Capital assets,-3213380849.0
EKU,City of Ekurhuleni,2022,0360,Borrowing long term/refinancing,1000063499.0
EKU,City of Ekurhuleni,2022,0390,Repayment of borrowing,496530.0
EKU,City of Ekurhuleni,2022,0420,Cash/cash equivalents at the year begin:,1139270246.0
EKU,City of Ekurhuleni,2022,0430,Cash/cash equivalents at the year end:,-13533944510.0
ETH,eThekwini,2022,0120,Property rates,62914343.0
ETH,eThekwini,2022,0130,Service charges,-6320854.0
ETH,eThekwini,2022,0140,Other revenue,-1061236.0
ETH,eThekwini,2022,0200,Suppliers and employees,-14955587.0
ETH,eThekwini,2022,0280,Decrease (increase) in non-current receivables,-267189431.0
ETH,eThekwini,2022,0430,Cash/cash equivalents at the year end:,-226612765.0
FS161,Letsemeng,2022,0150,Transfers and Subsidies - Operational,37183814.0
FS161,Letsemeng,2022,0200,Suppliers and employees,-5629738.0
FS161,Letsemeng,2022,0430,Cash/cash equivalents at the year end:,31554076.0
FS163,Mohokare,2022,0120,Property rates,5330820.0
FS163,Mohokare,2022,0130,Service charges,6852569.0
FS163,Mohokare,2022,0140,Other revenue,15726596.0
FS163,Mohokare,2022,0150,Transfers and Subsidies - Operational,62271838.0
FS163,Mohokare,2022,0160,Transfers and Subsidies - Capital,8562000.0
FS163,Mohokare,2022,0170,Interest,229955.0
FS163,Mohokare,2022,0180,Dividends,14000.0
FS163,Mohokare,2022,0200,Suppliers and employees,-34982426.0
FS163,Mohokare,2022,0290,Decrease (increase) in non-current investments,-48678.0
FS163,Mohokare,2022,0310,Capital assets,-35047955.0
FS163,Mohokare,2022,0420,Cash/cash equivalents at the year begin:,5066936.0
FS163,Mohokare,2022,0430,Cash/cash equivalents at the year end:,33975655.0
FS182,Tokologo,2022,0120,Property rates,21799206.0
FS182,Tokologo,2022,0130,Service charges,111244882.0
FS182,Tokologo,2022,0140,Other revenue,15881372.0
FS182,Tokologo,2022,0150,Transfers and Subsidies - Operational,308480000.0
FS182,Tokologo,2022,0160,Transfers and Subsidies - Capital,413522247.0
FS182,Tokologo,2022,0200,Suppliers and employees,-96513796.0
FS182,Tokologo,2022,0260,Proceeds on disposal of PPE,2765070.0
FS182,Tokologo,2022,0280,Decrease (increase) in non-current receivables,-1370438.0
FS182,Tokologo,2022,0420,Cash/cash equivalents at the year begin:,973132.0
FS182,Tokologo,2022,0430,Cash/cash equivalents at the year end:,776781675.0
FS183,Tswelopele,2022,0120,Property rates,14270131.0
FS183,Tswelopele,2022,0130,Service charges,60594277.0
FS183,Tswelopele,2022,0140,Other revenue,3477347.0
FS183,Tswelopele,2022,0150,Transfers and Subsidies - Operational,124347558.0
FS183,Tswelopele,2022,0160,Transfers and Subsidies - Capital,17192000.0
FS183,Tswelopele,2022,0170,Interest,43431.0
FS183,Tswelopele,2022,0200,Suppliers and employees,-168856122.0
FS183,Tswelopele,2022,0260,Proceeds on disposal of PPE,14134.0
FS183,Tswelopele,2022,0290,Decrease (increase) in non-current investments,-123623.0
FS183,Tswelopele,2022,0310,Capital assets,-3379127.0
FS183,Tswelopele,2022,0420,Cash/cash equivalents at the year begin:,12487084.0
FS183,Tswelopele,2022,0430,Cash/cash equivalents at the year end:,60067090.0
FS184,Matjhabeng,2022,0120,Property rates,339116479.0
FS184,Matjhabeng,2022,0130,Service charges,1142196251.0
FS184,Matjhabeng,2022,0140,Other revenue,-198325844.0
FS184,Matjhabeng,2022,0150,Transfers and Subsidies - Operational,21064000.0
FS184,Matjhabeng,2022,0160,Transfers and Subsidies - Capital,200215000.0
FS184,Matjhabeng,2022,0170,Interest,2390349.0
FS184,Matjhabeng,2022,0180,Dividends,33570.0
FS184,Matjhabeng,2022,0200,Suppliers and employees,-2207088313.0
FS184,Matjhabeng,2022,0310,Capital assets,-113229854.0
FS184,Matjhabeng,2022,0420,Cash/cash equivalents at the year begin:,65219292.0
FS184,Matjhabeng,2022,0430,Cash/cash equivalents at the year end:,-748409070.0
FS191,Setsoto,2022,0120,Property rates,184132047.0
FS191,Setsoto,2022,0130,Service charges,123816442.0
FS191,Setsoto,2022,0140,Other revenue,7584027.0
FS191,Setsoto,2022,0150,Transfers and Subsidies - Operational,183667436.0
FS191,Setsoto,2022,0160,Transfers and Subsidies - Capital,131490950.0
FS191,Setsoto,2022,0170,Interest,3239187.0
FS191,Setsoto,2022,0200,Suppliers and employees,-214882027.0
FS191,Setsoto,2022,0260,Proceeds on disposal of PPE,446055.0
FS191,Setsoto,2022,0290,Decrease (increase) in non-current investments,-57773.0
FS191,Setsoto,2022,0310,Capital assets,-141960971.0
FS191,Setsoto,2022,0390,Repayment of borrowing,31184.0
FS191,Setsoto,2022,0420,Cash/cash equivalents at the year begin:,28995010.0
FS191,Setsoto,2022,0430,Cash/cash equivalents at the year end:,306501567.0
FS192,Dihlabeng,2022,0120,Property rates,113021952.0
FS192,Dihlabeng,2022,0130,Service charges,290686404.0
FS192,Dihlabeng,2022,0140,Other revenue,230283864.0
FS192,Dihlabeng,2022,0160,Transfers and Subsidies - Capital,69926831.0
FS192,Dihlabeng,2022,0180,Dividends,-1284807.0
FS192,Dihlabeng,2022,0200,Suppliers and employees,-411246957.0
FS192,Dihlabeng,2022,0310,Capital assets,-67823116.0
FS192,Dihlabeng,2022,0360,Borrowing long term/refinancing,-4587452.0
FS192,Dihlabeng,2022,0420,Cash/cash equivalents at the year begin:,-11210086.0
FS192,Dihlabeng,2022,0430,Cash/cash equivalents at the year end:,207766633.0
FS193,Nketoana,2022,0120,Property rates,11784050.0
FS193,Nketoana,2022,0130,Service charges,123647425.0
FS193,Nketoana,2022,0140,Other revenue,-12717169.0
FS193,Nketoana,2022,0150,Transfers and Subsidies - Operational,106902279.0
FS193,Nketoana,2022,0160,Transfers and Subsidies - Capital,45524789.0
FS193,Nketoana,2022,0200,Suppliers and employees,-179084977.0
FS193,Nketoana,2022,0290,Decrease (increase) in non-current investments,-2355.0
FS193,Nketoana,2022,0310,Capital assets,-36891962.0
FS193,Nketoana,2022,0420,Cash/cash equivalents at the year begin:,2990690.0
FS193,Nketoana,2022,0430,Cash/cash equivalents at the year end:,62152770.0
FS194,Maluti-a-Phofung,2022,0120,Property rates,209083018.0
FS194,Maluti-a-Phofung,2022,0130,Service charges,261358669.0
FS194,Maluti-a-Phofung,2022,0140,Other revenue,721541759.0
FS194,Maluti-a-Phofung,2022,0150,Transfers and Subsidies - Operational,9332000.0
FS194,Maluti-a-Phofung,2022,0160,Transfers and Subsidies - Capital,254445139.0
FS194,Maluti-a-Phofung,2022,0200,Suppliers and employees,-883885816.0
FS194,Maluti-a-Phofung,2022,0310,Capital assets,-165975153.0
FS194,Maluti-a-Phofung,2022,0360,Borrowing long term/refinancing,-9845870.0
FS194,Maluti-a-Phofung,2022,0420,Cash/cash equivalents at the year begin:,181011122.0
FS194,Maluti-a-Phofung,2022,0430,Cash/cash equivalents at the year end:,577064868.0
FS195,Phumelela,2022,0130,Service charges,30923423.0
FS195,Phumelela,2022,0140,Other revenue,13206922.0
FS195,Phumelela,2022,0150,Transfers and Subsidies - Operational,84887565.0
FS195,Phumelela,2022,0160,Transfers and Subsidies - Capital,32621005.0
FS195,Phumelela,2022,0200,Suppliers and employees,-248290641.0
FS195,Phumelela,2022,0260,Proceeds on disposal of PPE,2668943.0
FS195,Phumelela,2022,0290,Decrease (increase) in non-current investments,8754.0
FS195,Phumelela,2022,0310,Capital assets,-38978134.0
FS195,Phumelela,2022,0420,Cash/cash equivalents at the year begin:,3810323.0
FS195,Phumelela,2022,0430,Cash/cash equivalents at the year end:,-119141840.0
FS201,Moqhaka,2022,0120,Property rates,48572256.0
FS201,Moqhaka,2022,0130,Service charges,642864722.0
FS201,Moqhaka,2022,0140,Other revenue,179441754.0
FS201,Moqhaka,2022,0150,Transfers and Subsidies - Operational,4840388.0
FS201,Moqhaka,2022,0160,Transfers and Subsidies - Capital,41333839.0
FS201,Moqhaka,2022,0180,Dividends,1150843.0
FS201,Moqhaka,2022,0200,Suppliers and employees,-520847586.0
FS201,Moqhaka,2022,0290,Decrease (increase) in non-current investments,-29595.0
FS201,Moqhaka,2022,0310,Capital assets,-7142200.0
FS201,Moqhaka,2022,0360,Borrowing long term/refinancing,-5629312.0
FS201,Moqhaka,2022,0420,Cash/cash equivalents at the year begin:,-55688.0
FS201,Moqhaka,2022,0430,Cash/cash equivalents at the year end:,384499421.0
FS203,Ngwathe,2022,0120,Property rates,77926553.0
FS203,Ngwathe,2022,0130,Service charges,260468049.0
FS203,Ngwathe,2022,0140,Other revenue,307136809.0
FS203,Ngwathe,2022,0150,Transfers and Subsidies - Operational,4672000.0
FS203,Ngwathe,2022,0160,Transfers and Subsidies - Capital,159661000.0
FS203,Ngwathe,2022,0170,Interest,697108.0
FS203,Ngwathe,2022,0200,Suppliers and employees,-2513826731.0
FS203,Ngwathe,2022,0310,Capital assets,-84656984.0
FS203,Ngwathe,2022,0360,Borrowing long term/refinancing,-1172505.0
FS203,Ngwathe,2022,0420,Cash/cash equivalents at the year begin:,56711043.0
FS203,Ngwathe,2022,0430,Cash/cash equivalents at the year end:,-1732383658.0
FS204,Metsimaholo,2022,0120,Property rates,191717352.0
FS204,Metsimaholo,2022,0130,Service charges,943373090.0
FS204,Metsimaholo,2022,0140,Other revenue,376434741.0
FS204,Metsimaholo,2022,0150,Transfers and Subsidies - Operational,221575008.0
FS204,Metsimaholo,2022,0160,Transfers and Subsidies - Capital,180096425.0
FS204,Metsimaholo,2022,0170,Interest,1798455.0
FS204,Metsimaholo,2022,0180,Dividends,123203.0
FS204,Metsimaholo,2022,0200,Suppliers and employees,-1978347240.0
FS204,Metsimaholo,2022,0280,Decrease (increase) in non-current receivables,-1810074.0
FS204,Metsimaholo,2022,0310,Capital assets,-157894177.0
FS204,Metsimaholo,2022,0390,Repayment of borrowing,-492811.0
FS204,Metsimaholo,2022,0420,Cash/cash equivalents at the year begin:,50975284.0
FS204,Metsimaholo,2022,0430,Cash/cash equivalents at the year end:,-172450744.0
FS205,Mafube,2022,0120,Property rates,24932773.0
FS205,Mafube,2022,0130,Service charges,38878785.0
FS205,Mafube,2022,0140,Other revenue,206390851.0
FS205,Mafube,2022,0150,Transfers and Subsidies - Operational,4175000.0
FS205,Mafube,2022,0160,Transfers and Subsidies - Capital,52220000.0
FS205,Mafube,2022,0170,Interest,529863.0
FS205,Mafube,2022,0200,Suppliers and employees,-196040520.0
FS205,Mafube,2022,0310,Capital assets,-21563615.0
FS205,Mafube,2022,0420,Cash/cash equivalents at the year begin:,-146397736.0
FS205,Mafube,2022,0430,Cash/cash equivalents at the year end:,-36874599.0
GT421,Emfuleni,2022,0120,Property rates,682599602.0
GT421,Emfuleni,2022,0130,Service charges,4057634270.0
GT421,Emfuleni,2022,0140,Other revenue,561794655.0
GT421,Emfuleni,2022,0150,Transfers and Subsidies - Operational,176000.0
GT421,Emfuleni,2022,0160,Transfers and Subsidies - Capital,19321000.0
GT421,Emfuleni,2022,0170,Interest,3650349.0
GT421,Emfuleni,2022,0200,Suppliers and employees,-6442528871.0
GT421,Emfuleni,2022,0290,Decrease (increase) in non-current investments,2295.0
GT421,Emfuleni,2022,0310,Capital assets,-548642083.0
GT421,Emfuleni,2022,0420,Cash/cash equivalents at the year begin:,269479408.0
GT421,Emfuleni,2022,0430,Cash/cash equivalents at the year end:,-1396513375.0
GT422,Midvaal,2022,0120,Property rates,592131917.0
GT422,Midvaal,2022,0130,Service charges,787382149.0
GT422,Midvaal,2022,0140,Other revenue,146353099.0
GT422,Midvaal,2022,0160,Transfers and Subsidies - Capital,90116862.0
GT422,Midvaal,2022,0200,Suppliers and employees,-788118865.0
GT422,Midvaal,2022,0310,Capital assets,-164627186.0
GT422,Midvaal,2022,0360,Borrowing long term/refinancing,18600000.0
GT422,Midvaal,2022,0390,Repayment of borrowing,-40189047.0
GT422,Midvaal,2022,0420,Cash/cash equivalents at the year begin:,451304933.0
GT422,Midvaal,2022,0430,Cash/cash equivalents at the year end:,1092953862.0
GT423,Lesedi,2022,0120,Property rates,131182115.0
GT423,Lesedi,2022,0130,Service charges,462012674.0
GT423,Lesedi,2022,0140,Other revenue,1122898082.0
GT423,Lesedi,2022,0150,Transfers and Subsidies - Operational,8850000.0
GT423,Lesedi,2022,0160,Transfers and Subsidies - Capital,109916000.0
GT423,Lesedi,2022,0200,Suppliers and employees,-884449307.0
GT423,Lesedi,2022,0310,Capital assets,-83836057.0
GT423,Lesedi,2022,0420,Cash/cash equivalents at the year begin:,55027572.0
GT423,Lesedi,2022,0430,Cash/cash equivalents at the year end:,921601079.0
GT485,Rand West City,2022,0120,Property rates,3276.0
GT485,Rand West City,2022,0130,Service charges,448853978.0
GT485,Rand West City,2022,0140,Other revenue,1063713427.0
GT485,Rand West City,2022,0150,Transfers and Subsidies - Operational,447987991.0
GT485,Rand West City,2022,0170,Interest,3626927.0
GT485,Rand West City,2022,0200,Suppliers and employees,-1551854736.0
GT485,Rand West City,2022,0310,Capital assets,-268436286.0
GT485,Rand West City,2022,0420,Cash/cash equivalents at the year begin:,90968441.0
GT485,Rand West City,2022,0430,Cash/cash equivalents at the year end:,234863018.0
JHB,City of Johannesburg,2022,0150,Transfers and Subsidies - Operational,4076266012.0
JHB,City of Johannesburg,2022,0200,Suppliers and employees,-3315248.0
JHB,City of Johannesburg,2022,0420,Cash/cash equivalents at the year begin:,649598340.0
JHB,City of Johannesburg,2022,0430,Cash/cash equivalents at the year end:,4722549104.0
KZN212,Umdoni,2022,0120,Property rates,52244542.0
KZN212,Umdoni,2022,0130,Service charges,-6774461.0
KZN212,Umdoni,2022,0140,Other revenue,2941824.0
KZN212,Umdoni,2022,0150,Transfers and Subsidies - Operational,119565297.0
KZN212,Umdoni,2022,0160,Transfers and Subsidies - Capital,7332277.0
KZN212,Umdoni,2022,0200,Suppliers and employees,-47149130.0
KZN212,Umdoni,2022,0420,Cash/cash equivalents at the year begin:,205355395.0
KZN212,Umdoni,2022,0430,Cash/cash equivalents at the year end:,333515744.0
KZN213,Umzumbe,2022,0150,Transfers and Subsidies - Operational,193259564.0
KZN213,Umzumbe,2022,0170,Interest,378019.0
KZN213,Umzumbe,2022,0200,Suppliers and employees,-680220717.0
KZN213,Umzumbe,2022,0220,Transfers and Subsidies,374778.0
KZN213,Umzumbe,2022,0430,Cash/cash equivalents at the year end:,-486208356.0
KZN214,uMuziwabantu,2022,0120,Property rates,20737898.0
KZN214,uMuziwabantu,2022,0130,Service charges,43064766.0
KZN214,uMuziwabantu,2022,0140,Other revenue,12478700.0
KZN214,uMuziwabantu,2022,0150,Transfers and Subsidies - Operational,105729000.0
KZN214,uMuziwabantu,2022,0160,Transfers and Subsidies - Capital,34314000.0
KZN214,uMuziwabantu,2022,0170,Interest,5282929.0
KZN214,uMuziwabantu,2022,0200,Suppliers and employees,-214483473.0
KZN214,uMuziwabantu,2022,0310,Capital assets,-44366363.0
KZN214,uMuziwabantu,2022,0420,Cash/cash equivalents at the year begin:,111005178.0
KZN214,uMuziwabantu,2022,0430,Cash/cash equivalents at the year end:,73762635.0
KZN216,Ray Nkonyeni,2022,0120,Property rates,437642591.0
KZN216,Ray Nkonyeni,2022,0130,Service charges,212962094.0
KZN216,Ray Nkonyeni,2022,0140,Other revenue,228120748.0
KZN216,Ray Nkonyeni,2022,0150,Transfers and Subsidies - Operational,314043188.0
KZN216,Ray Nkonyeni,2022,0160,Transfers and Subsidies - Capital,159345000.0
KZN216,Ray Nkonyeni,2022,0170,Interest,1519769.0
KZN216,Ray Nkonyeni,2022,0200,Suppliers and employees,-977787621.0
KZN216,Ray Nkonyeni,2022,0210,Finance charges,-336307.0
KZN216,Ray Nkonyeni,2022,0220,Transfers and Subsidies,-6912675.0
KZN216,Ray Nkonyeni,2022,0310,Capital assets,-184742037.0
KZN216,Ray Nkonyeni,2022,0390,Repayment of borrowing,-35815648.0
KZN216,Ray Nkonyeni,2022,0420,Cash/cash equivalents at the year begin:,144227371.0
KZN216,Ray Nkonyeni,2022,0430,Cash/cash equivalents at the year end:,292266473.0
KZN221,uMshwathi,2022,0150,Transfers and Subsidies - Operational,22929.0
KZN221,uMshwathi,2022,0200,Suppliers and employees,1530899.0
KZN221,uMshwathi,2022,0430,Cash/cash equivalents at the year end:,1553828.0
KZN222,uMngeni,2022,0120,Property rates,336774558.0
KZN222,uMngeni,2022,0130,Service charges,14690280.0
KZN222,uMngeni,2022,0140,Other revenue,8380484.0
KZN222,uMngeni,2022,0150,Transfers and Subsidies - Operational,12986798.0
KZN222,uMngeni,2022,0160,Transfers and Subsidies - Capital,14117000.0
KZN222,uMngeni,2022,0200,Suppliers and employees,4456719.0
KZN222,uMngeni,2022,0280,Decrease (increase) in non-current receivables,-869102.0
KZN222,uMngeni,2022,0310,Capital assets,-29474762.0
KZN222,uMngeni,2022,0390,Repayment of borrowing,-2456707.0
KZN222,uMngeni,2022,0420,Cash/cash equivalents at the year begin:,22484328.0
KZN222,uMngeni,2022,0430,Cash/cash equivalents at the year end:,381089596.0
KZN223,Mpofana,2022,0120,Property rates,15858632.0
KZN223,Mpofana,2022,0130,Service charges,58185401.0
KZN223,Mpofana,2022,0140,Other revenue,480299.0
KZN223,Mpofana,2022,0150,Transfers and Subsidies - Operational,45555000.0
KZN223,Mpofana,2022,0160,Transfers and Subsidies - Capital,17463000.0
KZN223,Mpofana,2022,0170,Interest,347437.0
KZN223,Mpofana,2022,0200,Suppliers and employees,-97086050.0
KZN223,Mpofana,2022,0210,Finance charges,-17347532.0
KZN223,Mpofana,2022,0310,Capital assets,-19560019.0
KZN223,Mpofana,2022,0390,Repayment of borrowing,-4011718.0
KZN223,Mpofana,2022,0420,Cash/cash equivalents at the year begin:,3634330.0
KZN223,Mpofana,2022,0430,Cash/cash equivalents at the year end:,3518780.0
KZN224,Impendle,2022,0120,Property rates,-200.0
KZN224,Impendle,2022,0150,Transfers and Subsidies - Operational,17392337.0
KZN224,Impendle,2022,0160,Transfers and Subsidies - Capital,16789119.0
KZN224,Impendle,2022,0200,Suppliers and employees,-780.0
KZN224,Impendle,2022,0420,Cash/cash equivalents at the year begin:,2948056.0
KZN224,Impendle,2022,0430,Cash/cash equivalents at the year end:,37128532.0
KZN225,Msunduzi,2022,0120,Property rates,78451503.0
KZN225,Msunduzi,2022,0130,Service charges,1269870923.0
KZN225,Msunduzi,2022,0140,Other revenue,5058.0
KZN225,Msunduzi,2022,0150,Transfers and Subsidies - Operational,32670008.0
KZN225,Msunduzi,2022,0160,Transfers and Subsidies - Capital,-70008137.0
KZN225,Msunduzi,2022,0200,Suppliers and employees,-1400003023.0
KZN225,Msunduzi,2022,0420,Cash/cash equivalents at the year begin:,391830986.0
KZN225,Msunduzi,2022,0430,Cash/cash equivalents at the year end:,302817318.0
KZN226,Mkhambathini,2022,0420,Cash/cash equivalents at the year begin:,30203697.0
KZN226,Mkhambathini,2022,0430,Cash/cash equivalents at the year end:,30203697.0
KZN227,Richmond,2022,0120,Property rates,28230954.0
KZN227,Richmond,2022,0130,Service charges,626119.0
KZN227,Richmond,2022,0140,Other revenue,23894537.0
KZN227,Richmond,2022,0150,Transfers and Subsidies - Operational,237441854.0
KZN227,Richmond,2022,0160,Transfers and Subsidies - Capital,48519069.0
KZN227,Richmond,2022,0170,Interest,328291.0
KZN227,Richmond,2022,0200,Suppliers and employees,-69930166.0
KZN227,Richmond,2022,0310,Capital assets,-27006255.0
KZN227,Richmond,2022,0420,Cash/cash equivalents at the year begin:,21042989.0
KZN227,Richmond,2022,0430,Cash/cash equivalents at the year end:,263147392.0
KZN235,Okhahlamba,2022,0200,Suppliers and employees,-2593271.0
KZN235,Okhahlamba,2022,0420,Cash/cash equivalents at the year begin:,101828298.0
KZN235,Okhahlamba,2022,0430,Cash/cash equivalents at the year end:,99235027.0
KZN237,Inkosi Langalibalele,2022,0170,Interest,216904.0
KZN237,Inkosi Langalibalele,2022,0200,Suppliers and employees,-56025314.0
KZN237,Inkosi Langalibalele,2022,0390,Repayment of borrowing,265251.0
KZN237,Inkosi Langalibalele,2022,0420,Cash/cash equivalents at the year begin:,26001468.0
KZN237,Inkosi Langalibalele,2022,0430,Cash/cash equivalents at the year end:,-29541691.0
KZN238,Alfred Duma,2022,0120,Property rates,182994246.0
KZN238,Alfred Duma,2022,0130,Service charges,638184219.0
KZN238,Alfred Duma,2022,0140,Other revenue,20052875.0
KZN238,Alfred Duma,2022,0150,Transfers and Subsidies - Operational,361942006.0
KZN238,Alfred Duma,2022,0160,Transfers and Subsidies - Capital,100594333.0
KZN238,Alfred Duma,2022,0170,Interest,17370448.0
KZN238,Alfred Duma,2022,0200,Suppliers and employees,-561863682.0
KZN238,Alfred Duma,2022,0220,Transfers and Subsidies,-429986.0
KZN238,Alfred Duma,2022,0280,Decrease (increase) in non-current receivables,1147.0
KZN238,Alfred Duma,2022,0310,Capital assets,-97806524.0
KZN238,Alfred Duma,2022,0390,Repayment of borrowing,-860257.0
KZN238,Alfred Duma,2022,0420,Cash/cash equivalents at the year begin:,1106427869.0
KZN238,Alfred Duma,2022,0430,Cash/cash equivalents at the year end:,1766606694.0
KZN241,Endumeni,2022,0280,Decrease (increase) in non-current receivables,-538535.0
KZN241,Endumeni,2022,0290,Decrease (increase) in non-current investments,-30993532.0
KZN241,Endumeni,2022,0420,Cash/cash equivalents at the year begin:,4492418.0
KZN241,Endumeni,2022,0430,Cash/cash equivalents at the year end:,-27039649.0
KZN242,Nquthu,2022,0120,Property rates,48587638.0
KZN242,Nquthu,2022,0130,Service charges,171890993.0
KZN242,Nquthu,2022,0140,Other revenue,5561248.0
KZN242,Nquthu,2022,0150,Transfers and Subsidies - Operational,159126000.0
KZN242,Nquthu,2022,0160,Transfers and Subsidies - Capital,61606000.0
KZN242,Nquthu,2022,0170,Interest,2155809.0
KZN242,Nquthu,2022,0200,Suppliers and employees,-327929330.0
KZN242,Nquthu,2022,0260,Proceeds on disposal of PPE,157653.0
KZN242,Nquthu,2022,0310,Capital assets,-1802752.0
KZN242,Nquthu,2022,0420,Cash/cash equivalents at the year begin:,198219979.0
KZN242,Nquthu,2022,0430,Cash/cash equivalents at the year end:,317573238.0
KZN244,Msinga,2022,0120,Property rates,15103778.0
KZN244,Msinga,2022,0130,Service charges,408743.0
KZN244,Msinga,2022,0140,Other revenue,272255613.0
KZN244,Msinga,2022,0150,Transfers and Subsidies - Operational,204671571.0
KZN244,Msinga,2022,0160,Transfers and Subsidies - Capital,91215041.0
KZN244,Msinga,2022,0170,Interest,498136.0
KZN244,Msinga,2022,0200,Suppliers and employees,-83988786.0
KZN244,Msinga,2022,0310,Capital assets,-63538966.0
KZN244,Msinga,2022,0420,Cash/cash equivalents at the year begin:,64761146.0
KZN244,Msinga,2022,0430,Cash/cash equivalents at the year end:,501386276.0
KZN245,Umvoti,2022,0140,Other revenue,10860814.0
KZN245,Umvoti,2022,0150,Transfers and Subsidies - Operational,3314044.0
KZN245,Umvoti,2022,0200,Suppliers and employees,-6013.0
KZN245,Umvoti,2022,0390,Repayment of borrowing,147210.0
KZN245,Umvoti,2022,0430,Cash/cash equivalents at the year end:,14316055.0
KZN252,Newcastle,2022,0120,Property rates,353386223.0
KZN252,Newcastle,2022,0130,Service charges,969569427.0
KZN252,Newcastle,2022,0140,Other revenue,2720572497.0
KZN252,Newcastle,2022,0150,Transfers and Subsidies - Operational,466665866.0
KZN252,Newcastle,2022,0160,Transfers and Subsidies - Capital,160763666.0
KZN252,Newcastle,2022,0170,Interest,697051.0
KZN252,Newcastle,2022,0200,Suppliers and employees,-1364121801.0
KZN252,Newcastle,2022,0260,Proceeds on disposal of PPE,11406123.0
KZN252,Newcastle,2022,0310,Capital assets,-161622104.0
KZN252,Newcastle,2022,0420,Cash/cash equivalents at the year begin:,-21482282.0
KZN252,Newcastle,2022,0430,Cash/cash equivalents at the year end:,3135834666.0
KZN253,Emadlangeni,2022,0130,Service charges,742827.0
KZN253,Emadlangeni,2022,0140,Other revenue,9248.0
KZN253,Emadlangeni,2022,0150,Transfers and Subsidies - Operational,2793740.0
KZN253,Emadlangeni,2022,0200,Suppliers and employees,1932240.0
KZN253,Emadlangeni,2022,0420,Cash/cash equivalents at the year begin:,-342473.0
KZN253,Emadlangeni,2022,0430,Cash/cash equivalents at the year end:,5135582.0
KZN254,Dannhauser,2022,0120,Property rates,23849583.0
KZN254,Dannhauser,2022,0130,Service charges,489032.0
KZN254,Dannhauser,2022,0140,Other revenue,3880243.0
KZN254,Dannhauser,2022,0150,Transfers and Subsidies - Operational,184161699.0
KZN254,Dannhauser,2022,0160,Transfers and Subsidies - Capital,30810000.0
KZN254,Dannhauser,2022,0170,Interest,386408.0
KZN254,Dannhauser,2022,0200,Suppliers and employees,-11255603.0
KZN254,Dannhauser,2022,0210,Finance charges,-795831.0
KZN254,Dannhauser,2022,0310,Capital assets,-57858485.0
KZN254,Dannhauser,2022,0420,Cash/cash equivalents at the year begin:,11802200.0
KZN254,Dannhauser,2022,0430,Cash/cash equivalents at the year end:,185469246.0
KZN261,eDumbe,2022,0420,Cash/cash equivalents at the year begin:,-3999918.0
KZN261,eDumbe,2022,0430,Cash/cash equivalents at the year end:,-3999918.0
KZN262,uPhongolo,2022,0150,Transfers and Subsidies - Operational,35000000.0
KZN262,uPhongolo,2022,0200,Suppliers and employees,-279248963.0
KZN262,uPhongolo,2022,0390,Repayment of borrowing,-2235419.0
KZN262,uPhongolo,2022,0420,Cash/cash equivalents at the year begin:,3659691.0
KZN262,uPhongolo,2022,0430,Cash/cash equivalents at the year end:,-242824691.0
KZN263,Abaqulusi,2022,0120,Property rates,88347862.0
KZN263,Abaqulusi,2022,0130,Service charges,311855639.0
KZN263,Abaqulusi,2022,0140,Other revenue,7314230.0
KZN263,Abaqulusi,2022,0150,Transfers and Subsidies - Operational,180804001.0
KZN263,Abaqulusi,2022,0160,Transfers and Subsidies - Capital,44250791.0
KZN263,Abaqulusi,2022,0170,Interest,724017.0
KZN263,Abaqulusi,2022,0200,Suppliers and employees,-435006215.0
KZN263,Abaqulusi,2022,0310,Capital assets,-38871011.0
KZN263,Abaqulusi,2022,0420,Cash/cash equivalents at the year begin:,25178933.0
KZN263,Abaqulusi,2022,0430,Cash/cash equivalents at the year end:,184598247.0
KZN265,Nongoma,2022,0420,Cash/cash equivalents at the year begin:,15837898.0
KZN265,Nongoma,2022,0430,Cash/cash equivalents at the year end:,15837898.0
KZN266,Ulundi,2022,0150,Transfers and Subsidies - Operational,426058444.0
KZN266,Ulundi,2022,0200,Suppliers and employees,3393502.0
KZN266,Ulundi,2022,0430,Cash/cash equivalents at the year end:,429451946.0
KZN271,Umhlabuyalingana,2022,0120,Property rates,17735851.0
KZN271,Umhlabuyalingana,2022,0130,Service charges,640258.0
KZN271,Umhlabuyalingana,2022,0140,Other revenue,302190465.0
KZN271,Umhlabuyalingana,2022,0150,Transfers and Subsidies - Operational,8124000.0
KZN271,Umhlabuyalingana,2022,0160,Transfers and Subsidies - Capital,50354000.0
KZN271,Umhlabuyalingana,2022,0170,Interest,712736.0
KZN271,Umhlabuyalingana,2022,0200,Suppliers and employees,-244338758.0
KZN271,Umhlabuyalingana,2022,0220,Transfers and Subsidies,-1871000.0
KZN271,Umhlabuyalingana,2022,0420,Cash/cash equivalents at the year begin:,76323364.0
KZN271,Umhlabuyalingana,2022,0430,Cash/cash equivalents at the year end:,209870916.0
KZN272,Jozini,2022,0120,Property rates,10036712.0
KZN272,Jozini,2022,0150,Transfers and Subsidies - Operational,69703943.0
KZN272,Jozini,2022,0170,Interest,1635.0
KZN272,Jozini,2022,0200,Suppliers and employees,-276908571.0
KZN272,Jozini,2022,0420,Cash/cash equivalents at the year begin:,93739257.0
KZN272,Jozini,2022,0430,Cash/cash equivalents at the year end:,-103427024.0
KZN275,Mtubatuba,2022,0120,Property rates,191600.0
KZN275,Mtubatuba,2022,0200,Suppliers and employees,14820561.0
KZN275,Mtubatuba,2022,0420,Cash/cash equivalents at the year begin:,-863.0
KZN275,Mtubatuba,2022,0430,Cash/cash equivalents at the year end:,15011298.0
KZN276,Hlabisa Big Five,2022,0140,Other revenue,90635014.0
KZN276,Hlabisa Big Five,2022,0200,Suppliers and employees,2584014.0
KZN276,Hlabisa Big Five,2022,0220,Transfers and Subsidies,614024.0
KZN276,Hlabisa Big Five,2022,0280,Decrease (increase) in non-current receivables,11588078.0
KZN276,Hlabisa Big Five,2022,0390,Repayment of borrowing,9975.0
KZN276,Hlabisa Big Five,2022,0420,Cash/cash equivalents at the year begin:,50357199.0
KZN276,Hlabisa Big Five,2022,0430,Cash/cash equivalents at the year end:,155788304.0
KZN281,Mfolozi,2022,0200,Suppliers and employees,-362614.0
KZN281,Mfolozi,2022,0390,Repayment of borrowing,-1223707.0
KZN281,Mfolozi,2022,0420,Cash/cash equivalents at the year begin:,2050.0
KZN281,Mfolozi,2022,0430,Cash/cash equivalents at the year end:,-1584271.0
KZN282,uMhlathuze,2022,0120,Property rates,474211999.0
KZN282,uMhlathuze,2022,0130,Service charges,2227452980.0
KZN282,uMhlathuze,2022,0140,Other revenue,107171633.0
KZN282,uMhlathuze,2022,0150,Transfers and Subsidies - Operational,397041799.0
KZN282,uMhlathuze,2022,0160,Transfers and Subsidies - Capital,181545333.0
KZN282,uMhlathuze,2022,0170,Interest,37774500.0
KZN282,uMhlathuze,2022,0200,Suppliers and employees,-3280844148.0
KZN282,uMhlathuze,2022,0210,Finance charges,-54806337.0
KZN282,uMhlathuze,2022,0310,Capital assets,-733358678.0
KZN282,uMhlathuze,2022,0360,Borrowing long term/refinancing,374000000.0
KZN282,uMhlathuze,2022,0390,Repayment of borrowing,-89590987.0
KZN282,uMhlathuze,2022,0420,Cash/cash equivalents at the year begin:,820690311.0
KZN282,uMhlathuze,2022,0430,Cash/cash equivalents at the year end:,461288405.0
KZN284,uMlalazi,2022,0120,Property rates,5398102.0
KZN284,uMlalazi,2022,0130,Service charges,7273020.0
KZN284,uMlalazi,2022,0140,Other revenue,785807.0
KZN284,uMlalazi,2022,0200,Suppliers and employees,-503565421.0
KZN284,uMlalazi,2022,0310,Capital assets,-59607874.0
KZN284,uMlalazi,2022,0420,Cash/cash equivalents at the year begin:,146529859.0
KZN284,uMlalazi,2022,0430,Cash/cash equivalents at the year end:,-403186507.0
KZN285,Mthonjaneni,2022,0140,Other revenue,92032.0
KZN285,Mthonjaneni,2022,0160,Transfers and Subsidies - Capital,-2241807.0
KZN285,Mthonjaneni,2022,0310,Capital assets,213015.0
KZN285,Mthonjaneni,2022,0430,Cash/cash equivalents at the year end:,-1936760.0
KZN286,Nkandla,2022,0200,Suppliers and employees,56061.0
KZN286,Nkandla,2022,0420,Cash/cash equivalents at the year begin:,2406.0
KZN286,Nkandla,2022,0430,Cash/cash equivalents at the year end:,58467.0
KZN291,Mandeni,2022,0120,Property rates,1827672.0
KZN291,Mandeni,2022,0130,Service charges,1668645.0
KZN291,Mandeni,2022,0140,Other revenue,4318943.0
KZN291,Mandeni,2022,0150,Transfers and Subsidies - Operational,539218710.0
KZN291,Mandeni,2022,0160,Transfers and Subsidies - Capital,96108725.0
KZN291,Mandeni,2022,0170,Interest,2663140.0
KZN291,Mandeni,2022,0200,Suppliers and employees,15082634.0
KZN291,Mandeni,2022,0220,Transfers and Subsidies,4214119.0
KZN291,Mandeni,2022,0420,Cash/cash equivalents at the year begin:,140000000.0
KZN291,Mandeni,2022,0430,Cash/cash equivalents at the year end:,805102588.0
KZN292,KwaDukuza,2022,0120,Property rates,565468623.0
KZN292,KwaDukuza,2022,0130,Service charges,1223502854.0
KZN292,KwaDukuza,2022,0140,Other revenue,126893948.0
KZN292,KwaDukuza,2022,0150,Transfers and Subsidies - Operational,207696874.0
KZN292,KwaDukuza,2022,0160,Transfers and Subsidies - Capital,67901550.0
KZN292,KwaDukuza,2022,0170,Interest,28607634.0
KZN292,KwaDukuza,2022,0200,Suppliers and employees,-1187365945.0
KZN292,KwaDukuza,2022,0210,Finance charges,-8941755.0
KZN292,KwaDukuza,2022,0220,Transfers and Subsidies,-4000.0
KZN292,KwaDukuza,2022,0310,Capital assets,-236403568.0
KZN292,KwaDukuza,2022,0390,Repayment of borrowing,-871777.0
KZN292,KwaDukuza,2022,0420,Cash/cash equivalents at the year begin:,548642199.0
KZN292,KwaDukuza,2022,0430,Cash/cash equivalents at the year end:,1335126637.0
KZN293,Ndwedwe,2022,0150,Transfers and Subsidies - Operational,888493246.0
KZN293,Ndwedwe,2022,0200,Suppliers and employees,4982352.0
KZN293,Ndwedwe,2022,0420,Cash/cash equivalents at the year begin:,82412801.0
KZN293,Ndwedwe,2022,0430,Cash/cash equivalents at the year end:,975888399.0
KZN294,Maphumulo,2022,0120,Property rates,20226947.0
KZN294,Maphumulo,2022,0130,Service charges,120006.0
KZN294,Maphumulo,2022,0140,Other revenue,4471182.0
KZN294,Maphumulo,2022,0150,Transfers and Subsidies - Operational,727415257.0
KZN294,Maphumulo,2022,0160,Transfers and Subsidies - Capital,7382000.0
KZN294,Maphumulo,2022,0170,Interest,2325.0
KZN294,Maphumulo,2022,0200,Suppliers and employees,-96219384.0
KZN294,Maphumulo,2022,0310,Capital assets,-25379633.0
KZN294,Maphumulo,2022,0420,Cash/cash equivalents at the year begin:,14164188.0
KZN294,Maphumulo,2022,0430,Cash/cash equivalents at the year end:,652182888.0
KZN433,Greater Kokstad,2022,0120,Property rates,230488241.0
KZN433,Greater Kokstad,2022,0130,Service charges,117538167.0
KZN433,Greater Kokstad,2022,0140,Other revenue,7714327.0
KZN433,Greater Kokstad,2022,0150,Transfers and Subsidies - Operational,76204745.0
KZN433,Greater Kokstad,2022,0160,Transfers and Subsidies - Capital,88832416.0
KZN433,Greater Kokstad,2022,0170,Interest,2409446.0
KZN433,Greater Kokstad,2022,0200,Suppliers and employees,-276552010.0
KZN433,Greater Kokstad,2022,0310,Capital assets,-130095704.0
KZN433,Greater Kokstad,2022,0420,Cash/cash equivalents at the year begin:,50574644.0
KZN433,Greater Kokstad,2022,0430,Cash/cash equivalents at the year end:,167114272.0
KZN434,Johannes Phumani Phungula,2022,0140,Other revenue,40386572.0
KZN434,Johannes Phumani Phungula,2022,0150,Transfers and Subsidies - Operational,253288894.0
KZN434,Johannes Phumani Phungula,2022,0200,Suppliers and employees,-205472946.0
KZN434,Johannes Phumani Phungula,2022,0220,Transfers and Subsidies,-3673000.0
KZN434,Johannes Phumani Phungula,2022,0420,Cash/cash equivalents at the year begin:,353777566.0
KZN434,Johannes Phumani Phungula,2022,0430,Cash/cash equivalents at the year end:,438307086.0
KZN435,Umzimkhulu,2022,0120,Property rates,7013863.0
KZN435,Umzimkhulu,2022,0130,Service charges,1434213.0
KZN435,Umzimkhulu,2022,0140,Other revenue,12392431.0
KZN435,Umzimkhulu,2022,0150,Transfers and Subsidies - Operational,218501244.0
KZN435,Umzimkhulu,2022,0160,Transfers and Subsidies - Capital,93449906.0
KZN435,Umzimkhulu,2022,0170,Interest,4379827.0
KZN435,Umzimkhulu,2022,0200,Suppliers and employees,-79992581.0
KZN435,Umzimkhulu,2022,0260,Proceeds on disposal of PPE,3130.0
KZN435,Umzimkhulu,2022,0290,Decrease (increase) in non-current investments,-43478124.0
KZN435,Umzimkhulu,2022,0310,Capital assets,-76683837.0
KZN435,Umzimkhulu,2022,0420,Cash/cash equivalents at the year begin:,210483645.0
KZN435,Umzimkhulu,2022,0430,Cash/cash equivalents at the year end:,347503717.0
KZN436,Dr Nkosazana Dlamini Zuma,2022,0120,Property rates,26399804.0
KZN436,Dr Nkosazana Dlamini Zuma,2022,0130,Service charges,6587462.0
KZN436,Dr Nkosazana Dlamini Zuma,2022,0140,Other revenue,93498479.0
KZN436,Dr Nkosazana Dlamini Zuma,2022,0150,Transfers and Subsidies - Operational,134087993.0
KZN436,Dr Nkosazana Dlamini Zuma,2022,0160,Transfers and Subsidies - Capital,25600000.0
KZN436,Dr Nkosazana Dlamini Zuma,2022,0200,Suppliers and employees,-29201667.0
KZN436,Dr Nkosazana Dlamini Zuma,2022,0310,Capital assets,-54608313.0
KZN436,Dr Nkosazana Dlamini Zuma,2022,0420,Cash/cash equivalents at the year begin:,159175692.0
KZN436,Dr Nkosazana Dlamini Zuma,2022,0430,Cash/cash equivalents at the year end:,361539450.0
LIM332,Greater Letaba,2022,0120,Property rates,4697455.0
LIM332,Greater Letaba,2022,0130,Service charges,24511724.0
LIM332,Greater Letaba,2022,0140,Other revenue,34194078.0
LIM332,Greater Letaba,2022,0150,Transfers and Subsidies - Operational,318727632.0
LIM332,Greater Letaba,2022,0160,Transfers and Subsidies - Capital,72006000.0
LIM332,Greater Letaba,2022,0170,Interest,1066003.0
LIM332,Greater Letaba,2022,0200,Suppliers and employees,-222713302.0
LIM332,Greater Letaba,2022,0310,Capital assets,-133852815.0
LIM332,Greater Letaba,2022,0420,Cash/cash equivalents at the year begin:,4184138.0
LIM332,Greater Letaba,2022,0430,Cash/cash equivalents at the year end:,102820913.0
LIM333,Greater Tzaneen,2022,0200,Suppliers and employees,-744679989.0
LIM333,Greater Tzaneen,2022,0210,Finance charges,-721907.0
LIM333,Greater Tzaneen,2022,0220,Transfers and Subsidies,-9397581.0
LIM333,Greater Tzaneen,2022,0290,Decrease (increase) in non-current investments,-1081735.0
LIM333,Greater Tzaneen,2022,0310,Capital assets,-156529303.0
LIM333,Greater Tzaneen,2022,0420,Cash/cash equivalents at the year begin:,104790238.0
LIM333,Greater Tzaneen,2022,0430,Cash/cash equivalents at the year end:,-807620277.0
LIM334,Ba-Phalaborwa,2022,0150,Transfers and Subsidies - Operational,793803903.0
LIM334,Ba-Phalaborwa,2022,0200,Suppliers and employees,93116821.0
LIM334,Ba-Phalaborwa,2022,0420,Cash/cash equivalents at the year begin:,69319606.0
LIM334,Ba-Phalaborwa,2022,0430,Cash/cash equivalents at the year end:,956240330.0
LIM335,Maruleng,2022,0140,Other revenue,248004777.0
LIM335,Maruleng,2022,0150,Transfers and Subsidies - Operational,143746283.0
LIM335,Maruleng,2022,0160,Transfers and Subsidies - Capital,48745623.0
LIM335,Maruleng,2022,0200,Suppliers and employees,95924083.0
LIM335,Maruleng,2022,0310,Capital assets,-140378762.0
LIM335,Maruleng,2022,0390,Repayment of borrowing,666919.0
LIM335,Maruleng,2022,0420,Cash/cash equivalents at the year begin:,123898083.0
LIM335,Maruleng,2022,0430,Cash/cash equivalents at the year end:,520607006.0
LIM341,Musina,2022,0130,Service charges,72168239.0
LIM341,Musina,2022,0140,Other revenue,95500007.0
LIM341,Musina,2022,0150,Transfers and Subsidies - Operational,129974508.0
LIM341,Musina,2022,0200,Suppliers and employees,-37132834.0
LIM341,Musina,2022,0260,Proceeds on disposal of PPE,1990573.0
LIM341,Musina,2022,0310,Capital assets,-19570891.0
LIM341,Musina,2022,0420,Cash/cash equivalents at the year begin:,22336796.0
LIM341,Musina,2022,0430,Cash/cash equivalents at the year end:,265266398.0
LIM343,Thulamela,2022,0120,Property rates,43421035.0
LIM343,Thulamela,2022,0130,Service charges,11248987.0
LIM343,Thulamela,2022,0140,Other revenue,68685551.0
LIM343,Thulamela,2022,0150,Transfers and Subsidies - Operational,613403205.0
LIM343,Thulamela,2022,0160,Transfers and Subsidies - Capital,124174000.0
LIM343,Thulamela,2022,0170,Interest,26133407.0
LIM343,Thulamela,2022,0200,Suppliers and employees,-498145122.0
LIM343,Thulamela,2022,0310,Capital assets,-153456138.0
LIM343,Thulamela,2022,0420,Cash/cash equivalents at the year begin:,890588134.0
LIM343,Thulamela,2022,0430,Cash/cash equivalents at the year end:,1126053059.0
LIM344,Makhado,2022,0120,Property rates,210782167.0
LIM344,Makhado,2022,0130,Service charges,359030142.0
LIM344,Makhado,2022,0140,Other revenue,40547925.0
LIM344,Makhado,2022,0150,Transfers and Subsidies - Operational,432496256.0
LIM344,Makhado,2022,0160,Transfers and Subsidies - Capital,84058002.0
LIM344,Makhado,2022,0180,Dividends,495181.0
LIM344,Makhado,2022,0200,Suppliers and employees,-1015082140.0
LIM344,Makhado,2022,0210,Finance charges,-4003.0
LIM344,Makhado,2022,0310,Capital assets,-214019734.0
LIM344,Makhado,2022,0420,Cash/cash equivalents at the year begin:,205786438.0
LIM344,Makhado,2022,0430,Cash/cash equivalents at the year end:,104090234.0
LIM345,Collins Chabane,2022,0120,Property rates,13095467.0
LIM345,Collins Chabane,2022,0130,Service charges,1609954.0
LIM345,Collins Chabane,2022,0140,Other revenue,16904712.0
LIM345,Collins Chabane,2022,0150,Transfers and Subsidies - Operational,496763454.0
LIM345,Collins Chabane,2022,0160,Transfers and Subsidies - Capital,15000240.0
LIM345,Collins Chabane,2022,0170,Interest,121866.0
LIM345,Collins Chabane,2022,0200,Suppliers and employees,-249701491.0
LIM345,Collins Chabane,2022,0290,Decrease (increase) in non-current investments,105362769.0
LIM345,Collins Chabane,2022,0310,Capital assets,-357632740.0
LIM345,Collins Chabane,2022,0420,Cash/cash equivalents at the year begin:,423227472.0
LIM345,Collins Chabane,2022,0430,Cash/cash equivalents at the year end:,464751703.0
LIM351,Blouberg,2022,0120,Property rates,57952875.0
LIM351,Blouberg,2022,0130,Service charges,31249717.0
LIM351,Blouberg,2022,0140,Other revenue,61000043.0
LIM351,Blouberg,2022,0150,Transfers and Subsidies - Operational,213922000.0
LIM351,Blouberg,2022,0160,Transfers and Subsidies - Capital,86764000.0
LIM351,Blouberg,2022,0170,Interest,1251512.0
LIM351,Blouberg,2022,0200,Suppliers and employees,-504192538.0
LIM351,Blouberg,2022,0310,Capital assets,-8073760.0
LIM351,Blouberg,2022,0420,Cash/cash equivalents at the year begin:,41330602.0
LIM351,Blouberg,2022,0430,Cash/cash equivalents at the year end:,-18795549.0
LIM353,Molemole,2022,0120,Property rates,27308055.0
LIM353,Molemole,2022,0130,Service charges,2789364.0
LIM353,Molemole,2022,0140,Other revenue,496699700.0
LIM353,Molemole,2022,0150,Transfers and Subsidies - Operational,4729000.0
LIM353,Molemole,2022,0160,Transfers and Subsidies - Capital,47000000.0
LIM353,Molemole,2022,0200,Suppliers and employees,-419122872.0
LIM353,Molemole,2022,0310,Capital assets,-48687236.0
LIM353,Molemole,2022,0420,Cash/cash equivalents at the year begin:,89545720.0
LIM353,Molemole,2022,0430,Cash/cash equivalents at the year end:,200261731.0
LIM354,Polokwane,2022,0120,Property rates,433537514.0
LIM354,Polokwane,2022,0130,Service charges,1856809310.0
LIM354,Polokwane,2022,0140,Other revenue,236546746.0
LIM354,Polokwane,2022,0150,Transfers and Subsidies - Operational,1276125000.0
LIM354,Polokwane,2022,0160,Transfers and Subsidies - Capital,680120230.0
LIM354,Polokwane,2022,0170,Interest,9427017.0
LIM354,Polokwane,2022,0200,Suppliers and employees,-2473634328.0
LIM354,Polokwane,2022,0260,Proceeds on disposal of PPE,2791204.0
LIM354,Polokwane,2022,0310,Capital assets,-834293760.0
LIM354,Polokwane,2022,0420,Cash/cash equivalents at the year begin:,301153988.0
LIM354,Polokwane,2022,0430,Cash/cash equivalents at the year end:,1488582921.0
LIM355,Lepelle-Nkumpi,2022,0120,Property rates,14460212.0
LIM355,Lepelle-Nkumpi,2022,0130,Service charges,20056696.0
LIM355,Lepelle-Nkumpi,2022,0140,Other revenue,311785540.0
LIM355,Lepelle-Nkumpi,2022,0150,Transfers and Subsidies - Operational,7803669.0
LIM355,Lepelle-Nkumpi,2022,0160,Transfers and Subsidies - Capital,66710000.0
LIM355,Lepelle-Nkumpi,2022,0170,Interest,12812682.0
LIM355,Lepelle-Nkumpi,2022,0200,Suppliers and employees,-229162325.0
LIM355,Lepelle-Nkumpi,2022,0310,Capital assets,-56710455.0
LIM355,Lepelle-Nkumpi,2022,0420,Cash/cash equivalents at the year begin:,294997514.0
LIM355,Lepelle-Nkumpi,2022,0430,Cash/cash equivalents at the year end:,442753533.0
LIM361,Thabazimbi,2022,0120,Property rates,74137693.0
LIM361,Thabazimbi,2022,0130,Service charges,124960570.0
LIM361,Thabazimbi,2022,0140,Other revenue,26785709.0
LIM361,Thabazimbi,2022,0150,Transfers and Subsidies - Operational,13147809.0
LIM361,Thabazimbi,2022,0200,Suppliers and employees,-172116200.0
LIM361,Thabazimbi,2022,0310,Capital assets,-30367676.0
LIM361,Thabazimbi,2022,0420,Cash/cash equivalents at the year begin:,362644517.0
LIM361,Thabazimbi,2022,0430,Cash/cash equivalents at the year end:,399192422.0
LIM362,Lephalale,2022,0120,Property rates,88391050.0
LIM362,Lephalale,2022,0130,Service charges,236526964.0
LIM362,Lephalale,2022,0140,Other revenue,16432660.0
LIM362,Lephalale,2022,0150,Transfers and Subsidies - Operational,456749357.0
LIM362,Lephalale,2022,0160,Transfers and Subsidies - Capital,105563091.0
LIM362,Lephalale,2022,0200,Suppliers and employees,-143478121.0
LIM362,Lephalale,2022,0310,Capital assets,-131826221.0
LIM362,Lephalale,2022,0420,Cash/cash equivalents at the year begin:,94824641.0
LIM362,Lephalale,2022,0430,Cash/cash equivalents at the year end:,723183421.0
LIM366,Bela Bela,2022,0120,Property rates,67127334.0
LIM366,Bela Bela,2022,0130,Service charges,174991120.0
LIM366,Bela Bela,2022,0140,Other revenue,20145836.0
LIM366,Bela Bela,2022,0150,Transfers and Subsidies - Operational,123178331.0
LIM366,Bela Bela,2022,0160,Transfers and Subsidies - Capital,35086000.0
LIM366,Bela Bela,2022,0200,Suppliers and employees,-245690047.0
LIM366,Bela Bela,2022,0310,Capital assets,-64795032.0
LIM366,Bela Bela,2022,0420,Cash/cash equivalents at the year begin:,12516773.0
LIM366,Bela Bela,2022,0430,Cash/cash equivalents at the year end:,122560315.0
LIM367,Mogalakwena,2022,0120,Property rates,75838824.0
LIM367,Mogalakwena,2022,0130,Service charges,446054303.0
LIM367,Mogalakwena,2022,0140,Other revenue,562025724.0
LIM367,Mogalakwena,2022,0150,Transfers and Subsidies - Operational,3242000.0
LIM367,Mogalakwena,2022,0160,Transfers and Subsidies - Capital,225554687.0
LIM367,Mogalakwena,2022,0170,Interest,2485300.0
LIM367,Mogalakwena,2022,0200,Suppliers and employees,-930771065.0
LIM367,Mogalakwena,2022,0280,Decrease (increase) in non-current receivables,-25140557.0
LIM367,Mogalakwena,2022,0310,Capital assets,-159639812.0
LIM367,Mogalakwena,2022,0420,Cash/cash equivalents at the year begin:,73025345.0
LIM367,Mogalakwena,2022,0430,Cash/cash equivalents at the year end:,272674749.0
LIM368,Modimolle-Mookgopong,2022,0120,Property rates,49675617.0
LIM368,Modimolle-Mookgopong,2022,0130,Service charges,201696640.0
LIM368,Modimolle-Mookgopong,2022,0140,Other revenue,456564912.0
LIM368,Modimolle-Mookgopong,2022,0150,Transfers and Subsidies - Operational,125957822.0
LIM368,Modimolle-Mookgopong,2022,0160,Transfers and Subsidies - Capital,10000000.0
LIM368,Modimolle-Mookgopong,2022,0200,Suppliers and employees,-240611507.0
LIM368,Modimolle-Mookgopong,2022,0310,Capital assets,-56069823.0
LIM368,Modimolle-Mookgopong,2022,0420,Cash/cash equivalents at the year begin:,10893113.0
LIM368,Modimolle-Mookgopong,2022,0430,Cash/cash equivalents at the year end:,558106774.0
LIM471,Ephraim Mogale,2022,0120,Property rates,33606590.0
LIM471,Ephraim Mogale,2022,0130,Service charges,90024307.0
LIM471,Ephraim Mogale,2022,0140,Other revenue,6283461.0
LIM471,Ephraim Mogale,2022,0150,Transfers and Subsidies - Operational,170781000.0
LIM471,Ephraim Mogale,2022,0160,Transfers and Subsidies - Capital,30189000.0
LIM471,Ephraim Mogale,2022,0200,Suppliers and employees,-116898669.0
LIM471,Ephraim Mogale,2022,0290,Decrease (increase) in non-current investments,6112400.0
LIM471,Ephraim Mogale,2022,0310,Capital assets,-73709648.0
LIM471,Ephraim Mogale,2022,0420,Cash/cash equivalents at the year begin:,194697409.0
LIM471,Ephraim Mogale,2022,0430,Cash/cash equivalents at the year end:,341085850.0
LIM472,Elias Motsoaledi,2022,0130,Service charges,1530500.0
LIM472,Elias Motsoaledi,2022,0140,Other revenue,286732.0
LIM472,Elias Motsoaledi,2022,0150,Transfers and Subsidies - Operational,115157744.0
LIM472,Elias Motsoaledi,2022,0170,Interest,1235668.0
LIM472,Elias Motsoaledi,2022,0200,Suppliers and employees,-390089978.0
LIM472,Elias Motsoaledi,2022,0310,Capital assets,-65577346.0
LIM472,Elias Motsoaledi,2022,0390,Repayment of borrowing,-4413004.0
LIM472,Elias Motsoaledi,2022,0420,Cash/cash equivalents at the year begin:,12340736.0
LIM472,Elias Motsoaledi,2022,0430,Cash/cash equivalents at the year end:,-329528948.0
LIM473,Makhuduthamaga,2022,0200,Suppliers and employees,-646203.0
LIM473,Makhuduthamaga,2022,0430,Cash/cash equivalents at the year end:,-646203.0
LIM476,Tubatse Fetakgomo,2022,0120,Property rates,73674448.0
LIM476,Tubatse Fetakgomo,2022,0130,Service charges,15148553.0
LIM476,Tubatse Fetakgomo,2022,0140,Other revenue,19508200.0
LIM476,Tubatse Fetakgomo,2022,0150,Transfers and Subsidies - Operational,502361095.0
LIM476,Tubatse Fetakgomo,2022,0160,Transfers and Subsidies - Capital,105468447.0
LIM476,Tubatse Fetakgomo,2022,0170,Interest,8371919.0
LIM476,Tubatse Fetakgomo,2022,0200,Suppliers and employees,-353605691.0
LIM476,Tubatse Fetakgomo,2022,0310,Capital assets,-156875546.0
LIM476,Tubatse Fetakgomo,2022,0420,Cash/cash equivalents at the year begin:,526258968.0
LIM476,Tubatse Fetakgomo,2022,0430,Cash/cash equivalents at the year end:,740310393.0
MAN,Mangaung,2022,0120,Property rates,1481887126.0
MAN,Mangaung,2022,0130,Service charges,4881496348.0
MAN,Mangaung,2022,0140,Other revenue,2825781321.0
MAN,Mangaung,2022,0150,Transfers and Subsidies - Operational,608673870.0
MAN,Mangaung,2022,0160,Transfers and Subsidies - Capital,1136884058.0
MAN,Mangaung,2022,0170,Interest,18214428.0
MAN,Mangaung,2022,0180,Dividends,2656.0
MAN,Mangaung,2022,0200,Suppliers and employees,-7054560048.0
MAN,Mangaung,2022,0280,Decrease (increase) in non-current receivables,14244.0
MAN,Mangaung,2022,0290,Decrease (increase) in non-current investments,-12210.0
MAN,Mangaung,2022,0310,Capital assets,-853607491.0
MAN,Mangaung,2022,0390,Repayment of borrowing,-63259431.0
MAN,Mangaung,2022,0420,Cash/cash equivalents at the year begin:,461395845.0
MAN,Mangaung,2022,0430,Cash/cash equivalents at the year end:,3442910716.0
MP301,Albert Luthuli,2022,0120,Property rates,122808283.0
MP301,Albert Luthuli,2022,0130,Service charges,54550037.0
MP301,Albert Luthuli,2022,0140,Other revenue,-1320740522.0
MP301,Albert Luthuli,2022,0150,Transfers and Subsidies - Operational,702906549.0
MP301,Albert Luthuli,2022,0160,Transfers and Subsidies - Capital,452076000.0
MP301,Albert Luthuli,2022,0200,Suppliers and employees,-121815536.0
MP301,Albert Luthuli,2022,0220,Transfers and Subsidies,-2934813.0
MP301,Albert Luthuli,2022,0310,Capital assets,-79943538.0
MP301,Albert Luthuli,2022,0420,Cash/cash equivalents at the year begin:,59808306.0
MP301,Albert Luthuli,2022,0430,Cash/cash equivalents at the year end:,-133285234.0
MP302,Msukaligwa,2022,0120,Property rates,207795819.0
MP302,Msukaligwa,2022,0130,Service charges,360887014.0
MP302,Msukaligwa,2022,0140,Other revenue,206751275.0
MP302,Msukaligwa,2022,0150,Transfers and Subsidies - Operational,289167000.0
MP302,Msukaligwa,2022,0160,Transfers and Subsidies - Capital,82913287.0
MP302,Msukaligwa,2022,0170,Interest,32748.0
MP302,Msukaligwa,2022,0200,Suppliers and employees,-220481212.0
MP302,Msukaligwa,2022,0260,Proceeds on disposal of PPE,398736.0
MP302,Msukaligwa,2022,0310,Capital assets,-5382898.0
MP302,Msukaligwa,2022,0420,Cash/cash equivalents at the year begin:,6175070.0
MP302,Msukaligwa,2022,0430,Cash/cash equivalents at the year end:,928256839.0
MP303,Mkhondo,2022,0120,Property rates,58519629.0
MP303,Mkhondo,2022,0130,Service charges,122464367.0
MP303,Mkhondo,2022,0140,Other revenue,19958757.0
MP303,Mkhondo,2022,0150,Transfers and Subsidies - Operational,97822011.0
MP303,Mkhondo,2022,0160,Transfers and Subsidies - Capital,193316996.0
MP303,Mkhondo,2022,0170,Interest,6600.0
MP303,Mkhondo,2022,0200,Suppliers and employees,-293164842.0
MP303,Mkhondo,2022,0260,Proceeds on disposal of PPE,5613328.0
MP303,Mkhondo,2022,0290,Decrease (increase) in non-current investments,-13408.0
MP303,Mkhondo,2022,0310,Capital assets,-183563415.0
MP303,Mkhondo,2022,0390,Repayment of borrowing,-2305630.0
MP303,Mkhondo,2022,0420,Cash/cash equivalents at the year begin:,7783213.0
MP303,Mkhondo,2022,0430,Cash/cash equivalents at the year end:,26437606.0
MP304,Pixley Ka Seme (MP),2022,0120,Property rates,30191961.0
MP304,Pixley Ka Seme (MP),2022,0130,Service charges,83253948.0
MP304,Pixley Ka Seme (MP),2022,0140,Other revenue,23191233.0
MP304,Pixley Ka Seme (MP),2022,0150,Transfers and Subsidies - Operational,142515774.0
MP304,Pixley Ka Seme (MP),2022,0160,Transfers and Subsidies - Capital,35021293.0
MP304,Pixley Ka Seme (MP),2022,0200,Suppliers and employees,-250893669.0
MP304,Pixley Ka Seme (MP),2022,0310,Capital assets,-40025523.0
MP304,Pixley Ka Seme (MP),2022,0420,Cash/cash equivalents at the year begin:,146487277.0
MP304,Pixley Ka Seme (MP),2022,0430,Cash/cash equivalents at the year end:,169742294.0
MP305,Lekwa,2022,0120,Property rates,198123165.0
MP305,Lekwa,2022,0130,Service charges,479477757.0
MP305,Lekwa,2022,0140,Other revenue,358226843.0
MP305,Lekwa,2022,0150,Transfers and Subsidies - Operational,226364112.0
MP305,Lekwa,2022,0160,Transfers and Subsidies - Capital,75306275.0
MP305,Lekwa,2022,0170,Interest,356756.0
MP305,Lekwa,2022,0200,Suppliers and employees,-829585769.0
MP305,Lekwa,2022,0290,Decrease (increase) in non-current investments,-973168.0
MP305,Lekwa,2022,0310,Capital assets,-36077088.0
MP305,Lekwa,2022,0420,Cash/cash equivalents at the year begin:,27763565.0
MP305,Lekwa,2022,0430,Cash/cash equivalents at the year end:,498982448.0
MP306,Dipaleseng,2022,0120,Property rates,13533749.0
MP306,Dipaleseng,2022,0130,Service charges,87767516.0
MP306,Dipaleseng,2022,0140,Other revenue,17398598.0
MP306,Dipaleseng,2022,0150,Transfers and Subsidies - Operational,104721118.0
MP306,Dipaleseng,2022,0160,Transfers and Subsidies - Capital,63714000.0
MP306,Dipaleseng,2022,0200,Suppliers and employees,-134846993.0
MP306,Dipaleseng,2022,0310,Capital assets,-63469177.0
MP306,Dipaleseng,2022,0420,Cash/cash equivalents at the year begin:,6454127.0
MP306,Dipaleseng,2022,0430,Cash/cash equivalents at the year end:,95272938.0
MP307,Govan Mbeki,2022,0120,Property rates,356874323.0
MP307,Govan Mbeki,2022,0130,Service charges,903013027.0
MP307,Govan Mbeki,2022,0140,Other revenue,198675539.0
MP307,Govan Mbeki,2022,0150,Transfers and Subsidies - Operational,385089657.0
MP307,Govan Mbeki,2022,0160,Transfers and Subsidies - Capital,83562437.0
MP307,Govan Mbeki,2022,0200,Suppliers and employees,-1060490205.0
MP307,Govan Mbeki,2022,0290,Decrease (increase) in non-current investments,-776153.0
MP307,Govan Mbeki,2022,0310,Capital assets,-104635291.0
MP307,Govan Mbeki,2022,0420,Cash/cash equivalents at the year begin:,203197693.0
MP307,Govan Mbeki,2022,0430,Cash/cash equivalents at the year end:,964511027.0
MP311,Victor Khanye,2022,0120,Property rates,80228688.0
MP311,Victor Khanye,2022,0130,Service charges,230294426.0
MP311,Victor Khanye,2022,0140,Other revenue,74383307.0
MP311,Victor Khanye,2022,0150,Transfers and Subsidies - Operational,4911000.0
MP311,Victor Khanye,2022,0170,Interest,345916.0
MP311,Victor Khanye,2022,0200,Suppliers and employees,-302359057.0
MP311,Victor Khanye,2022,0310,Capital assets,-23278401.0
MP311,Victor Khanye,2022,0420,Cash/cash equivalents at the year begin:,3767226.0
MP311,Victor Khanye,2022,0430,Cash/cash equivalents at the year end:,68293105.0
MP312,Emalahleni (MP),2022,0120,Property rates,417230077.0
MP312,Emalahleni (MP),2022,0130,Service charges,1287623153.0
MP312,Emalahleni (MP),2022,0140,Other revenue,403729579.0
MP312,Emalahleni (MP),2022,0150,Transfers and Subsidies - Operational,430943005.0
MP312,Emalahleni (MP),2022,0160,Transfers and Subsidies - Capital,169532000.0
MP312,Emalahleni (MP),2022,0200,Suppliers and employees,-2121644425.0
MP312,Emalahleni (MP),2022,0210,Finance charges,-1080430.0
MP312,Emalahleni (MP),2022,0290,Decrease (increase) in non-current investments,102089.0
MP312,Emalahleni (MP),2022,0310,Capital assets,-190990903.0
MP312,Emalahleni (MP),2022,0420,Cash/cash equivalents at the year begin:,35992861.0
MP312,Emalahleni (MP),2022,0430,Cash/cash equivalents at the year end:,431437006.0
MP313,Steve Tshwete,2022,0120,Property rates,339106124.0
MP313,Steve Tshwete,2022,0130,Service charges,606648253.0
MP313,Steve Tshwete,2022,0140,Other revenue,51621575.0
MP313,Steve Tshwete,2022,0150,Transfers and Subsidies - Operational,250853354.0
MP313,Steve Tshwete,2022,0160,Transfers and Subsidies - Capital,188964000.0
MP313,Steve Tshwete,2022,0170,Interest,11941731.0
MP313,Steve Tshwete,2022,0200,Suppliers and employees,-445097452.0
MP313,Steve Tshwete,2022,0280,Decrease (increase) in non-current receivables,690168.0
MP313,Steve Tshwete,2022,0310,Capital assets,-501845757.0
MP313,Steve Tshwete,2022,0360,Borrowing long term/refinancing,200000000.0
MP313,Steve Tshwete,2022,0390,Repayment of borrowing,-81761161.0
MP313,Steve Tshwete,2022,0420,Cash/cash equivalents at the year begin:,344575696.0
MP313,Steve Tshwete,2022,0430,Cash/cash equivalents at the year end:,965696531.0
MP314,Emakhazeni,2022,0120,Property rates,49203800.0
MP314,Emakhazeni,2022,0130,Service charges,74135633.0
MP314,Emakhazeni,2022,0140,Other revenue,14485547.0
MP314,Emakhazeni,2022,0150,Transfers and Subsidies - Operational,69789392.0
MP314,Emakhazeni,2022,0160,Transfers and Subsidies - Capital,73046000.0
MP314,Emakhazeni,2022,0170,Interest,262059.0
MP314,Emakhazeni,2022,0200,Suppliers and employees,-155630886.0
MP314,Emakhazeni,2022,0310,Capital assets,-84236567.0
MP314,Emakhazeni,2022,0420,Cash/cash equivalents at the year begin:,37571339.0
MP314,Emakhazeni,2022,0430,Cash/cash equivalents at the year end:,78626317.0
MP315,Thembisile Hani,2022,0120,Property rates,26781815.0
MP315,Thembisile Hani,2022,0130,Service charges,3750537.0
MP315,Thembisile Hani,2022,0140,Other revenue,83194264.0
MP315,Thembisile Hani,2022,0150,Transfers and Subsidies - Operational,448686580.0
MP315,Thembisile Hani,2022,0200,Suppliers and employees,-46668388.0
MP315,Thembisile Hani,2022,0310,Capital assets,-185915454.0
MP315,Thembisile Hani,2022,0420,Cash/cash equivalents at the year begin:,188146.0
MP315,Thembisile Hani,2022,0430,Cash/cash equivalents at the year end:,330017500.0
MP316,Dr J.S. Moroka,2022,0120,Property rates,24970620.0
MP316,Dr J.S. Moroka,2022,0130,Service charges,9556509.0
MP316,Dr J.S. Moroka,2022,0140,Other revenue,122671022.0
MP316,Dr J.S. Moroka,2022,0150,Transfers and Subsidies - Operational,443285000.0
MP316,Dr J.S. Moroka,2022,0160,Transfers and Subsidies - Capital,2450000.0
MP316,Dr J.S. Moroka,2022,0200,Suppliers and employees,-106569493.0
MP316,Dr J.S. Moroka,2022,0210,Finance charges,-269286.0
MP316,Dr J.S. Moroka,2022,0310,Capital assets,-145634862.0
MP316,Dr J.S. Moroka,2022,0420,Cash/cash equivalents at the year begin:,60987871.0
MP316,Dr J.S. Moroka,2022,0430,Cash/cash equivalents at the year end:,411447381.0
MP321,Thaba Chweu,2022,0120,Property rates,81702129.0
MP321,Thaba Chweu,2022,0130,Service charges,123552783.0
MP321,Thaba Chweu,2022,0140,Other revenue,77958731.0
MP321,Thaba Chweu,2022,0150,Transfers and Subsidies - Operational,5186000.0
MP321,Thaba Chweu,2022,0160,Transfers and Subsidies - Capital,475725.0
MP321,Thaba Chweu,2022,0170,Interest,52228.0
MP321,Thaba Chweu,2022,0200,Suppliers and employees,-139254762.0
MP321,Thaba Chweu,2022,0310,Capital assets,-83976779.0
MP321,Thaba Chweu,2022,0420,Cash/cash equivalents at the year begin:,1587484.0
MP321,Thaba Chweu,2022,0430,Cash/cash equivalents at the year end:,67283539.0
MP324,Nkomazi,2022,0120,Property rates,129102488.0
MP324,Nkomazi,2022,0130,Service charges,142567980.0
MP324,Nkomazi,2022,0140,Other revenue,1682716038.0
MP324,Nkomazi,2022,0150,Transfers and Subsidies - Operational,15977055.0
MP324,Nkomazi,2022,0160,Transfers and Subsidies - Capital,378568000.0
MP324,Nkomazi,2022,0200,Suppliers and employees,-199846344.0
MP324,Nkomazi,2022,0310,Capital assets,-361166053.0
MP324,Nkomazi,2022,0420,Cash/cash equivalents at the year begin:,246618418.0
MP324,Nkomazi,2022,0430,Cash/cash equivalents at the year end:,2034537582.0
MP325,Bushbuckridge,2022,0200,Suppliers and employees,-400.0
MP325,Bushbuckridge,2022,0420,Cash/cash equivalents at the year begin:,5382534.0
MP325,Bushbuckridge,2022,0430,Cash/cash equivalents at the year end:,5382134.0
MP326,City of Mbombela,2022,0120,Property rates,718668148.0
MP326,City of Mbombela,2022,0130,Service charges,1514195743.0
MP326,City of Mbombela,2022,0140,Other revenue,970705294.0
MP326,City of Mbombela,2022,0150,Transfers and Subsidies - Operational,13586000.0
MP326,City of Mbombela,2022,0160,Transfers and Subsidies - Capital,644544000.0
MP326,City of Mbombela,2022,0200,Suppliers and employees,-6867156819.0
MP326,City of Mbombela,2022,0280,Decrease (increase) in non-current receivables,-277936.0
MP326,City of Mbombela,2022,0290,Decrease (increase) in non-current investments,100.0
MP326,City of Mbombela,2022,0310,Capital assets,-226327512.0
MP326,City of Mbombela,2022,0420,Cash/cash equivalents at the year begin:,62332287.0
MP326,City of Mbombela,2022,0430,Cash/cash equivalents at the year end:,-3169730695.0
NC061,Richtersveld,2022,0130,Service charges,771.0
NC061,Richtersveld,2022,0140,Other revenue,-49400.0
NC061,Richtersveld,2022,0150,Transfers and Subsidies - Operational,5105.0
NC061,Richtersveld,2022,0160,Transfers and Subsidies - Capital,91.0
NC061,Richtersveld,2022,0200,Suppliers and employees,-21141214.0
NC061,Richtersveld,2022,0420,Cash/cash equivalents at the year begin:,6854735.0
NC061,Richtersveld,2022,0430,Cash/cash equivalents at the year end:,-14329912.0
NC062,Nama Khoi,2022,0120,Property rates,15233515.0
NC062,Nama Khoi,2022,0130,Service charges,189399179.0
NC062,Nama Khoi,2022,0140,Other revenue,5438293.0
NC062,Nama Khoi,2022,0150,Transfers and Subsidies - Operational,39854488.0
NC062,Nama Khoi,2022,0200,Suppliers and employees,-90788918.0
NC062,Nama Khoi,2022,0210,Finance charges,-375004.0
NC062,Nama Khoi,2022,0260,Proceeds on disposal of PPE,668704.0
NC062,Nama Khoi,2022,0310,Capital assets,1159719.0
NC062,Nama Khoi,2022,0420,Cash/cash equivalents at the year begin:,32513870.0
NC062,Nama Khoi,2022,0430,Cash/cash equivalents at the year end:,193103846.0
NC064,Kamiesberg,2022,0120,Property rates,7901234.0
NC064,Kamiesberg,2022,0130,Service charges,10523378.0
NC064,Kamiesberg,2022,0140,Other revenue,114359142.0
NC064,Kamiesberg,2022,0150,Transfers and Subsidies - Operational,4898479.0
NC064,Kamiesberg,2022,0160,Transfers and Subsidies - Capital,18708000.0
NC064,Kamiesberg,2022,0170,Interest,91398.0
NC064,Kamiesberg,2022,0200,Suppliers and employees,-125779213.0
NC064,Kamiesberg,2022,0420,Cash/cash equivalents at the year begin:,4630282.0
NC064,Kamiesberg,2022,0430,Cash/cash equivalents at the year end:,35332700.0
NC065,Hantam,2022,0120,Property rates,10171521.0
NC065,Hantam,2022,0130,Service charges,60271697.0
NC065,Hantam,2022,0140,Other revenue,97639288.0
NC065,Hantam,2022,0150,Transfers and Subsidies - Operational,39571530.0
NC065,Hantam,2022,0160,Transfers and Subsidies - Capital,13051000.0
NC065,Hantam,2022,0170,Interest,472403.0
NC065,Hantam,2022,0200,Suppliers and employees,-212338795.0
NC065,Hantam,2022,0310,Capital assets,-22099628.0
NC065,Hantam,2022,0390,Repayment of borrowing,-214449.0
NC065,Hantam,2022,0420,Cash/cash equivalents at the year begin:,9232514.0
NC065,Hantam,2022,0430,Cash/cash equivalents at the year end:,-4242919.0
NC066,Karoo Hoogland,2022,0120,Property rates,6505961.0
NC066,Karoo Hoogland,2022,0130,Service charges,33180073.0
NC066,Karoo Hoogland,2022,0140,Other revenue,5830193.0
NC066,Karoo Hoogland,2022,0150,Transfers and Subsidies - Operational,29366102.0
NC066,Karoo Hoogland,2022,0160,Transfers and Subsidies - Capital,24276000.0
NC066,Karoo Hoogland,2022,0200,Suppliers and employees,-31520762.0
NC066,Karoo Hoogland,2022,0310,Capital assets,-3163620.0
NC066,Karoo Hoogland,2022,0420,Cash/cash equivalents at the year begin:,8588338.0
NC066,Karoo Hoogland,2022,0430,Cash/cash equivalents at the year end:,73062285.0
NC067,Khai-Ma,2022,0120,Property rates,8645937.0
NC067,Khai-Ma,2022,0130,Service charges,8236917.0
NC067,Khai-Ma,2022,0140,Other revenue,39156877.0
NC067,Khai-Ma,2022,0150,Transfers and Subsidies - Operational,29108200.0
NC067,Khai-Ma,2022,0160,Transfers and Subsidies - Capital,16542000.0
NC067,Khai-Ma,2022,0200,Suppliers and employees,-79517114.0
NC067,Khai-Ma,2022,0310,Capital assets,-19492965.0
NC067,Khai-Ma,2022,0360,Borrowing long term/refinancing,34749.0
NC067,Khai-Ma,2022,0420,Cash/cash equivalents at the year begin:,14314.0
NC067,Khai-Ma,2022,0430,Cash/cash equivalents at the year end:,2728915.0
NC071,Ubuntu,2022,0200,Suppliers and employees,-13873.0
NC071,Ubuntu,2022,0420,Cash/cash equivalents at the year begin:,1534152.0
NC071,Ubuntu,2022,0430,Cash/cash equivalents at the year end:,1520279.0
NC072,Umsobomvu,2022,0120,Property rates,8228101.0
NC072,Umsobomvu,2022,0130,Service charges,47277486.0
NC072,Umsobomvu,2022,0140,Other revenue,43586707.0
NC072,Umsobomvu,2022,0150,Transfers and Subsidies - Operational,56990000.0
NC072,Umsobomvu,2022,0160,Transfers and Subsidies - Capital,23887700.0
NC072,Umsobomvu,2022,0200,Suppliers and employees,-279856251.0
NC072,Umsobomvu,2022,0290,Decrease (increase) in non-current investments,-1557795.0
NC072,Umsobomvu,2022,0310,Capital assets,-16776175.0
NC072,Umsobomvu,2022,0420,Cash/cash equivalents at the year begin:,2800995.0
NC072,Umsobomvu,2022,0430,Cash/cash equivalents at the year end:,-115419232.0
NC073,Emthanjeni,2022,0200,Suppliers and employees,-122472902.0
NC073,Emthanjeni,2022,0420,Cash/cash equivalents at the year begin:,-11907409.0
NC073,Emthanjeni,2022,0430,Cash/cash equivalents at the year end:,-134380311.0
NC074,Kareeberg,2022,0120,Property rates,47193974.0
NC074,Kareeberg,2022,0130,Service charges,-440029936.0
NC074,Kareeberg,2022,0140,Other revenue,76217642.0
NC074,Kareeberg,2022,0150,Transfers and Subsidies - Operational,44675477.0
NC074,Kareeberg,2022,0160,Transfers and Subsidies - Capital,540730000.0
NC074,Kareeberg,2022,0200,Suppliers and employees,-120257846.0
NC074,Kareeberg,2022,0310,Capital assets,15022.0
NC074,Kareeberg,2022,0430,Cash/cash equivalents at the year end:,148544333.0
NC075,Renosterberg,2022,0420,Cash/cash equivalents at the year begin:,2707315.0
NC075,Renosterberg,2022,0430,Cash/cash equivalents at the year end:,2707315.0
NC076,Thembelihle,2022,0120,Property rates,26290289.0
NC076,Thembelihle,2022,0130,Service charges,88492586.0
NC076,Thembelihle,2022,0140,Other revenue,9877468.0
NC076,Thembelihle,2022,0150,Transfers and Subsidies - Operational,35434400.0
NC076,Thembelihle,2022,0160,Transfers and Subsidies - Capital,11050000.0
NC076,Thembelihle,2022,0200,Suppliers and employees,-48334762.0
NC076,Thembelihle,2022,0210,Finance charges,-3106.0
NC076,Thembelihle,2022,0310,Capital assets,-13376098.0
NC076,Thembelihle,2022,0390,Repayment of borrowing,-3534.0
NC076,Thembelihle,2022,0420,Cash/cash equivalents at the year begin:,81990.0
NC076,Thembelihle,2022,0430,Cash/cash equivalents at the year end:,109509233.0
NC077,Siyathemba,2022,0120,Property rates,41698565.0
NC077,Siyathemba,2022,0130,Service charges,38106017.0
NC077,Siyathemba,2022,0140,Other revenue,10218761.0
NC077,Siyathemba,2022,0150,Transfers and Subsidies - Operational,41029085.0
NC077,Siyathemba,2022,0160,Transfers and Subsidies - Capital,38190000.0
NC077,Siyathemba,2022,0200,Suppliers and employees,-148169381.0
NC077,Siyathemba,2022,0310,Capital assets,-28964320.0
NC077,Siyathemba,2022,0420,Cash/cash equivalents at the year begin:,27705607.0
NC077,Siyathemba,2022,0430,Cash/cash equivalents at the year end:,19814334.0
NC078,Siyancuma,2022,0120,Property rates,107284203.0
NC078,Siyancuma,2022,0130,Service charges,340609595.0
NC078,Siyancuma,2022,0140,Other revenue,37441715.0
NC078,Siyancuma,2022,0150,Transfers and Subsidies - Operational,309276519.0
NC078,Siyancuma,2022,0160,Transfers and Subsidies - Capital,137600000.0
NC078,Siyancuma,2022,0200,Suppliers and employees,-285885.0
NC078,Siyancuma,2022,0260,Proceeds on disposal of PPE,834427.0
NC078,Siyancuma,2022,0310,Capital assets,-13467018.0
NC078,Siyancuma,2022,0420,Cash/cash equivalents at the year begin:,2967495.0
NC078,Siyancuma,2022,0430,Cash/cash equivalents at the year end:,922261051.0
NC082,!Kai! Garib,2022,0420,Cash/cash equivalents at the year begin:,901987.0
NC082,!Kai! Garib,2022,0430,Cash/cash equivalents at the year end:,901987.0
NC084,!Kheis,2022,0120,Property rates,4463000.0
NC084,!Kheis,2022,0130,Service charges,1537362.0
NC084,!Kheis,2022,0140,Other revenue,924089.0
NC084,!Kheis,2022,0150,Transfers and Subsidies - Operational,24638000.0
NC084,!Kheis,2022,0160,Transfers and Subsidies - Capital,9077000.0
NC084,!Kheis,2022,0200,Suppliers and employees,13487793.0
NC084,!Kheis,2022,0430,Cash/cash equivalents at the year end:,54127244.0
NC085,Tsantsabane,2022,0120,Property rates,75900683.0
NC085,Tsantsabane,2022,0130,Service charges,486589814.0
NC085,Tsantsabane,2022,0140,Other revenue,66158043.0
NC085,Tsantsabane,2022,0150,Transfers and Subsidies - Operational,238384769.0
NC085,Tsantsabane,2022,0160,Transfers and Subsidies - Capital,-896009209.0
NC085,Tsantsabane,2022,0200,Suppliers and employees,-98637828.0
NC085,Tsantsabane,2022,0260,Proceeds on disposal of PPE,29595900.0
NC085,Tsantsabane,2022,0310,Capital assets,-11475.0
NC085,Tsantsabane,2022,0420,Cash/cash equivalents at the year begin:,10655108.0
NC085,Tsantsabane,2022,0430,Cash/cash equivalents at the year end:,-87374195.0
NC086,Kgatelopele,2022,0120,Property rates,13635260.0
NC086,Kgatelopele,2022,0200,Suppliers and employees,146869.0
NC086,Kgatelopele,2022,0210,Finance charges,-233399.0
NC086,Kgatelopele,2022,0260,Proceeds on disposal of PPE,43750.0
NC086,Kgatelopele,2022,0310,Capital assets,-223646.0
NC086,Kgatelopele,2022,0420,Cash/cash equivalents at the year begin:,4857487.0
NC086,Kgatelopele,2022,0430,Cash/cash equivalents at the year end:,18226321.0
NC087,Dawid Kruiper,2022,0120,Property rates,108245643.0
NC087,Dawid Kruiper,2022,0130,Service charges,451163213.0
NC087,Dawid Kruiper,2022,0140,Other revenue,94958652.0
NC087,Dawid Kruiper,2022,0150,Transfers and Subsidies - Operational,72686544.0
NC087,Dawid Kruiper,2022,0160,Transfers and Subsidies - Capital,99641164.0
NC087,Dawid Kruiper,2022,0200,Suppliers and employees,-401330965.0
NC087,Dawid Kruiper,2022,0260,Proceeds on disposal of PPE,196181.0
NC087,Dawid Kruiper,2022,0310,Capital assets,-125547472.0
NC087,Dawid Kruiper,2022,0360,Borrowing long term/refinancing,14300000.0
NC087,Dawid Kruiper,2022,0420,Cash/cash equivalents at the year begin:,26827766.0
NC087,Dawid Kruiper,2022,0430,Cash/cash equivalents at the year end:,341140726.0
NC091,Sol Plaatje,2022,0120,Property rates,438882188.0
NC091,Sol Plaatje,2022,0130,Service charges,1146392592.0
NC091,Sol Plaatje,2022,0140,Other revenue,288366635.0
NC091,Sol Plaatje,2022,0150,Transfers and Subsidies - Operational,31740529.0
NC091,Sol Plaatje,2022,0160,Transfers and Subsidies - Capital,100629582.0
NC091,Sol Plaatje,2022,0200,Suppliers and employees,-2589329285.0
NC091,Sol Plaatje,2022,0210,Finance charges,-1038623.0
NC091,Sol Plaatje,2022,0310,Capital assets,-127081037.0
NC091,Sol Plaatje,2022,0420,Cash/cash equivalents at the year begin:,43007488.0
NC091,Sol Plaatje,2022,0430,Cash/cash equivalents at the year end:,-668429931.0
NC092,Dikgatlong,2022,0120,Property rates,6661275.0
NC092,Dikgatlong,2022,0130,Service charges,33000450.0
NC092,Dikgatlong,2022,0140,Other revenue,4425931.0
NC092,Dikgatlong,2022,0150,Transfers and Subsidies - Operational,100421413.0
NC092,Dikgatlong,2022,0160,Transfers and Subsidies - Capital,26370000.0
NC092,Dikgatlong,2022,0180,Dividends,21714.0
NC092,Dikgatlong,2022,0200,Suppliers and employees,-135848315.0
NC092,Dikgatlong,2022,0290,Decrease (increase) in non-current investments,5886.0
NC092,Dikgatlong,2022,0310,Capital assets,-23128436.0
NC092,Dikgatlong,2022,0390,Repayment of borrowing,-268383.0
NC092,Dikgatlong,2022,0420,Cash/cash equivalents at the year begin:,4661857.0
NC092,Dikgatlong,2022,0430,Cash/cash equivalents at the year end:,16323392.0
NC093,Magareng,2022,0120,Property rates,8124465.0
NC093,Magareng,2022,0130,Service charges,47635300.0
NC093,Magareng,2022,0140,Other revenue,67327028.0
NC093,Magareng,2022,0150,Transfers and Subsidies - Operational,7674583.0
NC093,Magareng,2022,0160,Transfers and Subsidies - Capital,13382589.0
NC093,Magareng,2022,0170,Interest,1032848.0
NC093,Magareng,2022,0200,Suppliers and employees,-123595863.0
NC093,Magareng,2022,0310,Capital assets,-25899898.0
NC093,Magareng,2022,0390,Repayment of borrowing,-26655.0
NC093,Magareng,2022,0420,Cash/cash equivalents at the year begin:,6674170.0
NC093,Magareng,2022,0430,Cash/cash equivalents at the year end:,2328567.0
NC094,Phokwane,2022,0120,Property rates,12621507.0
NC094,Phokwane,2022,0130,Service charges,96369987.0
NC094,Phokwane,2022,0140,Other revenue,24884370.0
NC094,Phokwane,2022,0150,Transfers and Subsidies - Operational,98123774.0
NC094,Phokwane,2022,0160,Transfers and Subsidies - Capital,40585143.0
NC094,Phokwane,2022,0200,Suppliers and employees,-81415206.0
NC094,Phokwane,2022,0310,Capital assets,-34520886.0
NC094,Phokwane,2022,0420,Cash/cash equivalents at the year begin:,42288129.0
NC094,Phokwane,2022,0430,Cash/cash equivalents at the year end:,198936818.0
NC451,Joe Morolong,2022,0120,Property rates,23731563.0
NC451,Joe Morolong,2022,0130,Service charges,26015419.0
NC451,Joe Morolong,2022,0140,Other revenue,765476.0
NC451,Joe Morolong,2022,0150,Transfers and Subsidies - Operational,-81069375.0
NC451,Joe Morolong,2022,0160,Transfers and Subsidies - Capital,143930950.0
NC451,Joe Morolong,2022,0200,Suppliers and employees,-278952860.0
NC451,Joe Morolong,2022,0260,Proceeds on disposal of PPE,431538.0
NC451,Joe Morolong,2022,0310,Capital assets,-31134718.0
NC451,Joe Morolong,2022,0420,Cash/cash equivalents at the year begin:,46108255.0
NC451,Joe Morolong,2022,0430,Cash/cash equivalents at the year end:,-150173752.0
NC452,Ga-Segonyana,2022,0120,Property rates,42820557.0
NC452,Ga-Segonyana,2022,0130,Service charges,195286078.0
NC452,Ga-Segonyana,2022,0140,Other revenue,54025074.0
NC452,Ga-Segonyana,2022,0150,Transfers and Subsidies - Operational,192412035.0
NC452,Ga-Segonyana,2022,0160,Transfers and Subsidies - Capital,179995000.0
NC452,Ga-Segonyana,2022,0170,Interest,4648003.0
NC452,Ga-Segonyana,2022,0200,Suppliers and employees,-459372031.0
NC452,Ga-Segonyana,2022,0210,Finance charges,-370524.0
NC452,Ga-Segonyana,2022,0310,Capital assets,-166350700.0
NC452,Ga-Segonyana,2022,0390,Repayment of borrowing,-397892.0
NC452,Ga-Segonyana,2022,0420,Cash/cash equivalents at the year begin:,90467139.0
NC452,Ga-Segonyana,2022,0430,Cash/cash equivalents at the year end:,133162739.0
NC453,Gamagara,2022,0120,Property rates,74028959.0
NC453,Gamagara,2022,0130,Service charges,207386419.0
NC453,Gamagara,2022,0140,Other revenue,313669894.0
NC453,Gamagara,2022,0150,Transfers and Subsidies - Operational,380525.0
NC453,Gamagara,2022,0200,Suppliers and employees,-87621012.0
NC453,Gamagara,2022,0310,Capital assets,-31678056.0
NC453,Gamagara,2022,0420,Cash/cash equivalents at the year begin:,29598133.0
NC453,Gamagara,2022,0430,Cash/cash equivalents at the year end:,505764862.0
NMA,Nelson Mandela Bay,2022,0150,Transfers and Subsidies - Operational,52771.0
NMA,Nelson Mandela Bay,2022,0200,Suppliers and employees,806196.0
NMA,Nelson Mandela Bay,2022,0280,Decrease (increase) in non-current receivables,-135688515.0
NMA,Nelson Mandela Bay,2022,0430,Cash/cash equivalents at the year end:,-134829548.0
NW371,Moretele,2022,0120,Property rates,10396422.0
NW371,Moretele,2022,0130,Service charges,1716635.0
NW371,Moretele,2022,0140,Other revenue,52893337.0
NW371,Moretele,2022,0150,Transfers and Subsidies - Operational,257292420.0
NW371,Moretele,2022,0160,Transfers and Subsidies - Capital,200558000.0
NW371,Moretele,2022,0200,Suppliers and employees,-56561906.0
NW371,Moretele,2022,0310,Capital assets,-171191625.0
NW371,Moretele,2022,0420,Cash/cash equivalents at the year begin:,219115251.0
NW371,Moretele,2022,0430,Cash/cash equivalents at the year end:,514218534.0
NW372,Madibeng,2022,0120,Property rates,458136751.0
NW372,Madibeng,2022,0130,Service charges,838542119.0
NW372,Madibeng,2022,0140,Other revenue,1971741752.0
NW372,Madibeng,2022,0150,Transfers and Subsidies - Operational,14257499.0
NW372,Madibeng,2022,0160,Transfers and Subsidies - Capital,308285000.0
NW372,Madibeng,2022,0200,Suppliers and employees,-2325374138.0
NW372,Madibeng,2022,0290,Decrease (increase) in non-current investments,149846.0
NW372,Madibeng,2022,0310,Capital assets,-270352289.0
NW372,Madibeng,2022,0420,Cash/cash equivalents at the year begin:,124651323.0
NW372,Madibeng,2022,0430,Cash/cash equivalents at the year end:,1120037863.0
NW373,Rustenburg,2022,0160,Transfers and Subsidies - Capital,7040970687.0
NW373,Rustenburg,2022,0200,Suppliers and employees,10154322.0
NW373,Rustenburg,2022,0420,Cash/cash equivalents at the year begin:,-335799083.0
NW373,Rustenburg,2022,0430,Cash/cash equivalents at the year end:,6715325926.0
NW375,Moses Kotane,2022,0120,Property rates,69499939.0
NW375,Moses Kotane,2022,0130,Service charges,110905299.0
NW375,Moses Kotane,2022,0140,Other revenue,239351161.0
NW375,Moses Kotane,2022,0150,Transfers and Subsidies - Operational,7743130.0
NW375,Moses Kotane,2022,0160,Transfers and Subsidies - Capital,195800928.0
NW375,Moses Kotane,2022,0170,Interest,2478898.0
NW375,Moses Kotane,2022,0180,Dividends,3186551.0
NW375,Moses Kotane,2022,0200,Suppliers and employees,-131334794.0
NW375,Moses Kotane,2022,0310,Capital assets,-12373346.0
NW375,Moses Kotane,2022,0390,Repayment of borrowing,-5045340.0
NW375,Moses Kotane,2022,0420,Cash/cash equivalents at the year begin:,61596732.0
NW375,Moses Kotane,2022,0430,Cash/cash equivalents at the year end:,541809158.0
NW381,Ratlou,2022,0140,Other revenue,-30204.0
NW381,Ratlou,2022,0150,Transfers and Subsidies - Operational,370116251.0
NW381,Ratlou,2022,0200,Suppliers and employees,3371643.0
NW381,Ratlou,2022,0220,Transfers and Subsidies,-8449149.0
NW381,Ratlou,2022,0430,Cash/cash equivalents at the year end:,365008541.0
NW382,Tswaing,2022,0120,Property rates,14379015.0
NW382,Tswaing,2022,0130,Service charges,89558516.0
NW382,Tswaing,2022,0140,Other revenue,-213152333.0
NW382,Tswaing,2022,0150,Transfers and Subsidies - Operational,19151800.0
NW382,Tswaing,2022,0160,Transfers and Subsidies - Capital,31763000.0
NW382,Tswaing,2022,0180,Dividends,27320.0
NW382,Tswaing,2022,0200,Suppliers and employees,-35543303.0
NW382,Tswaing,2022,0280,Decrease (increase) in non-current receivables,-3391601.0
NW382,Tswaing,2022,0290,Decrease (increase) in non-current investments,10148.0
NW382,Tswaing,2022,0390,Repayment of borrowing,-4378754.0
NW382,Tswaing,2022,0420,Cash/cash equivalents at the year begin:,22433212.0
NW382,Tswaing,2022,0430,Cash/cash equivalents at the year end:,-79142980.0
NW383,Mafikeng,2022,0120,Property rates,247857690.0
NW383,Mafikeng,2022,0130,Service charges,160071199.0
NW383,Mafikeng,2022,0140,Other revenue,745937.0
NW383,Mafikeng,2022,0150,Transfers and Subsidies - Operational,310917963.0
NW383,Mafikeng,2022,0160,Transfers and Subsidies - Capital,84679000.0
NW383,Mafikeng,2022,0170,Interest,2794515.0
NW383,Mafikeng,2022,0200,Suppliers and employees,-28761692.0
NW383,Mafikeng,2022,0310,Capital assets,-101576409.0
NW383,Mafikeng,2022,0420,Cash/cash equivalents at the year begin:,40948098.0
NW383,Mafikeng,2022,0430,Cash/cash equivalents at the year end:,717676301.0
NW385,Ramotshere Moiloa,2022,0150,Transfers and Subsidies - Operational,-7232744.0
NW385,Ramotshere Moiloa,2022,0200,Suppliers and employees,10179019.0
NW385,Ramotshere Moiloa,2022,0290,Decrease (increase) in non-current investments,6051425.0
NW385,Ramotshere Moiloa,2022,0420,Cash/cash equivalents at the year begin:,-1483574.0
NW385,Ramotshere Moiloa,2022,0430,Cash/cash equivalents at the year end:,7514126.0
NW392,Naledi (NW),2022,0120,Property rates,22590461.0
NW392,Naledi (NW),2022,0130,Service charges,88545901.0
NW392,Naledi (NW),2022,0140,Other revenue,6496084.0
NW392,Naledi (NW),2022,0150,Transfers and Subsidies - Operational,51021000.0
NW392,Naledi (NW),2022,0200,Suppliers and employees,-104690.0
NW392,Naledi (NW),2022,0420,Cash/cash equivalents at the year begin:,53400293.0
NW392,Naledi (NW),2022,0430,Cash/cash equivalents at the year end:,221949049.0
NW393,Mamusa,2022,0120,Property rates,9544676.0
NW393,Mamusa,2022,0130,Service charges,57954563.0
NW393,Mamusa,2022,0140,Other revenue,1191010.0
NW393,Mamusa,2022,0150,Transfers and Subsidies - Operational,71925026.0
NW393,Mamusa,2022,0160,Transfers and Subsidies - Capital,34541000.0
NW393,Mamusa,2022,0200,Suppliers and employees,-52120669.0
NW393,Mamusa,2022,0260,Proceeds on disposal of PPE,1628531.0
NW393,Mamusa,2022,0310,Capital assets,-29018772.0
NW393,Mamusa,2022,0420,Cash/cash equivalents at the year begin:,583079.0
NW393,Mamusa,2022,0430,Cash/cash equivalents at the year end:,96228444.0
NW394,Greater Taung,2022,0120,Property rates,23264452.0
NW394,Greater Taung,2022,0130,Service charges,7959688.0
NW394,Greater Taung,2022,0140,Other revenue,10370183.0
NW394,Greater Taung,2022,0150,Transfers and Subsidies - Operational,218581659.0
NW394,Greater Taung,2022,0160,Transfers and Subsidies - Capital,40218000.0
NW394,Greater Taung,2022,0170,Interest,565065.0
NW394,Greater Taung,2022,0200,Suppliers and employees,-167391703.0
NW394,Greater Taung,2022,0310,Capital assets,-80440497.0
NW394,Greater Taung,2022,0420,Cash/cash equivalents at the year begin:,143953739.0
NW394,Greater Taung,2022,0430,Cash/cash equivalents at the year end:,197080586.0
NW396,Lekwa-Teemane,2022,0200,Suppliers and employees,-2113984.0
NW396,Lekwa-Teemane,2022,0420,Cash/cash equivalents at the year begin:,-9228.0
NW396,Lekwa-Teemane,2022,0430,Cash/cash equivalents at the year end:,-2123212.0
NW397,Kagisano-Molopo,2022,0200,Suppliers and employees,-1046353.0
NW397,Kagisano-Molopo,2022,0220,Transfers and Subsidies,-12727956.0
NW397,Kagisano-Molopo,2022,0420,Cash/cash equivalents at the year begin:,13429609.0
NW397,Kagisano-Molopo,2022,0430,Cash/cash equivalents at the year end:,-344700.0
NW403,City of Matlosana,2022,0120,Property rates,419718038.0
NW403,City of Matlosana,2022,0130,Service charges,1351237158.0
NW403,City of Matlosana,2022,0140,Other revenue,3785550517.0
NW403,City of Matlosana,2022,0150,Transfers and Subsidies - Operational,479886000.0
NW403,City of Matlosana,2022,0160,Transfers and Subsidies - Capital,170551000.0
NW403,City of Matlosana,2022,0170,Interest,20720.0
NW403,City of Matlosana,2022,0200,Suppliers and employees,-4054823250.0
NW403,City of Matlosana,2022,0310,Capital assets,-152540819.0
NW403,City of Matlosana,2022,0420,Cash/cash equivalents at the year begin:,249723627.0
NW403,City of Matlosana,2022,0430,Cash/cash equivalents at the year end:,2249322991.0
NW404,Maquassi Hills,2022,0120,Property rates,29130080.0
NW404,Maquassi Hills,2022,0130,Service charges,909539211.0
NW404,Maquassi Hills,2022,0140,Other revenue,-243304697.0
NW404,Maquassi Hills,2022,0150,Transfers and Subsidies - Operational,5429000.0
NW404,Maquassi Hills,2022,0160,Transfers and Subsidies - Capital,72792894.0
NW404,Maquassi Hills,2022,0200,Suppliers and employees,-390291837.0
NW404,Maquassi Hills,2022,0310,Capital assets,-20861150.0
NW404,Maquassi Hills,2022,0360,Borrowing long term/refinancing,60261678.0
NW404,Maquassi Hills,2022,0390,Repayment of borrowing,-32846680.0
NW404,Maquassi Hills,2022,0420,Cash/cash equivalents at the year begin:,21985625.0
NW404,Maquassi Hills,2022,0430,Cash/cash equivalents at the year end:,411834124.0
NW405,J B Marks,2022,0120,Property rates,185935568.0
NW405,J B Marks,2022,0130,Service charges,1125089280.0
NW405,J B Marks,2022,0140,Other revenue,94973716.0
NW405,J B Marks,2022,0150,Transfers and Subsidies - Operational,294816974.0
NW405,J B Marks,2022,0180,Dividends,2673.0
NW405,J B Marks,2022,0200,Suppliers and employees,-3220454650.0
NW405,J B Marks,2022,0260,Proceeds on disposal of PPE,26988.0
NW405,J B Marks,2022,0290,Decrease (increase) in non-current investments,131264814.0
NW405,J B Marks,2022,0310,Capital assets,-133199595.0
NW405,J B Marks,2022,0420,Cash/cash equivalents at the year begin:,308085223.0
NW405,J B Marks,2022,0430,Cash/cash equivalents at the year end:,-1213459009.0
WC011,Matzikama,2022,0120,Property rates,75283.0
WC011,Matzikama,2022,0130,Service charges,40476797.0
WC011,Matzikama,2022,0140,Other revenue,37082728.0
WC011,Matzikama,2022,0150,Transfers and Subsidies - Operational,12316.0
WC011,Matzikama,2022,0200,Suppliers and employees,-234847116.0
WC011,Matzikama,2022,0310,Capital assets,-68438837.0
WC011,Matzikama,2022,0420,Cash/cash equivalents at the year begin:,15256254.0
WC011,Matzikama,2022,0430,Cash/cash equivalents at the year end:,-210382575.0
WC012,Cederberg,2022,0120,Property rates,4385.0
WC012,Cederberg,2022,0130,Service charges,149693740.0
WC012,Cederberg,2022,0140,Other revenue,75242669.0
WC012,Cederberg,2022,0150,Transfers and Subsidies - Operational,145220853.0
WC012,Cederberg,2022,0160,Transfers and Subsidies - Capital,160000.0
WC012,Cederberg,2022,0200,Suppliers and employees,-163596061.0
WC012,Cederberg,2022,0280,Decrease (increase) in non-current receivables,31967.0
WC012,Cederberg,2022,0310,Capital assets,-31540446.0
WC012,Cederberg,2022,0420,Cash/cash equivalents at the year begin:,9749885.0
WC012,Cederberg,2022,0430,Cash/cash equivalents at the year end:,184966992.0
WC013,Bergrivier,2022,0120,Property rates,76257233.0
WC013,Bergrivier,2022,0130,Service charges,244508747.0
WC013,Bergrivier,2022,0140,Other revenue,17809874.0
WC013,Bergrivier,2022,0150,Transfers and Subsidies - Operational,43599010.0
WC013,Bergrivier,2022,0160,Transfers and Subsidies - Capital,16134000.0
WC013,Bergrivier,2022,0200,Suppliers and employees,-379448501.0
WC013,Bergrivier,2022,0210,Finance charges,-48141.0
WC013,Bergrivier,2022,0280,Decrease (increase) in non-current receivables,-3345575.0
WC013,Bergrivier,2022,0310,Capital assets,-55752891.0
WC013,Bergrivier,2022,0390,Repayment of borrowing,-549270.0
WC013,Bergrivier,2022,0420,Cash/cash equivalents at the year begin:,141698149.0
WC013,Bergrivier,2022,0430,Cash/cash equivalents at the year end:,100862635.0
WC014,Saldanha Bay,2022,0120,Property rates,272800313.0
WC014,Saldanha Bay,2022,0130,Service charges,869919812.0
WC014,Saldanha Bay,2022,0140,Other revenue,107256274.0
WC014,Saldanha Bay,2022,0150,Transfers and Subsidies - Operational,119041205.0
WC014,Saldanha Bay,2022,0160,Transfers and Subsidies - Capital,41980465.0
WC014,Saldanha Bay,2022,0170,Interest,1460717.0
WC014,Saldanha Bay,2022,0200,Suppliers and employees,-1239283589.0
WC014,Saldanha Bay,2022,0210,Finance charges,-11467927.0
WC014,Saldanha Bay,2022,0260,Proceeds on disposal of PPE,1000748.0
WC014,Saldanha Bay,2022,0310,Capital assets,-140246722.0
WC014,Saldanha Bay,2022,0360,Borrowing long term/refinancing,27445218.0
WC014,Saldanha Bay,2022,0390,Repayment of borrowing,-9695624.0
WC014,Saldanha Bay,2022,0420,Cash/cash equivalents at the year begin:,664922791.0
WC014,Saldanha Bay,2022,0430,Cash/cash equivalents at the year end:,705133681.0
WC015,Swartland,2022,0120,Property rates,127153640.0
WC015,Swartland,2022,0130,Service charges,538614530.0
WC015,Swartland,2022,0140,Other revenue,75044157.0
WC015,Swartland,2022,0150,Transfers and Subsidies - Operational,134713117.0
WC015,Swartland,2022,0160,Transfers and Subsidies - Capital,90187329.0
WC015,Swartland,2022,0200,Suppliers and employees,-655173189.0
WC015,Swartland,2022,0210,Finance charges,-11054816.0
WC015,Swartland,2022,0260,Proceeds on disposal of PPE,9292975.0
WC015,Swartland,2022,0280,Decrease (increase) in non-current receivables,-34778.0
WC015,Swartland,2022,0310,Capital assets,-135079092.0
WC015,Swartland,2022,0390,Repayment of borrowing,-8463163.0
WC015,Swartland,2022,0420,Cash/cash equivalents at the year begin:,640204005.0
WC015,Swartland,2022,0430,Cash/cash equivalents at the year end:,805404715.0
WC022,Witzenberg,2022,0120,Property rates,2382571.0
WC022,Witzenberg,2022,0130,Service charges,615624760.0
WC022,Witzenberg,2022,0140,Other revenue,16186440.0
WC022,Witzenberg,2022,0150,Transfers and Subsidies - Operational,114187097.0
WC022,Witzenberg,2022,0160,Transfers and Subsidies - Capital,65900498.0
WC022,Witzenberg,2022,0200,Suppliers and employees,-13505441.0
WC022,Witzenberg,2022,0310,Capital assets,2137513.0
WC022,Witzenberg,2022,0420,Cash/cash equivalents at the year begin:,115305213.0
WC022,Witzenberg,2022,0430,Cash/cash equivalents at the year end:,918218651.0
WC023,Drakenstein,2022,0120,Property rates,424096765.0
WC023,Drakenstein,2022,0130,Service charges,2082835054.0
WC023,Drakenstein,2022,0140,Other revenue,1379951569.0
WC023,Drakenstein,2022,0150,Transfers and Subsidies - Operational,204547588.0
WC023,Drakenstein,2022,0160,Transfers and Subsidies - Capital,62472822.0
WC023,Drakenstein,2022,0170,Interest,9673336.0
WC023,Drakenstein,2022,0200,Suppliers and employees,-2530110164.0
WC023,Drakenstein,2022,0260,Proceeds on disposal of PPE,-364571.0
WC023,Drakenstein,2022,0280,Decrease (increase) in non-current receivables,334512.0
WC023,Drakenstein,2022,0290,Decrease (increase) in non-current investments,39706.0
WC023,Drakenstein,2022,0310,Capital assets,-157051457.0
WC023,Drakenstein,2022,0390,Repayment of borrowing,-1386670.0
WC023,Drakenstein,2022,0420,Cash/cash equivalents at the year begin:,139141306.0
WC023,Drakenstein,2022,0430,Cash/cash equivalents at the year end:,1614179796.0
WC024,Stellenbosch,2022,0120,Property rates,1452015814.0
WC024,Stellenbosch,2022,0130,Service charges,733711381.0
WC024,Stellenbosch,2022,0140,Other revenue,11633672.0
WC024,Stellenbosch,2022,0150,Transfers and Subsidies - Operational,4199000.0
WC024,Stellenbosch,2022,0160,Transfers and Subsidies - Capital,40179000.0
WC024,Stellenbosch,2022,0200,Suppliers and employees,-773797477.0
WC024,Stellenbosch,2022,0220,Transfers and Subsidies,-1950177.0
WC024,Stellenbosch,2022,0280,Decrease (increase) in non-current receivables,1160044.0
WC024,Stellenbosch,2022,0310,Capital assets,-242585207.0
WC024,Stellenbosch,2022,0360,Borrowing long term/refinancing,144000000.0
WC024,Stellenbosch,2022,0390,Repayment of borrowing,-34220526.0
WC024,Stellenbosch,2022,0420,Cash/cash equivalents at the year begin:,334083429.0
WC024,Stellenbosch,2022,0430,Cash/cash equivalents at the year end:,1668428953.0
WC025,Breede Valley,2022,0120,Property rates,128756285.0
WC025,Breede Valley,2022,0130,Service charges,306990920.0
WC025,Breede Valley,2022,0140,Other revenue,14484683.0
WC025,Breede Valley,2022,0150,Transfers and Subsidies - Operational,153479428.0
WC025,Breede Valley,2022,0160,Transfers and Subsidies - Capital,57360000.0
WC025,Breede Valley,2022,0200,Suppliers and employees,-718840233.0
WC025,Breede Valley,2022,0210,Finance charges,-20973934.0
WC025,Breede Valley,2022,0280,Decrease (increase) in non-current receivables,58848.0
WC025,Breede Valley,2022,0310,Capital assets,-54542.0
WC025,Breede Valley,2022,0420,Cash/cash equivalents at the year begin:,190762198.0
WC025,Breede Valley,2022,0430,Cash/cash equivalents at the year end:,112023653.0
WC026,Langeberg,2022,0120,Property rates,81418632.0
WC026,Langeberg,2022,0130,Service charges,601020506.0
WC026,Langeberg,2022,0140,Other revenue,15865142.0
WC026,Langeberg,2022,0150,Transfers and Subsidies - Operational,131085665.0
WC026,Langeberg,2022,0160,Transfers and Subsidies - Capital,35915000.0
WC026,Langeberg,2022,0200,Suppliers and employees,-841152415.0
WC026,Langeberg,2022,0220,Transfers and Subsidies,-138000.0
WC026,Langeberg,2022,0290,Decrease (increase) in non-current investments,-1659.0
WC026,Langeberg,2022,0310,Capital assets,-59247059.0
WC026,Langeberg,2022,0360,Borrowing long term/refinancing,-40005597.0
WC026,Langeberg,2022,0390,Repayment of borrowing,-9348.0
WC026,Langeberg,2022,0420,Cash/cash equivalents at the year begin:,282218845.0
WC026,Langeberg,2022,0430,Cash/cash equivalents at the year end:,206969712.0
WC031,Theewaterskloof,2022,0120,Property rates,111647950.0
WC031,Theewaterskloof,2022,0130,Service charges,253525685.0
WC031,Theewaterskloof,2022,0140,Other revenue,23692098.0
WC031,Theewaterskloof,2022,0150,Transfers and Subsidies - Operational,121151985.0
WC031,Theewaterskloof,2022,0160,Transfers and Subsidies - Capital,59583756.0
WC031,Theewaterskloof,2022,0200,Suppliers and employees,-315525203.0
WC031,Theewaterskloof,2022,0290,Decrease (increase) in non-current investments,-948786.0
WC031,Theewaterskloof,2022,0310,Capital assets,-92185684.0
WC031,Theewaterskloof,2022,0360,Borrowing long term/refinancing,34862548.0
WC031,Theewaterskloof,2022,0420,Cash/cash equivalents at the year begin:,164089290.0
WC031,Theewaterskloof,2022,0430,Cash/cash equivalents at the year end:,359893639.0
WC032,Overstrand,2022,0170,Interest,4439965.0
WC032,Overstrand,2022,0200,Suppliers and employees,-226080745.0
WC032,Overstrand,2022,0220,Transfers and Subsidies,-90000.0
WC032,Overstrand,2022,0290,Decrease (increase) in non-current investments,-6233768.0
WC032,Overstrand,2022,0390,Repayment of borrowing,-10511447.0
WC032,Overstrand,2022,0420,Cash/cash equivalents at the year begin:,612722603.0
WC032,Overstrand,2022,0430,Cash/cash equivalents at the year end:,374246608.0
WC033,Cape Agulhas,2022,0120,Property rates,73857509.0
WC033,Cape Agulhas,2022,0130,Service charges,237107168.0
WC033,Cape Agulhas,2022,0140,Other revenue,15438343.0
WC033,Cape Agulhas,2022,0150,Transfers and Subsidies - Operational,38998065.0
WC033,Cape Agulhas,2022,0160,Transfers and Subsidies - Capital,15298000.0
WC033,Cape Agulhas,2022,0200,Suppliers and employees,-207107965.0
WC033,Cape Agulhas,2022,0260,Proceeds on disposal of PPE,4115291.0
WC033,Cape Agulhas,2022,0280,Decrease (increase) in non-current receivables,7483.0
WC033,Cape Agulhas,2022,0310,Capital assets,-40318672.0
WC033,Cape Agulhas,2022,0360,Borrowing long term/refinancing,34626050.0
WC033,Cape Agulhas,2022,0420,Cash/cash equivalents at the year begin:,99360794.0
WC033,Cape Agulhas,2022,0430,Cash/cash equivalents at the year end:,271382066.0
WC034,Swellendam,2022,0120,Property rates,42523105.0
WC034,Swellendam,2022,0130,Service charges,164678355.0
WC034,Swellendam,2022,0140,Other revenue,10828977.0
WC034,Swellendam,2022,0150,Transfers and Subsidies - Operational,72343088.0
WC034,Swellendam,2022,0160,Transfers and Subsidies - Capital,43109970.0
WC034,Swellendam,2022,0200,Suppliers and employees,67755708.0
WC034,Swellendam,2022,0210,Finance charges,-35852.0
WC034,Swellendam,2022,0260,Proceeds on disposal of PPE,989000.0
WC034,Swellendam,2022,0280,Decrease (increase) in non-current receivables,-12980.0
WC034,Swellendam,2022,0430,Cash/cash equivalents at the year end:,402179371.0
WC041,Kannaland,2022,0120,Property rates,15131681.0
WC041,Kannaland,2022,0130,Service charges,74809959.0
WC041,Kannaland,2022,0140,Other revenue,1343113.0
WC041,Kannaland,2022,0150,Transfers and Subsidies - Operational,31683625.0
WC041,Kannaland,2022,0160,Transfers and Subsidies - Capital,23701000.0
WC041,Kannaland,2022,0200,Suppliers and employees,-16593397.0
WC041,Kannaland,2022,0290,Decrease (increase) in non-current investments,-185653.0
WC041,Kannaland,2022,0310,Capital assets,-7107488.0
WC041,Kannaland,2022,0420,Cash/cash equivalents at the year begin:,48800221.0
WC041,Kannaland,2022,0430,Cash/cash equivalents at the year end:,171583061.0
WC042,Hessequa,2022,0120,Property rates,125278831.0
WC042,Hessequa,2022,0130,Service charges,340418405.0
WC042,Hessequa,2022,0140,Other revenue,1207490941.0
WC042,Hessequa,2022,0150,Transfers and Subsidies - Operational,15233376.0
WC042,Hessequa,2022,0160,Transfers and Subsidies - Capital,67764913.0
WC042,Hessequa,2022,0170,Interest,454507.0
WC042,Hessequa,2022,0200,Suppliers and employees,-1305843302.0
WC042,Hessequa,2022,0220,Transfers and Subsidies,-289772.0
WC042,Hessequa,2022,0310,Capital assets,-110877378.0
WC042,Hessequa,2022,0390,Repayment of borrowing,-3557727.0
WC042,Hessequa,2022,0420,Cash/cash equivalents at the year begin:,348669254.0
WC042,Hessequa,2022,0430,Cash/cash equivalents at the year end:,684742048.0
WC043,Mossel Bay,2022,0120,Property rates,146728423.0
WC043,Mossel Bay,2022,0130,Service charges,506941691.0
WC043,Mossel Bay,2022,0140,Other revenue,-24753398.0
WC043,Mossel Bay,2022,0150,Transfers and Subsidies - Operational,43858509.0
WC043,Mossel Bay,2022,0160,Transfers and Subsidies - Capital,-34996594.0
WC043,Mossel Bay,2022,0280,Decrease (increase) in non-current receivables,-99289534.0
WC043,Mossel Bay,2022,0290,Decrease (increase) in non-current investments,-30000000.0
WC043,Mossel Bay,2022,0360,Borrowing long term/refinancing,-14747130.0
WC043,Mossel Bay,2022,0420,Cash/cash equivalents at the year begin:,553556523.0
WC043,Mossel Bay,2022,0430,Cash/cash equivalents at the year end:,1047298490.0
WC044,George,2022,0120,Property rates,3746956124.0
WC044,George,2022,0130,Service charges,193308110.0
WC044,George,2022,0140,Other revenue,49325298.0
WC044,George,2022,0150,Transfers and Subsidies - Operational,121042672.0
WC044,George,2022,0200,Suppliers and employees,-464947391.0
WC044,George,2022,0260,Proceeds on disposal of PPE,1012.0
WC044,George,2022,0280,Decrease (increase) in non-current receivables,-15356154.0
WC044,George,2022,0310,Capital assets,1390633.0
WC044,George,2022,0360,Borrowing long term/refinancing,25905.0
WC044,George,2022,0390,Repayment of borrowing,-39234875.0
WC044,George,2022,0420,Cash/cash equivalents at the year begin:,469620711.0
WC044,George,2022,0430,Cash/cash equivalents at the year end:,4062132045.0
WC045,Oudtshoorn,2022,0120,Property rates,95491166.0
WC045,Oudtshoorn,2022,0130,Service charges,436956742.0
WC045,Oudtshoorn,2022,0140,Other revenue,64545954.0
WC045,Oudtshoorn,2022,0150,Transfers and Subsidies - Operational,176700602.0
WC045,Oudtshoorn,2022,0160,Transfers and Subsidies - Capital,1586000.0
WC045,Oudtshoorn,2022,0170,Interest,3710744.0
WC045,Oudtshoorn,2022,0200,Suppliers and employees,-636896626.0
WC045,Oudtshoorn,2022,0210,Finance charges,-3963791.0
WC045,Oudtshoorn,2022,0220,Transfers and Subsidies,-3273808.0
WC045,Oudtshoorn,2022,0310,Capital assets,-69264563.0
WC045,Oudtshoorn,2022,0420,Cash/cash equivalents at the year begin:,88468384.0
WC045,Oudtshoorn,2022,0430,Cash/cash equivalents at the year end:,154060804.0
WC048,Knysna,2022,0120,Property rates,226398316.0
WC048,Knysna,2022,0130,Service charges,284789478.0
WC048,Knysna,2022,0140,Other revenue,27514806.0
WC048,Knysna,2022,0150,Transfers and Subsidies - Operational,75558284.0
WC048,Knysna,2022,0160,Transfers and Subsidies - Capital,580500.0
WC048,Knysna,2022,0170,Interest,1366131.0
WC048,Knysna,2022,0200,Suppliers and employees,-487991826.0
WC048,Knysna,2022,0210,Finance charges,23286630.0
WC048,Knysna,2022,0220,Transfers and Subsidies,-138182.0
WC048,Knysna,2022,0260,Proceeds on disposal of PPE,4348.0
WC048,Knysna,2022,0290,Decrease (increase) in non-current investments,4108488.0
WC048,Knysna,2022,0310,Capital assets,-112442128.0
WC048,Knysna,2022,0390,Repayment of borrowing,-31456204.0
WC048,Knysna,2022,0420,Cash/cash equivalents at the year begin:,42330360.0
WC048,Knysna,2022,0430,Cash/cash equivalents at the year end:,53909001.0
WC051,Laingsburg,2022,0120,Property rates,84528327.0
WC051,Laingsburg,2022,0130,Service charges,3568921.0
WC051,Laingsburg,2022,0140,Other revenue,1284296.0
WC051,Laingsburg,2022,0150,Transfers and Subsidies - Operational,21054485.0
WC051,Laingsburg,2022,0200,Suppliers and employees,-6430472.0
WC051,Laingsburg,2022,0310,Capital assets,-7865821.0
WC051,Laingsburg,2022,0420,Cash/cash equivalents at the year begin:,-27658177.0
WC051,Laingsburg,2022,0430,Cash/cash equivalents at the year end:,68481559.0
WC052,Prince Albert,2022,0120,Property rates,495898.0
WC052,Prince Albert,2022,0130,Service charges,29086290.0
WC052,Prince Albert,2022,0140,Other revenue,131351020.0
WC052,Prince Albert,2022,0150,Transfers and Subsidies - Operational,41291606.0
WC052,Prince Albert,2022,0170,Interest,2346875.0
WC052,Prince Albert,2022,0200,Suppliers and employees,-35422730.0
WC052,Prince Albert,2022,0310,Capital assets,-12781438.0
WC052,Prince Albert,2022,0420,Cash/cash equivalents at the year begin:,51936917.0
WC052,Prince Albert,2022,0430,Cash/cash equivalents at the year end:,208304438.0
WC053,Beaufort West,2022,0120,Property rates,37755404.0
WC053,Beaufort West,2022,0130,Service charges,358264500.0
WC053,Beaufort West,2022,0140,Other revenue,52466882.0
WC053,Beaufort West,2022,0150,Transfers and Subsidies - Operational,81983812.0
WC053,Beaufort West,2022,0160,Transfers and Subsidies - Capital,22750879.0
WC053,Beaufort West,2022,0200,Suppliers and employees,-154881797.0
WC053,Beaufort West,2022,0290,Decrease (increase) in non-current investments,-543725.0
WC053,Beaufort West,2022,0310,Capital assets,-17016133.0
WC053,Beaufort West,2022,0390,Repayment of borrowing,-613237.0
WC053,Beaufort West,2022,0420,Cash/cash equivalents at the year begin:,21216500.0
WC053,Beaufort West,2022,0430,Cash/cash equivalents at the year end:,401383085.0
BUF,Buffalo City,2023,0120,Property rates,1502577204.0
BUF,Buffalo City,2023,0130,Service charges,3223821365.0
BUF,Buffalo City,2023,0140,Other revenue,5038218948.0
BUF,Buffalo City,2023,0150,Transfers and Subsidies - Operational,1154816166.0
BUF,Buffalo City,2023,0160,Transfers and Subsidies - Capital,752565236.0
BUF,Buffalo City,2023,0170,Interest,52353290.0
BUF,Buffalo City,2023,0200,Suppliers and employees,-6639961474.0
BUF,Buffalo City,2023,0210,Finance charges,-16580598.0
BUF,Buffalo City,2023,0220,Transfers and Subsidies,-127369915.0
BUF,Buffalo City,2023,0260,Proceeds on disposal of PPE,2430.0
BUF,Buffalo City,2023,0310,Capital assets,-1425946290.0
BUF,Buffalo City,2023,0390,Repayment of borrowing,-49140564.0
BUF,Buffalo City,2023,0420,Cash/cash equivalents at the year begin:,697456815.0
BUF,Buffalo City,2023,0430,Cash/cash equivalents at the year end:,4162812613.0
CPT,Cape Town,2023,0120,Property rates,11245428964.0
CPT,Cape Town,2023,0130,Service charges,24295205441.0
CPT,Cape Town,2023,0140,Other revenue,3182071825.0
CPT,Cape Town,2023,0150,Transfers and Subsidies - Operational,6171453630.0
CPT,Cape Town,2023,0160,Transfers and Subsidies - Capital,1819160139.0
CPT,Cape Town,2023,0200,Suppliers and employees,-44530675772.0
CPT,Cape Town,2023,0260,Proceeds on disposal of PPE,56742911.0
CPT,Cape Town,2023,0280,Decrease (increase) in non-current receivables,3286574.0
CPT,Cape Town,2023,0290,Decrease (increase) in non-current investments,1119700995.0
CPT,Cape Town,2023,0310,Capital assets,-6671739020.0
CPT,Cape Town,2023,0370,Increase (decrease) in consumer deposits,-51003400.0
CPT,Cape Town,2023,0420,Cash/cash equivalents at the year begin:,11097451092.0
CPT,Cape Town,2023,0430,Cash/cash equivalents at the year end:,7737083379.0
DC1,West Coast,2023,0130,Service charges,30124029.0
DC1,West Coast,2023,0140,Other revenue,258317490.0
DC1,West Coast,2023,0150,Transfers and Subsidies - Operational,6248598.0
DC1,West Coast,2023,0170,Interest,23328518.0
DC1,West Coast,2023,0200,Suppliers and employees,-203844653.0
DC1,West Coast,2023,0280,Decrease (increase) in non-current receivables,941706.0
DC1,West Coast,2023,0310,Capital assets,-17491867.0
DC1,West Coast,2023,0390,Repayment of borrowing,-1500000.0
DC1,West Coast,2023,0420,Cash/cash equivalents at the year begin:,328744260.0
DC1,West Coast,2023,0430,Cash/cash equivalents at the year end:,424868081.0
DC10,Sarah Baartman,2023,0140,Other revenue,-53508.0
DC10,Sarah Baartman,2023,0200,Suppliers and employees,-859927.0
DC10,Sarah Baartman,2023,0220,Transfers and Subsidies,1698874.0
DC10,Sarah Baartman,2023,0420,Cash/cash equivalents at the year begin:,217411608.0
DC10,Sarah Baartman,2023,0430,Cash/cash equivalents at the year end:,218197047.0
DC12,Amathole,2023,0130,Service charges,2804857.0
DC12,Amathole,2023,0140,Other revenue,337456074.0
DC12,Amathole,2023,0150,Transfers and Subsidies - Operational,1369485966.0
DC12,Amathole,2023,0160,Transfers and Subsidies - Capital,-10305.0
DC12,Amathole,2023,0200,Suppliers and employees,-657540696.0
DC12,Amathole,2023,0420,Cash/cash equivalents at the year begin:,84849103.0
DC12,Amathole,2023,0430,Cash/cash equivalents at the year end:,1137044999.0
DC13,Chris Hani,2023,0130,Service charges,63919800.0
DC13,Chris Hani,2023,0140,Other revenue,69181711.0
DC13,Chris Hani,2023,0150,Transfers and Subsidies - Operational,674926559.0
DC13,Chris Hani,2023,0160,Transfers and Subsidies - Capital,827558000.0
DC13,Chris Hani,2023,0170,Interest,12929461.0
DC13,Chris Hani,2023,0200,Suppliers and employees,-899946533.0
DC13,Chris Hani,2023,0210,Finance charges,60977.0
DC13,Chris Hani,2023,0220,Transfers and Subsidies,-50290032.0
DC13,Chris Hani,2023,0260,Proceeds on disposal of PPE,3169115.0
DC13,Chris Hani,2023,0310,Capital assets,-13394321.0
DC13,Chris Hani,2023,0420,Cash/cash equivalents at the year begin:,361286128.0
DC13,Chris Hani,2023,0430,Cash/cash equivalents at the year end:,1049400865.0
DC14,Joe Gqabi,2023,0200,Suppliers and employees,-437055656.0
DC14,Joe Gqabi,2023,0290,Decrease (increase) in non-current investments,2053454.0
DC14,Joe Gqabi,2023,0390,Repayment of borrowing,-64866879.0
DC14,Joe Gqabi,2023,0420,Cash/cash equivalents at the year begin:,24931312.0
DC14,Joe Gqabi,2023,0430,Cash/cash equivalents at the year end:,-474937769.0
DC15,O R Tambo,2023,0130,Service charges,189265638.0
DC15,O R Tambo,2023,0140,Other revenue,762371674.0
DC15,O R Tambo,2023,0150,Transfers and Subsidies - Operational,237512619.0
DC15,O R Tambo,2023,0160,Transfers and Subsidies - Capital,829497000.0
DC15,O R Tambo,2023,0170,Interest,38882847.0
DC15,O R Tambo,2023,0200,Suppliers and employees,-2170013075.0
DC15,O R Tambo,2023,0280,Decrease (increase) in non-current receivables,-1630128.0
DC15,O R Tambo,2023,0310,Capital assets,-13675729.0
DC15,O R Tambo,2023,0420,Cash/cash equivalents at the year begin:,383801357.0
DC15,O R Tambo,2023,0430,Cash/cash equivalents at the year end:,256012203.0
DC16,Xhariep,2023,0150,Transfers and Subsidies - Operational,5045933.0
DC16,Xhariep,2023,0200,Suppliers and employees,104375136.0
DC16,Xhariep,2023,0420,Cash/cash equivalents at the year begin:,10370747.0
DC16,Xhariep,2023,0430,Cash/cash equivalents at the year end:,119791816.0
DC18,Lejweleputswa,2023,0140,Other revenue,448608.0
DC18,Lejweleputswa,2023,0150,Transfers and Subsidies - Operational,148118277.0
DC18,Lejweleputswa,2023,0160,Transfers and Subsidies - Capital,4000000.0
DC18,Lejweleputswa,2023,0170,Interest,8321853.0
DC18,Lejweleputswa,2023,0200,Suppliers and employees,-164857861.0
DC18,Lejweleputswa,2023,0260,Proceeds on disposal of PPE,246572.0
DC18,Lejweleputswa,2023,0310,Capital assets,-1605546.0
DC18,Lejweleputswa,2023,0420,Cash/cash equivalents at the year begin:,111525825.0
DC18,Lejweleputswa,2023,0430,Cash/cash equivalents at the year end:,106197728.0
DC19,Thabo Mofutsanyana,2023,0200,Suppliers and employees,-1915062.0
DC19,Thabo Mofutsanyana,2023,0430,Cash/cash equivalents at the year end:,-1915062.0
DC2,Cape Winelands DM,2023,0140,Other revenue,49249069.0
DC2,Cape Winelands DM,2023,0150,Transfers and Subsidies - Operational,101755907.0
DC2,Cape Winelands DM,2023,0170,Interest,53352938.0
DC2,Cape Winelands DM,2023,0200,Suppliers and employees,175540801.0
DC2,Cape Winelands DM,2023,0260,Proceeds on disposal of PPE,63670.0
DC2,Cape Winelands DM,2023,0290,Decrease (increase) in non-current investments,-178000000.0
DC2,Cape Winelands DM,2023,0310,Capital assets,3916016.0
DC2,Cape Winelands DM,2023,0370,Increase (decrease) in consumer deposits,2500.0
DC2,Cape Winelands DM,2023,0420,Cash/cash equivalents at the year begin:,790328780.0
DC2,Cape Winelands DM,2023,0430,Cash/cash equivalents at the year end:,996209681.0
DC20,Fezile Dabi,2023,0140,Other revenue,127795341.0
DC20,Fezile Dabi,2023,0150,Transfers and Subsidies - Operational,47169792.0
DC20,Fezile Dabi,2023,0160,Transfers and Subsidies - Capital,2341000.0
DC20,Fezile Dabi,2023,0170,Interest,401216.0
DC20,Fezile Dabi,2023,0200,Suppliers and employees,-16903718.0
DC20,Fezile Dabi,2023,0310,Capital assets,-771214.0
DC20,Fezile Dabi,2023,0390,Repayment of borrowing,-174934.0
DC20,Fezile Dabi,2023,0420,Cash/cash equivalents at the year begin:,84598750.0
DC20,Fezile Dabi,2023,0430,Cash/cash equivalents at the year end:,244456233.0
DC21,Ugu,2023,0130,Service charges,2797025144.0
DC21,Ugu,2023,0140,Other revenue,-781210.0
DC21,Ugu,2023,0150,Transfers and Subsidies - Operational,6802177198.0
DC21,Ugu,2023,0160,Transfers and Subsidies - Capital,339251990.0
DC21,Ugu,2023,0170,Interest,8986586.0
DC21,Ugu,2023,0200,Suppliers and employees,-2610972.0
DC21,Ugu,2023,0280,Decrease (increase) in non-current receivables,-6932325.0
DC21,Ugu,2023,0290,Decrease (increase) in non-current investments,-100.0
DC21,Ugu,2023,0310,Capital assets,-602958705.0
DC21,Ugu,2023,0420,Cash/cash equivalents at the year begin:,299614286.0
DC21,Ugu,2023,0430,Cash/cash equivalents at the year end:,9633771892.0
DC22,uMgungundlovu,2023,0130,Service charges,1590817.0
DC22,uMgungundlovu,2023,0140,Other revenue,239766.0
DC22,uMgungundlovu,2023,0150,Transfers and Subsidies - Operational,180000000.0
DC22,uMgungundlovu,2023,0170,Interest,4671676.0
DC22,uMgungundlovu,2023,0200,Suppliers and employees,-356588440.0
DC22,uMgungundlovu,2023,0210,Finance charges,-18771274.0
DC22,uMgungundlovu,2023,0370,Increase (decrease) in consumer deposits,-575194.0
DC22,uMgungundlovu,2023,0390,Repayment of borrowing,-27851262.0
DC22,uMgungundlovu,2023,0420,Cash/cash equivalents at the year begin:,233130328.0
DC22,uMgungundlovu,2023,0430,Cash/cash equivalents at the year end:,15846417.0
DC23,Uthukela,2023,0130,Service charges,129653525.0
DC23,Uthukela,2023,0140,Other revenue,39809405.0
DC23,Uthukela,2023,0150,Transfers and Subsidies - Operational,533343010.0
DC23,Uthukela,2023,0160,Transfers and Subsidies - Capital,252284000.0
DC23,Uthukela,2023,0170,Interest,6611951.0
DC23,Uthukela,2023,0200,Suppliers and employees,-163712509.0
DC23,Uthukela,2023,0310,Capital assets,-193232278.0
DC23,Uthukela,2023,0420,Cash/cash equivalents at the year begin:,14369597.0
DC23,Uthukela,2023,0430,Cash/cash equivalents at the year end:,619126701.0
DC24,Umzinyathi,2023,0130,Service charges,92838868.0
DC24,Umzinyathi,2023,0140,Other revenue,50792.0
DC24,Umzinyathi,2023,0150,Transfers and Subsidies - Operational,6848605426.0
DC24,Umzinyathi,2023,0170,Interest,3844576.0
DC24,Umzinyathi,2023,0200,Suppliers and employees,330099718.0
DC24,Umzinyathi,2023,0310,Capital assets,-7658.0
DC24,Umzinyathi,2023,0420,Cash/cash equivalents at the year begin:,57074793.0
DC24,Umzinyathi,2023,0430,Cash/cash equivalents at the year end:,7332506515.0
DC25,Amajuba,2023,0130,Service charges,81161.0
DC25,Amajuba,2023,0140,Other revenue,45079.0
DC25,Amajuba,2023,0150,Transfers and Subsidies - Operational,164832262.0
DC25,Amajuba,2023,0170,Interest,2712935.0
DC25,Amajuba,2023,0200,Suppliers and employees,-363834620.0
DC25,Amajuba,2023,0390,Repayment of borrowing,-1838111.0
DC25,Amajuba,2023,0420,Cash/cash equivalents at the year begin:,38969954.0
DC25,Amajuba,2023,0430,Cash/cash equivalents at the year end:,-159031340.0
DC26,Zululand,2023,0130,Service charges,26948958.0
DC26,Zululand,2023,0140,Other revenue,1387130265.0
DC26,Zululand,2023,0150,Transfers and Subsidies - Operational,661837921.0
DC26,Zululand,2023,0160,Transfers and Subsidies - Capital,610306000.0
DC26,Zululand,2023,0170,Interest,3937318.0
DC26,Zululand,2023,0200,Suppliers and employees,-818321328.0
DC26,Zululand,2023,0310,Capital assets,-496167698.0
DC26,Zululand,2023,0390,Repayment of borrowing,-1090287.0
DC26,Zululand,2023,0420,Cash/cash equivalents at the year begin:,20468193.0
DC26,Zululand,2023,0430,Cash/cash equivalents at the year end:,1395049342.0
DC27,Umkhanyakude,2023,0130,Service charges,24987015.0
DC27,Umkhanyakude,2023,0140,Other revenue,65138473.0
DC27,Umkhanyakude,2023,0150,Transfers and Subsidies - Operational,520139904.0
DC27,Umkhanyakude,2023,0160,Transfers and Subsidies - Capital,180848000.0
DC27,Umkhanyakude,2023,0170,Interest,1907761.0
DC27,Umkhanyakude,2023,0200,Suppliers and employees,-585178517.0
DC27,Umkhanyakude,2023,0430,Cash/cash equivalents at the year end:,207842636.0
DC28,King Cetshwayo,2023,0130,Service charges,134384837.0
DC28,King Cetshwayo,2023,0140,Other revenue,835539965.0
DC28,King Cetshwayo,2023,0150,Transfers and Subsidies - Operational,400732000.0
DC28,King Cetshwayo,2023,0160,Transfers and Subsidies - Capital,487112000.0
DC28,King Cetshwayo,2023,0170,Interest,23688488.0
DC28,King Cetshwayo,2023,0200,Suppliers and employees,-1626602812.0
DC28,King Cetshwayo,2023,0280,Decrease (increase) in non-current receivables,-20920.0
DC28,King Cetshwayo,2023,0310,Capital assets,-403577611.0
DC28,King Cetshwayo,2023,0390,Repayment of borrowing,6285649.0
DC28,King Cetshwayo,2023,0420,Cash/cash equivalents at the year begin:,371982516.0
DC28,King Cetshwayo,2023,0430,Cash/cash equivalents at the year end:,229524112.0
DC29,iLembe,2023,0130,Service charges,242357355.0
DC29,iLembe,2023,0140,Other revenue,116908513.0
DC29,iLembe,2023,0150,Transfers and Subsidies - Operational,811486513.0
DC29,iLembe,2023,0160,Transfers and Subsidies - Capital,298360123.0
DC29,iLembe,2023,0170,Interest,24497574.0
DC29,iLembe,2023,0180,Dividends,40276716.0
DC29,iLembe,2023,0200,Suppliers and employees,-1154678917.0
DC29,iLembe,2023,0210,Finance charges,-2388768.0
DC29,iLembe,2023,0310,Capital assets,-296873789.0
DC29,iLembe,2023,0390,Repayment of borrowing,-96993705.0
DC29,iLembe,2023,0420,Cash/cash equivalents at the year begin:,207254754.0
DC29,iLembe,2023,0430,Cash/cash equivalents at the year end:,190206369.0
DC3,Overberg,2023,0130,Service charges,56793.0
DC3,Overberg,2023,0140,Other revenue,-218158.0
DC3,Overberg,2023,0150,Transfers and Subsidies - Operational,33907313.0
DC3,Overberg,2023,0200,Suppliers and employees,-98700708.0
DC3,Overberg,2023,0280,Decrease (increase) in non-current receivables,1963000.0
DC3,Overberg,2023,0310,Capital assets,-5714252.0
DC3,Overberg,2023,0420,Cash/cash equivalents at the year begin:,8629469.0
DC3,Overberg,2023,0430,Cash/cash equivalents at the year end:,-60076543.0
DC30,Gert Sibande,2023,0130,Service charges,934095.0
DC30,Gert Sibande,2023,0140,Other revenue,14819856.0
DC30,Gert Sibande,2023,0150,Transfers and Subsidies - Operational,336199271.0
DC30,Gert Sibande,2023,0160,Transfers and Subsidies - Capital,42624855.0
DC30,Gert Sibande,2023,0170,Interest,2123294.0
DC30,Gert Sibande,2023,0200,Suppliers and employees,-117167300.0
DC30,Gert Sibande,2023,0420,Cash/cash equivalents at the year begin:,255950957.0
DC30,Gert Sibande,2023,0430,Cash/cash equivalents at the year end:,535485028.0
DC31,Nkangala,2023,0140,Other revenue,605626.0
DC31,Nkangala,2023,0150,Transfers and Subsidies - Operational,390625878.0
DC31,Nkangala,2023,0170,Interest,8919295.0
DC31,Nkangala,2023,0200,Suppliers and employees,-89287051.0
DC31,Nkangala,2023,0290,Decrease (increase) in non-current investments,-4440000.0
DC31,Nkangala,2023,0310,Capital assets,-34893806.0
DC31,Nkangala,2023,0420,Cash/cash equivalents at the year begin:,230341254.0
DC31,Nkangala,2023,0430,Cash/cash equivalents at the year end:,501871196.0
DC32,Ehlanzeni,2023,0140,Other revenue,1655902884.0
DC32,Ehlanzeni,2023,0150,Transfers and Subsidies - Operational,83056182.0
DC32,Ehlanzeni,2023,0160,Transfers and Subsidies - Capital,53094180.0
DC32,Ehlanzeni,2023,0170,Interest,8735146.0
DC32,Ehlanzeni,2023,0180,Dividends,165053.0
DC32,Ehlanzeni,2023,0200,Suppliers and employees,-430947704.0
DC32,Ehlanzeni,2023,0220,Transfers and Subsidies,-7505.0
DC32,Ehlanzeni,2023,0280,Decrease (increase) in non-current receivables,-8012720.0
DC32,Ehlanzeni,2023,0290,Decrease (increase) in non-current investments,-384818.0
DC32,Ehlanzeni,2023,0310,Capital assets,-7118714.0
DC32,Ehlanzeni,2023,0390,Repayment of borrowing,-9749478.0
DC32,Ehlanzeni,2023,0420,Cash/cash equivalents at the year begin:,77958326.0
DC32,Ehlanzeni,2023,0430,Cash/cash equivalents at the year end:,1422690832.0
DC33,Mopani,2023,0140,Other revenue,11931638.0
DC33,Mopani,2023,0150,Transfers and Subsidies - Operational,1162251220.0
DC33,Mopani,2023,0160,Transfers and Subsidies - Capital,630335672.0
DC33,Mopani,2023,0170,Interest,2410985.0
DC33,Mopani,2023,0200,Suppliers and employees,-535212704.0
DC33,Mopani,2023,0310,Capital assets,-607644397.0
DC33,Mopani,2023,0420,Cash/cash equivalents at the year begin:,27549816.0
DC33,Mopani,2023,0430,Cash/cash equivalents at the year end:,691622230.0
DC34,Vhembe,2023,0130,Service charges,17679829.0
DC34,Vhembe,2023,0140,Other revenue,-2136604.0
DC34,Vhembe,2023,0150,Transfers and Subsidies - Operational,1736432410.0
DC34,Vhembe,2023,0160,Transfers and Subsidies - Capital,1005699025.0
DC34,Vhembe,2023,0170,Interest,28601531.0
DC34,Vhembe,2023,0200,Suppliers and employees,-635079859.0
DC34,Vhembe,2023,0310,Capital assets,-723157366.0
DC34,Vhembe,2023,0420,Cash/cash equivalents at the year begin:,131893382.0
DC34,Vhembe,2023,0430,Cash/cash equivalents at the year end:,1559932348.0
DC35,Capricorn,2023,0140,Other revenue,98098353.0
DC35,Capricorn,2023,0150,Transfers and Subsidies - Operational,735350219.0
DC35,Capricorn,2023,0160,Transfers and Subsidies - Capital,411738000.0
DC35,Capricorn,2023,0170,Interest,49039395.0
DC35,Capricorn,2023,0200,Suppliers and employees,-777700599.0
DC35,Capricorn,2023,0310,Capital assets,-475182760.0
DC35,Capricorn,2023,0390,Repayment of borrowing,-30235.0
DC35,Capricorn,2023,0420,Cash/cash equivalents at the year begin:,427265913.0
DC35,Capricorn,2023,0430,Cash/cash equivalents at the year end:,468578286.0
DC36,Waterberg,2023,0140,Other revenue,2631309.0
DC36,Waterberg,2023,0150,Transfers and Subsidies - Operational,147510952.0
DC36,Waterberg,2023,0170,Interest,2921851.0
DC36,Waterberg,2023,0200,Suppliers and employees,-165506265.0
DC36,Waterberg,2023,0310,Capital assets,-323865.0
DC36,Waterberg,2023,0420,Cash/cash equivalents at the year begin:,28113214.0
DC36,Waterberg,2023,0430,Cash/cash equivalents at the year end:,15347196.0
DC38,Ngaka Modiri Molema,2023,0140,Other revenue,66837.0
DC38,Ngaka Modiri Molema,2023,0200,Suppliers and employees,-1256529.0
DC38,Ngaka Modiri Molema,2023,0290,Decrease (increase) in non-current investments,-346478.0
DC38,Ngaka Modiri Molema,2023,0420,Cash/cash equivalents at the year begin:,152549929.0
DC38,Ngaka Modiri Molema,2023,0430,Cash/cash equivalents at the year end:,151013759.0
DC4,Garden Route,2023,0140,Other revenue,-204127237.0
DC4,Garden Route,2023,0150,Transfers and Subsidies - Operational,339195719.0
DC4,Garden Route,2023,0160,Transfers and Subsidies - Capital,6600015.0
DC4,Garden Route,2023,0170,Interest,2294895.0
DC4,Garden Route,2023,0200,Suppliers and employees,-130283819.0
DC4,Garden Route,2023,0280,Decrease (increase) in non-current receivables,2676100.0
DC4,Garden Route,2023,0310,Capital assets,-26835857.0
DC4,Garden Route,2023,0420,Cash/cash equivalents at the year begin:,92022282.0
DC4,Garden Route,2023,0430,Cash/cash equivalents at the year end:,81542098.0
DC40,Dr Kenneth Kaunda,2023,0140,Other revenue,508299862.0
DC40,Dr Kenneth Kaunda,2023,0150,Transfers and Subsidies - Operational,-114975000.0
DC40,Dr Kenneth Kaunda,2023,0160,Transfers and Subsidies - Capital,2632000.0
DC40,Dr Kenneth Kaunda,2023,0170,Interest,2080410.0
DC40,Dr Kenneth Kaunda,2023,0180,Dividends,839.0
DC40,Dr Kenneth Kaunda,2023,0200,Suppliers and employees,-207729018.0
DC40,Dr Kenneth Kaunda,2023,0310,Capital assets,-21390561.0
DC40,Dr Kenneth Kaunda,2023,0420,Cash/cash equivalents at the year begin:,103437430.0
DC40,Dr Kenneth Kaunda,2023,0430,Cash/cash equivalents at the year end:,272355962.0
DC42,Sedibeng,2023,0140,Other revenue,626949242.0
DC42,Sedibeng,2023,0150,Transfers and Subsidies - Operational,100048809.0
DC42,Sedibeng,2023,0170,Interest,3534146.0
DC42,Sedibeng,2023,0200,Suppliers and employees,-640601936.0
DC42,Sedibeng,2023,0310,Capital assets,-1540224.0
DC42,Sedibeng,2023,0420,Cash/cash equivalents at the year begin:,18428535.0
DC42,Sedibeng,2023,0430,Cash/cash equivalents at the year end:,106818572.0
DC43,Harry Gwala,2023,0120,Property rates,17600.0
DC43,Harry Gwala,2023,0130,Service charges,51062388.0
DC43,Harry Gwala,2023,0140,Other revenue,1823061124.0
DC43,Harry Gwala,2023,0150,Transfers and Subsidies - Operational,128367000.0
DC43,Harry Gwala,2023,0160,Transfers and Subsidies - Capital,316011000.0
DC43,Harry Gwala,2023,0170,Interest,10858249.0
DC43,Harry Gwala,2023,0200,Suppliers and employees,-804900384.0
DC43,Harry Gwala,2023,0310,Capital assets,-268842737.0
DC43,Harry Gwala,2023,0420,Cash/cash equivalents at the year begin:,50226250.0
DC43,Harry Gwala,2023,0430,Cash/cash equivalents at the year end:,1305860490.0
DC44,Alfred Nzo,2023,0130,Service charges,16122516.0
DC44,Alfred Nzo,2023,0140,Other revenue,1704840.0
DC44,Alfred Nzo,2023,0150,Transfers and Subsidies - Operational,729759429.0
DC44,Alfred Nzo,2023,0160,Transfers and Subsidies - Capital,571057752.0
DC44,Alfred Nzo,2023,0170,Interest,52240470.0
DC44,Alfred Nzo,2023,0200,Suppliers and employees,-639987803.0
DC44,Alfred Nzo,2023,0280,Decrease (increase) in non-current receivables,-163110.0
DC44,Alfred Nzo,2023,0290,Decrease (increase) in non-current investments,-703500.0
DC44,Alfred Nzo,2023,0310,Capital assets,-544932140.0
DC44,Alfred Nzo,2023,0420,Cash/cash equivalents at the year begin:,967675814.0
DC44,Alfred Nzo,2023,0430,Cash/cash equivalents at the year end:,1152774268.0
DC45,John Taolo Gaetsewe,2023,0140,Other revenue,653643.0
DC45,John Taolo Gaetsewe,2023,0150,Transfers and Subsidies - Operational,128329960.0
DC45,John Taolo Gaetsewe,2023,0170,Interest,6731745.0
DC45,John Taolo Gaetsewe,2023,0200,Suppliers and employees,-11606607.0
DC45,John Taolo Gaetsewe,2023,0220,Transfers and Subsidies,-866256.0
DC45,John Taolo Gaetsewe,2023,0390,Repayment of borrowing,-437950.0
DC45,John Taolo Gaetsewe,2023,0420,Cash/cash equivalents at the year begin:,89076.0
DC45,John Taolo Gaetsewe,2023,0430,Cash/cash equivalents at the year end:,122893611.0
DC47,Sekhukhune,2023,0130,Service charges,42048312.0
DC47,Sekhukhune,2023,0140,Other revenue,779298675.0
DC47,Sekhukhune,2023,0150,Transfers and Subsidies - Operational,333903905.0
DC47,Sekhukhune,2023,0160,Transfers and Subsidies - Capital,496451000.0
DC47,Sekhukhune,2023,0170,Interest,54256659.0
DC47,Sekhukhune,2023,0200,Suppliers and employees,-1648670340.0
DC47,Sekhukhune,2023,0310,Capital assets,-260991862.0
DC47,Sekhukhune,2023,0420,Cash/cash equivalents at the year begin:,398158928.0
DC47,Sekhukhune,2023,0430,Cash/cash equivalents at the year end:,194455277.0
DC48,West Rand,2023,0140,Other revenue,5075112.0
DC48,West Rand,2023,0150,Transfers and Subsidies - Operational,516336531.0
DC48,West Rand,2023,0160,Transfers and Subsidies - Capital,92774478.0
DC48,West Rand,2023,0200,Suppliers and employees,-55841813.0
DC48,West Rand,2023,0260,Proceeds on disposal of PPE,49680.0
DC48,West Rand,2023,0310,Capital assets,-1186188.0
DC48,West Rand,2023,0420,Cash/cash equivalents at the year begin:,2640487.0
DC48,West Rand,2023,0430,Cash/cash equivalents at the year end:,559848287.0
DC5,Central Karoo,2023,0140,Other revenue,460335501.0
DC5,Central Karoo,2023,0150,Transfers and Subsidies - Operational,300682588.0
DC5,Central Karoo,2023,0160,Transfers and Subsidies - Capital,1750000.0
DC5,Central Karoo,2023,0200,Suppliers and employees,-120464438.0
DC5,Central Karoo,2023,0260,Proceeds on disposal of PPE,3724.0
DC5,Central Karoo,2023,0310,Capital assets,-1060226.0
DC5,Central Karoo,2023,0420,Cash/cash equivalents at the year begin:,12928806.0
DC5,Central Karoo,2023,0430,Cash/cash equivalents at the year end:,654175955.0
DC6,Namakwa,2023,0140,Other revenue,101692662.0
DC6,Namakwa,2023,0150,Transfers and Subsidies - Operational,24835478.0
DC6,Namakwa,2023,0160,Transfers and Subsidies - Capital,217000.0
DC6,Namakwa,2023,0170,Interest,585298.0
DC6,Namakwa,2023,0200,Suppliers and employees,-98765088.0
DC6,Namakwa,2023,0310,Capital assets,-1465550.0
DC6,Namakwa,2023,0360,Borrowing long term/refinancing,332413.0
DC6,Namakwa,2023,0420,Cash/cash equivalents at the year begin:,9145437.0
DC6,Namakwa,2023,0430,Cash/cash equivalents at the year end:,36577650.0
DC7,Pixley Ka Seme (NC),2023,0140,Other revenue,236408.0
DC7,Pixley Ka Seme (NC),2023,0150,Transfers and Subsidies - Operational,65432283.0
DC7,Pixley Ka Seme (NC),2023,0200,Suppliers and employees,-18740381.0
DC7,Pixley Ka Seme (NC),2023,0280,Decrease (increase) in non-current receivables,-2843290.0
DC7,Pixley Ka Seme (NC),2023,0310,Capital assets,-383036.0
DC7,Pixley Ka Seme (NC),2023,0420,Cash/cash equivalents at the year begin:,2201043.0
DC7,Pixley Ka Seme (NC),2023,0430,Cash/cash equivalents at the year end:,45903027.0
DC8,Z F Mgcawu,2023,0140,Other revenue,279630.0
DC8,Z F Mgcawu,2023,0150,Transfers and Subsidies - Operational,83972293.0
DC8,Z F Mgcawu,2023,0160,Transfers and Subsidies - Capital,79000.0
DC8,Z F Mgcawu,2023,0200,Suppliers and employees,-12120372.0
DC8,Z F Mgcawu,2023,0280,Decrease (increase) in non-current receivables,14652.0
DC8,Z F Mgcawu,2023,0290,Decrease (increase) in non-current investments,-558338.0
DC8,Z F Mgcawu,2023,0310,Capital assets,-1486725.0
DC8,Z F Mgcawu,2023,0420,Cash/cash equivalents at the year begin:,2126402.0
DC8,Z F Mgcawu,2023,0430,Cash/cash equivalents at the year end:,72306542.0
DC9,Frances Baard,2023,0140,Other revenue,9533.0
DC9,Frances Baard,2023,0170,Interest,2439509.0
DC9,Frances Baard,2023,0200,Suppliers and employees,-128548334.0
DC9,Frances Baard,2023,0280,Decrease (increase) in non-current receivables,283000.0
DC9,Frances Baard,2023,0420,Cash/cash equivalents at the year begin:,112929504.0
DC9,Frances Baard,2023,0430,Cash/cash equivalents at the year end:,-12886788.0
EC101,Dr Beyers Naude,2023,0120,Property rates,20089806.0
EC101,Dr Beyers Naude,2023,0130,Service charges,133234044.0
EC101,Dr Beyers Naude,2023,0140,Other revenue,19736345.0
EC101,Dr Beyers Naude,2023,0150,Transfers and Subsidies - Operational,102997916.0
EC101,Dr Beyers Naude,2023,0160,Transfers and Subsidies - Capital,104449207.0
EC101,Dr Beyers Naude,2023,0170,Interest,329276.0
EC101,Dr Beyers Naude,2023,0200,Suppliers and employees,-261199521.0
EC101,Dr Beyers Naude,2023,0310,Capital assets,-14429153.0
EC101,Dr Beyers Naude,2023,0420,Cash/cash equivalents at the year begin:,4144367.0
EC101,Dr Beyers Naude,2023,0430,Cash/cash equivalents at the year end:,109352287.0
EC104,Makana,2023,0120,Property rates,905892.0
EC104,Makana,2023,0130,Service charges,38086981.0
EC104,Makana,2023,0140,Other revenue,12936224.0
EC104,Makana,2023,0150,Transfers and Subsidies - Operational,145903042.0
EC104,Makana,2023,0200,Suppliers and employees,-198066950.0
EC104,Makana,2023,0310,Capital assets,-33463790.0
EC104,Makana,2023,0420,Cash/cash equivalents at the year begin:,48296188.0
EC104,Makana,2023,0430,Cash/cash equivalents at the year end:,14597587.0
EC105,Ndlambe,2023,0120,Property rates,140966795.0
EC105,Ndlambe,2023,0130,Service charges,158469707.0
EC105,Ndlambe,2023,0140,Other revenue,61383386.0
EC105,Ndlambe,2023,0150,Transfers and Subsidies - Operational,170840501.0
EC105,Ndlambe,2023,0160,Transfers and Subsidies - Capital,138630182.0
EC105,Ndlambe,2023,0170,Interest,7567156.0
EC105,Ndlambe,2023,0200,Suppliers and employees,-631604701.0
EC105,Ndlambe,2023,0210,Finance charges,-417459.0
EC105,Ndlambe,2023,0220,Transfers and Subsidies,-39561428.0
EC105,Ndlambe,2023,0260,Proceeds on disposal of PPE,95000.0
EC105,Ndlambe,2023,0290,Decrease (increase) in non-current investments,-1910.0
EC105,Ndlambe,2023,0310,Capital assets,-159139368.0
EC105,Ndlambe,2023,0370,Increase (decrease) in consumer deposits,90491.0
EC105,Ndlambe,2023,0390,Repayment of borrowing,-1144768.0
EC105,Ndlambe,2023,0420,Cash/cash equivalents at the year begin:,77785503.0
EC105,Ndlambe,2023,0430,Cash/cash equivalents at the year end:,-76040913.0
EC106,Sundays River Valley,2023,0120,Property rates,25543984.0
EC106,Sundays River Valley,2023,0130,Service charges,9781299.0
EC106,Sundays River Valley,2023,0140,Other revenue,11189737.0
EC106,Sundays River Valley,2023,0150,Transfers and Subsidies - Operational,-89634655.0
EC106,Sundays River Valley,2023,0160,Transfers and Subsidies - Capital,39495808.0
EC106,Sundays River Valley,2023,0170,Interest,1004821.0
EC106,Sundays River Valley,2023,0200,Suppliers and employees,84501114.0
EC106,Sundays River Valley,2023,0310,Capital assets,-65154218.0
EC106,Sundays River Valley,2023,0390,Repayment of borrowing,-314890.0
EC106,Sundays River Valley,2023,0420,Cash/cash equivalents at the year begin:,4903094.0
EC106,Sundays River Valley,2023,0430,Cash/cash equivalents at the year end:,21316094.0
EC108,Kouga,2023,0120,Property rates,87932325.0
EC108,Kouga,2023,0130,Service charges,237048526.0
EC108,Kouga,2023,0140,Other revenue,25426205.0
EC108,Kouga,2023,0150,Transfers and Subsidies - Operational,166621923.0
EC108,Kouga,2023,0160,Transfers and Subsidies - Capital,79950938.0
EC108,Kouga,2023,0200,Suppliers and employees,667590078.0
EC108,Kouga,2023,0310,Capital assets,-71168543.0
EC108,Kouga,2023,0390,Repayment of borrowing,-10581522.0
EC108,Kouga,2023,0420,Cash/cash equivalents at the year begin:,27850560.0
EC108,Kouga,2023,0430,Cash/cash equivalents at the year end:,1210670490.0
EC109,Kou-Kamma,2023,0120,Property rates,16518840.0
EC109,Kou-Kamma,2023,0130,Service charges,8856131.0
EC109,Kou-Kamma,2023,0140,Other revenue,516724.0
EC109,Kou-Kamma,2023,0150,Transfers and Subsidies - Operational,88884800.0
EC109,Kou-Kamma,2023,0160,Transfers and Subsidies - Capital,27994389.0
EC109,Kou-Kamma,2023,0170,Interest,61210.0
EC109,Kou-Kamma,2023,0200,Suppliers and employees,-137328397.0
EC109,Kou-Kamma,2023,0220,Transfers and Subsidies,952010.0
EC109,Kou-Kamma,2023,0420,Cash/cash equivalents at the year begin:,-79089564.0
EC109,Kou-Kamma,2023,0430,Cash/cash equivalents at the year end:,-72633857.0
EC121,Mbhashe,2023,0120,Property rates,17901.0
EC121,Mbhashe,2023,0130,Service charges,9557.0
EC121,Mbhashe,2023,0140,Other revenue,2191824.0
EC121,Mbhashe,2023,0150,Transfers and Subsidies - Operational,-6434345.0
EC121,Mbhashe,2023,0160,Transfers and Subsidies - Capital,24390293.0
EC121,Mbhashe,2023,0170,Interest,11072618.0
EC121,Mbhashe,2023,0200,Suppliers and employees,657166.0
EC121,Mbhashe,2023,0420,Cash/cash equivalents at the year begin:,21395866.0
EC121,Mbhashe,2023,0430,Cash/cash equivalents at the year end:,53300880.0
EC122,Mnquma,2023,0120,Property rates,345956066.0
EC122,Mnquma,2023,0130,Service charges,13700217.0
EC122,Mnquma,2023,0140,Other revenue,192012403.0
EC122,Mnquma,2023,0150,Transfers and Subsidies - Operational,1892845356.0
EC122,Mnquma,2023,0160,Transfers and Subsidies - Capital,624492193.0
EC122,Mnquma,2023,0200,Suppliers and employees,-401437444.0
EC122,Mnquma,2023,0260,Proceeds on disposal of PPE,853.0
EC122,Mnquma,2023,0280,Decrease (increase) in non-current receivables,48000.0
EC122,Mnquma,2023,0310,Capital assets,-51979688.0
EC122,Mnquma,2023,0420,Cash/cash equivalents at the year begin:,160435016.0
EC122,Mnquma,2023,0430,Cash/cash equivalents at the year end:,2776072972.0
EC123,Great Kei,2023,0120,Property rates,147994290.0
EC123,Great Kei,2023,0130,Service charges,142982173.0
EC123,Great Kei,2023,0160,Transfers and Subsidies - Capital,-82299181.0
EC123,Great Kei,2023,0200,Suppliers and employees,-142669585.0
EC123,Great Kei,2023,0310,Capital assets,-10806759.0
EC123,Great Kei,2023,0420,Cash/cash equivalents at the year begin:,16609806.0
EC123,Great Kei,2023,0430,Cash/cash equivalents at the year end:,71810744.0
EC124,Amahlathi,2023,0120,Property rates,1262156.0
EC124,Amahlathi,2023,0130,Service charges,2266193.0
EC124,Amahlathi,2023,0140,Other revenue,680965.0
EC124,Amahlathi,2023,0150,Transfers and Subsidies - Operational,73934077.0
EC124,Amahlathi,2023,0170,Interest,1756094.0
EC124,Amahlathi,2023,0200,Suppliers and employees,-10704000.0
EC124,Amahlathi,2023,0220,Transfers and Subsidies,-233712.0
EC124,Amahlathi,2023,0420,Cash/cash equivalents at the year begin:,1558575.0
EC124,Amahlathi,2023,0430,Cash/cash equivalents at the year end:,70520348.0
EC126,Ngqushwa,2023,0120,Property rates,2097495.0
EC126,Ngqushwa,2023,0130,Service charges,246534.0
EC126,Ngqushwa,2023,0140,Other revenue,2593393.0
EC126,Ngqushwa,2023,0150,Transfers and Subsidies - Operational,12400000.0
EC126,Ngqushwa,2023,0170,Interest,1350691.0
EC126,Ngqushwa,2023,0200,Suppliers and employees,405211.0
EC126,Ngqushwa,2023,0430,Cash/cash equivalents at the year end:,19093324.0
EC129,Raymond Mhlaba,2023,0120,Property rates,40682.0
EC129,Raymond Mhlaba,2023,0130,Service charges,141937.0
EC129,Raymond Mhlaba,2023,0140,Other revenue,9543308.0
EC129,Raymond Mhlaba,2023,0150,Transfers and Subsidies - Operational,-29360289.0
EC129,Raymond Mhlaba,2023,0160,Transfers and Subsidies - Capital,19777000.0
EC129,Raymond Mhlaba,2023,0200,Suppliers and employees,-236041160.0
EC129,Raymond Mhlaba,2023,0420,Cash/cash equivalents at the year begin:,-3664171.0
EC129,Raymond Mhlaba,2023,0430,Cash/cash equivalents at the year end:,-239562693.0
EC131,Inxuba Yethemba,2023,0120,Property rates,32385432.0
EC131,Inxuba Yethemba,2023,0130,Service charges,91508914.0
EC131,Inxuba Yethemba,2023,0140,Other revenue,14996274.0
EC131,Inxuba Yethemba,2023,0150,Transfers and Subsidies - Operational,61592225.0
EC131,Inxuba Yethemba,2023,0160,Transfers and Subsidies - Capital,10510566.0
EC131,Inxuba Yethemba,2023,0200,Suppliers and employees,-223946271.0
EC131,Inxuba Yethemba,2023,0310,Capital assets,-22986000.0
EC131,Inxuba Yethemba,2023,0420,Cash/cash equivalents at the year begin:,1523589.0
EC131,Inxuba Yethemba,2023,0430,Cash/cash equivalents at the year end:,-34415271.0
EC135,Vuyisile Mini,2023,0120,Property rates,358531.0
EC135,Vuyisile Mini,2023,0130,Service charges,140816.0
EC135,Vuyisile Mini,2023,0140,Other revenue,1107044.0
EC135,Vuyisile Mini,2023,0150,Transfers and Subsidies - Operational,7155567.0
EC135,Vuyisile Mini,2023,0160,Transfers and Subsidies - Capital,-6288393.0
EC135,Vuyisile Mini,2023,0200,Suppliers and employees,2129968.0
EC135,Vuyisile Mini,2023,0420,Cash/cash equivalents at the year begin:,240.0
EC135,Vuyisile Mini,2023,0430,Cash/cash equivalents at the year end:,4603773.0
EC136,Emalahleni (EC),2023,0120,Property rates,51085728.0
EC136,Emalahleni (EC),2023,0130,Service charges,104865656.0
EC136,Emalahleni (EC),2023,0140,Other revenue,25887899.0
EC136,Emalahleni (EC),2023,0150,Transfers and Subsidies - Operational,981629829.0
EC136,Emalahleni (EC),2023,0160,Transfers and Subsidies - Capital,436321200.0
EC136,Emalahleni (EC),2023,0200,Suppliers and employees,-114401552.0
EC136,Emalahleni (EC),2023,0260,Proceeds on disposal of PPE,81125.0
EC136,Emalahleni (EC),2023,0310,Capital assets,-60534927.0
EC136,Emalahleni (EC),2023,0420,Cash/cash equivalents at the year begin:,76073396.0
EC136,Emalahleni (EC),2023,0430,Cash/cash equivalents at the year end:,1501008354.0
EC137,Dr. A.B. Xuma,2023,0120,Property rates,2168688.0
EC137,Dr. A.B. Xuma,2023,0130,Service charges,792641.0
EC137,Dr. A.B. Xuma,2023,0140,Other revenue,4051725.0
EC137,Dr. A.B. Xuma,2023,0150,Transfers and Subsidies - Operational,163827926.0
EC137,Dr. A.B. Xuma,2023,0160,Transfers and Subsidies - Capital,22226122.0
EC137,Dr. A.B. Xuma,2023,0200,Suppliers and employees,-189944359.0
EC137,Dr. A.B. Xuma,2023,0310,Capital assets,-118616419.0
EC137,Dr. A.B. Xuma,2023,0420,Cash/cash equivalents at the year begin:,94370134.0
EC137,Dr. A.B. Xuma,2023,0430,Cash/cash equivalents at the year end:,-21123542.0
EC138,Sakhisizwe,2023,0120,Property rates,20451879.0
EC138,Sakhisizwe,2023,0130,Service charges,77981037.0
EC138,Sakhisizwe,2023,0140,Other revenue,12917638.0
EC138,Sakhisizwe,2023,0150,Transfers and Subsidies - Operational,503288536.0
EC138,Sakhisizwe,2023,0160,Transfers and Subsidies - Capital,291775998.0
EC138,Sakhisizwe,2023,0200,Suppliers and employees,-46365909.0
EC138,Sakhisizwe,2023,0260,Proceeds on disposal of PPE,6098334.0
EC138,Sakhisizwe,2023,0310,Capital assets,-6650376.0
EC138,Sakhisizwe,2023,0420,Cash/cash equivalents at the year begin:,10138803.0
EC138,Sakhisizwe,2023,0430,Cash/cash equivalents at the year end:,869635940.0
EC139,Enoch Mgijima,2023,0120,Property rates,66957924.0
EC139,Enoch Mgijima,2023,0130,Service charges,253350264.0
EC139,Enoch Mgijima,2023,0140,Other revenue,832326506.0
EC139,Enoch Mgijima,2023,0150,Transfers and Subsidies - Operational,72042219.0
EC139,Enoch Mgijima,2023,0160,Transfers and Subsidies - Capital,103781117.0
EC139,Enoch Mgijima,2023,0170,Interest,4691474.0
EC139,Enoch Mgijima,2023,0200,Suppliers and employees,-1090690961.0
EC139,Enoch Mgijima,2023,0310,Capital assets,-12018560.0
EC139,Enoch Mgijima,2023,0420,Cash/cash equivalents at the year begin:,64371088.0
EC139,Enoch Mgijima,2023,0430,Cash/cash equivalents at the year end:,294811071.0
EC141,Elundini,2023,0120,Property rates,6696816.0
EC141,Elundini,2023,0130,Service charges,18182453.0
EC141,Elundini,2023,0140,Other revenue,20817949.0
EC141,Elundini,2023,0150,Transfers and Subsidies - Operational,185081155.0
EC141,Elundini,2023,0160,Transfers and Subsidies - Capital,55075000.0
EC141,Elundini,2023,0170,Interest,367724.0
EC141,Elundini,2023,0200,Suppliers and employees,-144744912.0
EC141,Elundini,2023,0280,Decrease (increase) in non-current receivables,-930624.0
EC141,Elundini,2023,0310,Capital assets,-71336830.0
EC141,Elundini,2023,0420,Cash/cash equivalents at the year begin:,77313332.0
EC141,Elundini,2023,0430,Cash/cash equivalents at the year end:,146522063.0
EC142,Senqu,2023,0120,Property rates,66797806.0
EC142,Senqu,2023,0130,Service charges,328134765.0
EC142,Senqu,2023,0140,Other revenue,40982051.0
EC142,Senqu,2023,0150,Transfers and Subsidies - Operational,-129326568.0
EC142,Senqu,2023,0160,Transfers and Subsidies - Capital,224310000.0
EC142,Senqu,2023,0310,Capital assets,-1511653.0
EC142,Senqu,2023,0420,Cash/cash equivalents at the year begin:,458013042.0
EC142,Senqu,2023,0430,Cash/cash equivalents at the year end:,987399443.0
EC145,Walter Sisulu,2023,0120,Property rates,3083628.0
EC145,Walter Sisulu,2023,0130,Service charges,6130143.0
EC145,Walter Sisulu,2023,0140,Other revenue,-5289509.0
EC145,Walter Sisulu,2023,0170,Interest,832883.0
EC145,Walter Sisulu,2023,0200,Suppliers and employees,-144556788.0
EC145,Walter Sisulu,2023,0260,Proceeds on disposal of PPE,26781306.0
EC145,Walter Sisulu,2023,0310,Capital assets,35810.0
EC145,Walter Sisulu,2023,0420,Cash/cash equivalents at the year begin:,12306912.0
EC145,Walter Sisulu,2023,0430,Cash/cash equivalents at the year end:,-100675615.0
EC153,Ngquza Hills,2023,0120,Property rates,34019703.0
EC153,Ngquza Hills,2023,0130,Service charges,933512.0
EC153,Ngquza Hills,2023,0140,Other revenue,14207634.0
EC153,Ngquza Hills,2023,0150,Transfers and Subsidies - Operational,304722800.0
EC153,Ngquza Hills,2023,0160,Transfers and Subsidies - Capital,3532501.0
EC153,Ngquza Hills,2023,0200,Suppliers and employees,-249063217.0
EC153,Ngquza Hills,2023,0310,Capital assets,-109343920.0
EC153,Ngquza Hills,2023,0420,Cash/cash equivalents at the year begin:,208733271.0
EC153,Ngquza Hills,2023,0430,Cash/cash equivalents at the year end:,207742284.0
EC154,Port St Johns,2023,0120,Property rates,4664340.0
EC154,Port St Johns,2023,0130,Service charges,883411.0
EC154,Port St Johns,2023,0140,Other revenue,9884416.0
EC154,Port St Johns,2023,0150,Transfers and Subsidies - Operational,169171055.0
EC154,Port St Johns,2023,0160,Transfers and Subsidies - Capital,39446223.0
EC154,Port St Johns,2023,0170,Interest,10436362.0
EC154,Port St Johns,2023,0200,Suppliers and employees,-70358596.0
EC154,Port St Johns,2023,0310,Capital assets,-30613309.0
EC154,Port St Johns,2023,0420,Cash/cash equivalents at the year begin:,121985155.0
EC154,Port St Johns,2023,0430,Cash/cash equivalents at the year end:,255499057.0
EC155,Nyandeni,2023,0120,Property rates,9435572.0
EC155,Nyandeni,2023,0130,Service charges,254585.0
EC155,Nyandeni,2023,0140,Other revenue,131079636.0
EC155,Nyandeni,2023,0150,Transfers and Subsidies - Operational,217904763.0
EC155,Nyandeni,2023,0160,Transfers and Subsidies - Capital,53699778.0
EC155,Nyandeni,2023,0200,Suppliers and employees,-221975663.0
EC155,Nyandeni,2023,0220,Transfers and Subsidies,-5753334.0
EC155,Nyandeni,2023,0260,Proceeds on disposal of PPE,1731295.0
EC155,Nyandeni,2023,0310,Capital assets,-91584699.0
EC155,Nyandeni,2023,0420,Cash/cash equivalents at the year begin:,347030416.0
EC155,Nyandeni,2023,0430,Cash/cash equivalents at the year end:,441822349.0
EC156,Kumkani Mhlontlo,2023,0120,Property rates,27122503.0
EC156,Kumkani Mhlontlo,2023,0130,Service charges,582248.0
EC156,Kumkani Mhlontlo,2023,0140,Other revenue,19283721.0
EC156,Kumkani Mhlontlo,2023,0150,Transfers and Subsidies - Operational,199630372.0
EC156,Kumkani Mhlontlo,2023,0160,Transfers and Subsidies - Capital,5100000.0
EC156,Kumkani Mhlontlo,2023,0170,Interest,10120582.0
EC156,Kumkani Mhlontlo,2023,0200,Suppliers and employees,-309520736.0
EC156,Kumkani Mhlontlo,2023,0220,Transfers and Subsidies,5495.0
EC156,Kumkani Mhlontlo,2023,0310,Capital assets,-64417091.0
EC156,Kumkani Mhlontlo,2023,0420,Cash/cash equivalents at the year begin:,170481449.0
EC156,Kumkani Mhlontlo,2023,0430,Cash/cash equivalents at the year end:,58388543.0
EC157,King Sabata Dalindyebo,2023,0120,Property rates,205776559.0
EC157,King Sabata Dalindyebo,2023,0130,Service charges,409868499.0
EC157,King Sabata Dalindyebo,2023,0140,Other revenue,49482744.0
EC157,King Sabata Dalindyebo,2023,0150,Transfers and Subsidies - Operational,411004617.0
EC157,King Sabata Dalindyebo,2023,0160,Transfers and Subsidies - Capital,6991524.0
EC157,King Sabata Dalindyebo,2023,0170,Interest,3907057.0
EC157,King Sabata Dalindyebo,2023,0200,Suppliers and employees,-1248216692.0
EC157,King Sabata Dalindyebo,2023,0310,Capital assets,-125254028.0
EC157,King Sabata Dalindyebo,2023,0420,Cash/cash equivalents at the year begin:,70853358.0
EC157,King Sabata Dalindyebo,2023,0430,Cash/cash equivalents at the year end:,-215586362.0
EC441,Matatiele,2023,0120,Property rates,43707534.0
EC441,Matatiele,2023,0130,Service charges,70125822.0
EC441,Matatiele,2023,0140,Other revenue,21974169.0
EC441,Matatiele,2023,0150,Transfers and Subsidies - Operational,293563770.0
EC441,Matatiele,2023,0160,Transfers and Subsidies - Capital,119841000.0
EC441,Matatiele,2023,0170,Interest,18990746.0
EC441,Matatiele,2023,0200,Suppliers and employees,-215177552.0
EC441,Matatiele,2023,0310,Capital assets,-143199383.0
EC441,Matatiele,2023,0420,Cash/cash equivalents at the year begin:,236731915.0
EC441,Matatiele,2023,0430,Cash/cash equivalents at the year end:,446558021.0
EC442,Umzimvubu,2023,0120,Property rates,36926943.0
EC442,Umzimvubu,2023,0130,Service charges,306370.0
EC442,Umzimvubu,2023,0140,Other revenue,13943986.0
EC442,Umzimvubu,2023,0150,Transfers and Subsidies - Operational,314790272.0
EC442,Umzimvubu,2023,0160,Transfers and Subsidies - Capital,15676823.0
EC442,Umzimvubu,2023,0170,Interest,6630465.0
EC442,Umzimvubu,2023,0200,Suppliers and employees,-246223824.0
EC442,Umzimvubu,2023,0310,Capital assets,-121401140.0
EC442,Umzimvubu,2023,0420,Cash/cash equivalents at the year begin:,103545770.0
EC442,Umzimvubu,2023,0430,Cash/cash equivalents at the year end:,124195665.0
EC443,Winnie Madikizela-Mandela,2023,0120,Property rates,20223515.0
EC443,Winnie Madikizela-Mandela,2023,0130,Service charges,54103162.0
EC443,Winnie Madikizela-Mandela,2023,0140,Other revenue,11311647.0
EC443,Winnie Madikizela-Mandela,2023,0150,Transfers and Subsidies - Operational,372978000.0
EC443,Winnie Madikizela-Mandela,2023,0160,Transfers and Subsidies - Capital,67082000.0
EC443,Winnie Madikizela-Mandela,2023,0170,Interest,1132661.0
EC443,Winnie Madikizela-Mandela,2023,0200,Suppliers and employees,-300990765.0
EC443,Winnie Madikizela-Mandela,2023,0310,Capital assets,-124887107.0
EC443,Winnie Madikizela-Mandela,2023,0420,Cash/cash equivalents at the year begin:,277108818.0
EC443,Winnie Madikizela-Mandela,2023,0430,Cash/cash equivalents at the year end:,378061931.0
EC444,Ntabankulu,2023,0120,Property rates,165430.0
EC444,Ntabankulu,2023,0130,Service charges,50345.0
EC444,Ntabankulu,2023,0140,Other revenue,2036631.0
EC444,Ntabankulu,2023,0150,Transfers and Subsidies - Operational,-68279.0
EC444,Ntabankulu,2023,0160,Transfers and Subsidies - Capital,17439965.0
EC444,Ntabankulu,2023,0200,Suppliers and employees,650.0
EC444,Ntabankulu,2023,0260,Proceeds on disposal of PPE,136360.0
EC444,Ntabankulu,2023,0420,Cash/cash equivalents at the year begin:,1225639.0
EC444,Ntabankulu,2023,0430,Cash/cash equivalents at the year end:,20986741.0
EKU,City of Ekurhuleni,2023,0120,Property rates,7442002045.0
EKU,City of Ekurhuleni,2023,0130,Service charges,27835326218.0
EKU,City of Ekurhuleni,2023,0140,Other revenue,7228085267.0
EKU,City of Ekurhuleni,2023,0150,Transfers and Subsidies - Operational,3033032630.0
EKU,City of Ekurhuleni,2023,0160,Transfers and Subsidies - Capital,2664837000.0
EKU,City of Ekurhuleni,2023,0170,Interest,138853429.0
EKU,City of Ekurhuleni,2023,0200,Suppliers and employees,-50721717518.0
EKU,City of Ekurhuleni,2023,0220,Transfers and Subsidies,-115122059.0
EKU,City of Ekurhuleni,2023,0280,Decrease (increase) in non-current receivables,-48463.0
EKU,City of Ekurhuleni,2023,0290,Decrease (increase) in non-current investments,-64658157.0
EKU,City of Ekurhuleni,2023,0310,Capital assets,-3086734217.0
EKU,City of Ekurhuleni,2023,0360,Borrowing long term/refinancing,1691211392.0
EKU,City of Ekurhuleni,2023,0390,Repayment of borrowing,-305462.0
EKU,City of Ekurhuleni,2023,0420,Cash/cash equivalents at the year begin:,1074498532.0
EKU,City of Ekurhuleni,2023,0430,Cash/cash equivalents at the year end:,-2880739363.0
ETH,eThekwini,2023,0120,Property rates,7771977074.0
ETH,eThekwini,2023,0130,Service charges,391698619.0
ETH,eThekwini,2023,0140,Other revenue,-8077312.0
ETH,eThekwini,2023,0170,Interest,282075.0
ETH,eThekwini,2023,0200,Suppliers and employees,-48159008.0
ETH,eThekwini,2023,0280,Decrease (increase) in non-current receivables,-46330622.0
ETH,eThekwini,2023,0430,Cash/cash equivalents at the year end:,8061390826.0
FS161,Letsemeng,2023,0150,Transfers and Subsidies - Operational,57340814.0
FS161,Letsemeng,2023,0170,Interest,1101.0
FS161,Letsemeng,2023,0200,Suppliers and employees,-5630508.0
FS161,Letsemeng,2023,0430,Cash/cash equivalents at the year end:,51711407.0
FS181,Masilonyana,2023,0120,Property rates,4488604.0
FS181,Masilonyana,2023,0130,Service charges,1082931.0
FS181,Masilonyana,2023,0140,Other revenue,85992.0
FS181,Masilonyana,2023,0290,Decrease (increase) in non-current investments,-85806.0
FS181,Masilonyana,2023,0430,Cash/cash equivalents at the year end:,5571721.0
FS182,Tokologo,2023,0120,Property rates,48458620.0
FS182,Tokologo,2023,0130,Service charges,191390139.0
FS182,Tokologo,2023,0140,Other revenue,2349881.0
FS182,Tokologo,2023,0150,Transfers and Subsidies - Operational,521535000.0
FS182,Tokologo,2023,0160,Transfers and Subsidies - Capital,-774611319.0
FS182,Tokologo,2023,0200,Suppliers and employees,-50458967.0
FS182,Tokologo,2023,0420,Cash/cash equivalents at the year begin:,-14978286.0
FS182,Tokologo,2023,0430,Cash/cash equivalents at the year end:,-76314932.0
FS183,Tswelopele,2023,0120,Property rates,20120905.0
FS183,Tswelopele,2023,0130,Service charges,59226005.0
FS183,Tswelopele,2023,0140,Other revenue,397993177.0
FS183,Tswelopele,2023,0150,Transfers and Subsidies - Operational,92934553.0
FS183,Tswelopele,2023,0160,Transfers and Subsidies - Capital,38065919.0
FS183,Tswelopele,2023,0170,Interest,137070.0
FS183,Tswelopele,2023,0200,Suppliers and employees,-84899028.0
FS183,Tswelopele,2023,0310,Capital assets,-5639539.0
FS183,Tswelopele,2023,0420,Cash/cash equivalents at the year begin:,168778487.0
FS183,Tswelopele,2023,0430,Cash/cash equivalents at the year end:,686717549.0
FS184,Matjhabeng,2023,0120,Property rates,226609182.0
FS184,Matjhabeng,2023,0130,Service charges,797639741.0
FS184,Matjhabeng,2023,0140,Other revenue,-82369079.0
FS184,Matjhabeng,2023,0150,Transfers and Subsidies - Operational,230489815.0
FS184,Matjhabeng,2023,0160,Transfers and Subsidies - Capital,-76447666.0
FS184,Matjhabeng,2023,0170,Interest,10208756.0
FS184,Matjhabeng,2023,0180,Dividends,40753.0
FS184,Matjhabeng,2023,0200,Suppliers and employees,-2262677087.0
FS184,Matjhabeng,2023,0310,Capital assets,-253667388.0
FS184,Matjhabeng,2023,0420,Cash/cash equivalents at the year begin:,203506910.0
FS184,Matjhabeng,2023,0430,Cash/cash equivalents at the year end:,-1206666063.0
FS191,Setsoto,2023,0120,Property rates,108816794.0
FS191,Setsoto,2023,0130,Service charges,114305457.0
FS191,Setsoto,2023,0140,Other revenue,9323216.0
FS191,Setsoto,2023,0150,Transfers and Subsidies - Operational,187045983.0
FS191,Setsoto,2023,0160,Transfers and Subsidies - Capital,399987133.0
FS191,Setsoto,2023,0170,Interest,9238982.0
FS191,Setsoto,2023,0200,Suppliers and employees,-254675889.0
FS191,Setsoto,2023,0260,Proceeds on disposal of PPE,651484.0
FS191,Setsoto,2023,0290,Decrease (increase) in non-current investments,-286696.0
FS191,Setsoto,2023,0310,Capital assets,-207052404.0
FS191,Setsoto,2023,0420,Cash/cash equivalents at the year begin:,93197351.0
FS191,Setsoto,2023,0430,Cash/cash equivalents at the year end:,460551411.0
FS192,Dihlabeng,2023,0120,Property rates,114787342.0
FS192,Dihlabeng,2023,0130,Service charges,269791198.0
FS192,Dihlabeng,2023,0140,Other revenue,98589772.0
FS192,Dihlabeng,2023,0150,Transfers and Subsidies - Operational,210193000.0
FS192,Dihlabeng,2023,0160,Transfers and Subsidies - Capital,148825582.0
FS192,Dihlabeng,2023,0170,Interest,305782.0
FS192,Dihlabeng,2023,0180,Dividends,12728.0
FS192,Dihlabeng,2023,0200,Suppliers and employees,-496587517.0
FS192,Dihlabeng,2023,0310,Capital assets,-129341441.0
FS192,Dihlabeng,2023,0360,Borrowing long term/refinancing,-5750901.0
FS192,Dihlabeng,2023,0420,Cash/cash equivalents at the year begin:,11004348.0
FS192,Dihlabeng,2023,0430,Cash/cash equivalents at the year end:,221829893.0
FS193,Nketoana,2023,0120,Property rates,12420243.0
FS193,Nketoana,2023,0130,Service charges,118188670.0
FS193,Nketoana,2023,0140,Other revenue,4563951.0
FS193,Nketoana,2023,0150,Transfers and Subsidies - Operational,118192614.0
FS193,Nketoana,2023,0160,Transfers and Subsidies - Capital,63889487.0
FS193,Nketoana,2023,0200,Suppliers and employees,-191665647.0
FS193,Nketoana,2023,0310,Capital assets,-53329210.0
FS193,Nketoana,2023,0420,Cash/cash equivalents at the year begin:,-5457436.0
FS193,Nketoana,2023,0430,Cash/cash equivalents at the year end:,66802672.0
FS194,Maluti-a-Phofung,2023,0120,Property rates,66205120.0
FS194,Maluti-a-Phofung,2023,0130,Service charges,230397426.0
FS194,Maluti-a-Phofung,2023,0140,Other revenue,-241230582.0
FS194,Maluti-a-Phofung,2023,0150,Transfers and Subsidies - Operational,752187689.0
FS194,Maluti-a-Phofung,2023,0160,Transfers and Subsidies - Capital,277945000.0
FS194,Maluti-a-Phofung,2023,0170,Interest,1661244.0
FS194,Maluti-a-Phofung,2023,0200,Suppliers and employees,-473419647.0
FS194,Maluti-a-Phofung,2023,0310,Capital assets,-157291068.0
FS194,Maluti-a-Phofung,2023,0420,Cash/cash equivalents at the year begin:,64625766.0
FS194,Maluti-a-Phofung,2023,0430,Cash/cash equivalents at the year end:,521080948.0
FS195,Phumelela,2023,0120,Property rates,6476830.0
FS195,Phumelela,2023,0130,Service charges,18983588.0
FS195,Phumelela,2023,0140,Other revenue,9466286.0
FS195,Phumelela,2023,0150,Transfers and Subsidies - Operational,87774022.0
FS195,Phumelela,2023,0160,Transfers and Subsidies - Capital,33071754.0
FS195,Phumelela,2023,0200,Suppliers and employees,-329791764.0
FS195,Phumelela,2023,0260,Proceeds on disposal of PPE,570456.0
FS195,Phumelela,2023,0290,Decrease (increase) in non-current investments,17778.0
FS195,Phumelela,2023,0310,Capital assets,-28398376.0
FS195,Phumelela,2023,0420,Cash/cash equivalents at the year begin:,3808943.0
FS195,Phumelela,2023,0430,Cash/cash equivalents at the year end:,-198020483.0
FS196,Mantsopa,2023,0200,Suppliers and employees,-90866149.0
FS196,Mantsopa,2023,0420,Cash/cash equivalents at the year begin:,1018758.0
FS196,Mantsopa,2023,0430,Cash/cash equivalents at the year end:,-89847391.0
FS201,Moqhaka,2023,0120,Property rates,56982569.0
FS201,Moqhaka,2023,0130,Service charges,420760070.0
FS201,Moqhaka,2023,0140,Other revenue,359951426.0
FS201,Moqhaka,2023,0150,Transfers and Subsidies - Operational,5307815.0
FS201,Moqhaka,2023,0160,Transfers and Subsidies - Capital,68028919.0
FS201,Moqhaka,2023,0180,Dividends,2091824.0
FS201,Moqhaka,2023,0200,Suppliers and employees,-941790335.0
FS201,Moqhaka,2023,0290,Decrease (increase) in non-current investments,-43550.0
FS201,Moqhaka,2023,0310,Capital assets,-4578293.0
FS201,Moqhaka,2023,0420,Cash/cash equivalents at the year begin:,-14103830.0
FS201,Moqhaka,2023,0430,Cash/cash equivalents at the year end:,-47393385.0
FS203,Ngwathe,2023,0120,Property rates,70716200.0
FS203,Ngwathe,2023,0130,Service charges,385101486.0
FS203,Ngwathe,2023,0140,Other revenue,-181937074.0
FS203,Ngwathe,2023,0150,Transfers and Subsidies - Operational,246791000.0
FS203,Ngwathe,2023,0160,Transfers and Subsidies - Capital,124038300.0
FS203,Ngwathe,2023,0170,Interest,2835595.0
FS203,Ngwathe,2023,0180,Dividends,-7062.0
FS203,Ngwathe,2023,0200,Suppliers and employees,-792487763.0
FS203,Ngwathe,2023,0220,Transfers and Subsidies,-405525.0
FS203,Ngwathe,2023,0310,Capital assets,-29127353.0
FS203,Ngwathe,2023,0420,Cash/cash equivalents at the year begin:,5895337.0
FS203,Ngwathe,2023,0430,Cash/cash equivalents at the year end:,-168586859.0
FS204,Metsimaholo,2023,0120,Property rates,128668411.0
FS204,Metsimaholo,2023,0130,Service charges,505665796.0
FS204,Metsimaholo,2023,0140,Other revenue,1078734841.0
FS204,Metsimaholo,2023,0150,Transfers and Subsidies - Operational,126657546.0
FS204,Metsimaholo,2023,0160,Transfers and Subsidies - Capital,95857363.0
FS204,Metsimaholo,2023,0170,Interest,3563721.0
FS204,Metsimaholo,2023,0180,Dividends,132794.0
FS204,Metsimaholo,2023,0200,Suppliers and employees,-1898136059.0
FS204,Metsimaholo,2023,0280,Decrease (increase) in non-current receivables,1810074.0
FS204,Metsimaholo,2023,0310,Capital assets,-138974411.0
FS204,Metsimaholo,2023,0390,Repayment of borrowing,-37617.0
FS204,Metsimaholo,2023,0420,Cash/cash equivalents at the year begin:,117479060.0
FS204,Metsimaholo,2023,0430,Cash/cash equivalents at the year end:,21421519.0
GT421,Emfuleni,2023,0120,Property rates,783042960.0
GT421,Emfuleni,2023,0130,Service charges,3134236610.0
GT421,Emfuleni,2023,0140,Other revenue,758681183.0
GT421,Emfuleni,2023,0150,Transfers and Subsidies - Operational,996359011.0
GT421,Emfuleni,2023,0160,Transfers and Subsidies - Capital,166620600.0
GT421,Emfuleni,2023,0170,Interest,4138312.0
GT421,Emfuleni,2023,0200,Suppliers and employees,-6477342406.0
GT421,Emfuleni,2023,0220,Transfers and Subsidies,-3745111.0
GT421,Emfuleni,2023,0290,Decrease (increase) in non-current investments,-1480.0
GT421,Emfuleni,2023,0310,Capital assets,-371391989.0
GT421,Emfuleni,2023,0420,Cash/cash equivalents at the year begin:,129403315.0
GT421,Emfuleni,2023,0430,Cash/cash equivalents at the year end:,-879998995.0
GT422,Midvaal,2023,0120,Property rates,239953175.0
GT422,Midvaal,2023,0130,Service charges,651158790.0
GT422,Midvaal,2023,0140,Other revenue,517340065.0
GT422,Midvaal,2023,0150,Transfers and Subsidies - Operational,87331000.0
GT422,Midvaal,2023,0160,Transfers and Subsidies - Capital,117062297.0
GT422,Midvaal,2023,0170,Interest,31811290.0
GT422,Midvaal,2023,0200,Suppliers and employees,-932979072.0
GT422,Midvaal,2023,0310,Capital assets,-167085493.0
GT422,Midvaal,2023,0360,Borrowing long term/refinancing,14720000.0
GT422,Midvaal,2023,0390,Repayment of borrowing,-31192503.0
GT422,Midvaal,2023,0420,Cash/cash equivalents at the year begin:,487962487.0
GT422,Midvaal,2023,0430,Cash/cash equivalents at the year end:,1016082036.0
GT423,Lesedi,2023,0120,Property rates,55595146.0
GT423,Lesedi,2023,0130,Service charges,206265186.0
GT423,Lesedi,2023,0140,Other revenue,334451017.0
GT423,Lesedi,2023,0150,Transfers and Subsidies - Operational,200752240.0
GT423,Lesedi,2023,0160,Transfers and Subsidies - Capital,78245753.0
GT423,Lesedi,2023,0200,Suppliers and employees,-476106026.0
GT423,Lesedi,2023,0210,Finance charges,-1771708.0
GT423,Lesedi,2023,0260,Proceeds on disposal of PPE,51750.0
GT423,Lesedi,2023,0310,Capital assets,-76506782.0
GT423,Lesedi,2023,0370,Increase (decrease) in consumer deposits,-3473212.0
GT423,Lesedi,2023,0420,Cash/cash equivalents at the year begin:,39962586.0
GT423,Lesedi,2023,0430,Cash/cash equivalents at the year end:,357465950.0
GT481,Mogale City,2023,0140,Other revenue,28151326.0
GT481,Mogale City,2023,0290,Decrease (increase) in non-current investments,-12675618.0
GT481,Mogale City,2023,0420,Cash/cash equivalents at the year begin:,-10191146.0
GT481,Mogale City,2023,0430,Cash/cash equivalents at the year end:,5284562.0
GT484,Merafong City,2023,0130,Service charges,45036759.0
GT484,Merafong City,2023,0200,Suppliers and employees,-1400023128.0
GT484,Merafong City,2023,0420,Cash/cash equivalents at the year begin:,453494199.0
GT484,Merafong City,2023,0430,Cash/cash equivalents at the year end:,-901492170.0
GT485,Rand West City,2023,0120,Property rates,190209777.0
GT485,Rand West City,2023,0130,Service charges,1100706403.0
GT485,Rand West City,2023,0140,Other revenue,403346970.0
GT485,Rand West City,2023,0150,Transfers and Subsidies - Operational,426316815.0
GT485,Rand West City,2023,0160,Transfers and Subsidies - Capital,104417000.0
GT485,Rand West City,2023,0170,Interest,14507992.0
GT485,Rand West City,2023,0200,Suppliers and employees,-1659352810.0
GT485,Rand West City,2023,0280,Decrease (increase) in non-current receivables,-1893046.0
GT485,Rand West City,2023,0290,Decrease (increase) in non-current investments,-441959.0
GT485,Rand West City,2023,0310,Capital assets,-265727100.0
GT485,Rand West City,2023,0420,Cash/cash equivalents at the year begin:,117548176.0
GT485,Rand West City,2023,0430,Cash/cash equivalents at the year end:,429638218.0
JHB,City of Johannesburg,2023,0150,Transfers and Subsidies - Operational,4076266012.0
JHB,City of Johannesburg,2023,0200,Suppliers and employees,-3315248.0
JHB,City of Johannesburg,2023,0420,Cash/cash equivalents at the year begin:,649598340.0
JHB,City of Johannesburg,2023,0430,Cash/cash equivalents at the year end:,4722549104.0
KZN212,Umdoni,2023,0120,Property rates,69603737.0
KZN212,Umdoni,2023,0130,Service charges,-2082356.0
KZN212,Umdoni,2023,0140,Other revenue,6261741.0
KZN212,Umdoni,2023,0150,Transfers and Subsidies - Operational,183600986.0
KZN212,Umdoni,2023,0160,Transfers and Subsidies - Capital,37809806.0
KZN212,Umdoni,2023,0200,Suppliers and employees,-27337582.0
KZN212,Umdoni,2023,0390,Repayment of borrowing,-247035.0
KZN212,Umdoni,2023,0420,Cash/cash equivalents at the year begin:,192265259.0
KZN212,Umdoni,2023,0430,Cash/cash equivalents at the year end:,459874556.0
KZN213,Umzumbe,2023,0150,Transfers and Subsidies - Operational,99206689.0
KZN213,Umzumbe,2023,0170,Interest,1030495.0
KZN213,Umzumbe,2023,0200,Suppliers and employees,-931767787.0
KZN213,Umzumbe,2023,0220,Transfers and Subsidies,374778.0
KZN213,Umzumbe,2023,0430,Cash/cash equivalents at the year end:,-831155825.0
KZN214,uMuziwabantu,2023,0120,Property rates,24524621.0
KZN214,uMuziwabantu,2023,0130,Service charges,38711273.0
KZN214,uMuziwabantu,2023,0140,Other revenue,6483135.0
KZN214,uMuziwabantu,2023,0150,Transfers and Subsidies - Operational,115719045.0
KZN214,uMuziwabantu,2023,0160,Transfers and Subsidies - Capital,32613000.0
KZN214,uMuziwabantu,2023,0170,Interest,7283502.0
KZN214,uMuziwabantu,2023,0200,Suppliers and employees,-232331240.0
KZN214,uMuziwabantu,2023,0310,Capital assets,-44562896.0
KZN214,uMuziwabantu,2023,0420,Cash/cash equivalents at the year begin:,124367320.0
KZN214,uMuziwabantu,2023,0430,Cash/cash equivalents at the year end:,72807760.0
KZN216,Ray Nkonyeni,2023,0120,Property rates,462432370.0
KZN216,Ray Nkonyeni,2023,0130,Service charges,232464282.0
KZN216,Ray Nkonyeni,2023,0140,Other revenue,86694164.0
KZN216,Ray Nkonyeni,2023,0150,Transfers and Subsidies - Operational,291700223.0
KZN216,Ray Nkonyeni,2023,0160,Transfers and Subsidies - Capital,184599357.0
KZN216,Ray Nkonyeni,2023,0170,Interest,10332309.0
KZN216,Ray Nkonyeni,2023,0200,Suppliers and employees,-1219908111.0
KZN216,Ray Nkonyeni,2023,0210,Finance charges,-1324120.0
KZN216,Ray Nkonyeni,2023,0310,Capital assets,-242572067.0
KZN216,Ray Nkonyeni,2023,0390,Repayment of borrowing,-31987490.0
KZN216,Ray Nkonyeni,2023,0420,Cash/cash equivalents at the year begin:,131693267.0
KZN216,Ray Nkonyeni,2023,0430,Cash/cash equivalents at the year end:,-95875816.0
KZN221,uMshwathi,2023,0120,Property rates,-355959.0
KZN221,uMshwathi,2023,0130,Service charges,18546.0
KZN221,uMshwathi,2023,0140,Other revenue,10620375.0
KZN221,uMshwathi,2023,0150,Transfers and Subsidies - Operational,22929.0
KZN221,uMshwathi,2023,0170,Interest,6277515.0
KZN221,uMshwathi,2023,0200,Suppliers and employees,-6085053.0
KZN221,uMshwathi,2023,0430,Cash/cash equivalents at the year end:,10498353.0
KZN222,uMngeni,2023,0120,Property rates,336721758.0
KZN222,uMngeni,2023,0130,Service charges,16465696.0
KZN222,uMngeni,2023,0140,Other revenue,7789602.0
KZN222,uMngeni,2023,0150,Transfers and Subsidies - Operational,26867870.0
KZN222,uMngeni,2023,0160,Transfers and Subsidies - Capital,34816000.0
KZN222,uMngeni,2023,0200,Suppliers and employees,3213263.0
KZN222,uMngeni,2023,0260,Proceeds on disposal of PPE,600606.0
KZN222,uMngeni,2023,0280,Decrease (increase) in non-current receivables,-296434.0
KZN222,uMngeni,2023,0310,Capital assets,-55648845.0
KZN222,uMngeni,2023,0390,Repayment of borrowing,-2630395.0
KZN222,uMngeni,2023,0420,Cash/cash equivalents at the year begin:,13622107.0
KZN222,uMngeni,2023,0430,Cash/cash equivalents at the year end:,381521228.0
KZN223,Mpofana,2023,0120,Property rates,18478448.0
KZN223,Mpofana,2023,0130,Service charges,35306489.0
KZN223,Mpofana,2023,0140,Other revenue,13284001.0
KZN223,Mpofana,2023,0150,Transfers and Subsidies - Operational,50462938.0
KZN223,Mpofana,2023,0160,Transfers and Subsidies - Capital,16114000.0
KZN223,Mpofana,2023,0170,Interest,14117118.0
KZN223,Mpofana,2023,0200,Suppliers and employees,-99542644.0
KZN223,Mpofana,2023,0210,Finance charges,-35854766.0
KZN223,Mpofana,2023,0260,Proceeds on disposal of PPE,89482.0
KZN223,Mpofana,2023,0310,Capital assets,-14643303.0
KZN223,Mpofana,2023,0420,Cash/cash equivalents at the year begin:,3518780.0
KZN223,Mpofana,2023,0430,Cash/cash equivalents at the year end:,1330543.0
KZN224,Impendle,2023,0120,Property rates,7719.0
KZN224,Impendle,2023,0130,Service charges,878.0
KZN224,Impendle,2023,0140,Other revenue,312236.0
KZN224,Impendle,2023,0150,Transfers and Subsidies - Operational,60567337.0
KZN224,Impendle,2023,0160,Transfers and Subsidies - Capital,23059481.0
KZN224,Impendle,2023,0170,Interest,521569.0
KZN224,Impendle,2023,0200,Suppliers and employees,-1790.0
KZN224,Impendle,2023,0420,Cash/cash equivalents at the year begin:,6557789.0
KZN224,Impendle,2023,0430,Cash/cash equivalents at the year end:,91025219.0
KZN225,Msunduzi,2023,0120,Property rates,1337835114.0
KZN225,Msunduzi,2023,0130,Service charges,3549236520.0
KZN225,Msunduzi,2023,0150,Transfers and Subsidies - Operational,814488926.0
KZN225,Msunduzi,2023,0160,Transfers and Subsidies - Capital,351427000.0
KZN225,Msunduzi,2023,0170,Interest,16708461.0
KZN225,Msunduzi,2023,0200,Suppliers and employees,-5260181130.0
KZN225,Msunduzi,2023,0210,Finance charges,-18837253.0
KZN225,Msunduzi,2023,0260,Proceeds on disposal of PPE,3343347.0
KZN225,Msunduzi,2023,0310,Capital assets,-502024059.0
KZN225,Msunduzi,2023,0390,Repayment of borrowing,-79162901.0
KZN225,Msunduzi,2023,0420,Cash/cash equivalents at the year begin:,482433140.0
KZN225,Msunduzi,2023,0430,Cash/cash equivalents at the year end:,695267165.0
KZN226,Mkhambathini,2023,0120,Property rates,1972849.0
KZN226,Mkhambathini,2023,0130,Service charges,42887.0
KZN226,Mkhambathini,2023,0140,Other revenue,608979.0
KZN226,Mkhambathini,2023,0170,Interest,2197938.0
KZN226,Mkhambathini,2023,0420,Cash/cash equivalents at the year begin:,10995484.0
KZN226,Mkhambathini,2023,0430,Cash/cash equivalents at the year end:,15818137.0
KZN227,Richmond,2023,0120,Property rates,24815006.0
KZN227,Richmond,2023,0130,Service charges,794939.0
KZN227,Richmond,2023,0140,Other revenue,48843132.0
KZN227,Richmond,2023,0150,Transfers and Subsidies - Operational,202206299.0
KZN227,Richmond,2023,0160,Transfers and Subsidies - Capital,38491860.0
KZN227,Richmond,2023,0170,Interest,1154816.0
KZN227,Richmond,2023,0200,Suppliers and employees,-68276864.0
KZN227,Richmond,2023,0310,Capital assets,-28248653.0
KZN227,Richmond,2023,0420,Cash/cash equivalents at the year begin:,26902005.0
KZN227,Richmond,2023,0430,Cash/cash equivalents at the year end:,246682540.0
KZN235,Okhahlamba,2023,0120,Property rates,2104235.0
KZN235,Okhahlamba,2023,0130,Service charges,48815.0
KZN235,Okhahlamba,2023,0140,Other revenue,839715.0
KZN235,Okhahlamba,2023,0170,Interest,606080.0
KZN235,Okhahlamba,2023,0200,Suppliers and employees,1763170.0
KZN235,Okhahlamba,2023,0420,Cash/cash equivalents at the year begin:,96274496.0
KZN235,Okhahlamba,2023,0430,Cash/cash equivalents at the year end:,101636511.0
KZN237,Inkosi Langalibalele,2023,0120,Property rates,26890589.0
KZN237,Inkosi Langalibalele,2023,0130,Service charges,221280929.0
KZN237,Inkosi Langalibalele,2023,0140,Other revenue,110898047.0
KZN237,Inkosi Langalibalele,2023,0150,Transfers and Subsidies - Operational,161471656.0
KZN237,Inkosi Langalibalele,2023,0160,Transfers and Subsidies - Capital,124710000.0
KZN237,Inkosi Langalibalele,2023,0200,Suppliers and employees,-424793841.0
KZN237,Inkosi Langalibalele,2023,0220,Transfers and Subsidies,-84.0
KZN237,Inkosi Langalibalele,2023,0310,Capital assets,-149138236.0
KZN237,Inkosi Langalibalele,2023,0390,Repayment of borrowing,-50294.0
KZN237,Inkosi Langalibalele,2023,0420,Cash/cash equivalents at the year begin:,101762304.0
KZN237,Inkosi Langalibalele,2023,0430,Cash/cash equivalents at the year end:,173031070.0
KZN238,Alfred Duma,2023,0120,Property rates,178486851.0
KZN238,Alfred Duma,2023,0130,Service charges,665907805.0
KZN238,Alfred Duma,2023,0140,Other revenue,53602063.0
KZN238,Alfred Duma,2023,0150,Transfers and Subsidies - Operational,376919702.0
KZN238,Alfred Duma,2023,0160,Transfers and Subsidies - Capital,92336000.0
KZN238,Alfred Duma,2023,0170,Interest,24747463.0
KZN238,Alfred Duma,2023,0200,Suppliers and employees,-651057741.0
KZN238,Alfred Duma,2023,0260,Proceeds on disposal of PPE,935650.0
KZN238,Alfred Duma,2023,0310,Capital assets,-132093134.0
KZN238,Alfred Duma,2023,0390,Repayment of borrowing,-1048934.0
KZN238,Alfred Duma,2023,0420,Cash/cash equivalents at the year begin:,502913154.0
KZN238,Alfred Duma,2023,0430,Cash/cash equivalents at the year end:,1111648879.0
KZN241,Endumeni,2023,0120,Property rates,17170715.0
KZN241,Endumeni,2023,0130,Service charges,47754810.0
KZN241,Endumeni,2023,0140,Other revenue,12460488.0
KZN241,Endumeni,2023,0150,Transfers and Subsidies - Operational,20187233.0
KZN241,Endumeni,2023,0160,Transfers and Subsidies - Capital,9929977.0
KZN241,Endumeni,2023,0200,Suppliers and employees,-49069606.0
KZN241,Endumeni,2023,0260,Proceeds on disposal of PPE,322000.0
KZN241,Endumeni,2023,0280,Decrease (increase) in non-current receivables,-538535.0
KZN241,Endumeni,2023,0290,Decrease (increase) in non-current investments,-30993532.0
KZN241,Endumeni,2023,0310,Capital assets,-7725735.0
KZN241,Endumeni,2023,0420,Cash/cash equivalents at the year begin:,4492418.0
KZN241,Endumeni,2023,0430,Cash/cash equivalents at the year end:,23990233.0
KZN242,Nquthu,2023,0120,Property rates,153406108.0
KZN242,Nquthu,2023,0130,Service charges,12737509.0
KZN242,Nquthu,2023,0140,Other revenue,19046645.0
KZN242,Nquthu,2023,0150,Transfers and Subsidies - Operational,-101006150.0
KZN242,Nquthu,2023,0160,Transfers and Subsidies - Capital,268680000.0
KZN242,Nquthu,2023,0170,Interest,10443889.0
KZN242,Nquthu,2023,0200,Suppliers and employees,-365694289.0
KZN242,Nquthu,2023,0260,Proceeds on disposal of PPE,8416768.0
KZN242,Nquthu,2023,0310,Capital assets,-511713.0
KZN242,Nquthu,2023,0420,Cash/cash equivalents at the year begin:,130495474.0
KZN242,Nquthu,2023,0430,Cash/cash equivalents at the year end:,136014241.0
KZN244,Msinga,2023,0140,Other revenue,66149734.0
KZN244,Msinga,2023,0150,Transfers and Subsidies - Operational,332134682.0
KZN244,Msinga,2023,0160,Transfers and Subsidies - Capital,71131000.0
KZN244,Msinga,2023,0200,Suppliers and employees,-98069202.0
KZN244,Msinga,2023,0310,Capital assets,-61207453.0
KZN244,Msinga,2023,0420,Cash/cash equivalents at the year begin:,42169841.0
KZN244,Msinga,2023,0430,Cash/cash equivalents at the year end:,352308602.0
KZN245,Umvoti,2023,0120,Property rates,827473.0
KZN245,Umvoti,2023,0130,Service charges,1602611.0
KZN245,Umvoti,2023,0140,Other revenue,82835085.0
KZN245,Umvoti,2023,0150,Transfers and Subsidies - Operational,653468671.0
KZN245,Umvoti,2023,0160,Transfers and Subsidies - Capital,47155493.0
KZN245,Umvoti,2023,0170,Interest,351477.0
KZN245,Umvoti,2023,0200,Suppliers and employees,-222083089.0
KZN245,Umvoti,2023,0310,Capital assets,-19718411.0
KZN245,Umvoti,2023,0430,Cash/cash equivalents at the year end:,544439310.0
KZN252,Newcastle,2023,0120,Property rates,323916760.0
KZN252,Newcastle,2023,0130,Service charges,983431962.0
KZN252,Newcastle,2023,0140,Other revenue,1693729106.0
KZN252,Newcastle,2023,0150,Transfers and Subsidies - Operational,723175831.0
KZN252,Newcastle,2023,0160,Transfers and Subsidies - Capital,213349451.0
KZN252,Newcastle,2023,0170,Interest,1120921.0
KZN252,Newcastle,2023,0200,Suppliers and employees,-1279480391.0
KZN252,Newcastle,2023,0210,Finance charges,-18669063.0
KZN252,Newcastle,2023,0260,Proceeds on disposal of PPE,6382073.0
KZN252,Newcastle,2023,0310,Capital assets,-156300551.0
KZN252,Newcastle,2023,0390,Repayment of borrowing,-13141479.0
KZN252,Newcastle,2023,0420,Cash/cash equivalents at the year begin:,29685840.0
KZN252,Newcastle,2023,0430,Cash/cash equivalents at the year end:,2507200460.0
KZN253,Emadlangeni,2023,0120,Property rates,-5137982.0
KZN253,Emadlangeni,2023,0130,Service charges,-676532.0
KZN253,Emadlangeni,2023,0140,Other revenue,-675136.0
KZN253,Emadlangeni,2023,0150,Transfers and Subsidies - Operational,2441258.0
KZN253,Emadlangeni,2023,0170,Interest,2053167.0
KZN253,Emadlangeni,2023,0200,Suppliers and employees,1605000.0
KZN253,Emadlangeni,2023,0310,Capital assets,9376.0
KZN253,Emadlangeni,2023,0420,Cash/cash equivalents at the year begin:,-350875.0
KZN253,Emadlangeni,2023,0430,Cash/cash equivalents at the year end:,-731724.0
KZN254,Dannhauser,2023,0120,Property rates,21436437.0
KZN254,Dannhauser,2023,0130,Service charges,907801.0
KZN254,Dannhauser,2023,0140,Other revenue,3371567.0
KZN254,Dannhauser,2023,0150,Transfers and Subsidies - Operational,159283873.0
KZN254,Dannhauser,2023,0160,Transfers and Subsidies - Capital,19357000.0
KZN254,Dannhauser,2023,0200,Suppliers and employees,-7026951.0
KZN254,Dannhauser,2023,0210,Finance charges,-2845674.0
KZN254,Dannhauser,2023,0310,Capital assets,-43454061.0
KZN254,Dannhauser,2023,0420,Cash/cash equivalents at the year begin:,14966620.0
KZN254,Dannhauser,2023,0430,Cash/cash equivalents at the year end:,165996612.0
KZN261,eDumbe,2023,0200,Suppliers and employees,-173398000.0
KZN261,eDumbe,2023,0420,Cash/cash equivalents at the year begin:,-3999918.0
KZN261,eDumbe,2023,0430,Cash/cash equivalents at the year end:,-177397918.0
KZN262,uPhongolo,2023,0150,Transfers and Subsidies - Operational,25000000.0
KZN262,uPhongolo,2023,0200,Suppliers and employees,-221075589.0
KZN262,uPhongolo,2023,0220,Transfers and Subsidies,-5991870.0
KZN262,uPhongolo,2023,0420,Cash/cash equivalents at the year begin:,10432804.0
KZN262,uPhongolo,2023,0430,Cash/cash equivalents at the year end:,-191634655.0
KZN263,Abaqulusi,2023,0120,Property rates,90997086.0
KZN263,Abaqulusi,2023,0130,Service charges,295489878.0
KZN263,Abaqulusi,2023,0140,Other revenue,19062133.0
KZN263,Abaqulusi,2023,0150,Transfers and Subsidies - Operational,205677569.0
KZN263,Abaqulusi,2023,0160,Transfers and Subsidies - Capital,61268650.0
KZN263,Abaqulusi,2023,0170,Interest,986227.0
KZN263,Abaqulusi,2023,0200,Suppliers and employees,-469561378.0
KZN263,Abaqulusi,2023,0310,Capital assets,-50145558.0
KZN263,Abaqulusi,2023,0390,Repayment of borrowing,2836599.0
KZN263,Abaqulusi,2023,0420,Cash/cash equivalents at the year begin:,29024871.0
KZN263,Abaqulusi,2023,0430,Cash/cash equivalents at the year end:,185636077.0
KZN265,Nongoma,2023,0200,Suppliers and employees,-254500.0
KZN265,Nongoma,2023,0420,Cash/cash equivalents at the year begin:,15872597.0
KZN265,Nongoma,2023,0430,Cash/cash equivalents at the year end:,15618097.0
KZN266,Ulundi,2023,0120,Property rates,3866856.0
KZN266,Ulundi,2023,0130,Service charges,2961812.0
KZN266,Ulundi,2023,0140,Other revenue,626013.0
KZN266,Ulundi,2023,0150,Transfers and Subsidies - Operational,709230359.0
KZN266,Ulundi,2023,0160,Transfers and Subsidies - Capital,229128097.0
KZN266,Ulundi,2023,0170,Interest,-1705508.0
KZN266,Ulundi,2023,0200,Suppliers and employees,2886088.0
KZN266,Ulundi,2023,0430,Cash/cash equivalents at the year end:,946993717.0
KZN271,Umhlabuyalingana,2023,0120,Property rates,15951595.0
KZN271,Umhlabuyalingana,2023,0130,Service charges,797183.0
KZN271,Umhlabuyalingana,2023,0140,Other revenue,283473609.0
KZN271,Umhlabuyalingana,2023,0150,Transfers and Subsidies - Operational,7758000.0
KZN271,Umhlabuyalingana,2023,0160,Transfers and Subsidies - Capital,52523000.0
KZN271,Umhlabuyalingana,2023,0170,Interest,7590537.0
KZN271,Umhlabuyalingana,2023,0200,Suppliers and employees,-324722185.0
KZN271,Umhlabuyalingana,2023,0220,Transfers and Subsidies,-3835000.0
KZN271,Umhlabuyalingana,2023,0420,Cash/cash equivalents at the year begin:,102349611.0
KZN271,Umhlabuyalingana,2023,0430,Cash/cash equivalents at the year end:,141886350.0
KZN272,Jozini,2023,0120,Property rates,10036712.0
KZN272,Jozini,2023,0150,Transfers and Subsidies - Operational,253195707.0
KZN272,Jozini,2023,0170,Interest,121472.0
KZN272,Jozini,2023,0200,Suppliers and employees,-526191645.0
KZN272,Jozini,2023,0420,Cash/cash equivalents at the year begin:,93739257.0
KZN272,Jozini,2023,0430,Cash/cash equivalents at the year end:,-169098497.0
KZN275,Mtubatuba,2023,0120,Property rates,191600.0
KZN275,Mtubatuba,2023,0200,Suppliers and employees,11565687.0
KZN275,Mtubatuba,2023,0420,Cash/cash equivalents at the year begin:,-3972113.0
KZN275,Mtubatuba,2023,0430,Cash/cash equivalents at the year end:,7785174.0
KZN276,Hlabisa Big Five,2023,0140,Other revenue,53000000.0
KZN276,Hlabisa Big Five,2023,0150,Transfers and Subsidies - Operational,3436191.0
KZN276,Hlabisa Big Five,2023,0160,Transfers and Subsidies - Capital,26000000.0
KZN276,Hlabisa Big Five,2023,0170,Interest,177154.0
KZN276,Hlabisa Big Five,2023,0200,Suppliers and employees,-78043189.0
KZN276,Hlabisa Big Five,2023,0220,Transfers and Subsidies,-3902000.0
KZN276,Hlabisa Big Five,2023,0280,Decrease (increase) in non-current receivables,20107211.0
KZN276,Hlabisa Big Five,2023,0420,Cash/cash equivalents at the year begin:,64752311.0
KZN276,Hlabisa Big Five,2023,0430,Cash/cash equivalents at the year end:,85527678.0
KZN281,Mfolozi,2023,0140,Other revenue,16123972.0
KZN281,Mfolozi,2023,0200,Suppliers and employees,-349699.0
KZN281,Mfolozi,2023,0390,Repayment of borrowing,-2447414.0
KZN281,Mfolozi,2023,0420,Cash/cash equivalents at the year begin:,2050.0
KZN281,Mfolozi,2023,0430,Cash/cash equivalents at the year end:,13328909.0
KZN282,uMhlathuze,2023,0120,Property rates,599509214.0
KZN282,uMhlathuze,2023,0130,Service charges,2603729948.0
KZN282,uMhlathuze,2023,0140,Other revenue,396949603.0
KZN282,uMhlathuze,2023,0150,Transfers and Subsidies - Operational,497586227.0
KZN282,uMhlathuze,2023,0160,Transfers and Subsidies - Capital,288268000.0
KZN282,uMhlathuze,2023,0170,Interest,23357.0
KZN282,uMhlathuze,2023,0200,Suppliers and employees,-3927304569.0
KZN282,uMhlathuze,2023,0210,Finance charges,-82962137.0
KZN282,uMhlathuze,2023,0310,Capital assets,-1067925298.0
KZN282,uMhlathuze,2023,0360,Borrowing long term/refinancing,600000000.0
KZN282,uMhlathuze,2023,0390,Repayment of borrowing,-109923077.0
KZN282,uMhlathuze,2023,0420,Cash/cash equivalents at the year begin:,684763762.0
KZN282,uMhlathuze,2023,0430,Cash/cash equivalents at the year end:,482715030.0
KZN284,uMlalazi,2023,0120,Property rates,22870093.0
KZN284,uMlalazi,2023,0130,Service charges,38403666.0
KZN284,uMlalazi,2023,0140,Other revenue,511974841.0
KZN284,uMlalazi,2023,0150,Transfers and Subsidies - Operational,84680107.0
KZN284,uMlalazi,2023,0160,Transfers and Subsidies - Capital,8827000.0
KZN284,uMlalazi,2023,0200,Suppliers and employees,-499944469.0
KZN284,uMlalazi,2023,0310,Capital assets,-58221576.0
KZN284,uMlalazi,2023,0420,Cash/cash equivalents at the year begin:,104786368.0
KZN284,uMlalazi,2023,0430,Cash/cash equivalents at the year end:,213376030.0
KZN285,Mthonjaneni,2023,0140,Other revenue,49413.0
KZN285,Mthonjaneni,2023,0160,Transfers and Subsidies - Capital,-1769002.0
KZN285,Mthonjaneni,2023,0170,Interest,4865.0
KZN285,Mthonjaneni,2023,0310,Capital assets,117872.0
KZN285,Mthonjaneni,2023,0420,Cash/cash equivalents at the year begin:,102073.0
KZN285,Mthonjaneni,2023,0430,Cash/cash equivalents at the year end:,-1494779.0
KZN286,Nkandla,2023,0120,Property rates,1839254.0
KZN286,Nkandla,2023,0130,Service charges,3244759.0
KZN286,Nkandla,2023,0140,Other revenue,4265746.0
KZN286,Nkandla,2023,0150,Transfers and Subsidies - Operational,248410634.0
KZN286,Nkandla,2023,0200,Suppliers and employees,-42594524.0
KZN286,Nkandla,2023,0310,Capital assets,-15100638.0
KZN286,Nkandla,2023,0420,Cash/cash equivalents at the year begin:,217.0
KZN286,Nkandla,2023,0430,Cash/cash equivalents at the year end:,200065448.0
KZN291,Mandeni,2023,0120,Property rates,72865232.0
KZN291,Mandeni,2023,0130,Service charges,5446486.0
KZN291,Mandeni,2023,0140,Other revenue,29303906.0
KZN291,Mandeni,2023,0150,Transfers and Subsidies - Operational,869869523.0
KZN291,Mandeni,2023,0160,Transfers and Subsidies - Capital,153400716.0
KZN291,Mandeni,2023,0170,Interest,11895596.0
KZN291,Mandeni,2023,0200,Suppliers and employees,-22925602.0
KZN291,Mandeni,2023,0220,Transfers and Subsidies,4214119.0
KZN291,Mandeni,2023,0370,Increase (decrease) in consumer deposits,176429.0
KZN291,Mandeni,2023,0420,Cash/cash equivalents at the year begin:,82987500.0
KZN291,Mandeni,2023,0430,Cash/cash equivalents at the year end:,1207233905.0
KZN292,KwaDukuza,2023,0120,Property rates,606331181.0
KZN292,KwaDukuza,2023,0130,Service charges,1293673287.0
KZN292,KwaDukuza,2023,0140,Other revenue,137999996.0
KZN292,KwaDukuza,2023,0150,Transfers and Subsidies - Operational,266115440.0
KZN292,KwaDukuza,2023,0160,Transfers and Subsidies - Capital,1445430000.0
KZN292,KwaDukuza,2023,0170,Interest,74187423.0
KZN292,KwaDukuza,2023,0200,Suppliers and employees,-1416693589.0
KZN292,KwaDukuza,2023,0210,Finance charges,-18001678.0
KZN292,KwaDukuza,2023,0310,Capital assets,-650839245.0
KZN292,KwaDukuza,2023,0390,Repayment of borrowing,-52985.0
KZN292,KwaDukuza,2023,0420,Cash/cash equivalents at the year begin:,933790642.0
KZN292,KwaDukuza,2023,0430,Cash/cash equivalents at the year end:,2671940472.0
KZN293,Ndwedwe,2023,0120,Property rates,13324712.0
KZN293,Ndwedwe,2023,0130,Service charges,64200.0
KZN293,Ndwedwe,2023,0140,Other revenue,622124.0
KZN293,Ndwedwe,2023,0150,Transfers and Subsidies - Operational,1367646853.0
KZN293,Ndwedwe,2023,0170,Interest,1437366.0
KZN293,Ndwedwe,2023,0200,Suppliers and employees,-82667.0
KZN293,Ndwedwe,2023,0420,Cash/cash equivalents at the year begin:,103303819.0
KZN293,Ndwedwe,2023,0430,Cash/cash equivalents at the year end:,1486316407.0
KZN294,Maphumulo,2023,0120,Property rates,47558894.0
KZN294,Maphumulo,2023,0130,Service charges,394757.0
KZN294,Maphumulo,2023,0140,Other revenue,36861164.0
KZN294,Maphumulo,2023,0150,Transfers and Subsidies - Operational,1090435442.0
KZN294,Maphumulo,2023,0160,Transfers and Subsidies - Capital,32368000.0
KZN294,Maphumulo,2023,0170,Interest,312097.0
KZN294,Maphumulo,2023,0200,Suppliers and employees,-295672167.0
KZN294,Maphumulo,2023,0260,Proceeds on disposal of PPE,4729136.0
KZN294,Maphumulo,2023,0310,Capital assets,-53229417.0
KZN294,Maphumulo,2023,0420,Cash/cash equivalents at the year begin:,14164188.0
KZN294,Maphumulo,2023,0430,Cash/cash equivalents at the year end:,877922094.0
KZN433,Greater Kokstad,2023,0120,Property rates,202089657.0
KZN433,Greater Kokstad,2023,0130,Service charges,145454073.0
KZN433,Greater Kokstad,2023,0140,Other revenue,19232856.0
KZN433,Greater Kokstad,2023,0150,Transfers and Subsidies - Operational,102054149.0
KZN433,Greater Kokstad,2023,0160,Transfers and Subsidies - Capital,86075681.0
KZN433,Greater Kokstad,2023,0170,Interest,5201263.0
KZN433,Greater Kokstad,2023,0200,Suppliers and employees,-266917759.0
KZN433,Greater Kokstad,2023,0220,Transfers and Subsidies,-452250.0
KZN433,Greater Kokstad,2023,0310,Capital assets,-81714146.0
KZN433,Greater Kokstad,2023,0420,Cash/cash equivalents at the year begin:,71012102.0
KZN433,Greater Kokstad,2023,0430,Cash/cash equivalents at the year end:,282035626.0
KZN434,Johannes Phumani Phungula,2023,0120,Property rates,18356814.0
KZN434,Johannes Phumani Phungula,2023,0130,Service charges,1585929.0
KZN434,Johannes Phumani Phungula,2023,0140,Other revenue,53336741.0
KZN434,Johannes Phumani Phungula,2023,0150,Transfers and Subsidies - Operational,430538676.0
KZN434,Johannes Phumani Phungula,2023,0160,Transfers and Subsidies - Capital,30351000.0
KZN434,Johannes Phumani Phungula,2023,0170,Interest,13988222.0
KZN434,Johannes Phumani Phungula,2023,0200,Suppliers and employees,-420497424.0
KZN434,Johannes Phumani Phungula,2023,0220,Transfers and Subsidies,-3673000.0
KZN434,Johannes Phumani Phungula,2023,0310,Capital assets,-31019191.0
KZN434,Johannes Phumani Phungula,2023,0420,Cash/cash equivalents at the year begin:,773741576.0
KZN434,Johannes Phumani Phungula,2023,0430,Cash/cash equivalents at the year end:,866709343.0
KZN435,Umzimkhulu,2023,0120,Property rates,8492668.0
KZN435,Umzimkhulu,2023,0130,Service charges,2139247.0
KZN435,Umzimkhulu,2023,0140,Other revenue,25346921.0
KZN435,Umzimkhulu,2023,0150,Transfers and Subsidies - Operational,287979600.0
KZN435,Umzimkhulu,2023,0160,Transfers and Subsidies - Capital,75592792.0
KZN435,Umzimkhulu,2023,0170,Interest,13102990.0
KZN435,Umzimkhulu,2023,0200,Suppliers and employees,-104346816.0
KZN435,Umzimkhulu,2023,0260,Proceeds on disposal of PPE,18875.0
KZN435,Umzimkhulu,2023,0290,Decrease (increase) in non-current investments,73857268.0
KZN435,Umzimkhulu,2023,0310,Capital assets,-104979149.0
KZN435,Umzimkhulu,2023,0420,Cash/cash equivalents at the year begin:,182725760.0
KZN435,Umzimkhulu,2023,0430,Cash/cash equivalents at the year end:,459930156.0
KZN436,Dr Nkosazana Dlamini Zuma,2023,0120,Property rates,29893832.0
KZN436,Dr Nkosazana Dlamini Zuma,2023,0130,Service charges,2362475.0
KZN436,Dr Nkosazana Dlamini Zuma,2023,0140,Other revenue,2366073.0
KZN436,Dr Nkosazana Dlamini Zuma,2023,0150,Transfers and Subsidies - Operational,170867800.0
KZN436,Dr Nkosazana Dlamini Zuma,2023,0160,Transfers and Subsidies - Capital,22918000.0
KZN436,Dr Nkosazana Dlamini Zuma,2023,0200,Suppliers and employees,-57045057.0
KZN436,Dr Nkosazana Dlamini Zuma,2023,0260,Proceeds on disposal of PPE,4292560.0
KZN436,Dr Nkosazana Dlamini Zuma,2023,0310,Capital assets,-82671684.0
KZN436,Dr Nkosazana Dlamini Zuma,2023,0420,Cash/cash equivalents at the year begin:,180234959.0
KZN436,Dr Nkosazana Dlamini Zuma,2023,0430,Cash/cash equivalents at the year end:,273218958.0
LIM331,Greater Giyani,2023,0120,Property rates,29544877.0
LIM331,Greater Giyani,2023,0130,Service charges,8463327.0
LIM331,Greater Giyani,2023,0140,Other revenue,2069612.0
LIM331,Greater Giyani,2023,0150,Transfers and Subsidies - Operational,398159153.0
LIM331,Greater Giyani,2023,0160,Transfers and Subsidies - Capital,63036974.0
LIM331,Greater Giyani,2023,0200,Suppliers and employees,-548020278.0
LIM331,Greater Giyani,2023,0430,Cash/cash equivalents at the year end:,-46746335.0
LIM332,Greater Letaba,2023,0120,Property rates,5491531.0
LIM332,Greater Letaba,2023,0130,Service charges,27803428.0
LIM332,Greater Letaba,2023,0140,Other revenue,34362476.0
LIM332,Greater Letaba,2023,0150,Transfers and Subsidies - Operational,352173181.0
LIM332,Greater Letaba,2023,0160,Transfers and Subsidies - Capital,101268934.0
LIM332,Greater Letaba,2023,0170,Interest,1629711.0
LIM332,Greater Letaba,2023,0200,Suppliers and employees,-272409644.0
LIM332,Greater Letaba,2023,0260,Proceeds on disposal of PPE,829950.0
LIM332,Greater Letaba,2023,0310,Capital assets,-130409771.0
LIM332,Greater Letaba,2023,0420,Cash/cash equivalents at the year begin:,1467957.0
LIM332,Greater Letaba,2023,0430,Cash/cash equivalents at the year end:,122207753.0
LIM333,Greater Tzaneen,2023,0150,Transfers and Subsidies - Operational,30000000.0
LIM333,Greater Tzaneen,2023,0200,Suppliers and employees,-1212654148.0
LIM333,Greater Tzaneen,2023,0210,Finance charges,-713098.0
LIM333,Greater Tzaneen,2023,0220,Transfers and Subsidies,-8453431.0
LIM333,Greater Tzaneen,2023,0290,Decrease (increase) in non-current investments,-3484183.0
LIM333,Greater Tzaneen,2023,0310,Capital assets,-165896193.0
LIM333,Greater Tzaneen,2023,0420,Cash/cash equivalents at the year begin:,147461259.0
LIM333,Greater Tzaneen,2023,0430,Cash/cash equivalents at the year end:,-1213739794.0
LIM334,Ba-Phalaborwa,2023,0120,Property rates,88201683.0
LIM334,Ba-Phalaborwa,2023,0130,Service charges,184589012.0
LIM334,Ba-Phalaborwa,2023,0140,Other revenue,82328069.0
LIM334,Ba-Phalaborwa,2023,0150,Transfers and Subsidies - Operational,195030300.0
LIM334,Ba-Phalaborwa,2023,0160,Transfers and Subsidies - Capital,42376700.0
LIM334,Ba-Phalaborwa,2023,0170,Interest,3014073.0
LIM334,Ba-Phalaborwa,2023,0200,Suppliers and employees,-523057952.0
LIM334,Ba-Phalaborwa,2023,0310,Capital assets,-19232098.0
LIM334,Ba-Phalaborwa,2023,0390,Repayment of borrowing,-17642340.0
LIM334,Ba-Phalaborwa,2023,0420,Cash/cash equivalents at the year begin:,56720269.0
LIM334,Ba-Phalaborwa,2023,0430,Cash/cash equivalents at the year end:,92327716.0
LIM335,Maruleng,2023,0120,Property rates,1115869.0
LIM335,Maruleng,2023,0130,Service charges,425.0
LIM335,Maruleng,2023,0140,Other revenue,173352400.0
LIM335,Maruleng,2023,0150,Transfers and Subsidies - Operational,153274996.0
LIM335,Maruleng,2023,0160,Transfers and Subsidies - Capital,65170000.0
LIM335,Maruleng,2023,0200,Suppliers and employees,-155817637.0
LIM335,Maruleng,2023,0310,Capital assets,-163136358.0
LIM335,Maruleng,2023,0390,Repayment of borrowing,823064.0
LIM335,Maruleng,2023,0420,Cash/cash equivalents at the year begin:,154748527.0
LIM335,Maruleng,2023,0430,Cash/cash equivalents at the year end:,229531286.0
LIM341,Musina,2023,0130,Service charges,74788883.0
LIM341,Musina,2023,0140,Other revenue,98837779.0
LIM341,Musina,2023,0150,Transfers and Subsidies - Operational,4756317.0
LIM341,Musina,2023,0200,Suppliers and employees,-132581307.0
LIM341,Musina,2023,0260,Proceeds on disposal of PPE,1525327.0
LIM341,Musina,2023,0310,Capital assets,-39542877.0
LIM341,Musina,2023,0420,Cash/cash equivalents at the year begin:,6821014.0
LIM341,Musina,2023,0430,Cash/cash equivalents at the year end:,14605136.0
LIM343,Thulamela,2023,0120,Property rates,61790148.0
LIM343,Thulamela,2023,0130,Service charges,17434284.0
LIM343,Thulamela,2023,0140,Other revenue,118618157.0
LIM343,Thulamela,2023,0150,Transfers and Subsidies - Operational,703941677.0
LIM343,Thulamela,2023,0160,Transfers and Subsidies - Capital,158912000.0
LIM343,Thulamela,2023,0170,Interest,60710157.0
LIM343,Thulamela,2023,0200,Suppliers and employees,-623876438.0
LIM343,Thulamela,2023,0310,Capital assets,-284631805.0
LIM343,Thulamela,2023,0420,Cash/cash equivalents at the year begin:,988403102.0
LIM343,Thulamela,2023,0430,Cash/cash equivalents at the year end:,1201301282.0
LIM344,Makhado,2023,0120,Property rates,168112729.0
LIM344,Makhado,2023,0130,Service charges,357395596.0
LIM344,Makhado,2023,0140,Other revenue,59907994.0
LIM344,Makhado,2023,0150,Transfers and Subsidies - Operational,455347318.0
LIM344,Makhado,2023,0160,Transfers and Subsidies - Capital,122717000.0
LIM344,Makhado,2023,0200,Suppliers and employees,-1092450053.0
LIM344,Makhado,2023,0310,Capital assets,-220926041.0
LIM344,Makhado,2023,0420,Cash/cash equivalents at the year begin:,201324165.0
LIM344,Makhado,2023,0430,Cash/cash equivalents at the year end:,51428708.0
LIM345,Collins Chabane,2023,0120,Property rates,18171610.0
LIM345,Collins Chabane,2023,0130,Service charges,2782039.0
LIM345,Collins Chabane,2023,0140,Other revenue,12058666.0
LIM345,Collins Chabane,2023,0150,Transfers and Subsidies - Operational,532089763.0
LIM345,Collins Chabane,2023,0160,Transfers and Subsidies - Capital,80734000.0
LIM345,Collins Chabane,2023,0200,Suppliers and employees,-233749192.0
LIM345,Collins Chabane,2023,0290,Decrease (increase) in non-current investments,-68200000.0
LIM345,Collins Chabane,2023,0310,Capital assets,-390954288.0
LIM345,Collins Chabane,2023,0420,Cash/cash equivalents at the year begin:,410710971.0
LIM345,Collins Chabane,2023,0430,Cash/cash equivalents at the year end:,363643569.0
LIM351,Blouberg,2023,0120,Property rates,34034099.0
LIM351,Blouberg,2023,0130,Service charges,27238015.0
LIM351,Blouberg,2023,0140,Other revenue,192707210.0
LIM351,Blouberg,2023,0150,Transfers and Subsidies - Operational,70482921.0
LIM351,Blouberg,2023,0160,Transfers and Subsidies - Capital,104336000.0
LIM351,Blouberg,2023,0170,Interest,276961.0
LIM351,Blouberg,2023,0200,Suppliers and employees,-556192295.0
LIM351,Blouberg,2023,0290,Decrease (increase) in non-current investments,-226630.0
LIM351,Blouberg,2023,0310,Capital assets,-99909543.0
LIM351,Blouberg,2023,0420,Cash/cash equivalents at the year begin:,84834551.0
LIM351,Blouberg,2023,0430,Cash/cash equivalents at the year end:,-142418711.0
LIM353,Molemole,2023,0120,Property rates,22532640.0
LIM353,Molemole,2023,0130,Service charges,672196.0
LIM353,Molemole,2023,0140,Other revenue,354402000.0
LIM353,Molemole,2023,0150,Transfers and Subsidies - Operational,125667414.0
LIM353,Molemole,2023,0160,Transfers and Subsidies - Capital,44292000.0
LIM353,Molemole,2023,0170,Interest,262348.0
LIM353,Molemole,2023,0200,Suppliers and employees,-343924975.0
LIM353,Molemole,2023,0310,Capital assets,-52854650.0
LIM353,Molemole,2023,0420,Cash/cash equivalents at the year begin:,105278542.0
LIM353,Molemole,2023,0430,Cash/cash equivalents at the year end:,256327515.0
LIM354,Polokwane,2023,0120,Property rates,523004598.0
LIM354,Polokwane,2023,0130,Service charges,2095158101.0
LIM354,Polokwane,2023,0140,Other revenue,2390444609.0
LIM354,Polokwane,2023,0150,Transfers and Subsidies - Operational,1231726289.0
LIM354,Polokwane,2023,0160,Transfers and Subsidies - Capital,659393196.0
LIM354,Polokwane,2023,0170,Interest,34613312.0
LIM354,Polokwane,2023,0200,Suppliers and employees,-3584464532.0
LIM354,Polokwane,2023,0260,Proceeds on disposal of PPE,1918749.0
LIM354,Polokwane,2023,0310,Capital assets,-745602247.0
LIM354,Polokwane,2023,0420,Cash/cash equivalents at the year begin:,232670007.0
LIM354,Polokwane,2023,0430,Cash/cash equivalents at the year end:,2838862082.0
LIM355,Lepelle-Nkumpi,2023,0120,Property rates,9574654.0
LIM355,Lepelle-Nkumpi,2023,0130,Service charges,3064293.0
LIM355,Lepelle-Nkumpi,2023,0140,Other revenue,39120981.0
LIM355,Lepelle-Nkumpi,2023,0150,Transfers and Subsidies - Operational,308618199.0
LIM355,Lepelle-Nkumpi,2023,0160,Transfers and Subsidies - Capital,70235000.0
LIM355,Lepelle-Nkumpi,2023,0170,Interest,25803273.0
LIM355,Lepelle-Nkumpi,2023,0200,Suppliers and employees,-105629344.0
LIM355,Lepelle-Nkumpi,2023,0310,Capital assets,-277.0
LIM355,Lepelle-Nkumpi,2023,0420,Cash/cash equivalents at the year begin:,404426542.0
LIM355,Lepelle-Nkumpi,2023,0430,Cash/cash equivalents at the year end:,755213321.0
LIM361,Thabazimbi,2023,0120,Property rates,66057559.0
LIM361,Thabazimbi,2023,0130,Service charges,115382266.0
LIM361,Thabazimbi,2023,0140,Other revenue,21620325.0
LIM361,Thabazimbi,2023,0150,Transfers and Subsidies - Operational,61531022.0
LIM361,Thabazimbi,2023,0160,Transfers and Subsidies - Capital,15152623.0
LIM361,Thabazimbi,2023,0200,Suppliers and employees,-172254782.0
LIM361,Thabazimbi,2023,0310,Capital assets,-56047045.0
LIM361,Thabazimbi,2023,0420,Cash/cash equivalents at the year begin:,10907201.0
LIM361,Thabazimbi,2023,0430,Cash/cash equivalents at the year end:,62349169.0
LIM362,Lephalale,2023,0120,Property rates,518002557.0
LIM362,Lephalale,2023,0130,Service charges,1770888523.0
LIM362,Lephalale,2023,0140,Other revenue,361633176.0
LIM362,Lephalale,2023,0150,Transfers and Subsidies - Operational,707189978.0
LIM362,Lephalale,2023,0160,Transfers and Subsidies - Capital,493403692.0
LIM362,Lephalale,2023,0200,Suppliers and employees,-288972045.0
LIM362,Lephalale,2023,0310,Capital assets,-74847838.0
LIM362,Lephalale,2023,0390,Repayment of borrowing,-7246030.0
LIM362,Lephalale,2023,0420,Cash/cash equivalents at the year begin:,94055281.0
LIM362,Lephalale,2023,0430,Cash/cash equivalents at the year end:,3574107294.0
LIM366,Bela Bela,2023,0120,Property rates,77567341.0
LIM366,Bela Bela,2023,0130,Service charges,191414062.0
LIM366,Bela Bela,2023,0140,Other revenue,12755957.0
LIM366,Bela Bela,2023,0150,Transfers and Subsidies - Operational,146027304.0
LIM366,Bela Bela,2023,0160,Transfers and Subsidies - Capital,80466000.0
LIM366,Bela Bela,2023,0170,Interest,1240048.0
LIM366,Bela Bela,2023,0200,Suppliers and employees,-282652791.0
LIM366,Bela Bela,2023,0280,Decrease (increase) in non-current receivables,83710.0
LIM366,Bela Bela,2023,0310,Capital assets,-77763885.0
LIM366,Bela Bela,2023,0420,Cash/cash equivalents at the year begin:,15196560.0
LIM366,Bela Bela,2023,0430,Cash/cash equivalents at the year end:,164334306.0
LIM367,Mogalakwena,2023,0120,Property rates,58269142.0
LIM367,Mogalakwena,2023,0130,Service charges,312343162.0
LIM367,Mogalakwena,2023,0140,Other revenue,483581515.0
LIM367,Mogalakwena,2023,0150,Transfers and Subsidies - Operational,215473000.0
LIM367,Mogalakwena,2023,0160,Transfers and Subsidies - Capital,284021826.0
LIM367,Mogalakwena,2023,0170,Interest,3870802.0
LIM367,Mogalakwena,2023,0200,Suppliers and employees,-990273189.0
LIM367,Mogalakwena,2023,0260,Proceeds on disposal of PPE,3867393.0
LIM367,Mogalakwena,2023,0280,Decrease (increase) in non-current receivables,-37119077.0
LIM367,Mogalakwena,2023,0310,Capital assets,-254719741.0
LIM367,Mogalakwena,2023,0420,Cash/cash equivalents at the year begin:,68224446.0
LIM367,Mogalakwena,2023,0430,Cash/cash equivalents at the year end:,147539279.0
LIM471,Ephraim Mogale,2023,0120,Property rates,35993507.0
LIM471,Ephraim Mogale,2023,0130,Service charges,88695133.0
LIM471,Ephraim Mogale,2023,0140,Other revenue,18169166.0
LIM471,Ephraim Mogale,2023,0150,Transfers and Subsidies - Operational,183630288.0
LIM471,Ephraim Mogale,2023,0160,Transfers and Subsidies - Capital,56821000.0
LIM471,Ephraim Mogale,2023,0200,Suppliers and employees,-125817714.0
LIM471,Ephraim Mogale,2023,0280,Decrease (increase) in non-current receivables,-677072.0
LIM471,Ephraim Mogale,2023,0310,Capital assets,-76682819.0
LIM471,Ephraim Mogale,2023,0390,Repayment of borrowing,-592403.0
LIM471,Ephraim Mogale,2023,0420,Cash/cash equivalents at the year begin:,205735844.0
LIM471,Ephraim Mogale,2023,0430,Cash/cash equivalents at the year end:,385274930.0
LIM472,Elias Motsoaledi,2023,0120,Property rates,1165400.0
LIM472,Elias Motsoaledi,2023,0130,Service charges,1921891.0
LIM472,Elias Motsoaledi,2023,0140,Other revenue,2203108.0
LIM472,Elias Motsoaledi,2023,0150,Transfers and Subsidies - Operational,378202194.0
LIM472,Elias Motsoaledi,2023,0170,Interest,1320496.0
LIM472,Elias Motsoaledi,2023,0200,Suppliers and employees,-422723159.0
LIM472,Elias Motsoaledi,2023,0310,Capital assets,-99202559.0
LIM472,Elias Motsoaledi,2023,0390,Repayment of borrowing,-7025442.0
LIM472,Elias Motsoaledi,2023,0420,Cash/cash equivalents at the year begin:,14719251.0
LIM472,Elias Motsoaledi,2023,0430,Cash/cash equivalents at the year end:,-129418820.0
LIM473,Makhuduthamaga,2023,0120,Property rates,23724147.0
LIM473,Makhuduthamaga,2023,0130,Service charges,255979.0
LIM473,Makhuduthamaga,2023,0140,Other revenue,38807899.0
LIM473,Makhuduthamaga,2023,0150,Transfers and Subsidies - Operational,333845000.0
LIM473,Makhuduthamaga,2023,0160,Transfers and Subsidies - Capital,94915000.0
LIM473,Makhuduthamaga,2023,0170,Interest,1517240.0
LIM473,Makhuduthamaga,2023,0200,Suppliers and employees,-595356761.0
LIM473,Makhuduthamaga,2023,0310,Capital assets,-93987386.0
LIM473,Makhuduthamaga,2023,0430,Cash/cash equivalents at the year end:,-196278882.0
LIM476,Tubatse Fetakgomo,2023,0120,Property rates,71402558.0
LIM476,Tubatse Fetakgomo,2023,0130,Service charges,12136903.0
LIM476,Tubatse Fetakgomo,2023,0140,Other revenue,58863091.0
LIM476,Tubatse Fetakgomo,2023,0150,Transfers and Subsidies - Operational,528418508.0
LIM476,Tubatse Fetakgomo,2023,0160,Transfers and Subsidies - Capital,199758894.0
LIM476,Tubatse Fetakgomo,2023,0170,Interest,13418249.0
LIM476,Tubatse Fetakgomo,2023,0200,Suppliers and employees,-446062999.0
LIM476,Tubatse Fetakgomo,2023,0310,Capital assets,-226722518.0
LIM476,Tubatse Fetakgomo,2023,0420,Cash/cash equivalents at the year begin:,186220185.0
LIM476,Tubatse Fetakgomo,2023,0430,Cash/cash equivalents at the year end:,397432871.0
MAN,Mangaung,2023,0120,Property rates,846350376.0
MAN,Mangaung,2023,0130,Service charges,3582971282.0
MAN,Mangaung,2023,0140,Other revenue,6135099388.0
MAN,Mangaung,2023,0150,Transfers and Subsidies - Operational,660183927.0
MAN,Mangaung,2023,0160,Transfers and Subsidies - Capital,904966233.0
MAN,Mangaung,2023,0170,Interest,61638583.0
MAN,Mangaung,2023,0180,Dividends,11859.0
MAN,Mangaung,2023,0200,Suppliers and employees,-6910387376.0
MAN,Mangaung,2023,0280,Decrease (increase) in non-current receivables,3279495.0
MAN,Mangaung,2023,0290,Decrease (increase) in non-current investments,-19512.0
MAN,Mangaung,2023,0310,Capital assets,-695209532.0
MAN,Mangaung,2023,0390,Repayment of borrowing,-206238258.0
MAN,Mangaung,2023,0420,Cash/cash equivalents at the year begin:,740533471.0
MAN,Mangaung,2023,0430,Cash/cash equivalents at the year end:,5123179936.0
MP301,Albert Luthuli,2023,0140,Other revenue,13682274.0
MP301,Albert Luthuli,2023,0200,Suppliers and employees,-201876619.0
MP301,Albert Luthuli,2023,0220,Transfers and Subsidies,-389970.0
MP301,Albert Luthuli,2023,0420,Cash/cash equivalents at the year begin:,30151645.0
MP301,Albert Luthuli,2023,0430,Cash/cash equivalents at the year end:,-158432670.0
MP302,Msukaligwa,2023,0120,Property rates,155331298.0
MP302,Msukaligwa,2023,0130,Service charges,300958078.0
MP302,Msukaligwa,2023,0140,Other revenue,556399357.0
MP302,Msukaligwa,2023,0150,Transfers and Subsidies - Operational,246862701.0
MP302,Msukaligwa,2023,0160,Transfers and Subsidies - Capital,129555000.0
MP302,Msukaligwa,2023,0200,Suppliers and employees,-232195727.0
MP302,Msukaligwa,2023,0260,Proceeds on disposal of PPE,-172878.0
MP302,Msukaligwa,2023,0420,Cash/cash equivalents at the year begin:,9673827.0
MP302,Msukaligwa,2023,0430,Cash/cash equivalents at the year end:,1166411656.0
MP303,Mkhondo,2023,0120,Property rates,63878451.0
MP303,Mkhondo,2023,0130,Service charges,88266016.0
MP303,Mkhondo,2023,0140,Other revenue,5687593.0
MP303,Mkhondo,2023,0150,Transfers and Subsidies - Operational,106956669.0
MP303,Mkhondo,2023,0160,Transfers and Subsidies - Capital,129482344.0
MP303,Mkhondo,2023,0170,Interest,151949.0
MP303,Mkhondo,2023,0200,Suppliers and employees,-576726355.0
MP303,Mkhondo,2023,0260,Proceeds on disposal of PPE,19280.0
MP303,Mkhondo,2023,0290,Decrease (increase) in non-current investments,-32932.0
MP303,Mkhondo,2023,0310,Capital assets,-112258044.0
MP303,Mkhondo,2023,0420,Cash/cash equivalents at the year begin:,4232936.0
MP303,Mkhondo,2023,0430,Cash/cash equivalents at the year end:,-290342093.0
MP304,Pixley Ka Seme (MP),2023,0120,Property rates,27826300.0
MP304,Pixley Ka Seme (MP),2023,0130,Service charges,87373890.0
MP304,Pixley Ka Seme (MP),2023,0140,Other revenue,33891914.0
MP304,Pixley Ka Seme (MP),2023,0150,Transfers and Subsidies - Operational,126765210.0
MP304,Pixley Ka Seme (MP),2023,0160,Transfers and Subsidies - Capital,6001132.0
MP304,Pixley Ka Seme (MP),2023,0200,Suppliers and employees,-252197090.0
MP304,Pixley Ka Seme (MP),2023,0310,Capital assets,-34308313.0
MP304,Pixley Ka Seme (MP),2023,0420,Cash/cash equivalents at the year begin:,102349639.0
MP304,Pixley Ka Seme (MP),2023,0430,Cash/cash equivalents at the year end:,97702682.0
MP305,Lekwa,2023,0120,Property rates,118655345.0
MP305,Lekwa,2023,0130,Service charges,461731073.0
MP305,Lekwa,2023,0140,Other revenue,34102332.0
MP305,Lekwa,2023,0150,Transfers and Subsidies - Operational,271461791.0
MP305,Lekwa,2023,0160,Transfers and Subsidies - Capital,39536577.0
MP305,Lekwa,2023,0200,Suppliers and employees,-523911992.0
MP305,Lekwa,2023,0310,Capital assets,-54929535.0
MP305,Lekwa,2023,0390,Repayment of borrowing,797181.0
MP305,Lekwa,2023,0420,Cash/cash equivalents at the year begin:,10756063.0
MP305,Lekwa,2023,0430,Cash/cash equivalents at the year end:,358198835.0
MP306,Dipaleseng,2023,0120,Property rates,24311454.0
MP306,Dipaleseng,2023,0130,Service charges,109475320.0
MP306,Dipaleseng,2023,0140,Other revenue,22227937.0
MP306,Dipaleseng,2023,0150,Transfers and Subsidies - Operational,114524051.0
MP306,Dipaleseng,2023,0160,Transfers and Subsidies - Capital,38943000.0
MP306,Dipaleseng,2023,0200,Suppliers and employees,-224905489.0
MP306,Dipaleseng,2023,0310,Capital assets,-49354080.0
MP306,Dipaleseng,2023,0420,Cash/cash equivalents at the year begin:,7221025.0
MP306,Dipaleseng,2023,0430,Cash/cash equivalents at the year end:,42443218.0
MP307,Govan Mbeki,2023,0120,Property rates,439583558.0
MP307,Govan Mbeki,2023,0130,Service charges,1077376959.0
MP307,Govan Mbeki,2023,0140,Other revenue,42839656.0
MP307,Govan Mbeki,2023,0150,Transfers and Subsidies - Operational,367878952.0
MP307,Govan Mbeki,2023,0160,Transfers and Subsidies - Capital,123732000.0
MP307,Govan Mbeki,2023,0170,Interest,12179918.0
MP307,Govan Mbeki,2023,0200,Suppliers and employees,-1200906193.0
MP307,Govan Mbeki,2023,0290,Decrease (increase) in non-current investments,-63137.0
MP307,Govan Mbeki,2023,0310,Capital assets,-155110882.0
MP307,Govan Mbeki,2023,0420,Cash/cash equivalents at the year begin:,270133924.0
MP307,Govan Mbeki,2023,0430,Cash/cash equivalents at the year end:,977644755.0
MP311,Victor Khanye,2023,0120,Property rates,83275884.0
MP311,Victor Khanye,2023,0130,Service charges,225544129.0
MP311,Victor Khanye,2023,0140,Other revenue,61429742.0
MP311,Victor Khanye,2023,0150,Transfers and Subsidies - Operational,110482500.0
MP311,Victor Khanye,2023,0160,Transfers and Subsidies - Capital,15000000.0
MP311,Victor Khanye,2023,0170,Interest,708220.0
MP311,Victor Khanye,2023,0200,Suppliers and employees,-292517544.0
MP311,Victor Khanye,2023,0310,Capital assets,-42475214.0
MP311,Victor Khanye,2023,0420,Cash/cash equivalents at the year begin:,5605153.0
MP311,Victor Khanye,2023,0430,Cash/cash equivalents at the year end:,167052870.0
MP312,Emalahleni (MP),2023,0120,Property rates,532766479.0
MP312,Emalahleni (MP),2023,0130,Service charges,1392826165.0
MP312,Emalahleni (MP),2023,0140,Other revenue,174195026.0
MP312,Emalahleni (MP),2023,0150,Transfers and Subsidies - Operational,504718011.0
MP312,Emalahleni (MP),2023,0160,Transfers and Subsidies - Capital,206775000.0
MP312,Emalahleni (MP),2023,0200,Suppliers and employees,-2301139012.0
MP312,Emalahleni (MP),2023,0210,Finance charges,-1093894.0
MP312,Emalahleni (MP),2023,0290,Decrease (increase) in non-current investments,-50764.0
MP312,Emalahleni (MP),2023,0310,Capital assets,-199199480.0
MP312,Emalahleni (MP),2023,0420,Cash/cash equivalents at the year begin:,9764519.0
MP312,Emalahleni (MP),2023,0430,Cash/cash equivalents at the year end:,319562050.0
MP313,Steve Tshwete,2023,0120,Property rates,336533027.0
MP313,Steve Tshwete,2023,0130,Service charges,578415892.0
MP313,Steve Tshwete,2023,0140,Other revenue,64517251.0
MP313,Steve Tshwete,2023,0150,Transfers and Subsidies - Operational,291415444.0
MP313,Steve Tshwete,2023,0160,Transfers and Subsidies - Capital,275705000.0
MP313,Steve Tshwete,2023,0170,Interest,14670135.0
MP313,Steve Tshwete,2023,0200,Suppliers and employees,-545903958.0
MP313,Steve Tshwete,2023,0280,Decrease (increase) in non-current receivables,-2996154.0
MP313,Steve Tshwete,2023,0310,Capital assets,-603394524.0
MP313,Steve Tshwete,2023,0360,Borrowing long term/refinancing,191000000.0
MP313,Steve Tshwete,2023,0390,Repayment of borrowing,-17041339.0
MP313,Steve Tshwete,2023,0420,Cash/cash equivalents at the year begin:,368861155.0
MP313,Steve Tshwete,2023,0430,Cash/cash equivalents at the year end:,951781929.0
MP314,Emakhazeni,2023,0120,Property rates,42039673.0
MP314,Emakhazeni,2023,0130,Service charges,69229952.0
MP314,Emakhazeni,2023,0140,Other revenue,12774659.0
MP314,Emakhazeni,2023,0150,Transfers and Subsidies - Operational,86798387.0
MP314,Emakhazeni,2023,0160,Transfers and Subsidies - Capital,54272000.0
MP314,Emakhazeni,2023,0170,Interest,145534.0
MP314,Emakhazeni,2023,0200,Suppliers and employees,-86600417.0
MP314,Emakhazeni,2023,0310,Capital assets,-67922535.0
MP314,Emakhazeni,2023,0420,Cash/cash equivalents at the year begin:,22126120.0
MP314,Emakhazeni,2023,0430,Cash/cash equivalents at the year end:,132863373.0
MP315,Thembisile Hani,2023,0120,Property rates,38447105.0
MP315,Thembisile Hani,2023,0130,Service charges,9540930.0
MP315,Thembisile Hani,2023,0140,Other revenue,74501919.0
MP315,Thembisile Hani,2023,0150,Transfers and Subsidies - Operational,499920712.0
MP315,Thembisile Hani,2023,0200,Suppliers and employees,-341227798.0
MP315,Thembisile Hani,2023,0310,Capital assets,-201168364.0
MP315,Thembisile Hani,2023,0420,Cash/cash equivalents at the year begin:,132257576.0
MP315,Thembisile Hani,2023,0430,Cash/cash equivalents at the year end:,212272080.0
MP316,Dr J.S. Moroka,2023,0120,Property rates,43078520.0
MP316,Dr J.S. Moroka,2023,0130,Service charges,8409320.0
MP316,Dr J.S. Moroka,2023,0140,Other revenue,542967998.0
MP316,Dr J.S. Moroka,2023,0150,Transfers and Subsidies - Operational,332323000.0
MP316,Dr J.S. Moroka,2023,0200,Suppliers and employees,-216781667.0
MP316,Dr J.S. Moroka,2023,0310,Capital assets,-138534844.0
MP316,Dr J.S. Moroka,2023,0420,Cash/cash equivalents at the year begin:,3332335.0
MP316,Dr J.S. Moroka,2023,0430,Cash/cash equivalents at the year end:,574794662.0
MP321,Thaba Chweu,2023,0120,Property rates,73880166.0
MP321,Thaba Chweu,2023,0130,Service charges,10043033.0
MP321,Thaba Chweu,2023,0140,Other revenue,28192870.0
MP321,Thaba Chweu,2023,0150,Transfers and Subsidies - Operational,188032120.0
MP321,Thaba Chweu,2023,0160,Transfers and Subsidies - Capital,5100000.0
MP321,Thaba Chweu,2023,0170,Interest,1502750.0
MP321,Thaba Chweu,2023,0200,Suppliers and employees,-403396236.0
MP321,Thaba Chweu,2023,0310,Capital assets,-78059278.0
MP321,Thaba Chweu,2023,0420,Cash/cash equivalents at the year begin:,1141846.0
MP321,Thaba Chweu,2023,0430,Cash/cash equivalents at the year end:,-173562729.0
MP324,Nkomazi,2023,0120,Property rates,90327008.0
MP324,Nkomazi,2023,0130,Service charges,140422230.0
MP324,Nkomazi,2023,0140,Other revenue,2066502432.0
MP324,Nkomazi,2023,0150,Transfers and Subsidies - Operational,478695069.0
MP324,Nkomazi,2023,0160,Transfers and Subsidies - Capital,530839000.0
MP324,Nkomazi,2023,0170,Interest,20134358.0
MP324,Nkomazi,2023,0200,Suppliers and employees,-296800617.0
MP324,Nkomazi,2023,0310,Capital assets,-462640168.0
MP324,Nkomazi,2023,0420,Cash/cash equivalents at the year begin:,135690491.0
MP324,Nkomazi,2023,0430,Cash/cash equivalents at the year end:,2703169803.0
MP325,Bushbuckridge,2023,0120,Property rates,71119663.0
MP325,Bushbuckridge,2023,0130,Service charges,3917982.0
MP325,Bushbuckridge,2023,0140,Other revenue,56762047.0
MP325,Bushbuckridge,2023,0150,Transfers and Subsidies - Operational,337036000.0
MP325,Bushbuckridge,2023,0160,Transfers and Subsidies - Capital,494851000.0
MP325,Bushbuckridge,2023,0170,Interest,2612964.0
MP325,Bushbuckridge,2023,0200,Suppliers and employees,-1571772593.0
MP325,Bushbuckridge,2023,0420,Cash/cash equivalents at the year begin:,9474542.0
MP325,Bushbuckridge,2023,0430,Cash/cash equivalents at the year end:,-595998395.0
MP326,City of Mbombela,2023,0120,Property rates,759339975.0
MP326,City of Mbombela,2023,0130,Service charges,1519500601.0
MP326,City of Mbombela,2023,0140,Other revenue,1642632464.0
MP326,City of Mbombela,2023,0150,Transfers and Subsidies - Operational,322915000.0
MP326,City of Mbombela,2023,0160,Transfers and Subsidies - Capital,628121000.0
MP326,City of Mbombela,2023,0170,Interest,45569644.0
MP326,City of Mbombela,2023,0200,Suppliers and employees,-5353732035.0
MP326,City of Mbombela,2023,0280,Decrease (increase) in non-current receivables,-7010.0
MP326,City of Mbombela,2023,0310,Capital assets,-244000812.0
MP326,City of Mbombela,2023,0390,Repayment of borrowing,9927603.0
MP326,City of Mbombela,2023,0420,Cash/cash equivalents at the year begin:,144510600.0
MP326,City of Mbombela,2023,0430,Cash/cash equivalents at the year end:,-525222970.0
NC061,Richtersveld,2023,0200,Suppliers and employees,-64225562.0
NC061,Richtersveld,2023,0420,Cash/cash equivalents at the year begin:,50234670.0
NC061,Richtersveld,2023,0430,Cash/cash equivalents at the year end:,-13990892.0
NC062,Nama Khoi,2023,0120,Property rates,43770907.0
NC062,Nama Khoi,2023,0130,Service charges,170063004.0
NC062,Nama Khoi,2023,0140,Other revenue,42028637.0
NC062,Nama Khoi,2023,0150,Transfers and Subsidies - Operational,59387377.0
NC062,Nama Khoi,2023,0160,Transfers and Subsidies - Capital,9374736.0
NC062,Nama Khoi,2023,0200,Suppliers and employees,-305892209.0
NC062,Nama Khoi,2023,0210,Finance charges,-2274638.0
NC062,Nama Khoi,2023,0260,Proceeds on disposal of PPE,10922.0
NC062,Nama Khoi,2023,0280,Decrease (increase) in non-current receivables,532023.0
NC062,Nama Khoi,2023,0310,Capital assets,-5081331.0
NC062,Nama Khoi,2023,0360,Borrowing long term/refinancing,25000000.0
NC062,Nama Khoi,2023,0390,Repayment of borrowing,-439536.0
NC062,Nama Khoi,2023,0420,Cash/cash equivalents at the year begin:,24620358.0
NC062,Nama Khoi,2023,0430,Cash/cash equivalents at the year end:,61100250.0
NC064,Kamiesberg,2023,0120,Property rates,5661828.0
NC064,Kamiesberg,2023,0130,Service charges,10067595.0
NC064,Kamiesberg,2023,0140,Other revenue,52783801.0
NC064,Kamiesberg,2023,0150,Transfers and Subsidies - Operational,35657101.0
NC064,Kamiesberg,2023,0160,Transfers and Subsidies - Capital,10445000.0
NC064,Kamiesberg,2023,0200,Suppliers and employees,-115430276.0
NC064,Kamiesberg,2023,0310,Capital assets,-4397929.0
NC064,Kamiesberg,2023,0420,Cash/cash equivalents at the year begin:,7882972.0
NC064,Kamiesberg,2023,0430,Cash/cash equivalents at the year end:,2670092.0
NC065,Hantam,2023,0120,Property rates,11526739.0
NC065,Hantam,2023,0130,Service charges,50967348.0
NC065,Hantam,2023,0140,Other revenue,217831769.0
NC065,Hantam,2023,0150,Transfers and Subsidies - Operational,52702234.0
NC065,Hantam,2023,0160,Transfers and Subsidies - Capital,51966490.0
NC065,Hantam,2023,0170,Interest,1720621.0
NC065,Hantam,2023,0200,Suppliers and employees,-304733637.0
NC065,Hantam,2023,0310,Capital assets,-65350715.0
NC065,Hantam,2023,0390,Repayment of borrowing,-248111.0
NC065,Hantam,2023,0420,Cash/cash equivalents at the year begin:,3117491.0
NC065,Hantam,2023,0430,Cash/cash equivalents at the year end:,19500229.0
NC066,Karoo Hoogland,2023,0120,Property rates,38595177.0
NC066,Karoo Hoogland,2023,0130,Service charges,138616132.0
NC066,Karoo Hoogland,2023,0140,Other revenue,26419319.0
NC066,Karoo Hoogland,2023,0150,Transfers and Subsidies - Operational,210912000.0
NC066,Karoo Hoogland,2023,0160,Transfers and Subsidies - Capital,237372000.0
NC066,Karoo Hoogland,2023,0200,Suppliers and employees,-31416291.0
NC066,Karoo Hoogland,2023,0310,Capital assets,-26043276.0
NC066,Karoo Hoogland,2023,0420,Cash/cash equivalents at the year begin:,2953251.0
NC066,Karoo Hoogland,2023,0430,Cash/cash equivalents at the year end:,597408312.0
NC067,Khai-Ma,2023,0120,Property rates,9963109.0
NC067,Khai-Ma,2023,0130,Service charges,8394242.0
NC067,Khai-Ma,2023,0140,Other revenue,30962624.0
NC067,Khai-Ma,2023,0150,Transfers and Subsidies - Operational,19153018.0
NC067,Khai-Ma,2023,0160,Transfers and Subsidies - Capital,4700000.0
NC067,Khai-Ma,2023,0200,Suppliers and employees,-74639946.0
NC067,Khai-Ma,2023,0310,Capital assets,-3715899.0
NC067,Khai-Ma,2023,0420,Cash/cash equivalents at the year begin:,4423456.0
NC067,Khai-Ma,2023,0430,Cash/cash equivalents at the year end:,-759396.0
NC071,Ubuntu,2023,0120,Property rates,71086261.0
NC071,Ubuntu,2023,0130,Service charges,342323817.0
NC071,Ubuntu,2023,0140,Other revenue,21978494.0
NC071,Ubuntu,2023,0150,Transfers and Subsidies - Operational,360430000.0
NC071,Ubuntu,2023,0160,Transfers and Subsidies - Capital,299622587.0
NC071,Ubuntu,2023,0200,Suppliers and employees,-93468143.0
NC071,Ubuntu,2023,0210,Finance charges,-15000.0
NC071,Ubuntu,2023,0310,Capital assets,-32019409.0
NC071,Ubuntu,2023,0420,Cash/cash equivalents at the year begin:,6310754.0
NC071,Ubuntu,2023,0430,Cash/cash equivalents at the year end:,976249361.0
NC072,Umsobomvu,2023,0120,Property rates,10458108.0
NC072,Umsobomvu,2023,0130,Service charges,47924837.0
NC072,Umsobomvu,2023,0140,Other revenue,64321397.0
NC072,Umsobomvu,2023,0150,Transfers and Subsidies - Operational,68279000.0
NC072,Umsobomvu,2023,0160,Transfers and Subsidies - Capital,26988000.0
NC072,Umsobomvu,2023,0170,Interest,527511.0
NC072,Umsobomvu,2023,0200,Suppliers and employees,-73566418.0
NC072,Umsobomvu,2023,0310,Capital assets,-27275287.0
NC072,Umsobomvu,2023,0420,Cash/cash equivalents at the year begin:,1966493.0
NC072,Umsobomvu,2023,0430,Cash/cash equivalents at the year end:,119623641.0
NC075,Renosterberg,2023,0120,Property rates,4472754.0
NC075,Renosterberg,2023,0130,Service charges,17432526.0
NC075,Renosterberg,2023,0140,Other revenue,112825702.0
NC075,Renosterberg,2023,0150,Transfers and Subsidies - Operational,21983000.0
NC075,Renosterberg,2023,0170,Interest,106662.0
NC075,Renosterberg,2023,0200,Suppliers and employees,-23396104.0
NC075,Renosterberg,2023,0310,Capital assets,-7332779.0
NC075,Renosterberg,2023,0420,Cash/cash equivalents at the year begin:,1582876.0
NC075,Renosterberg,2023,0430,Cash/cash equivalents at the year end:,127674637.0
NC076,Thembelihle,2023,0120,Property rates,20474499.0
NC076,Thembelihle,2023,0130,Service charges,122709565.0
NC076,Thembelihle,2023,0140,Other revenue,72390325.0
NC076,Thembelihle,2023,0150,Transfers and Subsidies - Operational,274584909.0
NC076,Thembelihle,2023,0160,Transfers and Subsidies - Capital,147938000.0
NC076,Thembelihle,2023,0200,Suppliers and employees,-73885702.0
NC076,Thembelihle,2023,0260,Proceeds on disposal of PPE,2943223.0
NC076,Thembelihle,2023,0310,Capital assets,-18015017.0
NC076,Thembelihle,2023,0420,Cash/cash equivalents at the year begin:,632606.0
NC076,Thembelihle,2023,0430,Cash/cash equivalents at the year end:,549772408.0
NC077,Siyathemba,2023,0120,Property rates,105006385.0
NC077,Siyathemba,2023,0130,Service charges,172976330.0
NC077,Siyathemba,2023,0140,Other revenue,50430719.0
NC077,Siyathemba,2023,0150,Transfers and Subsidies - Operational,285207501.0
NC077,Siyathemba,2023,0160,Transfers and Subsidies - Capital,48000000.0
NC077,Siyathemba,2023,0200,Suppliers and employees,-60094160.0
NC077,Siyathemba,2023,0310,Capital assets,-6340641.0
NC077,Siyathemba,2023,0420,Cash/cash equivalents at the year begin:,5644285.0
NC077,Siyathemba,2023,0430,Cash/cash equivalents at the year end:,600830419.0
NC078,Siyancuma,2023,0120,Property rates,84305894.0
NC078,Siyancuma,2023,0130,Service charges,401903075.0
NC078,Siyancuma,2023,0140,Other revenue,25624998.0
NC078,Siyancuma,2023,0150,Transfers and Subsidies - Operational,464547319.0
NC078,Siyancuma,2023,0160,Transfers and Subsidies - Capital,75000000.0
NC078,Siyancuma,2023,0200,Suppliers and employees,-72433487.0
NC078,Siyancuma,2023,0210,Finance charges,-1697.0
NC078,Siyancuma,2023,0310,Capital assets,-1940837.0
NC078,Siyancuma,2023,0420,Cash/cash equivalents at the year begin:,24335218.0
NC078,Siyancuma,2023,0430,Cash/cash equivalents at the year end:,1001340483.0
NC084,!Kheis,2023,0130,Service charges,1343637.0
NC084,!Kheis,2023,0140,Other revenue,3538271.0
NC084,!Kheis,2023,0150,Transfers and Subsidies - Operational,30825783.0
NC084,!Kheis,2023,0160,Transfers and Subsidies - Capital,16567376.0
NC084,!Kheis,2023,0200,Suppliers and employees,-7822301.0
NC084,!Kheis,2023,0310,Capital assets,-9751384.0
NC084,!Kheis,2023,0420,Cash/cash equivalents at the year begin:,-2572725.0
NC084,!Kheis,2023,0430,Cash/cash equivalents at the year end:,32128657.0
NC085,Tsantsabane,2023,0120,Property rates,220101799.0
NC085,Tsantsabane,2023,0130,Service charges,630845405.0
NC085,Tsantsabane,2023,0140,Other revenue,70591280.0
NC085,Tsantsabane,2023,0150,Transfers and Subsidies - Operational,-1277689867.0
NC085,Tsantsabane,2023,0160,Transfers and Subsidies - Capital,276726898.0
NC085,Tsantsabane,2023,0200,Suppliers and employees,-211147460.0
NC085,Tsantsabane,2023,0260,Proceeds on disposal of PPE,146926142.0
NC085,Tsantsabane,2023,0420,Cash/cash equivalents at the year begin:,19074051.0
NC085,Tsantsabane,2023,0430,Cash/cash equivalents at the year end:,-124571752.0
NC086,Kgatelopele,2023,0120,Property rates,20746328.0
NC086,Kgatelopele,2023,0130,Service charges,1463006.0
NC086,Kgatelopele,2023,0140,Other revenue,-624381.0
NC086,Kgatelopele,2023,0170,Interest,916306.0
NC086,Kgatelopele,2023,0200,Suppliers and employees,194941.0
NC086,Kgatelopele,2023,0210,Finance charges,11339.0
NC086,Kgatelopele,2023,0260,Proceeds on disposal of PPE,71296.0
NC086,Kgatelopele,2023,0310,Capital assets,-276363.0
NC086,Kgatelopele,2023,0420,Cash/cash equivalents at the year begin:,4857487.0
NC086,Kgatelopele,2023,0430,Cash/cash equivalents at the year end:,27359959.0
NC087,Dawid Kruiper,2023,0120,Property rates,119248655.0
NC087,Dawid Kruiper,2023,0130,Service charges,515695304.0
NC087,Dawid Kruiper,2023,0140,Other revenue,31153899.0
NC087,Dawid Kruiper,2023,0150,Transfers and Subsidies - Operational,112329299.0
NC087,Dawid Kruiper,2023,0160,Transfers and Subsidies - Capital,108276082.0
NC087,Dawid Kruiper,2023,0200,Suppliers and employees,-301536816.0
NC087,Dawid Kruiper,2023,0310,Capital assets,-123633562.0
NC087,Dawid Kruiper,2023,0360,Borrowing long term/refinancing,16200000.0
NC087,Dawid Kruiper,2023,0420,Cash/cash equivalents at the year begin:,14319595.0
NC087,Dawid Kruiper,2023,0430,Cash/cash equivalents at the year end:,492052456.0
NC091,Sol Plaatje,2023,0120,Property rates,453721095.0
NC091,Sol Plaatje,2023,0130,Service charges,1024095807.0
NC091,Sol Plaatje,2023,0140,Other revenue,724269078.0
NC091,Sol Plaatje,2023,0150,Transfers and Subsidies - Operational,100622000.0
NC091,Sol Plaatje,2023,0160,Transfers and Subsidies - Capital,113738000.0
NC091,Sol Plaatje,2023,0200,Suppliers and employees,-3085242306.0
NC091,Sol Plaatje,2023,0210,Finance charges,-2401295.0
NC091,Sol Plaatje,2023,0310,Capital assets,-126015517.0
NC091,Sol Plaatje,2023,0420,Cash/cash equivalents at the year begin:,197590757.0
NC091,Sol Plaatje,2023,0430,Cash/cash equivalents at the year end:,-599622381.0
NC092,Dikgatlong,2023,0120,Property rates,6661275.0
NC092,Dikgatlong,2023,0130,Service charges,33000450.0
NC092,Dikgatlong,2023,0140,Other revenue,4425931.0
NC092,Dikgatlong,2023,0150,Transfers and Subsidies - Operational,100421413.0
NC092,Dikgatlong,2023,0160,Transfers and Subsidies - Capital,26370000.0
NC092,Dikgatlong,2023,0180,Dividends,21714.0
NC092,Dikgatlong,2023,0200,Suppliers and employees,-135848315.0
NC092,Dikgatlong,2023,0290,Decrease (increase) in non-current investments,5886.0
NC092,Dikgatlong,2023,0310,Capital assets,-23128436.0
NC092,Dikgatlong,2023,0390,Repayment of borrowing,-268383.0
NC092,Dikgatlong,2023,0420,Cash/cash equivalents at the year begin:,4661857.0
NC092,Dikgatlong,2023,0430,Cash/cash equivalents at the year end:,16323392.0
NC093,Magareng,2023,0120,Property rates,7364828.0
NC093,Magareng,2023,0130,Service charges,31255870.0
NC093,Magareng,2023,0140,Other revenue,-30572566.0
NC093,Magareng,2023,0150,Transfers and Subsidies - Operational,67209452.0
NC093,Magareng,2023,0160,Transfers and Subsidies - Capital,46224000.0
NC093,Magareng,2023,0200,Suppliers and employees,-120672789.0
NC093,Magareng,2023,0310,Capital assets,-16405931.0
NC093,Magareng,2023,0390,Repayment of borrowing,319270.0
NC093,Magareng,2023,0420,Cash/cash equivalents at the year begin:,241514.0
NC093,Magareng,2023,0430,Cash/cash equivalents at the year end:,-15036352.0
NC094,Phokwane,2023,0120,Property rates,17149586.0
NC094,Phokwane,2023,0130,Service charges,97677182.0
NC094,Phokwane,2023,0140,Other revenue,22022181.0
NC094,Phokwane,2023,0150,Transfers and Subsidies - Operational,159977959.0
NC094,Phokwane,2023,0160,Transfers and Subsidies - Capital,69038406.0
NC094,Phokwane,2023,0200,Suppliers and employees,-140265654.0
NC094,Phokwane,2023,0310,Capital assets,-82272813.0
NC094,Phokwane,2023,0420,Cash/cash equivalents at the year begin:,28255756.0
NC094,Phokwane,2023,0430,Cash/cash equivalents at the year end:,171582603.0
NC451,Joe Morolong,2023,0120,Property rates,16938564.0
NC451,Joe Morolong,2023,0130,Service charges,47063685.0
NC451,Joe Morolong,2023,0140,Other revenue,1449456.0
NC451,Joe Morolong,2023,0150,Transfers and Subsidies - Operational,391579148.0
NC451,Joe Morolong,2023,0160,Transfers and Subsidies - Capital,729205200.0
NC451,Joe Morolong,2023,0170,Interest,252423.0
NC451,Joe Morolong,2023,0200,Suppliers and employees,-455011295.0
NC451,Joe Morolong,2023,0310,Capital assets,-14572757.0
NC451,Joe Morolong,2023,0430,Cash/cash equivalents at the year end:,716904424.0
NC452,Ga-Segonyana,2023,0120,Property rates,41054750.0
NC452,Ga-Segonyana,2023,0130,Service charges,198340268.0
NC452,Ga-Segonyana,2023,0140,Other revenue,132372368.0
NC452,Ga-Segonyana,2023,0150,Transfers and Subsidies - Operational,206586693.0
NC452,Ga-Segonyana,2023,0160,Transfers and Subsidies - Capital,162431000.0
NC452,Ga-Segonyana,2023,0170,Interest,4294205.0
NC452,Ga-Segonyana,2023,0200,Suppliers and employees,-617411500.0
NC452,Ga-Segonyana,2023,0210,Finance charges,-650386.0
NC452,Ga-Segonyana,2023,0310,Capital assets,-166873746.0
NC452,Ga-Segonyana,2023,0390,Repayment of borrowing,-795783.0
NC452,Ga-Segonyana,2023,0420,Cash/cash equivalents at the year begin:,96367414.0
NC452,Ga-Segonyana,2023,0430,Cash/cash equivalents at the year end:,55715283.0
NMA,Nelson Mandela Bay,2023,0120,Property rates,4579850455.0
NMA,Nelson Mandela Bay,2023,0150,Transfers and Subsidies - Operational,102637.0
NMA,Nelson Mandela Bay,2023,0200,Suppliers and employees,582003347.0
NMA,Nelson Mandela Bay,2023,0280,Decrease (increase) in non-current receivables,-120967253.0
NMA,Nelson Mandela Bay,2023,0430,Cash/cash equivalents at the year end:,5040989186.0
NW371,Moretele,2023,0120,Property rates,5817552.0
NW371,Moretele,2023,0130,Service charges,548035.0
NW371,Moretele,2023,0140,Other revenue,22244222.0
NW371,Moretele,2023,0150,Transfers and Subsidies - Operational,407404548.0
NW371,Moretele,2023,0160,Transfers and Subsidies - Capital,196680000.0
NW371,Moretele,2023,0200,Suppliers and employees,-70172602.0
NW371,Moretele,2023,0310,Capital assets,-207694339.0
NW371,Moretele,2023,0420,Cash/cash equivalents at the year begin:,256478206.0
NW371,Moretele,2023,0430,Cash/cash equivalents at the year end:,611305622.0
NW372,Madibeng,2023,0120,Property rates,194464335.0
NW372,Madibeng,2023,0130,Service charges,651888164.0
NW372,Madibeng,2023,0140,Other revenue,2326091298.0
NW372,Madibeng,2023,0150,Transfers and Subsidies - Operational,268875742.0
NW372,Madibeng,2023,0160,Transfers and Subsidies - Capital,243888790.0
NW372,Madibeng,2023,0170,Interest,16452747.0
NW372,Madibeng,2023,0200,Suppliers and employees,-3156130924.0
NW372,Madibeng,2023,0290,Decrease (increase) in non-current investments,-22168883.0
NW372,Madibeng,2023,0310,Capital assets,-345397041.0
NW372,Madibeng,2023,0420,Cash/cash equivalents at the year begin:,204330502.0
NW372,Madibeng,2023,0430,Cash/cash equivalents at the year end:,382294730.0
NW373,Rustenburg,2023,0140,Other revenue,10515094295.0
NW373,Rustenburg,2023,0160,Transfers and Subsidies - Capital,7475291689.0
NW373,Rustenburg,2023,0200,Suppliers and employees,9118025.0
NW373,Rustenburg,2023,0310,Capital assets,-10666.0
NW373,Rustenburg,2023,0420,Cash/cash equivalents at the year begin:,-391317721.0
NW373,Rustenburg,2023,0430,Cash/cash equivalents at the year end:,17608175622.0
NW374,Kgetlengrivier,2023,0120,Property rates,5782640.0
NW374,Kgetlengrivier,2023,0130,Service charges,8690743.0
NW374,Kgetlengrivier,2023,0140,Other revenue,335597319.0
NW374,Kgetlengrivier,2023,0150,Transfers and Subsidies - Operational,-95008906.0
NW374,Kgetlengrivier,2023,0160,Transfers and Subsidies - Capital,20771978.0
NW374,Kgetlengrivier,2023,0170,Interest,89407.0
NW374,Kgetlengrivier,2023,0200,Suppliers and employees,-123368209.0
NW374,Kgetlengrivier,2023,0310,Capital assets,-43880502.0
NW374,Kgetlengrivier,2023,0420,Cash/cash equivalents at the year begin:,8352541.0
NW374,Kgetlengrivier,2023,0430,Cash/cash equivalents at the year end:,117027011.0
NW375,Moses Kotane,2023,0120,Property rates,100014179.0
NW375,Moses Kotane,2023,0130,Service charges,154773257.0
NW375,Moses Kotane,2023,0140,Other revenue,589255353.0
NW375,Moses Kotane,2023,0150,Transfers and Subsidies - Operational,161778666.0
NW375,Moses Kotane,2023,0160,Transfers and Subsidies - Capital,208557767.0
NW375,Moses Kotane,2023,0170,Interest,9745003.0
NW375,Moses Kotane,2023,0200,Suppliers and employees,20514255.0
NW375,Moses Kotane,2023,0260,Proceeds on disposal of PPE,-13340.0
NW375,Moses Kotane,2023,0310,Capital assets,-8803406.0
NW375,Moses Kotane,2023,0390,Repayment of borrowing,-5812854.0
NW375,Moses Kotane,2023,0420,Cash/cash equivalents at the year begin:,36880131.0
NW375,Moses Kotane,2023,0430,Cash/cash equivalents at the year end:,1266889011.0
NW382,Tswaing,2023,0120,Property rates,10020481.0
NW382,Tswaing,2023,0130,Service charges,35792328.0
NW382,Tswaing,2023,0140,Other revenue,-292111728.0
NW382,Tswaing,2023,0150,Transfers and Subsidies - Operational,69321503.0
NW382,Tswaing,2023,0160,Transfers and Subsidies - Capital,32419000.0
NW382,Tswaing,2023,0170,Interest,232994.0
NW382,Tswaing,2023,0180,Dividends,19840.0
NW382,Tswaing,2023,0200,Suppliers and employees,-10302648.0
NW382,Tswaing,2023,0280,Decrease (increase) in non-current receivables,-140985.0
NW382,Tswaing,2023,0290,Decrease (increase) in non-current investments,13766.0
NW382,Tswaing,2023,0310,Capital assets,787241.0
NW382,Tswaing,2023,0360,Borrowing long term/refinancing,-20178226.0
NW382,Tswaing,2023,0390,Repayment of borrowing,24736800.0
NW382,Tswaing,2023,0420,Cash/cash equivalents at the year begin:,1076882.0
NW382,Tswaing,2023,0430,Cash/cash equivalents at the year end:,-148312752.0
NW383,Mafikeng,2023,0120,Property rates,343342704.0
NW383,Mafikeng,2023,0130,Service charges,180935658.0
NW383,Mafikeng,2023,0140,Other revenue,66910216.0
NW383,Mafikeng,2023,0150,Transfers and Subsidies - Operational,369340115.0
NW383,Mafikeng,2023,0160,Transfers and Subsidies - Capital,120187000.0
NW383,Mafikeng,2023,0170,Interest,9808147.0
NW383,Mafikeng,2023,0200,Suppliers and employees,-24776414.0
NW383,Mafikeng,2023,0310,Capital assets,-147460653.0
NW383,Mafikeng,2023,0420,Cash/cash equivalents at the year begin:,99646713.0
NW383,Mafikeng,2023,0430,Cash/cash equivalents at the year end:,1017933486.0
NW384,Ditsobotla,2023,0120,Property rates,-408411.0
NW384,Ditsobotla,2023,0130,Service charges,-12102248.0
NW384,Ditsobotla,2023,0140,Other revenue,16722420.0
NW384,Ditsobotla,2023,0150,Transfers and Subsidies - Operational,2153076214.0
NW384,Ditsobotla,2023,0160,Transfers and Subsidies - Capital,-59390000.0
NW384,Ditsobotla,2023,0200,Suppliers and employees,-10211580.0
NW384,Ditsobotla,2023,0420,Cash/cash equivalents at the year begin:,-20704596.0
NW384,Ditsobotla,2023,0430,Cash/cash equivalents at the year end:,2066981799.0
NW392,Naledi (NW),2023,0120,Property rates,20842613.0
NW392,Naledi (NW),2023,0130,Service charges,72251205.0
NW392,Naledi (NW),2023,0140,Other revenue,5885767.0
NW392,Naledi (NW),2023,0150,Transfers and Subsidies - Operational,66655499.0
NW392,Naledi (NW),2023,0160,Transfers and Subsidies - Capital,50280413.0
NW392,Naledi (NW),2023,0200,Suppliers and employees,-18340386.0
NW392,Naledi (NW),2023,0310,Capital assets,-11689999.0
NW392,Naledi (NW),2023,0420,Cash/cash equivalents at the year begin:,17879200.0
NW392,Naledi (NW),2023,0430,Cash/cash equivalents at the year end:,203764312.0
NW394,Greater Taung,2023,0120,Property rates,23930993.0
NW394,Greater Taung,2023,0130,Service charges,9029316.0
NW394,Greater Taung,2023,0140,Other revenue,5553032.0
NW394,Greater Taung,2023,0150,Transfers and Subsidies - Operational,238605658.0
NW394,Greater Taung,2023,0160,Transfers and Subsidies - Capital,54163000.0
NW394,Greater Taung,2023,0170,Interest,5740796.0
NW394,Greater Taung,2023,0200,Suppliers and employees,-190948357.0
NW394,Greater Taung,2023,0310,Capital assets,-57390405.0
NW394,Greater Taung,2023,0420,Cash/cash equivalents at the year begin:,82039497.0
NW394,Greater Taung,2023,0430,Cash/cash equivalents at the year end:,170723530.0
NW396,Lekwa-Teemane,2023,0120,Property rates,1271981.0
NW396,Lekwa-Teemane,2023,0130,Service charges,7467431.0
NW396,Lekwa-Teemane,2023,0140,Other revenue,4610196.0
NW396,Lekwa-Teemane,2023,0170,Interest,8276684.0
NW396,Lekwa-Teemane,2023,0200,Suppliers and employees,-92326003.0
NW396,Lekwa-Teemane,2023,0220,Transfers and Subsidies,-975000.0
NW396,Lekwa-Teemane,2023,0310,Capital assets,3659290.0
NW396,Lekwa-Teemane,2023,0420,Cash/cash equivalents at the year begin:,-9220.0
NW396,Lekwa-Teemane,2023,0430,Cash/cash equivalents at the year end:,-68024641.0
NW397,Kagisano-Molopo,2023,0200,Suppliers and employees,1346950.0
NW397,Kagisano-Molopo,2023,0220,Transfers and Subsidies,12727956.0
NW397,Kagisano-Molopo,2023,0420,Cash/cash equivalents at the year begin:,-12760584.0
NW397,Kagisano-Molopo,2023,0430,Cash/cash equivalents at the year end:,1314322.0
NW403,City of Matlosana,2023,0120,Property rates,340348238.0
NW403,City of Matlosana,2023,0130,Service charges,1056633640.0
NW403,City of Matlosana,2023,0140,Other revenue,3341579201.0
NW403,City of Matlosana,2023,0150,Transfers and Subsidies - Operational,554938807.0
NW403,City of Matlosana,2023,0160,Transfers and Subsidies - Capital,150412000.0
NW403,City of Matlosana,2023,0170,Interest,1066636.0
NW403,City of Matlosana,2023,0200,Suppliers and employees,-3744573024.0
NW403,City of Matlosana,2023,0310,Capital assets,-83951957.0
NW403,City of Matlosana,2023,0420,Cash/cash equivalents at the year begin:,224921257.0
NW403,City of Matlosana,2023,0430,Cash/cash equivalents at the year end:,1841374798.0
NW404,Maquassi Hills,2023,0120,Property rates,19908009.0
NW404,Maquassi Hills,2023,0130,Service charges,43300954.0
NW404,Maquassi Hills,2023,0140,Other revenue,752520317.0
NW404,Maquassi Hills,2023,0150,Transfers and Subsidies - Operational,4644000.0
NW404,Maquassi Hills,2023,0160,Transfers and Subsidies - Capital,2350064.0
NW404,Maquassi Hills,2023,0170,Interest,1920832.0
NW404,Maquassi Hills,2023,0200,Suppliers and employees,-357424734.0
NW404,Maquassi Hills,2023,0310,Capital assets,-68040450.0
NW404,Maquassi Hills,2023,0390,Repayment of borrowing,-1315645.0
NW404,Maquassi Hills,2023,0420,Cash/cash equivalents at the year begin:,12900814.0
NW404,Maquassi Hills,2023,0430,Cash/cash equivalents at the year end:,410764161.0
NW405,J B Marks,2023,0120,Property rates,193041494.0
NW405,J B Marks,2023,0130,Service charges,1075847208.0
NW405,J B Marks,2023,0140,Other revenue,148369575.0
NW405,J B Marks,2023,0150,Transfers and Subsidies - Operational,348207055.0
NW405,J B Marks,2023,0160,Transfers and Subsidies - Capital,92921484.0
NW405,J B Marks,2023,0180,Dividends,4194024.0
NW405,J B Marks,2023,0200,Suppliers and employees,-3868435078.0
NW405,J B Marks,2023,0260,Proceeds on disposal of PPE,27491.0
NW405,J B Marks,2023,0290,Decrease (increase) in non-current investments,-78929629.0
NW405,J B Marks,2023,0310,Capital assets,-172698443.0
NW405,J B Marks,2023,0370,Increase (decrease) in consumer deposits,2924929.0
NW405,J B Marks,2023,0420,Cash/cash equivalents at the year begin:,470142396.0
NW405,J B Marks,2023,0430,Cash/cash equivalents at the year end:,-1784387494.0
TSH,City of Tshwane,2023,0140,Other revenue,3749288.0
TSH,City of Tshwane,2023,0280,Decrease (increase) in non-current receivables,-296299001.0
TSH,City of Tshwane,2023,0420,Cash/cash equivalents at the year begin:,260249912.0
TSH,City of Tshwane,2023,0430,Cash/cash equivalents at the year end:,-32299801.0
WC011,Matzikama,2023,0120,Property rates,45955455.0
WC011,Matzikama,2023,0130,Service charges,209234170.0
WC011,Matzikama,2023,0140,Other revenue,-9935773.0
WC011,Matzikama,2023,0150,Transfers and Subsidies - Operational,73329039.0
WC011,Matzikama,2023,0160,Transfers and Subsidies - Capital,66936693.0
WC011,Matzikama,2023,0170,Interest,319609.0
WC011,Matzikama,2023,0200,Suppliers and employees,-309217365.0
WC011,Matzikama,2023,0210,Finance charges,47889.0
WC011,Matzikama,2023,0260,Proceeds on disposal of PPE,3246901.0
WC011,Matzikama,2023,0310,Capital assets,-46499982.0
WC011,Matzikama,2023,0420,Cash/cash equivalents at the year begin:,20338468.0
WC011,Matzikama,2023,0430,Cash/cash equivalents at the year end:,53755104.0
WC012,Cederberg,2023,0120,Property rates,59470364.0
WC012,Cederberg,2023,0130,Service charges,177311335.0
WC012,Cederberg,2023,0140,Other revenue,39619512.0
WC012,Cederberg,2023,0150,Transfers and Subsidies - Operational,113633458.0
WC012,Cederberg,2023,0160,Transfers and Subsidies - Capital,3450000.0
WC012,Cederberg,2023,0200,Suppliers and employees,-211151718.0
WC012,Cederberg,2023,0260,Proceeds on disposal of PPE,15.0
WC012,Cederberg,2023,0280,Decrease (increase) in non-current receivables,-563189.0
WC012,Cederberg,2023,0310,Capital assets,-45459209.0
WC012,Cederberg,2023,0420,Cash/cash equivalents at the year begin:,11815140.0
WC012,Cederberg,2023,0430,Cash/cash equivalents at the year end:,148125708.0
WC013,Bergrivier,2023,0120,Property rates,86931677.0
WC013,Bergrivier,2023,0130,Service charges,311059251.0
WC013,Bergrivier,2023,0140,Other revenue,43741642.0
WC013,Bergrivier,2023,0150,Transfers and Subsidies - Operational,59473346.0
WC013,Bergrivier,2023,0160,Transfers and Subsidies - Capital,21437000.0
WC013,Bergrivier,2023,0200,Suppliers and employees,102012767.0
WC013,Bergrivier,2023,0310,Capital assets,-73830582.0
WC013,Bergrivier,2023,0420,Cash/cash equivalents at the year begin:,174772187.0
WC013,Bergrivier,2023,0430,Cash/cash equivalents at the year end:,725597288.0
WC014,Saldanha Bay,2023,0120,Property rates,295634330.0
WC014,Saldanha Bay,2023,0130,Service charges,889646125.0
WC014,Saldanha Bay,2023,0140,Other revenue,130858215.0
WC014,Saldanha Bay,2023,0150,Transfers and Subsidies - Operational,134189541.0
WC014,Saldanha Bay,2023,0160,Transfers and Subsidies - Capital,37706474.0
WC014,Saldanha Bay,2023,0170,Interest,48656160.0
WC014,Saldanha Bay,2023,0200,Suppliers and employees,-1407110654.0
WC014,Saldanha Bay,2023,0210,Finance charges,-13357049.0
WC014,Saldanha Bay,2023,0220,Transfers and Subsidies,-280000.0
WC014,Saldanha Bay,2023,0260,Proceeds on disposal of PPE,1115866.0
WC014,Saldanha Bay,2023,0310,Capital assets,-192524236.0
WC014,Saldanha Bay,2023,0370,Increase (decrease) in consumer deposits,3847962.0
WC014,Saldanha Bay,2023,0390,Repayment of borrowing,-11103192.0
WC014,Saldanha Bay,2023,0420,Cash/cash equivalents at the year begin:,769633607.0
WC014,Saldanha Bay,2023,0430,Cash/cash equivalents at the year end:,686913149.0
WC015,Swartland,2023,0120,Property rates,947878753.0
WC015,Swartland,2023,0130,Service charges,549979273.0
WC015,Swartland,2023,0140,Other revenue,103403928.0
WC015,Swartland,2023,0150,Transfers and Subsidies - Operational,150335986.0
WC015,Swartland,2023,0160,Transfers and Subsidies - Capital,88647196.0
WC015,Swartland,2023,0200,Suppliers and employees,-823264235.0
WC015,Swartland,2023,0210,Finance charges,-10186514.0
WC015,Swartland,2023,0260,Proceeds on disposal of PPE,9220284.0
WC015,Swartland,2023,0280,Decrease (increase) in non-current receivables,495.0
WC015,Swartland,2023,0310,Capital assets,-144151894.0
WC015,Swartland,2023,0370,Increase (decrease) in consumer deposits,-875303.0
WC015,Swartland,2023,0390,Repayment of borrowing,-13136745.0
WC015,Swartland,2023,0420,Cash/cash equivalents at the year begin:,665089100.0
WC015,Swartland,2023,0430,Cash/cash equivalents at the year end:,1522940324.0
WC022,Witzenberg,2023,0120,Property rates,2754410.0
WC022,Witzenberg,2023,0130,Service charges,766795744.0
WC022,Witzenberg,2023,0140,Other revenue,16317768.0
WC022,Witzenberg,2023,0150,Transfers and Subsidies - Operational,99341409.0
WC022,Witzenberg,2023,0160,Transfers and Subsidies - Capital,100180711.0
WC022,Witzenberg,2023,0200,Suppliers and employees,-456833261.0
WC022,Witzenberg,2023,0310,Capital assets,-51366393.0
WC022,Witzenberg,2023,0370,Increase (decrease) in consumer deposits,606749.0
WC022,Witzenberg,2023,0420,Cash/cash equivalents at the year begin:,144879637.0
WC022,Witzenberg,2023,0430,Cash/cash equivalents at the year end:,622676774.0
WC023,Drakenstein,2023,0120,Property rates,404458570.0
WC023,Drakenstein,2023,0130,Service charges,1753069694.0
WC023,Drakenstein,2023,0140,Other revenue,4566553335.0
WC023,Drakenstein,2023,0150,Transfers and Subsidies - Operational,95836458.0
WC023,Drakenstein,2023,0160,Transfers and Subsidies - Capital,112817934.0
WC023,Drakenstein,2023,0170,Interest,39194462.0
WC023,Drakenstein,2023,0200,Suppliers and employees,-2684507353.0
WC023,Drakenstein,2023,0260,Proceeds on disposal of PPE,-24697.0
WC023,Drakenstein,2023,0280,Decrease (increase) in non-current receivables,103859.0
WC023,Drakenstein,2023,0310,Capital assets,-190904485.0
WC023,Drakenstein,2023,0390,Repayment of borrowing,-26762.0
WC023,Drakenstein,2023,0420,Cash/cash equivalents at the year begin:,229883617.0
WC023,Drakenstein,2023,0430,Cash/cash equivalents at the year end:,4326454632.0
WC024,Stellenbosch,2023,0120,Property rates,1249264136.0
WC024,Stellenbosch,2023,0130,Service charges,920983300.0
WC024,Stellenbosch,2023,0140,Other revenue,43507797.0
WC024,Stellenbosch,2023,0150,Transfers and Subsidies - Operational,1234690.0
WC024,Stellenbosch,2023,0160,Transfers and Subsidies - Capital,51813.0
WC024,Stellenbosch,2023,0200,Suppliers and employees,339617513.0
WC024,Stellenbosch,2023,0280,Decrease (increase) in non-current receivables,2121899.0
WC024,Stellenbosch,2023,0310,Capital assets,-297952025.0
WC024,Stellenbosch,2023,0420,Cash/cash equivalents at the year begin:,443400164.0
WC024,Stellenbosch,2023,0430,Cash/cash equivalents at the year end:,2702229287.0
WC025,Breede Valley,2023,0120,Property rates,132888308.0
WC025,Breede Valley,2023,0130,Service charges,776829989.0
WC025,Breede Valley,2023,0140,Other revenue,39373242.0
WC025,Breede Valley,2023,0150,Transfers and Subsidies - Operational,166486362.0
WC025,Breede Valley,2023,0160,Transfers and Subsidies - Capital,81154000.0
WC025,Breede Valley,2023,0170,Interest,14893581.0
WC025,Breede Valley,2023,0200,Suppliers and employees,-47279191.0
WC025,Breede Valley,2023,0210,Finance charges,-19436796.0
WC025,Breede Valley,2023,0280,Decrease (increase) in non-current receivables,-3050705.0
WC025,Breede Valley,2023,0310,Capital assets,-61280912.0
WC025,Breede Valley,2023,0420,Cash/cash equivalents at the year begin:,180883582.0
WC025,Breede Valley,2023,0430,Cash/cash equivalents at the year end:,1261461460.0
WC026,Langeberg,2023,0120,Property rates,72407943.0
WC026,Langeberg,2023,0130,Service charges,355898512.0
WC026,Langeberg,2023,0140,Other revenue,171450875.0
WC026,Langeberg,2023,0150,Transfers and Subsidies - Operational,249871092.0
WC026,Langeberg,2023,0160,Transfers and Subsidies - Capital,32168000.0
WC026,Langeberg,2023,0170,Interest,15804529.0
WC026,Langeberg,2023,0200,Suppliers and employees,-872029124.0
WC026,Langeberg,2023,0310,Capital assets,-77105199.0
WC026,Langeberg,2023,0360,Borrowing long term/refinancing,162600.0
WC026,Langeberg,2023,0390,Repayment of borrowing,-510860.0
WC026,Langeberg,2023,0420,Cash/cash equivalents at the year begin:,358555672.0
WC026,Langeberg,2023,0430,Cash/cash equivalents at the year end:,306674040.0
WC031,Theewaterskloof,2023,0120,Property rates,126081550.0
WC031,Theewaterskloof,2023,0130,Service charges,248717748.0
WC031,Theewaterskloof,2023,0140,Other revenue,33269413.0
WC031,Theewaterskloof,2023,0150,Transfers and Subsidies - Operational,132845382.0
WC031,Theewaterskloof,2023,0160,Transfers and Subsidies - Capital,72162881.0
WC031,Theewaterskloof,2023,0170,Interest,5489696.0
WC031,Theewaterskloof,2023,0200,Suppliers and employees,-309040404.0
WC031,Theewaterskloof,2023,0210,Finance charges,-6710954.0
WC031,Theewaterskloof,2023,0280,Decrease (increase) in non-current receivables,3531276.0
WC031,Theewaterskloof,2023,0290,Decrease (increase) in non-current investments,-991900.0
WC031,Theewaterskloof,2023,0310,Capital assets,-120064743.0
WC031,Theewaterskloof,2023,0360,Borrowing long term/refinancing,103715446.0
WC031,Theewaterskloof,2023,0370,Increase (decrease) in consumer deposits,527581.0
WC031,Theewaterskloof,2023,0390,Repayment of borrowing,-17646315.0
WC031,Theewaterskloof,2023,0420,Cash/cash equivalents at the year begin:,165982320.0
WC031,Theewaterskloof,2023,0430,Cash/cash equivalents at the year end:,437868977.0
WC033,Cape Agulhas,2023,0120,Property rates,73126881.0
WC033,Cape Agulhas,2023,0130,Service charges,203552261.0
WC033,Cape Agulhas,2023,0140,Other revenue,54385914.0
WC033,Cape Agulhas,2023,0150,Transfers and Subsidies - Operational,60322328.0
WC033,Cape Agulhas,2023,0160,Transfers and Subsidies - Capital,11205000.0
WC033,Cape Agulhas,2023,0200,Suppliers and employees,-397344592.0
WC033,Cape Agulhas,2023,0260,Proceeds on disposal of PPE,13527728.0
WC033,Cape Agulhas,2023,0280,Decrease (increase) in non-current receivables,10661.0
WC033,Cape Agulhas,2023,0310,Capital assets,-55034024.0
WC033,Cape Agulhas,2023,0370,Increase (decrease) in consumer deposits,363298.0
WC033,Cape Agulhas,2023,0420,Cash/cash equivalents at the year begin:,123456686.0
WC033,Cape Agulhas,2023,0430,Cash/cash equivalents at the year end:,87572141.0
WC034,Swellendam,2023,0120,Property rates,60909374.0
WC034,Swellendam,2023,0130,Service charges,174725463.0
WC034,Swellendam,2023,0140,Other revenue,8204364.0
WC034,Swellendam,2023,0150,Transfers and Subsidies - Operational,48198306.0
WC034,Swellendam,2023,0160,Transfers and Subsidies - Capital,26420696.0
WC034,Swellendam,2023,0200,Suppliers and employees,-122099385.0
WC034,Swellendam,2023,0210,Finance charges,35852.0
WC034,Swellendam,2023,0260,Proceeds on disposal of PPE,4178842.0
WC034,Swellendam,2023,0280,Decrease (increase) in non-current receivables,-485676.0
WC034,Swellendam,2023,0310,Capital assets,-61229738.0
WC034,Swellendam,2023,0360,Borrowing long term/refinancing,5500000.0
WC034,Swellendam,2023,0390,Repayment of borrowing,452067.0
WC034,Swellendam,2023,0420,Cash/cash equivalents at the year begin:,113324362.0
WC034,Swellendam,2023,0430,Cash/cash equivalents at the year end:,258134527.0
WC042,Hessequa,2023,0120,Property rates,113529224.0
WC042,Hessequa,2023,0130,Service charges,298301783.0
WC042,Hessequa,2023,0140,Other revenue,1395712231.0
WC042,Hessequa,2023,0150,Transfers and Subsidies - Operational,101482985.0
WC042,Hessequa,2023,0160,Transfers and Subsidies - Capital,36851131.0
WC042,Hessequa,2023,0170,Interest,3001267.0
WC042,Hessequa,2023,0200,Suppliers and employees,-1436187416.0
WC042,Hessequa,2023,0260,Proceeds on disposal of PPE,1351702.0
WC042,Hessequa,2023,0310,Capital assets,-84149697.0
WC042,Hessequa,2023,0360,Borrowing long term/refinancing,40037940.0
WC042,Hessequa,2023,0390,Repayment of borrowing,-1780733.0
WC042,Hessequa,2023,0420,Cash/cash equivalents at the year begin:,362676260.0
WC042,Hessequa,2023,0430,Cash/cash equivalents at the year end:,830826677.0
WC043,Mossel Bay,2023,0120,Property rates,263273711.0
WC043,Mossel Bay,2023,0130,Service charges,910449663.0
WC043,Mossel Bay,2023,0140,Other revenue,9179719.0
WC043,Mossel Bay,2023,0150,Transfers and Subsidies - Operational,-310518.0
WC043,Mossel Bay,2023,0160,Transfers and Subsidies - Capital,-422164.0
WC043,Mossel Bay,2023,0200,Suppliers and employees,-2684674.0
WC043,Mossel Bay,2023,0280,Decrease (increase) in non-current receivables,-3798044.0
WC043,Mossel Bay,2023,0290,Decrease (increase) in non-current investments,-30000000.0
WC043,Mossel Bay,2023,0310,Capital assets,-121144705.0
WC043,Mossel Bay,2023,0360,Borrowing long term/refinancing,-3890975.0
WC043,Mossel Bay,2023,0420,Cash/cash equivalents at the year begin:,588083643.0
WC043,Mossel Bay,2023,0430,Cash/cash equivalents at the year end:,1608735656.0
WC044,George,2023,0120,Property rates,7154537497.0
WC044,George,2023,0130,Service charges,192526509.0
WC044,George,2023,0140,Other revenue,133646121.0
WC044,George,2023,0150,Transfers and Subsidies - Operational,155836857.0
WC044,George,2023,0160,Transfers and Subsidies - Capital,91500000.0
WC044,George,2023,0200,Suppliers and employees,-2686898881.0
WC044,George,2023,0280,Decrease (increase) in non-current receivables,-11716819.0
WC044,George,2023,0310,Capital assets,-688810760.0
WC044,George,2023,0370,Increase (decrease) in consumer deposits,152514.0
WC044,George,2023,0390,Repayment of borrowing,-49539468.0
WC044,George,2023,0420,Cash/cash equivalents at the year begin:,592532654.0
WC044,George,2023,0430,Cash/cash equivalents at the year end:,4883766224.0
WC045,Oudtshoorn,2023,0120,Property rates,104223114.0
WC045,Oudtshoorn,2023,0130,Service charges,433945201.0
WC045,Oudtshoorn,2023,0140,Other revenue,124667263.0
WC045,Oudtshoorn,2023,0150,Transfers and Subsidies - Operational,135603686.0
WC045,Oudtshoorn,2023,0160,Transfers and Subsidies - Capital,166000.0
WC045,Oudtshoorn,2023,0170,Interest,9681075.0
WC045,Oudtshoorn,2023,0200,Suppliers and employees,-1049555690.0
WC045,Oudtshoorn,2023,0210,Finance charges,-6004722.0
WC045,Oudtshoorn,2023,0220,Transfers and Subsidies,-15634508.0
WC045,Oudtshoorn,2023,0310,Capital assets,-104185455.0
WC045,Oudtshoorn,2023,0420,Cash/cash equivalents at the year begin:,143938036.0
WC045,Oudtshoorn,2023,0430,Cash/cash equivalents at the year end:,-223156000.0
WC047,Bitou,2023,0120,Property rates,433065.0
WC047,Bitou,2023,0150,Transfers and Subsidies - Operational,461744.0
WC047,Bitou,2023,0170,Interest,10550383.0
WC047,Bitou,2023,0200,Suppliers and employees,-320008467.0
WC047,Bitou,2023,0290,Decrease (increase) in non-current investments,9857448.0
WC047,Bitou,2023,0310,Capital assets,-82239078.0
WC047,Bitou,2023,0420,Cash/cash equivalents at the year begin:,48627264.0
WC047,Bitou,2023,0430,Cash/cash equivalents at the year end:,-332317641.0
WC048,Knysna,2023,0120,Property rates,237376191.0
WC048,Knysna,2023,0130,Service charges,311691378.0
WC048,Knysna,2023,0140,Other revenue,24838371.0
WC048,Knysna,2023,0150,Transfers and Subsidies - Operational,109684016.0
WC048,Knysna,2023,0170,Interest,492710.0
WC048,Knysna,2023,0200,Suppliers and employees,-455277106.0
WC048,Knysna,2023,0210,Finance charges,28403370.0
WC048,Knysna,2023,0220,Transfers and Subsidies,-106440.0
WC048,Knysna,2023,0260,Proceeds on disposal of PPE,2104933.0
WC048,Knysna,2023,0290,Decrease (increase) in non-current investments,-186956.0
WC048,Knysna,2023,0310,Capital assets,-93419140.0
WC048,Knysna,2023,0390,Repayment of borrowing,-30592891.0
WC048,Knysna,2023,0420,Cash/cash equivalents at the year begin:,40524394.0
WC048,Knysna,2023,0430,Cash/cash equivalents at the year end:,175532830.0
WC051,Laingsburg,2023,0120,Property rates,5955190.0
WC051,Laingsburg,2023,0130,Service charges,24470875.0
WC051,Laingsburg,2023,0140,Other revenue,11480057.0
WC051,Laingsburg,2023,0150,Transfers and Subsidies - Operational,25431562.0
WC051,Laingsburg,2023,0160,Transfers and Subsidies - Capital,23256502.0
WC051,Laingsburg,2023,0170,Interest,410543.0
WC051,Laingsburg,2023,0200,Suppliers and employees,-82557736.0
WC051,Laingsburg,2023,0210,Finance charges,-151.0
WC051,Laingsburg,2023,0310,Capital assets,-15857303.0
WC051,Laingsburg,2023,0420,Cash/cash equivalents at the year begin:,-5138778.0
WC051,Laingsburg,2023,0430,Cash/cash equivalents at the year end:,-12549239.0
WC052,Prince Albert,2023,0120,Property rates,821396.0
WC052,Prince Albert,2023,0130,Service charges,5544907.0
WC052,Prince Albert,2023,0140,Other revenue,180574435.0
WC052,Prince Albert,2023,0150,Transfers and Subsidies - Operational,1536.0
WC052,Prince Albert,2023,0170,Interest,4071461.0
WC052,Prince Albert,2023,0200,Suppliers and employees,-34704953.0
WC052,Prince Albert,2023,0310,Capital assets,-9742027.0
WC052,Prince Albert,2023,0420,Cash/cash equivalents at the year begin:,45861216.0
WC052,Prince Albert,2023,0430,Cash/cash equivalents at the year end:,192427971.0
WC053,Beaufort West,2023,0120,Property rates,198143463.0
WC053,Beaufort West,2023,0130,Service charges,1259554631.0
WC053,Beaufort West,2023,0140,Other revenue,379833425.0
WC053,Beaufort West,2023,0150,Transfers and Subsidies - Operational,528182078.0
WC053,Beaufort West,2023,0160,Transfers and Subsidies - Capital,308386100.0
WC053,Beaufort West,2023,0200,Suppliers and employees,-131449352.0
WC053,Beaufort West,2023,0290,Decrease (increase) in non-current investments,1081797.0
WC053,Beaufort West,2023,0310,Capital assets,-51431500.0
WC053,Beaufort West,2023,0390,Repayment of borrowing,-759166.0
WC053,Beaufort West,2023,0420,Cash/cash equivalents at the year begin:,15750444.0
WC053,Beaufort West,2023,0430,Cash/cash equivalents at the year end:,2507291920.0
BUF,Buffalo City,2024,0120,Property rates,1472172837.0
BUF,Buffalo City,2024,0130,Service charges,3132450712.0
BUF,Buffalo City,2024,0140,Other revenue,4121804374.0
BUF,Buffalo City,2024,0150,Transfers and Subsidies - Operational,1268382646.0
BUF,Buffalo City,2024,0160,Transfers and Subsidies - Capital,852000586.0
BUF,Buffalo City,2024,0170,Interest,66783112.0
BUF,Buffalo City,2024,0200,Suppliers and employees,-7350523641.0
BUF,Buffalo City,2024,0210,Finance charges,-12107484.0
BUF,Buffalo City,2024,0220,Transfers and Subsidies,-124911373.0
BUF,Buffalo City,2024,0260,Proceeds on disposal of PPE,115888.0
BUF,Buffalo City,2024,0310,Capital assets,-1110164272.0
BUF,Buffalo City,2024,0390,Repayment of borrowing,-30246178.0
BUF,Buffalo City,2024,0420,Cash/cash equivalents at the year begin:,679974996.0
BUF,Buffalo City,2024,0430,Cash/cash equivalents at the year end:,2965732203.0
CPT,Cape Town,2024,0120,Property rates,12306131958.0
CPT,Cape Town,2024,0130,Service charges,27272685794.0
CPT,Cape Town,2024,0140,Other revenue,5330145491.0
CPT,Cape Town,2024,0150,Transfers and Subsidies - Operational,8807863049.0
CPT,Cape Town,2024,0170,Interest,2006729084.0
CPT,Cape Town,2024,0200,Suppliers and employees,-47804849908.0
CPT,Cape Town,2024,0260,Proceeds on disposal of PPE,186319000.0
CPT,Cape Town,2024,0280,Decrease (increase) in non-current receivables,580969.0
CPT,Cape Town,2024,0290,Decrease (increase) in non-current investments,1494807681.0
CPT,Cape Town,2024,0310,Capital assets,-8880637193.0
CPT,Cape Town,2024,0360,Borrowing long term/refinancing,1000000000.0
CPT,Cape Town,2024,0370,Increase (decrease) in consumer deposits,13242117.0
CPT,Cape Town,2024,0390,Repayment of borrowing,-1703546000.0
CPT,Cape Town,2024,0420,Cash/cash equivalents at the year begin:,12594938738.0
CPT,Cape Town,2024,0430,Cash/cash equivalents at the year end:,12624410780.0
DC1,West Coast,2024,0130,Service charges,32227238.0
DC1,West Coast,2024,0140,Other revenue,101584359.0
DC1,West Coast,2024,0150,Transfers and Subsidies - Operational,3846623.0
DC1,West Coast,2024,0170,Interest,27132393.0
DC1,West Coast,2024,0200,Suppliers and employees,-280395356.0
DC1,West Coast,2024,0280,Decrease (increase) in non-current receivables,77427.0
DC1,West Coast,2024,0310,Capital assets,-22663967.0
DC1,West Coast,2024,0360,Borrowing long term/refinancing,46893276.0
DC1,West Coast,2024,0420,Cash/cash equivalents at the year begin:,344329041.0
DC1,West Coast,2024,0430,Cash/cash equivalents at the year end:,253031034.0
DC10,Sarah Baartman,2024,0140,Other revenue,-53508.0
DC10,Sarah Baartman,2024,0200,Suppliers and employees,-854451.0
DC10,Sarah Baartman,2024,0420,Cash/cash equivalents at the year begin:,210532748.0
DC10,Sarah Baartman,2024,0430,Cash/cash equivalents at the year end:,209624789.0
DC12,Amathole,2024,0130,Service charges,211651904.0
DC12,Amathole,2024,0140,Other revenue,208686139.0
DC12,Amathole,2024,0150,Transfers and Subsidies - Operational,982039865.0
DC12,Amathole,2024,0160,Transfers and Subsidies - Capital,-4177.0
DC12,Amathole,2024,0200,Suppliers and employees,-1453638975.0
DC12,Amathole,2024,0420,Cash/cash equivalents at the year begin:,396023343.0
DC12,Amathole,2024,0430,Cash/cash equivalents at the year end:,344758099.0
DC13,Chris Hani,2024,0130,Service charges,60263375.0
DC13,Chris Hani,2024,0140,Other revenue,212646404.0
DC13,Chris Hani,2024,0150,Transfers and Subsidies - Operational,730962837.0
DC13,Chris Hani,2024,0160,Transfers and Subsidies - Capital,578365000.0
DC13,Chris Hani,2024,0170,Interest,20165145.0
DC13,Chris Hani,2024,0200,Suppliers and employees,-1096182161.0
DC13,Chris Hani,2024,0210,Finance charges,-278923.0
DC13,Chris Hani,2024,0220,Transfers and Subsidies,-78068325.0
DC13,Chris Hani,2024,0260,Proceeds on disposal of PPE,2803502.0
DC13,Chris Hani,2024,0310,Capital assets,-5626655.0
DC13,Chris Hani,2024,0420,Cash/cash equivalents at the year begin:,105677728.0
DC13,Chris Hani,2024,0430,Cash/cash equivalents at the year end:,530727927.0
DC14,Joe Gqabi,2024,0130,Service charges,258764038.0
DC14,Joe Gqabi,2024,0160,Transfers and Subsidies - Capital,979685897.0
DC14,Joe Gqabi,2024,0170,Interest,239348.0
DC14,Joe Gqabi,2024,0200,Suppliers and employees,-676735018.0
DC14,Joe Gqabi,2024,0210,Finance charges,-37359.0
DC14,Joe Gqabi,2024,0220,Transfers and Subsidies,2250000.0
DC14,Joe Gqabi,2024,0420,Cash/cash equivalents at the year begin:,8137201.0
DC14,Joe Gqabi,2024,0430,Cash/cash equivalents at the year end:,572304107.0
DC15,O R Tambo,2024,0130,Service charges,227549220.0
DC15,O R Tambo,2024,0140,Other revenue,-90613494.0
DC15,O R Tambo,2024,0150,Transfers and Subsidies - Operational,1131076050.0
DC15,O R Tambo,2024,0160,Transfers and Subsidies - Capital,909458000.0
DC15,O R Tambo,2024,0170,Interest,63157727.0
DC15,O R Tambo,2024,0200,Suppliers and employees,-2238635111.0
DC15,O R Tambo,2024,0260,Proceeds on disposal of PPE,163350.0
DC15,O R Tambo,2024,0280,Decrease (increase) in non-current receivables,1121335.0
DC15,O R Tambo,2024,0310,Capital assets,-140683110.0
DC15,O R Tambo,2024,0420,Cash/cash equivalents at the year begin:,464155458.0
DC15,O R Tambo,2024,0430,Cash/cash equivalents at the year end:,326749425.0
DC16,Xhariep,2024,0200,Suppliers and employees,136517047.0
DC16,Xhariep,2024,0420,Cash/cash equivalents at the year begin:,10370747.0
DC16,Xhariep,2024,0430,Cash/cash equivalents at the year end:,146887794.0
DC18,Lejweleputswa,2024,0140,Other revenue,1287173.0
DC18,Lejweleputswa,2024,0150,Transfers and Subsidies - Operational,152981297.0
DC18,Lejweleputswa,2024,0160,Transfers and Subsidies - Capital,22687000.0
DC18,Lejweleputswa,2024,0170,Interest,9660663.0
DC18,Lejweleputswa,2024,0200,Suppliers and employees,-215117419.0
DC18,Lejweleputswa,2024,0260,Proceeds on disposal of PPE,25330.0
DC18,Lejweleputswa,2024,0310,Capital assets,-7101508.0
DC18,Lejweleputswa,2024,0420,Cash/cash equivalents at the year begin:,106197292.0
DC18,Lejweleputswa,2024,0430,Cash/cash equivalents at the year end:,70619828.0
DC19,Thabo Mofutsanyana,2024,0200,Suppliers and employees,-270650.0
DC19,Thabo Mofutsanyana,2024,0430,Cash/cash equivalents at the year end:,-270650.0
DC2,Cape Winelands DM,2024,0140,Other revenue,76261158.0
DC2,Cape Winelands DM,2024,0150,Transfers and Subsidies - Operational,266495399.0
DC2,Cape Winelands DM,2024,0160,Transfers and Subsidies - Capital,500000.0
DC2,Cape Winelands DM,2024,0170,Interest,56762196.0
DC2,Cape Winelands DM,2024,0200,Suppliers and employees,-580849092.0
DC2,Cape Winelands DM,2024,0290,Decrease (increase) in non-current investments,-200000000.0
DC2,Cape Winelands DM,2024,0310,Capital assets,-44141044.0
DC2,Cape Winelands DM,2024,0420,Cash/cash equivalents at the year begin:,643541785.0
DC2,Cape Winelands DM,2024,0430,Cash/cash equivalents at the year end:,218570402.0
DC20,Fezile Dabi,2024,0140,Other revenue,1659240.0
DC20,Fezile Dabi,2024,0150,Transfers and Subsidies - Operational,189522000.0
DC20,Fezile Dabi,2024,0170,Interest,11153004.0
DC20,Fezile Dabi,2024,0200,Suppliers and employees,-281810499.0
DC20,Fezile Dabi,2024,0260,Proceeds on disposal of PPE,-2081.0
DC20,Fezile Dabi,2024,0310,Capital assets,-1815504.0
DC20,Fezile Dabi,2024,0390,Repayment of borrowing,-380668.0
DC20,Fezile Dabi,2024,0420,Cash/cash equivalents at the year begin:,103700633.0
DC20,Fezile Dabi,2024,0430,Cash/cash equivalents at the year end:,22026125.0
DC21,Ugu,2024,0130,Service charges,3851685424.0
DC21,Ugu,2024,0140,Other revenue,4930299.0
DC21,Ugu,2024,0150,Transfers and Subsidies - Operational,8112335121.0
DC21,Ugu,2024,0160,Transfers and Subsidies - Capital,786065122.0
DC21,Ugu,2024,0170,Interest,7477694.0
DC21,Ugu,2024,0200,Suppliers and employees,-3859119.0
DC21,Ugu,2024,0280,Decrease (increase) in non-current receivables,-140000.0
DC21,Ugu,2024,0290,Decrease (increase) in non-current investments,-100.0
DC21,Ugu,2024,0310,Capital assets,-602958705.0
DC21,Ugu,2024,0420,Cash/cash equivalents at the year begin:,299614286.0
DC21,Ugu,2024,0430,Cash/cash equivalents at the year end:,12455150022.0
DC22,uMgungundlovu,2024,0130,Service charges,1628621.0
DC22,uMgungundlovu,2024,0140,Other revenue,336554055.0
DC22,uMgungundlovu,2024,0150,Transfers and Subsidies - Operational,1694966427.0
DC22,uMgungundlovu,2024,0160,Transfers and Subsidies - Capital,24959991.0
DC22,uMgungundlovu,2024,0170,Interest,8794167.0
DC22,uMgungundlovu,2024,0200,Suppliers and employees,-1702730457.0
DC22,uMgungundlovu,2024,0210,Finance charges,-17403733.0
DC22,uMgungundlovu,2024,0310,Capital assets,-45538000.0
DC22,uMgungundlovu,2024,0370,Increase (decrease) in consumer deposits,-443625.0
DC22,uMgungundlovu,2024,0390,Repayment of borrowing,-13677958.0
DC22,uMgungundlovu,2024,0420,Cash/cash equivalents at the year begin:,233153451.0
DC22,uMgungundlovu,2024,0430,Cash/cash equivalents at the year end:,520262939.0
DC23,Uthukela,2024,0130,Service charges,125921283.0
DC23,Uthukela,2024,0140,Other revenue,26472693.0
DC23,Uthukela,2024,0150,Transfers and Subsidies - Operational,579543543.0
DC23,Uthukela,2024,0160,Transfers and Subsidies - Capital,281538000.0
DC23,Uthukela,2024,0170,Interest,9123634.0
DC23,Uthukela,2024,0200,Suppliers and employees,-266036363.0
DC23,Uthukela,2024,0310,Capital assets,-218989726.0
DC23,Uthukela,2024,0420,Cash/cash equivalents at the year begin:,13688680.0
DC23,Uthukela,2024,0430,Cash/cash equivalents at the year end:,551261744.0
DC24,Umzinyathi,2024,0130,Service charges,94686049.0
DC24,Umzinyathi,2024,0140,Other revenue,46070.0
DC24,Umzinyathi,2024,0150,Transfers and Subsidies - Operational,8409980588.0
DC24,Umzinyathi,2024,0170,Interest,-1089217.0
DC24,Umzinyathi,2024,0200,Suppliers and employees,305933809.0
DC24,Umzinyathi,2024,0420,Cash/cash equivalents at the year begin:,57073721.0
DC24,Umzinyathi,2024,0430,Cash/cash equivalents at the year end:,8866631020.0
DC25,Amajuba,2024,0130,Service charges,12830.0
DC25,Amajuba,2024,0140,Other revenue,1360297.0
DC25,Amajuba,2024,0150,Transfers and Subsidies - Operational,395482262.0
DC25,Amajuba,2024,0170,Interest,2876697.0
DC25,Amajuba,2024,0200,Suppliers and employees,-510187407.0
DC25,Amajuba,2024,0390,Repayment of borrowing,-1838111.0
DC25,Amajuba,2024,0420,Cash/cash equivalents at the year begin:,38969954.0
DC25,Amajuba,2024,0430,Cash/cash equivalents at the year end:,-73323478.0
DC26,Zululand,2024,0130,Service charges,32465615.0
DC26,Zululand,2024,0140,Other revenue,2051105198.0
DC26,Zululand,2024,0150,Transfers and Subsidies - Operational,746330130.0
DC26,Zululand,2024,0160,Transfers and Subsidies - Capital,768386000.0
DC26,Zululand,2024,0170,Interest,18397123.0
DC26,Zululand,2024,0200,Suppliers and employees,-632855753.0
DC26,Zululand,2024,0260,Proceeds on disposal of PPE,679653.0
DC26,Zululand,2024,0310,Capital assets,-662542906.0
DC26,Zululand,2024,0360,Borrowing long term/refinancing,100000000.0
DC26,Zululand,2024,0390,Repayment of borrowing,-10515733.0
DC26,Zululand,2024,0420,Cash/cash equivalents at the year begin:,27426613.0
DC26,Zululand,2024,0430,Cash/cash equivalents at the year end:,2438875940.0
DC27,Umkhanyakude,2024,0130,Service charges,52338450.0
DC27,Umkhanyakude,2024,0140,Other revenue,162494030.0
DC27,Umkhanyakude,2024,0150,Transfers and Subsidies - Operational,1184696904.0
DC27,Umkhanyakude,2024,0160,Transfers and Subsidies - Capital,307848000.0
DC27,Umkhanyakude,2024,0170,Interest,3217019.0
DC27,Umkhanyakude,2024,0200,Suppliers and employees,-1297290403.0
DC27,Umkhanyakude,2024,0430,Cash/cash equivalents at the year end:,413304000.0
DC28,King Cetshwayo,2024,0130,Service charges,150688518.0
DC28,King Cetshwayo,2024,0140,Other revenue,2100851106.0
DC28,King Cetshwayo,2024,0150,Transfers and Subsidies - Operational,697846148.0
DC28,King Cetshwayo,2024,0160,Transfers and Subsidies - Capital,477429000.0
DC28,King Cetshwayo,2024,0170,Interest,29118162.0
DC28,King Cetshwayo,2024,0200,Suppliers and employees,-1761729874.0
DC28,King Cetshwayo,2024,0210,Finance charges,-601700.0
DC28,King Cetshwayo,2024,0260,Proceeds on disposal of PPE,12975231.0
DC28,King Cetshwayo,2024,0280,Decrease (increase) in non-current receivables,-5514776.0
DC28,King Cetshwayo,2024,0310,Capital assets,-431406006.0
DC28,King Cetshwayo,2024,0390,Repayment of borrowing,-6285649.0
DC28,King Cetshwayo,2024,0420,Cash/cash equivalents at the year begin:,134518673.0
DC28,King Cetshwayo,2024,0430,Cash/cash equivalents at the year end:,1397888833.0
DC29,iLembe,2024,0130,Service charges,273324009.0
DC29,iLembe,2024,0140,Other revenue,210418043.0
DC29,iLembe,2024,0150,Transfers and Subsidies - Operational,858210370.0
DC29,iLembe,2024,0160,Transfers and Subsidies - Capital,240496000.0
DC29,iLembe,2024,0170,Interest,42067405.0
DC29,iLembe,2024,0180,Dividends,35000000.0
DC29,iLembe,2024,0200,Suppliers and employees,-1292254096.0
DC29,iLembe,2024,0210,Finance charges,-1835385.0
DC29,iLembe,2024,0280,Decrease (increase) in non-current receivables,399305.0
DC29,iLembe,2024,0310,Capital assets,-261063153.0
DC29,iLembe,2024,0390,Repayment of borrowing,-12495336.0
DC29,iLembe,2024,0420,Cash/cash equivalents at the year begin:,278185499.0
DC29,iLembe,2024,0430,Cash/cash equivalents at the year end:,370452661.0
DC3,Overberg,2024,0130,Service charges,33565.0
DC3,Overberg,2024,0140,Other revenue,23507091.0
DC3,Overberg,2024,0150,Transfers and Subsidies - Operational,229139719.0
DC3,Overberg,2024,0200,Suppliers and employees,-106264605.0
DC3,Overberg,2024,0280,Decrease (increase) in non-current receivables,-700000.0
DC3,Overberg,2024,0310,Capital assets,-11247834.0
DC3,Overberg,2024,0420,Cash/cash equivalents at the year begin:,31860878.0
DC3,Overberg,2024,0430,Cash/cash equivalents at the year end:,166328814.0
DC30,Gert Sibande,2024,0130,Service charges,1619099.0
DC30,Gert Sibande,2024,0140,Other revenue,40300157.0
DC30,Gert Sibande,2024,0150,Transfers and Subsidies - Operational,716127916.0
DC30,Gert Sibande,2024,0160,Transfers and Subsidies - Capital,67338950.0
DC30,Gert Sibande,2024,0170,Interest,5200642.0
DC30,Gert Sibande,2024,0200,Suppliers and employees,-177640578.0
DC30,Gert Sibande,2024,0420,Cash/cash equivalents at the year begin:,243687365.0
DC30,Gert Sibande,2024,0430,Cash/cash equivalents at the year end:,896633551.0
DC31,Nkangala,2024,0140,Other revenue,1742127.0
DC31,Nkangala,2024,0150,Transfers and Subsidies - Operational,408529059.0
DC31,Nkangala,2024,0170,Interest,6242761.0
DC31,Nkangala,2024,0200,Suppliers and employees,-107756878.0
DC31,Nkangala,2024,0290,Decrease (increase) in non-current investments,-4452164.0
DC31,Nkangala,2024,0310,Capital assets,-33621980.0
DC31,Nkangala,2024,0420,Cash/cash equivalents at the year begin:,231891480.0
DC31,Nkangala,2024,0430,Cash/cash equivalents at the year end:,502574405.0
DC32,Ehlanzeni,2024,0140,Other revenue,122713783.0
DC32,Ehlanzeni,2024,0150,Transfers and Subsidies - Operational,309479120.0
DC32,Ehlanzeni,2024,0160,Transfers and Subsidies - Capital,65021271.0
DC32,Ehlanzeni,2024,0170,Interest,8378177.0
DC32,Ehlanzeni,2024,0180,Dividends,183392.0
DC32,Ehlanzeni,2024,0200,Suppliers and employees,-494076063.0
DC32,Ehlanzeni,2024,0260,Proceeds on disposal of PPE,636182.0
DC32,Ehlanzeni,2024,0280,Decrease (increase) in non-current receivables,-5046302.0
DC32,Ehlanzeni,2024,0290,Decrease (increase) in non-current investments,-1447985.0
DC32,Ehlanzeni,2024,0310,Capital assets,-13003413.0
DC32,Ehlanzeni,2024,0390,Repayment of borrowing,-10835811.0
DC32,Ehlanzeni,2024,0420,Cash/cash equivalents at the year begin:,51645128.0
DC32,Ehlanzeni,2024,0430,Cash/cash equivalents at the year end:,33647479.0
DC33,Mopani,2024,0130,Service charges,4614019.0
DC33,Mopani,2024,0140,Other revenue,25817421.0
DC33,Mopani,2024,0150,Transfers and Subsidies - Operational,1261956049.0
DC33,Mopani,2024,0160,Transfers and Subsidies - Capital,477668944.0
DC33,Mopani,2024,0170,Interest,24559700.0
DC33,Mopani,2024,0200,Suppliers and employees,-495081366.0
DC33,Mopani,2024,0310,Capital assets,-440589799.0
DC33,Mopani,2024,0420,Cash/cash equivalents at the year begin:,18477332.0
DC33,Mopani,2024,0430,Cash/cash equivalents at the year end:,877422300.0
DC34,Vhembe,2024,0130,Service charges,65834616.0
DC34,Vhembe,2024,0140,Other revenue,4840351.0
DC34,Vhembe,2024,0150,Transfers and Subsidies - Operational,1981559817.0
DC34,Vhembe,2024,0160,Transfers and Subsidies - Capital,111616802.0
DC34,Vhembe,2024,0170,Interest,47295652.0
DC34,Vhembe,2024,0200,Suppliers and employees,-975760307.0
DC34,Vhembe,2024,0310,Capital assets,-723220786.0
DC34,Vhembe,2024,0420,Cash/cash equivalents at the year begin:,130688137.0
DC34,Vhembe,2024,0430,Cash/cash equivalents at the year end:,642854282.0
DC35,Capricorn,2024,0130,Service charges,4086338.0
DC35,Capricorn,2024,0140,Other revenue,132088112.0
DC35,Capricorn,2024,0150,Transfers and Subsidies - Operational,782038356.0
DC35,Capricorn,2024,0160,Transfers and Subsidies - Capital,457020000.0
DC35,Capricorn,2024,0170,Interest,63637466.0
DC35,Capricorn,2024,0200,Suppliers and employees,-903681608.0
DC35,Capricorn,2024,0310,Capital assets,-472589280.0
DC35,Capricorn,2024,0420,Cash/cash equivalents at the year begin:,493700447.0
DC35,Capricorn,2024,0430,Cash/cash equivalents at the year end:,556299831.0
DC36,Waterberg,2024,0140,Other revenue,2212870.0
DC36,Waterberg,2024,0150,Transfers and Subsidies - Operational,152577853.0
DC36,Waterberg,2024,0170,Interest,3013748.0
DC36,Waterberg,2024,0200,Suppliers and employees,-165877508.0
DC36,Waterberg,2024,0420,Cash/cash equivalents at the year begin:,12772992.0
DC36,Waterberg,2024,0430,Cash/cash equivalents at the year end:,4699955.0
DC38,Ngaka Modiri Molema,2024,0140,Other revenue,-122568.0
DC38,Ngaka Modiri Molema,2024,0150,Transfers and Subsidies - Operational,5523635.0
DC38,Ngaka Modiri Molema,2024,0170,Interest,-1096688.0
DC38,Ngaka Modiri Molema,2024,0200,Suppliers and employees,-67883201.0
DC38,Ngaka Modiri Molema,2024,0290,Decrease (increase) in non-current investments,-377996.0
DC38,Ngaka Modiri Molema,2024,0420,Cash/cash equivalents at the year begin:,364083995.0
DC38,Ngaka Modiri Molema,2024,0430,Cash/cash equivalents at the year end:,300127177.0
DC39,Dr Ruth Segomotsi Mompati,2024,0140,Other revenue,56831.0
DC39,Dr Ruth Segomotsi Mompati,2024,0150,Transfers and Subsidies - Operational,525588980.0
DC39,Dr Ruth Segomotsi Mompati,2024,0160,Transfers and Subsidies - Capital,106815380.0
DC39,Dr Ruth Segomotsi Mompati,2024,0170,Interest,2401570.0
DC39,Dr Ruth Segomotsi Mompati,2024,0200,Suppliers and employees,314558.0
DC39,Dr Ruth Segomotsi Mompati,2024,0310,Capital assets,-47084763.0
DC39,Dr Ruth Segomotsi Mompati,2024,0420,Cash/cash equivalents at the year begin:,290695176.0
DC39,Dr Ruth Segomotsi Mompati,2024,0430,Cash/cash equivalents at the year end:,878787732.0
DC4,Garden Route,2024,0140,Other revenue,38472631.0
DC4,Garden Route,2024,0150,Transfers and Subsidies - Operational,196101532.0
DC4,Garden Route,2024,0160,Transfers and Subsidies - Capital,8263728.0
DC4,Garden Route,2024,0170,Interest,5112360.0
DC4,Garden Route,2024,0200,Suppliers and employees,-275318990.0
DC4,Garden Route,2024,0280,Decrease (increase) in non-current receivables,152600.0
DC4,Garden Route,2024,0310,Capital assets,-46318396.0
DC4,Garden Route,2024,0360,Borrowing long term/refinancing,116912000.0
DC4,Garden Route,2024,0420,Cash/cash equivalents at the year begin:,140403450.0
DC4,Garden Route,2024,0430,Cash/cash equivalents at the year end:,183780915.0
DC40,Dr Kenneth Kaunda,2024,0140,Other revenue,668755696.0
DC40,Dr Kenneth Kaunda,2024,0150,Transfers and Subsidies - Operational,35327000.0
DC40,Dr Kenneth Kaunda,2024,0160,Transfers and Subsidies - Capital,2641000.0
DC40,Dr Kenneth Kaunda,2024,0170,Interest,2363082.0
DC40,Dr Kenneth Kaunda,2024,0200,Suppliers and employees,-107222991.0
DC40,Dr Kenneth Kaunda,2024,0260,Proceeds on disposal of PPE,34939.0
DC40,Dr Kenneth Kaunda,2024,0310,Capital assets,-41109930.0
DC40,Dr Kenneth Kaunda,2024,0420,Cash/cash equivalents at the year begin:,96782374.0
DC40,Dr Kenneth Kaunda,2024,0430,Cash/cash equivalents at the year end:,657571170.0
DC42,Sedibeng,2024,0140,Other revenue,409204493.0
DC42,Sedibeng,2024,0150,Transfers and Subsidies - Operational,321001000.0
DC42,Sedibeng,2024,0170,Interest,5101987.0
DC42,Sedibeng,2024,0200,Suppliers and employees,-737510492.0
DC42,Sedibeng,2024,0260,Proceeds on disposal of PPE,30496.0
DC42,Sedibeng,2024,0310,Capital assets,-914877.0
DC42,Sedibeng,2024,0420,Cash/cash equivalents at the year begin:,32783121.0
DC42,Sedibeng,2024,0430,Cash/cash equivalents at the year end:,29695728.0
DC43,Harry Gwala,2024,0120,Property rates,6000.0
DC43,Harry Gwala,2024,0130,Service charges,62324216.0
DC43,Harry Gwala,2024,0140,Other revenue,1805796869.0
DC43,Harry Gwala,2024,0150,Transfers and Subsidies - Operational,473045000.0
DC43,Harry Gwala,2024,0160,Transfers and Subsidies - Capital,326130000.0
DC43,Harry Gwala,2024,0170,Interest,21988023.0
DC43,Harry Gwala,2024,0200,Suppliers and employees,-879111900.0
DC43,Harry Gwala,2024,0310,Capital assets,-309603501.0
DC43,Harry Gwala,2024,0420,Cash/cash equivalents at the year begin:,124640559.0
DC43,Harry Gwala,2024,0430,Cash/cash equivalents at the year end:,1625215266.0
DC44,Alfred Nzo,2024,0130,Service charges,24883722.0
DC44,Alfred Nzo,2024,0140,Other revenue,31133258.0
DC44,Alfred Nzo,2024,0150,Transfers and Subsidies - Operational,445074246.0
DC44,Alfred Nzo,2024,0160,Transfers and Subsidies - Capital,355362998.0
DC44,Alfred Nzo,2024,0170,Interest,112079019.0
DC44,Alfred Nzo,2024,0200,Suppliers and employees,-429227788.0
DC44,Alfred Nzo,2024,0280,Decrease (increase) in non-current receivables,-91940.0
DC44,Alfred Nzo,2024,0310,Capital assets,-484923505.0
DC44,Alfred Nzo,2024,0420,Cash/cash equivalents at the year begin:,1121063561.0
DC44,Alfred Nzo,2024,0430,Cash/cash equivalents at the year end:,1175353571.0
DC45,John Taolo Gaetsewe,2024,0140,Other revenue,729818.0
DC45,John Taolo Gaetsewe,2024,0150,Transfers and Subsidies - Operational,172752795.0
DC45,John Taolo Gaetsewe,2024,0170,Interest,9326495.0
DC45,John Taolo Gaetsewe,2024,0200,Suppliers and employees,-11622468.0
DC45,John Taolo Gaetsewe,2024,0390,Repayment of borrowing,-437950.0
DC45,John Taolo Gaetsewe,2024,0420,Cash/cash equivalents at the year begin:,89076.0
DC45,John Taolo Gaetsewe,2024,0430,Cash/cash equivalents at the year end:,170837766.0
DC47,Sekhukhune,2024,0130,Service charges,44764930.0
DC47,Sekhukhune,2024,0140,Other revenue,83601638.0
DC47,Sekhukhune,2024,0150,Transfers and Subsidies - Operational,1083580000.0
DC47,Sekhukhune,2024,0160,Transfers and Subsidies - Capital,436587000.0
DC47,Sekhukhune,2024,0170,Interest,77045331.0
DC47,Sekhukhune,2024,0200,Suppliers and employees,-2426433935.0
DC47,Sekhukhune,2024,0260,Proceeds on disposal of PPE,63198.0
DC47,Sekhukhune,2024,0310,Capital assets,-497079170.0
DC47,Sekhukhune,2024,0420,Cash/cash equivalents at the year begin:,732695887.0
DC47,Sekhukhune,2024,0430,Cash/cash equivalents at the year end:,-465175121.0
DC48,West Rand,2024,0140,Other revenue,4453383.0
DC48,West Rand,2024,0150,Transfers and Subsidies - Operational,1060849344.0
DC48,West Rand,2024,0160,Transfers and Subsidies - Capital,79215000.0
DC48,West Rand,2024,0170,Interest,1353015.0
DC48,West Rand,2024,0200,Suppliers and employees,170938552.0
DC48,West Rand,2024,0310,Capital assets,-4391364.0
DC48,West Rand,2024,0420,Cash/cash equivalents at the year begin:,18523646.0
DC48,West Rand,2024,0430,Cash/cash equivalents at the year end:,1330941576.0
DC5,Central Karoo,2024,0200,Suppliers and employees,-79403303.0
DC5,Central Karoo,2024,0310,Capital assets,-496738.0
DC5,Central Karoo,2024,0420,Cash/cash equivalents at the year begin:,11365175.0
DC5,Central Karoo,2024,0430,Cash/cash equivalents at the year end:,-68534866.0
DC6,Namakwa,2024,0140,Other revenue,99915932.0
DC6,Namakwa,2024,0150,Transfers and Subsidies - Operational,64029269.0
DC6,Namakwa,2024,0160,Transfers and Subsidies - Capital,69317.0
DC6,Namakwa,2024,0170,Interest,1735019.0
DC6,Namakwa,2024,0200,Suppliers and employees,-119285158.0
DC6,Namakwa,2024,0310,Capital assets,-3263624.0
DC6,Namakwa,2024,0360,Borrowing long term/refinancing,247803.0
DC6,Namakwa,2024,0420,Cash/cash equivalents at the year begin:,9301597.0
DC6,Namakwa,2024,0430,Cash/cash equivalents at the year end:,52750155.0
DC7,Pixley Ka Seme (NC),2024,0140,Other revenue,1176825.0
DC7,Pixley Ka Seme (NC),2024,0150,Transfers and Subsidies - Operational,68733000.0
DC7,Pixley Ka Seme (NC),2024,0170,Interest,1171056.0
DC7,Pixley Ka Seme (NC),2024,0200,Suppliers and employees,-16999787.0
DC7,Pixley Ka Seme (NC),2024,0280,Decrease (increase) in non-current receivables,332580.0
DC7,Pixley Ka Seme (NC),2024,0310,Capital assets,-415566.0
DC7,Pixley Ka Seme (NC),2024,0360,Borrowing long term/refinancing,1470198.0
DC7,Pixley Ka Seme (NC),2024,0420,Cash/cash equivalents at the year begin:,608870.0
DC7,Pixley Ka Seme (NC),2024,0430,Cash/cash equivalents at the year end:,56077176.0
DC8,Z F Mgcawu,2024,0140,Other revenue,289147.0
DC8,Z F Mgcawu,2024,0150,Transfers and Subsidies - Operational,63561000.0
DC8,Z F Mgcawu,2024,0200,Suppliers and employees,-12881857.0
DC8,Z F Mgcawu,2024,0280,Decrease (increase) in non-current receivables,12409.0
DC8,Z F Mgcawu,2024,0290,Decrease (increase) in non-current investments,-648624.0
DC8,Z F Mgcawu,2024,0310,Capital assets,-1529973.0
DC8,Z F Mgcawu,2024,0390,Repayment of borrowing,-371050.0
DC8,Z F Mgcawu,2024,0420,Cash/cash equivalents at the year begin:,1705740.0
DC8,Z F Mgcawu,2024,0430,Cash/cash equivalents at the year end:,50136792.0
DC9,Frances Baard,2024,0140,Other revenue,99354.0
DC9,Frances Baard,2024,0150,Transfers and Subsidies - Operational,57859893.0
DC9,Frances Baard,2024,0170,Interest,7929265.0
DC9,Frances Baard,2024,0200,Suppliers and employees,-183082965.0
DC9,Frances Baard,2024,0280,Decrease (increase) in non-current receivables,943000.0
DC9,Frances Baard,2024,0420,Cash/cash equivalents at the year begin:,112929504.0
DC9,Frances Baard,2024,0430,Cash/cash equivalents at the year end:,-3321949.0
EC101,Dr Beyers Naude,2024,0120,Property rates,30397529.0
EC101,Dr Beyers Naude,2024,0130,Service charges,45851538.0
EC101,Dr Beyers Naude,2024,0140,Other revenue,35292025.0
EC101,Dr Beyers Naude,2024,0150,Transfers and Subsidies - Operational,304001086.0
EC101,Dr Beyers Naude,2024,0160,Transfers and Subsidies - Capital,49090373.0
EC101,Dr Beyers Naude,2024,0170,Interest,315791.0
EC101,Dr Beyers Naude,2024,0200,Suppliers and employees,-290723467.0
EC101,Dr Beyers Naude,2024,0310,Capital assets,10207019.0
EC101,Dr Beyers Naude,2024,0370,Increase (decrease) in consumer deposits,-1188277.0
EC101,Dr Beyers Naude,2024,0420,Cash/cash equivalents at the year begin:,995904.0
EC101,Dr Beyers Naude,2024,0430,Cash/cash equivalents at the year end:,184239521.0
EC102,Blue Crane Route,2024,0120,Property rates,5284511.0
EC102,Blue Crane Route,2024,0130,Service charges,140671111.0
EC102,Blue Crane Route,2024,0140,Other revenue,14981927.0
EC102,Blue Crane Route,2024,0150,Transfers and Subsidies - Operational,66668760.0
EC102,Blue Crane Route,2024,0160,Transfers and Subsidies - Capital,7146793.0
EC102,Blue Crane Route,2024,0200,Suppliers and employees,-14787340.0
EC102,Blue Crane Route,2024,0310,Capital assets,-33504090.0
EC102,Blue Crane Route,2024,0420,Cash/cash equivalents at the year begin:,10493729.0
EC102,Blue Crane Route,2024,0430,Cash/cash equivalents at the year end:,196955401.0
EC104,Makana,2024,0120,Property rates,93381482.0
EC104,Makana,2024,0130,Service charges,47574174.0
EC104,Makana,2024,0140,Other revenue,15033392.0
EC104,Makana,2024,0150,Transfers and Subsidies - Operational,118235059.0
EC104,Makana,2024,0170,Interest,5255689.0
EC104,Makana,2024,0200,Suppliers and employees,-485425253.0
EC104,Makana,2024,0260,Proceeds on disposal of PPE,2426.0
EC104,Makana,2024,0310,Capital assets,-55446059.0
EC104,Makana,2024,0390,Repayment of borrowing,244083.0
EC104,Makana,2024,0420,Cash/cash equivalents at the year begin:,56245927.0
EC104,Makana,2024,0430,Cash/cash equivalents at the year end:,-204899080.0
EC105,Ndlambe,2024,0120,Property rates,142050081.0
EC105,Ndlambe,2024,0130,Service charges,168285236.0
EC105,Ndlambe,2024,0140,Other revenue,64902267.0
EC105,Ndlambe,2024,0150,Transfers and Subsidies - Operational,272757543.0
EC105,Ndlambe,2024,0160,Transfers and Subsidies - Capital,127762900.0
EC105,Ndlambe,2024,0170,Interest,11312503.0
EC105,Ndlambe,2024,0200,Suppliers and employees,-610613217.0
EC105,Ndlambe,2024,0210,Finance charges,-222128.0
EC105,Ndlambe,2024,0260,Proceeds on disposal of PPE,550271.0
EC105,Ndlambe,2024,0290,Decrease (increase) in non-current investments,-1433.0
EC105,Ndlambe,2024,0310,Capital assets,-124666304.0
EC105,Ndlambe,2024,0370,Increase (decrease) in consumer deposits,210475.0
EC105,Ndlambe,2024,0390,Repayment of borrowing,-1438817.0
EC105,Ndlambe,2024,0420,Cash/cash equivalents at the year begin:,67235372.0
EC105,Ndlambe,2024,0430,Cash/cash equivalents at the year end:,118124749.0
EC106,Sundays River Valley,2024,0120,Property rates,33613602.0
EC106,Sundays River Valley,2024,0130,Service charges,10351335.0
EC106,Sundays River Valley,2024,0140,Other revenue,25692470.0
EC106,Sundays River Valley,2024,0150,Transfers and Subsidies - Operational,141270018.0
EC106,Sundays River Valley,2024,0160,Transfers and Subsidies - Capital,29018225.0
EC106,Sundays River Valley,2024,0170,Interest,1441776.0
EC106,Sundays River Valley,2024,0200,Suppliers and employees,-325472331.0
EC106,Sundays River Valley,2024,0310,Capital assets,-47385775.0
EC106,Sundays River Valley,2024,0420,Cash/cash equivalents at the year begin:,2166888.0
EC106,Sundays River Valley,2024,0430,Cash/cash equivalents at the year end:,-129303792.0
EC108,Kouga,2024,0120,Property rates,362726469.0
EC108,Kouga,2024,0130,Service charges,255325400.0
EC108,Kouga,2024,0140,Other revenue,16788009.0
EC108,Kouga,2024,0150,Transfers and Subsidies - Operational,184435976.0
EC108,Kouga,2024,0160,Transfers and Subsidies - Capital,1585550.0
EC108,Kouga,2024,0200,Suppliers and employees,771427753.0
EC108,Kouga,2024,0310,Capital assets,-83038079.0
EC108,Kouga,2024,0390,Repayment of borrowing,-12168692.0
EC108,Kouga,2024,0420,Cash/cash equivalents at the year begin:,104935018.0
EC108,Kouga,2024,0430,Cash/cash equivalents at the year end:,1602017404.0
EC121,Mbhashe,2024,0120,Property rates,434201.0
EC121,Mbhashe,2024,0130,Service charges,14021.0
EC121,Mbhashe,2024,0140,Other revenue,-2763508.0
EC121,Mbhashe,2024,0150,Transfers and Subsidies - Operational,14565655.0
EC121,Mbhashe,2024,0160,Transfers and Subsidies - Capital,24390293.0
EC121,Mbhashe,2024,0170,Interest,2912897.0
EC121,Mbhashe,2024,0420,Cash/cash equivalents at the year begin:,21397229.0
EC121,Mbhashe,2024,0430,Cash/cash equivalents at the year end:,60950788.0
EC122,Mnquma,2024,0200,Suppliers and employees,-441215220.0
EC122,Mnquma,2024,0280,Decrease (increase) in non-current receivables,48000.0
EC122,Mnquma,2024,0310,Capital assets,-34107571.0
EC122,Mnquma,2024,0420,Cash/cash equivalents at the year begin:,194239426.0
EC122,Mnquma,2024,0430,Cash/cash equivalents at the year end:,-281035365.0
EC123,Great Kei,2024,0200,Suppliers and employees,-173279514.0
EC123,Great Kei,2024,0310,Capital assets,-1807896.0
EC123,Great Kei,2024,0420,Cash/cash equivalents at the year begin:,34734574.0
EC123,Great Kei,2024,0430,Cash/cash equivalents at the year end:,-140352836.0
EC124,Amahlathi,2024,0120,Property rates,1022617.0
EC124,Amahlathi,2024,0130,Service charges,3078438.0
EC124,Amahlathi,2024,0140,Other revenue,13005648.0
EC124,Amahlathi,2024,0150,Transfers and Subsidies - Operational,170786656.0
EC124,Amahlathi,2024,0170,Interest,1584287.0
EC124,Amahlathi,2024,0200,Suppliers and employees,-10704000.0
EC124,Amahlathi,2024,0310,Capital assets,-702.0
EC124,Amahlathi,2024,0420,Cash/cash equivalents at the year begin:,1558575.0
EC124,Amahlathi,2024,0430,Cash/cash equivalents at the year end:,180331519.0
EC126,Ngqushwa,2024,0120,Property rates,353213.0
EC126,Ngqushwa,2024,0130,Service charges,151001.0
EC126,Ngqushwa,2024,0140,Other revenue,707894.0
EC126,Ngqushwa,2024,0170,Interest,298313.0
EC126,Ngqushwa,2024,0200,Suppliers and employees,-847687297.0
EC126,Ngqushwa,2024,0430,Cash/cash equivalents at the year end:,-846176876.0
EC129,Raymond Mhlaba,2024,0120,Property rates,29313.0
EC129,Raymond Mhlaba,2024,0130,Service charges,127552.0
EC129,Raymond Mhlaba,2024,0140,Other revenue,29935270.0
EC129,Raymond Mhlaba,2024,0150,Transfers and Subsidies - Operational,31518498.0
EC129,Raymond Mhlaba,2024,0160,Transfers and Subsidies - Capital,40423000.0
EC129,Raymond Mhlaba,2024,0200,Suppliers and employees,-786526354.0
EC129,Raymond Mhlaba,2024,0420,Cash/cash equivalents at the year begin:,-3664171.0
EC129,Raymond Mhlaba,2024,0430,Cash/cash equivalents at the year end:,-688156892.0
EC131,Inxuba Yethemba,2024,0120,Property rates,31279898.0
EC131,Inxuba Yethemba,2024,0130,Service charges,104783951.0
EC131,Inxuba Yethemba,2024,0140,Other revenue,25058846.0
EC131,Inxuba Yethemba,2024,0150,Transfers and Subsidies - Operational,72079749.0
EC131,Inxuba Yethemba,2024,0160,Transfers and Subsidies - Capital,23979201.0
EC131,Inxuba Yethemba,2024,0200,Suppliers and employees,-323506020.0
EC131,Inxuba Yethemba,2024,0260,Proceeds on disposal of PPE,69426.0
EC131,Inxuba Yethemba,2024,0310,Capital assets,-44745422.0
EC131,Inxuba Yethemba,2024,0420,Cash/cash equivalents at the year begin:,2312551.0
EC131,Inxuba Yethemba,2024,0430,Cash/cash equivalents at the year end:,-108687820.0
EC135,Vuyisile Mini,2024,0120,Property rates,289023.0
EC135,Vuyisile Mini,2024,0130,Service charges,139895.0
EC135,Vuyisile Mini,2024,0140,Other revenue,5132351.0
EC135,Vuyisile Mini,2024,0150,Transfers and Subsidies - Operational,24641522.0
EC135,Vuyisile Mini,2024,0160,Transfers and Subsidies - Capital,-3197001.0
EC135,Vuyisile Mini,2024,0200,Suppliers and employees,12825169.0
EC135,Vuyisile Mini,2024,0420,Cash/cash equivalents at the year begin:,240.0
EC135,Vuyisile Mini,2024,0430,Cash/cash equivalents at the year end:,39831199.0
EC136,Emalahleni (EC),2024,0120,Property rates,43961003.0
EC136,Emalahleni (EC),2024,0130,Service charges,139077697.0
EC136,Emalahleni (EC),2024,0140,Other revenue,180795493.0
EC136,Emalahleni (EC),2024,0150,Transfers and Subsidies - Operational,1132324100.0
EC136,Emalahleni (EC),2024,0160,Transfers and Subsidies - Capital,471692900.0
EC136,Emalahleni (EC),2024,0200,Suppliers and employees,-110816119.0
EC136,Emalahleni (EC),2024,0310,Capital assets,-12960764.0
EC136,Emalahleni (EC),2024,0420,Cash/cash equivalents at the year begin:,110548885.0
EC136,Emalahleni (EC),2024,0430,Cash/cash equivalents at the year end:,1954623195.0
EC137,Dr. A.B. Xuma,2024,0120,Property rates,2158924.0
EC137,Dr. A.B. Xuma,2024,0130,Service charges,1058010.0
EC137,Dr. A.B. Xuma,2024,0140,Other revenue,33040206.0
EC137,Dr. A.B. Xuma,2024,0150,Transfers and Subsidies - Operational,204832610.0
EC137,Dr. A.B. Xuma,2024,0160,Transfers and Subsidies - Capital,3509200.0
EC137,Dr. A.B. Xuma,2024,0200,Suppliers and employees,-192787710.0
EC137,Dr. A.B. Xuma,2024,0260,Proceeds on disposal of PPE,519862.0
EC137,Dr. A.B. Xuma,2024,0310,Capital assets,-167968439.0
EC137,Dr. A.B. Xuma,2024,0420,Cash/cash equivalents at the year begin:,41744451.0
EC137,Dr. A.B. Xuma,2024,0430,Cash/cash equivalents at the year end:,-73892886.0
EC138,Sakhisizwe,2024,0140,Other revenue,2450104.0
EC138,Sakhisizwe,2024,0200,Suppliers and employees,-76366270.0
EC138,Sakhisizwe,2024,0310,Capital assets,-4827838.0
EC138,Sakhisizwe,2024,0420,Cash/cash equivalents at the year begin:,18153143.0
EC138,Sakhisizwe,2024,0430,Cash/cash equivalents at the year end:,-60590861.0
EC139,Enoch Mgijima,2024,0120,Property rates,85815401.0
EC139,Enoch Mgijima,2024,0130,Service charges,290284717.0
EC139,Enoch Mgijima,2024,0140,Other revenue,1490852322.0
EC139,Enoch Mgijima,2024,0150,Transfers and Subsidies - Operational,283928500.0
EC139,Enoch Mgijima,2024,0160,Transfers and Subsidies - Capital,60072000.0
EC139,Enoch Mgijima,2024,0170,Interest,6805976.0
EC139,Enoch Mgijima,2024,0200,Suppliers and employees,-1328196056.0
EC139,Enoch Mgijima,2024,0260,Proceeds on disposal of PPE,1412490.0
EC139,Enoch Mgijima,2024,0310,Capital assets,-5980782.0
EC139,Enoch Mgijima,2024,0420,Cash/cash equivalents at the year begin:,37197521.0
EC139,Enoch Mgijima,2024,0430,Cash/cash equivalents at the year end:,922192089.0
EC141,Elundini,2024,0120,Property rates,17501744.0
EC141,Elundini,2024,0130,Service charges,19379736.0
EC141,Elundini,2024,0140,Other revenue,17551831.0
EC141,Elundini,2024,0150,Transfers and Subsidies - Operational,200360189.0
EC141,Elundini,2024,0160,Transfers and Subsidies - Capital,78196000.0
EC141,Elundini,2024,0170,Interest,1803670.0
EC141,Elundini,2024,0200,Suppliers and employees,-175161739.0
EC141,Elundini,2024,0210,Finance charges,-463614.0
EC141,Elundini,2024,0280,Decrease (increase) in non-current receivables,919839.0
EC141,Elundini,2024,0310,Capital assets,-93713670.0
EC141,Elundini,2024,0360,Borrowing long term/refinancing,30000000.0
EC141,Elundini,2024,0390,Repayment of borrowing,9607152.0
EC141,Elundini,2024,0420,Cash/cash equivalents at the year begin:,45752315.0
EC141,Elundini,2024,0430,Cash/cash equivalents at the year end:,151733453.0
EC142,Senqu,2024,0120,Property rates,81225469.0
EC142,Senqu,2024,0130,Service charges,399973041.0
EC142,Senqu,2024,0140,Other revenue,48309169.0
EC142,Senqu,2024,0150,Transfers and Subsidies - Operational,-246651537.0
EC142,Senqu,2024,0160,Transfers and Subsidies - Capital,299026000.0
EC142,Senqu,2024,0200,Suppliers and employees,-224353061.0
EC142,Senqu,2024,0260,Proceeds on disposal of PPE,8187616.0
EC142,Senqu,2024,0310,Capital assets,-20877462.0
EC142,Senqu,2024,0420,Cash/cash equivalents at the year begin:,497831824.0
EC142,Senqu,2024,0430,Cash/cash equivalents at the year end:,842671059.0
EC145,Walter Sisulu,2024,0120,Property rates,84263.0
EC145,Walter Sisulu,2024,0130,Service charges,40923205.0
EC145,Walter Sisulu,2024,0140,Other revenue,-5982397.0
EC145,Walter Sisulu,2024,0170,Interest,-161810.0
EC145,Walter Sisulu,2024,0200,Suppliers and employees,-265621967.0
EC145,Walter Sisulu,2024,0260,Proceeds on disposal of PPE,58291760.0
EC145,Walter Sisulu,2024,0310,Capital assets,35810.0
EC145,Walter Sisulu,2024,0420,Cash/cash equivalents at the year begin:,11301563.0
EC145,Walter Sisulu,2024,0430,Cash/cash equivalents at the year end:,-161129573.0
EC153,Ngquza Hills,2024,0120,Property rates,34739988.0
EC153,Ngquza Hills,2024,0130,Service charges,1035128.0
EC153,Ngquza Hills,2024,0140,Other revenue,7330182.0
EC153,Ngquza Hills,2024,0150,Transfers and Subsidies - Operational,332316598.0
EC153,Ngquza Hills,2024,0200,Suppliers and employees,-163564087.0
EC153,Ngquza Hills,2024,0310,Capital assets,-81893042.0
EC153,Ngquza Hills,2024,0420,Cash/cash equivalents at the year begin:,225657103.0
EC153,Ngquza Hills,2024,0430,Cash/cash equivalents at the year end:,355621870.0
EC154,Port St Johns,2024,0120,Property rates,7080584.0
EC154,Port St Johns,2024,0130,Service charges,1800800.0
EC154,Port St Johns,2024,0140,Other revenue,769628.0
EC154,Port St Johns,2024,0150,Transfers and Subsidies - Operational,198037916.0
EC154,Port St Johns,2024,0160,Transfers and Subsidies - Capital,72362415.0
EC154,Port St Johns,2024,0170,Interest,17004887.0
EC154,Port St Johns,2024,0200,Suppliers and employees,-104193904.0
EC154,Port St Johns,2024,0260,Proceeds on disposal of PPE,877.0
EC154,Port St Johns,2024,0310,Capital assets,-46002959.0
EC154,Port St Johns,2024,0420,Cash/cash equivalents at the year begin:,152933349.0
EC154,Port St Johns,2024,0430,Cash/cash equivalents at the year end:,299793593.0
EC155,Nyandeni,2024,0120,Property rates,12251869.0
EC155,Nyandeni,2024,0130,Service charges,265680.0
EC155,Nyandeni,2024,0140,Other revenue,5918353.0
EC155,Nyandeni,2024,0150,Transfers and Subsidies - Operational,395501498.0
EC155,Nyandeni,2024,0160,Transfers and Subsidies - Capital,89113131.0
EC155,Nyandeni,2024,0170,Interest,3479651.0
EC155,Nyandeni,2024,0200,Suppliers and employees,-252377420.0
EC155,Nyandeni,2024,0220,Transfers and Subsidies,-6759323.0
EC155,Nyandeni,2024,0310,Capital assets,-129072265.0
EC155,Nyandeni,2024,0420,Cash/cash equivalents at the year begin:,374432676.0
EC155,Nyandeni,2024,0430,Cash/cash equivalents at the year end:,492753850.0
EC156,Kumkani Mhlontlo,2024,0120,Property rates,17875997.0
EC156,Kumkani Mhlontlo,2024,0130,Service charges,847253.0
EC156,Kumkani Mhlontlo,2024,0140,Other revenue,5464565.0
EC156,Kumkani Mhlontlo,2024,0150,Transfers and Subsidies - Operational,259277380.0
EC156,Kumkani Mhlontlo,2024,0160,Transfers and Subsidies - Capital,82311000.0
EC156,Kumkani Mhlontlo,2024,0170,Interest,11065915.0
EC156,Kumkani Mhlontlo,2024,0200,Suppliers and employees,-331391140.0
EC156,Kumkani Mhlontlo,2024,0310,Capital assets,-68309635.0
EC156,Kumkani Mhlontlo,2024,0420,Cash/cash equivalents at the year begin:,124981999.0
EC156,Kumkani Mhlontlo,2024,0430,Cash/cash equivalents at the year end:,102123334.0
EC157,King Sabata Dalindyebo,2024,0120,Property rates,266488090.0
EC157,King Sabata Dalindyebo,2024,0130,Service charges,624149685.0
EC157,King Sabata Dalindyebo,2024,0140,Other revenue,48564503.0
EC157,King Sabata Dalindyebo,2024,0150,Transfers and Subsidies - Operational,450724897.0
EC157,King Sabata Dalindyebo,2024,0160,Transfers and Subsidies - Capital,20115882.0
EC157,King Sabata Dalindyebo,2024,0170,Interest,3788248.0
EC157,King Sabata Dalindyebo,2024,0200,Suppliers and employees,-1356787734.0
EC157,King Sabata Dalindyebo,2024,0310,Capital assets,-196578594.0
EC157,King Sabata Dalindyebo,2024,0390,Repayment of borrowing,-28354720.0
EC157,King Sabata Dalindyebo,2024,0420,Cash/cash equivalents at the year begin:,81530875.0
EC157,King Sabata Dalindyebo,2024,0430,Cash/cash equivalents at the year end:,-86358868.0
EC441,Matatiele,2024,0120,Property rates,52679424.0
EC441,Matatiele,2024,0130,Service charges,85259270.0
EC441,Matatiele,2024,0140,Other revenue,22974814.0
EC441,Matatiele,2024,0150,Transfers and Subsidies - Operational,346669678.0
EC441,Matatiele,2024,0160,Transfers and Subsidies - Capital,114963690.0
EC441,Matatiele,2024,0170,Interest,24009102.0
EC441,Matatiele,2024,0200,Suppliers and employees,-255046041.0
EC441,Matatiele,2024,0310,Capital assets,-167905807.0
EC441,Matatiele,2024,0420,Cash/cash equivalents at the year begin:,254787098.0
EC441,Matatiele,2024,0430,Cash/cash equivalents at the year end:,478391228.0
EC442,Umzimvubu,2024,0140,Other revenue,2246951.0
EC442,Umzimvubu,2024,0150,Transfers and Subsidies - Operational,12291649.0
EC442,Umzimvubu,2024,0160,Transfers and Subsidies - Capital,32835125.0
EC442,Umzimvubu,2024,0170,Interest,8124864.0
EC442,Umzimvubu,2024,0200,Suppliers and employees,-194145845.0
EC442,Umzimvubu,2024,0310,Capital assets,-179264695.0
EC442,Umzimvubu,2024,0420,Cash/cash equivalents at the year begin:,79105288.0
EC442,Umzimvubu,2024,0430,Cash/cash equivalents at the year end:,-238806663.0
EC443,Winnie Madikizela-Mandela,2024,0120,Property rates,19758260.0
EC443,Winnie Madikizela-Mandela,2024,0130,Service charges,52241439.0
EC443,Winnie Madikizela-Mandela,2024,0140,Other revenue,11082385.0
EC443,Winnie Madikizela-Mandela,2024,0150,Transfers and Subsidies - Operational,357040390.0
EC443,Winnie Madikizela-Mandela,2024,0160,Transfers and Subsidies - Capital,88168227.0
EC443,Winnie Madikizela-Mandela,2024,0170,Interest,34472614.0
EC443,Winnie Madikizela-Mandela,2024,0200,Suppliers and employees,-306889606.0
EC443,Winnie Madikizela-Mandela,2024,0310,Capital assets,-121557572.0
EC443,Winnie Madikizela-Mandela,2024,0420,Cash/cash equivalents at the year begin:,360015394.0
EC443,Winnie Madikizela-Mandela,2024,0430,Cash/cash equivalents at the year end:,494331531.0
EC444,Ntabankulu,2024,0120,Property rates,1993498.0
EC444,Ntabankulu,2024,0130,Service charges,22429.0
EC444,Ntabankulu,2024,0140,Other revenue,1332437.0
EC444,Ntabankulu,2024,0150,Transfers and Subsidies - Operational,12230.0
EC444,Ntabankulu,2024,0160,Transfers and Subsidies - Capital,23338411.0
EC444,Ntabankulu,2024,0200,Suppliers and employees,1359632.0
EC444,Ntabankulu,2024,0360,Borrowing long term/refinancing,1271799.0
EC444,Ntabankulu,2024,0420,Cash/cash equivalents at the year begin:,1000.0
EC444,Ntabankulu,2024,0430,Cash/cash equivalents at the year end:,29331436.0
EKU,City of Ekurhuleni,2024,0120,Property rates,7267126232.0
EKU,City of Ekurhuleni,2024,0130,Service charges,26944113852.0
EKU,City of Ekurhuleni,2024,0140,Other revenue,9433849451.0
EKU,City of Ekurhuleni,2024,0150,Transfers and Subsidies - Operational,5565928012.0
EKU,City of Ekurhuleni,2024,0160,Transfers and Subsidies - Capital,2760286144.0
EKU,City of Ekurhuleni,2024,0170,Interest,138910262.0
EKU,City of Ekurhuleni,2024,0180,Dividends,87869.0
EKU,City of Ekurhuleni,2024,0200,Suppliers and employees,-57109229138.0
EKU,City of Ekurhuleni,2024,0280,Decrease (increase) in non-current receivables,-29583.0
EKU,City of Ekurhuleni,2024,0290,Decrease (increase) in non-current investments,789383469.0
EKU,City of Ekurhuleni,2024,0310,Capital assets,-2753209002.0
EKU,City of Ekurhuleni,2024,0350,Short term loans,933971657.0
EKU,City of Ekurhuleni,2024,0390,Repayment of borrowing,-1691229127.0
EKU,City of Ekurhuleni,2024,0420,Cash/cash equivalents at the year begin:,1114201155.0
EKU,City of Ekurhuleni,2024,0430,Cash/cash equivalents at the year end:,-6605838747.0
ETH,eThekwini,2024,0120,Property rates,10141765150.0
ETH,eThekwini,2024,0130,Service charges,43972058.0
ETH,eThekwini,2024,0140,Other revenue,53861145.0
ETH,eThekwini,2024,0170,Interest,-282075.0
ETH,eThekwini,2024,0200,Suppliers and employees,-391366184.0
ETH,eThekwini,2024,0280,Decrease (increase) in non-current receivables,-242403178.0
ETH,eThekwini,2024,0430,Cash/cash equivalents at the year end:,9605546916.0
FS161,Letsemeng,2024,0150,Transfers and Subsidies - Operational,79379221.0
FS161,Letsemeng,2024,0170,Interest,2620.0
FS161,Letsemeng,2024,0200,Suppliers and employees,153130953.0
FS161,Letsemeng,2024,0420,Cash/cash equivalents at the year begin:,-300.0
FS161,Letsemeng,2024,0430,Cash/cash equivalents at the year end:,232512494.0
FS162,Kopanong,2024,0200,Suppliers and employees,2869636.0
FS162,Kopanong,2024,0310,Capital assets,-342631436.0
FS162,Kopanong,2024,0420,Cash/cash equivalents at the year begin:,5958433.0
FS162,Kopanong,2024,0430,Cash/cash equivalents at the year end:,-333803367.0
FS163,Mohokare,2024,0120,Property rates,9112583.0
FS163,Mohokare,2024,0130,Service charges,15310152.0
FS163,Mohokare,2024,0140,Other revenue,30318650.0
FS163,Mohokare,2024,0150,Transfers and Subsidies - Operational,50807000.0
FS163,Mohokare,2024,0160,Transfers and Subsidies - Capital,33793022.0
FS163,Mohokare,2024,0170,Interest,378591.0
FS163,Mohokare,2024,0180,Dividends,20462.0
FS163,Mohokare,2024,0200,Suppliers and employees,-40012017.0
FS163,Mohokare,2024,0210,Finance charges,-245374.0
FS163,Mohokare,2024,0290,Decrease (increase) in non-current investments,-75885.0
FS163,Mohokare,2024,0310,Capital assets,-23378509.0
FS163,Mohokare,2024,0420,Cash/cash equivalents at the year begin:,9273072.0
FS163,Mohokare,2024,0430,Cash/cash equivalents at the year end:,85301747.0
FS182,Tokologo,2024,0120,Property rates,84561053.0
FS182,Tokologo,2024,0130,Service charges,185308767.0
FS182,Tokologo,2024,0140,Other revenue,7470120.0
FS182,Tokologo,2024,0150,Transfers and Subsidies - Operational,781109910.0
FS182,Tokologo,2024,0160,Transfers and Subsidies - Capital,1837796825.0
FS182,Tokologo,2024,0200,Suppliers and employees,-66051014.0
FS182,Tokologo,2024,0260,Proceeds on disposal of PPE,1108800.0
FS182,Tokologo,2024,0420,Cash/cash equivalents at the year begin:,2992201.0
FS182,Tokologo,2024,0430,Cash/cash equivalents at the year end:,2834296662.0
FS183,Tswelopele,2024,0120,Property rates,25586826.0
FS183,Tswelopele,2024,0130,Service charges,67876207.0
FS183,Tswelopele,2024,0140,Other revenue,304596922.0
FS183,Tswelopele,2024,0150,Transfers and Subsidies - Operational,99769160.0
FS183,Tswelopele,2024,0160,Transfers and Subsidies - Capital,23203016.0
FS183,Tswelopele,2024,0170,Interest,158166.0
FS183,Tswelopele,2024,0200,Suppliers and employees,-94917786.0
FS183,Tswelopele,2024,0310,Capital assets,-2380318.0
FS183,Tswelopele,2024,0420,Cash/cash equivalents at the year begin:,10480743.0
FS183,Tswelopele,2024,0430,Cash/cash equivalents at the year end:,434372936.0
FS184,Matjhabeng,2024,0120,Property rates,227681092.0
FS184,Matjhabeng,2024,0130,Service charges,809318316.0
FS184,Matjhabeng,2024,0140,Other revenue,-279520733.0
FS184,Matjhabeng,2024,0150,Transfers and Subsidies - Operational,693576816.0
FS184,Matjhabeng,2024,0160,Transfers and Subsidies - Capital,167455000.0
FS184,Matjhabeng,2024,0170,Interest,8512889.0
FS184,Matjhabeng,2024,0180,Dividends,49223.0
FS184,Matjhabeng,2024,0200,Suppliers and employees,-2641153138.0
FS184,Matjhabeng,2024,0310,Capital assets,-174899781.0
FS184,Matjhabeng,2024,0420,Cash/cash equivalents at the year begin:,126537756.0
FS184,Matjhabeng,2024,0430,Cash/cash equivalents at the year end:,-1062442560.0
FS191,Setsoto,2024,0120,Property rates,59522418.0
FS191,Setsoto,2024,0130,Service charges,134546195.0
FS191,Setsoto,2024,0140,Other revenue,13491241.0
FS191,Setsoto,2024,0150,Transfers and Subsidies - Operational,228974521.0
FS191,Setsoto,2024,0160,Transfers and Subsidies - Capital,216757716.0
FS191,Setsoto,2024,0170,Interest,11415445.0
FS191,Setsoto,2024,0200,Suppliers and employees,-275713915.0
FS191,Setsoto,2024,0260,Proceeds on disposal of PPE,282351.0
FS191,Setsoto,2024,0290,Decrease (increase) in non-current investments,-763357.0
FS191,Setsoto,2024,0310,Capital assets,-212172198.0
FS191,Setsoto,2024,0420,Cash/cash equivalents at the year begin:,66207531.0
FS191,Setsoto,2024,0430,Cash/cash equivalents at the year end:,242547948.0
FS192,Dihlabeng,2024,0120,Property rates,117669203.0
FS192,Dihlabeng,2024,0130,Service charges,441033117.0
FS192,Dihlabeng,2024,0140,Other revenue,-63124562.0
FS192,Dihlabeng,2024,0150,Transfers and Subsidies - Operational,237285000.0
FS192,Dihlabeng,2024,0160,Transfers and Subsidies - Capital,113436974.0
FS192,Dihlabeng,2024,0170,Interest,1315476.0
FS192,Dihlabeng,2024,0180,Dividends,13435.0
FS192,Dihlabeng,2024,0200,Suppliers and employees,-714167979.0
FS192,Dihlabeng,2024,0260,Proceeds on disposal of PPE,3137416.0
FS192,Dihlabeng,2024,0310,Capital assets,-88001351.0
FS192,Dihlabeng,2024,0360,Borrowing long term/refinancing,-6349047.0
FS192,Dihlabeng,2024,0420,Cash/cash equivalents at the year begin:,18387759.0
FS192,Dihlabeng,2024,0430,Cash/cash equivalents at the year end:,60635441.0
FS193,Nketoana,2024,0120,Property rates,14545556.0
FS193,Nketoana,2024,0130,Service charges,151703113.0
FS193,Nketoana,2024,0140,Other revenue,3357572.0
FS193,Nketoana,2024,0150,Transfers and Subsidies - Operational,122343862.0
FS193,Nketoana,2024,0160,Transfers and Subsidies - Capital,87978407.0
FS193,Nketoana,2024,0200,Suppliers and employees,-103615819.0
FS193,Nketoana,2024,0310,Capital assets,-79461945.0
FS193,Nketoana,2024,0420,Cash/cash equivalents at the year begin:,1904026.0
FS193,Nketoana,2024,0430,Cash/cash equivalents at the year end:,198754772.0
FS194,Maluti-a-Phofung,2024,0120,Property rates,67007939.0
FS194,Maluti-a-Phofung,2024,0130,Service charges,449751958.0
FS194,Maluti-a-Phofung,2024,0140,Other revenue,-316949370.0
FS194,Maluti-a-Phofung,2024,0150,Transfers and Subsidies - Operational,810579046.0
FS194,Maluti-a-Phofung,2024,0160,Transfers and Subsidies - Capital,277295311.0
FS194,Maluti-a-Phofung,2024,0170,Interest,969913.0
FS194,Maluti-a-Phofung,2024,0200,Suppliers and employees,-1684453023.0
FS194,Maluti-a-Phofung,2024,0310,Capital assets,-588295416.0
FS194,Maluti-a-Phofung,2024,0420,Cash/cash equivalents at the year begin:,389778590.0
FS194,Maluti-a-Phofung,2024,0430,Cash/cash equivalents at the year end:,-594315052.0
FS195,Phumelela,2024,0120,Property rates,7210138.0
FS195,Phumelela,2024,0130,Service charges,13408957.0
FS195,Phumelela,2024,0140,Other revenue,8680849.0
FS195,Phumelela,2024,0150,Transfers and Subsidies - Operational,96470918.0
FS195,Phumelela,2024,0160,Transfers and Subsidies - Capital,49925696.0
FS195,Phumelela,2024,0200,Suppliers and employees,-41873312.0
FS195,Phumelela,2024,0260,Proceeds on disposal of PPE,332541.0
FS195,Phumelela,2024,0290,Decrease (increase) in non-current investments,16600.0
FS195,Phumelela,2024,0310,Capital assets,-45267266.0
FS195,Phumelela,2024,0420,Cash/cash equivalents at the year begin:,7250665.0
FS195,Phumelela,2024,0430,Cash/cash equivalents at the year end:,96155786.0
FS201,Moqhaka,2024,0120,Property rates,59292539.0
FS201,Moqhaka,2024,0130,Service charges,430886134.0
FS201,Moqhaka,2024,0140,Other revenue,116019417.0
FS201,Moqhaka,2024,0150,Transfers and Subsidies - Operational,281769000.0
FS201,Moqhaka,2024,0160,Transfers and Subsidies - Capital,108184916.0
FS201,Moqhaka,2024,0170,Interest,3293156.0
FS201,Moqhaka,2024,0180,Dividends,3636604.0
FS201,Moqhaka,2024,0200,Suppliers and employees,-1008820691.0
FS201,Moqhaka,2024,0260,Proceeds on disposal of PPE,25992075.0
FS201,Moqhaka,2024,0290,Decrease (increase) in non-current investments,-65063.0
FS201,Moqhaka,2024,0310,Capital assets,-5630410.0
FS201,Moqhaka,2024,0420,Cash/cash equivalents at the year begin:,-21364319.0
FS201,Moqhaka,2024,0430,Cash/cash equivalents at the year end:,-6806642.0
FS203,Ngwathe,2024,0120,Property rates,70663205.0
FS203,Ngwathe,2024,0130,Service charges,1026070243.0
FS203,Ngwathe,2024,0140,Other revenue,-850014849.0
FS203,Ngwathe,2024,0150,Transfers and Subsidies - Operational,266648000.0
FS203,Ngwathe,2024,0160,Transfers and Subsidies - Capital,30947000.0
FS203,Ngwathe,2024,0170,Interest,1092079.0
FS203,Ngwathe,2024,0200,Suppliers and employees,-802083407.0
FS203,Ngwathe,2024,0260,Proceeds on disposal of PPE,97333486.0
FS203,Ngwathe,2024,0310,Capital assets,-107529134.0
FS203,Ngwathe,2024,0420,Cash/cash equivalents at the year begin:,46712910.0
FS203,Ngwathe,2024,0430,Cash/cash equivalents at the year end:,-220160467.0
FS204,Metsimaholo,2024,0120,Property rates,129010159.0
FS204,Metsimaholo,2024,0130,Service charges,536094596.0
FS204,Metsimaholo,2024,0140,Other revenue,596549858.0
FS204,Metsimaholo,2024,0150,Transfers and Subsidies - Operational,244809754.0
FS204,Metsimaholo,2024,0160,Transfers and Subsidies - Capital,36397000.0
FS204,Metsimaholo,2024,0170,Interest,10186022.0
FS204,Metsimaholo,2024,0180,Dividends,147549.0
FS204,Metsimaholo,2024,0200,Suppliers and employees,-1436811311.0
FS204,Metsimaholo,2024,0260,Proceeds on disposal of PPE,853752.0
FS204,Metsimaholo,2024,0310,Capital assets,-61919469.0
FS204,Metsimaholo,2024,0420,Cash/cash equivalents at the year begin:,163201212.0
FS204,Metsimaholo,2024,0430,Cash/cash equivalents at the year end:,218519122.0
GT421,Emfuleni,2024,0120,Property rates,629633479.0
GT421,Emfuleni,2024,0130,Service charges,2719785870.0
GT421,Emfuleni,2024,0140,Other revenue,457525466.0
GT421,Emfuleni,2024,0150,Transfers and Subsidies - Operational,647402914.0
GT421,Emfuleni,2024,0160,Transfers and Subsidies - Capital,55049000.0
GT421,Emfuleni,2024,0170,Interest,1585094.0
GT421,Emfuleni,2024,0200,Suppliers and employees,-5181848769.0
GT421,Emfuleni,2024,0260,Proceeds on disposal of PPE,6147626.0
GT421,Emfuleni,2024,0290,Decrease (increase) in non-current investments,-6094.0
GT421,Emfuleni,2024,0310,Capital assets,-618785246.0
GT421,Emfuleni,2024,0420,Cash/cash equivalents at the year begin:,85158618.0
GT421,Emfuleni,2024,0430,Cash/cash equivalents at the year end:,-1198352042.0
GT422,Midvaal,2024,0120,Property rates,265702427.0
GT422,Midvaal,2024,0130,Service charges,774437297.0
GT422,Midvaal,2024,0140,Other revenue,4188298718.0
GT422,Midvaal,2024,0150,Transfers and Subsidies - Operational,165857000.0
GT422,Midvaal,2024,0160,Transfers and Subsidies - Capital,115937163.0
GT422,Midvaal,2024,0170,Interest,42106632.0
GT422,Midvaal,2024,0200,Suppliers and employees,-2114339559.0
GT422,Midvaal,2024,0310,Capital assets,-238262160.0
GT422,Midvaal,2024,0360,Borrowing long term/refinancing,115939195.0
GT422,Midvaal,2024,0390,Repayment of borrowing,-17876168.0
GT422,Midvaal,2024,0420,Cash/cash equivalents at the year begin:,495713307.0
GT422,Midvaal,2024,0430,Cash/cash equivalents at the year end:,3793513852.0
GT423,Lesedi,2024,0120,Property rates,128812730.0
GT423,Lesedi,2024,0130,Service charges,502424947.0
GT423,Lesedi,2024,0140,Other revenue,39131965.0
GT423,Lesedi,2024,0150,Transfers and Subsidies - Operational,224699296.0
GT423,Lesedi,2024,0160,Transfers and Subsidies - Capital,104815200.0
GT423,Lesedi,2024,0170,Interest,99889.0
GT423,Lesedi,2024,0200,Suppliers and employees,-389183743.0
GT423,Lesedi,2024,0260,Proceeds on disposal of PPE,142690.0
GT423,Lesedi,2024,0310,Capital assets,-113328290.0
GT423,Lesedi,2024,0370,Increase (decrease) in consumer deposits,1539531.0
GT423,Lesedi,2024,0420,Cash/cash equivalents at the year begin:,70550310.0
GT423,Lesedi,2024,0430,Cash/cash equivalents at the year end:,569704525.0
GT481,Mogale City,2024,0120,Property rates,315520723.0
GT481,Mogale City,2024,0130,Service charges,259752298.0
GT481,Mogale City,2024,0140,Other revenue,462287847.0
GT481,Mogale City,2024,0150,Transfers and Subsidies - Operational,221449277.0
GT481,Mogale City,2024,0160,Transfers and Subsidies - Capital,82652400.0
GT481,Mogale City,2024,0170,Interest,6344570.0
GT481,Mogale City,2024,0200,Suppliers and employees,-991188008.0
GT481,Mogale City,2024,0210,Finance charges,-1485016.0
GT481,Mogale City,2024,0280,Decrease (increase) in non-current receivables,7878.0
GT481,Mogale City,2024,0290,Decrease (increase) in non-current investments,-61870234.0
GT481,Mogale City,2024,0310,Capital assets,-203747106.0
GT481,Mogale City,2024,0390,Repayment of borrowing,-16030978.0
GT481,Mogale City,2024,0420,Cash/cash equivalents at the year begin:,10269277.0
GT481,Mogale City,2024,0430,Cash/cash equivalents at the year end:,83962928.0
GT484,Merafong City,2024,0120,Property rates,43229861.0
GT484,Merafong City,2024,0140,Other revenue,739373833.0
GT484,Merafong City,2024,0150,Transfers and Subsidies - Operational,-17432021.0
GT484,Merafong City,2024,0170,Interest,1531195.0
GT484,Merafong City,2024,0200,Suppliers and employees,-1450680090.0
GT484,Merafong City,2024,0420,Cash/cash equivalents at the year begin:,206539120.0
GT484,Merafong City,2024,0430,Cash/cash equivalents at the year end:,-477438102.0
GT485,Rand West City,2024,0120,Property rates,308211691.0
GT485,Rand West City,2024,0130,Service charges,3221485149.0
GT485,Rand West City,2024,0140,Other revenue,2114514931.0
GT485,Rand West City,2024,0150,Transfers and Subsidies - Operational,519225286.0
GT485,Rand West City,2024,0160,Transfers and Subsidies - Capital,216594757.0
GT485,Rand West City,2024,0170,Interest,19238969.0
GT485,Rand West City,2024,0200,Suppliers and employees,-1747230838.0
GT485,Rand West City,2024,0260,Proceeds on disposal of PPE,6116415.0
GT485,Rand West City,2024,0290,Decrease (increase) in non-current investments,-419876.0
GT485,Rand West City,2024,0310,Capital assets,-319239743.0
GT485,Rand West City,2024,0420,Cash/cash equivalents at the year begin:,255388941.0
GT485,Rand West City,2024,0430,Cash/cash equivalents at the year end:,4593885682.0
JHB,City of Johannesburg,2024,0420,Cash/cash equivalents at the year begin:,3717439189.0
JHB,City of Johannesburg,2024,0430,Cash/cash equivalents at the year end:,3717439189.0
KZN212,Umdoni,2024,0120,Property rates,132400612.0
KZN212,Umdoni,2024,0140,Other revenue,3853197.0
KZN212,Umdoni,2024,0150,Transfers and Subsidies - Operational,134571687.0
KZN212,Umdoni,2024,0160,Transfers and Subsidies - Capital,27034000.0
KZN212,Umdoni,2024,0200,Suppliers and employees,-121899658.0
KZN212,Umdoni,2024,0310,Capital assets,-49555914.0
KZN212,Umdoni,2024,0390,Repayment of borrowing,-130377.0
KZN212,Umdoni,2024,0420,Cash/cash equivalents at the year begin:,161185363.0
KZN212,Umdoni,2024,0430,Cash/cash equivalents at the year end:,287458910.0
KZN213,Umzumbe,2024,0120,Property rates,516995.0
KZN213,Umzumbe,2024,0140,Other revenue,5182549.0
KZN213,Umzumbe,2024,0150,Transfers and Subsidies - Operational,45401965.0
KZN213,Umzumbe,2024,0170,Interest,2888707.0
KZN213,Umzumbe,2024,0200,Suppliers and employees,-1169532406.0
KZN213,Umzumbe,2024,0430,Cash/cash equivalents at the year end:,-1115542190.0
KZN214,uMuziwabantu,2024,0120,Property rates,28195061.0
KZN214,uMuziwabantu,2024,0130,Service charges,44710482.0
KZN214,uMuziwabantu,2024,0140,Other revenue,6770272.0
KZN214,uMuziwabantu,2024,0150,Transfers and Subsidies - Operational,125901883.0
KZN214,uMuziwabantu,2024,0160,Transfers and Subsidies - Capital,38918000.0
KZN214,uMuziwabantu,2024,0170,Interest,8865528.0
KZN214,uMuziwabantu,2024,0200,Suppliers and employees,-240700712.0
KZN214,uMuziwabantu,2024,0310,Capital assets,-41722791.0
KZN214,uMuziwabantu,2024,0420,Cash/cash equivalents at the year begin:,97612909.0
KZN214,uMuziwabantu,2024,0430,Cash/cash equivalents at the year end:,68550632.0
KZN216,Ray Nkonyeni,2024,0120,Property rates,467081473.0
KZN216,Ray Nkonyeni,2024,0130,Service charges,269086689.0
KZN216,Ray Nkonyeni,2024,0140,Other revenue,101579320.0
KZN216,Ray Nkonyeni,2024,0150,Transfers and Subsidies - Operational,363971972.0
KZN216,Ray Nkonyeni,2024,0160,Transfers and Subsidies - Capital,153568055.0
KZN216,Ray Nkonyeni,2024,0170,Interest,10628918.0
KZN216,Ray Nkonyeni,2024,0200,Suppliers and employees,-1104647489.0
KZN216,Ray Nkonyeni,2024,0210,Finance charges,-1930706.0
KZN216,Ray Nkonyeni,2024,0310,Capital assets,-168467955.0
KZN216,Ray Nkonyeni,2024,0390,Repayment of borrowing,-29113632.0
KZN216,Ray Nkonyeni,2024,0420,Cash/cash equivalents at the year begin:,115621002.0
KZN216,Ray Nkonyeni,2024,0430,Cash/cash equivalents at the year end:,177377647.0
KZN221,uMshwathi,2024,0120,Property rates,556548.0
KZN221,uMshwathi,2024,0130,Service charges,54424.0
KZN221,uMshwathi,2024,0140,Other revenue,5026350.0
KZN221,uMshwathi,2024,0150,Transfers and Subsidies - Operational,22929.0
KZN221,uMshwathi,2024,0170,Interest,6659594.0
KZN221,uMshwathi,2024,0200,Suppliers and employees,-49058762.0
KZN221,uMshwathi,2024,0430,Cash/cash equivalents at the year end:,-36738917.0
KZN222,uMngeni,2024,0120,Property rates,357140306.0
KZN222,uMngeni,2024,0130,Service charges,22277762.0
KZN222,uMngeni,2024,0140,Other revenue,9803025.0
KZN222,uMngeni,2024,0150,Transfers and Subsidies - Operational,13106830.0
KZN222,uMngeni,2024,0160,Transfers and Subsidies - Capital,53811000.0
KZN222,uMngeni,2024,0200,Suppliers and employees,-281632149.0
KZN222,uMngeni,2024,0260,Proceeds on disposal of PPE,857315.0
KZN222,uMngeni,2024,0280,Decrease (increase) in non-current receivables,-543621.0
KZN222,uMngeni,2024,0310,Capital assets,-90557846.0
KZN222,uMngeni,2024,0420,Cash/cash equivalents at the year begin:,12249974.0
KZN222,uMngeni,2024,0430,Cash/cash equivalents at the year end:,96512596.0
KZN223,Mpofana,2024,0120,Property rates,-3015919.0
KZN223,Mpofana,2024,0130,Service charges,-36847042.0
KZN223,Mpofana,2024,0140,Other revenue,-9920598.0
KZN223,Mpofana,2024,0150,Transfers and Subsidies - Operational,-1157193.0
KZN223,Mpofana,2024,0170,Interest,4218.0
KZN223,Mpofana,2024,0200,Suppliers and employees,546193685.0
KZN223,Mpofana,2024,0420,Cash/cash equivalents at the year begin:,807717.0
KZN223,Mpofana,2024,0430,Cash/cash equivalents at the year end:,496064868.0
KZN224,Impendle,2024,0120,Property rates,4379.0
KZN224,Impendle,2024,0130,Service charges,332.0
KZN224,Impendle,2024,0140,Other revenue,-47992.0
KZN224,Impendle,2024,0150,Transfers and Subsidies - Operational,80652020.0
KZN224,Impendle,2024,0160,Transfers and Subsidies - Capital,104342751.0
KZN224,Impendle,2024,0170,Interest,760172.0
KZN224,Impendle,2024,0200,Suppliers and employees,-1790.0
KZN224,Impendle,2024,0420,Cash/cash equivalents at the year begin:,6557789.0
KZN224,Impendle,2024,0430,Cash/cash equivalents at the year end:,192267661.0
KZN225,Msunduzi,2024,0420,Cash/cash equivalents at the year begin:,366360225.0
KZN225,Msunduzi,2024,0430,Cash/cash equivalents at the year end:,366360225.0
KZN226,Mkhambathini,2024,0120,Property rates,1996653.0
KZN226,Mkhambathini,2024,0130,Service charges,39610.0
KZN226,Mkhambathini,2024,0140,Other revenue,1080835.0
KZN226,Mkhambathini,2024,0150,Transfers and Subsidies - Operational,21055000.0
KZN226,Mkhambathini,2024,0160,Transfers and Subsidies - Capital,1685295.0
KZN226,Mkhambathini,2024,0170,Interest,2598830.0
KZN226,Mkhambathini,2024,0200,Suppliers and employees,-577000.0
KZN226,Mkhambathini,2024,0420,Cash/cash equivalents at the year begin:,7024595.0
KZN226,Mkhambathini,2024,0430,Cash/cash equivalents at the year end:,34903818.0
KZN227,Richmond,2024,0120,Property rates,45722945.0
KZN227,Richmond,2024,0130,Service charges,871174.0
KZN227,Richmond,2024,0140,Other revenue,46560481.0
KZN227,Richmond,2024,0150,Transfers and Subsidies - Operational,160163788.0
KZN227,Richmond,2024,0160,Transfers and Subsidies - Capital,51895189.0
KZN227,Richmond,2024,0170,Interest,683524.0
KZN227,Richmond,2024,0200,Suppliers and employees,-69811931.0
KZN227,Richmond,2024,0310,Capital assets,-23166828.0
KZN227,Richmond,2024,0420,Cash/cash equivalents at the year begin:,18741993.0
KZN227,Richmond,2024,0430,Cash/cash equivalents at the year end:,231660335.0
KZN235,Okhahlamba,2024,0120,Property rates,2097144.0
KZN235,Okhahlamba,2024,0130,Service charges,72884.0
KZN235,Okhahlamba,2024,0140,Other revenue,2002823.0
KZN235,Okhahlamba,2024,0170,Interest,568364.0
KZN235,Okhahlamba,2024,0200,Suppliers and employees,-73785669.0
KZN235,Okhahlamba,2024,0420,Cash/cash equivalents at the year begin:,87308229.0
KZN235,Okhahlamba,2024,0430,Cash/cash equivalents at the year end:,18263775.0
KZN237,Inkosi Langalibalele,2024,0120,Property rates,62759453.0
KZN237,Inkosi Langalibalele,2024,0130,Service charges,302143562.0
KZN237,Inkosi Langalibalele,2024,0140,Other revenue,41293995.0
KZN237,Inkosi Langalibalele,2024,0150,Transfers and Subsidies - Operational,255767690.0
KZN237,Inkosi Langalibalele,2024,0160,Transfers and Subsidies - Capital,67513000.0
KZN237,Inkosi Langalibalele,2024,0170,Interest,10244517.0
KZN237,Inkosi Langalibalele,2024,0200,Suppliers and employees,-488299392.0
KZN237,Inkosi Langalibalele,2024,0310,Capital assets,-100755226.0
KZN237,Inkosi Langalibalele,2024,0420,Cash/cash equivalents at the year begin:,125352295.0
KZN237,Inkosi Langalibalele,2024,0430,Cash/cash equivalents at the year end:,276019894.0
KZN238,Alfred Duma,2024,0120,Property rates,191043588.0
KZN238,Alfred Duma,2024,0130,Service charges,752100436.0
KZN238,Alfred Duma,2024,0140,Other revenue,-65564490.0
KZN238,Alfred Duma,2024,0150,Transfers and Subsidies - Operational,393994884.0
KZN238,Alfred Duma,2024,0160,Transfers and Subsidies - Capital,86653000.0
KZN238,Alfred Duma,2024,0170,Interest,41028028.0
KZN238,Alfred Duma,2024,0200,Suppliers and employees,-677888526.0
KZN238,Alfred Duma,2024,0260,Proceeds on disposal of PPE,3750323.0
KZN238,Alfred Duma,2024,0310,Capital assets,-138028318.0
KZN238,Alfred Duma,2024,0370,Increase (decrease) in consumer deposits,2294910.0
KZN238,Alfred Duma,2024,0390,Repayment of borrowing,-1078401.0
KZN238,Alfred Duma,2024,0420,Cash/cash equivalents at the year begin:,528964481.0
KZN238,Alfred Duma,2024,0430,Cash/cash equivalents at the year end:,1117269915.0
KZN241,Endumeni,2024,0120,Property rates,94791400.0
KZN241,Endumeni,2024,0130,Service charges,162817610.0
KZN241,Endumeni,2024,0140,Other revenue,41263716.0
KZN241,Endumeni,2024,0150,Transfers and Subsidies - Operational,77078719.0
KZN241,Endumeni,2024,0160,Transfers and Subsidies - Capital,29065800.0
KZN241,Endumeni,2024,0200,Suppliers and employees,-126482834.0
KZN241,Endumeni,2024,0260,Proceeds on disposal of PPE,1586543.0
KZN241,Endumeni,2024,0310,Capital assets,-22250102.0
KZN241,Endumeni,2024,0420,Cash/cash equivalents at the year begin:,44057901.0
KZN241,Endumeni,2024,0430,Cash/cash equivalents at the year end:,301928753.0
KZN242,Nquthu,2024,0120,Property rates,181224775.0
KZN242,Nquthu,2024,0130,Service charges,-2123599021.0
KZN242,Nquthu,2024,0140,Other revenue,41229338.0
KZN242,Nquthu,2024,0150,Transfers and Subsidies - Operational,1343815000.0
KZN242,Nquthu,2024,0160,Transfers and Subsidies - Capital,562205000.0
KZN242,Nquthu,2024,0170,Interest,10452287.0
KZN242,Nquthu,2024,0200,Suppliers and employees,-456746658.0
KZN242,Nquthu,2024,0310,Capital assets,-2834536.0
KZN242,Nquthu,2024,0420,Cash/cash equivalents at the year begin:,108824543.0
KZN242,Nquthu,2024,0430,Cash/cash equivalents at the year end:,-335429272.0
KZN244,Msinga,2024,0120,Property rates,14837339.0
KZN244,Msinga,2024,0140,Other revenue,155025562.0
KZN244,Msinga,2024,0150,Transfers and Subsidies - Operational,934422215.0
KZN244,Msinga,2024,0160,Transfers and Subsidies - Capital,121375000.0
KZN244,Msinga,2024,0200,Suppliers and employees,-258614117.0
KZN244,Msinga,2024,0310,Capital assets,-318029231.0
KZN244,Msinga,2024,0420,Cash/cash equivalents at the year begin:,61533299.0
KZN244,Msinga,2024,0430,Cash/cash equivalents at the year end:,710550067.0
KZN245,Umvoti,2024,0120,Property rates,726498.0
KZN245,Umvoti,2024,0130,Service charges,4547581.0
KZN245,Umvoti,2024,0140,Other revenue,139296583.0
KZN245,Umvoti,2024,0150,Transfers and Subsidies - Operational,1342372775.0
KZN245,Umvoti,2024,0160,Transfers and Subsidies - Capital,59218693.0
KZN245,Umvoti,2024,0170,Interest,707164.0
KZN245,Umvoti,2024,0200,Suppliers and employees,-486198132.0
KZN245,Umvoti,2024,0310,Capital assets,-21790205.0
KZN245,Umvoti,2024,0430,Cash/cash equivalents at the year end:,1038880957.0
KZN252,Newcastle,2024,0120,Property rates,613417294.0
KZN252,Newcastle,2024,0130,Service charges,1166449129.0
KZN252,Newcastle,2024,0140,Other revenue,1740013588.0
KZN252,Newcastle,2024,0150,Transfers and Subsidies - Operational,628412818.0
KZN252,Newcastle,2024,0160,Transfers and Subsidies - Capital,207543162.0
KZN252,Newcastle,2024,0170,Interest,849024.0
KZN252,Newcastle,2024,0200,Suppliers and employees,-1967624237.0
KZN252,Newcastle,2024,0210,Finance charges,-32138781.0
KZN252,Newcastle,2024,0260,Proceeds on disposal of PPE,8040954.0
KZN252,Newcastle,2024,0310,Capital assets,-212463097.0
KZN252,Newcastle,2024,0390,Repayment of borrowing,-26878367.0
KZN252,Newcastle,2024,0420,Cash/cash equivalents at the year begin:,12218183.0
KZN252,Newcastle,2024,0430,Cash/cash equivalents at the year end:,2137839670.0
KZN253,Emadlangeni,2024,0120,Property rates,2547939.0
KZN253,Emadlangeni,2024,0130,Service charges,1036634.0
KZN253,Emadlangeni,2024,0140,Other revenue,5072.0
KZN253,Emadlangeni,2024,0150,Transfers and Subsidies - Operational,14614037.0
KZN253,Emadlangeni,2024,0200,Suppliers and employees,47289.0
KZN253,Emadlangeni,2024,0420,Cash/cash equivalents at the year begin:,343473.0
KZN253,Emadlangeni,2024,0430,Cash/cash equivalents at the year end:,18594444.0
KZN254,Dannhauser,2024,0120,Property rates,24132725.0
KZN254,Dannhauser,2024,0130,Service charges,365578.0
KZN254,Dannhauser,2024,0140,Other revenue,5243332.0
KZN254,Dannhauser,2024,0150,Transfers and Subsidies - Operational,4385667.0
KZN254,Dannhauser,2024,0160,Transfers and Subsidies - Capital,12000.0
KZN254,Dannhauser,2024,0170,Interest,1527913.0
KZN254,Dannhauser,2024,0200,Suppliers and employees,-19452158.0
KZN254,Dannhauser,2024,0210,Finance charges,-4706148.0
KZN254,Dannhauser,2024,0310,Capital assets,-29355572.0
KZN254,Dannhauser,2024,0390,Repayment of borrowing,-5195528.0
KZN254,Dannhauser,2024,0420,Cash/cash equivalents at the year begin:,7787847.0
KZN254,Dannhauser,2024,0430,Cash/cash equivalents at the year end:,-15254344.0
KZN261,eDumbe,2024,0120,Property rates,795523.0
KZN261,eDumbe,2024,0130,Service charges,3142806.0
KZN261,eDumbe,2024,0140,Other revenue,2185245.0
KZN261,eDumbe,2024,0170,Interest,766637.0
KZN261,eDumbe,2024,0200,Suppliers and employees,-435898963.0
KZN261,eDumbe,2024,0420,Cash/cash equivalents at the year begin:,-3999918.0
KZN261,eDumbe,2024,0430,Cash/cash equivalents at the year end:,-433008670.0
KZN262,uPhongolo,2024,0120,Property rates,7613964.0
KZN262,uPhongolo,2024,0130,Service charges,17770385.0
KZN262,uPhongolo,2024,0140,Other revenue,7468153.0
KZN262,uPhongolo,2024,0150,Transfers and Subsidies - Operational,79529000.0
KZN262,uPhongolo,2024,0160,Transfers and Subsidies - Capital,10240000.0
KZN262,uPhongolo,2024,0170,Interest,1512214.0
KZN262,uPhongolo,2024,0200,Suppliers and employees,-191636995.0
KZN262,uPhongolo,2024,0310,Capital assets,-704190.0
KZN262,uPhongolo,2024,0420,Cash/cash equivalents at the year begin:,5864262.0
KZN262,uPhongolo,2024,0430,Cash/cash equivalents at the year end:,-62343207.0
KZN263,Abaqulusi,2024,0120,Property rates,104066643.0
KZN263,Abaqulusi,2024,0130,Service charges,341443216.0
KZN263,Abaqulusi,2024,0140,Other revenue,27825942.0
KZN263,Abaqulusi,2024,0150,Transfers and Subsidies - Operational,219870894.0
KZN263,Abaqulusi,2024,0160,Transfers and Subsidies - Capital,57385000.0
KZN263,Abaqulusi,2024,0170,Interest,1818258.0
KZN263,Abaqulusi,2024,0200,Suppliers and employees,-498003983.0
KZN263,Abaqulusi,2024,0310,Capital assets,-66282371.0
KZN263,Abaqulusi,2024,0390,Repayment of borrowing,4864735.0
KZN263,Abaqulusi,2024,0420,Cash/cash equivalents at the year begin:,20940395.0
KZN263,Abaqulusi,2024,0430,Cash/cash equivalents at the year end:,213928729.0
KZN265,Nongoma,2024,0150,Transfers and Subsidies - Operational,4130000.0
KZN265,Nongoma,2024,0160,Transfers and Subsidies - Capital,43983000.0
KZN265,Nongoma,2024,0200,Suppliers and employees,-508500.0
KZN265,Nongoma,2024,0420,Cash/cash equivalents at the year begin:,15913153.0
KZN265,Nongoma,2024,0430,Cash/cash equivalents at the year end:,63517653.0
KZN266,Ulundi,2024,0120,Property rates,-4215382.0
KZN266,Ulundi,2024,0130,Service charges,-4121676.0
KZN266,Ulundi,2024,0140,Other revenue,701077.0
KZN266,Ulundi,2024,0150,Transfers and Subsidies - Operational,973631591.0
KZN266,Ulundi,2024,0160,Transfers and Subsidies - Capital,222292960.0
KZN266,Ulundi,2024,0170,Interest,3336189.0
KZN266,Ulundi,2024,0200,Suppliers and employees,-127289928.0
KZN266,Ulundi,2024,0430,Cash/cash equivalents at the year end:,1064334831.0
KZN271,Umhlabuyalingana,2024,0120,Property rates,18193454.0
KZN271,Umhlabuyalingana,2024,0130,Service charges,401141.0
KZN271,Umhlabuyalingana,2024,0140,Other revenue,334449874.0
KZN271,Umhlabuyalingana,2024,0150,Transfers and Subsidies - Operational,6820000.0
KZN271,Umhlabuyalingana,2024,0160,Transfers and Subsidies - Capital,75143000.0
KZN271,Umhlabuyalingana,2024,0170,Interest,9133179.0
KZN271,Umhlabuyalingana,2024,0200,Suppliers and employees,-385759150.0
KZN271,Umhlabuyalingana,2024,0310,Capital assets,-45429674.0
KZN271,Umhlabuyalingana,2024,0420,Cash/cash equivalents at the year begin:,103025707.0
KZN271,Umhlabuyalingana,2024,0430,Cash/cash equivalents at the year end:,115977531.0
KZN272,Jozini,2024,0120,Property rates,56753181.0
KZN272,Jozini,2024,0130,Service charges,2371038.0
KZN272,Jozini,2024,0140,Other revenue,15357915.0
KZN272,Jozini,2024,0150,Transfers and Subsidies - Operational,659123216.0
KZN272,Jozini,2024,0160,Transfers and Subsidies - Capital,90763000.0
KZN272,Jozini,2024,0170,Interest,301601.0
KZN272,Jozini,2024,0200,Suppliers and employees,-759371502.0
KZN272,Jozini,2024,0420,Cash/cash equivalents at the year begin:,93739257.0
KZN272,Jozini,2024,0430,Cash/cash equivalents at the year end:,159037706.0
KZN275,Mtubatuba,2024,0120,Property rates,191600.0
KZN275,Mtubatuba,2024,0200,Suppliers and employees,16250195.0
KZN275,Mtubatuba,2024,0420,Cash/cash equivalents at the year begin:,631433.0
KZN275,Mtubatuba,2024,0430,Cash/cash equivalents at the year end:,17073228.0
KZN276,Hlabisa Big Five,2024,0120,Property rates,13249860.0
KZN276,Hlabisa Big Five,2024,0130,Service charges,567932.0
KZN276,Hlabisa Big Five,2024,0140,Other revenue,55224708.0
KZN276,Hlabisa Big Five,2024,0150,Transfers and Subsidies - Operational,115910622.0
KZN276,Hlabisa Big Five,2024,0160,Transfers and Subsidies - Capital,86200000.0
KZN276,Hlabisa Big Five,2024,0170,Interest,4919707.0
KZN276,Hlabisa Big Five,2024,0200,Suppliers and employees,-257846388.0
KZN276,Hlabisa Big Five,2024,0280,Decrease (increase) in non-current receivables,20983427.0
KZN276,Hlabisa Big Five,2024,0420,Cash/cash equivalents at the year begin:,80964195.0
KZN276,Hlabisa Big Five,2024,0430,Cash/cash equivalents at the year end:,120174063.0
KZN281,Mfolozi,2024,0120,Property rates,20513470.0
KZN281,Mfolozi,2024,0130,Service charges,19656.0
KZN281,Mfolozi,2024,0140,Other revenue,74450243.0
KZN281,Mfolozi,2024,0150,Transfers and Subsidies - Operational,181222259.0
KZN281,Mfolozi,2024,0160,Transfers and Subsidies - Capital,33180000.0
KZN281,Mfolozi,2024,0170,Interest,738171.0
KZN281,Mfolozi,2024,0200,Suppliers and employees,-1388371.0
KZN281,Mfolozi,2024,0390,Repayment of borrowing,-3409064.0
KZN281,Mfolozi,2024,0420,Cash/cash equivalents at the year begin:,2050.0
KZN281,Mfolozi,2024,0430,Cash/cash equivalents at the year end:,305328414.0
KZN282,uMhlathuze,2024,0120,Property rates,576203211.0
KZN282,uMhlathuze,2024,0130,Service charges,2691083650.0
KZN282,uMhlathuze,2024,0140,Other revenue,767414362.0
KZN282,uMhlathuze,2024,0150,Transfers and Subsidies - Operational,530336759.0
KZN282,uMhlathuze,2024,0160,Transfers and Subsidies - Capital,242420000.0
KZN282,uMhlathuze,2024,0170,Interest,25288263.0
KZN282,uMhlathuze,2024,0200,Suppliers and employees,-4315250639.0
KZN282,uMhlathuze,2024,0210,Finance charges,-164382680.0
KZN282,uMhlathuze,2024,0260,Proceeds on disposal of PPE,55710000.0
KZN282,uMhlathuze,2024,0310,Capital assets,-914510525.0
KZN282,uMhlathuze,2024,0360,Borrowing long term/refinancing,410000000.0
KZN282,uMhlathuze,2024,0390,Repayment of borrowing,-152683282.0
KZN282,uMhlathuze,2024,0420,Cash/cash equivalents at the year begin:,495109010.0
KZN282,uMhlathuze,2024,0430,Cash/cash equivalents at the year end:,246738129.0
KZN284,uMlalazi,2024,0120,Property rates,58719353.0
KZN284,uMlalazi,2024,0130,Service charges,108881462.0
KZN284,uMlalazi,2024,0140,Other revenue,36842298.0
KZN284,uMlalazi,2024,0150,Transfers and Subsidies - Operational,261147428.0
KZN284,uMlalazi,2024,0160,Transfers and Subsidies - Capital,67076000.0
KZN284,uMlalazi,2024,0170,Interest,3704845.0
KZN284,uMlalazi,2024,0200,Suppliers and employees,-541658560.0
KZN284,uMlalazi,2024,0260,Proceeds on disposal of PPE,175950.0
KZN284,uMlalazi,2024,0310,Capital assets,-101630405.0
KZN284,uMlalazi,2024,0360,Borrowing long term/refinancing,26086957.0
KZN284,uMlalazi,2024,0390,Repayment of borrowing,-2551582.0
KZN284,uMlalazi,2024,0420,Cash/cash equivalents at the year begin:,73653623.0
KZN284,uMlalazi,2024,0430,Cash/cash equivalents at the year end:,-9552631.0
KZN285,Mthonjaneni,2024,0120,Property rates,15502427.0
KZN285,Mthonjaneni,2024,0130,Service charges,10009073.0
KZN285,Mthonjaneni,2024,0140,Other revenue,2281049.0
KZN285,Mthonjaneni,2024,0150,Transfers and Subsidies - Operational,79455000.0
KZN285,Mthonjaneni,2024,0160,Transfers and Subsidies - Capital,13788120.0
KZN285,Mthonjaneni,2024,0170,Interest,2920.0
KZN285,Mthonjaneni,2024,0200,Suppliers and employees,-144311260.0
KZN285,Mthonjaneni,2024,0310,Capital assets,8026440.0
KZN285,Mthonjaneni,2024,0420,Cash/cash equivalents at the year begin:,102073.0
KZN285,Mthonjaneni,2024,0430,Cash/cash equivalents at the year end:,-15144158.0
KZN286,Nkandla,2024,0120,Property rates,53466953.0
KZN286,Nkandla,2024,0130,Service charges,18996903.0
KZN286,Nkandla,2024,0140,Other revenue,17157331.0
KZN286,Nkandla,2024,0150,Transfers and Subsidies - Operational,377230070.0
KZN286,Nkandla,2024,0160,Transfers and Subsidies - Capital,40285000.0
KZN286,Nkandla,2024,0170,Interest,2147943.0
KZN286,Nkandla,2024,0200,Suppliers and employees,-254094334.0
KZN286,Nkandla,2024,0310,Capital assets,-51910742.0
KZN286,Nkandla,2024,0430,Cash/cash equivalents at the year end:,203279124.0
KZN291,Mandeni,2024,0120,Property rates,78035662.0
KZN291,Mandeni,2024,0130,Service charges,55828504.0
KZN291,Mandeni,2024,0140,Other revenue,24939877.0
KZN291,Mandeni,2024,0150,Transfers and Subsidies - Operational,1549304358.0
KZN291,Mandeni,2024,0160,Transfers and Subsidies - Capital,217335406.0
KZN291,Mandeni,2024,0170,Interest,18017574.0
KZN291,Mandeni,2024,0200,Suppliers and employees,-463623733.0
KZN291,Mandeni,2024,0370,Increase (decrease) in consumer deposits,320039.0
KZN291,Mandeni,2024,0420,Cash/cash equivalents at the year begin:,-132012500.0
KZN291,Mandeni,2024,0430,Cash/cash equivalents at the year end:,1348145187.0
KZN292,KwaDukuza,2024,0120,Property rates,683549454.0
KZN292,KwaDukuza,2024,0130,Service charges,1521420269.0
KZN292,KwaDukuza,2024,0140,Other revenue,266021251.0
KZN292,KwaDukuza,2024,0150,Transfers and Subsidies - Operational,300115033.0
KZN292,KwaDukuza,2024,0160,Transfers and Subsidies - Capital,93032764.0
KZN292,KwaDukuza,2024,0170,Interest,133338900.0
KZN292,KwaDukuza,2024,0200,Suppliers and employees,-1602436894.0
KZN292,KwaDukuza,2024,0210,Finance charges,-16842555.0
KZN292,KwaDukuza,2024,0310,Capital assets,-724422102.0
KZN292,KwaDukuza,2024,0370,Increase (decrease) in consumer deposits,24426.0
KZN292,KwaDukuza,2024,0420,Cash/cash equivalents at the year begin:,1868358798.0
KZN292,KwaDukuza,2024,0430,Cash/cash equivalents at the year end:,2522159344.0
KZN293,Ndwedwe,2024,0120,Property rates,240477.0
KZN293,Ndwedwe,2024,0130,Service charges,78800.0
KZN293,Ndwedwe,2024,0140,Other revenue,10689524.0
KZN293,Ndwedwe,2024,0150,Transfers and Subsidies - Operational,1732067404.0
KZN293,Ndwedwe,2024,0170,Interest,1352346.0
KZN293,Ndwedwe,2024,0200,Suppliers and employees,-118689.0
KZN293,Ndwedwe,2024,0420,Cash/cash equivalents at the year begin:,103368527.0
KZN293,Ndwedwe,2024,0430,Cash/cash equivalents at the year end:,1847678389.0
KZN294,Maphumulo,2024,0120,Property rates,72362997.0
KZN294,Maphumulo,2024,0130,Service charges,661344.0
KZN294,Maphumulo,2024,0140,Other revenue,26862216.0
KZN294,Maphumulo,2024,0150,Transfers and Subsidies - Operational,1392444848.0
KZN294,Maphumulo,2024,0160,Transfers and Subsidies - Capital,63395000.0
KZN294,Maphumulo,2024,0170,Interest,479702.0
KZN294,Maphumulo,2024,0200,Suppliers and employees,-476946844.0
KZN294,Maphumulo,2024,0260,Proceeds on disposal of PPE,4729136.0
KZN294,Maphumulo,2024,0310,Capital assets,-80610747.0
KZN294,Maphumulo,2024,0420,Cash/cash equivalents at the year begin:,14164188.0
KZN294,Maphumulo,2024,0430,Cash/cash equivalents at the year end:,1017541840.0
KZN433,Greater Kokstad,2024,0120,Property rates,150784621.0
KZN433,Greater Kokstad,2024,0130,Service charges,242121022.0
KZN433,Greater Kokstad,2024,0140,Other revenue,13623781.0
KZN433,Greater Kokstad,2024,0150,Transfers and Subsidies - Operational,87850878.0
KZN433,Greater Kokstad,2024,0160,Transfers and Subsidies - Capital,60012119.0
KZN433,Greater Kokstad,2024,0170,Interest,5331511.0
KZN433,Greater Kokstad,2024,0200,Suppliers and employees,-311463469.0
KZN433,Greater Kokstad,2024,0310,Capital assets,-114428974.0
KZN433,Greater Kokstad,2024,0420,Cash/cash equivalents at the year begin:,132182177.0
KZN433,Greater Kokstad,2024,0430,Cash/cash equivalents at the year end:,266013666.0
KZN434,Johannes Phumani Phungula,2024,0120,Property rates,51966928.0
KZN434,Johannes Phumani Phungula,2024,0130,Service charges,1856642.0
KZN434,Johannes Phumani Phungula,2024,0140,Other revenue,76676667.0
KZN434,Johannes Phumani Phungula,2024,0150,Transfers and Subsidies - Operational,610208911.0
KZN434,Johannes Phumani Phungula,2024,0160,Transfers and Subsidies - Capital,69208000.0
KZN434,Johannes Phumani Phungula,2024,0170,Interest,34487673.0
KZN434,Johannes Phumani Phungula,2024,0200,Suppliers and employees,-679470697.0
KZN434,Johannes Phumani Phungula,2024,0310,Capital assets,-84957613.0
KZN434,Johannes Phumani Phungula,2024,0420,Cash/cash equivalents at the year begin:,478042284.0
KZN434,Johannes Phumani Phungula,2024,0430,Cash/cash equivalents at the year end:,558018795.0
KZN435,Umzimkhulu,2024,0120,Property rates,8397925.0
KZN435,Umzimkhulu,2024,0130,Service charges,2253533.0
KZN435,Umzimkhulu,2024,0140,Other revenue,21602767.0
KZN435,Umzimkhulu,2024,0150,Transfers and Subsidies - Operational,253548543.0
KZN435,Umzimkhulu,2024,0160,Transfers and Subsidies - Capital,53418973.0
KZN435,Umzimkhulu,2024,0170,Interest,16539911.0
KZN435,Umzimkhulu,2024,0200,Suppliers and employees,-105979911.0
KZN435,Umzimkhulu,2024,0260,Proceeds on disposal of PPE,7179.0
KZN435,Umzimkhulu,2024,0290,Decrease (increase) in non-current investments,-53490581.0
KZN435,Umzimkhulu,2024,0310,Capital assets,-84139171.0
KZN435,Umzimkhulu,2024,0420,Cash/cash equivalents at the year begin:,183976092.0
KZN435,Umzimkhulu,2024,0430,Cash/cash equivalents at the year end:,296135260.0
KZN436,Dr Nkosazana Dlamini Zuma,2024,0120,Property rates,48030488.0
KZN436,Dr Nkosazana Dlamini Zuma,2024,0130,Service charges,2383671.0
KZN436,Dr Nkosazana Dlamini Zuma,2024,0140,Other revenue,2109993.0
KZN436,Dr Nkosazana Dlamini Zuma,2024,0150,Transfers and Subsidies - Operational,185540381.0
KZN436,Dr Nkosazana Dlamini Zuma,2024,0160,Transfers and Subsidies - Capital,5500000.0
KZN436,Dr Nkosazana Dlamini Zuma,2024,0200,Suppliers and employees,-79020739.0
KZN436,Dr Nkosazana Dlamini Zuma,2024,0310,Capital assets,-64188909.0
KZN436,Dr Nkosazana Dlamini Zuma,2024,0420,Cash/cash equivalents at the year begin:,159255741.0
KZN436,Dr Nkosazana Dlamini Zuma,2024,0430,Cash/cash equivalents at the year end:,259610626.0
LIM331,Greater Giyani,2024,0120,Property rates,67922054.0
LIM331,Greater Giyani,2024,0130,Service charges,17333226.0
LIM331,Greater Giyani,2024,0140,Other revenue,15146488.0
LIM331,Greater Giyani,2024,0150,Transfers and Subsidies - Operational,813588923.0
LIM331,Greater Giyani,2024,0160,Transfers and Subsidies - Capital,140411524.0
LIM331,Greater Giyani,2024,0200,Suppliers and employees,-1100634977.0
LIM331,Greater Giyani,2024,0310,Capital assets,26234707.0
LIM331,Greater Giyani,2024,0430,Cash/cash equivalents at the year end:,-19998055.0
LIM332,Greater Letaba,2024,0120,Property rates,1892717.0
LIM332,Greater Letaba,2024,0130,Service charges,8766789.0
LIM332,Greater Letaba,2024,0140,Other revenue,21286551.0
LIM332,Greater Letaba,2024,0150,Transfers and Subsidies - Operational,157453165.0
LIM332,Greater Letaba,2024,0160,Transfers and Subsidies - Capital,49384000.0
LIM332,Greater Letaba,2024,0170,Interest,1681816.0
LIM332,Greater Letaba,2024,0200,Suppliers and employees,-287792477.0
LIM332,Greater Letaba,2024,0310,Capital assets,-94620232.0
LIM332,Greater Letaba,2024,0420,Cash/cash equivalents at the year begin:,3582785.0
LIM332,Greater Letaba,2024,0430,Cash/cash equivalents at the year end:,-138364886.0
LIM333,Greater Tzaneen,2024,0120,Property rates,1179472173.0
LIM333,Greater Tzaneen,2024,0140,Other revenue,280960930.0
LIM333,Greater Tzaneen,2024,0150,Transfers and Subsidies - Operational,6266506403.0
LIM333,Greater Tzaneen,2024,0160,Transfers and Subsidies - Capital,32700000.0
LIM333,Greater Tzaneen,2024,0200,Suppliers and employees,-1825381517.0
LIM333,Greater Tzaneen,2024,0210,Finance charges,-695415.0
LIM333,Greater Tzaneen,2024,0290,Decrease (increase) in non-current investments,-4590594.0
LIM333,Greater Tzaneen,2024,0310,Capital assets,-175998911.0
LIM333,Greater Tzaneen,2024,0390,Repayment of borrowing,-15062752.0
LIM333,Greater Tzaneen,2024,0420,Cash/cash equivalents at the year begin:,177311459.0
LIM333,Greater Tzaneen,2024,0430,Cash/cash equivalents at the year end:,5915221776.0
LIM334,Ba-Phalaborwa,2024,0120,Property rates,164756662.0
LIM334,Ba-Phalaborwa,2024,0130,Service charges,297662575.0
LIM334,Ba-Phalaborwa,2024,0140,Other revenue,155282423.0
LIM334,Ba-Phalaborwa,2024,0150,Transfers and Subsidies - Operational,405451734.0
LIM334,Ba-Phalaborwa,2024,0160,Transfers and Subsidies - Capital,93326700.0
LIM334,Ba-Phalaborwa,2024,0170,Interest,5471578.0
LIM334,Ba-Phalaborwa,2024,0200,Suppliers and employees,-579921709.0
LIM334,Ba-Phalaborwa,2024,0310,Capital assets,-68780250.0
LIM334,Ba-Phalaborwa,2024,0390,Repayment of borrowing,1292647.0
LIM334,Ba-Phalaborwa,2024,0420,Cash/cash equivalents at the year begin:,56720269.0
LIM334,Ba-Phalaborwa,2024,0430,Cash/cash equivalents at the year end:,531262629.0
LIM335,Maruleng,2024,0120,Property rates,148517123.0
LIM335,Maruleng,2024,0140,Other revenue,75323290.0
LIM335,Maruleng,2024,0150,Transfers and Subsidies - Operational,168234226.0
LIM335,Maruleng,2024,0160,Transfers and Subsidies - Capital,94274000.0
LIM335,Maruleng,2024,0170,Interest,1109766.0
LIM335,Maruleng,2024,0200,Suppliers and employees,-249883626.0
LIM335,Maruleng,2024,0310,Capital assets,-211057449.0
LIM335,Maruleng,2024,0420,Cash/cash equivalents at the year begin:,150423958.0
LIM335,Maruleng,2024,0430,Cash/cash equivalents at the year end:,176941288.0
LIM341,Musina,2024,0120,Property rates,22663271.0
LIM341,Musina,2024,0130,Service charges,102636120.0
LIM341,Musina,2024,0140,Other revenue,122031461.0
LIM341,Musina,2024,0150,Transfers and Subsidies - Operational,55631764.0
LIM341,Musina,2024,0160,Transfers and Subsidies - Capital,12024000.0
LIM341,Musina,2024,0170,Interest,152898.0
LIM341,Musina,2024,0200,Suppliers and employees,-277475670.0
LIM341,Musina,2024,0260,Proceeds on disposal of PPE,1414340.0
LIM341,Musina,2024,0290,Decrease (increase) in non-current investments,-2437893.0
LIM341,Musina,2024,0310,Capital assets,-48418213.0
LIM341,Musina,2024,0420,Cash/cash equivalents at the year begin:,13805804.0
LIM341,Musina,2024,0430,Cash/cash equivalents at the year end:,2027882.0
LIM343,Thulamela,2024,0120,Property rates,59773970.0
LIM343,Thulamela,2024,0130,Service charges,12241313.0
LIM343,Thulamela,2024,0140,Other revenue,140163758.0
LIM343,Thulamela,2024,0150,Transfers and Subsidies - Operational,628812436.0
LIM343,Thulamela,2024,0160,Transfers and Subsidies - Capital,136145000.0
LIM343,Thulamela,2024,0170,Interest,84518121.0
LIM343,Thulamela,2024,0200,Suppliers and employees,-794176786.0
LIM343,Thulamela,2024,0310,Capital assets,-307071175.0
LIM343,Thulamela,2024,0420,Cash/cash equivalents at the year begin:,1026519460.0
LIM343,Thulamela,2024,0430,Cash/cash equivalents at the year end:,986926097.0
LIM344,Makhado,2024,0120,Property rates,159912461.0
LIM344,Makhado,2024,0130,Service charges,429350609.0
LIM344,Makhado,2024,0140,Other revenue,40614268.0
LIM344,Makhado,2024,0150,Transfers and Subsidies - Operational,504744253.0
LIM344,Makhado,2024,0160,Transfers and Subsidies - Capital,115015000.0
LIM344,Makhado,2024,0200,Suppliers and employees,-1222666216.0
LIM344,Makhado,2024,0210,Finance charges,-1879.0
LIM344,Makhado,2024,0310,Capital assets,-279006741.0
LIM344,Makhado,2024,0420,Cash/cash equivalents at the year begin:,146595507.0
LIM344,Makhado,2024,0430,Cash/cash equivalents at the year end:,-105442738.0
LIM345,Collins Chabane,2024,0120,Property rates,16342412.0
LIM345,Collins Chabane,2024,0130,Service charges,2542429.0
LIM345,Collins Chabane,2024,0140,Other revenue,56371728.0
LIM345,Collins Chabane,2024,0150,Transfers and Subsidies - Operational,603333516.0
LIM345,Collins Chabane,2024,0160,Transfers and Subsidies - Capital,111767100.0
LIM345,Collins Chabane,2024,0170,Interest,3472949.0
LIM345,Collins Chabane,2024,0200,Suppliers and employees,-335901319.0
LIM345,Collins Chabane,2024,0290,Decrease (increase) in non-current investments,74156140.0
LIM345,Collins Chabane,2024,0310,Capital assets,-320018845.0
LIM345,Collins Chabane,2024,0420,Cash/cash equivalents at the year begin:,235765424.0
LIM345,Collins Chabane,2024,0430,Cash/cash equivalents at the year end:,447831534.0
LIM351,Blouberg,2024,0120,Property rates,45142805.0
LIM351,Blouberg,2024,0130,Service charges,32988117.0
LIM351,Blouberg,2024,0140,Other revenue,230097921.0
LIM351,Blouberg,2024,0150,Transfers and Subsidies - Operational,237376778.0
LIM351,Blouberg,2024,0160,Transfers and Subsidies - Capital,139159000.0
LIM351,Blouberg,2024,0170,Interest,3104352.0
LIM351,Blouberg,2024,0200,Suppliers and employees,-562623379.0
LIM351,Blouberg,2024,0260,Proceeds on disposal of PPE,1559868.0
LIM351,Blouberg,2024,0290,Decrease (increase) in non-current investments,-6535132.0
LIM351,Blouberg,2024,0310,Capital assets,-84578646.0
LIM351,Blouberg,2024,0350,Short term loans,6537705.0
LIM351,Blouberg,2024,0420,Cash/cash equivalents at the year begin:,101842674.0
LIM351,Blouberg,2024,0430,Cash/cash equivalents at the year end:,144072063.0
LIM353,Molemole,2024,0120,Property rates,13709748.0
LIM353,Molemole,2024,0130,Service charges,722823.0
LIM353,Molemole,2024,0140,Other revenue,416467425.0
LIM353,Molemole,2024,0150,Transfers and Subsidies - Operational,139906460.0
LIM353,Molemole,2024,0160,Transfers and Subsidies - Capital,83517000.0
LIM353,Molemole,2024,0170,Interest,2967303.0
LIM353,Molemole,2024,0200,Suppliers and employees,-374010284.0
LIM353,Molemole,2024,0260,Proceeds on disposal of PPE,1505.0
LIM353,Molemole,2024,0310,Capital assets,-65334786.0
LIM353,Molemole,2024,0420,Cash/cash equivalents at the year begin:,112262025.0
LIM353,Molemole,2024,0430,Cash/cash equivalents at the year end:,330209219.0
LIM354,Polokwane,2024,0120,Property rates,540779046.0
LIM354,Polokwane,2024,0130,Service charges,2078446300.0
LIM354,Polokwane,2024,0140,Other revenue,536371871.0
LIM354,Polokwane,2024,0150,Transfers and Subsidies - Operational,1533238699.0
LIM354,Polokwane,2024,0160,Transfers and Subsidies - Capital,774457880.0
LIM354,Polokwane,2024,0170,Interest,64990598.0
LIM354,Polokwane,2024,0200,Suppliers and employees,-4037578591.0
LIM354,Polokwane,2024,0210,Finance charges,-19745576.0
LIM354,Polokwane,2024,0220,Transfers and Subsidies,-10558622.0
LIM354,Polokwane,2024,0260,Proceeds on disposal of PPE,5027.0
LIM354,Polokwane,2024,0310,Capital assets,-910982502.0
LIM354,Polokwane,2024,0420,Cash/cash equivalents at the year begin:,184371360.0
LIM354,Polokwane,2024,0430,Cash/cash equivalents at the year end:,733795490.0
LIM355,Lepelle-Nkumpi,2024,0120,Property rates,14452645.0
LIM355,Lepelle-Nkumpi,2024,0130,Service charges,2675970.0
LIM355,Lepelle-Nkumpi,2024,0140,Other revenue,347911102.0
LIM355,Lepelle-Nkumpi,2024,0150,Transfers and Subsidies - Operational,322849000.0
LIM355,Lepelle-Nkumpi,2024,0160,Transfers and Subsidies - Capital,77969000.0
LIM355,Lepelle-Nkumpi,2024,0170,Interest,44419366.0
LIM355,Lepelle-Nkumpi,2024,0200,Suppliers and employees,-325820864.0
LIM355,Lepelle-Nkumpi,2024,0260,Proceeds on disposal of PPE,4607958.0
LIM355,Lepelle-Nkumpi,2024,0310,Capital assets,-1195556.0
LIM355,Lepelle-Nkumpi,2024,0370,Increase (decrease) in consumer deposits,-2100.0
LIM355,Lepelle-Nkumpi,2024,0420,Cash/cash equivalents at the year begin:,546742277.0
LIM355,Lepelle-Nkumpi,2024,0430,Cash/cash equivalents at the year end:,1034608798.0
LIM361,Thabazimbi,2024,0120,Property rates,75431111.0
LIM361,Thabazimbi,2024,0130,Service charges,133054727.0
LIM361,Thabazimbi,2024,0140,Other revenue,22376415.0
LIM361,Thabazimbi,2024,0150,Transfers and Subsidies - Operational,196915402.0
LIM361,Thabazimbi,2024,0200,Suppliers and employees,-179467371.0
LIM361,Thabazimbi,2024,0210,Finance charges,-12667.0
LIM361,Thabazimbi,2024,0310,Capital assets,-47539793.0
LIM361,Thabazimbi,2024,0420,Cash/cash equivalents at the year begin:,2189226.0
LIM361,Thabazimbi,2024,0430,Cash/cash equivalents at the year end:,202947050.0
LIM362,Lephalale,2024,0120,Property rates,439539365.0
LIM362,Lephalale,2024,0130,Service charges,3908663896.0
LIM362,Lephalale,2024,0140,Other revenue,-5266168511.0
LIM362,Lephalale,2024,0150,Transfers and Subsidies - Operational,1656963000.0
LIM362,Lephalale,2024,0160,Transfers and Subsidies - Capital,777939246.0
LIM362,Lephalale,2024,0170,Interest,181494.0
LIM362,Lephalale,2024,0200,Suppliers and employees,-747137743.0
LIM362,Lephalale,2024,0310,Capital assets,-128424526.0
LIM362,Lephalale,2024,0420,Cash/cash equivalents at the year begin:,91260172.0
LIM362,Lephalale,2024,0430,Cash/cash equivalents at the year end:,732816393.0
LIM366,Bela Bela,2024,0120,Property rates,94157156.0
LIM366,Bela Bela,2024,0130,Service charges,222416845.0
LIM366,Bela Bela,2024,0140,Other revenue,39148890.0
LIM366,Bela Bela,2024,0150,Transfers and Subsidies - Operational,132867372.0
LIM366,Bela Bela,2024,0160,Transfers and Subsidies - Capital,84007000.0
LIM366,Bela Bela,2024,0170,Interest,2765775.0
LIM366,Bela Bela,2024,0200,Suppliers and employees,-399162859.0
LIM366,Bela Bela,2024,0310,Capital assets,-95318795.0
LIM366,Bela Bela,2024,0420,Cash/cash equivalents at the year begin:,11238390.0
LIM366,Bela Bela,2024,0430,Cash/cash equivalents at the year end:,92119774.0
LIM367,Mogalakwena,2024,0120,Property rates,80568644.0
LIM367,Mogalakwena,2024,0130,Service charges,373519153.0
LIM367,Mogalakwena,2024,0140,Other revenue,275441842.0
LIM367,Mogalakwena,2024,0150,Transfers and Subsidies - Operational,588429000.0
LIM367,Mogalakwena,2024,0160,Transfers and Subsidies - Capital,456610173.0
LIM367,Mogalakwena,2024,0170,Interest,7610581.0
LIM367,Mogalakwena,2024,0200,Suppliers and employees,-1036820457.0
LIM367,Mogalakwena,2024,0260,Proceeds on disposal of PPE,81174.0
LIM367,Mogalakwena,2024,0310,Capital assets,-478769964.0
LIM367,Mogalakwena,2024,0420,Cash/cash equivalents at the year begin:,40323543.0
LIM367,Mogalakwena,2024,0430,Cash/cash equivalents at the year end:,306993689.0
LIM368,Modimolle-Mookgopong,2024,0120,Property rates,617274993.0
LIM368,Modimolle-Mookgopong,2024,0130,Service charges,228959467.0
LIM368,Modimolle-Mookgopong,2024,0140,Other revenue,63689947.0
LIM368,Modimolle-Mookgopong,2024,0150,Transfers and Subsidies - Operational,160974711.0
LIM368,Modimolle-Mookgopong,2024,0160,Transfers and Subsidies - Capital,159724152.0
LIM368,Modimolle-Mookgopong,2024,0170,Interest,1419413.0
LIM368,Modimolle-Mookgopong,2024,0200,Suppliers and employees,-328004492.0
LIM368,Modimolle-Mookgopong,2024,0210,Finance charges,3777153.0
LIM368,Modimolle-Mookgopong,2024,0310,Capital assets,-191626666.0
LIM368,Modimolle-Mookgopong,2024,0420,Cash/cash equivalents at the year begin:,-50464822.0
LIM368,Modimolle-Mookgopong,2024,0430,Cash/cash equivalents at the year end:,665723856.0
LIM471,Ephraim Mogale,2024,0120,Property rates,39747430.0
LIM471,Ephraim Mogale,2024,0130,Service charges,103960243.0
LIM471,Ephraim Mogale,2024,0140,Other revenue,27063578.0
LIM471,Ephraim Mogale,2024,0150,Transfers and Subsidies - Operational,202800162.0
LIM471,Ephraim Mogale,2024,0160,Transfers and Subsidies - Capital,36755000.0
LIM471,Ephraim Mogale,2024,0200,Suppliers and employees,-201049139.0
LIM471,Ephraim Mogale,2024,0280,Decrease (increase) in non-current receivables,11089334.0
LIM471,Ephraim Mogale,2024,0310,Capital assets,-55653365.0
LIM471,Ephraim Mogale,2024,0420,Cash/cash equivalents at the year begin:,260626542.0
LIM471,Ephraim Mogale,2024,0430,Cash/cash equivalents at the year end:,425339785.0
LIM472,Elias Motsoaledi,2024,0120,Property rates,35211519.0
LIM472,Elias Motsoaledi,2024,0130,Service charges,95066138.0
LIM472,Elias Motsoaledi,2024,0140,Other revenue,6795465.0
LIM472,Elias Motsoaledi,2024,0150,Transfers and Subsidies - Operational,343852185.0
LIM472,Elias Motsoaledi,2024,0160,Transfers and Subsidies - Capital,12999569.0
LIM472,Elias Motsoaledi,2024,0170,Interest,2233629.0
LIM472,Elias Motsoaledi,2024,0200,Suppliers and employees,-475092989.0
LIM472,Elias Motsoaledi,2024,0310,Capital assets,-97122465.0
LIM472,Elias Motsoaledi,2024,0390,Repayment of borrowing,-10600659.0
LIM472,Elias Motsoaledi,2024,0420,Cash/cash equivalents at the year begin:,33092866.0
LIM472,Elias Motsoaledi,2024,0430,Cash/cash equivalents at the year end:,-53564742.0
LIM473,Makhuduthamaga,2024,0120,Property rates,57437117.0
LIM473,Makhuduthamaga,2024,0130,Service charges,520356.0
LIM473,Makhuduthamaga,2024,0140,Other revenue,111089887.0
LIM473,Makhuduthamaga,2024,0150,Transfers and Subsidies - Operational,705974426.0
LIM473,Makhuduthamaga,2024,0160,Transfers and Subsidies - Capital,189024000.0
LIM473,Makhuduthamaga,2024,0170,Interest,3612907.0
LIM473,Makhuduthamaga,2024,0200,Suppliers and employees,-1163455306.0
LIM473,Makhuduthamaga,2024,0310,Capital assets,-145112661.0
LIM473,Makhuduthamaga,2024,0430,Cash/cash equivalents at the year end:,-240909274.0
LIM476,Tubatse Fetakgomo,2024,0120,Property rates,133283242.0
LIM476,Tubatse Fetakgomo,2024,0130,Service charges,15010952.0
LIM476,Tubatse Fetakgomo,2024,0140,Other revenue,52040890.0
LIM476,Tubatse Fetakgomo,2024,0150,Transfers and Subsidies - Operational,592498722.0
LIM476,Tubatse Fetakgomo,2024,0160,Transfers and Subsidies - Capital,167064000.0
LIM476,Tubatse Fetakgomo,2024,0170,Interest,14162859.0
LIM476,Tubatse Fetakgomo,2024,0200,Suppliers and employees,-519847754.0
LIM476,Tubatse Fetakgomo,2024,0210,Finance charges,-404647.0
LIM476,Tubatse Fetakgomo,2024,0290,Decrease (increase) in non-current investments,-50000000.0
LIM476,Tubatse Fetakgomo,2024,0310,Capital assets,-406795622.0
LIM476,Tubatse Fetakgomo,2024,0360,Borrowing long term/refinancing,96120088.0
LIM476,Tubatse Fetakgomo,2024,0420,Cash/cash equivalents at the year begin:,218063412.0
LIM476,Tubatse Fetakgomo,2024,0430,Cash/cash equivalents at the year end:,311196142.0
MAN,Mangaung,2024,0120,Property rates,858836906.0
MAN,Mangaung,2024,0130,Service charges,4023451020.0
MAN,Mangaung,2024,0140,Other revenue,8076407131.0
MAN,Mangaung,2024,0150,Transfers and Subsidies - Operational,1198092522.0
MAN,Mangaung,2024,0160,Transfers and Subsidies - Capital,709664000.0
MAN,Mangaung,2024,0170,Interest,79307822.0
MAN,Mangaung,2024,0180,Dividends,8036.0
MAN,Mangaung,2024,0200,Suppliers and employees,-7512043835.0
MAN,Mangaung,2024,0260,Proceeds on disposal of PPE,49142142.0
MAN,Mangaung,2024,0280,Decrease (increase) in non-current receivables,-42115.0
MAN,Mangaung,2024,0290,Decrease (increase) in non-current investments,-23257.0
MAN,Mangaung,2024,0310,Capital assets,-574971115.0
MAN,Mangaung,2024,0360,Borrowing long term/refinancing,-15837467.0
MAN,Mangaung,2024,0390,Repayment of borrowing,-148769798.0
MAN,Mangaung,2024,0420,Cash/cash equivalents at the year begin:,711145296.0
MAN,Mangaung,2024,0430,Cash/cash equivalents at the year end:,7454367288.0
MP301,Albert Luthuli,2024,0120,Property rates,29941666.0
MP301,Albert Luthuli,2024,0130,Service charges,48704948.0
MP301,Albert Luthuli,2024,0140,Other revenue,48976163.0
MP301,Albert Luthuli,2024,0150,Transfers and Subsidies - Operational,438462500.0
MP301,Albert Luthuli,2024,0160,Transfers and Subsidies - Capital,494447000.0
MP301,Albert Luthuli,2024,0170,Interest,6071333.0
MP301,Albert Luthuli,2024,0200,Suppliers and employees,-407907015.0
MP301,Albert Luthuli,2024,0290,Decrease (increase) in non-current investments,-298872.0
MP301,Albert Luthuli,2024,0310,Capital assets,-474064894.0
MP301,Albert Luthuli,2024,0420,Cash/cash equivalents at the year begin:,8307430.0
MP301,Albert Luthuli,2024,0430,Cash/cash equivalents at the year end:,192640259.0
MP302,Msukaligwa,2024,0120,Property rates,157563497.0
MP302,Msukaligwa,2024,0130,Service charges,356674486.0
MP302,Msukaligwa,2024,0140,Other revenue,429875437.0
MP302,Msukaligwa,2024,0150,Transfers and Subsidies - Operational,232045649.0
MP302,Msukaligwa,2024,0160,Transfers and Subsidies - Capital,109791000.0
MP302,Msukaligwa,2024,0170,Interest,2467646.0
MP302,Msukaligwa,2024,0200,Suppliers and employees,-683936623.0
MP302,Msukaligwa,2024,0260,Proceeds on disposal of PPE,28430516.0
MP302,Msukaligwa,2024,0310,Capital assets,-102686123.0
MP302,Msukaligwa,2024,0360,Borrowing long term/refinancing,2400696.0
MP302,Msukaligwa,2024,0420,Cash/cash equivalents at the year begin:,78704966.0
MP302,Msukaligwa,2024,0430,Cash/cash equivalents at the year end:,611331147.0
MP303,Mkhondo,2024,0120,Property rates,64815380.0
MP303,Mkhondo,2024,0130,Service charges,98319907.0
MP303,Mkhondo,2024,0140,Other revenue,7995609.0
MP303,Mkhondo,2024,0150,Transfers and Subsidies - Operational,114776959.0
MP303,Mkhondo,2024,0160,Transfers and Subsidies - Capital,118799000.0
MP303,Mkhondo,2024,0170,Interest,308354.0
MP303,Mkhondo,2024,0200,Suppliers and employees,-511978592.0
MP303,Mkhondo,2024,0260,Proceeds on disposal of PPE,1587705.0
MP303,Mkhondo,2024,0290,Decrease (increase) in non-current investments,-31152.0
MP303,Mkhondo,2024,0310,Capital assets,-106803079.0
MP303,Mkhondo,2024,0370,Increase (decrease) in consumer deposits,5263.0
MP303,Mkhondo,2024,0420,Cash/cash equivalents at the year begin:,11042518.0
MP303,Mkhondo,2024,0430,Cash/cash equivalents at the year end:,-201162128.0
MP304,Pixley Ka Seme (MP),2024,0120,Property rates,29065492.0
MP304,Pixley Ka Seme (MP),2024,0130,Service charges,102650772.0
MP304,Pixley Ka Seme (MP),2024,0140,Other revenue,11938656.0
MP304,Pixley Ka Seme (MP),2024,0150,Transfers and Subsidies - Operational,142137387.0
MP304,Pixley Ka Seme (MP),2024,0160,Transfers and Subsidies - Capital,15000596.0
MP304,Pixley Ka Seme (MP),2024,0200,Suppliers and employees,-280718197.0
MP304,Pixley Ka Seme (MP),2024,0310,Capital assets,-40905625.0
MP304,Pixley Ka Seme (MP),2024,0420,Cash/cash equivalents at the year begin:,33053298.0
MP304,Pixley Ka Seme (MP),2024,0430,Cash/cash equivalents at the year end:,12222379.0
MP305,Lekwa,2024,0120,Property rates,149458204.0
MP305,Lekwa,2024,0130,Service charges,493389277.0
MP305,Lekwa,2024,0140,Other revenue,11248103.0
MP305,Lekwa,2024,0150,Transfers and Subsidies - Operational,183282101.0
MP305,Lekwa,2024,0160,Transfers and Subsidies - Capital,115985573.0
MP305,Lekwa,2024,0200,Suppliers and employees,-560509475.0
MP305,Lekwa,2024,0310,Capital assets,-67540621.0
MP305,Lekwa,2024,0420,Cash/cash equivalents at the year begin:,9857654.0
MP305,Lekwa,2024,0430,Cash/cash equivalents at the year end:,335170816.0
MP306,Dipaleseng,2024,0120,Property rates,25929751.0
MP306,Dipaleseng,2024,0130,Service charges,108209333.0
MP306,Dipaleseng,2024,0140,Other revenue,12330738.0
MP306,Dipaleseng,2024,0150,Transfers and Subsidies - Operational,117544895.0
MP306,Dipaleseng,2024,0160,Transfers and Subsidies - Capital,26753000.0
MP306,Dipaleseng,2024,0200,Suppliers and employees,-269670781.0
MP306,Dipaleseng,2024,0310,Capital assets,-26197420.0
MP306,Dipaleseng,2024,0420,Cash/cash equivalents at the year begin:,13367389.0
MP306,Dipaleseng,2024,0430,Cash/cash equivalents at the year end:,8266905.0
MP307,Govan Mbeki,2024,0120,Property rates,338950326.0
MP307,Govan Mbeki,2024,0130,Service charges,1181476491.0
MP307,Govan Mbeki,2024,0140,Other revenue,60863689.0
MP307,Govan Mbeki,2024,0150,Transfers and Subsidies - Operational,469697536.0
MP307,Govan Mbeki,2024,0160,Transfers and Subsidies - Capital,143211000.0
MP307,Govan Mbeki,2024,0170,Interest,9423005.0
MP307,Govan Mbeki,2024,0200,Suppliers and employees,-1423187181.0
MP307,Govan Mbeki,2024,0280,Decrease (increase) in non-current receivables,912858.0
MP307,Govan Mbeki,2024,0290,Decrease (increase) in non-current investments,-169553.0
MP307,Govan Mbeki,2024,0310,Capital assets,-189563213.0
MP307,Govan Mbeki,2024,0420,Cash/cash equivalents at the year begin:,189439958.0
MP307,Govan Mbeki,2024,0430,Cash/cash equivalents at the year end:,781054916.0
MP311,Victor Khanye,2024,0120,Property rates,89893017.0
MP311,Victor Khanye,2024,0130,Service charges,286837439.0
MP311,Victor Khanye,2024,0140,Other revenue,71954219.0
MP311,Victor Khanye,2024,0150,Transfers and Subsidies - Operational,88227675.0
MP311,Victor Khanye,2024,0160,Transfers and Subsidies - Capital,30000000.0
MP311,Victor Khanye,2024,0170,Interest,1423334.0
MP311,Victor Khanye,2024,0200,Suppliers and employees,-355295702.0
MP311,Victor Khanye,2024,0310,Capital assets,-75835883.0
MP311,Victor Khanye,2024,0420,Cash/cash equivalents at the year begin:,4869611.0
MP311,Victor Khanye,2024,0430,Cash/cash equivalents at the year end:,142073710.0
MP313,Steve Tshwete,2024,0120,Property rates,234170475.0
MP313,Steve Tshwete,2024,0130,Service charges,696747338.0
MP313,Steve Tshwete,2024,0140,Other revenue,117629036.0
MP313,Steve Tshwete,2024,0150,Transfers and Subsidies - Operational,469727373.0
MP313,Steve Tshwete,2024,0160,Transfers and Subsidies - Capital,200451178.0
MP313,Steve Tshwete,2024,0170,Interest,10922564.0
MP313,Steve Tshwete,2024,0200,Suppliers and employees,-1192655684.0
MP313,Steve Tshwete,2024,0280,Decrease (increase) in non-current receivables,7236416.0
MP313,Steve Tshwete,2024,0310,Capital assets,-224125992.0
MP313,Steve Tshwete,2024,0390,Repayment of borrowing,-3225226.0
MP313,Steve Tshwete,2024,0420,Cash/cash equivalents at the year begin:,118654007.0
MP313,Steve Tshwete,2024,0430,Cash/cash equivalents at the year end:,435531485.0
MP314,Emakhazeni,2024,0120,Property rates,48187451.0
MP314,Emakhazeni,2024,0130,Service charges,103347201.0
MP314,Emakhazeni,2024,0140,Other revenue,10336240.0
MP314,Emakhazeni,2024,0150,Transfers and Subsidies - Operational,108388043.0
MP314,Emakhazeni,2024,0160,Transfers and Subsidies - Capital,51931000.0
MP314,Emakhazeni,2024,0170,Interest,111649.0
MP314,Emakhazeni,2024,0200,Suppliers and employees,-107565977.0
MP314,Emakhazeni,2024,0310,Capital assets,-45797160.0
MP314,Emakhazeni,2024,0420,Cash/cash equivalents at the year begin:,7518028.0
MP314,Emakhazeni,2024,0430,Cash/cash equivalents at the year end:,176456475.0
MP315,Thembisile Hani,2024,0120,Property rates,36190671.0
MP315,Thembisile Hani,2024,0130,Service charges,10099936.0
MP315,Thembisile Hani,2024,0140,Other revenue,87783087.0
MP315,Thembisile Hani,2024,0150,Transfers and Subsidies - Operational,545127437.0
MP315,Thembisile Hani,2024,0160,Transfers and Subsidies - Capital,199510000.0
MP315,Thembisile Hani,2024,0200,Suppliers and employees,-459786754.0
MP315,Thembisile Hani,2024,0310,Capital assets,-252104879.0
MP315,Thembisile Hani,2024,0420,Cash/cash equivalents at the year begin:,185395564.0
MP315,Thembisile Hani,2024,0430,Cash/cash equivalents at the year end:,352215062.0
MP316,Dr J.S. Moroka,2024,0120,Property rates,31236558.0
MP316,Dr J.S. Moroka,2024,0130,Service charges,6948086.0
MP316,Dr J.S. Moroka,2024,0140,Other revenue,211645703.0
MP316,Dr J.S. Moroka,2024,0150,Transfers and Subsidies - Operational,491709020.0
MP316,Dr J.S. Moroka,2024,0160,Transfers and Subsidies - Capital,6880000.0
MP316,Dr J.S. Moroka,2024,0170,Interest,3951042.0
MP316,Dr J.S. Moroka,2024,0200,Suppliers and employees,-258218433.0
MP316,Dr J.S. Moroka,2024,0310,Capital assets,-133996286.0
MP316,Dr J.S. Moroka,2024,0420,Cash/cash equivalents at the year begin:,7551071.0
MP316,Dr J.S. Moroka,2024,0430,Cash/cash equivalents at the year end:,367706761.0
MP321,Thaba Chweu,2024,0120,Property rates,89181476.0
MP321,Thaba Chweu,2024,0130,Service charges,88532891.0
MP321,Thaba Chweu,2024,0140,Other revenue,32184618.0
MP321,Thaba Chweu,2024,0150,Transfers and Subsidies - Operational,194674531.0
MP321,Thaba Chweu,2024,0160,Transfers and Subsidies - Capital,100034000.0
MP321,Thaba Chweu,2024,0170,Interest,3060984.0
MP321,Thaba Chweu,2024,0200,Suppliers and employees,-491355481.0
MP321,Thaba Chweu,2024,0310,Capital assets,-155260924.0
MP321,Thaba Chweu,2024,0420,Cash/cash equivalents at the year begin:,26316720.0
MP321,Thaba Chweu,2024,0430,Cash/cash equivalents at the year end:,-112631185.0
MP324,Nkomazi,2024,0120,Property rates,101003707.0
MP324,Nkomazi,2024,0130,Service charges,151136394.0
MP324,Nkomazi,2024,0140,Other revenue,630734848.0
MP324,Nkomazi,2024,0150,Transfers and Subsidies - Operational,840380995.0
MP324,Nkomazi,2024,0160,Transfers and Subsidies - Capital,320847941.0
MP324,Nkomazi,2024,0170,Interest,12301447.0
MP324,Nkomazi,2024,0200,Suppliers and employees,-25703292.0
MP324,Nkomazi,2024,0310,Capital assets,-383952605.0
MP324,Nkomazi,2024,0360,Borrowing long term/refinancing,3632682.0
MP324,Nkomazi,2024,0420,Cash/cash equivalents at the year begin:,117009638.0
MP324,Nkomazi,2024,0430,Cash/cash equivalents at the year end:,1767391755.0
MP325,Bushbuckridge,2024,0120,Property rates,89794941.0
MP325,Bushbuckridge,2024,0130,Service charges,3483889.0
MP325,Bushbuckridge,2024,0140,Other revenue,73957869.0
MP325,Bushbuckridge,2024,0150,Transfers and Subsidies - Operational,1072192051.0
MP325,Bushbuckridge,2024,0160,Transfers and Subsidies - Capital,505546136.0
MP325,Bushbuckridge,2024,0200,Suppliers and employees,-1472378407.0
MP325,Bushbuckridge,2024,0310,Capital assets,-463770207.0
MP325,Bushbuckridge,2024,0420,Cash/cash equivalents at the year begin:,214682548.0
MP325,Bushbuckridge,2024,0430,Cash/cash equivalents at the year end:,23508820.0
MP326,City of Mbombela,2024,0120,Property rates,749792350.0
MP326,City of Mbombela,2024,0130,Service charges,1623669333.0
MP326,City of Mbombela,2024,0140,Other revenue,1790265570.0
MP326,City of Mbombela,2024,0150,Transfers and Subsidies - Operational,1063310001.0
MP326,City of Mbombela,2024,0160,Transfers and Subsidies - Capital,439251752.0
MP326,City of Mbombela,2024,0170,Interest,8558635.0
MP326,City of Mbombela,2024,0200,Suppliers and employees,-9027318931.0
MP326,City of Mbombela,2024,0280,Decrease (increase) in non-current receivables,-68495.0
MP326,City of Mbombela,2024,0310,Capital assets,-229598492.0
MP326,City of Mbombela,2024,0360,Borrowing long term/refinancing,-1142740.0
MP326,City of Mbombela,2024,0370,Increase (decrease) in consumer deposits,-22410.0
MP326,City of Mbombela,2024,0420,Cash/cash equivalents at the year begin:,205310448.0
MP326,City of Mbombela,2024,0430,Cash/cash equivalents at the year end:,-3377992979.0
NC061,Richtersveld,2024,0120,Property rates,11780117.0
NC061,Richtersveld,2024,0130,Service charges,18737068.0
NC061,Richtersveld,2024,0140,Other revenue,809609.0
NC061,Richtersveld,2024,0150,Transfers and Subsidies - Operational,2500.0
NC061,Richtersveld,2024,0200,Suppliers and employees,-100212206.0
NC061,Richtersveld,2024,0310,Capital assets,-44324.0
NC061,Richtersveld,2024,0420,Cash/cash equivalents at the year begin:,21826068.0
NC061,Richtersveld,2024,0430,Cash/cash equivalents at the year end:,-47101168.0
NC062,Nama Khoi,2024,0120,Property rates,32050536.0
NC062,Nama Khoi,2024,0130,Service charges,109524476.0
NC062,Nama Khoi,2024,0140,Other revenue,190014742.0
NC062,Nama Khoi,2024,0150,Transfers and Subsidies - Operational,113949319.0
NC062,Nama Khoi,2024,0160,Transfers and Subsidies - Capital,2284864.0
NC062,Nama Khoi,2024,0170,Interest,161451.0
NC062,Nama Khoi,2024,0200,Suppliers and employees,-571640138.0
NC062,Nama Khoi,2024,0210,Finance charges,-3383584.0
NC062,Nama Khoi,2024,0280,Decrease (increase) in non-current receivables,432576.0
NC062,Nama Khoi,2024,0310,Capital assets,746934.0
NC062,Nama Khoi,2024,0360,Borrowing long term/refinancing,-1274367.0
NC062,Nama Khoi,2024,0390,Repayment of borrowing,-730924.0
NC062,Nama Khoi,2024,0420,Cash/cash equivalents at the year begin:,46845986.0
NC062,Nama Khoi,2024,0430,Cash/cash equivalents at the year end:,-81018129.0
NC064,Kamiesberg,2024,0420,Cash/cash equivalents at the year begin:,-6240543.0
NC064,Kamiesberg,2024,0430,Cash/cash equivalents at the year end:,-6240543.0
NC065,Hantam,2024,0120,Property rates,12896954.0
NC065,Hantam,2024,0130,Service charges,43012836.0
NC065,Hantam,2024,0140,Other revenue,446492962.0
NC065,Hantam,2024,0150,Transfers and Subsidies - Operational,33278713.0
NC065,Hantam,2024,0160,Transfers and Subsidies - Capital,-1306070.0
NC065,Hantam,2024,0170,Interest,2611022.0
NC065,Hantam,2024,0200,Suppliers and employees,-418584070.0
NC065,Hantam,2024,0310,Capital assets,-138791460.0
NC065,Hantam,2024,0360,Borrowing long term/refinancing,521311.0
NC065,Hantam,2024,0420,Cash/cash equivalents at the year begin:,6237686.0
NC065,Hantam,2024,0430,Cash/cash equivalents at the year end:,-13630116.0
NC066,Karoo Hoogland,2024,0120,Property rates,36078929.0
NC066,Karoo Hoogland,2024,0130,Service charges,-338196999.0
NC066,Karoo Hoogland,2024,0140,Other revenue,26580673.0
NC066,Karoo Hoogland,2024,0150,Transfers and Subsidies - Operational,261374000.0
NC066,Karoo Hoogland,2024,0160,Transfers and Subsidies - Capital,144529000.0
NC066,Karoo Hoogland,2024,0200,Suppliers and employees,-33146412.0
NC066,Karoo Hoogland,2024,0310,Capital assets,-14300066.0
NC066,Karoo Hoogland,2024,0420,Cash/cash equivalents at the year begin:,13994788.0
NC066,Karoo Hoogland,2024,0430,Cash/cash equivalents at the year end:,96913913.0
NC067,Khai-Ma,2024,0120,Property rates,8059958.0
NC067,Khai-Ma,2024,0130,Service charges,12642893.0
NC067,Khai-Ma,2024,0140,Other revenue,45535272.0
NC067,Khai-Ma,2024,0150,Transfers and Subsidies - Operational,24957302.0
NC067,Khai-Ma,2024,0160,Transfers and Subsidies - Capital,10850049.0
NC067,Khai-Ma,2024,0200,Suppliers and employees,-95017658.0
NC067,Khai-Ma,2024,0310,Capital assets,-16683944.0
NC067,Khai-Ma,2024,0360,Borrowing long term/refinancing,124200.0
NC067,Khai-Ma,2024,0420,Cash/cash equivalents at the year begin:,856075.0
NC067,Khai-Ma,2024,0430,Cash/cash equivalents at the year end:,-8675853.0
NC071,Ubuntu,2024,0120,Property rates,76927604.0
NC071,Ubuntu,2024,0130,Service charges,206289944.0
NC071,Ubuntu,2024,0140,Other revenue,161421405.0
NC071,Ubuntu,2024,0150,Transfers and Subsidies - Operational,405898851.0
NC071,Ubuntu,2024,0160,Transfers and Subsidies - Capital,230440000.0
NC071,Ubuntu,2024,0200,Suppliers and employees,-207753197.0
NC071,Ubuntu,2024,0310,Capital assets,-32532596.0
NC071,Ubuntu,2024,0420,Cash/cash equivalents at the year begin:,18347472.0
NC071,Ubuntu,2024,0430,Cash/cash equivalents at the year end:,859039483.0
NC072,Umsobomvu,2024,0120,Property rates,10546365.0
NC072,Umsobomvu,2024,0130,Service charges,54163691.0
NC072,Umsobomvu,2024,0140,Other revenue,43742402.0
NC072,Umsobomvu,2024,0150,Transfers and Subsidies - Operational,73287000.0
NC072,Umsobomvu,2024,0160,Transfers and Subsidies - Capital,19690000.0
NC072,Umsobomvu,2024,0170,Interest,515459.0
NC072,Umsobomvu,2024,0200,Suppliers and employees,-178781721.0
NC072,Umsobomvu,2024,0310,Capital assets,-18764612.0
NC072,Umsobomvu,2024,0420,Cash/cash equivalents at the year begin:,-539692.0
NC072,Umsobomvu,2024,0430,Cash/cash equivalents at the year end:,3858892.0
NC073,Emthanjeni,2024,0140,Other revenue,34516000.0
NC073,Emthanjeni,2024,0150,Transfers and Subsidies - Operational,285007101.0
NC073,Emthanjeni,2024,0200,Suppliers and employees,-233103250.0
NC073,Emthanjeni,2024,0420,Cash/cash equivalents at the year begin:,28141099.0
NC073,Emthanjeni,2024,0430,Cash/cash equivalents at the year end:,114560950.0
NC075,Renosterberg,2024,0120,Property rates,2427777.0
NC075,Renosterberg,2024,0130,Service charges,19018380.0
NC075,Renosterberg,2024,0140,Other revenue,128028388.0
NC075,Renosterberg,2024,0150,Transfers and Subsidies - Operational,33760000.0
NC075,Renosterberg,2024,0170,Interest,-55080.0
NC075,Renosterberg,2024,0200,Suppliers and employees,-40317210.0
NC075,Renosterberg,2024,0260,Proceeds on disposal of PPE,390085.0
NC075,Renosterberg,2024,0310,Capital assets,-25579182.0
NC075,Renosterberg,2024,0420,Cash/cash equivalents at the year begin:,-45244884.0
NC075,Renosterberg,2024,0430,Cash/cash equivalents at the year end:,72428274.0
NC076,Thembelihle,2024,0120,Property rates,44085552.0
NC076,Thembelihle,2024,0130,Service charges,140981959.0
NC076,Thembelihle,2024,0140,Other revenue,58390227.0
NC076,Thembelihle,2024,0150,Transfers and Subsidies - Operational,281052448.0
NC076,Thembelihle,2024,0160,Transfers and Subsidies - Capital,127575000.0
NC076,Thembelihle,2024,0200,Suppliers and employees,-40906010.0
NC076,Thembelihle,2024,0310,Capital assets,-13134889.0
NC076,Thembelihle,2024,0420,Cash/cash equivalents at the year begin:,4278288.0
NC076,Thembelihle,2024,0430,Cash/cash equivalents at the year end:,602322575.0
NC077,Siyathemba,2024,0120,Property rates,115643084.0
NC077,Siyathemba,2024,0130,Service charges,247377899.0
NC077,Siyathemba,2024,0140,Other revenue,69650741.0
NC077,Siyathemba,2024,0150,Transfers and Subsidies - Operational,361388605.0
NC077,Siyathemba,2024,0160,Transfers and Subsidies - Capital,221053000.0
NC077,Siyathemba,2024,0200,Suppliers and employees,-74683064.0
NC077,Siyathemba,2024,0210,Finance charges,-2169152.0
NC077,Siyathemba,2024,0310,Capital assets,-9222521.0
NC077,Siyathemba,2024,0420,Cash/cash equivalents at the year begin:,206895.0
NC077,Siyathemba,2024,0430,Cash/cash equivalents at the year end:,929245487.0
NC078,Siyancuma,2024,0200,Suppliers and employees,-75207189.0
NC078,Siyancuma,2024,0310,Capital assets,-45980179.0
NC078,Siyancuma,2024,0420,Cash/cash equivalents at the year begin:,19722413.0
NC078,Siyancuma,2024,0430,Cash/cash equivalents at the year end:,-101464955.0
NC082,!Kai! Garib,2024,0420,Cash/cash equivalents at the year begin:,901987.0
NC082,!Kai! Garib,2024,0430,Cash/cash equivalents at the year end:,901987.0
NC084,!Kheis,2024,0120,Property rates,3059672.0
NC084,!Kheis,2024,0130,Service charges,1046858.0
NC084,!Kheis,2024,0140,Other revenue,802363.0
NC084,!Kheis,2024,0150,Transfers and Subsidies - Operational,26368500.0
NC084,!Kheis,2024,0160,Transfers and Subsidies - Capital,9950000.0
NC084,!Kheis,2024,0200,Suppliers and employees,-2689938.0
NC084,!Kheis,2024,0310,Capital assets,-13099761.0
NC084,!Kheis,2024,0420,Cash/cash equivalents at the year begin:,4920876.0
NC084,!Kheis,2024,0430,Cash/cash equivalents at the year end:,30358570.0
NC085,Tsantsabane,2024,0140,Other revenue,5250000.0
NC085,Tsantsabane,2024,0150,Transfers and Subsidies - Operational,132163029.0
NC085,Tsantsabane,2024,0160,Transfers and Subsidies - Capital,6323103.0
NC085,Tsantsabane,2024,0200,Suppliers and employees,-286167684.0
NC085,Tsantsabane,2024,0420,Cash/cash equivalents at the year begin:,11208471.0
NC085,Tsantsabane,2024,0430,Cash/cash equivalents at the year end:,-131223081.0
NC086,Kgatelopele,2024,0120,Property rates,26057461.0
NC086,Kgatelopele,2024,0130,Service charges,2031840.0
NC086,Kgatelopele,2024,0140,Other revenue,-387576.0
NC086,Kgatelopele,2024,0170,Interest,349666.0
NC086,Kgatelopele,2024,0200,Suppliers and employees,194941.0
NC086,Kgatelopele,2024,0210,Finance charges,11339.0
NC086,Kgatelopele,2024,0260,Proceeds on disposal of PPE,87596.0
NC086,Kgatelopele,2024,0310,Capital assets,-302012.0
NC086,Kgatelopele,2024,0420,Cash/cash equivalents at the year begin:,4857487.0
NC086,Kgatelopele,2024,0430,Cash/cash equivalents at the year end:,32900742.0
NC087,Dawid Kruiper,2024,0120,Property rates,129442271.0
NC087,Dawid Kruiper,2024,0130,Service charges,601647859.0
NC087,Dawid Kruiper,2024,0140,Other revenue,64086632.0
NC087,Dawid Kruiper,2024,0150,Transfers and Subsidies - Operational,123174515.0
NC087,Dawid Kruiper,2024,0160,Transfers and Subsidies - Capital,62118269.0
NC087,Dawid Kruiper,2024,0170,Interest,2509127.0
NC087,Dawid Kruiper,2024,0200,Suppliers and employees,-406697458.0
NC087,Dawid Kruiper,2024,0310,Capital assets,-101280458.0
NC087,Dawid Kruiper,2024,0420,Cash/cash equivalents at the year begin:,32994583.0
NC087,Dawid Kruiper,2024,0430,Cash/cash equivalents at the year end:,507995340.0
NC091,Sol Plaatje,2024,0120,Property rates,507798418.0
NC091,Sol Plaatje,2024,0130,Service charges,1185679586.0
NC091,Sol Plaatje,2024,0140,Other revenue,-54232638.0
NC091,Sol Plaatje,2024,0150,Transfers and Subsidies - Operational,306661815.0
NC091,Sol Plaatje,2024,0160,Transfers and Subsidies - Capital,142936071.0
NC091,Sol Plaatje,2024,0170,Interest,3927414.0
NC091,Sol Plaatje,2024,0200,Suppliers and employees,-2604297092.0
NC091,Sol Plaatje,2024,0210,Finance charges,280791.0
NC091,Sol Plaatje,2024,0260,Proceeds on disposal of PPE,17070535.0
NC091,Sol Plaatje,2024,0310,Capital assets,-176437658.0
NC091,Sol Plaatje,2024,0360,Borrowing long term/refinancing,661955432.0
NC091,Sol Plaatje,2024,0420,Cash/cash equivalents at the year begin:,-88054303.0
NC091,Sol Plaatje,2024,0430,Cash/cash equivalents at the year end:,-96711629.0
NC092,Dikgatlong,2024,0130,Service charges,-4034.0
NC092,Dikgatlong,2024,0200,Suppliers and employees,-291673232.0
NC092,Dikgatlong,2024,0210,Finance charges,254668.0
NC092,Dikgatlong,2024,0310,Capital assets,-35469743.0
NC092,Dikgatlong,2024,0420,Cash/cash equivalents at the year begin:,338191.0
NC092,Dikgatlong,2024,0430,Cash/cash equivalents at the year end:,-326554150.0
NC093,Magareng,2024,0120,Property rates,6993149.0
NC093,Magareng,2024,0130,Service charges,45907195.0
NC093,Magareng,2024,0140,Other revenue,2379438.0
NC093,Magareng,2024,0150,Transfers and Subsidies - Operational,65920991.0
NC093,Magareng,2024,0160,Transfers and Subsidies - Capital,53439403.0
NC093,Magareng,2024,0170,Interest,357474.0
NC093,Magareng,2024,0200,Suppliers and employees,-100991987.0
NC093,Magareng,2024,0260,Proceeds on disposal of PPE,175147.0
NC093,Magareng,2024,0310,Capital assets,-51549471.0
NC093,Magareng,2024,0420,Cash/cash equivalents at the year begin:,733583.0
NC093,Magareng,2024,0430,Cash/cash equivalents at the year end:,23364922.0
NC451,Joe Morolong,2024,0120,Property rates,62008953.0
NC451,Joe Morolong,2024,0130,Service charges,116784044.0
NC451,Joe Morolong,2024,0140,Other revenue,184402580.0
NC451,Joe Morolong,2024,0150,Transfers and Subsidies - Operational,-1129191075.0
NC451,Joe Morolong,2024,0160,Transfers and Subsidies - Capital,1017656000.0
NC451,Joe Morolong,2024,0170,Interest,4680361.0
NC451,Joe Morolong,2024,0200,Suppliers and employees,-531297624.0
NC451,Joe Morolong,2024,0310,Capital assets,-2561090.0
NC451,Joe Morolong,2024,0420,Cash/cash equivalents at the year begin:,34955967.0
NC451,Joe Morolong,2024,0430,Cash/cash equivalents at the year end:,-242561884.0
NC452,Ga-Segonyana,2024,0120,Property rates,43045435.0
NC452,Ga-Segonyana,2024,0130,Service charges,248169770.0
NC452,Ga-Segonyana,2024,0140,Other revenue,106817178.0
NC452,Ga-Segonyana,2024,0150,Transfers and Subsidies - Operational,243463526.0
NC452,Ga-Segonyana,2024,0160,Transfers and Subsidies - Capital,154434000.0
NC452,Ga-Segonyana,2024,0170,Interest,6297103.0
NC452,Ga-Segonyana,2024,0200,Suppliers and employees,-527204373.0
NC452,Ga-Segonyana,2024,0210,Finance charges,-441728.0
NC452,Ga-Segonyana,2024,0310,Capital assets,-171005187.0
NC452,Ga-Segonyana,2024,0390,Repayment of borrowing,-795783.0
NC452,Ga-Segonyana,2024,0420,Cash/cash equivalents at the year begin:,38210003.0
NC452,Ga-Segonyana,2024,0430,Cash/cash equivalents at the year end:,140989944.0
NC453,Gamagara,2024,0120,Property rates,81172826.0
NC453,Gamagara,2024,0130,Service charges,199662385.0
NC453,Gamagara,2024,0140,Other revenue,562360515.0
NC453,Gamagara,2024,0150,Transfers and Subsidies - Operational,204952.0
NC453,Gamagara,2024,0200,Suppliers and employees,-12044163.0
NC453,Gamagara,2024,0310,Capital assets,-24036393.0
NC453,Gamagara,2024,0370,Increase (decrease) in consumer deposits,521934.0
NC453,Gamagara,2024,0420,Cash/cash equivalents at the year begin:,13190567.0
NC453,Gamagara,2024,0430,Cash/cash equivalents at the year end:,821032623.0
NMA,Nelson Mandela Bay,2024,0120,Property rates,-1172585045.0
NMA,Nelson Mandela Bay,2024,0200,Suppliers and employees,34528296.0
NMA,Nelson Mandela Bay,2024,0280,Decrease (increase) in non-current receivables,-14615438.0
NMA,Nelson Mandela Bay,2024,0420,Cash/cash equivalents at the year begin:,4817423400.0
NMA,Nelson Mandela Bay,2024,0430,Cash/cash equivalents at the year end:,3664751213.0
NW371,Moretele,2024,0120,Property rates,10006799.0
NW371,Moretele,2024,0130,Service charges,556018.0
NW371,Moretele,2024,0140,Other revenue,28223957.0
NW371,Moretele,2024,0150,Transfers and Subsidies - Operational,449017953.0
NW371,Moretele,2024,0160,Transfers and Subsidies - Capital,158516000.0
NW371,Moretele,2024,0200,Suppliers and employees,78378612.0
NW371,Moretele,2024,0310,Capital assets,-169615822.0
NW371,Moretele,2024,0420,Cash/cash equivalents at the year begin:,271654106.0
NW371,Moretele,2024,0430,Cash/cash equivalents at the year end:,826737623.0
NW372,Madibeng,2024,0120,Property rates,205314434.0
NW372,Madibeng,2024,0130,Service charges,731581301.0
NW372,Madibeng,2024,0140,Other revenue,1654583129.0
NW372,Madibeng,2024,0150,Transfers and Subsidies - Operational,1057139780.0
NW372,Madibeng,2024,0160,Transfers and Subsidies - Capital,333365506.0
NW372,Madibeng,2024,0170,Interest,15853517.0
NW372,Madibeng,2024,0200,Suppliers and employees,-2991534313.0
NW372,Madibeng,2024,0260,Proceeds on disposal of PPE,37872800.0
NW372,Madibeng,2024,0290,Decrease (increase) in non-current investments,-206262.0
NW372,Madibeng,2024,0310,Capital assets,-314493222.0
NW372,Madibeng,2024,0360,Borrowing long term/refinancing,3799565.0
NW372,Madibeng,2024,0420,Cash/cash equivalents at the year begin:,184455527.0
NW372,Madibeng,2024,0430,Cash/cash equivalents at the year end:,917731762.0
NW373,Rustenburg,2024,0140,Other revenue,24263271679.0
NW373,Rustenburg,2024,0160,Transfers and Subsidies - Capital,7475282507.0
NW373,Rustenburg,2024,0200,Suppliers and employees,335404039.0
NW373,Rustenburg,2024,0310,Capital assets,-10666.0
NW373,Rustenburg,2024,0420,Cash/cash equivalents at the year begin:,-399485096.0
NW373,Rustenburg,2024,0430,Cash/cash equivalents at the year end:,31674462463.0
NW374,Kgetlengrivier,2024,0120,Property rates,5955032.0
NW374,Kgetlengrivier,2024,0130,Service charges,38338613.0
NW374,Kgetlengrivier,2024,0140,Other revenue,315299257.0
NW374,Kgetlengrivier,2024,0150,Transfers and Subsidies - Operational,-81408900.0
NW374,Kgetlengrivier,2024,0160,Transfers and Subsidies - Capital,3069088.0
NW374,Kgetlengrivier,2024,0170,Interest,355400.0
NW374,Kgetlengrivier,2024,0200,Suppliers and employees,-175796423.0
NW374,Kgetlengrivier,2024,0310,Capital assets,-39672115.0
NW374,Kgetlengrivier,2024,0420,Cash/cash equivalents at the year begin:,2040469.0
NW374,Kgetlengrivier,2024,0430,Cash/cash equivalents at the year end:,68180421.0
NW375,Moses Kotane,2024,0120,Property rates,79087025.0
NW375,Moses Kotane,2024,0130,Service charges,93692525.0
NW375,Moses Kotane,2024,0140,Other revenue,425825913.0
NW375,Moses Kotane,2024,0150,Transfers and Subsidies - Operational,577266000.0
NW375,Moses Kotane,2024,0160,Transfers and Subsidies - Capital,232503000.0
NW375,Moses Kotane,2024,0170,Interest,13045081.0
NW375,Moses Kotane,2024,0200,Suppliers and employees,85334148.0
NW375,Moses Kotane,2024,0260,Proceeds on disposal of PPE,1928200.0
NW375,Moses Kotane,2024,0310,Capital assets,-26403969.0
NW375,Moses Kotane,2024,0360,Borrowing long term/refinancing,-83553.0
NW375,Moses Kotane,2024,0390,Repayment of borrowing,-5246353.0
NW375,Moses Kotane,2024,0420,Cash/cash equivalents at the year begin:,38855236.0
NW375,Moses Kotane,2024,0430,Cash/cash equivalents at the year end:,1515803253.0
NW381,Ratlou,2024,0150,Transfers and Subsidies - Operational,30657240.0
NW381,Ratlou,2024,0200,Suppliers and employees,-1757342.0
NW381,Ratlou,2024,0430,Cash/cash equivalents at the year end:,28899898.0
NW382,Tswaing,2024,0120,Property rates,9598743.0
NW382,Tswaing,2024,0130,Service charges,50049934.0
NW382,Tswaing,2024,0140,Other revenue,-624722337.0
NW382,Tswaing,2024,0150,Transfers and Subsidies - Operational,155605000.0
NW382,Tswaing,2024,0160,Transfers and Subsidies - Capital,46591553.0
NW382,Tswaing,2024,0170,Interest,659276.0
NW382,Tswaing,2024,0180,Dividends,28020.0
NW382,Tswaing,2024,0200,Suppliers and employees,136110777.0
NW382,Tswaing,2024,0280,Decrease (increase) in non-current receivables,-88852.0
NW382,Tswaing,2024,0290,Decrease (increase) in non-current investments,-153424.0
NW382,Tswaing,2024,0350,Short term loans,-8723284.0
NW382,Tswaing,2024,0390,Repayment of borrowing,8723284.0
NW382,Tswaing,2024,0420,Cash/cash equivalents at the year begin:,494820.0
NW382,Tswaing,2024,0430,Cash/cash equivalents at the year end:,-225826490.0
NW383,Mafikeng,2024,0120,Property rates,287900371.0
NW383,Mafikeng,2024,0130,Service charges,147887247.0
NW383,Mafikeng,2024,0140,Other revenue,54420100.0
NW383,Mafikeng,2024,0150,Transfers and Subsidies - Operational,397619660.0
NW383,Mafikeng,2024,0160,Transfers and Subsidies - Capital,97099000.0
NW383,Mafikeng,2024,0170,Interest,7295724.0
NW383,Mafikeng,2024,0200,Suppliers and employees,-10963944.0
NW383,Mafikeng,2024,0310,Capital assets,-104588374.0
NW383,Mafikeng,2024,0420,Cash/cash equivalents at the year begin:,195001242.0
NW383,Mafikeng,2024,0430,Cash/cash equivalents at the year end:,1071671026.0
NW384,Ditsobotla,2024,0140,Other revenue,34807251.0
NW384,Ditsobotla,2024,0150,Transfers and Subsidies - Operational,3133430659.0
NW384,Ditsobotla,2024,0160,Transfers and Subsidies - Capital,-59390000.0
NW384,Ditsobotla,2024,0200,Suppliers and employees,-10693186.0
NW384,Ditsobotla,2024,0310,Capital assets,555051.0
NW384,Ditsobotla,2024,0420,Cash/cash equivalents at the year begin:,1.0
NW384,Ditsobotla,2024,0430,Cash/cash equivalents at the year end:,3098709776.0
NW392,Naledi (NW),2024,0120,Property rates,26512804.0
NW392,Naledi (NW),2024,0130,Service charges,54037769.0
NW392,Naledi (NW),2024,0140,Other revenue,4059949.0
NW392,Naledi (NW),2024,0150,Transfers and Subsidies - Operational,55326866.0
NW392,Naledi (NW),2024,0160,Transfers and Subsidies - Capital,14262200.0
NW392,Naledi (NW),2024,0200,Suppliers and employees,-51722151.0
NW392,Naledi (NW),2024,0310,Capital assets,-27823223.0
NW392,Naledi (NW),2024,0420,Cash/cash equivalents at the year begin:,6726765.0
NW392,Naledi (NW),2024,0430,Cash/cash equivalents at the year end:,81380979.0
NW393,Mamusa,2024,0120,Property rates,12016768.0
NW393,Mamusa,2024,0130,Service charges,54352461.0
NW393,Mamusa,2024,0140,Other revenue,9842523.0
NW393,Mamusa,2024,0150,Transfers and Subsidies - Operational,79835236.0
NW393,Mamusa,2024,0160,Transfers and Subsidies - Capital,18332000.0
NW393,Mamusa,2024,0200,Suppliers and employees,-78169724.0
NW393,Mamusa,2024,0210,Finance charges,-104.0
NW393,Mamusa,2024,0260,Proceeds on disposal of PPE,768713.0
NW393,Mamusa,2024,0310,Capital assets,-24412901.0
NW393,Mamusa,2024,0420,Cash/cash equivalents at the year begin:,230768.0
NW393,Mamusa,2024,0430,Cash/cash equivalents at the year end:,72795740.0
NW396,Lekwa-Teemane,2024,0120,Property rates,1558857.0
NW396,Lekwa-Teemane,2024,0130,Service charges,5680580.0
NW396,Lekwa-Teemane,2024,0140,Other revenue,3892218.0
NW396,Lekwa-Teemane,2024,0170,Interest,8491207.0
NW396,Lekwa-Teemane,2024,0200,Suppliers and employees,-107138722.0
NW396,Lekwa-Teemane,2024,0220,Transfers and Subsidies,-975000.0
NW396,Lekwa-Teemane,2024,0310,Capital assets,3659290.0
NW396,Lekwa-Teemane,2024,0420,Cash/cash equivalents at the year begin:,8.0
NW396,Lekwa-Teemane,2024,0430,Cash/cash equivalents at the year end:,-84831562.0
NW397,Kagisano-Molopo,2024,0200,Suppliers and employees,28053818.0
NW397,Kagisano-Molopo,2024,0430,Cash/cash equivalents at the year end:,28053818.0
NW403,City of Matlosana,2024,0120,Property rates,425657271.0
NW403,City of Matlosana,2024,0130,Service charges,1106434194.0
NW403,City of Matlosana,2024,0140,Other revenue,2599906994.0
NW403,City of Matlosana,2024,0150,Transfers and Subsidies - Operational,610675522.0
NW403,City of Matlosana,2024,0160,Transfers and Subsidies - Capital,172541000.0
NW403,City of Matlosana,2024,0170,Interest,363436.0
NW403,City of Matlosana,2024,0200,Suppliers and employees,-1937182736.0
NW403,City of Matlosana,2024,0260,Proceeds on disposal of PPE,-11321901.0
NW403,City of Matlosana,2024,0310,Capital assets,-238305291.0
NW403,City of Matlosana,2024,0420,Cash/cash equivalents at the year begin:,104773260.0
NW403,City of Matlosana,2024,0430,Cash/cash equivalents at the year end:,2833541749.0
NW404,Maquassi Hills,2024,0120,Property rates,21502429.0
NW404,Maquassi Hills,2024,0130,Service charges,68791560.0
NW404,Maquassi Hills,2024,0140,Other revenue,1247306255.0
NW404,Maquassi Hills,2024,0150,Transfers and Subsidies - Operational,173269000.0
NW404,Maquassi Hills,2024,0170,Interest,1155207.0
NW404,Maquassi Hills,2024,0200,Suppliers and employees,-425915139.0
NW404,Maquassi Hills,2024,0310,Capital assets,1956410.0
NW404,Maquassi Hills,2024,0420,Cash/cash equivalents at the year begin:,15967544.0
NW404,Maquassi Hills,2024,0430,Cash/cash equivalents at the year end:,1104033266.0
NW405,J B Marks,2024,0120,Property rates,204433202.0
NW405,J B Marks,2024,0130,Service charges,1096469341.0
NW405,J B Marks,2024,0140,Other revenue,352231552.0
NW405,J B Marks,2024,0150,Transfers and Subsidies - Operational,402279838.0
NW405,J B Marks,2024,0160,Transfers and Subsidies - Capital,151789005.0
NW405,J B Marks,2024,0180,Dividends,10480203.0
NW405,J B Marks,2024,0200,Suppliers and employees,-1882896969.0
NW405,J B Marks,2024,0290,Decrease (increase) in non-current investments,-86367065.0
NW405,J B Marks,2024,0310,Capital assets,-184876368.0
NW405,J B Marks,2024,0370,Increase (decrease) in consumer deposits,819096.0
NW405,J B Marks,2024,0420,Cash/cash equivalents at the year begin:,90397876.0
NW405,J B Marks,2024,0430,Cash/cash equivalents at the year end:,154759711.0
TSH,City of Tshwane,2024,0120,Property rates,-12068317.0
TSH,City of Tshwane,2024,0130,Service charges,42772164.0
TSH,City of Tshwane,2024,0140,Other revenue,46707266.0
TSH,City of Tshwane,2024,0150,Transfers and Subsidies - Operational,78720412993.0
TSH,City of Tshwane,2024,0200,Suppliers and employees,220764135.0
TSH,City of Tshwane,2024,0280,Decrease (increase) in non-current receivables,-14463864.0
TSH,City of Tshwane,2024,0420,Cash/cash equivalents at the year begin:,865456924.0
TSH,City of Tshwane,2024,0430,Cash/cash equivalents at the year end:,79869581301.0
WC011,Matzikama,2024,0120,Property rates,51342257.0
WC011,Matzikama,2024,0130,Service charges,253847858.0
WC011,Matzikama,2024,0140,Other revenue,19154006.0
WC011,Matzikama,2024,0150,Transfers and Subsidies - Operational,72418078.0
WC011,Matzikama,2024,0160,Transfers and Subsidies - Capital,36947000.0
WC011,Matzikama,2024,0200,Suppliers and employees,-561233373.0
WC011,Matzikama,2024,0210,Finance charges,-176746.0
WC011,Matzikama,2024,0310,Capital assets,-42305396.0
WC011,Matzikama,2024,0370,Increase (decrease) in consumer deposits,30362.0
WC011,Matzikama,2024,0390,Repayment of borrowing,-1686879.0
WC011,Matzikama,2024,0420,Cash/cash equivalents at the year begin:,18509123.0
WC011,Matzikama,2024,0430,Cash/cash equivalents at the year end:,-153153710.0
WC012,Cederberg,2024,0120,Property rates,59152572.0
WC012,Cederberg,2024,0130,Service charges,195936545.0
WC012,Cederberg,2024,0140,Other revenue,55001523.0
WC012,Cederberg,2024,0150,Transfers and Subsidies - Operational,152776032.0
WC012,Cederberg,2024,0160,Transfers and Subsidies - Capital,10867833.0
WC012,Cederberg,2024,0200,Suppliers and employees,-181993245.0
WC012,Cederberg,2024,0280,Decrease (increase) in non-current receivables,-2991679.0
WC012,Cederberg,2024,0310,Capital assets,-70639549.0
WC012,Cederberg,2024,0420,Cash/cash equivalents at the year begin:,28777550.0
WC012,Cederberg,2024,0430,Cash/cash equivalents at the year end:,246887582.0
WC013,Bergrivier,2024,0120,Property rates,97488590.0
WC013,Bergrivier,2024,0130,Service charges,269644307.0
WC013,Bergrivier,2024,0140,Other revenue,47744738.0
WC013,Bergrivier,2024,0150,Transfers and Subsidies - Operational,68146000.0
WC013,Bergrivier,2024,0160,Transfers and Subsidies - Capital,17363000.0
WC013,Bergrivier,2024,0200,Suppliers and employees,142950800.0
WC013,Bergrivier,2024,0260,Proceeds on disposal of PPE,703454.0
WC013,Bergrivier,2024,0310,Capital assets,-111267073.0
WC013,Bergrivier,2024,0420,Cash/cash equivalents at the year begin:,194435748.0
WC013,Bergrivier,2024,0430,Cash/cash equivalents at the year end:,727209564.0
WC014,Saldanha Bay,2024,0120,Property rates,323645903.0
WC014,Saldanha Bay,2024,0130,Service charges,988364485.0
WC014,Saldanha Bay,2024,0140,Other revenue,210770144.0
WC014,Saldanha Bay,2024,0150,Transfers and Subsidies - Operational,176692093.0
WC014,Saldanha Bay,2024,0160,Transfers and Subsidies - Capital,51331743.0
WC014,Saldanha Bay,2024,0170,Interest,63664046.0
WC014,Saldanha Bay,2024,0200,Suppliers and employees,-1561888936.0
WC014,Saldanha Bay,2024,0210,Finance charges,-12200000.0
WC014,Saldanha Bay,2024,0260,Proceeds on disposal of PPE,176050.0
WC014,Saldanha Bay,2024,0310,Capital assets,-219138605.0
WC014,Saldanha Bay,2024,0370,Increase (decrease) in consumer deposits,3091811.0
WC014,Saldanha Bay,2024,0390,Repayment of borrowing,-11321411.0
WC014,Saldanha Bay,2024,0420,Cash/cash equivalents at the year begin:,781645127.0
WC014,Saldanha Bay,2024,0430,Cash/cash equivalents at the year end:,794832450.0
WC015,Swartland,2024,0120,Property rates,751275236.0
WC015,Swartland,2024,0130,Service charges,652683172.0
WC015,Swartland,2024,0140,Other revenue,122746189.0
WC015,Swartland,2024,0150,Transfers and Subsidies - Operational,171386483.0
WC015,Swartland,2024,0160,Transfers and Subsidies - Capital,138512728.0
WC015,Swartland,2024,0170,Interest,33028027.0
WC015,Swartland,2024,0200,Suppliers and employees,-880709669.0
WC015,Swartland,2024,0210,Finance charges,-6874894.0
WC015,Swartland,2024,0260,Proceeds on disposal of PPE,2040564.0
WC015,Swartland,2024,0290,Decrease (increase) in non-current investments,-300000000.0
WC015,Swartland,2024,0310,Capital assets,-182056182.0
WC015,Swartland,2024,0370,Increase (decrease) in consumer deposits,2741238.0
WC015,Swartland,2024,0390,Repayment of borrowing,-52058962.0
WC015,Swartland,2024,0420,Cash/cash equivalents at the year begin:,722016835.0
WC015,Swartland,2024,0430,Cash/cash equivalents at the year end:,1174730765.0
WC022,Witzenberg,2024,0120,Property rates,4845278.0
WC022,Witzenberg,2024,0130,Service charges,938668748.0
WC022,Witzenberg,2024,0140,Other revenue,13817501.0
WC022,Witzenberg,2024,0150,Transfers and Subsidies - Operational,187597712.0
WC022,Witzenberg,2024,0160,Transfers and Subsidies - Capital,37756732.0
WC022,Witzenberg,2024,0200,Suppliers and employees,-603813857.0
WC022,Witzenberg,2024,0310,Capital assets,-77797478.0
WC022,Witzenberg,2024,0370,Increase (decrease) in consumer deposits,-2552723.0
WC022,Witzenberg,2024,0420,Cash/cash equivalents at the year begin:,226801724.0
WC022,Witzenberg,2024,0430,Cash/cash equivalents at the year end:,725323637.0
WC023,Drakenstein,2024,0120,Property rates,408107546.0
WC023,Drakenstein,2024,0130,Service charges,1980628948.0
WC023,Drakenstein,2024,0140,Other revenue,1183848074.0
WC023,Drakenstein,2024,0150,Transfers and Subsidies - Operational,280668783.0
WC023,Drakenstein,2024,0160,Transfers and Subsidies - Capital,398852966.0
WC023,Drakenstein,2024,0170,Interest,74688248.0
WC023,Drakenstein,2024,0200,Suppliers and employees,-3090818094.0
WC023,Drakenstein,2024,0260,Proceeds on disposal of PPE,4215945.0
WC023,Drakenstein,2024,0280,Decrease (increase) in non-current receivables,182397.0
WC023,Drakenstein,2024,0310,Capital assets,-487715848.0
WC023,Drakenstein,2024,0370,Increase (decrease) in consumer deposits,-666708.0
WC023,Drakenstein,2024,0390,Repayment of borrowing,-345347.0
WC023,Drakenstein,2024,0420,Cash/cash equivalents at the year begin:,445270431.0
WC023,Drakenstein,2024,0430,Cash/cash equivalents at the year end:,1196917341.0
WC024,Stellenbosch,2024,0120,Property rates,1315227601.0
WC024,Stellenbosch,2024,0130,Service charges,1081722663.0
WC024,Stellenbosch,2024,0140,Other revenue,97378760.0
WC024,Stellenbosch,2024,0150,Transfers and Subsidies - Operational,202813.0
WC024,Stellenbosch,2024,0200,Suppliers and employees,-690049354.0
WC024,Stellenbosch,2024,0280,Decrease (increase) in non-current receivables,-1909865.0
WC024,Stellenbosch,2024,0310,Capital assets,-424249311.0
WC024,Stellenbosch,2024,0360,Borrowing long term/refinancing,137446093.0
WC024,Stellenbosch,2024,0420,Cash/cash equivalents at the year begin:,578709148.0
WC024,Stellenbosch,2024,0430,Cash/cash equivalents at the year end:,2094478548.0
WC025,Breede Valley,2024,0120,Property rates,55063408.0
WC025,Breede Valley,2024,0130,Service charges,976433668.0
WC025,Breede Valley,2024,0140,Other revenue,36476912.0
WC025,Breede Valley,2024,0150,Transfers and Subsidies - Operational,186952967.0
WC025,Breede Valley,2024,0160,Transfers and Subsidies - Capital,98410160.0
WC025,Breede Valley,2024,0170,Interest,18372600.0
WC025,Breede Valley,2024,0200,Suppliers and employees,-693806211.0
WC025,Breede Valley,2024,0210,Finance charges,-31253855.0
WC025,Breede Valley,2024,0280,Decrease (increase) in non-current receivables,-6823203.0
WC025,Breede Valley,2024,0310,Capital assets,-189142783.0
WC025,Breede Valley,2024,0370,Increase (decrease) in consumer deposits,-42461.0
WC025,Breede Valley,2024,0420,Cash/cash equivalents at the year begin:,158998488.0
WC025,Breede Valley,2024,0430,Cash/cash equivalents at the year end:,609639690.0
WC026,Langeberg,2024,0120,Property rates,89968274.0
WC026,Langeberg,2024,0130,Service charges,740521897.0
WC026,Langeberg,2024,0140,Other revenue,16082871.0
WC026,Langeberg,2024,0150,Transfers and Subsidies - Operational,168746808.0
WC026,Langeberg,2024,0160,Transfers and Subsidies - Capital,62049000.0
WC026,Langeberg,2024,0170,Interest,14515595.0
WC026,Langeberg,2024,0200,Suppliers and employees,-937691682.0
WC026,Langeberg,2024,0220,Transfers and Subsidies,-27024.0
WC026,Langeberg,2024,0260,Proceeds on disposal of PPE,2357656.0
WC026,Langeberg,2024,0310,Capital assets,-124236287.0
WC026,Langeberg,2024,0360,Borrowing long term/refinancing,-73607.0
WC026,Langeberg,2024,0420,Cash/cash equivalents at the year begin:,366112772.0
WC026,Langeberg,2024,0430,Cash/cash equivalents at the year end:,398326273.0
WC031,Theewaterskloof,2024,0120,Property rates,137990240.0
WC031,Theewaterskloof,2024,0130,Service charges,302429935.0
WC031,Theewaterskloof,2024,0140,Other revenue,59338235.0
WC031,Theewaterskloof,2024,0150,Transfers and Subsidies - Operational,152886569.0
WC031,Theewaterskloof,2024,0160,Transfers and Subsidies - Capital,115033447.0
WC031,Theewaterskloof,2024,0170,Interest,981599.0
WC031,Theewaterskloof,2024,0200,Suppliers and employees,-205862357.0
WC031,Theewaterskloof,2024,0210,Finance charges,-21700470.0
WC031,Theewaterskloof,2024,0290,Decrease (increase) in non-current investments,13580038.0
WC031,Theewaterskloof,2024,0310,Capital assets,-85399504.0
WC031,Theewaterskloof,2024,0370,Increase (decrease) in consumer deposits,658624.0
WC031,Theewaterskloof,2024,0390,Repayment of borrowing,-21368213.0
WC031,Theewaterskloof,2024,0420,Cash/cash equivalents at the year begin:,85916380.0
WC031,Theewaterskloof,2024,0430,Cash/cash equivalents at the year end:,534484523.0
WC032,Overstrand,2024,0120,Property rates,161682373.0
WC032,Overstrand,2024,0130,Service charges,422304247.0
WC032,Overstrand,2024,0140,Other revenue,927675780.0
WC032,Overstrand,2024,0150,Transfers and Subsidies - Operational,45516496.0
WC032,Overstrand,2024,0160,Transfers and Subsidies - Capital,24972000.0
WC032,Overstrand,2024,0170,Interest,16042593.0
WC032,Overstrand,2024,0200,Suppliers and employees,-1357936304.0
WC032,Overstrand,2024,0290,Decrease (increase) in non-current investments,-8834336.0
WC032,Overstrand,2024,0310,Capital assets,-189550704.0
WC032,Overstrand,2024,0360,Borrowing long term/refinancing,50000000.0
WC032,Overstrand,2024,0420,Cash/cash equivalents at the year begin:,646535172.0
WC032,Overstrand,2024,0430,Cash/cash equivalents at the year end:,738407317.0
WC033,Cape Agulhas,2024,0120,Property rates,71662969.0
WC033,Cape Agulhas,2024,0130,Service charges,238997442.0
WC033,Cape Agulhas,2024,0140,Other revenue,62303603.0
WC033,Cape Agulhas,2024,0150,Transfers and Subsidies - Operational,47007719.0
WC033,Cape Agulhas,2024,0160,Transfers and Subsidies - Capital,16140000.0
WC033,Cape Agulhas,2024,0200,Suppliers and employees,-256263113.0
WC033,Cape Agulhas,2024,0260,Proceeds on disposal of PPE,1589250.0
WC033,Cape Agulhas,2024,0280,Decrease (increase) in non-current receivables,1513.0
WC033,Cape Agulhas,2024,0310,Capital assets,-62496870.0
WC033,Cape Agulhas,2024,0370,Increase (decrease) in consumer deposits,1300122.0
WC033,Cape Agulhas,2024,0420,Cash/cash equivalents at the year begin:,119574820.0
WC033,Cape Agulhas,2024,0430,Cash/cash equivalents at the year end:,239817455.0
WC034,Swellendam,2024,0120,Property rates,49116010.0
WC034,Swellendam,2024,0130,Service charges,187368198.0
WC034,Swellendam,2024,0140,Other revenue,13692401.0
WC034,Swellendam,2024,0150,Transfers and Subsidies - Operational,140884585.0
WC034,Swellendam,2024,0160,Transfers and Subsidies - Capital,4446000.0
WC034,Swellendam,2024,0180,Dividends,1830.0
WC034,Swellendam,2024,0200,Suppliers and employees,-291582383.0
WC034,Swellendam,2024,0210,Finance charges,-14601.0
WC034,Swellendam,2024,0260,Proceeds on disposal of PPE,2509103.0
WC034,Swellendam,2024,0280,Decrease (increase) in non-current receivables,-394281.0
WC034,Swellendam,2024,0310,Capital assets,-47889282.0
WC034,Swellendam,2024,0420,Cash/cash equivalents at the year begin:,121773221.0
WC034,Swellendam,2024,0430,Cash/cash equivalents at the year end:,179910801.0
WC041,Kannaland,2024,0120,Property rates,17176555.0
WC041,Kannaland,2024,0130,Service charges,82220822.0
WC041,Kannaland,2024,0140,Other revenue,16052755.0
WC041,Kannaland,2024,0150,Transfers and Subsidies - Operational,73429924.0
WC041,Kannaland,2024,0160,Transfers and Subsidies - Capital,19652000.0
WC041,Kannaland,2024,0200,Suppliers and employees,-148186469.0
WC041,Kannaland,2024,0290,Decrease (increase) in non-current investments,-93868.0
WC041,Kannaland,2024,0310,Capital assets,-14217476.0
WC041,Kannaland,2024,0420,Cash/cash equivalents at the year begin:,20729384.0
WC041,Kannaland,2024,0430,Cash/cash equivalents at the year end:,66763627.0
WC042,Hessequa,2024,0120,Property rates,120160356.0
WC042,Hessequa,2024,0130,Service charges,353429446.0
WC042,Hessequa,2024,0140,Other revenue,1663967562.0
WC042,Hessequa,2024,0150,Transfers and Subsidies - Operational,95938094.0
WC042,Hessequa,2024,0160,Transfers and Subsidies - Capital,111333871.0
WC042,Hessequa,2024,0170,Interest,12029506.0
WC042,Hessequa,2024,0200,Suppliers and employees,-1580605302.0
WC042,Hessequa,2024,0210,Finance charges,-15818645.0
WC042,Hessequa,2024,0260,Proceeds on disposal of PPE,852597.0
WC042,Hessequa,2024,0310,Capital assets,-123230989.0
WC042,Hessequa,2024,0360,Borrowing long term/refinancing,-37940.0
WC042,Hessequa,2024,0370,Increase (decrease) in consumer deposits,-764937.0
WC042,Hessequa,2024,0390,Repayment of borrowing,-3471632.0
WC042,Hessequa,2024,0420,Cash/cash equivalents at the year begin:,414913602.0
WC042,Hessequa,2024,0430,Cash/cash equivalents at the year end:,1048695589.0
WC043,Mossel Bay,2024,0120,Property rates,282786122.0
WC043,Mossel Bay,2024,0130,Service charges,1038167140.0
WC043,Mossel Bay,2024,0140,Other revenue,35171460.0
WC043,Mossel Bay,2024,0150,Transfers and Subsidies - Operational,76239739.0
WC043,Mossel Bay,2024,0200,Suppliers and employees,-263918300.0
WC043,Mossel Bay,2024,0280,Decrease (increase) in non-current receivables,-3799390.0
WC043,Mossel Bay,2024,0290,Decrease (increase) in non-current investments,-30000000.0
WC043,Mossel Bay,2024,0310,Capital assets,-259532457.0
WC043,Mossel Bay,2024,0420,Cash/cash equivalents at the year begin:,613723289.0
WC043,Mossel Bay,2024,0430,Cash/cash equivalents at the year end:,1488837603.0
WC044,George,2024,0120,Property rates,8608928671.0
WC044,George,2024,0130,Service charges,756808268.0
WC044,George,2024,0140,Other revenue,155912260.0
WC044,George,2024,0150,Transfers and Subsidies - Operational,397660349.0
WC044,George,2024,0160,Transfers and Subsidies - Capital,67652760.0
WC044,George,2024,0200,Suppliers and employees,-2650381695.0
WC044,George,2024,0260,Proceeds on disposal of PPE,4435453.0
WC044,George,2024,0280,Decrease (increase) in non-current receivables,-7342371.0
WC044,George,2024,0310,Capital assets,-402386006.0
WC044,George,2024,0360,Borrowing long term/refinancing,5332627.0
WC044,George,2024,0370,Increase (decrease) in consumer deposits,85093.0
WC044,George,2024,0420,Cash/cash equivalents at the year begin:,843879125.0
WC044,George,2024,0430,Cash/cash equivalents at the year end:,7780584534.0
WC045,Oudtshoorn,2024,0120,Property rates,115596501.0
WC045,Oudtshoorn,2024,0130,Service charges,507046079.0
WC045,Oudtshoorn,2024,0140,Other revenue,90431375.0
WC045,Oudtshoorn,2024,0150,Transfers and Subsidies - Operational,112778004.0
WC045,Oudtshoorn,2024,0160,Transfers and Subsidies - Capital,36531755.0
WC045,Oudtshoorn,2024,0170,Interest,13795243.0
WC045,Oudtshoorn,2024,0200,Suppliers and employees,-879765525.0
WC045,Oudtshoorn,2024,0210,Finance charges,-7037197.0
WC045,Oudtshoorn,2024,0220,Transfers and Subsidies,-1921853.0
WC045,Oudtshoorn,2024,0310,Capital assets,-57546405.0
WC045,Oudtshoorn,2024,0360,Borrowing long term/refinancing,17200000.0
WC045,Oudtshoorn,2024,0390,Repayment of borrowing,-910167.0
WC045,Oudtshoorn,2024,0420,Cash/cash equivalents at the year begin:,108223685.0
WC045,Oudtshoorn,2024,0430,Cash/cash equivalents at the year end:,54421495.0
WC047,Bitou,2024,0120,Property rates,643738.0
WC047,Bitou,2024,0140,Other revenue,67261.0
WC047,Bitou,2024,0150,Transfers and Subsidies - Operational,6261964.0
WC047,Bitou,2024,0170,Interest,9869274.0
WC047,Bitou,2024,0200,Suppliers and employees,-793639018.0
WC047,Bitou,2024,0310,Capital assets,-114140264.0
WC047,Bitou,2024,0420,Cash/cash equivalents at the year begin:,95078059.0
WC047,Bitou,2024,0430,Cash/cash equivalents at the year end:,-795858986.0
WC048,Knysna,2024,0120,Property rates,188733280.0
WC048,Knysna,2024,0130,Service charges,422919391.0
WC048,Knysna,2024,0140,Other revenue,49686913.0
WC048,Knysna,2024,0150,Transfers and Subsidies - Operational,226395684.0
WC048,Knysna,2024,0160,Transfers and Subsidies - Capital,72599000.0
WC048,Knysna,2024,0200,Suppliers and employees,-793242133.0
WC048,Knysna,2024,0210,Finance charges,38835503.0
WC048,Knysna,2024,0260,Proceeds on disposal of PPE,38765.0
WC048,Knysna,2024,0290,Decrease (increase) in non-current investments,-246450.0
WC048,Knysna,2024,0310,Capital assets,-87137514.0
WC048,Knysna,2024,0350,Short term loans,25005000.0
WC048,Knysna,2024,0370,Increase (decrease) in consumer deposits,-15051.0
WC048,Knysna,2024,0390,Repayment of borrowing,-33737119.0
WC048,Knysna,2024,0420,Cash/cash equivalents at the year begin:,20357727.0
WC048,Knysna,2024,0430,Cash/cash equivalents at the year end:,130192996.0
WC051,Laingsburg,2024,0120,Property rates,8995820.0
WC051,Laingsburg,2024,0130,Service charges,29486890.0
WC051,Laingsburg,2024,0140,Other revenue,9461152.0
WC051,Laingsburg,2024,0150,Transfers and Subsidies - Operational,26229242.0
WC051,Laingsburg,2024,0160,Transfers and Subsidies - Capital,43014904.0
WC051,Laingsburg,2024,0170,Interest,1234295.0
WC051,Laingsburg,2024,0200,Suppliers and employees,-84770290.0
WC051,Laingsburg,2024,0210,Finance charges,-61.0
WC051,Laingsburg,2024,0280,Decrease (increase) in non-current receivables,-505350.0
WC051,Laingsburg,2024,0310,Capital assets,-35731630.0
WC051,Laingsburg,2024,0370,Increase (decrease) in consumer deposits,50978.0
WC051,Laingsburg,2024,0420,Cash/cash equivalents at the year begin:,2477086.0
WC051,Laingsburg,2024,0430,Cash/cash equivalents at the year end:,-56964.0
WC052,Prince Albert,2024,0120,Property rates,4831489.0
WC052,Prince Albert,2024,0130,Service charges,35812070.0
WC052,Prince Albert,2024,0140,Other revenue,158411720.0
WC052,Prince Albert,2024,0150,Transfers and Subsidies - Operational,42452162.0
WC052,Prince Albert,2024,0160,Transfers and Subsidies - Capital,8890000.0
WC052,Prince Albert,2024,0170,Interest,6182529.0
WC052,Prince Albert,2024,0200,Suppliers and employees,-67257515.0
WC052,Prince Albert,2024,0310,Capital assets,-22434006.0
WC052,Prince Albert,2024,0420,Cash/cash equivalents at the year begin:,52395423.0
WC052,Prince Albert,2024,0430,Cash/cash equivalents at the year end:,219283872.0
WC053,Beaufort West,2024,0120,Property rates,254212618.0
WC053,Beaufort West,2024,0130,Service charges,1914175500.0
WC053,Beaufort West,2024,0140,Other revenue,835522196.0
WC053,Beaufort West,2024,0150,Transfers and Subsidies - Operational,811602689.0
WC053,Beaufort West,2024,0160,Transfers and Subsidies - Capital,144759328.0
WC053,Beaufort West,2024,0200,Suppliers and employees,-436509658.0
WC053,Beaufort West,2024,0280,Decrease (increase) in non-current receivables,4118071.0
WC053,Beaufort West,2024,0290,Decrease (increase) in non-current investments,1874414.0
WC053,Beaufort West,2024,0310,Capital assets,-13551767.0
WC053,Beaufort West,2024,0390,Repayment of borrowing,-1182012.0
WC053,Beaufort West,2024,0420,Cash/cash equivalents at the year begin:,15271990.0
WC053,Beaufort West,2024,0430,Cash/cash equivalents at the year end:,3530293369.0
BUF,Buffalo City,2025,0120,Property rates,1549289287.0
BUF,Buffalo City,2025,0130,Service charges,3911763865.0
BUF,Buffalo City,2025,0140,Other revenue,6059152447.0
BUF,Buffalo City,2025,0150,Transfers and Subsidies - Operational,1418257354.0
BUF,Buffalo City,2025,0160,Transfers and Subsidies - Capital,901199343.0
BUF,Buffalo City,2025,0170,Interest,132108438.0
BUF,Buffalo City,2025,0200,Suppliers and employees,-8073041841.0
BUF,Buffalo City,2025,0210,Finance charges,-9577432.0
BUF,Buffalo City,2025,0220,Transfers and Subsidies,-85252927.0
BUF,Buffalo City,2025,0260,Proceeds on disposal of PPE,16585607.0
BUF,Buffalo City,2025,0310,Capital assets,-1230340821.0
BUF,Buffalo City,2025,0370,Increase (decrease) in consumer deposits,-1436882.0
BUF,Buffalo City,2025,0390,Repayment of borrowing,-28813896.0
BUF,Buffalo City,2025,0420,Cash/cash equivalents at the year begin:,720986557.0
BUF,Buffalo City,2025,0430,Cash/cash equivalents at the year end:,5280879099.0
CPT,Cape Town,2025,0120,Property rates,13671183683.0
CPT,Cape Town,2025,0130,Service charges,31030344023.0
CPT,Cape Town,2025,0140,Other revenue,6205108273.0
CPT,Cape Town,2025,0150,Transfers and Subsidies - Operational,9506490033.0
CPT,Cape Town,2025,0160,Transfers and Subsidies - Capital,452516725.0
CPT,Cape Town,2025,0170,Interest,1566504683.0
CPT,Cape Town,2025,0180,Dividends,3270000.0
CPT,Cape Town,2025,0200,Suppliers and employees,-49032448815.0
CPT,Cape Town,2025,0260,Proceeds on disposal of PPE,347083000.0
CPT,Cape Town,2025,0280,Decrease (increase) in non-current receivables,174161.0
CPT,Cape Town,2025,0290,Decrease (increase) in non-current investments,-24632607.0
CPT,Cape Town,2025,0310,Capital assets,-8285602171.0
CPT,Cape Town,2025,0360,Borrowing long term/refinancing,3435400000.0
CPT,Cape Town,2025,0370,Increase (decrease) in consumer deposits,103875276.0
CPT,Cape Town,2025,0390,Repayment of borrowing,-2510128000.0
CPT,Cape Town,2025,0420,Cash/cash equivalents at the year begin:,12705769545.0
CPT,Cape Town,2025,0430,Cash/cash equivalents at the year end:,19174907809.0
DC1,West Coast,2025,0130,Service charges,37425586.0
DC1,West Coast,2025,0140,Other revenue,225334913.0
DC1,West Coast,2025,0150,Transfers and Subsidies - Operational,5326963.0
DC1,West Coast,2025,0170,Interest,2917785.0
DC1,West Coast,2025,0200,Suppliers and employees,-367647051.0
DC1,West Coast,2025,0280,Decrease (increase) in non-current receivables,-2079947.0
DC1,West Coast,2025,0310,Capital assets,-37823877.0
DC1,West Coast,2025,0360,Borrowing long term/refinancing,46893276.0
DC1,West Coast,2025,0420,Cash/cash equivalents at the year begin:,363029753.0
DC1,West Coast,2025,0430,Cash/cash equivalents at the year end:,273377401.0
DC10,Sarah Baartman,2025,0140,Other revenue,-53508.0
DC10,Sarah Baartman,2025,0200,Suppliers and employees,2547321.0
DC10,Sarah Baartman,2025,0420,Cash/cash equivalents at the year begin:,209831865.0
DC10,Sarah Baartman,2025,0430,Cash/cash equivalents at the year end:,212325678.0
DC13,Chris Hani,2025,0130,Service charges,93141443.0
DC13,Chris Hani,2025,0140,Other revenue,169701741.0
DC13,Chris Hani,2025,0150,Transfers and Subsidies - Operational,767169209.0
DC13,Chris Hani,2025,0160,Transfers and Subsidies - Capital,533051000.0
DC13,Chris Hani,2025,0170,Interest,16487057.0
DC13,Chris Hani,2025,0200,Suppliers and employees,-976822809.0
DC13,Chris Hani,2025,0210,Finance charges,-689129.0
DC13,Chris Hani,2025,0220,Transfers and Subsidies,-46357246.0
DC13,Chris Hani,2025,0260,Proceeds on disposal of PPE,1994330.0
DC13,Chris Hani,2025,0310,Capital assets,-9131075.0
DC13,Chris Hani,2025,0420,Cash/cash equivalents at the year begin:,20442359.0
DC13,Chris Hani,2025,0430,Cash/cash equivalents at the year end:,568986880.0
DC14,Joe Gqabi,2025,0200,Suppliers and employees,-795332579.0
DC14,Joe Gqabi,2025,0220,Transfers and Subsidies,-2250000.0
DC14,Joe Gqabi,2025,0420,Cash/cash equivalents at the year begin:,3338597.0
DC14,Joe Gqabi,2025,0430,Cash/cash equivalents at the year end:,-794243982.0
DC15,O R Tambo,2025,0130,Service charges,269491190.0
DC15,O R Tambo,2025,0140,Other revenue,94708272.0
DC15,O R Tambo,2025,0150,Transfers and Subsidies - Operational,1201926107.0
DC15,O R Tambo,2025,0160,Transfers and Subsidies - Capital,1114734000.0
DC15,O R Tambo,2025,0170,Interest,84057762.0
DC15,O R Tambo,2025,0200,Suppliers and employees,-2414782462.0
DC15,O R Tambo,2025,0260,Proceeds on disposal of PPE,5136886.0
DC15,O R Tambo,2025,0280,Decrease (increase) in non-current receivables,-133951.0
DC15,O R Tambo,2025,0310,Capital assets,-114325036.0
DC15,O R Tambo,2025,0350,Short term loans,-2442630.0
DC15,O R Tambo,2025,0360,Borrowing long term/refinancing,3486377.0
DC15,O R Tambo,2025,0390,Repayment of borrowing,-20000.0
DC15,O R Tambo,2025,0420,Cash/cash equivalents at the year begin:,468035695.0
DC15,O R Tambo,2025,0430,Cash/cash equivalents at the year end:,709872210.0
DC16,Xhariep,2025,0140,Other revenue,130565512.0
DC16,Xhariep,2025,0200,Suppliers and employees,10587806.0
DC16,Xhariep,2025,0420,Cash/cash equivalents at the year begin:,-43036834.0
DC16,Xhariep,2025,0430,Cash/cash equivalents at the year end:,98116484.0
DC18,Lejweleputswa,2025,0140,Other revenue,864636.0
DC18,Lejweleputswa,2025,0150,Transfers and Subsidies - Operational,157937901.0
DC18,Lejweleputswa,2025,0160,Transfers and Subsidies - Capital,25308000.0
DC18,Lejweleputswa,2025,0200,Suppliers and employees,-66286391.0
DC18,Lejweleputswa,2025,0260,Proceeds on disposal of PPE,18362.0
DC18,Lejweleputswa,2025,0310,Capital assets,-139695.0
DC18,Lejweleputswa,2025,0420,Cash/cash equivalents at the year begin:,70619899.0
DC18,Lejweleputswa,2025,0430,Cash/cash equivalents at the year end:,188322712.0
DC19,Thabo Mofutsanyana,2025,0140,Other revenue,3784264.0
DC19,Thabo Mofutsanyana,2025,0150,Transfers and Subsidies - Operational,160161797.0
DC19,Thabo Mofutsanyana,2025,0200,Suppliers and employees,1259865.0
DC19,Thabo Mofutsanyana,2025,0420,Cash/cash equivalents at the year begin:,43262427.0
DC19,Thabo Mofutsanyana,2025,0430,Cash/cash equivalents at the year end:,208468353.0
DC2,Cape Winelands DM,2025,0140,Other revenue,114597475.0
DC2,Cape Winelands DM,2025,0150,Transfers and Subsidies - Operational,272958622.0
DC2,Cape Winelands DM,2025,0160,Transfers and Subsidies - Capital,1100000.0
DC2,Cape Winelands DM,2025,0170,Interest,45889385.0
DC2,Cape Winelands DM,2025,0200,Suppliers and employees,-572658777.0
DC2,Cape Winelands DM,2025,0260,Proceeds on disposal of PPE,28261.0
DC2,Cape Winelands DM,2025,0290,Decrease (increase) in non-current investments,-30000000.0
DC2,Cape Winelands DM,2025,0310,Capital assets,-84782488.0
DC2,Cape Winelands DM,2025,0360,Borrowing long term/refinancing,60411245.0
DC2,Cape Winelands DM,2025,0390,Repayment of borrowing,-7261463.0
DC2,Cape Winelands DM,2025,0420,Cash/cash equivalents at the year begin:,424247166.0
DC2,Cape Winelands DM,2025,0430,Cash/cash equivalents at the year end:,224529426.0
DC20,Fezile Dabi,2025,0140,Other revenue,236664810.0
DC20,Fezile Dabi,2025,0150,Transfers and Subsidies - Operational,206233000.0
DC20,Fezile Dabi,2025,0170,Interest,15519419.0
DC20,Fezile Dabi,2025,0200,Suppliers and employees,-401630406.0
DC20,Fezile Dabi,2025,0260,Proceeds on disposal of PPE,58899.0
DC20,Fezile Dabi,2025,0310,Capital assets,-2233251.0
DC20,Fezile Dabi,2025,0390,Repayment of borrowing,-425773.0
DC20,Fezile Dabi,2025,0420,Cash/cash equivalents at the year begin:,126337607.0
DC20,Fezile Dabi,2025,0430,Cash/cash equivalents at the year end:,180524305.0
DC21,Ugu,2025,0130,Service charges,4537668070.0
DC21,Ugu,2025,0140,Other revenue,3196719.0
DC21,Ugu,2025,0150,Transfers and Subsidies - Operational,9297297794.0
DC21,Ugu,2025,0160,Transfers and Subsidies - Capital,1136040437.0
DC21,Ugu,2025,0170,Interest,11424630.0
DC21,Ugu,2025,0200,Suppliers and employees,-906880.0
DC21,Ugu,2025,0290,Decrease (increase) in non-current investments,-100.0
DC21,Ugu,2025,0310,Capital assets,-602958705.0
DC21,Ugu,2025,0420,Cash/cash equivalents at the year begin:,299614285.0
DC21,Ugu,2025,0430,Cash/cash equivalents at the year end:,14681376250.0
DC22,uMgungundlovu,2025,0130,Service charges,2403493.0
DC22,uMgungundlovu,2025,0140,Other revenue,1011487529.0
DC22,uMgungundlovu,2025,0150,Transfers and Subsidies - Operational,3648230291.0
DC22,uMgungundlovu,2025,0160,Transfers and Subsidies - Capital,663589852.0
DC22,uMgungundlovu,2025,0170,Interest,1685211834.0
DC22,uMgungundlovu,2025,0200,Suppliers and employees,-3436710517.0
DC22,uMgungundlovu,2025,0210,Finance charges,-33324593.0
DC22,uMgungundlovu,2025,0310,Capital assets,-46505095.0
DC22,uMgungundlovu,2025,0370,Increase (decrease) in consumer deposits,-287469.0
DC22,uMgungundlovu,2025,0390,Repayment of borrowing,-28838789.0
DC22,uMgungundlovu,2025,0420,Cash/cash equivalents at the year begin:,233126011.0
DC22,uMgungundlovu,2025,0430,Cash/cash equivalents at the year end:,3698382547.0
DC23,Uthukela,2025,0130,Service charges,125442856.0
DC23,Uthukela,2025,0140,Other revenue,17704354.0
DC23,Uthukela,2025,0150,Transfers and Subsidies - Operational,627949861.0
DC23,Uthukela,2025,0160,Transfers and Subsidies - Capital,303673000.0
DC23,Uthukela,2025,0170,Interest,6068489.0
DC23,Uthukela,2025,0200,Suppliers and employees,-209956032.0
DC23,Uthukela,2025,0310,Capital assets,-218103327.0
DC23,Uthukela,2025,0420,Cash/cash equivalents at the year begin:,5810042.0
DC23,Uthukela,2025,0430,Cash/cash equivalents at the year end:,658589243.0
DC24,Umzinyathi,2025,0130,Service charges,28698641.0
DC24,Umzinyathi,2025,0140,Other revenue,-34494.0
DC24,Umzinyathi,2025,0150,Transfers and Subsidies - Operational,1843620070.0
DC24,Umzinyathi,2025,0170,Interest,9894847.0
DC24,Umzinyathi,2025,0200,Suppliers and employees,48913476.0
DC24,Umzinyathi,2025,0420,Cash/cash equivalents at the year begin:,77311037.0
DC24,Umzinyathi,2025,0430,Cash/cash equivalents at the year end:,2008403577.0
DC25,Amajuba,2025,0130,Service charges,13378.0
DC25,Amajuba,2025,0140,Other revenue,736807.0
DC25,Amajuba,2025,0150,Transfers and Subsidies - Operational,108851509.0
DC25,Amajuba,2025,0170,Interest,1540406.0
DC25,Amajuba,2025,0200,Suppliers and employees,-154847342.0
DC25,Amajuba,2025,0420,Cash/cash equivalents at the year begin:,62107242.0
DC25,Amajuba,2025,0430,Cash/cash equivalents at the year end:,18402000.0
DC26,Zululand,2025,0130,Service charges,42771424.0
DC26,Zululand,2025,0140,Other revenue,1568933650.0
DC26,Zululand,2025,0150,Transfers and Subsidies - Operational,729725584.0
DC26,Zululand,2025,0160,Transfers and Subsidies - Capital,851477000.0
DC26,Zululand,2025,0170,Interest,5344933.0
DC26,Zululand,2025,0200,Suppliers and employees,-359018107.0
DC26,Zululand,2025,0310,Capital assets,-780983470.0
DC26,Zululand,2025,0360,Borrowing long term/refinancing,510928.0
DC26,Zululand,2025,0370,Increase (decrease) in consumer deposits,-8130.0
DC26,Zululand,2025,0390,Repayment of borrowing,-18807208.0
DC26,Zululand,2025,0420,Cash/cash equivalents at the year begin:,57070896.0
DC26,Zululand,2025,0430,Cash/cash equivalents at the year end:,2097017500.0
DC27,Umkhanyakude,2025,0130,Service charges,66197894.0
DC27,Umkhanyakude,2025,0140,Other revenue,172084202.0
DC27,Umkhanyakude,2025,0150,Transfers and Subsidies - Operational,1731606197.0
DC27,Umkhanyakude,2025,0160,Transfers and Subsidies - Capital,340513000.0
DC27,Umkhanyakude,2025,0170,Interest,5614565.0
DC27,Umkhanyakude,2025,0200,Suppliers and employees,-2121904689.0
DC27,Umkhanyakude,2025,0430,Cash/cash equivalents at the year end:,194111169.0
DC28,King Cetshwayo,2025,0130,Service charges,139242427.0
DC28,King Cetshwayo,2025,0140,Other revenue,3679751442.0
DC28,King Cetshwayo,2025,0150,Transfers and Subsidies - Operational,748715571.0
DC28,King Cetshwayo,2025,0160,Transfers and Subsidies - Capital,463231469.0
DC28,King Cetshwayo,2025,0170,Interest,15973525.0
DC28,King Cetshwayo,2025,0200,Suppliers and employees,-1607504458.0
DC28,King Cetshwayo,2025,0260,Proceeds on disposal of PPE,12139496.0
DC28,King Cetshwayo,2025,0280,Decrease (increase) in non-current receivables,2712671.0
DC28,King Cetshwayo,2025,0310,Capital assets,-452400118.0
DC28,King Cetshwayo,2025,0420,Cash/cash equivalents at the year begin:,136160780.0
DC28,King Cetshwayo,2025,0430,Cash/cash equivalents at the year end:,3138022805.0
DC29,iLembe,2025,0130,Service charges,303682328.0
DC29,iLembe,2025,0140,Other revenue,205790571.0
DC29,iLembe,2025,0150,Transfers and Subsidies - Operational,864496617.0
DC29,iLembe,2025,0160,Transfers and Subsidies - Capital,301272000.0
DC29,iLembe,2025,0170,Interest,41302529.0
DC29,iLembe,2025,0180,Dividends,45000000.0
DC29,iLembe,2025,0200,Suppliers and employees,-1514796163.0
DC29,iLembe,2025,0210,Finance charges,-1241978.0
DC29,iLembe,2025,0220,Transfers and Subsidies,-328725.0
DC29,iLembe,2025,0280,Decrease (increase) in non-current receivables,-560982.0
DC29,iLembe,2025,0310,Capital assets,-428891202.0
DC29,iLembe,2025,0390,Repayment of borrowing,-12915177.0
DC29,iLembe,2025,0420,Cash/cash equivalents at the year begin:,391555724.0
DC29,iLembe,2025,0430,Cash/cash equivalents at the year end:,194365542.0
DC3,Overberg,2025,0150,Transfers and Subsidies - Operational,697781907.0
DC3,Overberg,2025,0200,Suppliers and employees,-117172017.0
DC3,Overberg,2025,0280,Decrease (increase) in non-current receivables,-2405000.0
DC3,Overberg,2025,0310,Capital assets,-10971177.0
DC3,Overberg,2025,0420,Cash/cash equivalents at the year begin:,77584845.0
DC3,Overberg,2025,0430,Cash/cash equivalents at the year end:,644818558.0
DC30,Gert Sibande,2025,0130,Service charges,1833068.0
DC30,Gert Sibande,2025,0140,Other revenue,40963190.0
DC30,Gert Sibande,2025,0150,Transfers and Subsidies - Operational,715935103.0
DC30,Gert Sibande,2025,0160,Transfers and Subsidies - Capital,11513394.0
DC30,Gert Sibande,2025,0170,Interest,6739044.0
DC30,Gert Sibande,2025,0200,Suppliers and employees,-101977145.0
DC30,Gert Sibande,2025,0420,Cash/cash equivalents at the year begin:,167882129.0
DC30,Gert Sibande,2025,0430,Cash/cash equivalents at the year end:,842888783.0
DC31,Nkangala,2025,0140,Other revenue,3119788.0
DC31,Nkangala,2025,0150,Transfers and Subsidies - Operational,417852157.0
DC31,Nkangala,2025,0170,Interest,2623069.0
DC31,Nkangala,2025,0200,Suppliers and employees,-131325454.0
DC31,Nkangala,2025,0290,Decrease (increase) in non-current investments,-4440005.0
DC31,Nkangala,2025,0310,Capital assets,-55335680.0
DC31,Nkangala,2025,0420,Cash/cash equivalents at the year begin:,192716242.0
DC31,Nkangala,2025,0430,Cash/cash equivalents at the year end:,425210117.0
DC32,Ehlanzeni,2025,0140,Other revenue,381462618.0
DC32,Ehlanzeni,2025,0150,Transfers and Subsidies - Operational,1067354823.0
DC32,Ehlanzeni,2025,0160,Transfers and Subsidies - Capital,59284355.0
DC32,Ehlanzeni,2025,0170,Interest,4932540.0
DC32,Ehlanzeni,2025,0180,Dividends,204024.0
DC32,Ehlanzeni,2025,0200,Suppliers and employees,-872073432.0
DC32,Ehlanzeni,2025,0260,Proceeds on disposal of PPE,28817.0
DC32,Ehlanzeni,2025,0280,Decrease (increase) in non-current receivables,1543193.0
DC32,Ehlanzeni,2025,0290,Decrease (increase) in non-current investments,-443929.0
DC32,Ehlanzeni,2025,0310,Capital assets,-11250603.0
DC32,Ehlanzeni,2025,0390,Repayment of borrowing,-25189294.0
DC32,Ehlanzeni,2025,0420,Cash/cash equivalents at the year begin:,10675343.0
DC32,Ehlanzeni,2025,0430,Cash/cash equivalents at the year end:,616528455.0
DC33,Mopani,2025,0130,Service charges,19210731.0
DC33,Mopani,2025,0140,Other revenue,10038274.0
DC33,Mopani,2025,0150,Transfers and Subsidies - Operational,1253083592.0
DC33,Mopani,2025,0160,Transfers and Subsidies - Capital,522676756.0
DC33,Mopani,2025,0170,Interest,29311250.0
DC33,Mopani,2025,0200,Suppliers and employees,-1517072580.0
DC33,Mopani,2025,0310,Capital assets,-760472130.0
DC33,Mopani,2025,0420,Cash/cash equivalents at the year begin:,180738876.0
DC33,Mopani,2025,0430,Cash/cash equivalents at the year end:,-262485231.0
DC34,Vhembe,2025,0130,Service charges,69039628.0
DC34,Vhembe,2025,0140,Other revenue,96807129.0
DC34,Vhembe,2025,0150,Transfers and Subsidies - Operational,2038435608.0
DC34,Vhembe,2025,0160,Transfers and Subsidies - Capital,112904916.0
DC34,Vhembe,2025,0170,Interest,39466837.0
DC34,Vhembe,2025,0200,Suppliers and employees,-772223158.0
DC34,Vhembe,2025,0310,Capital assets,-756460863.0
DC34,Vhembe,2025,0420,Cash/cash equivalents at the year begin:,513349816.0
DC34,Vhembe,2025,0430,Cash/cash equivalents at the year end:,1341319913.0
DC35,Capricorn,2025,0130,Service charges,20327028.0
DC35,Capricorn,2025,0140,Other revenue,139429287.0
DC35,Capricorn,2025,0150,Transfers and Subsidies - Operational,818074824.0
DC35,Capricorn,2025,0160,Transfers and Subsidies - Capital,442362701.0
DC35,Capricorn,2025,0170,Interest,72254881.0
DC35,Capricorn,2025,0200,Suppliers and employees,-936597033.0
DC35,Capricorn,2025,0310,Capital assets,-469805797.0
DC35,Capricorn,2025,0420,Cash/cash equivalents at the year begin:,580733232.0
DC35,Capricorn,2025,0430,Cash/cash equivalents at the year end:,666779123.0
DC36,Waterberg,2025,0140,Other revenue,3918135.0
DC36,Waterberg,2025,0150,Transfers and Subsidies - Operational,159852809.0
DC36,Waterberg,2025,0170,Interest,1800774.0
DC36,Waterberg,2025,0200,Suppliers and employees,-172853066.0
DC36,Waterberg,2025,0310,Capital assets,-500.0
DC36,Waterberg,2025,0420,Cash/cash equivalents at the year begin:,5390048.0
DC36,Waterberg,2025,0430,Cash/cash equivalents at the year end:,-1891800.0
DC38,Ngaka Modiri Molema,2025,0140,Other revenue,-45209.0
DC38,Ngaka Modiri Molema,2025,0150,Transfers and Subsidies - Operational,1935891518.0
DC38,Ngaka Modiri Molema,2025,0170,Interest,-3447943.0
DC38,Ngaka Modiri Molema,2025,0200,Suppliers and employees,-67613567.0
DC38,Ngaka Modiri Molema,2025,0290,Decrease (increase) in non-current investments,-410832.0
DC38,Ngaka Modiri Molema,2025,0420,Cash/cash equivalents at the year begin:,364083995.0
DC38,Ngaka Modiri Molema,2025,0430,Cash/cash equivalents at the year end:,2228457962.0
DC39,Dr Ruth Segomotsi Mompati,2025,0140,Other revenue,-2161.0
DC39,Dr Ruth Segomotsi Mompati,2025,0150,Transfers and Subsidies - Operational,965000.0
DC39,Dr Ruth Segomotsi Mompati,2025,0160,Transfers and Subsidies - Capital,96562239.0
DC39,Dr Ruth Segomotsi Mompati,2025,0170,Interest,2295089.0
DC39,Dr Ruth Segomotsi Mompati,2025,0200,Suppliers and employees,-5760732.0
DC39,Dr Ruth Segomotsi Mompati,2025,0420,Cash/cash equivalents at the year begin:,194310701.0
DC39,Dr Ruth Segomotsi Mompati,2025,0430,Cash/cash equivalents at the year end:,288370136.0
DC4,Garden Route,2025,0140,Other revenue,122283372.0
DC4,Garden Route,2025,0150,Transfers and Subsidies - Operational,213186210.0
DC4,Garden Route,2025,0160,Transfers and Subsidies - Capital,5978686.0
DC4,Garden Route,2025,0200,Suppliers and employees,-305876181.0
DC4,Garden Route,2025,0280,Decrease (increase) in non-current receivables,60564400.0
DC4,Garden Route,2025,0310,Capital assets,-43396983.0
DC4,Garden Route,2025,0360,Borrowing long term/refinancing,63000000.0
DC4,Garden Route,2025,0420,Cash/cash equivalents at the year begin:,156815576.0
DC4,Garden Route,2025,0430,Cash/cash equivalents at the year end:,272555080.0
DC40,Dr Kenneth Kaunda,2025,0420,Cash/cash equivalents at the year begin:,31137877.0
DC40,Dr Kenneth Kaunda,2025,0430,Cash/cash equivalents at the year end:,31137877.0
DC42,Sedibeng,2025,0140,Other revenue,420868403.0
DC42,Sedibeng,2025,0150,Transfers and Subsidies - Operational,323618600.0
DC42,Sedibeng,2025,0160,Transfers and Subsidies - Capital,5000000.0
DC42,Sedibeng,2025,0170,Interest,6080187.0
DC42,Sedibeng,2025,0200,Suppliers and employees,-723777097.0
DC42,Sedibeng,2025,0260,Proceeds on disposal of PPE,447003.0
DC42,Sedibeng,2025,0310,Capital assets,-2299056.0
DC42,Sedibeng,2025,0420,Cash/cash equivalents at the year begin:,29230765.0
DC42,Sedibeng,2025,0430,Cash/cash equivalents at the year end:,59168805.0
DC43,Harry Gwala,2025,0130,Service charges,69695966.0
DC43,Harry Gwala,2025,0140,Other revenue,1507396085.0
DC43,Harry Gwala,2025,0150,Transfers and Subsidies - Operational,499995000.0
DC43,Harry Gwala,2025,0160,Transfers and Subsidies - Capital,341906325.0
DC43,Harry Gwala,2025,0170,Interest,28011859.0
DC43,Harry Gwala,2025,0200,Suppliers and employees,-955865185.0
DC43,Harry Gwala,2025,0310,Capital assets,-349074819.0
DC43,Harry Gwala,2025,0420,Cash/cash equivalents at the year begin:,209430270.0
DC43,Harry Gwala,2025,0430,Cash/cash equivalents at the year end:,1351495501.0
DC44,Alfred Nzo,2025,0130,Service charges,29281740.0
DC44,Alfred Nzo,2025,0140,Other revenue,113982382.0
DC44,Alfred Nzo,2025,0150,Transfers and Subsidies - Operational,792003149.0
DC44,Alfred Nzo,2025,0160,Transfers and Subsidies - Capital,508730270.0
DC44,Alfred Nzo,2025,0170,Interest,114818138.0
DC44,Alfred Nzo,2025,0200,Suppliers and employees,-413649348.0
DC44,Alfred Nzo,2025,0280,Decrease (increase) in non-current receivables,-198100.0
DC44,Alfred Nzo,2025,0290,Decrease (increase) in non-current investments,-505135616.0
DC44,Alfred Nzo,2025,0310,Capital assets,-619836945.0
DC44,Alfred Nzo,2025,0420,Cash/cash equivalents at the year begin:,1376547975.0
DC44,Alfred Nzo,2025,0430,Cash/cash equivalents at the year end:,1396543645.0
DC45,John Taolo Gaetsewe,2025,0140,Other revenue,695714.0
DC45,John Taolo Gaetsewe,2025,0150,Transfers and Subsidies - Operational,129572124.0
DC45,John Taolo Gaetsewe,2025,0170,Interest,1586992.0
DC45,John Taolo Gaetsewe,2025,0200,Suppliers and employees,-6820.0
DC45,John Taolo Gaetsewe,2025,0420,Cash/cash equivalents at the year begin:,697032.0
DC45,John Taolo Gaetsewe,2025,0430,Cash/cash equivalents at the year end:,132545042.0
DC47,Sekhukhune,2025,0130,Service charges,61080077.0
DC47,Sekhukhune,2025,0140,Other revenue,491610168.0
DC47,Sekhukhune,2025,0150,Transfers and Subsidies - Operational,1152420000.0
DC47,Sekhukhune,2025,0160,Transfers and Subsidies - Capital,423228000.0
DC47,Sekhukhune,2025,0170,Interest,53676320.0
DC47,Sekhukhune,2025,0200,Suppliers and employees,-1687859989.0
DC47,Sekhukhune,2025,0260,Proceeds on disposal of PPE,131487.0
DC47,Sekhukhune,2025,0310,Capital assets,-704492308.0
DC47,Sekhukhune,2025,0420,Cash/cash equivalents at the year begin:,552766148.0
DC47,Sekhukhune,2025,0430,Cash/cash equivalents at the year end:,342559903.0
DC48,West Rand,2025,0140,Other revenue,11211479.0
DC48,West Rand,2025,0150,Transfers and Subsidies - Operational,480892567.0
DC48,West Rand,2025,0160,Transfers and Subsidies - Capital,190066055.0
DC48,West Rand,2025,0170,Interest,2490363.0
DC48,West Rand,2025,0200,Suppliers and employees,-316128365.0
DC48,West Rand,2025,0220,Transfers and Subsidies,5500.0
DC48,West Rand,2025,0310,Capital assets,-2808969.0
DC48,West Rand,2025,0420,Cash/cash equivalents at the year begin:,9615161.0
DC48,West Rand,2025,0430,Cash/cash equivalents at the year end:,375343791.0
DC5,Central Karoo,2025,0140,Other revenue,144715722.0
DC5,Central Karoo,2025,0200,Suppliers and employees,-64129249.0
DC5,Central Karoo,2025,0420,Cash/cash equivalents at the year begin:,12686824.0
DC5,Central Karoo,2025,0430,Cash/cash equivalents at the year end:,93273297.0
DC6,Namakwa,2025,0140,Other revenue,106139591.0
DC6,Namakwa,2025,0150,Transfers and Subsidies - Operational,74785758.0
DC6,Namakwa,2025,0160,Transfers and Subsidies - Capital,56580.0
DC6,Namakwa,2025,0170,Interest,1654479.0
DC6,Namakwa,2025,0200,Suppliers and employees,-125881630.0
DC6,Namakwa,2025,0310,Capital assets,-871306.0
DC6,Namakwa,2025,0360,Borrowing long term/refinancing,46982.0
DC6,Namakwa,2025,0420,Cash/cash equivalents at the year begin:,14330521.0
DC6,Namakwa,2025,0430,Cash/cash equivalents at the year end:,70260975.0
DC7,Pixley Ka Seme (NC),2025,0140,Other revenue,7054925.0
DC7,Pixley Ka Seme (NC),2025,0150,Transfers and Subsidies - Operational,69454369.0
DC7,Pixley Ka Seme (NC),2025,0170,Interest,1249290.0
DC7,Pixley Ka Seme (NC),2025,0200,Suppliers and employees,-18240344.0
DC7,Pixley Ka Seme (NC),2025,0280,Decrease (increase) in non-current receivables,1392000.0
DC7,Pixley Ka Seme (NC),2025,0310,Capital assets,-653178.0
DC7,Pixley Ka Seme (NC),2025,0420,Cash/cash equivalents at the year begin:,639716.0
DC7,Pixley Ka Seme (NC),2025,0430,Cash/cash equivalents at the year end:,60896778.0
DC8,Z F Mgcawu,2025,0140,Other revenue,130827.0
DC8,Z F Mgcawu,2025,0150,Transfers and Subsidies - Operational,88974950.0
DC8,Z F Mgcawu,2025,0170,Interest,205321.0
DC8,Z F Mgcawu,2025,0200,Suppliers and employees,-2757291.0
DC8,Z F Mgcawu,2025,0280,Decrease (increase) in non-current receivables,5642.0
DC8,Z F Mgcawu,2025,0290,Decrease (increase) in non-current investments,-714321.0
DC8,Z F Mgcawu,2025,0310,Capital assets,-617679.0
DC8,Z F Mgcawu,2025,0390,Repayment of borrowing,-7791.0
DC8,Z F Mgcawu,2025,0420,Cash/cash equivalents at the year begin:,451825.0
DC8,Z F Mgcawu,2025,0430,Cash/cash equivalents at the year end:,85671483.0
DC9,Frances Baard,2025,0140,Other revenue,1190726.0
DC9,Frances Baard,2025,0150,Transfers and Subsidies - Operational,51635292.0
DC9,Frances Baard,2025,0170,Interest,6079555.0
DC9,Frances Baard,2025,0200,Suppliers and employees,-58417477.0
DC9,Frances Baard,2025,0280,Decrease (increase) in non-current receivables,-578000.0
DC9,Frances Baard,2025,0420,Cash/cash equivalents at the year begin:,123499323.0
DC9,Frances Baard,2025,0430,Cash/cash equivalents at the year end:,123409419.0
EC101,Dr Beyers Naude,2025,0120,Property rates,43709107.0
EC101,Dr Beyers Naude,2025,0130,Service charges,64276267.0
EC101,Dr Beyers Naude,2025,0140,Other revenue,24476963.0
EC101,Dr Beyers Naude,2025,0150,Transfers and Subsidies - Operational,302846236.0
EC101,Dr Beyers Naude,2025,0160,Transfers and Subsidies - Capital,79368832.0
EC101,Dr Beyers Naude,2025,0170,Interest,113012.0
EC101,Dr Beyers Naude,2025,0200,Suppliers and employees,-309165095.0
EC101,Dr Beyers Naude,2025,0310,Capital assets,7286529.0
EC101,Dr Beyers Naude,2025,0370,Increase (decrease) in consumer deposits,1582419.0
EC101,Dr Beyers Naude,2025,0420,Cash/cash equivalents at the year begin:,1078988.0
EC101,Dr Beyers Naude,2025,0430,Cash/cash equivalents at the year end:,215573258.0
EC102,Blue Crane Route,2025,0120,Property rates,5540853.0
EC102,Blue Crane Route,2025,0130,Service charges,143886587.0
EC102,Blue Crane Route,2025,0140,Other revenue,18041269.0
EC102,Blue Crane Route,2025,0150,Transfers and Subsidies - Operational,60281457.0
EC102,Blue Crane Route,2025,0160,Transfers and Subsidies - Capital,41489000.0
EC102,Blue Crane Route,2025,0200,Suppliers and employees,-115132649.0
EC102,Blue Crane Route,2025,0310,Capital assets,-46904404.0
EC102,Blue Crane Route,2025,0420,Cash/cash equivalents at the year begin:,40136360.0
EC102,Blue Crane Route,2025,0430,Cash/cash equivalents at the year end:,147338473.0
EC105,Ndlambe,2025,0120,Property rates,163613533.0
EC105,Ndlambe,2025,0130,Service charges,197288635.0
EC105,Ndlambe,2025,0140,Other revenue,78354781.0
EC105,Ndlambe,2025,0150,Transfers and Subsidies - Operational,172573161.0
EC105,Ndlambe,2025,0160,Transfers and Subsidies - Capital,126348063.0
EC105,Ndlambe,2025,0170,Interest,11200674.0
EC105,Ndlambe,2025,0200,Suppliers and employees,-648468849.0
EC105,Ndlambe,2025,0210,Finance charges,-147419.0
EC105,Ndlambe,2025,0260,Proceeds on disposal of PPE,2350224.0
EC105,Ndlambe,2025,0290,Decrease (increase) in non-current investments,2095.0
EC105,Ndlambe,2025,0310,Capital assets,-175743655.0
EC105,Ndlambe,2025,0370,Increase (decrease) in consumer deposits,57391.0
EC105,Ndlambe,2025,0390,Repayment of borrowing,-973082.0
EC105,Ndlambe,2025,0420,Cash/cash equivalents at the year begin:,139522999.0
EC105,Ndlambe,2025,0430,Cash/cash equivalents at the year end:,65978551.0
EC106,Sundays River Valley,2025,0120,Property rates,15049183.0
EC106,Sundays River Valley,2025,0130,Service charges,-12756844.0
EC106,Sundays River Valley,2025,0140,Other revenue,8087016.0
EC106,Sundays River Valley,2025,0150,Transfers and Subsidies - Operational,117240791.0
EC106,Sundays River Valley,2025,0160,Transfers and Subsidies - Capital,24766287.0
EC106,Sundays River Valley,2025,0170,Interest,1709535.0
EC106,Sundays River Valley,2025,0200,Suppliers and employees,-267303023.0
EC106,Sundays River Valley,2025,0310,Capital assets,-13748636.0
EC106,Sundays River Valley,2025,0420,Cash/cash equivalents at the year begin:,7100643.0
EC106,Sundays River Valley,2025,0430,Cash/cash equivalents at the year end:,-119855048.0
EC108,Kouga,2025,0120,Property rates,263762822.0
EC108,Kouga,2025,0130,Service charges,719037683.0
EC108,Kouga,2025,0140,Other revenue,52115757.0
EC108,Kouga,2025,0150,Transfers and Subsidies - Operational,201325202.0
EC108,Kouga,2025,0160,Transfers and Subsidies - Capital,57408703.0
EC108,Kouga,2025,0200,Suppliers and employees,-298687794.0
EC108,Kouga,2025,0310,Capital assets,-130825421.0
EC108,Kouga,2025,0360,Borrowing long term/refinancing,120000001.0
EC108,Kouga,2025,0390,Repayment of borrowing,-23417684.0
EC108,Kouga,2025,0420,Cash/cash equivalents at the year begin:,143658807.0
EC108,Kouga,2025,0430,Cash/cash equivalents at the year end:,1104378076.0
EC109,Kou-Kamma,2025,0120,Property rates,23756473.0
EC109,Kou-Kamma,2025,0130,Service charges,12309551.0
EC109,Kou-Kamma,2025,0140,Other revenue,2476418.0
EC109,Kou-Kamma,2025,0150,Transfers and Subsidies - Operational,86342171.0
EC109,Kou-Kamma,2025,0160,Transfers and Subsidies - Capital,57943144.0
EC109,Kou-Kamma,2025,0170,Interest,170833.0
EC109,Kou-Kamma,2025,0200,Suppliers and employees,-102985739.0
EC109,Kou-Kamma,2025,0420,Cash/cash equivalents at the year begin:,-69499919.0
EC109,Kou-Kamma,2025,0430,Cash/cash equivalents at the year end:,10512932.0
EC121,Mbhashe,2025,0120,Property rates,244084.0
EC121,Mbhashe,2025,0130,Service charges,12149.0
EC121,Mbhashe,2025,0140,Other revenue,67325.0
EC121,Mbhashe,2025,0150,Transfers and Subsidies - Operational,19565655.0
EC121,Mbhashe,2025,0160,Transfers and Subsidies - Capital,24282556.0
EC121,Mbhashe,2025,0170,Interest,5894319.0
EC121,Mbhashe,2025,0310,Capital assets,55179.0
EC121,Mbhashe,2025,0420,Cash/cash equivalents at the year begin:,21439471.0
EC121,Mbhashe,2025,0430,Cash/cash equivalents at the year end:,71560738.0
EC122,Mnquma,2025,0200,Suppliers and employees,-319595483.0
EC122,Mnquma,2025,0280,Decrease (increase) in non-current receivables,1222797.0
EC122,Mnquma,2025,0420,Cash/cash equivalents at the year begin:,187116517.0
EC122,Mnquma,2025,0430,Cash/cash equivalents at the year end:,-131256169.0
EC123,Great Kei,2025,0200,Suppliers and employees,-94585184.0
EC123,Great Kei,2025,0420,Cash/cash equivalents at the year begin:,70647784.0
EC123,Great Kei,2025,0430,Cash/cash equivalents at the year end:,-23937400.0
EC124,Amahlathi,2025,0120,Property rates,1627401.0
EC124,Amahlathi,2025,0130,Service charges,6234943.0
EC124,Amahlathi,2025,0140,Other revenue,4429632.0
EC124,Amahlathi,2025,0150,Transfers and Subsidies - Operational,224999721.0
EC124,Amahlathi,2025,0160,Transfers and Subsidies - Capital,6956346.0
EC124,Amahlathi,2025,0170,Interest,3330851.0
EC124,Amahlathi,2025,0200,Suppliers and employees,-10704000.0
EC124,Amahlathi,2025,0310,Capital assets,-370262.0
EC124,Amahlathi,2025,0420,Cash/cash equivalents at the year begin:,1558575.0
EC124,Amahlathi,2025,0430,Cash/cash equivalents at the year end:,238063207.0
EC126,Ngqushwa,2025,0120,Property rates,675640.0
EC126,Ngqushwa,2025,0130,Service charges,114450.0
EC126,Ngqushwa,2025,0140,Other revenue,5132388.0
EC126,Ngqushwa,2025,0160,Transfers and Subsidies - Capital,900000.0
EC126,Ngqushwa,2025,0170,Interest,435610.0
EC126,Ngqushwa,2025,0200,Suppliers and employees,-1034409869.0
EC126,Ngqushwa,2025,0430,Cash/cash equivalents at the year end:,-1027151781.0
EC129,Raymond Mhlaba,2025,0120,Property rates,6289.0
EC129,Raymond Mhlaba,2025,0130,Service charges,3399.0
EC129,Raymond Mhlaba,2025,0140,Other revenue,5044996.0
EC129,Raymond Mhlaba,2025,0150,Transfers and Subsidies - Operational,126489087.0
EC129,Raymond Mhlaba,2025,0160,Transfers and Subsidies - Capital,77086543.0
EC129,Raymond Mhlaba,2025,0170,Interest,113461306.0
EC129,Raymond Mhlaba,2025,0200,Suppliers and employees,-1150632113.0
EC129,Raymond Mhlaba,2025,0420,Cash/cash equivalents at the year begin:,-3664171.0
EC129,Raymond Mhlaba,2025,0430,Cash/cash equivalents at the year end:,-832204664.0
EC131,Inxuba Yethemba,2025,0120,Property rates,34340168.0
EC131,Inxuba Yethemba,2025,0130,Service charges,109776850.0
EC131,Inxuba Yethemba,2025,0140,Other revenue,32255304.0
EC131,Inxuba Yethemba,2025,0150,Transfers and Subsidies - Operational,72731436.0
EC131,Inxuba Yethemba,2025,0160,Transfers and Subsidies - Capital,115886826.0
EC131,Inxuba Yethemba,2025,0200,Suppliers and employees,-318524726.0
EC131,Inxuba Yethemba,2025,0260,Proceeds on disposal of PPE,50268.0
EC131,Inxuba Yethemba,2025,0310,Capital assets,-20993528.0
EC131,Inxuba Yethemba,2025,0420,Cash/cash equivalents at the year begin:,5182992.0
EC131,Inxuba Yethemba,2025,0430,Cash/cash equivalents at the year end:,30705590.0
EC135,Vuyisile Mini,2025,0120,Property rates,293218.0
EC135,Vuyisile Mini,2025,0130,Service charges,63261.0
EC135,Vuyisile Mini,2025,0140,Other revenue,-7375537.0
EC135,Vuyisile Mini,2025,0150,Transfers and Subsidies - Operational,3068295.0
EC135,Vuyisile Mini,2025,0160,Transfers and Subsidies - Capital,58485306.0
EC135,Vuyisile Mini,2025,0200,Suppliers and employees,10726708.0
EC135,Vuyisile Mini,2025,0310,Capital assets,5823.0
EC135,Vuyisile Mini,2025,0420,Cash/cash equivalents at the year begin:,22570877.0
EC135,Vuyisile Mini,2025,0430,Cash/cash equivalents at the year end:,87837951.0
EC136,Emalahleni (EC),2025,0200,Suppliers and employees,-203430137.0
EC136,Emalahleni (EC),2025,0210,Finance charges,-384654.0
EC136,Emalahleni (EC),2025,0420,Cash/cash equivalents at the year begin:,133870886.0
EC136,Emalahleni (EC),2025,0430,Cash/cash equivalents at the year end:,-69943905.0
EC137,Dr. A.B. Xuma,2025,0120,Property rates,3428198.0
EC137,Dr. A.B. Xuma,2025,0130,Service charges,919747.0
EC137,Dr. A.B. Xuma,2025,0140,Other revenue,32437402.0
EC137,Dr. A.B. Xuma,2025,0150,Transfers and Subsidies - Operational,454564614.0
EC137,Dr. A.B. Xuma,2025,0160,Transfers and Subsidies - Capital,100856300.0
EC137,Dr. A.B. Xuma,2025,0170,Interest,132791.0
EC137,Dr. A.B. Xuma,2025,0200,Suppliers and employees,-207660259.0
EC137,Dr. A.B. Xuma,2025,0260,Proceeds on disposal of PPE,527530.0
EC137,Dr. A.B. Xuma,2025,0310,Capital assets,-123833046.0
EC137,Dr. A.B. Xuma,2025,0420,Cash/cash equivalents at the year begin:,13605185.0
EC137,Dr. A.B. Xuma,2025,0430,Cash/cash equivalents at the year end:,274978462.0
EC138,Sakhisizwe,2025,0140,Other revenue,11069433.0
EC138,Sakhisizwe,2025,0200,Suppliers and employees,-96121619.0
EC138,Sakhisizwe,2025,0420,Cash/cash equivalents at the year begin:,51918051.0
EC138,Sakhisizwe,2025,0430,Cash/cash equivalents at the year end:,-33134135.0
EC139,Enoch Mgijima,2025,0120,Property rates,85021722.0
EC139,Enoch Mgijima,2025,0130,Service charges,337980368.0
EC139,Enoch Mgijima,2025,0140,Other revenue,1103939765.0
EC139,Enoch Mgijima,2025,0150,Transfers and Subsidies - Operational,287072000.0
EC139,Enoch Mgijima,2025,0160,Transfers and Subsidies - Capital,87451000.0
EC139,Enoch Mgijima,2025,0170,Interest,8738714.0
EC139,Enoch Mgijima,2025,0200,Suppliers and employees,-1208098127.0
EC139,Enoch Mgijima,2025,0260,Proceeds on disposal of PPE,2437175.0
EC139,Enoch Mgijima,2025,0310,Capital assets,-67866338.0
EC139,Enoch Mgijima,2025,0420,Cash/cash equivalents at the year begin:,72755916.0
EC139,Enoch Mgijima,2025,0430,Cash/cash equivalents at the year end:,709432195.0
EC141,Elundini,2025,0120,Property rates,18453283.0
EC141,Elundini,2025,0130,Service charges,25948287.0
EC141,Elundini,2025,0140,Other revenue,24995388.0
EC141,Elundini,2025,0150,Transfers and Subsidies - Operational,222777942.0
EC141,Elundini,2025,0160,Transfers and Subsidies - Capital,41172000.0
EC141,Elundini,2025,0170,Interest,651211.0
EC141,Elundini,2025,0200,Suppliers and employees,-150924753.0
EC141,Elundini,2025,0310,Capital assets,-73475905.0
EC141,Elundini,2025,0390,Repayment of borrowing,-13473065.0
EC141,Elundini,2025,0420,Cash/cash equivalents at the year begin:,49725516.0
EC141,Elundini,2025,0430,Cash/cash equivalents at the year end:,145849904.0
EC142,Senqu,2025,0150,Transfers and Subsidies - Operational,558841553.0
EC142,Senqu,2025,0200,Suppliers and employees,-264485285.0
EC142,Senqu,2025,0420,Cash/cash equivalents at the year begin:,506726350.0
EC142,Senqu,2025,0430,Cash/cash equivalents at the year end:,801082618.0
EC145,Walter Sisulu,2025,0120,Property rates,4864608.0
EC145,Walter Sisulu,2025,0130,Service charges,6489582.0
EC145,Walter Sisulu,2025,0140,Other revenue,-980218.0
EC145,Walter Sisulu,2025,0150,Transfers and Subsidies - Operational,91459.0
EC145,Walter Sisulu,2025,0170,Interest,934216.0
EC145,Walter Sisulu,2025,0200,Suppliers and employees,-243225874.0
EC145,Walter Sisulu,2025,0420,Cash/cash equivalents at the year begin:,2804473.0
EC145,Walter Sisulu,2025,0430,Cash/cash equivalents at the year end:,-229021754.0
EC153,Ngquza Hills,2025,0120,Property rates,31303727.0
EC153,Ngquza Hills,2025,0130,Service charges,1230112.0
EC153,Ngquza Hills,2025,0140,Other revenue,6815893.0
EC153,Ngquza Hills,2025,0150,Transfers and Subsidies - Operational,356950804.0
EC153,Ngquza Hills,2025,0160,Transfers and Subsidies - Capital,62145000.0
EC153,Ngquza Hills,2025,0170,Interest,340279.0
EC153,Ngquza Hills,2025,0200,Suppliers and employees,-183055466.0
EC153,Ngquza Hills,2025,0310,Capital assets,-127861825.0
EC153,Ngquza Hills,2025,0420,Cash/cash equivalents at the year begin:,267821870.0
EC153,Ngquza Hills,2025,0430,Cash/cash equivalents at the year end:,415690394.0
EC154,Port St Johns,2025,0120,Property rates,2620880.0
EC154,Port St Johns,2025,0130,Service charges,763103.0
EC154,Port St Johns,2025,0140,Other revenue,1071272.0
EC154,Port St Johns,2025,0150,Transfers and Subsidies - Operational,516578489.0
EC154,Port St Johns,2025,0160,Transfers and Subsidies - Capital,113703824.0
EC154,Port St Johns,2025,0170,Interest,7778013.0
EC154,Port St Johns,2025,0200,Suppliers and employees,-193720755.0
EC154,Port St Johns,2025,0260,Proceeds on disposal of PPE,1058650.0
EC154,Port St Johns,2025,0310,Capital assets,-82066067.0
EC154,Port St Johns,2025,0420,Cash/cash equivalents at the year begin:,172406901.0
EC154,Port St Johns,2025,0430,Cash/cash equivalents at the year end:,540194310.0
EC155,Nyandeni,2025,0120,Property rates,14131689.0
EC155,Nyandeni,2025,0130,Service charges,335931.0
EC155,Nyandeni,2025,0140,Other revenue,253294875.0
EC155,Nyandeni,2025,0150,Transfers and Subsidies - Operational,403372137.0
EC155,Nyandeni,2025,0160,Transfers and Subsidies - Capital,-64039896.0
EC155,Nyandeni,2025,0170,Interest,53139917.0
EC155,Nyandeni,2025,0200,Suppliers and employees,-243640560.0
EC155,Nyandeni,2025,0220,Transfers and Subsidies,-5391159.0
EC155,Nyandeni,2025,0310,Capital assets,-181577327.0
EC155,Nyandeni,2025,0420,Cash/cash equivalents at the year begin:,440232435.0
EC155,Nyandeni,2025,0430,Cash/cash equivalents at the year end:,669858042.0
EC156,Kumkani Mhlontlo,2025,0120,Property rates,16898953.0
EC156,Kumkani Mhlontlo,2025,0130,Service charges,685730.0
EC156,Kumkani Mhlontlo,2025,0140,Other revenue,3673499.0
EC156,Kumkani Mhlontlo,2025,0150,Transfers and Subsidies - Operational,254568910.0
EC156,Kumkani Mhlontlo,2025,0160,Transfers and Subsidies - Capital,76669714.0
EC156,Kumkani Mhlontlo,2025,0170,Interest,8491614.0
EC156,Kumkani Mhlontlo,2025,0200,Suppliers and employees,-338171286.0
EC156,Kumkani Mhlontlo,2025,0310,Capital assets,-174250905.0
EC156,Kumkani Mhlontlo,2025,0420,Cash/cash equivalents at the year begin:,112231305.0
EC156,Kumkani Mhlontlo,2025,0430,Cash/cash equivalents at the year end:,-39202466.0
EC157,King Sabata Dalindyebo,2025,0120,Property rates,220821880.0
EC157,King Sabata Dalindyebo,2025,0130,Service charges,704726132.0
EC157,King Sabata Dalindyebo,2025,0140,Other revenue,1006698175.0
EC157,King Sabata Dalindyebo,2025,0150,Transfers and Subsidies - Operational,566746777.0
EC157,King Sabata Dalindyebo,2025,0160,Transfers and Subsidies - Capital,101734194.0
EC157,King Sabata Dalindyebo,2025,0170,Interest,4829969.0
EC157,King Sabata Dalindyebo,2025,0200,Suppliers and employees,-1528248741.0
EC157,King Sabata Dalindyebo,2025,0260,Proceeds on disposal of PPE,2359674.0
EC157,King Sabata Dalindyebo,2025,0310,Capital assets,-911400460.0
EC157,King Sabata Dalindyebo,2025,0390,Repayment of borrowing,-2082277.0
EC157,King Sabata Dalindyebo,2025,0420,Cash/cash equivalents at the year begin:,61229077.0
EC157,King Sabata Dalindyebo,2025,0430,Cash/cash equivalents at the year end:,227414400.0
EC441,Matatiele,2025,0120,Property rates,67797179.0
EC441,Matatiele,2025,0130,Service charges,96391513.0
EC441,Matatiele,2025,0140,Other revenue,22800487.0
EC441,Matatiele,2025,0150,Transfers and Subsidies - Operational,338711227.0
EC441,Matatiele,2025,0160,Transfers and Subsidies - Capital,179429170.0
EC441,Matatiele,2025,0170,Interest,24647315.0
EC441,Matatiele,2025,0200,Suppliers and employees,-291731534.0
EC441,Matatiele,2025,0310,Capital assets,-130245366.0
EC441,Matatiele,2025,0420,Cash/cash equivalents at the year begin:,258144619.0
EC441,Matatiele,2025,0430,Cash/cash equivalents at the year end:,565944610.0
EC442,Umzimvubu,2025,0120,Property rates,58908117.0
EC442,Umzimvubu,2025,0130,Service charges,684428.0
EC442,Umzimvubu,2025,0140,Other revenue,26534989.0
EC442,Umzimvubu,2025,0150,Transfers and Subsidies - Operational,339237702.0
EC442,Umzimvubu,2025,0160,Transfers and Subsidies - Capital,103022902.0
EC442,Umzimvubu,2025,0170,Interest,8536931.0
EC442,Umzimvubu,2025,0200,Suppliers and employees,-201080827.0
EC442,Umzimvubu,2025,0310,Capital assets,-151250048.0
EC442,Umzimvubu,2025,0420,Cash/cash equivalents at the year begin:,66212525.0
EC442,Umzimvubu,2025,0430,Cash/cash equivalents at the year end:,250806719.0
EC443,Winnie Madikizela-Mandela,2025,0120,Property rates,19713903.0
EC443,Winnie Madikizela-Mandela,2025,0130,Service charges,66860463.0
EC443,Winnie Madikizela-Mandela,2025,0140,Other revenue,36384789.0
EC443,Winnie Madikizela-Mandela,2025,0150,Transfers and Subsidies - Operational,368573013.0
EC443,Winnie Madikizela-Mandela,2025,0160,Transfers and Subsidies - Capital,81680900.0
EC443,Winnie Madikizela-Mandela,2025,0170,Interest,40117999.0
EC443,Winnie Madikizela-Mandela,2025,0200,Suppliers and employees,-388430346.0
EC443,Winnie Madikizela-Mandela,2025,0280,Decrease (increase) in non-current receivables,-286363.0
EC443,Winnie Madikizela-Mandela,2025,0310,Capital assets,-117641214.0
EC443,Winnie Madikizela-Mandela,2025,0420,Cash/cash equivalents at the year begin:,460788278.0
EC443,Winnie Madikizela-Mandela,2025,0430,Cash/cash equivalents at the year end:,567761422.0
EC444,Ntabankulu,2025,0120,Property rates,101146.0
EC444,Ntabankulu,2025,0130,Service charges,37429.0
EC444,Ntabankulu,2025,0140,Other revenue,11835118.0
EC444,Ntabankulu,2025,0150,Transfers and Subsidies - Operational,-1275987.0
EC444,Ntabankulu,2025,0160,Transfers and Subsidies - Capital,-12800926.0
EC444,Ntabankulu,2025,0200,Suppliers and employees,-105615797.0
EC444,Ntabankulu,2025,0420,Cash/cash equivalents at the year begin:,25056655.0
EC444,Ntabankulu,2025,0430,Cash/cash equivalents at the year end:,-82662362.0
EKU,City of Ekurhuleni,2025,0120,Property rates,8013367973.0
EKU,City of Ekurhuleni,2025,0130,Service charges,31232725971.0
EKU,City of Ekurhuleni,2025,0140,Other revenue,2262917764.0
EKU,City of Ekurhuleni,2025,0150,Transfers and Subsidies - Operational,5888108157.0
EKU,City of Ekurhuleni,2025,0160,Transfers and Subsidies - Capital,2844088132.0
EKU,City of Ekurhuleni,2025,0170,Interest,-4920128557.0
EKU,City of Ekurhuleni,2025,0180,Dividends,69465.0
EKU,City of Ekurhuleni,2025,0200,Suppliers and employees,-59636601656.0
EKU,City of Ekurhuleni,2025,0280,Decrease (increase) in non-current receivables,-64670.0
EKU,City of Ekurhuleni,2025,0290,Decrease (increase) in non-current investments,-1657334.0
EKU,City of Ekurhuleni,2025,0310,Capital assets,-2773414106.0
EKU,City of Ekurhuleni,2025,0350,Short term loans,785628545.0
EKU,City of Ekurhuleni,2025,0360,Borrowing long term/refinancing,-1619098.0
EKU,City of Ekurhuleni,2025,0370,Increase (decrease) in consumer deposits,124290840.0
EKU,City of Ekurhuleni,2025,0390,Repayment of borrowing,-933971658.0
EKU,City of Ekurhuleni,2025,0420,Cash/cash equivalents at the year begin:,879043245.0
EKU,City of Ekurhuleni,2025,0430,Cash/cash equivalents at the year end:,-16237216987.0
ETH,eThekwini,2025,0120,Property rates,26813846933.0
ETH,eThekwini,2025,0130,Service charges,295848022.0
ETH,eThekwini,2025,0140,Other revenue,-53470472.0
ETH,eThekwini,2025,0200,Suppliers and employees,-616230064.0
ETH,eThekwini,2025,0280,Decrease (increase) in non-current receivables,-1560698088.0
ETH,eThekwini,2025,0430,Cash/cash equivalents at the year end:,24879296331.0
FS161,Letsemeng,2025,0150,Transfers and Subsidies - Operational,79379221.0
FS161,Letsemeng,2025,0170,Interest,4179.0
FS161,Letsemeng,2025,0200,Suppliers and employees,153210258.0
FS161,Letsemeng,2025,0420,Cash/cash equivalents at the year begin:,-300.0
FS161,Letsemeng,2025,0430,Cash/cash equivalents at the year end:,232593358.0
FS162,Kopanong,2025,0200,Suppliers and employees,9016594.0
FS162,Kopanong,2025,0210,Finance charges,75615796.0
FS162,Kopanong,2025,0420,Cash/cash equivalents at the year begin:,7576401.0
FS162,Kopanong,2025,0430,Cash/cash equivalents at the year end:,92208791.0
FS163,Mohokare,2025,0120,Property rates,5427598.0
FS163,Mohokare,2025,0130,Service charges,26694000.0
FS163,Mohokare,2025,0140,Other revenue,5988577.0
FS163,Mohokare,2025,0150,Transfers and Subsidies - Operational,86154516.0
FS163,Mohokare,2025,0160,Transfers and Subsidies - Capital,26399489.0
FS163,Mohokare,2025,0170,Interest,167451.0
FS163,Mohokare,2025,0200,Suppliers and employees,-39762345.0
FS163,Mohokare,2025,0220,Transfers and Subsidies,-15515.0
FS163,Mohokare,2025,0290,Decrease (increase) in non-current investments,-74830.0
FS163,Mohokare,2025,0310,Capital assets,-18142325.0
FS163,Mohokare,2025,0420,Cash/cash equivalents at the year begin:,2079067.0
FS163,Mohokare,2025,0430,Cash/cash equivalents at the year end:,94915683.0
FS181,Masilonyana,2025,0120,Property rates,-3722755.0
FS181,Masilonyana,2025,0130,Service charges,-1826322.0
FS181,Masilonyana,2025,0140,Other revenue,-13457.0
FS181,Masilonyana,2025,0150,Transfers and Subsidies - Operational,64385558.0
FS181,Masilonyana,2025,0160,Transfers and Subsidies - Capital,1368262.0
FS181,Masilonyana,2025,0170,Interest,-2369791.0
FS181,Masilonyana,2025,0200,Suppliers and employees,7464637.0
FS181,Masilonyana,2025,0420,Cash/cash equivalents at the year begin:,-2629000.0
FS181,Masilonyana,2025,0430,Cash/cash equivalents at the year end:,62657132.0
FS182,Tokologo,2025,0200,Suppliers and employees,-363797536.0
FS182,Tokologo,2025,0420,Cash/cash equivalents at the year begin:,781281.0
FS182,Tokologo,2025,0430,Cash/cash equivalents at the year end:,-363016255.0
FS183,Tswelopele,2025,0120,Property rates,27428935.0
FS183,Tswelopele,2025,0130,Service charges,74256637.0
FS183,Tswelopele,2025,0140,Other revenue,434887694.0
FS183,Tswelopele,2025,0150,Transfers and Subsidies - Operational,105211516.0
FS183,Tswelopele,2025,0160,Transfers and Subsidies - Capital,46905224.0
FS183,Tswelopele,2025,0170,Interest,214580.0
FS183,Tswelopele,2025,0200,Suppliers and employees,-113936243.0
FS183,Tswelopele,2025,0260,Proceeds on disposal of PPE,1004.0
FS183,Tswelopele,2025,0310,Capital assets,-55346290.0
FS183,Tswelopele,2025,0420,Cash/cash equivalents at the year begin:,17679531.0
FS183,Tswelopele,2025,0430,Cash/cash equivalents at the year end:,537302588.0
FS184,Matjhabeng,2025,0120,Property rates,256536314.0
FS184,Matjhabeng,2025,0130,Service charges,910243514.0
FS184,Matjhabeng,2025,0140,Other revenue,-552960934.0
FS184,Matjhabeng,2025,0150,Transfers and Subsidies - Operational,737537000.0
FS184,Matjhabeng,2025,0160,Transfers and Subsidies - Capital,190923174.0
FS184,Matjhabeng,2025,0170,Interest,17794973.0
FS184,Matjhabeng,2025,0180,Dividends,56602.0
FS184,Matjhabeng,2025,0200,Suppliers and employees,-3572045488.0
FS184,Matjhabeng,2025,0260,Proceeds on disposal of PPE,25409928.0
FS184,Matjhabeng,2025,0310,Capital assets,-157446310.0
FS184,Matjhabeng,2025,0420,Cash/cash equivalents at the year begin:,44740592.0
FS184,Matjhabeng,2025,0430,Cash/cash equivalents at the year end:,-2099210635.0
FS191,Setsoto,2025,0120,Property rates,59628179.0
FS191,Setsoto,2025,0130,Service charges,151896259.0
FS191,Setsoto,2025,0140,Other revenue,8787844.0
FS191,Setsoto,2025,0150,Transfers and Subsidies - Operational,270006977.0
FS191,Setsoto,2025,0160,Transfers and Subsidies - Capital,198076168.0
FS191,Setsoto,2025,0170,Interest,8588873.0
FS191,Setsoto,2025,0180,Dividends,1379767.0
FS191,Setsoto,2025,0200,Suppliers and employees,-275682886.0
FS191,Setsoto,2025,0210,Finance charges,-1179835.0
FS191,Setsoto,2025,0260,Proceeds on disposal of PPE,393093.0
FS191,Setsoto,2025,0290,Decrease (increase) in non-current investments,-473055.0
FS191,Setsoto,2025,0310,Capital assets,-210369670.0
FS191,Setsoto,2025,0390,Repayment of borrowing,4640.0
FS191,Setsoto,2025,0420,Cash/cash equivalents at the year begin:,57062528.0
FS191,Setsoto,2025,0430,Cash/cash equivalents at the year end:,268118882.0
FS192,Dihlabeng,2025,0120,Property rates,81734114.0
FS192,Dihlabeng,2025,0130,Service charges,199315065.0
FS192,Dihlabeng,2025,0140,Other revenue,35683541.0
FS192,Dihlabeng,2025,0150,Transfers and Subsidies - Operational,143551000.0
FS192,Dihlabeng,2025,0160,Transfers and Subsidies - Capital,154412975.0
FS192,Dihlabeng,2025,0170,Interest,6383165.0
FS192,Dihlabeng,2025,0200,Suppliers and employees,-288508897.0
FS192,Dihlabeng,2025,0260,Proceeds on disposal of PPE,-11895479.0
FS192,Dihlabeng,2025,0310,Capital assets,-154708607.0
FS192,Dihlabeng,2025,0360,Borrowing long term/refinancing,3108075.0
FS192,Dihlabeng,2025,0420,Cash/cash equivalents at the year begin:,58413562.0
FS192,Dihlabeng,2025,0430,Cash/cash equivalents at the year end:,227488514.0
FS193,Nketoana,2025,0120,Property rates,14271448.0
FS193,Nketoana,2025,0130,Service charges,153254155.0
FS193,Nketoana,2025,0140,Other revenue,7820768.0
FS193,Nketoana,2025,0150,Transfers and Subsidies - Operational,136680890.0
FS193,Nketoana,2025,0160,Transfers and Subsidies - Capital,105697654.0
FS193,Nketoana,2025,0170,Interest,6469587.0
FS193,Nketoana,2025,0200,Suppliers and employees,-252871560.0
FS193,Nketoana,2025,0310,Capital assets,-118258648.0
FS193,Nketoana,2025,0420,Cash/cash equivalents at the year begin:,8643151.0
FS193,Nketoana,2025,0430,Cash/cash equivalents at the year end:,61707445.0
FS195,Phumelela,2025,0120,Property rates,8343464.0
FS195,Phumelela,2025,0130,Service charges,15522239.0
FS195,Phumelela,2025,0140,Other revenue,6016202.0
FS195,Phumelela,2025,0150,Transfers and Subsidies - Operational,98966100.0
FS195,Phumelela,2025,0160,Transfers and Subsidies - Capital,37810130.0
FS195,Phumelela,2025,0170,Interest,42565.0
FS195,Phumelela,2025,0200,Suppliers and employees,-131242474.0
FS195,Phumelela,2025,0260,Proceeds on disposal of PPE,761300.0
FS195,Phumelela,2025,0290,Decrease (increase) in non-current investments,16600.0
FS195,Phumelela,2025,0310,Capital assets,-41145361.0
FS195,Phumelela,2025,0370,Increase (decrease) in consumer deposits,15837.0
FS195,Phumelela,2025,0420,Cash/cash equivalents at the year begin:,626262.0
FS195,Phumelela,2025,0430,Cash/cash equivalents at the year end:,-4267136.0
FS196,Mantsopa,2025,0120,Property rates,18670749.0
FS196,Mantsopa,2025,0130,Service charges,57532482.0
FS196,Mantsopa,2025,0140,Other revenue,14236291.0
FS196,Mantsopa,2025,0150,Transfers and Subsidies - Operational,139267090.0
FS196,Mantsopa,2025,0160,Transfers and Subsidies - Capital,50083000.0
FS196,Mantsopa,2025,0170,Interest,434697.0
FS196,Mantsopa,2025,0180,Dividends,56535.0
FS196,Mantsopa,2025,0200,Suppliers and employees,4091909.0
FS196,Mantsopa,2025,0210,Finance charges,-303737.0
FS196,Mantsopa,2025,0310,Capital assets,-41533308.0
FS196,Mantsopa,2025,0420,Cash/cash equivalents at the year begin:,19093153.0
FS196,Mantsopa,2025,0430,Cash/cash equivalents at the year end:,261628861.0
FS201,Moqhaka,2025,0120,Property rates,57715638.0
FS201,Moqhaka,2025,0130,Service charges,581142079.0
FS201,Moqhaka,2025,0140,Other revenue,8465313.0
FS201,Moqhaka,2025,0150,Transfers and Subsidies - Operational,330336050.0
FS201,Moqhaka,2025,0160,Transfers and Subsidies - Capital,52269911.0
FS201,Moqhaka,2025,0170,Interest,9900471.0
FS201,Moqhaka,2025,0180,Dividends,5821763.0
FS201,Moqhaka,2025,0200,Suppliers and employees,-1108996140.0
FS201,Moqhaka,2025,0260,Proceeds on disposal of PPE,-2283915.0
FS201,Moqhaka,2025,0310,Capital assets,-4899867.0
FS201,Moqhaka,2025,0350,Short term loans,-1177728.0
FS201,Moqhaka,2025,0420,Cash/cash equivalents at the year begin:,-9904957.0
FS201,Moqhaka,2025,0430,Cash/cash equivalents at the year end:,-81611382.0
FS203,Ngwathe,2025,0120,Property rates,63590134.0
FS203,Ngwathe,2025,0130,Service charges,187965736.0
FS203,Ngwathe,2025,0140,Other revenue,121039075.0
FS203,Ngwathe,2025,0150,Transfers and Subsidies - Operational,252574438.0
FS203,Ngwathe,2025,0160,Transfers and Subsidies - Capital,135891000.0
FS203,Ngwathe,2025,0170,Interest,5372374.0
FS203,Ngwathe,2025,0200,Suppliers and employees,-1037285183.0
FS203,Ngwathe,2025,0260,Proceeds on disposal of PPE,-61546.0
FS203,Ngwathe,2025,0310,Capital assets,-143538926.0
FS203,Ngwathe,2025,0420,Cash/cash equivalents at the year begin:,63000739.0
FS203,Ngwathe,2025,0430,Cash/cash equivalents at the year end:,-351452159.0
FS204,Metsimaholo,2025,0120,Property rates,154749109.0
FS204,Metsimaholo,2025,0130,Service charges,685454236.0
FS204,Metsimaholo,2025,0140,Other revenue,459408022.0
FS204,Metsimaholo,2025,0150,Transfers and Subsidies - Operational,350899460.0
FS204,Metsimaholo,2025,0160,Transfers and Subsidies - Capital,65163972.0
FS204,Metsimaholo,2025,0170,Interest,27055999.0
FS204,Metsimaholo,2025,0180,Dividends,164148.0
FS204,Metsimaholo,2025,0200,Suppliers and employees,-1108030692.0
FS204,Metsimaholo,2025,0260,Proceeds on disposal of PPE,8096834.0
FS204,Metsimaholo,2025,0310,Capital assets,-104585297.0
FS204,Metsimaholo,2025,0370,Increase (decrease) in consumer deposits,1266211.0
FS204,Metsimaholo,2025,0420,Cash/cash equivalents at the year begin:,125950178.0
FS204,Metsimaholo,2025,0430,Cash/cash equivalents at the year end:,665592180.0
FS205,Mafube,2025,0120,Property rates,16837795.0
FS205,Mafube,2025,0130,Service charges,25754404.0
FS205,Mafube,2025,0140,Other revenue,-51270776.0
FS205,Mafube,2025,0150,Transfers and Subsidies - Operational,135487212.0
FS205,Mafube,2025,0160,Transfers and Subsidies - Capital,30165000.0
FS205,Mafube,2025,0170,Interest,3940557.0
FS205,Mafube,2025,0200,Suppliers and employees,-261693384.0
FS205,Mafube,2025,0260,Proceeds on disposal of PPE,1165119.0
FS205,Mafube,2025,0310,Capital assets,-45041462.0
FS205,Mafube,2025,0370,Increase (decrease) in consumer deposits,175102.0
FS205,Mafube,2025,0420,Cash/cash equivalents at the year begin:,-151084178.0
FS205,Mafube,2025,0430,Cash/cash equivalents at the year end:,-295564611.0
GT421,Emfuleni,2025,0120,Property rates,934227149.0
GT421,Emfuleni,2025,0130,Service charges,3856134145.0
GT421,Emfuleni,2025,0140,Other revenue,858597841.0
GT421,Emfuleni,2025,0150,Transfers and Subsidies - Operational,1194733850.0
GT421,Emfuleni,2025,0160,Transfers and Subsidies - Capital,143481589.0
GT421,Emfuleni,2025,0170,Interest,88696386.0
GT421,Emfuleni,2025,0200,Suppliers and employees,-6966347384.0
GT421,Emfuleni,2025,0260,Proceeds on disposal of PPE,8851605.0
GT421,Emfuleni,2025,0290,Decrease (increase) in non-current investments,-2093.0
GT421,Emfuleni,2025,0310,Capital assets,-570558936.0
GT421,Emfuleni,2025,0370,Increase (decrease) in consumer deposits,8407786.0
GT421,Emfuleni,2025,0420,Cash/cash equivalents at the year begin:,3720409.0
GT421,Emfuleni,2025,0430,Cash/cash equivalents at the year end:,-440057653.0
GT422,Midvaal,2025,0120,Property rates,286438729.0
GT422,Midvaal,2025,0130,Service charges,926014460.0
GT422,Midvaal,2025,0140,Other revenue,565905376.0
GT422,Midvaal,2025,0150,Transfers and Subsidies - Operational,175952195.0
GT422,Midvaal,2025,0160,Transfers and Subsidies - Capital,147535823.0
GT422,Midvaal,2025,0170,Interest,48168102.0
GT422,Midvaal,2025,0200,Suppliers and employees,-2065094948.0
GT422,Midvaal,2025,0310,Capital assets,-242924208.0
GT422,Midvaal,2025,0350,Short term loans,18162072.0
GT422,Midvaal,2025,0360,Borrowing long term/refinancing,86220579.0
GT422,Midvaal,2025,0390,Repayment of borrowing,-22884363.0
GT422,Midvaal,2025,0420,Cash/cash equivalents at the year begin:,484532957.0
GT422,Midvaal,2025,0430,Cash/cash equivalents at the year end:,408026774.0
GT423,Lesedi,2025,0120,Property rates,220703896.0
GT423,Lesedi,2025,0130,Service charges,606699965.0
GT423,Lesedi,2025,0140,Other revenue,54415688.0
GT423,Lesedi,2025,0150,Transfers and Subsidies - Operational,235921767.0
GT423,Lesedi,2025,0160,Transfers and Subsidies - Capital,113469000.0
GT423,Lesedi,2025,0170,Interest,3329042.0
GT423,Lesedi,2025,0200,Suppliers and employees,-499952828.0
GT423,Lesedi,2025,0260,Proceeds on disposal of PPE,497674.0
GT423,Lesedi,2025,0310,Capital assets,-105621001.0
GT423,Lesedi,2025,0370,Increase (decrease) in consumer deposits,4531191.0
GT423,Lesedi,2025,0420,Cash/cash equivalents at the year begin:,62469329.0
GT423,Lesedi,2025,0430,Cash/cash equivalents at the year end:,696463723.0
GT481,Mogale City,2025,0120,Property rates,1092291399.0
GT481,Mogale City,2025,0130,Service charges,2212375305.0
GT481,Mogale City,2025,0140,Other revenue,286595645.0
GT481,Mogale City,2025,0150,Transfers and Subsidies - Operational,822134133.0
GT481,Mogale City,2025,0160,Transfers and Subsidies - Capital,211653429.0
GT481,Mogale City,2025,0170,Interest,28244046.0
GT481,Mogale City,2025,0200,Suppliers and employees,-4103708051.0
GT481,Mogale City,2025,0210,Finance charges,-4746824.0
GT481,Mogale City,2025,0280,Decrease (increase) in non-current receivables,-7878.0
GT481,Mogale City,2025,0290,Decrease (increase) in non-current investments,-75640.0
GT481,Mogale City,2025,0310,Capital assets,-391142111.0
GT481,Mogale City,2025,0390,Repayment of borrowing,-47203813.0
GT481,Mogale City,2025,0420,Cash/cash equivalents at the year begin:,-50701329.0
GT481,Mogale City,2025,0430,Cash/cash equivalents at the year end:,55708311.0
GT484,Merafong City,2025,0120,Property rates,66713339.0
GT484,Merafong City,2025,0130,Service charges,240768977.0
GT484,Merafong City,2025,0140,Other revenue,940572738.0
GT484,Merafong City,2025,0150,Transfers and Subsidies - Operational,248181325.0
GT484,Merafong City,2025,0160,Transfers and Subsidies - Capital,74529000.0
GT484,Merafong City,2025,0170,Interest,71739800.0
GT484,Merafong City,2025,0200,Suppliers and employees,-1279636414.0
GT484,Merafong City,2025,0310,Capital assets,-150849695.0
GT484,Merafong City,2025,0420,Cash/cash equivalents at the year begin:,155979959.0
GT484,Merafong City,2025,0430,Cash/cash equivalents at the year end:,367999029.0
GT485,Rand West City,2025,0120,Property rates,374551198.0
GT485,Rand West City,2025,0130,Service charges,1260299570.0
GT485,Rand West City,2025,0140,Other revenue,321781769.0
GT485,Rand West City,2025,0150,Transfers and Subsidies - Operational,467502333.0
GT485,Rand West City,2025,0160,Transfers and Subsidies - Capital,322798959.0
GT485,Rand West City,2025,0170,Interest,61402.0
GT485,Rand West City,2025,0200,Suppliers and employees,-2096374413.0
GT485,Rand West City,2025,0290,Decrease (increase) in non-current investments,-662236.0
GT485,Rand West City,2025,0310,Capital assets,-461217904.0
GT485,Rand West City,2025,0420,Cash/cash equivalents at the year begin:,172595049.0
GT485,Rand West City,2025,0430,Cash/cash equivalents at the year end:,361335727.0
KZN212,Umdoni,2025,0120,Property rates,1713838.0
KZN212,Umdoni,2025,0200,Suppliers and employees,-120013468.0
KZN212,Umdoni,2025,0310,Capital assets,-57684224.0
KZN212,Umdoni,2025,0390,Repayment of borrowing,-57670.0
KZN212,Umdoni,2025,0420,Cash/cash equivalents at the year begin:,146398454.0
KZN212,Umdoni,2025,0430,Cash/cash equivalents at the year end:,-29643070.0
KZN213,Umzumbe,2025,0120,Property rates,1408260.0
KZN213,Umzumbe,2025,0140,Other revenue,172070.0
KZN213,Umzumbe,2025,0150,Transfers and Subsidies - Operational,-2403631.0
KZN213,Umzumbe,2025,0170,Interest,929677.0
KZN213,Umzumbe,2025,0200,Suppliers and employees,-196212613.0
KZN213,Umzumbe,2025,0420,Cash/cash equivalents at the year begin:,11198353.0
KZN213,Umzumbe,2025,0430,Cash/cash equivalents at the year end:,-184907884.0
KZN214,uMuziwabantu,2025,0120,Property rates,26954132.0
KZN214,uMuziwabantu,2025,0130,Service charges,56409864.0
KZN214,uMuziwabantu,2025,0140,Other revenue,10292770.0
KZN214,uMuziwabantu,2025,0150,Transfers and Subsidies - Operational,130534624.0
KZN214,uMuziwabantu,2025,0160,Transfers and Subsidies - Capital,28046894.0
KZN214,uMuziwabantu,2025,0170,Interest,7566075.0
KZN214,uMuziwabantu,2025,0200,Suppliers and employees,-240350900.0
KZN214,uMuziwabantu,2025,0310,Capital assets,-26969685.0
KZN214,uMuziwabantu,2025,0420,Cash/cash equivalents at the year begin:,55478670.0
KZN214,uMuziwabantu,2025,0430,Cash/cash equivalents at the year end:,47962444.0
KZN216,Ray Nkonyeni,2025,0120,Property rates,491920991.0
KZN216,Ray Nkonyeni,2025,0130,Service charges,283697025.0
KZN216,Ray Nkonyeni,2025,0140,Other revenue,132281729.0
KZN216,Ray Nkonyeni,2025,0150,Transfers and Subsidies - Operational,352342848.0
KZN216,Ray Nkonyeni,2025,0160,Transfers and Subsidies - Capital,129738387.0
KZN216,Ray Nkonyeni,2025,0170,Interest,19650230.0
KZN216,Ray Nkonyeni,2025,0200,Suppliers and employees,-1166929245.0
KZN216,Ray Nkonyeni,2025,0210,Finance charges,-1357683.0
KZN216,Ray Nkonyeni,2025,0220,Transfers and Subsidies,-11052361.0
KZN216,Ray Nkonyeni,2025,0310,Capital assets,-148841186.0
KZN216,Ray Nkonyeni,2025,0390,Repayment of borrowing,-20745179.0
KZN216,Ray Nkonyeni,2025,0420,Cash/cash equivalents at the year begin:,66405160.0
KZN216,Ray Nkonyeni,2025,0430,Cash/cash equivalents at the year end:,127110716.0
KZN221,uMshwathi,2025,0120,Property rates,288682.0
KZN221,uMshwathi,2025,0130,Service charges,10266.0
KZN221,uMshwathi,2025,0140,Other revenue,1854410.0
KZN221,uMshwathi,2025,0150,Transfers and Subsidies - Operational,-1775539.0
KZN221,uMshwathi,2025,0170,Interest,4199411.0
KZN221,uMshwathi,2025,0200,Suppliers and employees,-46184405.0
KZN221,uMshwathi,2025,0420,Cash/cash equivalents at the year begin:,109789584.0
KZN221,uMshwathi,2025,0430,Cash/cash equivalents at the year end:,68182409.0
KZN222,uMngeni,2025,0120,Property rates,397083097.0
KZN222,uMngeni,2025,0130,Service charges,21691781.0
KZN222,uMngeni,2025,0140,Other revenue,12363575.0
KZN222,uMngeni,2025,0150,Transfers and Subsidies - Operational,9589000.0
KZN222,uMngeni,2025,0160,Transfers and Subsidies - Capital,48515129.0
KZN222,uMngeni,2025,0200,Suppliers and employees,-356826857.0
KZN222,uMngeni,2025,0280,Decrease (increase) in non-current receivables,-422009.0
KZN222,uMngeni,2025,0310,Capital assets,-79093867.0
KZN222,uMngeni,2025,0420,Cash/cash equivalents at the year begin:,34052604.0
KZN222,uMngeni,2025,0430,Cash/cash equivalents at the year end:,86952453.0
KZN223,Mpofana,2025,0120,Property rates,-1916699.0
KZN223,Mpofana,2025,0130,Service charges,-10518038.0
KZN223,Mpofana,2025,0140,Other revenue,-3018315.0
KZN223,Mpofana,2025,0150,Transfers and Subsidies - Operational,313575645.0
KZN223,Mpofana,2025,0170,Interest,-183901.0
KZN223,Mpofana,2025,0200,Suppliers and employees,665168863.0
KZN223,Mpofana,2025,0420,Cash/cash equivalents at the year begin:,2247562.0
KZN223,Mpofana,2025,0430,Cash/cash equivalents at the year end:,965355117.0
KZN224,Impendle,2025,0120,Property rates,244013.0
KZN224,Impendle,2025,0130,Service charges,5610.0
KZN224,Impendle,2025,0140,Other revenue,438932.0
KZN224,Impendle,2025,0150,Transfers and Subsidies - Operational,90243456.0
KZN224,Impendle,2025,0160,Transfers and Subsidies - Capital,36371860.0
KZN224,Impendle,2025,0170,Interest,-250961.0
KZN224,Impendle,2025,0420,Cash/cash equivalents at the year begin:,-60368154.0
KZN224,Impendle,2025,0430,Cash/cash equivalents at the year end:,66684756.0
KZN225,Msunduzi,2025,0420,Cash/cash equivalents at the year begin:,568893365.0
KZN225,Msunduzi,2025,0430,Cash/cash equivalents at the year end:,568893365.0
KZN226,Mkhambathini,2025,0120,Property rates,13182010.0
KZN226,Mkhambathini,2025,0130,Service charges,479807.0
KZN226,Mkhambathini,2025,0140,Other revenue,894124.0
KZN226,Mkhambathini,2025,0150,Transfers and Subsidies - Operational,212137906.0
KZN226,Mkhambathini,2025,0160,Transfers and Subsidies - Capital,18159000.0
KZN226,Mkhambathini,2025,0170,Interest,2277654.0
KZN226,Mkhambathini,2025,0200,Suppliers and employees,876143.0
KZN226,Mkhambathini,2025,0420,Cash/cash equivalents at the year begin:,36880286.0
KZN226,Mkhambathini,2025,0430,Cash/cash equivalents at the year end:,284886930.0
KZN227,Richmond,2025,0120,Property rates,23875352.0
KZN227,Richmond,2025,0130,Service charges,854874.0
KZN227,Richmond,2025,0140,Other revenue,66776158.0
KZN227,Richmond,2025,0150,Transfers and Subsidies - Operational,171470533.0
KZN227,Richmond,2025,0160,Transfers and Subsidies - Capital,44529561.0
KZN227,Richmond,2025,0170,Interest,3996664.0
KZN227,Richmond,2025,0200,Suppliers and employees,-65013473.0
KZN227,Richmond,2025,0310,Capital assets,-21425374.0
KZN227,Richmond,2025,0390,Repayment of borrowing,-280282.0
KZN227,Richmond,2025,0420,Cash/cash equivalents at the year begin:,11870964.0
KZN227,Richmond,2025,0430,Cash/cash equivalents at the year end:,236654977.0
KZN235,Okhahlamba,2025,0120,Property rates,2303621.0
KZN235,Okhahlamba,2025,0130,Service charges,93049.0
KZN235,Okhahlamba,2025,0140,Other revenue,1264271.0
KZN235,Okhahlamba,2025,0170,Interest,920001.0
KZN235,Okhahlamba,2025,0200,Suppliers and employees,-208920489.0
KZN235,Okhahlamba,2025,0390,Repayment of borrowing,3482825.0
KZN235,Okhahlamba,2025,0420,Cash/cash equivalents at the year begin:,5529103.0
KZN235,Okhahlamba,2025,0430,Cash/cash equivalents at the year end:,-195327619.0
KZN238,Alfred Duma,2025,0120,Property rates,155921361.0
KZN238,Alfred Duma,2025,0130,Service charges,820967124.0
KZN238,Alfred Duma,2025,0140,Other revenue,60865098.0
KZN238,Alfred Duma,2025,0150,Transfers and Subsidies - Operational,432123381.0
KZN238,Alfred Duma,2025,0160,Transfers and Subsidies - Capital,146639000.0
KZN238,Alfred Duma,2025,0170,Interest,38937876.0
KZN238,Alfred Duma,2025,0200,Suppliers and employees,-777694188.0
KZN238,Alfred Duma,2025,0310,Capital assets,-137452379.0
KZN238,Alfred Duma,2025,0370,Increase (decrease) in consumer deposits,707560.0
KZN238,Alfred Duma,2025,0390,Repayment of borrowing,-290693.0
KZN238,Alfred Duma,2025,0420,Cash/cash equivalents at the year begin:,560913263.0
KZN238,Alfred Duma,2025,0430,Cash/cash equivalents at the year end:,1301637403.0
KZN241,Endumeni,2025,0120,Property rates,103031839.0
KZN241,Endumeni,2025,0130,Service charges,188713955.0
KZN241,Endumeni,2025,0140,Other revenue,17234419.0
KZN241,Endumeni,2025,0150,Transfers and Subsidies - Operational,92510143.0
KZN241,Endumeni,2025,0160,Transfers and Subsidies - Capital,38070012.0
KZN241,Endumeni,2025,0170,Interest,2456211.0
KZN241,Endumeni,2025,0200,Suppliers and employees,-150393882.0
KZN241,Endumeni,2025,0260,Proceeds on disposal of PPE,322000.0
KZN241,Endumeni,2025,0290,Decrease (increase) in non-current investments,-15203240.0
KZN241,Endumeni,2025,0310,Capital assets,-36652056.0
KZN241,Endumeni,2025,0420,Cash/cash equivalents at the year begin:,31031708.0
KZN241,Endumeni,2025,0430,Cash/cash equivalents at the year end:,271121109.0
KZN242,Nquthu,2025,0130,Service charges,6536858.0
KZN242,Nquthu,2025,0150,Transfers and Subsidies - Operational,452601669.0
KZN242,Nquthu,2025,0170,Interest,9685609.0
KZN242,Nquthu,2025,0200,Suppliers and employees,-456300546.0
KZN242,Nquthu,2025,0420,Cash/cash equivalents at the year begin:,92533135.0
KZN242,Nquthu,2025,0430,Cash/cash equivalents at the year end:,105056725.0
KZN244,Msinga,2025,0120,Property rates,2954136.0
KZN244,Msinga,2025,0130,Service charges,433059.0
KZN244,Msinga,2025,0140,Other revenue,9507518.0
KZN244,Msinga,2025,0150,Transfers and Subsidies - Operational,260807340.0
KZN244,Msinga,2025,0160,Transfers and Subsidies - Capital,51558200.0
KZN244,Msinga,2025,0170,Interest,67045858.0
KZN244,Msinga,2025,0200,Suppliers and employees,-88207012.0
KZN244,Msinga,2025,0290,Decrease (increase) in non-current investments,-20638737.0
KZN244,Msinga,2025,0310,Capital assets,-65457558.0
KZN244,Msinga,2025,0420,Cash/cash equivalents at the year begin:,555574098.0
KZN244,Msinga,2025,0430,Cash/cash equivalents at the year end:,773576902.0
KZN245,Umvoti,2025,0120,Property rates,815341.0
KZN245,Umvoti,2025,0130,Service charges,4649247.0
KZN245,Umvoti,2025,0140,Other revenue,14424576.0
KZN245,Umvoti,2025,0150,Transfers and Subsidies - Operational,668898914.0
KZN245,Umvoti,2025,0160,Transfers and Subsidies - Capital,23755690.0
KZN245,Umvoti,2025,0170,Interest,372764.0
KZN245,Umvoti,2025,0200,Suppliers and employees,-343072080.0
KZN245,Umvoti,2025,0420,Cash/cash equivalents at the year begin:,1227095846.0
KZN245,Umvoti,2025,0430,Cash/cash equivalents at the year end:,1596940298.0
KZN252,Newcastle,2025,0120,Property rates,797714214.0
KZN252,Newcastle,2025,0130,Service charges,1749880716.0
KZN252,Newcastle,2025,0140,Other revenue,1244334570.0
KZN252,Newcastle,2025,0150,Transfers and Subsidies - Operational,818212529.0
KZN252,Newcastle,2025,0160,Transfers and Subsidies - Capital,196376720.0
KZN252,Newcastle,2025,0170,Interest,4691488.0
KZN252,Newcastle,2025,0200,Suppliers and employees,-2804815160.0
KZN252,Newcastle,2025,0210,Finance charges,-32935621.0
KZN252,Newcastle,2025,0260,Proceeds on disposal of PPE,5422513.0
KZN252,Newcastle,2025,0310,Capital assets,-140929193.0
KZN252,Newcastle,2025,0390,Repayment of borrowing,-38458734.0
KZN252,Newcastle,2025,0420,Cash/cash equivalents at the year begin:,26038519.0
KZN252,Newcastle,2025,0430,Cash/cash equivalents at the year end:,1825532561.0
KZN253,Emadlangeni,2025,0120,Property rates,1392328.0
KZN253,Emadlangeni,2025,0130,Service charges,193472182.0
KZN253,Emadlangeni,2025,0140,Other revenue,182510.0
KZN253,Emadlangeni,2025,0150,Transfers and Subsidies - Operational,14231192.0
KZN253,Emadlangeni,2025,0160,Transfers and Subsidies - Capital,-1305473.0
KZN253,Emadlangeni,2025,0200,Suppliers and employees,-115401845.0
KZN253,Emadlangeni,2025,0310,Capital assets,-41007896.0
KZN253,Emadlangeni,2025,0370,Increase (decrease) in consumer deposits,22212.0
KZN253,Emadlangeni,2025,0420,Cash/cash equivalents at the year begin:,15964467.0
KZN253,Emadlangeni,2025,0430,Cash/cash equivalents at the year end:,67549677.0
KZN254,Dannhauser,2025,0120,Property rates,24343336.0
KZN254,Dannhauser,2025,0130,Service charges,331683.0
KZN254,Dannhauser,2025,0140,Other revenue,1986450.0
KZN254,Dannhauser,2025,0150,Transfers and Subsidies - Operational,97809.0
KZN254,Dannhauser,2025,0170,Interest,2596677.0
KZN254,Dannhauser,2025,0200,Suppliers and employees,-42645085.0
KZN254,Dannhauser,2025,0210,Finance charges,-3505562.0
KZN254,Dannhauser,2025,0310,Capital assets,-26303363.0
KZN254,Dannhauser,2025,0360,Borrowing long term/refinancing,9067.0
KZN254,Dannhauser,2025,0420,Cash/cash equivalents at the year begin:,19594103.0
KZN254,Dannhauser,2025,0430,Cash/cash equivalents at the year end:,-23494885.0
KZN261,eDumbe,2025,0120,Property rates,979582.0
KZN261,eDumbe,2025,0130,Service charges,3588454.0
KZN261,eDumbe,2025,0140,Other revenue,254338.0
KZN261,eDumbe,2025,0150,Transfers and Subsidies - Operational,46413000.0
KZN261,eDumbe,2025,0160,Transfers and Subsidies - Capital,12607000.0
KZN261,eDumbe,2025,0170,Interest,894373.0
KZN261,eDumbe,2025,0200,Suppliers and employees,-179913226.0
KZN261,eDumbe,2025,0420,Cash/cash equivalents at the year begin:,2208453.0
KZN261,eDumbe,2025,0430,Cash/cash equivalents at the year end:,-112968026.0
KZN262,uPhongolo,2025,0120,Property rates,24756116.0
KZN262,uPhongolo,2025,0130,Service charges,70811457.0
KZN262,uPhongolo,2025,0140,Other revenue,22786959.0
KZN262,uPhongolo,2025,0150,Transfers and Subsidies - Operational,230636000.0
KZN262,uPhongolo,2025,0160,Transfers and Subsidies - Capital,56421813.0
KZN262,uPhongolo,2025,0170,Interest,3235782.0
KZN262,uPhongolo,2025,0200,Suppliers and employees,-605872848.0
KZN262,uPhongolo,2025,0280,Decrease (increase) in non-current receivables,1500000.0
KZN262,uPhongolo,2025,0310,Capital assets,-31483957.0
KZN262,uPhongolo,2025,0420,Cash/cash equivalents at the year begin:,24823440.0
KZN262,uPhongolo,2025,0430,Cash/cash equivalents at the year end:,-202385238.0
KZN263,Abaqulusi,2025,0120,Property rates,114122793.0
KZN263,Abaqulusi,2025,0130,Service charges,440661047.0
KZN263,Abaqulusi,2025,0140,Other revenue,22341213.0
KZN263,Abaqulusi,2025,0150,Transfers and Subsidies - Operational,229137918.0
KZN263,Abaqulusi,2025,0160,Transfers and Subsidies - Capital,59988503.0
KZN263,Abaqulusi,2025,0170,Interest,1298694.0
KZN263,Abaqulusi,2025,0200,Suppliers and employees,-866971114.0
KZN263,Abaqulusi,2025,0310,Capital assets,-60061288.0
KZN263,Abaqulusi,2025,0390,Repayment of borrowing,1037556.0
KZN263,Abaqulusi,2025,0420,Cash/cash equivalents at the year begin:,18132488.0
KZN263,Abaqulusi,2025,0430,Cash/cash equivalents at the year end:,-40312190.0
KZN265,Nongoma,2025,0150,Transfers and Subsidies - Operational,7090000.0
KZN265,Nongoma,2025,0160,Transfers and Subsidies - Capital,34876000.0
KZN265,Nongoma,2025,0200,Suppliers and employees,-263762757.0
KZN265,Nongoma,2025,0420,Cash/cash equivalents at the year begin:,-3120656.0
KZN265,Nongoma,2025,0430,Cash/cash equivalents at the year end:,-224917413.0
KZN266,Ulundi,2025,0120,Property rates,-4822208.0
KZN266,Ulundi,2025,0130,Service charges,-7438215.0
KZN266,Ulundi,2025,0140,Other revenue,-1310805.0
KZN266,Ulundi,2025,0150,Transfers and Subsidies - Operational,257036791.0
KZN266,Ulundi,2025,0160,Transfers and Subsidies - Capital,38780000.0
KZN266,Ulundi,2025,0170,Interest,-763534.0
KZN266,Ulundi,2025,0200,Suppliers and employees,198283330.0
KZN266,Ulundi,2025,0420,Cash/cash equivalents at the year begin:,4871971.0
KZN266,Ulundi,2025,0430,Cash/cash equivalents at the year end:,484637330.0
KZN271,Umhlabuyalingana,2025,0120,Property rates,10905688.0
KZN271,Umhlabuyalingana,2025,0130,Service charges,963461.0
KZN271,Umhlabuyalingana,2025,0140,Other revenue,331197783.0
KZN271,Umhlabuyalingana,2025,0150,Transfers and Subsidies - Operational,7314000.0
KZN271,Umhlabuyalingana,2025,0160,Transfers and Subsidies - Capital,59349000.0
KZN271,Umhlabuyalingana,2025,0170,Interest,10907113.0
KZN271,Umhlabuyalingana,2025,0200,Suppliers and employees,-352307468.0
KZN271,Umhlabuyalingana,2025,0310,Capital assets,-39189101.0
KZN271,Umhlabuyalingana,2025,0420,Cash/cash equivalents at the year begin:,98943797.0
KZN271,Umhlabuyalingana,2025,0430,Cash/cash equivalents at the year end:,128084273.0
KZN272,Jozini,2025,0120,Property rates,30978834.0
KZN272,Jozini,2025,0140,Other revenue,5167614.0
KZN272,Jozini,2025,0150,Transfers and Subsidies - Operational,803457226.0
KZN272,Jozini,2025,0170,Interest,2647.0
KZN272,Jozini,2025,0200,Suppliers and employees,-169299477.0
KZN272,Jozini,2025,0420,Cash/cash equivalents at the year begin:,1768137.0
KZN272,Jozini,2025,0430,Cash/cash equivalents at the year end:,672074981.0
KZN275,Mtubatuba,2025,0200,Suppliers and employees,123660703.0
KZN275,Mtubatuba,2025,0420,Cash/cash equivalents at the year begin:,2130784.0
KZN275,Mtubatuba,2025,0430,Cash/cash equivalents at the year end:,125791487.0
KZN276,Hlabisa Big Five,2025,0140,Other revenue,18991.0
KZN276,Hlabisa Big Five,2025,0150,Transfers and Subsidies - Operational,161065893.0
KZN276,Hlabisa Big Five,2025,0160,Transfers and Subsidies - Capital,24436000.0
KZN276,Hlabisa Big Five,2025,0170,Interest,260897.0
KZN276,Hlabisa Big Five,2025,0200,Suppliers and employees,-208565372.0
KZN276,Hlabisa Big Five,2025,0280,Decrease (increase) in non-current receivables,1556448.0
KZN276,Hlabisa Big Five,2025,0420,Cash/cash equivalents at the year begin:,88747909.0
KZN276,Hlabisa Big Five,2025,0430,Cash/cash equivalents at the year end:,67520766.0
KZN281,Mfolozi,2025,0140,Other revenue,79898915.0
KZN281,Mfolozi,2025,0150,Transfers and Subsidies - Operational,26750688.0
KZN281,Mfolozi,2025,0160,Transfers and Subsidies - Capital,84225000.0
KZN281,Mfolozi,2025,0200,Suppliers and employees,182089271.0
KZN281,Mfolozi,2025,0390,Repayment of borrowing,-1223707.0
KZN281,Mfolozi,2025,0420,Cash/cash equivalents at the year begin:,20138659.0
KZN281,Mfolozi,2025,0430,Cash/cash equivalents at the year end:,391878826.0
KZN282,uMhlathuze,2025,0120,Property rates,726303214.0
KZN282,uMhlathuze,2025,0130,Service charges,3361755197.0
KZN282,uMhlathuze,2025,0140,Other revenue,336317668.0
KZN282,uMhlathuze,2025,0150,Transfers and Subsidies - Operational,576805836.0
KZN282,uMhlathuze,2025,0160,Transfers and Subsidies - Capital,204449770.0
KZN282,uMhlathuze,2025,0170,Interest,23041147.0
KZN282,uMhlathuze,2025,0200,Suppliers and employees,-4670833368.0
KZN282,uMhlathuze,2025,0210,Finance charges,-190606513.0
KZN282,uMhlathuze,2025,0310,Capital assets,-562772814.0
KZN282,uMhlathuze,2025,0360,Borrowing long term/refinancing,380000000.0
KZN282,uMhlathuze,2025,0390,Repayment of borrowing,-202824294.0
KZN282,uMhlathuze,2025,0420,Cash/cash equivalents at the year begin:,272466860.0
KZN282,uMhlathuze,2025,0430,Cash/cash equivalents at the year end:,254102703.0
KZN284,uMlalazi,2025,0120,Property rates,66976886.0
KZN284,uMlalazi,2025,0130,Service charges,128441303.0
KZN284,uMlalazi,2025,0140,Other revenue,29782586.0
KZN284,uMlalazi,2025,0150,Transfers and Subsidies - Operational,268085718.0
KZN284,uMlalazi,2025,0160,Transfers and Subsidies - Capital,63342628.0
KZN284,uMlalazi,2025,0170,Interest,7666265.0
KZN284,uMlalazi,2025,0200,Suppliers and employees,-588416499.0
KZN284,uMlalazi,2025,0290,Decrease (increase) in non-current investments,500.0
KZN284,uMlalazi,2025,0310,Capital assets,-64641360.0
KZN284,uMlalazi,2025,0390,Repayment of borrowing,-2287706.0
KZN284,uMlalazi,2025,0420,Cash/cash equivalents at the year begin:,73957996.0
KZN284,uMlalazi,2025,0430,Cash/cash equivalents at the year end:,-17091683.0
KZN285,Mthonjaneni,2025,0120,Property rates,2955261.0
KZN285,Mthonjaneni,2025,0130,Service charges,2085958.0
KZN285,Mthonjaneni,2025,0140,Other revenue,342434.0
KZN285,Mthonjaneni,2025,0150,Transfers and Subsidies - Operational,39971.0
KZN285,Mthonjaneni,2025,0160,Transfers and Subsidies - Capital,234185.0
KZN285,Mthonjaneni,2025,0170,Interest,101454.0
KZN285,Mthonjaneni,2025,0200,Suppliers and employees,-61262055.0
KZN285,Mthonjaneni,2025,0310,Capital assets,-21433.0
KZN285,Mthonjaneni,2025,0420,Cash/cash equivalents at the year begin:,1365854.0
KZN285,Mthonjaneni,2025,0430,Cash/cash equivalents at the year end:,-54158371.0
KZN286,Nkandla,2025,0120,Property rates,85963191.0
KZN286,Nkandla,2025,0130,Service charges,35125250.0
KZN286,Nkandla,2025,0140,Other revenue,37848067.0
KZN286,Nkandla,2025,0150,Transfers and Subsidies - Operational,515638885.0
KZN286,Nkandla,2025,0160,Transfers and Subsidies - Capital,76513000.0
KZN286,Nkandla,2025,0170,Interest,4263086.0
KZN286,Nkandla,2025,0200,Suppliers and employees,-464355093.0
KZN286,Nkandla,2025,0220,Transfers and Subsidies,-1055040.0
KZN286,Nkandla,2025,0310,Capital assets,-86858077.0
KZN286,Nkandla,2025,0430,Cash/cash equivalents at the year end:,203083269.0
KZN291,Mandeni,2025,0120,Property rates,83433148.0
KZN291,Mandeni,2025,0130,Service charges,1272623.0
KZN291,Mandeni,2025,0140,Other revenue,3514618.0
KZN291,Mandeni,2025,0150,Transfers and Subsidies - Operational,380887729.0
KZN291,Mandeni,2025,0160,Transfers and Subsidies - Capital,64154188.0
KZN291,Mandeni,2025,0170,Interest,5064624.0
KZN291,Mandeni,2025,0200,Suppliers and employees,-463257022.0
KZN291,Mandeni,2025,0370,Increase (decrease) in consumer deposits,216909.0
KZN291,Mandeni,2025,0420,Cash/cash equivalents at the year begin:,230187837.0
KZN291,Mandeni,2025,0430,Cash/cash equivalents at the year end:,305474654.0
KZN292,KwaDukuza,2025,0120,Property rates,757396036.0
KZN292,KwaDukuza,2025,0130,Service charges,1691879951.0
KZN292,KwaDukuza,2025,0140,Other revenue,239812067.0
KZN292,KwaDukuza,2025,0150,Transfers and Subsidies - Operational,296719118.0
KZN292,KwaDukuza,2025,0160,Transfers and Subsidies - Capital,67120550.0
KZN292,KwaDukuza,2025,0170,Interest,93639288.0
KZN292,KwaDukuza,2025,0200,Suppliers and employees,-1825977841.0
KZN292,KwaDukuza,2025,0210,Finance charges,-15595864.0
KZN292,KwaDukuza,2025,0310,Capital assets,-475907308.0
KZN292,KwaDukuza,2025,0370,Increase (decrease) in consumer deposits,54674.0
KZN292,KwaDukuza,2025,0420,Cash/cash equivalents at the year begin:,1435728891.0
KZN292,KwaDukuza,2025,0430,Cash/cash equivalents at the year end:,2264869562.0
KZN293,Ndwedwe,2025,0120,Property rates,354737.0
KZN293,Ndwedwe,2025,0130,Service charges,1960.0
KZN293,Ndwedwe,2025,0140,Other revenue,5964459.0
KZN293,Ndwedwe,2025,0150,Transfers and Subsidies - Operational,498570149.0
KZN293,Ndwedwe,2025,0170,Interest,1073131.0
KZN293,Ndwedwe,2025,0200,Suppliers and employees,-30578.0
KZN293,Ndwedwe,2025,0420,Cash/cash equivalents at the year begin:,71397153.0
KZN293,Ndwedwe,2025,0430,Cash/cash equivalents at the year end:,577331011.0
KZN294,Maphumulo,2025,0120,Property rates,99428039.0
KZN294,Maphumulo,2025,0130,Service charges,902119.0
KZN294,Maphumulo,2025,0140,Other revenue,41955645.0
KZN294,Maphumulo,2025,0150,Transfers and Subsidies - Operational,1674416039.0
KZN294,Maphumulo,2025,0160,Transfers and Subsidies - Capital,102349000.0
KZN294,Maphumulo,2025,0170,Interest,2207394.0
KZN294,Maphumulo,2025,0200,Suppliers and employees,-633529113.0
KZN294,Maphumulo,2025,0260,Proceeds on disposal of PPE,4729136.0
KZN294,Maphumulo,2025,0310,Capital assets,-110138005.0
KZN294,Maphumulo,2025,0420,Cash/cash equivalents at the year begin:,14164188.0
KZN294,Maphumulo,2025,0430,Cash/cash equivalents at the year end:,1196484442.0
KZN433,Greater Kokstad,2025,0120,Property rates,150400022.0
KZN433,Greater Kokstad,2025,0130,Service charges,257383825.0
KZN433,Greater Kokstad,2025,0140,Other revenue,30514983.0
KZN433,Greater Kokstad,2025,0150,Transfers and Subsidies - Operational,94611812.0
KZN433,Greater Kokstad,2025,0160,Transfers and Subsidies - Capital,83602598.0
KZN433,Greater Kokstad,2025,0170,Interest,9102258.0
KZN433,Greater Kokstad,2025,0200,Suppliers and employees,-321506141.0
KZN433,Greater Kokstad,2025,0310,Capital assets,-104714549.0
KZN433,Greater Kokstad,2025,0420,Cash/cash equivalents at the year begin:,111031759.0
KZN433,Greater Kokstad,2025,0430,Cash/cash equivalents at the year end:,310426567.0
KZN434,Johannes Phumani Phungula,2025,0120,Property rates,26818463.0
KZN434,Johannes Phumani Phungula,2025,0130,Service charges,144200.0
KZN434,Johannes Phumani Phungula,2025,0140,Other revenue,25970328.0
KZN434,Johannes Phumani Phungula,2025,0150,Transfers and Subsidies - Operational,157828286.0
KZN434,Johannes Phumani Phungula,2025,0160,Transfers and Subsidies - Capital,32542000.0
KZN434,Johannes Phumani Phungula,2025,0170,Interest,19357495.0
KZN434,Johannes Phumani Phungula,2025,0200,Suppliers and employees,-262379075.0
KZN434,Johannes Phumani Phungula,2025,0310,Capital assets,-60629816.0
KZN434,Johannes Phumani Phungula,2025,0420,Cash/cash equivalents at the year begin:,202422032.0
KZN434,Johannes Phumani Phungula,2025,0430,Cash/cash equivalents at the year end:,142073913.0
KZN435,Umzimkhulu,2025,0120,Property rates,14155549.0
KZN435,Umzimkhulu,2025,0130,Service charges,2681432.0
KZN435,Umzimkhulu,2025,0140,Other revenue,29735142.0
KZN435,Umzimkhulu,2025,0150,Transfers and Subsidies - Operational,265034987.0
KZN435,Umzimkhulu,2025,0160,Transfers and Subsidies - Capital,78631000.0
KZN435,Umzimkhulu,2025,0170,Interest,16767740.0
KZN435,Umzimkhulu,2025,0200,Suppliers and employees,-107535292.0
KZN435,Umzimkhulu,2025,0260,Proceeds on disposal of PPE,1423.0
KZN435,Umzimkhulu,2025,0290,Decrease (increase) in non-current investments,53490581.0
KZN435,Umzimkhulu,2025,0310,Capital assets,-107072279.0
KZN435,Umzimkhulu,2025,0420,Cash/cash equivalents at the year begin:,105994604.0
KZN435,Umzimkhulu,2025,0430,Cash/cash equivalents at the year end:,351884887.0
KZN436,Dr Nkosazana Dlamini Zuma,2025,0120,Property rates,384160227.0
KZN436,Dr Nkosazana Dlamini Zuma,2025,0130,Service charges,2538899.0
KZN436,Dr Nkosazana Dlamini Zuma,2025,0140,Other revenue,1711999.0
KZN436,Dr Nkosazana Dlamini Zuma,2025,0150,Transfers and Subsidies - Operational,248127334.0
KZN436,Dr Nkosazana Dlamini Zuma,2025,0160,Transfers and Subsidies - Capital,18440000.0
KZN436,Dr Nkosazana Dlamini Zuma,2025,0200,Suppliers and employees,-79205672.0
KZN436,Dr Nkosazana Dlamini Zuma,2025,0310,Capital assets,-78069795.0
KZN436,Dr Nkosazana Dlamini Zuma,2025,0420,Cash/cash equivalents at the year begin:,139440382.0
KZN436,Dr Nkosazana Dlamini Zuma,2025,0430,Cash/cash equivalents at the year end:,637143374.0
LIM331,Greater Giyani,2025,0120,Property rates,110312647.0
LIM331,Greater Giyani,2025,0130,Service charges,26375228.0
LIM331,Greater Giyani,2025,0140,Other revenue,26000910.0
LIM331,Greater Giyani,2025,0150,Transfers and Subsidies - Operational,1235293270.0
LIM331,Greater Giyani,2025,0160,Transfers and Subsidies - Capital,208016374.0
LIM331,Greater Giyani,2025,0200,Suppliers and employees,-1654395139.0
LIM331,Greater Giyani,2025,0310,Capital assets,149749120.0
LIM331,Greater Giyani,2025,0430,Cash/cash equivalents at the year end:,101352410.0
LIM332,Greater Letaba,2025,0120,Property rates,4209143.0
LIM332,Greater Letaba,2025,0130,Service charges,13611571.0
LIM332,Greater Letaba,2025,0140,Other revenue,20522656.0
LIM332,Greater Letaba,2025,0150,Transfers and Subsidies - Operational,426560024.0
LIM332,Greater Letaba,2025,0160,Transfers and Subsidies - Capital,91620800.0
LIM332,Greater Letaba,2025,0170,Interest,5688424.0
LIM332,Greater Letaba,2025,0200,Suppliers and employees,-312897484.0
LIM332,Greater Letaba,2025,0310,Capital assets,-123444298.0
LIM332,Greater Letaba,2025,0420,Cash/cash equivalents at the year begin:,12486447.0
LIM332,Greater Letaba,2025,0430,Cash/cash equivalents at the year end:,138357283.0
LIM333,Greater Tzaneen,2025,0120,Property rates,45795388.0
LIM333,Greater Tzaneen,2025,0130,Service charges,331837921.0
LIM333,Greater Tzaneen,2025,0140,Other revenue,283114733.0
LIM333,Greater Tzaneen,2025,0150,Transfers and Subsidies - Operational,4829862218.0
LIM333,Greater Tzaneen,2025,0160,Transfers and Subsidies - Capital,73209000.0
LIM333,Greater Tzaneen,2025,0170,Interest,782780939.0
LIM333,Greater Tzaneen,2025,0200,Suppliers and employees,-1768712390.0
LIM333,Greater Tzaneen,2025,0210,Finance charges,-704941.0
LIM333,Greater Tzaneen,2025,0290,Decrease (increase) in non-current investments,25297314.0
LIM333,Greater Tzaneen,2025,0390,Repayment of borrowing,-16606810.0
LIM333,Greater Tzaneen,2025,0420,Cash/cash equivalents at the year begin:,231359050.0
LIM333,Greater Tzaneen,2025,0430,Cash/cash equivalents at the year end:,4817232422.0
LIM334,Ba-Phalaborwa,2025,0120,Property rates,98851674.0
LIM334,Ba-Phalaborwa,2025,0130,Service charges,86821362.0
LIM334,Ba-Phalaborwa,2025,0140,Other revenue,110260021.0
LIM334,Ba-Phalaborwa,2025,0150,Transfers and Subsidies - Operational,220274813.0
LIM334,Ba-Phalaborwa,2025,0160,Transfers and Subsidies - Capital,33141000.0
LIM334,Ba-Phalaborwa,2025,0200,Suppliers and employees,-617760124.0
LIM334,Ba-Phalaborwa,2025,0310,Capital assets,-36950206.0
LIM334,Ba-Phalaborwa,2025,0390,Repayment of borrowing,-19017453.0
LIM334,Ba-Phalaborwa,2025,0420,Cash/cash equivalents at the year begin:,53005258.0
LIM334,Ba-Phalaborwa,2025,0430,Cash/cash equivalents at the year end:,-71373655.0
LIM335,Maruleng,2025,0120,Property rates,155978976.0
LIM335,Maruleng,2025,0130,Service charges,3865681.0
LIM335,Maruleng,2025,0140,Other revenue,94160450.0
LIM335,Maruleng,2025,0150,Transfers and Subsidies - Operational,177305568.0
LIM335,Maruleng,2025,0160,Transfers and Subsidies - Capital,75761000.0
LIM335,Maruleng,2025,0170,Interest,1316241.0
LIM335,Maruleng,2025,0200,Suppliers and employees,-292663075.0
LIM335,Maruleng,2025,0310,Capital assets,-211586947.0
LIM335,Maruleng,2025,0420,Cash/cash equivalents at the year begin:,170638393.0
LIM335,Maruleng,2025,0430,Cash/cash equivalents at the year end:,174776287.0
LIM341,Musina,2025,0120,Property rates,25155689.0
LIM341,Musina,2025,0130,Service charges,185160029.0
LIM341,Musina,2025,0140,Other revenue,87485418.0
LIM341,Musina,2025,0150,Transfers and Subsidies - Operational,236508113.0
LIM341,Musina,2025,0160,Transfers and Subsidies - Capital,30559000.0
LIM341,Musina,2025,0200,Suppliers and employees,-322726640.0
LIM341,Musina,2025,0260,Proceeds on disposal of PPE,525362.0
LIM341,Musina,2025,0290,Decrease (increase) in non-current investments,-3321441.0
LIM341,Musina,2025,0310,Capital assets,-78951928.0
LIM341,Musina,2025,0420,Cash/cash equivalents at the year begin:,10831048.0
LIM341,Musina,2025,0430,Cash/cash equivalents at the year end:,171224650.0
LIM343,Thulamela,2025,0120,Property rates,64316155.0
LIM343,Thulamela,2025,0130,Service charges,15827976.0
LIM343,Thulamela,2025,0140,Other revenue,129611738.0
LIM343,Thulamela,2025,0150,Transfers and Subsidies - Operational,648947895.0
LIM343,Thulamela,2025,0160,Transfers and Subsidies - Capital,133572000.0
LIM343,Thulamela,2025,0170,Interest,81474576.0
LIM343,Thulamela,2025,0200,Suppliers and employees,-732553071.0
LIM343,Thulamela,2025,0310,Capital assets,-188407223.0
LIM343,Thulamela,2025,0420,Cash/cash equivalents at the year begin:,921273335.0
LIM343,Thulamela,2025,0430,Cash/cash equivalents at the year end:,1074063381.0
LIM344,Makhado,2025,0120,Property rates,145673756.0
LIM344,Makhado,2025,0130,Service charges,515919317.0
LIM344,Makhado,2025,0140,Other revenue,47311292.0
LIM344,Makhado,2025,0150,Transfers and Subsidies - Operational,520307410.0
LIM344,Makhado,2025,0160,Transfers and Subsidies - Capital,147088796.0
LIM344,Makhado,2025,0170,Interest,53663806.0
LIM344,Makhado,2025,0200,Suppliers and employees,-1329611017.0
LIM344,Makhado,2025,0210,Finance charges,-11034.0
LIM344,Makhado,2025,0310,Capital assets,-230101237.0
LIM344,Makhado,2025,0390,Repayment of borrowing,139772.0
LIM344,Makhado,2025,0420,Cash/cash equivalents at the year begin:,22789252.0
LIM344,Makhado,2025,0430,Cash/cash equivalents at the year end:,-106829887.0
LIM345,Collins Chabane,2025,0120,Property rates,12809476.0
LIM345,Collins Chabane,2025,0130,Service charges,2585857.0
LIM345,Collins Chabane,2025,0140,Other revenue,29741331.0
LIM345,Collins Chabane,2025,0150,Transfers and Subsidies - Operational,591155086.0
LIM345,Collins Chabane,2025,0160,Transfers and Subsidies - Capital,135624100.0
LIM345,Collins Chabane,2025,0170,Interest,3392097.0
LIM345,Collins Chabane,2025,0200,Suppliers and employees,-375512611.0
LIM345,Collins Chabane,2025,0310,Capital assets,-285155576.0
LIM345,Collins Chabane,2025,0420,Cash/cash equivalents at the year begin:,210195876.0
LIM345,Collins Chabane,2025,0430,Cash/cash equivalents at the year end:,324835636.0
LIM351,Blouberg,2025,0120,Property rates,9667456.0
LIM351,Blouberg,2025,0130,Service charges,40123825.0
LIM351,Blouberg,2025,0140,Other revenue,124491532.0
LIM351,Blouberg,2025,0150,Transfers and Subsidies - Operational,251677001.0
LIM351,Blouberg,2025,0160,Transfers and Subsidies - Capital,66478999.0
LIM351,Blouberg,2025,0170,Interest,2393551.0
LIM351,Blouberg,2025,0200,Suppliers and employees,-625106235.0
LIM351,Blouberg,2025,0290,Decrease (increase) in non-current investments,-198490.0
LIM351,Blouberg,2025,0310,Capital assets,-102718004.0
LIM351,Blouberg,2025,0350,Short term loans,3391083.0
LIM351,Blouberg,2025,0360,Borrowing long term/refinancing,1967765.0
LIM351,Blouberg,2025,0390,Repayment of borrowing,-6537705.0
LIM351,Blouberg,2025,0420,Cash/cash equivalents at the year begin:,186399745.0
LIM351,Blouberg,2025,0430,Cash/cash equivalents at the year end:,-47969477.0
LIM353,Molemole,2025,0120,Property rates,7889322.0
LIM353,Molemole,2025,0130,Service charges,1779260.0
LIM353,Molemole,2025,0140,Other revenue,121166541.0
LIM353,Molemole,2025,0150,Transfers and Subsidies - Operational,193221124.0
LIM353,Molemole,2025,0160,Transfers and Subsidies - Capital,38779000.0
LIM353,Molemole,2025,0170,Interest,3691020.0
LIM353,Molemole,2025,0200,Suppliers and employees,-329741117.0
LIM353,Molemole,2025,0260,Proceeds on disposal of PPE,770042.0
LIM353,Molemole,2025,0310,Capital assets,-52822626.0
LIM353,Molemole,2025,0420,Cash/cash equivalents at the year begin:,140341086.0
LIM353,Molemole,2025,0430,Cash/cash equivalents at the year end:,125073652.0
LIM354,Polokwane,2025,0120,Property rates,650335718.0
LIM354,Polokwane,2025,0130,Service charges,2480798250.0
LIM354,Polokwane,2025,0140,Other revenue,295565317.0
LIM354,Polokwane,2025,0150,Transfers and Subsidies - Operational,1652616414.0
LIM354,Polokwane,2025,0160,Transfers and Subsidies - Capital,659567003.0
LIM354,Polokwane,2025,0170,Interest,118791338.0
LIM354,Polokwane,2025,0200,Suppliers and employees,-4388320914.0
LIM354,Polokwane,2025,0210,Finance charges,-52778373.0
LIM354,Polokwane,2025,0220,Transfers and Subsidies,-16480000.0
LIM354,Polokwane,2025,0260,Proceeds on disposal of PPE,2863.0
LIM354,Polokwane,2025,0310,Capital assets,-765638220.0
LIM354,Polokwane,2025,0420,Cash/cash equivalents at the year begin:,343275998.0
LIM354,Polokwane,2025,0430,Cash/cash equivalents at the year end:,977735394.0
LIM355,Lepelle-Nkumpi,2025,0120,Property rates,13335883.0
LIM355,Lepelle-Nkumpi,2025,0130,Service charges,795301.0
LIM355,Lepelle-Nkumpi,2025,0140,Other revenue,73676742.0
LIM355,Lepelle-Nkumpi,2025,0150,Transfers and Subsidies - Operational,818721430.0
LIM355,Lepelle-Nkumpi,2025,0160,Transfers and Subsidies - Capital,41988522.0
LIM355,Lepelle-Nkumpi,2025,0170,Interest,58789990.0
LIM355,Lepelle-Nkumpi,2025,0200,Suppliers and employees,-746101575.0
LIM355,Lepelle-Nkumpi,2025,0260,Proceeds on disposal of PPE,3606445.0
LIM355,Lepelle-Nkumpi,2025,0290,Decrease (increase) in non-current investments,27900000.0
LIM355,Lepelle-Nkumpi,2025,0310,Capital assets,-400308.0
LIM355,Lepelle-Nkumpi,2025,0370,Increase (decrease) in consumer deposits,-22000.0
LIM355,Lepelle-Nkumpi,2025,0420,Cash/cash equivalents at the year begin:,726961592.0
LIM355,Lepelle-Nkumpi,2025,0430,Cash/cash equivalents at the year end:,1019252022.0
LIM361,Thabazimbi,2025,0120,Property rates,78988802.0
LIM361,Thabazimbi,2025,0130,Service charges,118410431.0
LIM361,Thabazimbi,2025,0140,Other revenue,22494904.0
LIM361,Thabazimbi,2025,0150,Transfers and Subsidies - Operational,143810730.0
LIM361,Thabazimbi,2025,0200,Suppliers and employees,-237539989.0
LIM361,Thabazimbi,2025,0310,Capital assets,-14663795.0
LIM361,Thabazimbi,2025,0420,Cash/cash equivalents at the year begin:,11329391.0
LIM361,Thabazimbi,2025,0430,Cash/cash equivalents at the year end:,122830474.0
LIM362,Lephalale,2025,0120,Property rates,1492491.0
LIM362,Lephalale,2025,0130,Service charges,137747161.0
LIM362,Lephalale,2025,0140,Other revenue,355717145.0
LIM362,Lephalale,2025,0150,Transfers and Subsidies - Operational,1071429755.0
LIM362,Lephalale,2025,0160,Transfers and Subsidies - Capital,18292196.0
LIM362,Lephalale,2025,0170,Interest,501417.0
LIM362,Lephalale,2025,0200,Suppliers and employees,-955263687.0
LIM362,Lephalale,2025,0370,Increase (decrease) in consumer deposits,-855755.0
LIM362,Lephalale,2025,0420,Cash/cash equivalents at the year begin:,60652863.0
LIM362,Lephalale,2025,0430,Cash/cash equivalents at the year end:,689713586.0
LIM366,Bela Bela,2025,0120,Property rates,87273516.0
LIM366,Bela Bela,2025,0130,Service charges,253316925.0
LIM366,Bela Bela,2025,0140,Other revenue,52484094.0
LIM366,Bela Bela,2025,0150,Transfers and Subsidies - Operational,142995380.0
LIM366,Bela Bela,2025,0160,Transfers and Subsidies - Capital,143531000.0
LIM366,Bela Bela,2025,0170,Interest,7179364.0
LIM366,Bela Bela,2025,0200,Suppliers and employees,-530864652.0
LIM366,Bela Bela,2025,0310,Capital assets,-127725279.0
LIM366,Bela Bela,2025,0420,Cash/cash equivalents at the year begin:,25267066.0
LIM366,Bela Bela,2025,0430,Cash/cash equivalents at the year end:,53457414.0
LIM367,Mogalakwena,2025,0120,Property rates,64038599.0
LIM367,Mogalakwena,2025,0130,Service charges,394335156.0
LIM367,Mogalakwena,2025,0140,Other revenue,129540270.0
LIM367,Mogalakwena,2025,0150,Transfers and Subsidies - Operational,614673845.0
LIM367,Mogalakwena,2025,0160,Transfers and Subsidies - Capital,396758748.0
LIM367,Mogalakwena,2025,0170,Interest,5201467.0
LIM367,Mogalakwena,2025,0200,Suppliers and employees,-941615734.0
LIM367,Mogalakwena,2025,0260,Proceeds on disposal of PPE,6088406.0
LIM367,Mogalakwena,2025,0310,Capital assets,-360034821.0
LIM367,Mogalakwena,2025,0420,Cash/cash equivalents at the year begin:,12254107.0
LIM367,Mogalakwena,2025,0430,Cash/cash equivalents at the year end:,321240043.0
LIM368,Modimolle-Mookgopong,2025,0120,Property rates,112513480.0
LIM368,Modimolle-Mookgopong,2025,0130,Service charges,387625235.0
LIM368,Modimolle-Mookgopong,2025,0140,Other revenue,59609639.0
LIM368,Modimolle-Mookgopong,2025,0150,Transfers and Subsidies - Operational,187739345.0
LIM368,Modimolle-Mookgopong,2025,0160,Transfers and Subsidies - Capital,112352409.0
LIM368,Modimolle-Mookgopong,2025,0170,Interest,1976175.0
LIM368,Modimolle-Mookgopong,2025,0200,Suppliers and employees,-190884931.0
LIM368,Modimolle-Mookgopong,2025,0310,Capital assets,-108085096.0
LIM368,Modimolle-Mookgopong,2025,0420,Cash/cash equivalents at the year begin:,22191461.0
LIM368,Modimolle-Mookgopong,2025,0430,Cash/cash equivalents at the year end:,585037717.0
LIM471,Ephraim Mogale,2025,0120,Property rates,35382645.0
LIM471,Ephraim Mogale,2025,0130,Service charges,113685009.0
LIM471,Ephraim Mogale,2025,0140,Other revenue,47310404.0
LIM471,Ephraim Mogale,2025,0150,Transfers and Subsidies - Operational,206784800.0
LIM471,Ephraim Mogale,2025,0160,Transfers and Subsidies - Capital,63796000.0
LIM471,Ephraim Mogale,2025,0200,Suppliers and employees,-355796069.0
LIM471,Ephraim Mogale,2025,0260,Proceeds on disposal of PPE,362645.0
LIM471,Ephraim Mogale,2025,0280,Decrease (increase) in non-current receivables,-454662.0
LIM471,Ephraim Mogale,2025,0310,Capital assets,-96135082.0
LIM471,Ephraim Mogale,2025,0420,Cash/cash equivalents at the year begin:,301459377.0
LIM471,Ephraim Mogale,2025,0430,Cash/cash equivalents at the year end:,316395067.0
LIM472,Elias Motsoaledi,2025,0120,Property rates,51044693.0
LIM472,Elias Motsoaledi,2025,0130,Service charges,163762395.0
LIM472,Elias Motsoaledi,2025,0140,Other revenue,27788083.0
LIM472,Elias Motsoaledi,2025,0150,Transfers and Subsidies - Operational,390682661.0
LIM472,Elias Motsoaledi,2025,0160,Transfers and Subsidies - Capital,140508000.0
LIM472,Elias Motsoaledi,2025,0170,Interest,5317649.0
LIM472,Elias Motsoaledi,2025,0200,Suppliers and employees,-613927282.0
LIM472,Elias Motsoaledi,2025,0220,Transfers and Subsidies,-2867.0
LIM472,Elias Motsoaledi,2025,0290,Decrease (increase) in non-current investments,-1107605.0
LIM472,Elias Motsoaledi,2025,0310,Capital assets,-114732670.0
LIM472,Elias Motsoaledi,2025,0370,Increase (decrease) in consumer deposits,3600.0
LIM472,Elias Motsoaledi,2025,0390,Repayment of borrowing,-8581432.0
LIM472,Elias Motsoaledi,2025,0420,Cash/cash equivalents at the year begin:,22673944.0
LIM472,Elias Motsoaledi,2025,0430,Cash/cash equivalents at the year end:,63429169.0
LIM473,Makhuduthamaga,2025,0120,Property rates,85837889.0
LIM473,Makhuduthamaga,2025,0130,Service charges,788266.0
LIM473,Makhuduthamaga,2025,0140,Other revenue,196548284.0
LIM473,Makhuduthamaga,2025,0150,Transfers and Subsidies - Operational,1083946426.0
LIM473,Makhuduthamaga,2025,0160,Transfers and Subsidies - Capital,286882000.0
LIM473,Makhuduthamaga,2025,0170,Interest,3612907.0
LIM473,Makhuduthamaga,2025,0200,Suppliers and employees,-1757340722.0
LIM473,Makhuduthamaga,2025,0310,Capital assets,-145106973.0
LIM473,Makhuduthamaga,2025,0430,Cash/cash equivalents at the year end:,-244831923.0
LIM476,Tubatse Fetakgomo,2025,0120,Property rates,156664271.0
LIM476,Tubatse Fetakgomo,2025,0130,Service charges,20400944.0
LIM476,Tubatse Fetakgomo,2025,0140,Other revenue,82682675.0
LIM476,Tubatse Fetakgomo,2025,0150,Transfers and Subsidies - Operational,622576915.0
LIM476,Tubatse Fetakgomo,2025,0160,Transfers and Subsidies - Capital,199144000.0
LIM476,Tubatse Fetakgomo,2025,0170,Interest,12703080.0
LIM476,Tubatse Fetakgomo,2025,0200,Suppliers and employees,-545896114.0
LIM476,Tubatse Fetakgomo,2025,0290,Decrease (increase) in non-current investments,-5295000.0
LIM476,Tubatse Fetakgomo,2025,0310,Capital assets,-344832384.0
LIM476,Tubatse Fetakgomo,2025,0360,Borrowing long term/refinancing,-45099389.0
LIM476,Tubatse Fetakgomo,2025,0420,Cash/cash equivalents at the year begin:,283676088.0
LIM476,Tubatse Fetakgomo,2025,0430,Cash/cash equivalents at the year end:,436725086.0
MAN,Mangaung,2025,0120,Property rates,992172547.0
MAN,Mangaung,2025,0130,Service charges,4369596711.0
MAN,Mangaung,2025,0140,Other revenue,10296131598.0
MAN,Mangaung,2025,0150,Transfers and Subsidies - Operational,1272238549.0
MAN,Mangaung,2025,0160,Transfers and Subsidies - Capital,769341941.0
MAN,Mangaung,2025,0170,Interest,158171901.0
MAN,Mangaung,2025,0180,Dividends,9271.0
MAN,Mangaung,2025,0200,Suppliers and employees,-7856042061.0
MAN,Mangaung,2025,0260,Proceeds on disposal of PPE,30488963.0
MAN,Mangaung,2025,0280,Decrease (increase) in non-current receivables,-53903.0
MAN,Mangaung,2025,0290,Decrease (increase) in non-current investments,-14944.0
MAN,Mangaung,2025,0310,Capital assets,-823084709.0
MAN,Mangaung,2025,0350,Short term loans,-25261730.0
MAN,Mangaung,2025,0360,Borrowing long term/refinancing,-8643336.0
MAN,Mangaung,2025,0390,Repayment of borrowing,-191834727.0
MAN,Mangaung,2025,0420,Cash/cash equivalents at the year begin:,494860923.0
MAN,Mangaung,2025,0430,Cash/cash equivalents at the year end:,9478076994.0
MP301,Albert Luthuli,2025,0120,Property rates,59658011.0
MP301,Albert Luthuli,2025,0130,Service charges,68209233.0
MP301,Albert Luthuli,2025,0140,Other revenue,45438792.0
MP301,Albert Luthuli,2025,0150,Transfers and Subsidies - Operational,460012673.0
MP301,Albert Luthuli,2025,0160,Transfers and Subsidies - Capital,462209000.0
MP301,Albert Luthuli,2025,0170,Interest,24101382.0
MP301,Albert Luthuli,2025,0200,Suppliers and employees,-182811878.0
MP301,Albert Luthuli,2025,0290,Decrease (increase) in non-current investments,-102626.0
MP301,Albert Luthuli,2025,0310,Capital assets,-449231814.0
MP301,Albert Luthuli,2025,0420,Cash/cash equivalents at the year begin:,20780861.0
MP301,Albert Luthuli,2025,0430,Cash/cash equivalents at the year end:,508263634.0
MP302,Msukaligwa,2025,0120,Property rates,63803358.0
MP302,Msukaligwa,2025,0130,Service charges,145751003.0
MP302,Msukaligwa,2025,0140,Other revenue,209402225.0
MP302,Msukaligwa,2025,0150,Transfers and Subsidies - Operational,99354442.0
MP302,Msukaligwa,2025,0160,Transfers and Subsidies - Capital,46881000.0
MP302,Msukaligwa,2025,0170,Interest,4392890.0
MP302,Msukaligwa,2025,0200,Suppliers and employees,-176342130.0
MP302,Msukaligwa,2025,0260,Proceeds on disposal of PPE,2472017.0
MP302,Msukaligwa,2025,0310,Capital assets,48687793.0
MP302,Msukaligwa,2025,0360,Borrowing long term/refinancing,450122.0
MP302,Msukaligwa,2025,0370,Increase (decrease) in consumer deposits,-1094.0
MP302,Msukaligwa,2025,0420,Cash/cash equivalents at the year begin:,59336340.0
MP302,Msukaligwa,2025,0430,Cash/cash equivalents at the year end:,504187966.0
MP303,Mkhondo,2025,0120,Property rates,80613516.0
MP303,Mkhondo,2025,0130,Service charges,188552302.0
MP303,Mkhondo,2025,0140,Other revenue,26168301.0
MP303,Mkhondo,2025,0150,Transfers and Subsidies - Operational,26332064.0
MP303,Mkhondo,2025,0160,Transfers and Subsidies - Capital,151453119.0
MP303,Mkhondo,2025,0170,Interest,4972553.0
MP303,Mkhondo,2025,0200,Suppliers and employees,-356860372.0
MP303,Mkhondo,2025,0260,Proceeds on disposal of PPE,900.0
MP303,Mkhondo,2025,0290,Decrease (increase) in non-current investments,-50929.0
MP303,Mkhondo,2025,0310,Capital assets,-162980002.0
MP303,Mkhondo,2025,0370,Increase (decrease) in consumer deposits,11194.0
MP303,Mkhondo,2025,0420,Cash/cash equivalents at the year begin:,8820964.0
MP303,Mkhondo,2025,0430,Cash/cash equivalents at the year end:,-32966390.0
MP304,Pixley Ka Seme (MP),2025,0120,Property rates,39240743.0
MP304,Pixley Ka Seme (MP),2025,0130,Service charges,116461721.0
MP304,Pixley Ka Seme (MP),2025,0140,Other revenue,34143453.0
MP304,Pixley Ka Seme (MP),2025,0150,Transfers and Subsidies - Operational,167610300.0
MP304,Pixley Ka Seme (MP),2025,0160,Transfers and Subsidies - Capital,54606938.0
MP304,Pixley Ka Seme (MP),2025,0170,Interest,6875421.0
MP304,Pixley Ka Seme (MP),2025,0200,Suppliers and employees,-424848462.0
MP304,Pixley Ka Seme (MP),2025,0310,Capital assets,-84395340.0
MP304,Pixley Ka Seme (MP),2025,0420,Cash/cash equivalents at the year begin:,9367236.0
MP304,Pixley Ka Seme (MP),2025,0430,Cash/cash equivalents at the year end:,-80937990.0
MP305,Lekwa,2025,0120,Property rates,155007217.0
MP305,Lekwa,2025,0130,Service charges,582634855.0
MP305,Lekwa,2025,0140,Other revenue,52899465.0
MP305,Lekwa,2025,0150,Transfers and Subsidies - Operational,194001358.0
MP305,Lekwa,2025,0160,Transfers and Subsidies - Capital,395926182.0
MP305,Lekwa,2025,0170,Interest,20598533.0
MP305,Lekwa,2025,0200,Suppliers and employees,-647727520.0
MP305,Lekwa,2025,0290,Decrease (increase) in non-current investments,-2089878.0
MP305,Lekwa,2025,0310,Capital assets,-74444705.0
MP305,Lekwa,2025,0420,Cash/cash equivalents at the year begin:,14998242.0
MP305,Lekwa,2025,0430,Cash/cash equivalents at the year end:,691803749.0
MP306,Dipaleseng,2025,0120,Property rates,17682745.0
MP306,Dipaleseng,2025,0130,Service charges,117370766.0
MP306,Dipaleseng,2025,0140,Other revenue,45014296.0
MP306,Dipaleseng,2025,0150,Transfers and Subsidies - Operational,121317308.0
MP306,Dipaleseng,2025,0160,Transfers and Subsidies - Capital,33335000.0
MP306,Dipaleseng,2025,0200,Suppliers and employees,-234561292.0
MP306,Dipaleseng,2025,0310,Capital assets,-27710789.0
MP306,Dipaleseng,2025,0420,Cash/cash equivalents at the year begin:,4374636.0
MP306,Dipaleseng,2025,0430,Cash/cash equivalents at the year end:,76822670.0
MP307,Govan Mbeki,2025,0120,Property rates,334930805.0
MP307,Govan Mbeki,2025,0130,Service charges,1388478067.0
MP307,Govan Mbeki,2025,0140,Other revenue,56494371.0
MP307,Govan Mbeki,2025,0150,Transfers and Subsidies - Operational,490644066.0
MP307,Govan Mbeki,2025,0160,Transfers and Subsidies - Capital,119543006.0
MP307,Govan Mbeki,2025,0170,Interest,12857111.0
MP307,Govan Mbeki,2025,0200,Suppliers and employees,-1365702887.0
MP307,Govan Mbeki,2025,0280,Decrease (increase) in non-current receivables,174806.0
MP307,Govan Mbeki,2025,0310,Capital assets,-164945325.0
MP307,Govan Mbeki,2025,0420,Cash/cash equivalents at the year begin:,25751184.0
MP307,Govan Mbeki,2025,0430,Cash/cash equivalents at the year end:,898225204.0
MP312,Emalahleni (MP),2025,0120,Property rates,552433977.0
MP312,Emalahleni (MP),2025,0130,Service charges,1781799576.0
MP312,Emalahleni (MP),2025,0140,Other revenue,97485353.0
MP312,Emalahleni (MP),2025,0150,Transfers and Subsidies - Operational,732601591.0
MP312,Emalahleni (MP),2025,0160,Transfers and Subsidies - Capital,190631000.0
MP312,Emalahleni (MP),2025,0170,Interest,2406061.0
MP312,Emalahleni (MP),2025,0180,Dividends,499886.0
MP312,Emalahleni (MP),2025,0200,Suppliers and employees,-2642273537.0
MP312,Emalahleni (MP),2025,0290,Decrease (increase) in non-current investments,-21692.0
MP312,Emalahleni (MP),2025,0310,Capital assets,-164873170.0
MP312,Emalahleni (MP),2025,0420,Cash/cash equivalents at the year begin:,45270338.0
MP312,Emalahleni (MP),2025,0430,Cash/cash equivalents at the year end:,595959383.0
MP313,Steve Tshwete,2025,0120,Property rates,284227429.0
MP313,Steve Tshwete,2025,0130,Service charges,758742240.0
MP313,Steve Tshwete,2025,0140,Other revenue,233807006.0
MP313,Steve Tshwete,2025,0150,Transfers and Subsidies - Operational,528179144.0
MP313,Steve Tshwete,2025,0160,Transfers and Subsidies - Capital,142155470.0
MP313,Steve Tshwete,2025,0170,Interest,3147810.0
MP313,Steve Tshwete,2025,0200,Suppliers and employees,-1906642569.0
MP313,Steve Tshwete,2025,0310,Capital assets,-203804874.0
MP313,Steve Tshwete,2025,0390,Repayment of borrowing,-39288901.0
MP313,Steve Tshwete,2025,0420,Cash/cash equivalents at the year begin:,31023406.0
MP313,Steve Tshwete,2025,0430,Cash/cash equivalents at the year end:,-168453839.0
MP314,Emakhazeni,2025,0120,Property rates,40415161.0
MP314,Emakhazeni,2025,0130,Service charges,99323073.0
MP314,Emakhazeni,2025,0140,Other revenue,43002677.0
MP314,Emakhazeni,2025,0150,Transfers and Subsidies - Operational,103198255.0
MP314,Emakhazeni,2025,0160,Transfers and Subsidies - Capital,76372827.0
MP314,Emakhazeni,2025,0170,Interest,1437656.0
MP314,Emakhazeni,2025,0200,Suppliers and employees,-91340206.0
MP314,Emakhazeni,2025,0310,Capital assets,-72814145.0
MP314,Emakhazeni,2025,0420,Cash/cash equivalents at the year begin:,16210509.0
MP314,Emakhazeni,2025,0430,Cash/cash equivalents at the year end:,215805807.0
MP316,Dr J.S. Moroka,2025,0120,Property rates,32348736.0
MP316,Dr J.S. Moroka,2025,0130,Service charges,18956413.0
MP316,Dr J.S. Moroka,2025,0140,Other revenue,112236460.0
MP316,Dr J.S. Moroka,2025,0150,Transfers and Subsidies - Operational,526697055.0
MP316,Dr J.S. Moroka,2025,0160,Transfers and Subsidies - Capital,1391000.0
MP316,Dr J.S. Moroka,2025,0170,Interest,8429663.0
MP316,Dr J.S. Moroka,2025,0200,Suppliers and employees,-264065183.0
MP316,Dr J.S. Moroka,2025,0310,Capital assets,-133648547.0
MP316,Dr J.S. Moroka,2025,0420,Cash/cash equivalents at the year begin:,1561233.0
MP316,Dr J.S. Moroka,2025,0430,Cash/cash equivalents at the year end:,303906830.0
MP321,Thaba Chweu,2025,0120,Property rates,98788921.0
MP321,Thaba Chweu,2025,0130,Service charges,208095590.0
MP321,Thaba Chweu,2025,0140,Other revenue,24712479.0
MP321,Thaba Chweu,2025,0150,Transfers and Subsidies - Operational,226391390.0
MP321,Thaba Chweu,2025,0160,Transfers and Subsidies - Capital,123468000.0
MP321,Thaba Chweu,2025,0170,Interest,7288405.0
MP321,Thaba Chweu,2025,0200,Suppliers and employees,-448170757.0
MP321,Thaba Chweu,2025,0310,Capital assets,-151774571.0
MP321,Thaba Chweu,2025,0370,Increase (decrease) in consumer deposits,12040092.0
MP321,Thaba Chweu,2025,0420,Cash/cash equivalents at the year begin:,480607.0
MP321,Thaba Chweu,2025,0430,Cash/cash equivalents at the year end:,101320156.0
MP324,Nkomazi,2025,0120,Property rates,103436852.0
MP324,Nkomazi,2025,0130,Service charges,204281432.0
MP324,Nkomazi,2025,0140,Other revenue,578018093.0
MP324,Nkomazi,2025,0150,Transfers and Subsidies - Operational,848678815.0
MP324,Nkomazi,2025,0160,Transfers and Subsidies - Capital,347334000.0
MP324,Nkomazi,2025,0170,Interest,5177927.0
MP324,Nkomazi,2025,0200,Suppliers and employees,-317002814.0
MP324,Nkomazi,2025,0260,Proceeds on disposal of PPE,1255021.0
MP324,Nkomazi,2025,0310,Capital assets,-299288240.0
MP324,Nkomazi,2025,0350,Short term loans,-477333.0
MP324,Nkomazi,2025,0360,Borrowing long term/refinancing,1299935.0
MP324,Nkomazi,2025,0390,Repayment of borrowing,-1248496.0
MP324,Nkomazi,2025,0420,Cash/cash equivalents at the year begin:,-138159072.0
MP324,Nkomazi,2025,0430,Cash/cash equivalents at the year end:,1333306120.0
MP325,Bushbuckridge,2025,0120,Property rates,276367568.0
MP325,Bushbuckridge,2025,0130,Service charges,16822043.0
MP325,Bushbuckridge,2025,0140,Other revenue,187404005.0
MP325,Bushbuckridge,2025,0150,Transfers and Subsidies - Operational,1789796189.0
MP325,Bushbuckridge,2025,0160,Transfers and Subsidies - Capital,1514705545.0
MP325,Bushbuckridge,2025,0170,Interest,20441798.0
MP325,Bushbuckridge,2025,0200,Suppliers and employees,-4612166560.0
MP325,Bushbuckridge,2025,0310,Capital assets,-1072232289.0
MP325,Bushbuckridge,2025,0420,Cash/cash equivalents at the year begin:,9758589.0
MP325,Bushbuckridge,2025,0430,Cash/cash equivalents at the year end:,-1869103112.0
MP326,City of Mbombela,2025,0120,Property rates,821982362.0
MP326,City of Mbombela,2025,0130,Service charges,1845691475.0
MP326,City of Mbombela,2025,0140,Other revenue,1934947984.0
MP326,City of Mbombela,2025,0150,Transfers and Subsidies - Operational,1133444000.0
MP326,City of Mbombela,2025,0160,Transfers and Subsidies - Capital,460646999.0
MP326,City of Mbombela,2025,0170,Interest,8552158.0
MP326,City of Mbombela,2025,0200,Suppliers and employees,-5794888227.0
MP326,City of Mbombela,2025,0280,Decrease (increase) in non-current receivables,-3081.0
MP326,City of Mbombela,2025,0310,Capital assets,-793760610.0
MP326,City of Mbombela,2025,0360,Borrowing long term/refinancing,-961630.0
MP326,City of Mbombela,2025,0370,Increase (decrease) in consumer deposits,-145081.0
MP326,City of Mbombela,2025,0420,Cash/cash equivalents at the year begin:,140091134.0
MP326,City of Mbombela,2025,0430,Cash/cash equivalents at the year end:,-244402517.0
NC061,Richtersveld,2025,0140,Other revenue,180355145.0
NC061,Richtersveld,2025,0150,Transfers and Subsidies - Operational,105548446.0
NC061,Richtersveld,2025,0200,Suppliers and employees,-138151098.0
NC061,Richtersveld,2025,0420,Cash/cash equivalents at the year begin:,261322.0
NC061,Richtersveld,2025,0430,Cash/cash equivalents at the year end:,148013815.0
NC062,Nama Khoi,2025,0120,Property rates,10800000.0
NC062,Nama Khoi,2025,0140,Other revenue,712668067.0
NC062,Nama Khoi,2025,0150,Transfers and Subsidies - Operational,452312663.0
NC062,Nama Khoi,2025,0170,Interest,823981.0
NC062,Nama Khoi,2025,0200,Suppliers and employees,-519608526.0
NC062,Nama Khoi,2025,0280,Decrease (increase) in non-current receivables,1191117.0
NC062,Nama Khoi,2025,0390,Repayment of borrowing,-253723.0
NC062,Nama Khoi,2025,0420,Cash/cash equivalents at the year begin:,44220036.0
NC062,Nama Khoi,2025,0430,Cash/cash equivalents at the year end:,702153615.0
NC064,Kamiesberg,2025,0120,Property rates,5202379.0
NC064,Kamiesberg,2025,0130,Service charges,12053654.0
NC064,Kamiesberg,2025,0140,Other revenue,757355.0
NC064,Kamiesberg,2025,0150,Transfers and Subsidies - Operational,48024919.0
NC064,Kamiesberg,2025,0160,Transfers and Subsidies - Capital,6242000.0
NC064,Kamiesberg,2025,0170,Interest,605960.0
NC064,Kamiesberg,2025,0200,Suppliers and employees,-83680583.0
NC064,Kamiesberg,2025,0210,Finance charges,-10801.0
NC064,Kamiesberg,2025,0310,Capital assets,-3450486.0
NC064,Kamiesberg,2025,0370,Increase (decrease) in consumer deposits,22433.0
NC064,Kamiesberg,2025,0420,Cash/cash equivalents at the year begin:,56677.0
NC064,Kamiesberg,2025,0430,Cash/cash equivalents at the year end:,-14176493.0
NC065,Hantam,2025,0120,Property rates,12085742.0
NC065,Hantam,2025,0130,Service charges,63075500.0
NC065,Hantam,2025,0140,Other revenue,251114023.0
NC065,Hantam,2025,0150,Transfers and Subsidies - Operational,41008561.0
NC065,Hantam,2025,0160,Transfers and Subsidies - Capital,124361000.0
NC065,Hantam,2025,0170,Interest,1682937.0
NC065,Hantam,2025,0200,Suppliers and employees,-392887177.0
NC065,Hantam,2025,0260,Proceeds on disposal of PPE,-16157815.0
NC065,Hantam,2025,0310,Capital assets,-97260280.0
NC065,Hantam,2025,0360,Borrowing long term/refinancing,-186450.0
NC065,Hantam,2025,0370,Increase (decrease) in consumer deposits,159618.0
NC065,Hantam,2025,0420,Cash/cash equivalents at the year begin:,17660829.0
NC065,Hantam,2025,0430,Cash/cash equivalents at the year end:,4656488.0
NC066,Karoo Hoogland,2025,0130,Service charges,107725383.0
NC066,Karoo Hoogland,2025,0200,Suppliers and employees,-31770469.0
NC066,Karoo Hoogland,2025,0420,Cash/cash equivalents at the year begin:,10368822.0
NC066,Karoo Hoogland,2025,0430,Cash/cash equivalents at the year end:,86323736.0
NC067,Khai-Ma,2025,0120,Property rates,30296625.0
NC067,Khai-Ma,2025,0130,Service charges,13016516.0
NC067,Khai-Ma,2025,0140,Other revenue,12947307.0
NC067,Khai-Ma,2025,0150,Transfers and Subsidies - Operational,42734946.0
NC067,Khai-Ma,2025,0160,Transfers and Subsidies - Capital,18526000.0
NC067,Khai-Ma,2025,0200,Suppliers and employees,-90022414.0
NC067,Khai-Ma,2025,0310,Capital assets,-24750281.0
NC067,Khai-Ma,2025,0370,Increase (decrease) in consumer deposits,2562.0
NC067,Khai-Ma,2025,0420,Cash/cash equivalents at the year begin:,867978.0
NC067,Khai-Ma,2025,0430,Cash/cash equivalents at the year end:,3619239.0
NC071,Ubuntu,2025,0130,Service charges,40497.0
NC071,Ubuntu,2025,0140,Other revenue,10199.0
NC071,Ubuntu,2025,0170,Interest,3214.0
NC071,Ubuntu,2025,0200,Suppliers and employees,-124609.0
NC071,Ubuntu,2025,0420,Cash/cash equivalents at the year begin:,13377451.0
NC071,Ubuntu,2025,0430,Cash/cash equivalents at the year end:,13306752.0
NC072,Umsobomvu,2025,0120,Property rates,11917036.0
NC072,Umsobomvu,2025,0130,Service charges,57857611.0
NC072,Umsobomvu,2025,0140,Other revenue,87746772.0
NC072,Umsobomvu,2025,0150,Transfers and Subsidies - Operational,77242000.0
NC072,Umsobomvu,2025,0160,Transfers and Subsidies - Capital,29592000.0
NC072,Umsobomvu,2025,0170,Interest,1701251.0
NC072,Umsobomvu,2025,0200,Suppliers and employees,-100202816.0
NC072,Umsobomvu,2025,0310,Capital assets,-23309176.0
NC072,Umsobomvu,2025,0420,Cash/cash equivalents at the year begin:,2403066.0
NC072,Umsobomvu,2025,0430,Cash/cash equivalents at the year end:,144947744.0
NC073,Emthanjeni,2025,0140,Other revenue,72604971.0
NC073,Emthanjeni,2025,0150,Transfers and Subsidies - Operational,578431627.0
NC073,Emthanjeni,2025,0200,Suppliers and employees,-348845178.0
NC073,Emthanjeni,2025,0420,Cash/cash equivalents at the year begin:,28141099.0
NC073,Emthanjeni,2025,0430,Cash/cash equivalents at the year end:,330332519.0
NC074,Kareeberg,2025,0120,Property rates,3607738.0
NC074,Kareeberg,2025,0130,Service charges,18100331.0
NC074,Kareeberg,2025,0140,Other revenue,11826542.0
NC074,Kareeberg,2025,0150,Transfers and Subsidies - Operational,31531000.0
NC074,Kareeberg,2025,0160,Transfers and Subsidies - Capital,13786000.0
NC074,Kareeberg,2025,0170,Interest,1027786.0
NC074,Kareeberg,2025,0200,Suppliers and employees,-76698869.0
NC074,Kareeberg,2025,0310,Capital assets,-11723921.0
NC074,Kareeberg,2025,0370,Increase (decrease) in consumer deposits,34888.0
NC074,Kareeberg,2025,0420,Cash/cash equivalents at the year begin:,41658057.0
NC074,Kareeberg,2025,0430,Cash/cash equivalents at the year end:,33149552.0
NC075,Renosterberg,2025,0120,Property rates,3507518.0
NC075,Renosterberg,2025,0130,Service charges,20752720.0
NC075,Renosterberg,2025,0140,Other revenue,110102376.0
NC075,Renosterberg,2025,0150,Transfers and Subsidies - Operational,35785000.0
NC075,Renosterberg,2025,0160,Transfers and Subsidies - Capital,425419.0
NC075,Renosterberg,2025,0170,Interest,-468291.0
NC075,Renosterberg,2025,0200,Suppliers and employees,-22195276.0
NC075,Renosterberg,2025,0260,Proceeds on disposal of PPE,-711715.0
NC075,Renosterberg,2025,0370,Increase (decrease) in consumer deposits,76066.0
NC075,Renosterberg,2025,0420,Cash/cash equivalents at the year begin:,4142928.0
NC075,Renosterberg,2025,0430,Cash/cash equivalents at the year end:,151416745.0
NC076,Thembelihle,2025,0200,Suppliers and employees,-80475911.0
NC076,Thembelihle,2025,0420,Cash/cash equivalents at the year begin:,219810.0
NC076,Thembelihle,2025,0430,Cash/cash equivalents at the year end:,-80256101.0
NC077,Siyathemba,2025,0200,Suppliers and employees,-64674422.0
NC077,Siyathemba,2025,0420,Cash/cash equivalents at the year begin:,7444392.0
NC077,Siyathemba,2025,0430,Cash/cash equivalents at the year end:,-57230030.0
NC078,Siyancuma,2025,0200,Suppliers and employees,-271641334.0
NC078,Siyancuma,2025,0420,Cash/cash equivalents at the year begin:,11516501.0
NC078,Siyancuma,2025,0430,Cash/cash equivalents at the year end:,-260124833.0
NC082,!Kai! Garib,2025,0200,Suppliers and employees,-718897362.0
NC082,!Kai! Garib,2025,0420,Cash/cash equivalents at the year begin:,2057876.0
NC082,!Kai! Garib,2025,0430,Cash/cash equivalents at the year end:,-716839486.0
NC085,Tsantsabane,2025,0140,Other revenue,8380000.0
NC085,Tsantsabane,2025,0150,Transfers and Subsidies - Operational,263391822.0
NC085,Tsantsabane,2025,0200,Suppliers and employees,-343836907.0
NC085,Tsantsabane,2025,0260,Proceeds on disposal of PPE,550000.0
NC085,Tsantsabane,2025,0420,Cash/cash equivalents at the year begin:,10079081.0
NC085,Tsantsabane,2025,0430,Cash/cash equivalents at the year end:,-61436004.0
NC086,Kgatelopele,2025,0120,Property rates,29962919.0
NC086,Kgatelopele,2025,0130,Service charges,1478423.0
NC086,Kgatelopele,2025,0140,Other revenue,1758085.0
NC086,Kgatelopele,2025,0150,Transfers and Subsidies - Operational,5042838.0
NC086,Kgatelopele,2025,0170,Interest,368367.0
NC086,Kgatelopele,2025,0200,Suppliers and employees,194941.0
NC086,Kgatelopele,2025,0210,Finance charges,11339.0
NC086,Kgatelopele,2025,0260,Proceeds on disposal of PPE,88811.0
NC086,Kgatelopele,2025,0310,Capital assets,9752794.0
NC086,Kgatelopele,2025,0420,Cash/cash equivalents at the year begin:,4857487.0
NC086,Kgatelopele,2025,0430,Cash/cash equivalents at the year end:,53516004.0
NC087,Dawid Kruiper,2025,0120,Property rates,127865670.0
NC087,Dawid Kruiper,2025,0130,Service charges,675791237.0
NC087,Dawid Kruiper,2025,0140,Other revenue,52811638.0
NC087,Dawid Kruiper,2025,0150,Transfers and Subsidies - Operational,127925540.0
NC087,Dawid Kruiper,2025,0160,Transfers and Subsidies - Capital,58626444.0
NC087,Dawid Kruiper,2025,0170,Interest,4542831.0
NC087,Dawid Kruiper,2025,0200,Suppliers and employees,-477530465.0
NC087,Dawid Kruiper,2025,0260,Proceeds on disposal of PPE,270973.0
NC087,Dawid Kruiper,2025,0310,Capital assets,-64830320.0
NC087,Dawid Kruiper,2025,0420,Cash/cash equivalents at the year begin:,48574089.0
NC087,Dawid Kruiper,2025,0430,Cash/cash equivalents at the year end:,554047637.0
NC091,Sol Plaatje,2025,0120,Property rates,468755112.0
NC091,Sol Plaatje,2025,0130,Service charges,1254615788.0
NC091,Sol Plaatje,2025,0140,Other revenue,1079730120.0
NC091,Sol Plaatje,2025,0150,Transfers and Subsidies - Operational,312601164.0
NC091,Sol Plaatje,2025,0160,Transfers and Subsidies - Capital,574596846.0
NC091,Sol Plaatje,2025,0170,Interest,29684890.0
NC091,Sol Plaatje,2025,0200,Suppliers and employees,-3202052465.0
NC091,Sol Plaatje,2025,0210,Finance charges,913928.0
NC091,Sol Plaatje,2025,0260,Proceeds on disposal of PPE,6763337.0
NC091,Sol Plaatje,2025,0310,Capital assets,-561572964.0
NC091,Sol Plaatje,2025,0370,Increase (decrease) in consumer deposits,567721.0
NC091,Sol Plaatje,2025,0420,Cash/cash equivalents at the year begin:,113726384.0
NC091,Sol Plaatje,2025,0430,Cash/cash equivalents at the year end:,78329861.0
NC092,Dikgatlong,2025,0200,Suppliers and employees,-308453851.0
NC092,Dikgatlong,2025,0210,Finance charges,-56917.0
NC092,Dikgatlong,2025,0420,Cash/cash equivalents at the year begin:,2087263.0
NC092,Dikgatlong,2025,0430,Cash/cash equivalents at the year end:,-306423505.0
NC093,Magareng,2025,0120,Property rates,5068447.0
NC093,Magareng,2025,0130,Service charges,20156349.0
NC093,Magareng,2025,0140,Other revenue,58430872.0
NC093,Magareng,2025,0150,Transfers and Subsidies - Operational,69243000.0
NC093,Magareng,2025,0160,Transfers and Subsidies - Capital,72544554.0
NC093,Magareng,2025,0170,Interest,789547.0
NC093,Magareng,2025,0200,Suppliers and employees,-126753659.0
NC093,Magareng,2025,0260,Proceeds on disposal of PPE,-300719.0
NC093,Magareng,2025,0310,Capital assets,-62335291.0
NC093,Magareng,2025,0370,Increase (decrease) in consumer deposits,37966.0
NC093,Magareng,2025,0420,Cash/cash equivalents at the year begin:,1104155.0
NC093,Magareng,2025,0430,Cash/cash equivalents at the year end:,37985221.0
NC094,Phokwane,2025,0120,Property rates,22167901.0
NC094,Phokwane,2025,0130,Service charges,175871103.0
NC094,Phokwane,2025,0140,Other revenue,360253.0
NC094,Phokwane,2025,0150,Transfers and Subsidies - Operational,165596000.0
NC094,Phokwane,2025,0160,Transfers and Subsidies - Capital,235679167.0
NC094,Phokwane,2025,0170,Interest,3795329.0
NC094,Phokwane,2025,0200,Suppliers and employees,-163876020.0
NC094,Phokwane,2025,0310,Capital assets,-54527389.0
NC094,Phokwane,2025,0420,Cash/cash equivalents at the year begin:,-38519378.0
NC094,Phokwane,2025,0430,Cash/cash equivalents at the year end:,346546966.0
NC451,Joe Morolong,2025,0150,Transfers and Subsidies - Operational,420718111.0
NC451,Joe Morolong,2025,0160,Transfers and Subsidies - Capital,121347200.0
NC451,Joe Morolong,2025,0170,Interest,2614487.0
NC451,Joe Morolong,2025,0200,Suppliers and employees,-603695438.0
NC451,Joe Morolong,2025,0420,Cash/cash equivalents at the year begin:,17873424.0
NC451,Joe Morolong,2025,0430,Cash/cash equivalents at the year end:,-41142216.0
NC452,Ga-Segonyana,2025,0120,Property rates,46124187.0
NC452,Ga-Segonyana,2025,0130,Service charges,282348360.0
NC452,Ga-Segonyana,2025,0140,Other revenue,140090379.0
NC452,Ga-Segonyana,2025,0150,Transfers and Subsidies - Operational,251317695.0
NC452,Ga-Segonyana,2025,0160,Transfers and Subsidies - Capital,187637225.0
NC452,Ga-Segonyana,2025,0170,Interest,6827717.0
NC452,Ga-Segonyana,2025,0200,Suppliers and employees,-703077725.0
NC452,Ga-Segonyana,2025,0210,Finance charges,-260116.0
NC452,Ga-Segonyana,2025,0310,Capital assets,-198294260.0
NC452,Ga-Segonyana,2025,0390,Repayment of borrowing,-1429143.0
NC452,Ga-Segonyana,2025,0420,Cash/cash equivalents at the year begin:,36946624.0
NC452,Ga-Segonyana,2025,0430,Cash/cash equivalents at the year end:,48230943.0
NC453,Gamagara,2025,0120,Property rates,87626653.0
NC453,Gamagara,2025,0130,Service charges,216992774.0
NC453,Gamagara,2025,0140,Other revenue,596100222.0
NC453,Gamagara,2025,0150,Transfers and Subsidies - Operational,31324.0
NC453,Gamagara,2025,0170,Interest,6351198.0
NC453,Gamagara,2025,0200,Suppliers and employees,-94157147.0
NC453,Gamagara,2025,0260,Proceeds on disposal of PPE,1042314.0
NC453,Gamagara,2025,0310,Capital assets,-64828674.0
NC453,Gamagara,2025,0370,Increase (decrease) in consumer deposits,589835.0
NC453,Gamagara,2025,0420,Cash/cash equivalents at the year begin:,14310210.0
NC453,Gamagara,2025,0430,Cash/cash equivalents at the year end:,764058709.0
NMA,Nelson Mandela Bay,2025,0120,Property rates,-340356159.0
NMA,Nelson Mandela Bay,2025,0140,Other revenue,1706667.0
NMA,Nelson Mandela Bay,2025,0150,Transfers and Subsidies - Operational,-50575.0
NMA,Nelson Mandela Bay,2025,0200,Suppliers and employees,279862348.0
NMA,Nelson Mandela Bay,2025,0280,Decrease (increase) in non-current receivables,-10507048.0
NMA,Nelson Mandela Bay,2025,0420,Cash/cash equivalents at the year begin:,4429660485.0
NMA,Nelson Mandela Bay,2025,0430,Cash/cash equivalents at the year end:,4360315718.0
NW371,Moretele,2025,0120,Property rates,8711462.0
NW371,Moretele,2025,0130,Service charges,700243.0
NW371,Moretele,2025,0140,Other revenue,161384495.0
NW371,Moretele,2025,0150,Transfers and Subsidies - Operational,475048616.0
NW371,Moretele,2025,0160,Transfers and Subsidies - Capital,207823000.0
NW371,Moretele,2025,0170,Interest,59534.0
NW371,Moretele,2025,0200,Suppliers and employees,-310602792.0
NW371,Moretele,2025,0310,Capital assets,-233076166.0
NW371,Moretele,2025,0420,Cash/cash equivalents at the year begin:,271653978.0
NW371,Moretele,2025,0430,Cash/cash equivalents at the year end:,581702370.0
NW372,Madibeng,2025,0120,Property rates,222388745.0
NW372,Madibeng,2025,0130,Service charges,811718495.0
NW372,Madibeng,2025,0140,Other revenue,1690441895.0
NW372,Madibeng,2025,0150,Transfers and Subsidies - Operational,1130534458.0
NW372,Madibeng,2025,0160,Transfers and Subsidies - Capital,375459521.0
NW372,Madibeng,2025,0170,Interest,27942527.0
NW372,Madibeng,2025,0200,Suppliers and employees,-2761999824.0
NW372,Madibeng,2025,0260,Proceeds on disposal of PPE,2728800.0
NW372,Madibeng,2025,0290,Decrease (increase) in non-current investments,-96019.0
NW372,Madibeng,2025,0310,Capital assets,-407359276.0
NW372,Madibeng,2025,0420,Cash/cash equivalents at the year begin:,73747959.0
NW372,Madibeng,2025,0430,Cash/cash equivalents at the year end:,1165507281.0
NW373,Rustenburg,2025,0140,Other revenue,14456019760.0
NW373,Rustenburg,2025,0200,Suppliers and employees,-26904192.0
NW373,Rustenburg,2025,0420,Cash/cash equivalents at the year begin:,655013410.0
NW373,Rustenburg,2025,0430,Cash/cash equivalents at the year end:,15084128978.0
NW374,Kgetlengrivier,2025,0120,Property rates,1927883.0
NW374,Kgetlengrivier,2025,0130,Service charges,2266034.0
NW374,Kgetlengrivier,2025,0140,Other revenue,321907928.0
NW374,Kgetlengrivier,2025,0150,Transfers and Subsidies - Operational,46813899.0
NW374,Kgetlengrivier,2025,0170,Interest,355113.0
NW374,Kgetlengrivier,2025,0200,Suppliers and employees,-88368500.0
NW374,Kgetlengrivier,2025,0260,Proceeds on disposal of PPE,70.0
NW374,Kgetlengrivier,2025,0310,Capital assets,-55552371.0
NW374,Kgetlengrivier,2025,0420,Cash/cash equivalents at the year begin:,4817785.0
NW374,Kgetlengrivier,2025,0430,Cash/cash equivalents at the year end:,234167841.0
NW375,Moses Kotane,2025,0120,Property rates,63602138.0
NW375,Moses Kotane,2025,0130,Service charges,27378940.0
NW375,Moses Kotane,2025,0140,Other revenue,-357135636.0
NW375,Moses Kotane,2025,0150,Transfers and Subsidies - Operational,604193789.0
NW375,Moses Kotane,2025,0160,Transfers and Subsidies - Capital,222552175.0
NW375,Moses Kotane,2025,0170,Interest,21892153.0
NW375,Moses Kotane,2025,0200,Suppliers and employees,169396528.0
NW375,Moses Kotane,2025,0260,Proceeds on disposal of PPE,11863056.0
NW375,Moses Kotane,2025,0310,Capital assets,-48976187.0
NW375,Moses Kotane,2025,0350,Short term loans,-13805211.0
NW375,Moses Kotane,2025,0360,Borrowing long term/refinancing,-93919.0
NW375,Moses Kotane,2025,0390,Repayment of borrowing,-917384.0
NW375,Moses Kotane,2025,0420,Cash/cash equivalents at the year begin:,43586927.0
NW375,Moses Kotane,2025,0430,Cash/cash equivalents at the year end:,743537369.0
NW381,Ratlou,2025,0120,Property rates,731256.0
NW381,Ratlou,2025,0130,Service charges,73475.0
NW381,Ratlou,2025,0140,Other revenue,-17722531.0
NW381,Ratlou,2025,0150,Transfers and Subsidies - Operational,439333866.0
NW381,Ratlou,2025,0160,Transfers and Subsidies - Capital,17565000.0
NW381,Ratlou,2025,0200,Suppliers and employees,-15089235.0
NW381,Ratlou,2025,0420,Cash/cash equivalents at the year begin:,51582024.0
NW381,Ratlou,2025,0430,Cash/cash equivalents at the year end:,476473855.0
NW382,Tswaing,2025,0120,Property rates,10443672.0
NW382,Tswaing,2025,0130,Service charges,52149815.0
NW382,Tswaing,2025,0140,Other revenue,-605993465.0
NW382,Tswaing,2025,0150,Transfers and Subsidies - Operational,164316000.0
NW382,Tswaing,2025,0160,Transfers and Subsidies - Capital,43845000.0
NW382,Tswaing,2025,0170,Interest,1139745.0
NW382,Tswaing,2025,0180,Dividends,30918.0
NW382,Tswaing,2025,0200,Suppliers and employees,152366769.0
NW382,Tswaing,2025,0280,Decrease (increase) in non-current receivables,-7483.0
NW382,Tswaing,2025,0290,Decrease (increase) in non-current investments,-53657.0
NW382,Tswaing,2025,0310,Capital assets,-3530810.0
NW382,Tswaing,2025,0350,Short term loans,-342412.0
NW382,Tswaing,2025,0420,Cash/cash equivalents at the year begin:,1206362.0
NW382,Tswaing,2025,0430,Cash/cash equivalents at the year end:,-184429546.0
NW383,Mafikeng,2025,0120,Property rates,237183664.0
NW383,Mafikeng,2025,0130,Service charges,172968319.0
NW383,Mafikeng,2025,0140,Other revenue,57697159.0
NW383,Mafikeng,2025,0150,Transfers and Subsidies - Operational,435808096.0
NW383,Mafikeng,2025,0160,Transfers and Subsidies - Capital,73106000.0
NW383,Mafikeng,2025,0170,Interest,18723926.0
NW383,Mafikeng,2025,0200,Suppliers and employees,-50159318.0
NW383,Mafikeng,2025,0310,Capital assets,-140224018.0
NW383,Mafikeng,2025,0420,Cash/cash equivalents at the year begin:,194697122.0
NW383,Mafikeng,2025,0430,Cash/cash equivalents at the year end:,999800950.0
NW384,Ditsobotla,2025,0140,Other revenue,35241960.0
NW384,Ditsobotla,2025,0150,Transfers and Subsidies - Operational,3824216636.0
NW384,Ditsobotla,2025,0160,Transfers and Subsidies - Capital,-59390000.0
NW384,Ditsobotla,2025,0200,Suppliers and employees,-11251597.0
NW384,Ditsobotla,2025,0310,Capital assets,549731.0
NW384,Ditsobotla,2025,0420,Cash/cash equivalents at the year begin:,-20704596.0
NW384,Ditsobotla,2025,0430,Cash/cash equivalents at the year end:,3768662134.0
NW385,Ramotshere Moiloa,2025,0150,Transfers and Subsidies - Operational,1146647979.0
NW385,Ramotshere Moiloa,2025,0200,Suppliers and employees,-375332441.0
NW385,Ramotshere Moiloa,2025,0420,Cash/cash equivalents at the year begin:,13739742.0
NW385,Ramotshere Moiloa,2025,0430,Cash/cash equivalents at the year end:,785055280.0
NW392,Naledi (NW),2025,0120,Property rates,9744171.0
NW392,Naledi (NW),2025,0200,Suppliers and employees,-358573509.0
NW392,Naledi (NW),2025,0310,Capital assets,-36682322.0
NW392,Naledi (NW),2025,0420,Cash/cash equivalents at the year begin:,13539417.0
NW392,Naledi (NW),2025,0430,Cash/cash equivalents at the year end:,-371972243.0
NW393,Mamusa,2025,0120,Property rates,11963137.0
NW393,Mamusa,2025,0130,Service charges,47451561.0
NW393,Mamusa,2025,0140,Other revenue,11792033.0
NW393,Mamusa,2025,0150,Transfers and Subsidies - Operational,82278536.0
NW393,Mamusa,2025,0160,Transfers and Subsidies - Capital,18257000.0
NW393,Mamusa,2025,0180,Dividends,568297.0
NW393,Mamusa,2025,0200,Suppliers and employees,-48178519.0
NW393,Mamusa,2025,0260,Proceeds on disposal of PPE,372750.0
NW393,Mamusa,2025,0310,Capital assets,-20560360.0
NW393,Mamusa,2025,0420,Cash/cash equivalents at the year begin:,431815.0
NW393,Mamusa,2025,0430,Cash/cash equivalents at the year end:,104376250.0
NW396,Lekwa-Teemane,2025,0120,Property rates,1423869.0
NW396,Lekwa-Teemane,2025,0130,Service charges,6982005.0
NW396,Lekwa-Teemane,2025,0140,Other revenue,660662112.0
NW396,Lekwa-Teemane,2025,0150,Transfers and Subsidies - Operational,-375900.0
NW396,Lekwa-Teemane,2025,0170,Interest,8119724.0
NW396,Lekwa-Teemane,2025,0200,Suppliers and employees,-93033578.0
NW396,Lekwa-Teemane,2025,0310,Capital assets,3666128.0
NW396,Lekwa-Teemane,2025,0420,Cash/cash equivalents at the year begin:,8.0
NW396,Lekwa-Teemane,2025,0430,Cash/cash equivalents at the year end:,587444368.0
NW397,Kagisano-Molopo,2025,0120,Property rates,428170.0
NW397,Kagisano-Molopo,2025,0140,Other revenue,244392.0
NW397,Kagisano-Molopo,2025,0150,Transfers and Subsidies - Operational,101314819.0
NW397,Kagisano-Molopo,2025,0160,Transfers and Subsidies - Capital,2000000.0
NW397,Kagisano-Molopo,2025,0200,Suppliers and employees,-25108920.0
NW397,Kagisano-Molopo,2025,0310,Capital assets,-11296384.0
NW397,Kagisano-Molopo,2025,0430,Cash/cash equivalents at the year end:,67582077.0
NW403,City of Matlosana,2025,0120,Property rates,444959636.0
NW403,City of Matlosana,2025,0130,Service charges,1378302038.0
NW403,City of Matlosana,2025,0140,Other revenue,2098995046.0
NW403,City of Matlosana,2025,0150,Transfers and Subsidies - Operational,652576000.0
NW403,City of Matlosana,2025,0160,Transfers and Subsidies - Capital,174082000.0
NW403,City of Matlosana,2025,0170,Interest,122902959.0
NW403,City of Matlosana,2025,0200,Suppliers and employees,-1251552413.0
NW403,City of Matlosana,2025,0260,Proceeds on disposal of PPE,-29596761.0
NW403,City of Matlosana,2025,0310,Capital assets,-146564684.0
NW403,City of Matlosana,2025,0420,Cash/cash equivalents at the year begin:,181715217.0
NW403,City of Matlosana,2025,0430,Cash/cash equivalents at the year end:,3625819038.0
NW404,Maquassi Hills,2025,0120,Property rates,22474240.0
NW404,Maquassi Hills,2025,0130,Service charges,81688592.0
NW404,Maquassi Hills,2025,0140,Other revenue,658525386.0
NW404,Maquassi Hills,2025,0150,Transfers and Subsidies - Operational,182187000.0
NW404,Maquassi Hills,2025,0160,Transfers and Subsidies - Capital,1070100.0
NW404,Maquassi Hills,2025,0170,Interest,687163.0
NW404,Maquassi Hills,2025,0200,Suppliers and employees,-403691261.0
NW404,Maquassi Hills,2025,0310,Capital assets,-58546041.0
NW404,Maquassi Hills,2025,0420,Cash/cash equivalents at the year begin:,3244894.0
NW404,Maquassi Hills,2025,0430,Cash/cash equivalents at the year end:,487640073.0
NW405,J B Marks,2025,0120,Property rates,238937344.0
NW405,J B Marks,2025,0130,Service charges,1239132890.0
NW405,J B Marks,2025,0140,Other revenue,977040381.0
NW405,J B Marks,2025,0150,Transfers and Subsidies - Operational,454094481.0
NW405,J B Marks,2025,0160,Transfers and Subsidies - Capital,196899353.0
NW405,J B Marks,2025,0170,Interest,27672894.0
NW405,J B Marks,2025,0180,Dividends,3947449.0
NW405,J B Marks,2025,0200,Suppliers and employees,-1922477930.0
NW405,J B Marks,2025,0260,Proceeds on disposal of PPE,235764.0
NW405,J B Marks,2025,0290,Decrease (increase) in non-current investments,-8115006.0
NW405,J B Marks,2025,0310,Capital assets,-236998050.0
NW405,J B Marks,2025,0370,Increase (decrease) in consumer deposits,4675279.0
NW405,J B Marks,2025,0420,Cash/cash equivalents at the year begin:,-1754679.0
NW405,J B Marks,2025,0430,Cash/cash equivalents at the year end:,973290170.0
TSH,City of Tshwane,2025,0120,Property rates,76942744317.0
TSH,City of Tshwane,2025,0130,Service charges,10742747.0
TSH,City of Tshwane,2025,0140,Other revenue,1667105328.0
TSH,City of Tshwane,2025,0150,Transfers and Subsidies - Operational,4135266870.0
TSH,City of Tshwane,2025,0170,Interest,12864478.0
TSH,City of Tshwane,2025,0200,Suppliers and employees,-4048987792.0
TSH,City of Tshwane,2025,0280,Decrease (increase) in non-current receivables,-15349029.0
TSH,City of Tshwane,2025,0290,Decrease (increase) in non-current investments,1.0
TSH,City of Tshwane,2025,0420,Cash/cash equivalents at the year begin:,791442963.0
TSH,City of Tshwane,2025,0430,Cash/cash equivalents at the year end:,79495829883.0
WC011,Matzikama,2025,0120,Property rates,50848984.0
WC011,Matzikama,2025,0130,Service charges,272612774.0
WC011,Matzikama,2025,0140,Other revenue,55450303.0
WC011,Matzikama,2025,0150,Transfers and Subsidies - Operational,96182524.0
WC011,Matzikama,2025,0160,Transfers and Subsidies - Capital,85159721.0
WC011,Matzikama,2025,0170,Interest,2038893.0
WC011,Matzikama,2025,0200,Suppliers and employees,-709448859.0
WC011,Matzikama,2025,0210,Finance charges,-105875.0
WC011,Matzikama,2025,0220,Transfers and Subsidies,-42500.0
WC011,Matzikama,2025,0260,Proceeds on disposal of PPE,12199.0
WC011,Matzikama,2025,0310,Capital assets,-86487153.0
WC011,Matzikama,2025,0370,Increase (decrease) in consumer deposits,22546.0
WC011,Matzikama,2025,0390,Repayment of borrowing,-1269024.0
WC011,Matzikama,2025,0420,Cash/cash equivalents at the year begin:,2426657.0
WC011,Matzikama,2025,0430,Cash/cash equivalents at the year end:,-232598810.0
WC012,Cederberg,2025,0120,Property rates,65431923.0
WC012,Cederberg,2025,0130,Service charges,245747513.0
WC012,Cederberg,2025,0140,Other revenue,69262271.0
WC012,Cederberg,2025,0150,Transfers and Subsidies - Operational,91984710.0
WC012,Cederberg,2025,0160,Transfers and Subsidies - Capital,55522021.0
WC012,Cederberg,2025,0170,Interest,14082514.0
WC012,Cederberg,2025,0200,Suppliers and employees,-214461259.0
WC012,Cederberg,2025,0280,Decrease (increase) in non-current receivables,78646.0
WC012,Cederberg,2025,0310,Capital assets,-72489679.0
WC012,Cederberg,2025,0420,Cash/cash equivalents at the year begin:,61258216.0
WC012,Cederberg,2025,0430,Cash/cash equivalents at the year end:,316416876.0
WC013,Bergrivier,2025,0120,Property rates,100951172.0
WC013,Bergrivier,2025,0130,Service charges,307242672.0
WC013,Bergrivier,2025,0140,Other revenue,72034963.0
WC013,Bergrivier,2025,0150,Transfers and Subsidies - Operational,74221000.0
WC013,Bergrivier,2025,0160,Transfers and Subsidies - Capital,41609436.0
WC013,Bergrivier,2025,0170,Interest,25035292.0
WC013,Bergrivier,2025,0200,Suppliers and employees,-880321404.0
WC013,Bergrivier,2025,0260,Proceeds on disposal of PPE,7520.0
WC013,Bergrivier,2025,0280,Decrease (increase) in non-current receivables,1785859.0
WC013,Bergrivier,2025,0310,Capital assets,-95557686.0
WC013,Bergrivier,2025,0420,Cash/cash equivalents at the year begin:,194374404.0
WC013,Bergrivier,2025,0430,Cash/cash equivalents at the year end:,-158616772.0
WC014,Saldanha Bay,2025,0120,Property rates,356027217.0
WC014,Saldanha Bay,2025,0130,Service charges,1120032155.0
WC014,Saldanha Bay,2025,0140,Other revenue,124776257.0
WC014,Saldanha Bay,2025,0150,Transfers and Subsidies - Operational,169448769.0
WC014,Saldanha Bay,2025,0160,Transfers and Subsidies - Capital,55223047.0
WC014,Saldanha Bay,2025,0170,Interest,78719943.0
WC014,Saldanha Bay,2025,0200,Suppliers and employees,-1737938389.0
WC014,Saldanha Bay,2025,0210,Finance charges,-11044343.0
WC014,Saldanha Bay,2025,0220,Transfers and Subsidies,-568509.0
WC014,Saldanha Bay,2025,0260,Proceeds on disposal of PPE,4238627.0
WC014,Saldanha Bay,2025,0310,Capital assets,-201693174.0
WC014,Saldanha Bay,2025,0370,Increase (decrease) in consumer deposits,3420044.0
WC014,Saldanha Bay,2025,0390,Repayment of borrowing,-12477071.0
WC014,Saldanha Bay,2025,0420,Cash/cash equivalents at the year begin:,848064515.0
WC014,Saldanha Bay,2025,0430,Cash/cash equivalents at the year end:,796229088.0
WC015,Swartland,2025,0120,Property rates,1076546994.0
WC015,Swartland,2025,0130,Service charges,750360172.0
WC015,Swartland,2025,0140,Other revenue,788978061.0
WC015,Swartland,2025,0150,Transfers and Subsidies - Operational,189817703.0
WC015,Swartland,2025,0160,Transfers and Subsidies - Capital,220789857.0
WC015,Swartland,2025,0170,Interest,23414739.0
WC015,Swartland,2025,0200,Suppliers and employees,-1125723275.0
WC015,Swartland,2025,0210,Finance charges,-3893385.0
WC015,Swartland,2025,0260,Proceeds on disposal of PPE,1688747.0
WC015,Swartland,2025,0290,Decrease (increase) in non-current investments,-33210000.0
WC015,Swartland,2025,0310,Capital assets,-266330514.0
WC015,Swartland,2025,0370,Increase (decrease) in consumer deposits,1966918.0
WC015,Swartland,2025,0390,Repayment of borrowing,-5455716.0
WC015,Swartland,2025,0420,Cash/cash equivalents at the year begin:,470490529.0
WC015,Swartland,2025,0430,Cash/cash equivalents at the year end:,2089440830.0
WC022,Witzenberg,2025,0120,Property rates,3430798.0
WC022,Witzenberg,2025,0130,Service charges,675973114.0
WC022,Witzenberg,2025,0140,Other revenue,15554174.0
WC022,Witzenberg,2025,0150,Transfers and Subsidies - Operational,174172721.0
WC022,Witzenberg,2025,0160,Transfers and Subsidies - Capital,50511144.0
WC022,Witzenberg,2025,0200,Suppliers and employees,-613263208.0
WC022,Witzenberg,2025,0260,Proceeds on disposal of PPE,3080416.0
WC022,Witzenberg,2025,0310,Capital assets,-73932603.0
WC022,Witzenberg,2025,0370,Increase (decrease) in consumer deposits,679751.0
WC022,Witzenberg,2025,0420,Cash/cash equivalents at the year begin:,188992481.0
WC022,Witzenberg,2025,0430,Cash/cash equivalents at the year end:,425198788.0
WC023,Drakenstein,2025,0120,Property rates,466808254.0
WC023,Drakenstein,2025,0130,Service charges,2458821300.0
WC023,Drakenstein,2025,0140,Other revenue,1226623938.0
WC023,Drakenstein,2025,0150,Transfers and Subsidies - Operational,251888616.0
WC023,Drakenstein,2025,0160,Transfers and Subsidies - Capital,606698083.0
WC023,Drakenstein,2025,0170,Interest,90593839.0
WC023,Drakenstein,2025,0200,Suppliers and employees,-1730464734.0
WC023,Drakenstein,2025,0210,Finance charges,-250258390.0
WC023,Drakenstein,2025,0260,Proceeds on disposal of PPE,7472239.0
WC023,Drakenstein,2025,0280,Decrease (increase) in non-current receivables,11659.0
WC023,Drakenstein,2025,0310,Capital assets,-574975185.0
WC023,Drakenstein,2025,0360,Borrowing long term/refinancing,1131701.0
WC023,Drakenstein,2025,0370,Increase (decrease) in consumer deposits,1796421.0
WC023,Drakenstein,2025,0390,Repayment of borrowing,-528540.0
WC023,Drakenstein,2025,0420,Cash/cash equivalents at the year begin:,697505820.0
WC023,Drakenstein,2025,0430,Cash/cash equivalents at the year end:,3253125021.0
WC024,Stellenbosch,2025,0120,Property rates,1149535732.0
WC024,Stellenbosch,2025,0130,Service charges,1270229326.0
WC024,Stellenbosch,2025,0140,Other revenue,114955894.0
WC024,Stellenbosch,2025,0150,Transfers and Subsidies - Operational,1665915.0
WC024,Stellenbosch,2025,0160,Transfers and Subsidies - Capital,8001801.0
WC024,Stellenbosch,2025,0200,Suppliers and employees,-1532772170.0
WC024,Stellenbosch,2025,0280,Decrease (increase) in non-current receivables,-1812621.0
WC024,Stellenbosch,2025,0310,Capital assets,-488414920.0
WC024,Stellenbosch,2025,0420,Cash/cash equivalents at the year begin:,606395479.0
WC024,Stellenbosch,2025,0430,Cash/cash equivalents at the year end:,1127784436.0
WC025,Breede Valley,2025,0120,Property rates,63419584.0
WC025,Breede Valley,2025,0130,Service charges,1038057059.0
WC025,Breede Valley,2025,0140,Other revenue,40231339.0
WC025,Breede Valley,2025,0150,Transfers and Subsidies - Operational,194049515.0
WC025,Breede Valley,2025,0160,Transfers and Subsidies - Capital,68973900.0
WC025,Breede Valley,2025,0170,Interest,33360665.0
WC025,Breede Valley,2025,0200,Suppliers and employees,-847438632.0
WC025,Breede Valley,2025,0210,Finance charges,-36381900.0
WC025,Breede Valley,2025,0280,Decrease (increase) in non-current receivables,3656176.0
WC025,Breede Valley,2025,0310,Capital assets,-197238907.0
WC025,Breede Valley,2025,0370,Increase (decrease) in consumer deposits,141496.0
WC025,Breede Valley,2025,0420,Cash/cash equivalents at the year begin:,218673184.0
WC025,Breede Valley,2025,0430,Cash/cash equivalents at the year end:,579503479.0
WC026,Langeberg,2025,0120,Property rates,98541716.0
WC026,Langeberg,2025,0130,Service charges,896152147.0
WC026,Langeberg,2025,0140,Other revenue,69913132.0
WC026,Langeberg,2025,0150,Transfers and Subsidies - Operational,155333463.0
WC026,Langeberg,2025,0160,Transfers and Subsidies - Capital,34620000.0
WC026,Langeberg,2025,0170,Interest,9498244.0
WC026,Langeberg,2025,0200,Suppliers and employees,-1201816935.0
WC026,Langeberg,2025,0280,Decrease (increase) in non-current receivables,-7657670.0
WC026,Langeberg,2025,0290,Decrease (increase) in non-current investments,-1948.0
WC026,Langeberg,2025,0310,Capital assets,-136647653.0
WC026,Langeberg,2025,0370,Increase (decrease) in consumer deposits,10146.0
WC026,Langeberg,2025,0390,Repayment of borrowing,-889317.0
WC026,Langeberg,2025,0420,Cash/cash equivalents at the year begin:,297094599.0
WC026,Langeberg,2025,0430,Cash/cash equivalents at the year end:,214149924.0
WC031,Theewaterskloof,2025,0120,Property rates,117886479.0
WC031,Theewaterskloof,2025,0130,Service charges,349733220.0
WC031,Theewaterskloof,2025,0140,Other revenue,35082361.0
WC031,Theewaterskloof,2025,0150,Transfers and Subsidies - Operational,125043953.0
WC031,Theewaterskloof,2025,0160,Transfers and Subsidies - Capital,47987737.0
WC031,Theewaterskloof,2025,0170,Interest,5281336.0
WC031,Theewaterskloof,2025,0200,Suppliers and employees,-859756861.0
WC031,Theewaterskloof,2025,0210,Finance charges,-16402810.0
WC031,Theewaterskloof,2025,0260,Proceeds on disposal of PPE,1449298.0
WC031,Theewaterskloof,2025,0290,Decrease (increase) in non-current investments,-24826.0
WC031,Theewaterskloof,2025,0310,Capital assets,-60577694.0
WC031,Theewaterskloof,2025,0370,Increase (decrease) in consumer deposits,718299.0
WC031,Theewaterskloof,2025,0390,Repayment of borrowing,-23067174.0
WC031,Theewaterskloof,2025,0420,Cash/cash equivalents at the year begin:,31009443.0
WC031,Theewaterskloof,2025,0430,Cash/cash equivalents at the year end:,-245637239.0
WC032,Overstrand,2025,0120,Property rates,220320.0
WC032,Overstrand,2025,0130,Service charges,1603108.0
WC032,Overstrand,2025,0140,Other revenue,29064128.0
WC032,Overstrand,2025,0200,Suppliers and employees,-1046106119.0
WC032,Overstrand,2025,0290,Decrease (increase) in non-current investments,70528914.0
WC032,Overstrand,2025,0310,Capital assets,-206239079.0
WC032,Overstrand,2025,0360,Borrowing long term/refinancing,65000000.0
WC032,Overstrand,2025,0390,Repayment of borrowing,-2631771.0
WC032,Overstrand,2025,0420,Cash/cash equivalents at the year begin:,676657705.0
WC032,Overstrand,2025,0430,Cash/cash equivalents at the year end:,-411902794.0
WC033,Cape Agulhas,2025,0120,Property rates,74523863.0
WC033,Cape Agulhas,2025,0130,Service charges,276992656.0
WC033,Cape Agulhas,2025,0140,Other revenue,62342203.0
WC033,Cape Agulhas,2025,0150,Transfers and Subsidies - Operational,46994884.0
WC033,Cape Agulhas,2025,0160,Transfers and Subsidies - Capital,19385000.0
WC033,Cape Agulhas,2025,0170,Interest,4692914.0
WC033,Cape Agulhas,2025,0200,Suppliers and employees,-463887044.0
WC033,Cape Agulhas,2025,0260,Proceeds on disposal of PPE,702548.0
WC033,Cape Agulhas,2025,0280,Decrease (increase) in non-current receivables,1980.0
WC033,Cape Agulhas,2025,0310,Capital assets,-48942597.0
WC033,Cape Agulhas,2025,0370,Increase (decrease) in consumer deposits,670983.0
WC033,Cape Agulhas,2025,0420,Cash/cash equivalents at the year begin:,63298586.0
WC033,Cape Agulhas,2025,0430,Cash/cash equivalents at the year end:,36775976.0
WC034,Swellendam,2025,0120,Property rates,480332380.0
WC034,Swellendam,2025,0130,Service charges,157852827.0
WC034,Swellendam,2025,0140,Other revenue,41619290.0
WC034,Swellendam,2025,0150,Transfers and Subsidies - Operational,157330495.0
WC034,Swellendam,2025,0160,Transfers and Subsidies - Capital,11597826.0
WC034,Swellendam,2025,0180,Dividends,2036.0
WC034,Swellendam,2025,0200,Suppliers and employees,-441834094.0
WC034,Swellendam,2025,0210,Finance charges,-454256.0
WC034,Swellendam,2025,0260,Proceeds on disposal of PPE,3137405.0
WC034,Swellendam,2025,0280,Decrease (increase) in non-current receivables,-456272.0
WC034,Swellendam,2025,0310,Capital assets,-76339555.0
WC034,Swellendam,2025,0360,Borrowing long term/refinancing,4500000.0
WC034,Swellendam,2025,0390,Repayment of borrowing,-412908.0
WC034,Swellendam,2025,0420,Cash/cash equivalents at the year begin:,178516124.0
WC034,Swellendam,2025,0430,Cash/cash equivalents at the year end:,515391298.0
WC041,Kannaland,2025,0120,Property rates,19649595.0
WC041,Kannaland,2025,0130,Service charges,100836310.0
WC041,Kannaland,2025,0140,Other revenue,17288814.0
WC041,Kannaland,2025,0150,Transfers and Subsidies - Operational,56202140.0
WC041,Kannaland,2025,0160,Transfers and Subsidies - Capital,24160150.0
WC041,Kannaland,2025,0200,Suppliers and employees,-94165037.0
WC041,Kannaland,2025,0310,Capital assets,-18713069.0
WC041,Kannaland,2025,0420,Cash/cash equivalents at the year begin:,21362883.0
WC041,Kannaland,2025,0430,Cash/cash equivalents at the year end:,126621786.0
WC042,Hessequa,2025,0120,Property rates,135754878.0
WC042,Hessequa,2025,0130,Service charges,426382672.0
WC042,Hessequa,2025,0140,Other revenue,2630178898.0
WC042,Hessequa,2025,0150,Transfers and Subsidies - Operational,85871827.0
WC042,Hessequa,2025,0160,Transfers and Subsidies - Capital,110675417.0
WC042,Hessequa,2025,0170,Interest,4022214.0
WC042,Hessequa,2025,0200,Suppliers and employees,-2071487365.0
WC042,Hessequa,2025,0210,Finance charges,-13604238.0
WC042,Hessequa,2025,0260,Proceeds on disposal of PPE,1257831.0
WC042,Hessequa,2025,0310,Capital assets,-237138924.0
WC042,Hessequa,2025,0370,Increase (decrease) in consumer deposits,944877.0
WC042,Hessequa,2025,0420,Cash/cash equivalents at the year begin:,487521251.0
WC042,Hessequa,2025,0430,Cash/cash equivalents at the year end:,1560379338.0
WC043,Mossel Bay,2025,0120,Property rates,316118856.0
WC043,Mossel Bay,2025,0130,Service charges,1114226810.0
WC043,Mossel Bay,2025,0140,Other revenue,125677938.0
WC043,Mossel Bay,2025,0150,Transfers and Subsidies - Operational,140007260.0
WC043,Mossel Bay,2025,0160,Transfers and Subsidies - Capital,4548696.0
WC043,Mossel Bay,2025,0200,Suppliers and employees,-764417365.0
WC043,Mossel Bay,2025,0280,Decrease (increase) in non-current receivables,-3833661.0
WC043,Mossel Bay,2025,0290,Decrease (increase) in non-current investments,-30000000.0
WC043,Mossel Bay,2025,0310,Capital assets,-335164334.0
WC043,Mossel Bay,2025,0420,Cash/cash equivalents at the year begin:,580715514.0
WC043,Mossel Bay,2025,0430,Cash/cash equivalents at the year end:,1147879714.0
WC044,George,2025,0120,Property rates,9036496014.0
WC044,George,2025,0130,Service charges,627551777.0
WC044,George,2025,0140,Other revenue,213411055.0
WC044,George,2025,0150,Transfers and Subsidies - Operational,953355355.0
WC044,George,2025,0160,Transfers and Subsidies - Capital,-422242076.0
WC044,George,2025,0200,Suppliers and employees,-3459494018.0
WC044,George,2025,0260,Proceeds on disposal of PPE,182840.0
WC044,George,2025,0280,Decrease (increase) in non-current receivables,-14957235.0
WC044,George,2025,0310,Capital assets,-700908322.0
WC044,George,2025,0360,Borrowing long term/refinancing,345644537.0
WC044,George,2025,0370,Increase (decrease) in consumer deposits,-210574.0
WC044,George,2025,0420,Cash/cash equivalents at the year begin:,1357019040.0
WC044,George,2025,0430,Cash/cash equivalents at the year end:,7935848393.0
WC045,Oudtshoorn,2025,0120,Property rates,139656767.0
WC045,Oudtshoorn,2025,0130,Service charges,583540906.0
WC045,Oudtshoorn,2025,0140,Other revenue,123805467.0
WC045,Oudtshoorn,2025,0150,Transfers and Subsidies - Operational,114410680.0
WC045,Oudtshoorn,2025,0160,Transfers and Subsidies - Capital,37789000.0
WC045,Oudtshoorn,2025,0170,Interest,14879274.0
WC045,Oudtshoorn,2025,0200,Suppliers and employees,-985331870.0
WC045,Oudtshoorn,2025,0210,Finance charges,-24998416.0
WC045,Oudtshoorn,2025,0310,Capital assets,-63222381.0
WC045,Oudtshoorn,2025,0420,Cash/cash equivalents at the year begin:,143902563.0
WC045,Oudtshoorn,2025,0430,Cash/cash equivalents at the year end:,84431990.0
WC047,Bitou,2025,0120,Property rates,1431143.0
WC047,Bitou,2025,0130,Service charges,17721573.0
WC047,Bitou,2025,0140,Other revenue,10286867.0
WC047,Bitou,2025,0150,Transfers and Subsidies - Operational,21966436.0
WC047,Bitou,2025,0160,Transfers and Subsidies - Capital,15802000.0
WC047,Bitou,2025,0170,Interest,5541413.0
WC047,Bitou,2025,0200,Suppliers and employees,-1045203743.0
WC047,Bitou,2025,0310,Capital assets,-152027946.0
WC047,Bitou,2025,0390,Repayment of borrowing,-1351942.0
WC047,Bitou,2025,0420,Cash/cash equivalents at the year begin:,165427188.0
WC047,Bitou,2025,0430,Cash/cash equivalents at the year end:,-960407011.0
WC048,Knysna,2025,0120,Property rates,335163366.0
WC048,Knysna,2025,0130,Service charges,576775314.0
WC048,Knysna,2025,0140,Other revenue,125003283.0
WC048,Knysna,2025,0150,Transfers and Subsidies - Operational,169383057.0
WC048,Knysna,2025,0160,Transfers and Subsidies - Capital,56364000.0
WC048,Knysna,2025,0170,Interest,947510.0
WC048,Knysna,2025,0200,Suppliers and employees,-1243158188.0
WC048,Knysna,2025,0210,Finance charges,-22231351.0
WC048,Knysna,2025,0290,Decrease (increase) in non-current investments,-247513.0
WC048,Knysna,2025,0310,Capital assets,-59837643.0
WC048,Knysna,2025,0370,Increase (decrease) in consumer deposits,-47302.0
WC048,Knysna,2025,0390,Repayment of borrowing,-37589635.0
WC048,Knysna,2025,0420,Cash/cash equivalents at the year begin:,23608755.0
WC048,Knysna,2025,0430,Cash/cash equivalents at the year end:,-75866347.0
WC051,Laingsburg,2025,0120,Property rates,5343006.0
WC051,Laingsburg,2025,0130,Service charges,31179366.0
WC051,Laingsburg,2025,0140,Other revenue,17386470.0
WC051,Laingsburg,2025,0150,Transfers and Subsidies - Operational,35869012.0
WC051,Laingsburg,2025,0160,Transfers and Subsidies - Capital,25466206.0
WC051,Laingsburg,2025,0170,Interest,1582549.0
WC051,Laingsburg,2025,0200,Suppliers and employees,-89917663.0
WC051,Laingsburg,2025,0210,Finance charges,-344.0
WC051,Laingsburg,2025,0260,Proceeds on disposal of PPE,2180000.0
WC051,Laingsburg,2025,0310,Capital assets,-22695571.0
WC051,Laingsburg,2025,0370,Increase (decrease) in consumer deposits,24240.0
WC051,Laingsburg,2025,0420,Cash/cash equivalents at the year begin:,6710474.0
WC051,Laingsburg,2025,0430,Cash/cash equivalents at the year end:,13127745.0
WC052,Prince Albert,2025,0120,Property rates,5546611.0
WC052,Prince Albert,2025,0130,Service charges,40397903.0
WC052,Prince Albert,2025,0140,Other revenue,110584301.0
WC052,Prince Albert,2025,0150,Transfers and Subsidies - Operational,37063608.0
WC052,Prince Albert,2025,0160,Transfers and Subsidies - Capital,24280400.0
WC052,Prince Albert,2025,0170,Interest,5748609.0
WC052,Prince Albert,2025,0200,Suppliers and employees,-84647256.0
WC052,Prince Albert,2025,0310,Capital assets,-24850766.0
WC052,Prince Albert,2025,0420,Cash/cash equivalents at the year begin:,58268175.0
WC052,Prince Albert,2025,0430,Cash/cash equivalents at the year end:,172391585.0
WC053,Beaufort West,2025,0120,Property rates,44064329.0
WC053,Beaufort West,2025,0130,Service charges,152025360.0
WC053,Beaufort West,2025,0140,Other revenue,57167220.0
WC053,Beaufort West,2025,0150,Transfers and Subsidies - Operational,102112389.0
WC053,Beaufort West,2025,0160,Transfers and Subsidies - Capital,29543850.0
WC053,Beaufort West,2025,0170,Interest,1389597.0
WC053,Beaufort West,2025,0200,Suppliers and employees,-397919258.0
WC053,Beaufort West,2025,0280,Decrease (increase) in non-current receivables,-11883983.0
WC053,Beaufort West,2025,0290,Decrease (increase) in non-current investments,889406.0
WC053,Beaufort West,2025,0390,Repayment of borrowing,-1181399.0
WC053,Beaufort West,2025,0420,Cash/cash equivalents at the year begin:,18169797.0
WC053,Beaufort West,2025,0430,Cash/cash equivalents at the year end:,-5622692.0
