demarcation.code,demarcation.label,financial_year_end.year,item.code,item.label,total_amount.sum
BUF,Buffalo City,2020,0100,Bulk Electricity,199342645.0
BUF,Buffalo City,2020,0200,Bulk Water,20478250.0
BUF,Buffalo City,2020,0300,PAYE deductions,25726887.0
BUF,Buffalo City,2020,0400,VAT (output less input),0.0
BUF,Buffalo City,2020,0500,Pensions / Retirement deductions,30822820.0
BUF,Buffalo City,2020,0600,Loan repayments,25898878.0
BUF,Buffalo City,2020,0700,Trade Creditors,161274861.0
BUF,Buffalo City,2020,0800,Auditor General,268528.0
BUF,Buffalo City,2020,0900,Other,749120226.0
BUF,Buffalo City,2020,1000,Total,1212933095.0
DC1,West Coast,2020,0100,Bulk Electricity,0.0
DC1,West Coast,2020,0200,Bulk Water,0.0
DC1,West Coast,2020,0300,PAYE deductions,0.0
DC1,West Coast,2020,0400,VAT (output less input),0.0
DC1,West Coast,2020,0500,Pensions / Retirement deductions,0.0
DC1,West Coast,2020,0600,Loan repayments,0.0
DC1,West Coast,2020,0700,Trade Creditors,12280843.0
DC1,West Coast,2020,0800,Auditor General,0.0
DC1,West Coast,2020,0900,Other,0.0
DC1,West Coast,2020,1000,Total,12280843.0
DC10,Sarah Baartman,2020,0100,Bulk Electricity,0.0
DC10,Sarah Baartman,2020,0200,Bulk Water,0.0
DC10,Sarah Baartman,2020,0300,PAYE deductions,0.0
DC10,Sarah Baartman,2020,0400,VAT (output less input),0.0
DC10,Sarah Baartman,2020,0500,Pensions / Retirement deductions,0.0
DC10,Sarah Baartman,2020,0600,Loan repayments,0.0
DC10,Sarah Baartman,2020,0700,Trade Creditors,4823242.0
DC10,Sarah Baartman,2020,0800,Auditor General,0.0
DC10,Sarah Baartman,2020,0900,Other,0.0
DC10,Sarah Baartman,2020,1000,Total,4823242.0
DC13,Chris Hani,2020,0100,Bulk Electricity,0.0
DC13,Chris Hani,2020,0200,Bulk Water,0.0
DC13,Chris Hani,2020,0300,PAYE deductions,0.0
DC13,Chris Hani,2020,0400,VAT (output less input),0.0
DC13,Chris Hani,2020,0500,Pensions / Retirement deductions,0.0
DC13,Chris Hani,2020,0600,Loan repayments,0.0
DC13,Chris Hani,2020,0700,Trade Creditors,223852813.0
DC13,Chris Hani,2020,0800,Auditor General,0.0
DC13,Chris Hani,2020,0900,Other,0.0
DC13,Chris Hani,2020,1000,Total,223852813.0
DC14,Joe Gqabi,2020,0100,Bulk Electricity,0.0
DC14,Joe Gqabi,2020,0200,Bulk Water,0.0
DC14,Joe Gqabi,2020,0300,PAYE deductions,0.0
DC14,Joe Gqabi,2020,0400,VAT (output less input),0.0
DC14,Joe Gqabi,2020,0500,Pensions / Retirement deductions,0.0
DC14,Joe Gqabi,2020,0600,Loan repayments,0.0
DC14,Joe Gqabi,2020,0700,Trade Creditors,98382197.0
DC14,Joe Gqabi,2020,0800,Auditor General,0.0
DC14,Joe Gqabi,2020,0900,Other,0.0
DC14,Joe Gqabi,2020,1000,Total,98382197.0
DC15,O R Tambo,2020,0100,Bulk Electricity,0.0
DC15,O R Tambo,2020,0200,Bulk Water,0.0
DC15,O R Tambo,2020,0300,PAYE deductions,0.0
DC15,O R Tambo,2020,0400,VAT (output less input),0.0
DC15,O R Tambo,2020,0500,Pensions / Retirement deductions,0.0
DC15,O R Tambo,2020,0600,Loan repayments,0.0
DC15,O R Tambo,2020,0700,Trade Creditors,255560993.0
DC15,O R Tambo,2020,0800,Auditor General,0.0
DC15,O R Tambo,2020,0900,Other,174161598.0
DC15,O R Tambo,2020,1000,Total,429722591.0
DC18,Lejweleputswa,2020,0100,Bulk Electricity,0.0
DC18,Lejweleputswa,2020,0200,Bulk Water,0.0
DC18,Lejweleputswa,2020,0300,PAYE deductions,0.0
DC18,Lejweleputswa,2020,0400,VAT (output less input),27681.0
DC18,Lejweleputswa,2020,0500,Pensions / Retirement deductions,0.0
DC18,Lejweleputswa,2020,0600,Loan repayments,431359.0
DC18,Lejweleputswa,2020,0700,Trade Creditors,126898.0
DC18,Lejweleputswa,2020,0800,Auditor General,0.0
DC18,Lejweleputswa,2020,0900,Other,537847.0
DC18,Lejweleputswa,2020,1000,Total,1123785.0
DC2,Cape Winelands DM,2020,0100,Bulk Electricity,0.0
DC2,Cape Winelands DM,2020,0200,Bulk Water,0.0
DC2,Cape Winelands DM,2020,0300,PAYE deductions,0.0
DC2,Cape Winelands DM,2020,0400,VAT (output less input),0.0
DC2,Cape Winelands DM,2020,0500,Pensions / Retirement deductions,0.0
DC2,Cape Winelands DM,2020,0600,Loan repayments,0.0
DC2,Cape Winelands DM,2020,0700,Trade Creditors,430731.0
DC2,Cape Winelands DM,2020,0800,Auditor General,0.0
DC2,Cape Winelands DM,2020,0900,Other,14295744.0
DC2,Cape Winelands DM,2020,1000,Total,14726475.0
DC20,Fezile Dabi,2020,0100,Bulk Electricity,0.0
DC20,Fezile Dabi,2020,0200,Bulk Water,0.0
DC20,Fezile Dabi,2020,0300,PAYE deductions,0.0
DC20,Fezile Dabi,2020,0400,VAT (output less input),0.0
DC20,Fezile Dabi,2020,0500,Pensions / Retirement deductions,0.0
DC20,Fezile Dabi,2020,0600,Loan repayments,0.0
DC20,Fezile Dabi,2020,0700,Trade Creditors,9993598.0
DC20,Fezile Dabi,2020,0800,Auditor General,0.0
DC20,Fezile Dabi,2020,0900,Other,0.0
DC20,Fezile Dabi,2020,1000,Total,9993598.0
DC21,Ugu,2020,0100,Bulk Electricity,0.0
DC21,Ugu,2020,0200,Bulk Water,203109017.0
DC21,Ugu,2020,0300,PAYE deductions,0.0
DC21,Ugu,2020,0400,VAT (output less input),0.0
DC21,Ugu,2020,0500,Pensions / Retirement deductions,0.0
DC21,Ugu,2020,0600,Loan repayments,0.0
DC21,Ugu,2020,0700,Trade Creditors,239604145.0
DC21,Ugu,2020,0800,Auditor General,1304356.0
DC21,Ugu,2020,0900,Other,0.0
DC21,Ugu,2020,1000,Total,444017518.0
DC22,uMgungundlovu,2020,0100,Bulk Electricity,0.0
DC22,uMgungundlovu,2020,0200,Bulk Water,21430439.0
DC22,uMgungundlovu,2020,0300,PAYE deductions,0.0
DC22,uMgungundlovu,2020,0400,VAT (output less input),0.0
DC22,uMgungundlovu,2020,0500,Pensions / Retirement deductions,0.0
DC22,uMgungundlovu,2020,0600,Loan repayments,0.0
DC22,uMgungundlovu,2020,0700,Trade Creditors,83842244.0
DC22,uMgungundlovu,2020,0800,Auditor General,8640.0
DC22,uMgungundlovu,2020,0900,Other,19125229.0
DC22,uMgungundlovu,2020,1000,Total,124406552.0
DC23,Uthukela,2020,0100,Bulk Electricity,0.0
DC23,Uthukela,2020,0200,Bulk Water,0.0
DC23,Uthukela,2020,0300,PAYE deductions,0.0
DC23,Uthukela,2020,0400,VAT (output less input),0.0
DC23,Uthukela,2020,0500,Pensions / Retirement deductions,0.0
DC23,Uthukela,2020,0600,Loan repayments,0.0
DC23,Uthukela,2020,0700,Trade Creditors,6832690.0
DC23,Uthukela,2020,0800,Auditor General,0.0
DC23,Uthukela,2020,0900,Other,0.0
DC23,Uthukela,2020,1000,Total,6832690.0
DC24,Umzinyathi,2020,0100,Bulk Electricity,0.0
DC24,Umzinyathi,2020,0200,Bulk Water,0.0
DC24,Umzinyathi,2020,0300,PAYE deductions,0.0
DC24,Umzinyathi,2020,0400,VAT (output less input),0.0
DC24,Umzinyathi,2020,0500,Pensions / Retirement deductions,0.0
DC24,Umzinyathi,2020,0600,Loan repayments,0.0
DC24,Umzinyathi,2020,0700,Trade Creditors,7871903.0
DC24,Umzinyathi,2020,0800,Auditor General,0.0
DC24,Umzinyathi,2020,0900,Other,98599371.0
DC24,Umzinyathi,2020,1000,Total,106471274.0
DC25,Amajuba,2020,0100,Bulk Electricity,0.0
DC25,Amajuba,2020,0200,Bulk Water,37051354.0
DC25,Amajuba,2020,0300,PAYE deductions,0.0
DC25,Amajuba,2020,0400,VAT (output less input),0.0
DC25,Amajuba,2020,0500,Pensions / Retirement deductions,0.0
DC25,Amajuba,2020,0600,Loan repayments,0.0
DC25,Amajuba,2020,0700,Trade Creditors,70225459.0
DC25,Amajuba,2020,0800,Auditor General,45288.0
DC25,Amajuba,2020,0900,Other,0.0
DC25,Amajuba,2020,1000,Total,107322101.0
DC26,Zululand,2020,0100,Bulk Electricity,0.0
DC26,Zululand,2020,0200,Bulk Water,0.0
DC26,Zululand,2020,0300,PAYE deductions,0.0
DC26,Zululand,2020,0400,VAT (output less input),0.0
DC26,Zululand,2020,0500,Pensions / Retirement deductions,0.0
DC26,Zululand,2020,0600,Loan repayments,0.0
DC26,Zululand,2020,0700,Trade Creditors,3944757.0
DC26,Zululand,2020,0800,Auditor General,0.0
DC26,Zululand,2020,0900,Other,0.0
DC26,Zululand,2020,1000,Total,3944757.0
DC28,King Cetshwayo,2020,0100,Bulk Electricity,0.0
DC28,King Cetshwayo,2020,0200,Bulk Water,0.0
DC28,King Cetshwayo,2020,0300,PAYE deductions,0.0
DC28,King Cetshwayo,2020,0400,VAT (output less input),0.0
DC28,King Cetshwayo,2020,0500,Pensions / Retirement deductions,0.0
DC28,King Cetshwayo,2020,0600,Loan repayments,0.0
DC28,King Cetshwayo,2020,0700,Trade Creditors,291967462.0
DC28,King Cetshwayo,2020,0800,Auditor General,0.0
DC28,King Cetshwayo,2020,0900,Other,67763210.0
DC28,King Cetshwayo,2020,1000,Total,359730672.0
DC29,iLembe,2020,0100,Bulk Electricity,0.0
DC29,iLembe,2020,0200,Bulk Water,0.0
DC29,iLembe,2020,0300,PAYE deductions,0.0
DC29,iLembe,2020,0400,VAT (output less input),0.0
DC29,iLembe,2020,0500,Pensions / Retirement deductions,0.0
DC29,iLembe,2020,0600,Loan repayments,0.0
DC29,iLembe,2020,0700,Trade Creditors,69639060.0
DC29,iLembe,2020,0800,Auditor General,0.0
DC29,iLembe,2020,0900,Other,-1096426.0
DC29,iLembe,2020,1000,Total,68542634.0
DC3,Overberg,2020,0100,Bulk Electricity,0.0
DC3,Overberg,2020,0200,Bulk Water,0.0
DC3,Overberg,2020,0300,PAYE deductions,0.0
DC3,Overberg,2020,0400,VAT (output less input),0.0
DC3,Overberg,2020,0500,Pensions / Retirement deductions,0.0
DC3,Overberg,2020,0600,Loan repayments,1572952.0
DC3,Overberg,2020,0700,Trade Creditors,0.0
DC3,Overberg,2020,0800,Auditor General,0.0
DC3,Overberg,2020,0900,Other,825.0
DC3,Overberg,2020,1000,Total,1573777.0
DC30,Gert Sibande,2020,0100,Bulk Electricity,0.0
DC30,Gert Sibande,2020,0200,Bulk Water,0.0
DC30,Gert Sibande,2020,0300,PAYE deductions,0.0
DC30,Gert Sibande,2020,0400,VAT (output less input),0.0
DC30,Gert Sibande,2020,0500,Pensions / Retirement deductions,0.0
DC30,Gert Sibande,2020,0600,Loan repayments,0.0
DC30,Gert Sibande,2020,0700,Trade Creditors,1233808.0
DC30,Gert Sibande,2020,0800,Auditor General,0.0
DC30,Gert Sibande,2020,0900,Other,0.0
DC30,Gert Sibande,2020,1000,Total,1233808.0
DC31,Nkangala,2020,0100,Bulk Electricity,0.0
DC31,Nkangala,2020,0200,Bulk Water,0.0
DC31,Nkangala,2020,0300,PAYE deductions,0.0
DC31,Nkangala,2020,0400,VAT (output less input),0.0
DC31,Nkangala,2020,0500,Pensions / Retirement deductions,0.0
DC31,Nkangala,2020,0600,Loan repayments,0.0
DC31,Nkangala,2020,0700,Trade Creditors,0.0
DC31,Nkangala,2020,0800,Auditor General,0.0
DC31,Nkangala,2020,0900,Other,0.0
DC31,Nkangala,2020,1000,Total,0.0
DC32,Ehlanzeni,2020,0100,Bulk Electricity,0.0
DC32,Ehlanzeni,2020,0200,Bulk Water,0.0
DC32,Ehlanzeni,2020,0300,PAYE deductions,0.0
DC32,Ehlanzeni,2020,0400,VAT (output less input),0.0
DC32,Ehlanzeni,2020,0500,Pensions / Retirement deductions,0.0
DC32,Ehlanzeni,2020,0600,Loan repayments,0.0
DC32,Ehlanzeni,2020,0700,Trade Creditors,58242092.0
DC32,Ehlanzeni,2020,0800,Auditor General,0.0
DC32,Ehlanzeni,2020,0900,Other,0.0
DC32,Ehlanzeni,2020,1000,Total,58242092.0
DC33,Mopani,2020,0100,Bulk Electricity,0.0
DC33,Mopani,2020,0200,Bulk Water,0.0
DC33,Mopani,2020,0300,PAYE deductions,0.0
DC33,Mopani,2020,0400,VAT (output less input),0.0
DC33,Mopani,2020,0500,Pensions / Retirement deductions,0.0
DC33,Mopani,2020,0600,Loan repayments,0.0
DC33,Mopani,2020,0700,Trade Creditors,88238954.0
DC33,Mopani,2020,0800,Auditor General,1147486.0
DC33,Mopani,2020,0900,Other,0.0
DC33,Mopani,2020,1000,Total,89386440.0
DC34,Vhembe,2020,0100,Bulk Electricity,0.0
DC34,Vhembe,2020,0200,Bulk Water,0.0
DC34,Vhembe,2020,0300,PAYE deductions,0.0
DC34,Vhembe,2020,0400,VAT (output less input),0.0
DC34,Vhembe,2020,0500,Pensions / Retirement deductions,0.0
DC34,Vhembe,2020,0600,Loan repayments,0.0
DC34,Vhembe,2020,0700,Trade Creditors,14978686.0
DC34,Vhembe,2020,0800,Auditor General,0.0
DC34,Vhembe,2020,0900,Other,0.0
DC34,Vhembe,2020,1000,Total,14978686.0
DC36,Waterberg,2020,0100,Bulk Electricity,0.0
DC36,Waterberg,2020,0200,Bulk Water,0.0
DC36,Waterberg,2020,0300,PAYE deductions,0.0
DC36,Waterberg,2020,0400,VAT (output less input),0.0
DC36,Waterberg,2020,0500,Pensions / Retirement deductions,0.0
DC36,Waterberg,2020,0600,Loan repayments,0.0
DC36,Waterberg,2020,0700,Trade Creditors,7349.0
DC36,Waterberg,2020,0800,Auditor General,0.0
DC36,Waterberg,2020,0900,Other,0.0
DC36,Waterberg,2020,1000,Total,7349.0
DC4,Garden Route,2020,0100,Bulk Electricity,0.0
DC4,Garden Route,2020,0200,Bulk Water,0.0
DC4,Garden Route,2020,0300,PAYE deductions,0.0
DC4,Garden Route,2020,0400,VAT (output less input),0.0
DC4,Garden Route,2020,0500,Pensions / Retirement deductions,0.0
DC4,Garden Route,2020,0600,Loan repayments,0.0
DC4,Garden Route,2020,0700,Trade Creditors,379969.0
DC4,Garden Route,2020,0800,Auditor General,0.0
DC4,Garden Route,2020,0900,Other,0.0
DC4,Garden Route,2020,1000,Total,379969.0
DC40,Dr Kenneth Kaunda,2020,0100,Bulk Electricity,0.0
DC40,Dr Kenneth Kaunda,2020,0200,Bulk Water,0.0
DC40,Dr Kenneth Kaunda,2020,0300,PAYE deductions,0.0
DC40,Dr Kenneth Kaunda,2020,0400,VAT (output less input),0.0
DC40,Dr Kenneth Kaunda,2020,0500,Pensions / Retirement deductions,0.0
DC40,Dr Kenneth Kaunda,2020,0600,Loan repayments,0.0
DC40,Dr Kenneth Kaunda,2020,0700,Trade Creditors,2949649.0
DC40,Dr Kenneth Kaunda,2020,0800,Auditor General,0.0
DC40,Dr Kenneth Kaunda,2020,0900,Other,0.0
DC40,Dr Kenneth Kaunda,2020,1000,Total,2949649.0
DC42,Sedibeng,2020,0100,Bulk Electricity,0.0
DC42,Sedibeng,2020,0200,Bulk Water,0.0
DC42,Sedibeng,2020,0300,PAYE deductions,0.0
DC42,Sedibeng,2020,0400,VAT (output less input),83780.0
DC42,Sedibeng,2020,0500,Pensions / Retirement deductions,0.0
DC42,Sedibeng,2020,0600,Loan repayments,0.0
DC42,Sedibeng,2020,0700,Trade Creditors,0.0
DC42,Sedibeng,2020,0800,Auditor General,0.0
DC42,Sedibeng,2020,0900,Other,224204312.0
DC42,Sedibeng,2020,1000,Total,224288092.0
DC43,Harry Gwala,2020,0100,Bulk Electricity,0.0
DC43,Harry Gwala,2020,0200,Bulk Water,0.0
DC43,Harry Gwala,2020,0300,PAYE deductions,0.0
DC43,Harry Gwala,2020,0400,VAT (output less input),0.0
DC43,Harry Gwala,2020,0500,Pensions / Retirement deductions,0.0
DC43,Harry Gwala,2020,0600,Loan repayments,0.0
DC43,Harry Gwala,2020,0700,Trade Creditors,2585525.0
DC43,Harry Gwala,2020,0800,Auditor General,0.0
DC43,Harry Gwala,2020,0900,Other,0.0
DC43,Harry Gwala,2020,1000,Total,2585525.0
DC44,Alfred Nzo,2020,0100,Bulk Electricity,0.0
DC44,Alfred Nzo,2020,0200,Bulk Water,0.0
DC44,Alfred Nzo,2020,0300,PAYE deductions,0.0
DC44,Alfred Nzo,2020,0400,VAT (output less input),0.0
DC44,Alfred Nzo,2020,0500,Pensions / Retirement deductions,0.0
DC44,Alfred Nzo,2020,0600,Loan repayments,0.0
DC44,Alfred Nzo,2020,0700,Trade Creditors,8137379.0
DC44,Alfred Nzo,2020,0800,Auditor General,0.0
DC44,Alfred Nzo,2020,0900,Other,0.0
DC44,Alfred Nzo,2020,1000,Total,8137379.0
DC45,John Taolo Gaetsewe,2020,0100,Bulk Electricity,735.0
DC45,John Taolo Gaetsewe,2020,0200,Bulk Water,272730.0
DC45,John Taolo Gaetsewe,2020,0300,PAYE deductions,0.0
DC45,John Taolo Gaetsewe,2020,0400,VAT (output less input),0.0
DC45,John Taolo Gaetsewe,2020,0500,Pensions / Retirement deductions,0.0
DC45,John Taolo Gaetsewe,2020,0600,Loan repayments,0.0
DC45,John Taolo Gaetsewe,2020,0700,Trade Creditors,1363916.0
DC45,John Taolo Gaetsewe,2020,0800,Auditor General,0.0
DC45,John Taolo Gaetsewe,2020,0900,Other,0.0
DC45,John Taolo Gaetsewe,2020,1000,Total,1637381.0
DC47,Sekhukhune,2020,0100,Bulk Electricity,0.0
DC47,Sekhukhune,2020,0200,Bulk Water,108870005.0
DC47,Sekhukhune,2020,0300,PAYE deductions,0.0
DC47,Sekhukhune,2020,0400,VAT (output less input),40805496.0
DC47,Sekhukhune,2020,0500,Pensions / Retirement deductions,0.0
DC47,Sekhukhune,2020,0600,Loan repayments,0.0
DC47,Sekhukhune,2020,0700,Trade Creditors,427919726.0
DC47,Sekhukhune,2020,0800,Auditor General,0.0
DC47,Sekhukhune,2020,0900,Other,0.0
DC47,Sekhukhune,2020,1000,Total,577595227.0
DC6,Namakwa,2020,0100,Bulk Electricity,0.0
DC6,Namakwa,2020,0200,Bulk Water,0.0
DC6,Namakwa,2020,0300,PAYE deductions,0.0
DC6,Namakwa,2020,0400,VAT (output less input),0.0
DC6,Namakwa,2020,0500,Pensions / Retirement deductions,0.0
DC6,Namakwa,2020,0600,Loan repayments,0.0
DC6,Namakwa,2020,0700,Trade Creditors,0.0
DC6,Namakwa,2020,0800,Auditor General,0.0
DC6,Namakwa,2020,0900,Other,0.0
DC6,Namakwa,2020,1000,Total,0.0
DC7,Pixley Ka Seme (NC),2020,0100,Bulk Electricity,0.0
DC7,Pixley Ka Seme (NC),2020,0200,Bulk Water,0.0
DC7,Pixley Ka Seme (NC),2020,0300,PAYE deductions,0.0
DC7,Pixley Ka Seme (NC),2020,0400,VAT (output less input),0.0
DC7,Pixley Ka Seme (NC),2020,0500,Pensions / Retirement deductions,0.0
DC7,Pixley Ka Seme (NC),2020,0600,Loan repayments,0.0
DC7,Pixley Ka Seme (NC),2020,0700,Trade Creditors,0.0
DC7,Pixley Ka Seme (NC),2020,0800,Auditor General,741621.0
DC7,Pixley Ka Seme (NC),2020,0900,Other,0.0
DC7,Pixley Ka Seme (NC),2020,1000,Total,741621.0
DC8,Z F Mgcawu,2020,0100,Bulk Electricity,0.0
DC8,Z F Mgcawu,2020,0200,Bulk Water,0.0
DC8,Z F Mgcawu,2020,0300,PAYE deductions,2283637.0
DC8,Z F Mgcawu,2020,0400,VAT (output less input),0.0
DC8,Z F Mgcawu,2020,0500,Pensions / Retirement deductions,1942916.0
DC8,Z F Mgcawu,2020,0600,Loan repayments,6002569.0
DC8,Z F Mgcawu,2020,0700,Trade Creditors,351848.0
DC8,Z F Mgcawu,2020,0800,Auditor General,0.0
DC8,Z F Mgcawu,2020,0900,Other,3264449.0
DC8,Z F Mgcawu,2020,1000,Total,13845419.0
DC9,Frances Baard,2020,0100,Bulk Electricity,0.0
DC9,Frances Baard,2020,0200,Bulk Water,0.0
DC9,Frances Baard,2020,0300,PAYE deductions,0.0
DC9,Frances Baard,2020,0400,VAT (output less input),0.0
DC9,Frances Baard,2020,0500,Pensions / Retirement deductions,0.0
DC9,Frances Baard,2020,0600,Loan repayments,0.0
DC9,Frances Baard,2020,0700,Trade Creditors,0.0
DC9,Frances Baard,2020,0800,Auditor General,0.0
DC9,Frances Baard,2020,0900,Other,16369438.0
DC9,Frances Baard,2020,1000,Total,16369438.0
EC101,Dr Beyers Naude,2020,0100,Bulk Electricity,183268504.0
EC101,Dr Beyers Naude,2020,0200,Bulk Water,0.0
EC101,Dr Beyers Naude,2020,0300,PAYE deductions,9650395.0
EC101,Dr Beyers Naude,2020,0400,VAT (output less input),0.0
EC101,Dr Beyers Naude,2020,0500,Pensions / Retirement deductions,28860040.0
EC101,Dr Beyers Naude,2020,0600,Loan repayments,0.0
EC101,Dr Beyers Naude,2020,0700,Trade Creditors,47829630.0
EC101,Dr Beyers Naude,2020,0800,Auditor General,5069304.0
EC101,Dr Beyers Naude,2020,0900,Other,900.0
EC101,Dr Beyers Naude,2020,1000,Total,274678773.0
EC106,Sundays River Valley,2020,0100,Bulk Electricity,8873418.0
EC106,Sundays River Valley,2020,0200,Bulk Water,0.0
EC106,Sundays River Valley,2020,0300,PAYE deductions,0.0
EC106,Sundays River Valley,2020,0400,VAT (output less input),0.0
EC106,Sundays River Valley,2020,0500,Pensions / Retirement deductions,0.0
EC106,Sundays River Valley,2020,0600,Loan repayments,0.0
EC106,Sundays River Valley,2020,0700,Trade Creditors,24168120.0
EC106,Sundays River Valley,2020,0800,Auditor General,4243840.0
EC106,Sundays River Valley,2020,0900,Other,0.0
EC106,Sundays River Valley,2020,1000,Total,37285378.0
EC108,Kouga,2020,0100,Bulk Electricity,26336498.0
EC108,Kouga,2020,0200,Bulk Water,3931943.0
EC108,Kouga,2020,0300,PAYE deductions,0.0
EC108,Kouga,2020,0400,VAT (output less input),0.0
EC108,Kouga,2020,0500,Pensions / Retirement deductions,0.0
EC108,Kouga,2020,0600,Loan repayments,0.0
EC108,Kouga,2020,0700,Trade Creditors,70945824.0
EC108,Kouga,2020,0800,Auditor General,0.0
EC108,Kouga,2020,0900,Other,2798968.0
EC108,Kouga,2020,1000,Total,104013233.0
EC109,Kou-Kamma,2020,0100,Bulk Electricity,380448.0
EC109,Kou-Kamma,2020,0200,Bulk Water,9993.0
EC109,Kou-Kamma,2020,0300,PAYE deductions,0.0
EC109,Kou-Kamma,2020,0400,VAT (output less input),0.0
EC109,Kou-Kamma,2020,0500,Pensions / Retirement deductions,0.0
EC109,Kou-Kamma,2020,0600,Loan repayments,0.0
EC109,Kou-Kamma,2020,0700,Trade Creditors,625630.0
EC109,Kou-Kamma,2020,0800,Auditor General,6578635.0
EC109,Kou-Kamma,2020,0900,Other,0.0
EC109,Kou-Kamma,2020,1000,Total,7594706.0
EC121,Mbhashe,2020,0100,Bulk Electricity,0.0
EC121,Mbhashe,2020,0200,Bulk Water,0.0
EC121,Mbhashe,2020,0300,PAYE deductions,0.0
EC121,Mbhashe,2020,0400,VAT (output less input),0.0
EC121,Mbhashe,2020,0500,Pensions / Retirement deductions,0.0
EC121,Mbhashe,2020,0600,Loan repayments,0.0
EC121,Mbhashe,2020,0700,Trade Creditors,19040708.0
EC121,Mbhashe,2020,0800,Auditor General,0.0
EC121,Mbhashe,2020,0900,Other,0.0
EC121,Mbhashe,2020,1000,Total,19040708.0
EC126,Ngqushwa,2020,0100,Bulk Electricity,0.0
EC126,Ngqushwa,2020,0200,Bulk Water,0.0
EC126,Ngqushwa,2020,0300,PAYE deductions,0.0
EC126,Ngqushwa,2020,0400,VAT (output less input),0.0
EC126,Ngqushwa,2020,0500,Pensions / Retirement deductions,0.0
EC126,Ngqushwa,2020,0600,Loan repayments,0.0
EC126,Ngqushwa,2020,0700,Trade Creditors,2452862.0
EC126,Ngqushwa,2020,0800,Auditor General,3623.0
EC126,Ngqushwa,2020,0900,Other,291814.0
EC126,Ngqushwa,2020,1000,Total,2748299.0
EC135,Vuyisile Mini,2020,0100,Bulk Electricity,533876.0
EC135,Vuyisile Mini,2020,0200,Bulk Water,0.0
EC135,Vuyisile Mini,2020,0300,PAYE deductions,0.0
EC135,Vuyisile Mini,2020,0400,VAT (output less input),0.0
EC135,Vuyisile Mini,2020,0500,Pensions / Retirement deductions,0.0
EC135,Vuyisile Mini,2020,0600,Loan repayments,0.0
EC135,Vuyisile Mini,2020,0700,Trade Creditors,2425331.0
EC135,Vuyisile Mini,2020,0800,Auditor General,12101.0
EC135,Vuyisile Mini,2020,0900,Other,0.0
EC135,Vuyisile Mini,2020,1000,Total,2971308.0
EC139,Enoch Mgijima,2020,0100,Bulk Electricity,367137306.0
EC139,Enoch Mgijima,2020,0200,Bulk Water,0.0
EC139,Enoch Mgijima,2020,0300,PAYE deductions,0.0
EC139,Enoch Mgijima,2020,0400,VAT (output less input),0.0
EC139,Enoch Mgijima,2020,0500,Pensions / Retirement deductions,0.0
EC139,Enoch Mgijima,2020,0600,Loan repayments,0.0
EC139,Enoch Mgijima,2020,0700,Trade Creditors,67337084.0
EC139,Enoch Mgijima,2020,0800,Auditor General,0.0
EC139,Enoch Mgijima,2020,0900,Other,0.0
EC139,Enoch Mgijima,2020,1000,Total,434474390.0
EC141,Elundini,2020,0100,Bulk Electricity,0.0
EC141,Elundini,2020,0200,Bulk Water,0.0
EC141,Elundini,2020,0300,PAYE deductions,0.0
EC141,Elundini,2020,0400,VAT (output less input),0.0
EC141,Elundini,2020,0500,Pensions / Retirement deductions,0.0
EC141,Elundini,2020,0600,Loan repayments,0.0
EC141,Elundini,2020,0700,Trade Creditors,938915.0
EC141,Elundini,2020,0800,Auditor General,0.0
EC141,Elundini,2020,0900,Other,0.0
EC141,Elundini,2020,1000,Total,938915.0
EC155,Nyandeni,2020,0100,Bulk Electricity,0.0
EC155,Nyandeni,2020,0200,Bulk Water,0.0
EC155,Nyandeni,2020,0300,PAYE deductions,0.0
EC155,Nyandeni,2020,0400,VAT (output less input),878073.0
EC155,Nyandeni,2020,0500,Pensions / Retirement deductions,0.0
EC155,Nyandeni,2020,0600,Loan repayments,0.0
EC155,Nyandeni,2020,0700,Trade Creditors,357156.0
EC155,Nyandeni,2020,0800,Auditor General,0.0
EC155,Nyandeni,2020,0900,Other,0.0
EC155,Nyandeni,2020,1000,Total,1235229.0
EC157,King Sabata Dalindyebo,2020,0100,Bulk Electricity,0.0
EC157,King Sabata Dalindyebo,2020,0200,Bulk Water,0.0
EC157,King Sabata Dalindyebo,2020,0300,PAYE deductions,0.0
EC157,King Sabata Dalindyebo,2020,0400,VAT (output less input),399695993.0
EC157,King Sabata Dalindyebo,2020,0500,Pensions / Retirement deductions,0.0
EC157,King Sabata Dalindyebo,2020,0600,Loan repayments,0.0
EC157,King Sabata Dalindyebo,2020,0700,Trade Creditors,147755824.0
EC157,King Sabata Dalindyebo,2020,0800,Auditor General,3568550.0
EC157,King Sabata Dalindyebo,2020,0900,Other,2049564.0
EC157,King Sabata Dalindyebo,2020,1000,Total,553069931.0
EC441,Matatiele,2020,0100,Bulk Electricity,0.0
EC441,Matatiele,2020,0200,Bulk Water,0.0
EC441,Matatiele,2020,0300,PAYE deductions,0.0
EC441,Matatiele,2020,0400,VAT (output less input),0.0
EC441,Matatiele,2020,0500,Pensions / Retirement deductions,0.0
EC441,Matatiele,2020,0600,Loan repayments,0.0
EC441,Matatiele,2020,0700,Trade Creditors,0.0
EC441,Matatiele,2020,0800,Auditor General,0.0
EC441,Matatiele,2020,0900,Other,0.0
EC441,Matatiele,2020,1000,Total,0.0
EC442,Umzimvubu,2020,0100,Bulk Electricity,0.0
EC442,Umzimvubu,2020,0200,Bulk Water,1104.0
EC442,Umzimvubu,2020,0300,PAYE deductions,0.0
EC442,Umzimvubu,2020,0400,VAT (output less input),0.0
EC442,Umzimvubu,2020,0500,Pensions / Retirement deductions,0.0
EC442,Umzimvubu,2020,0600,Loan repayments,0.0
EC442,Umzimvubu,2020,0700,Trade Creditors,3791423.0
EC442,Umzimvubu,2020,0800,Auditor General,0.0
EC442,Umzimvubu,2020,0900,Other,0.0
EC442,Umzimvubu,2020,1000,Total,3792527.0
EC443,Winnie Madikizela-Mandela,2020,0100,Bulk Electricity,0.0
EC443,Winnie Madikizela-Mandela,2020,0200,Bulk Water,0.0
EC443,Winnie Madikizela-Mandela,2020,0300,PAYE deductions,0.0
EC443,Winnie Madikizela-Mandela,2020,0400,VAT (output less input),0.0
EC443,Winnie Madikizela-Mandela,2020,0500,Pensions / Retirement deductions,0.0
EC443,Winnie Madikizela-Mandela,2020,0600,Loan repayments,0.0
EC443,Winnie Madikizela-Mandela,2020,0700,Trade Creditors,5746736.0
EC443,Winnie Madikizela-Mandela,2020,0800,Auditor General,0.0
EC443,Winnie Madikizela-Mandela,2020,0900,Other,0.0
EC443,Winnie Madikizela-Mandela,2020,1000,Total,5746736.0
EKU,City of Ekurhuleni,2020,0100,Bulk Electricity,1908547661.0
EKU,City of Ekurhuleni,2020,0200,Bulk Water,649808016.0
EKU,City of Ekurhuleni,2020,0300,PAYE deductions,0.0
EKU,City of Ekurhuleni,2020,0400,VAT (output less input),0.0
EKU,City of Ekurhuleni,2020,0500,Pensions / Retirement deductions,0.0
EKU,City of Ekurhuleni,2020,0600,Loan repayments,0.0
EKU,City of Ekurhuleni,2020,0700,Trade Creditors,0.0
EKU,City of Ekurhuleni,2020,0800,Auditor General,1411908.0
EKU,City of Ekurhuleni,2020,0900,Other,0.0
EKU,City of Ekurhuleni,2020,1000,Total,2559767585.0
FS161,Letsemeng,2020,0100,Bulk Electricity,54498695.0
FS161,Letsemeng,2020,0200,Bulk Water,0.0
FS161,Letsemeng,2020,0300,PAYE deductions,0.0
FS161,Letsemeng,2020,0400,VAT (output less input),0.0
FS161,Letsemeng,2020,0500,Pensions / Retirement deductions,0.0
FS161,Letsemeng,2020,0600,Loan repayments,0.0
FS161,Letsemeng,2020,0700,Trade Creditors,32239927.0
FS161,Letsemeng,2020,0800,Auditor General,2798918.0
FS161,Letsemeng,2020,0900,Other,-22696.0
FS161,Letsemeng,2020,1000,Total,89514844.0
FS163,Mohokare,2020,0100,Bulk Electricity,0.0
FS163,Mohokare,2020,0200,Bulk Water,0.0
FS163,Mohokare,2020,0300,PAYE deductions,0.0
FS163,Mohokare,2020,0400,VAT (output less input),0.0
FS163,Mohokare,2020,0500,Pensions / Retirement deductions,0.0
FS163,Mohokare,2020,0600,Loan repayments,0.0
FS163,Mohokare,2020,0700,Trade Creditors,63381327.0
FS163,Mohokare,2020,0800,Auditor General,0.0
FS163,Mohokare,2020,0900,Other,-5569.0
FS163,Mohokare,2020,1000,Total,63375758.0
FS184,Matjhabeng,2020,0100,Bulk Electricity,3337945105.0
FS184,Matjhabeng,2020,0200,Bulk Water,3941486441.0
FS184,Matjhabeng,2020,0300,PAYE deductions,0.0
FS184,Matjhabeng,2020,0400,VAT (output less input),0.0
FS184,Matjhabeng,2020,0500,Pensions / Retirement deductions,12721219.0
FS184,Matjhabeng,2020,0600,Loan repayments,0.0
FS184,Matjhabeng,2020,0700,Trade Creditors,171331938.0
FS184,Matjhabeng,2020,0800,Auditor General,5720945.0
FS184,Matjhabeng,2020,0900,Other,0.0
FS184,Matjhabeng,2020,1000,Total,7469205648.0
FS185,Nala,2020,0100,Bulk Electricity,376820659.0
FS185,Nala,2020,0200,Bulk Water,214200693.0
FS185,Nala,2020,0300,PAYE deductions,0.0
FS185,Nala,2020,0400,VAT (output less input),12024979.0
FS185,Nala,2020,0500,Pensions / Retirement deductions,4470.0
FS185,Nala,2020,0600,Loan repayments,0.0
FS185,Nala,2020,0700,Trade Creditors,34369760.0
FS185,Nala,2020,0800,Auditor General,597920.0
FS185,Nala,2020,0900,Other,47904.0
FS185,Nala,2020,1000,Total,638066385.0
FS191,Setsoto,2020,0100,Bulk Electricity,2206.0
FS191,Setsoto,2020,0200,Bulk Water,0.0
FS191,Setsoto,2020,0300,PAYE deductions,-23715364.0
FS191,Setsoto,2020,0400,VAT (output less input),0.0
FS191,Setsoto,2020,0500,Pensions / Retirement deductions,164188.0
FS191,Setsoto,2020,0600,Loan repayments,0.0
FS191,Setsoto,2020,0700,Trade Creditors,78742835.0
FS191,Setsoto,2020,0800,Auditor General,0.0
FS191,Setsoto,2020,0900,Other,0.0
FS191,Setsoto,2020,1000,Total,55193865.0
FS192,Dihlabeng,2020,0100,Bulk Electricity,404919249.0
FS192,Dihlabeng,2020,0200,Bulk Water,0.0
FS192,Dihlabeng,2020,0300,PAYE deductions,0.0
FS192,Dihlabeng,2020,0400,VAT (output less input),0.0
FS192,Dihlabeng,2020,0500,Pensions / Retirement deductions,0.0
FS192,Dihlabeng,2020,0600,Loan repayments,0.0
FS192,Dihlabeng,2020,0700,Trade Creditors,134450192.0
FS192,Dihlabeng,2020,0800,Auditor General,2397516.0
FS192,Dihlabeng,2020,0900,Other,105617236.0
FS192,Dihlabeng,2020,1000,Total,647384193.0
FS194,Maluti-a-Phofung,2020,0100,Bulk Electricity,901876158.0
FS194,Maluti-a-Phofung,2020,0200,Bulk Water,0.0
FS194,Maluti-a-Phofung,2020,0300,PAYE deductions,0.0
FS194,Maluti-a-Phofung,2020,0400,VAT (output less input),0.0
FS194,Maluti-a-Phofung,2020,0500,Pensions / Retirement deductions,0.0
FS194,Maluti-a-Phofung,2020,0600,Loan repayments,0.0
FS194,Maluti-a-Phofung,2020,0700,Trade Creditors,35481775.0
FS194,Maluti-a-Phofung,2020,0800,Auditor General,1709778.0
FS194,Maluti-a-Phofung,2020,0900,Other,0.0
FS194,Maluti-a-Phofung,2020,1000,Total,939067711.0
FS201,Moqhaka,2020,0100,Bulk Electricity,623233.0
FS201,Moqhaka,2020,0200,Bulk Water,0.0
FS201,Moqhaka,2020,0300,PAYE deductions,0.0
FS201,Moqhaka,2020,0400,VAT (output less input),0.0
FS201,Moqhaka,2020,0500,Pensions / Retirement deductions,0.0
FS201,Moqhaka,2020,0600,Loan repayments,0.0
FS201,Moqhaka,2020,0700,Trade Creditors,30967034.0
FS201,Moqhaka,2020,0800,Auditor General,4257711.0
FS201,Moqhaka,2020,0900,Other,0.0
FS201,Moqhaka,2020,1000,Total,35847978.0
FS203,Ngwathe,2020,0100,Bulk Electricity,1234165648.0
FS203,Ngwathe,2020,0200,Bulk Water,11296968.0
FS203,Ngwathe,2020,0300,PAYE deductions,31801375.0
FS203,Ngwathe,2020,0400,VAT (output less input),0.0
FS203,Ngwathe,2020,0500,Pensions / Retirement deductions,0.0
FS203,Ngwathe,2020,0600,Loan repayments,0.0
FS203,Ngwathe,2020,0700,Trade Creditors,258854456.0
FS203,Ngwathe,2020,0800,Auditor General,6399027.0
FS203,Ngwathe,2020,0900,Other,124386948.0
FS203,Ngwathe,2020,1000,Total,1666904422.0
FS204,Metsimaholo,2020,0100,Bulk Electricity,59991766.0
FS204,Metsimaholo,2020,0200,Bulk Water,16039688.0
FS204,Metsimaholo,2020,0300,PAYE deductions,0.0
FS204,Metsimaholo,2020,0400,VAT (output less input),5809363.0
FS204,Metsimaholo,2020,0500,Pensions / Retirement deductions,0.0
FS204,Metsimaholo,2020,0600,Loan repayments,0.0
FS204,Metsimaholo,2020,0700,Trade Creditors,113725436.0
FS204,Metsimaholo,2020,0800,Auditor General,31159.0
FS204,Metsimaholo,2020,0900,Other,29225776.0
FS204,Metsimaholo,2020,1000,Total,224823188.0
FS205,Mafube,2020,0100,Bulk Electricity,130702961.0
FS205,Mafube,2020,0200,Bulk Water,267219277.0
FS205,Mafube,2020,0300,PAYE deductions,26303239.0
FS205,Mafube,2020,0400,VAT (output less input),0.0
FS205,Mafube,2020,0500,Pensions / Retirement deductions,75166433.0
FS205,Mafube,2020,0600,Loan repayments,0.0
FS205,Mafube,2020,0700,Trade Creditors,0.0
FS205,Mafube,2020,0800,Auditor General,10560828.0
FS205,Mafube,2020,0900,Other,56343306.0
FS205,Mafube,2020,1000,Total,566296044.0
GT421,Emfuleni,2020,0100,Bulk Electricity,2515413461.0
GT421,Emfuleni,2020,0200,Bulk Water,927228287.0
GT421,Emfuleni,2020,0300,PAYE deductions,0.0
GT421,Emfuleni,2020,0400,VAT (output less input),0.0
GT421,Emfuleni,2020,0500,Pensions / Retirement deductions,0.0
GT421,Emfuleni,2020,0600,Loan repayments,0.0
GT421,Emfuleni,2020,0700,Trade Creditors,470405570.0
GT421,Emfuleni,2020,0800,Auditor General,0.0
GT421,Emfuleni,2020,0900,Other,0.0
GT421,Emfuleni,2020,1000,Total,3913047318.0
GT422,Midvaal,2020,0100,Bulk Electricity,37593767.0
GT422,Midvaal,2020,0200,Bulk Water,10006862.0
GT422,Midvaal,2020,0300,PAYE deductions,0.0
GT422,Midvaal,2020,0400,VAT (output less input),0.0
GT422,Midvaal,2020,0500,Pensions / Retirement deductions,0.0
GT422,Midvaal,2020,0600,Loan repayments,0.0
GT422,Midvaal,2020,0700,Trade Creditors,118852999.0
GT422,Midvaal,2020,0800,Auditor General,0.0
GT422,Midvaal,2020,0900,Other,0.0
GT422,Midvaal,2020,1000,Total,166453628.0
GT423,Lesedi,2020,0100,Bulk Electricity,35406743.0
GT423,Lesedi,2020,0200,Bulk Water,7340548.0
GT423,Lesedi,2020,0300,PAYE deductions,2518188.0
GT423,Lesedi,2020,0400,VAT (output less input),0.0
GT423,Lesedi,2020,0500,Pensions / Retirement deductions,2793022.0
GT423,Lesedi,2020,0600,Loan repayments,0.0
GT423,Lesedi,2020,0700,Trade Creditors,24745489.0
GT423,Lesedi,2020,0800,Auditor General,0.0
GT423,Lesedi,2020,0900,Other,0.0
GT423,Lesedi,2020,1000,Total,72803990.0
GT481,Mogale City,2020,0100,Bulk Electricity,253536468.0
GT481,Mogale City,2020,0200,Bulk Water,94847522.0
GT481,Mogale City,2020,0300,PAYE deductions,11746378.0
GT481,Mogale City,2020,0400,VAT (output less input),13042572.0
GT481,Mogale City,2020,0500,Pensions / Retirement deductions,11839312.0
GT481,Mogale City,2020,0600,Loan repayments,4304149.0
GT481,Mogale City,2020,0700,Trade Creditors,378753529.0
GT481,Mogale City,2020,0800,Auditor General,0.0
GT481,Mogale City,2020,0900,Other,2358876.0
GT481,Mogale City,2020,1000,Total,770428806.0
GT484,Merafong City,2020,0100,Bulk Electricity,510660261.0
GT484,Merafong City,2020,0200,Bulk Water,121566868.0
GT484,Merafong City,2020,0300,PAYE deductions,0.0
GT484,Merafong City,2020,0400,VAT (output less input),99398535.0
GT484,Merafong City,2020,0500,Pensions / Retirement deductions,0.0
GT484,Merafong City,2020,0600,Loan repayments,0.0
GT484,Merafong City,2020,0700,Trade Creditors,142599898.0
GT484,Merafong City,2020,0800,Auditor General,7451929.0
GT484,Merafong City,2020,0900,Other,0.0
GT484,Merafong City,2020,1000,Total,881677491.0
GT485,Rand West City,2020,0100,Bulk Electricity,581697701.0
GT485,Rand West City,2020,0200,Bulk Water,18777152.0
GT485,Rand West City,2020,0300,PAYE deductions,0.0
GT485,Rand West City,2020,0400,VAT (output less input),0.0
GT485,Rand West City,2020,0500,Pensions / Retirement deductions,0.0
GT485,Rand West City,2020,0600,Loan repayments,0.0
GT485,Rand West City,2020,0700,Trade Creditors,490870754.0
GT485,Rand West City,2020,0800,Auditor General,28010.0
GT485,Rand West City,2020,0900,Other,0.0
GT485,Rand West City,2020,1000,Total,1091373617.0
JHB,City of Johannesburg,2020,0100,Bulk Electricity,1531931000.0
JHB,City of Johannesburg,2020,0200,Bulk Water,0.0
JHB,City of Johannesburg,2020,0300,PAYE deductions,0.0
JHB,City of Johannesburg,2020,0400,VAT (output less input),0.0
JHB,City of Johannesburg,2020,0500,Pensions / Retirement deductions,0.0
JHB,City of Johannesburg,2020,0600,Loan repayments,0.0
JHB,City of Johannesburg,2020,0700,Trade Creditors,4504354000.0
JHB,City of Johannesburg,2020,0800,Auditor General,0.0
JHB,City of Johannesburg,2020,0900,Other,5861946000.0
JHB,City of Johannesburg,2020,1000,Total,11898231000.0
KZN212,Umdoni,2020,0100,Bulk Electricity,0.0
KZN212,Umdoni,2020,0200,Bulk Water,0.0
KZN212,Umdoni,2020,0300,PAYE deductions,0.0
KZN212,Umdoni,2020,0400,VAT (output less input),0.0
KZN212,Umdoni,2020,0500,Pensions / Retirement deductions,0.0
KZN212,Umdoni,2020,0600,Loan repayments,0.0
KZN212,Umdoni,2020,0700,Trade Creditors,4871165.0
KZN212,Umdoni,2020,0800,Auditor General,0.0
KZN212,Umdoni,2020,0900,Other,0.0
KZN212,Umdoni,2020,1000,Total,4871165.0
KZN213,Umzumbe,2020,0100,Bulk Electricity,0.0
KZN213,Umzumbe,2020,0200,Bulk Water,0.0
KZN213,Umzumbe,2020,0300,PAYE deductions,0.0
KZN213,Umzumbe,2020,0400,VAT (output less input),0.0
KZN213,Umzumbe,2020,0500,Pensions / Retirement deductions,0.0
KZN213,Umzumbe,2020,0600,Loan repayments,0.0
KZN213,Umzumbe,2020,0700,Trade Creditors,588357.0
KZN213,Umzumbe,2020,0800,Auditor General,0.0
KZN213,Umzumbe,2020,0900,Other,45075.0
KZN213,Umzumbe,2020,1000,Total,633432.0
KZN221,uMshwathi,2020,0100,Bulk Electricity,0.0
KZN221,uMshwathi,2020,0200,Bulk Water,0.0
KZN221,uMshwathi,2020,0300,PAYE deductions,0.0
KZN221,uMshwathi,2020,0400,VAT (output less input),0.0
KZN221,uMshwathi,2020,0500,Pensions / Retirement deductions,0.0
KZN221,uMshwathi,2020,0600,Loan repayments,0.0
KZN221,uMshwathi,2020,0700,Trade Creditors,1489718.0
KZN221,uMshwathi,2020,0800,Auditor General,0.0
KZN221,uMshwathi,2020,0900,Other,1441513.0
KZN221,uMshwathi,2020,1000,Total,2931231.0
KZN222,uMngeni,2020,0100,Bulk Electricity,8226719.0
KZN222,uMngeni,2020,0200,Bulk Water,0.0
KZN222,uMngeni,2020,0300,PAYE deductions,0.0
KZN222,uMngeni,2020,0400,VAT (output less input),-3864831.0
KZN222,uMngeni,2020,0500,Pensions / Retirement deductions,0.0
KZN222,uMngeni,2020,0600,Loan repayments,3682938.0
KZN222,uMngeni,2020,0700,Trade Creditors,1738419.0
KZN222,uMngeni,2020,0800,Auditor General,0.0
KZN222,uMngeni,2020,0900,Other,0.0
KZN222,uMngeni,2020,1000,Total,9783245.0
KZN224,Impendle,2020,0100,Bulk Electricity,0.0
KZN224,Impendle,2020,0200,Bulk Water,0.0
KZN224,Impendle,2020,0300,PAYE deductions,0.0
KZN224,Impendle,2020,0400,VAT (output less input),0.0
KZN224,Impendle,2020,0500,Pensions / Retirement deductions,0.0
KZN224,Impendle,2020,0600,Loan repayments,0.0
KZN224,Impendle,2020,0700,Trade Creditors,-107685.0
KZN224,Impendle,2020,0800,Auditor General,0.0
KZN224,Impendle,2020,0900,Other,0.0
KZN224,Impendle,2020,1000,Total,-107685.0
KZN225,Msunduzi,2020,0100,Bulk Electricity,297700406.0
KZN225,Msunduzi,2020,0200,Bulk Water,351888433.0
KZN225,Msunduzi,2020,0300,PAYE deductions,0.0
KZN225,Msunduzi,2020,0400,VAT (output less input),212967459.0
KZN225,Msunduzi,2020,0500,Pensions / Retirement deductions,0.0
KZN225,Msunduzi,2020,0600,Loan repayments,0.0
KZN225,Msunduzi,2020,0700,Trade Creditors,182954701.0
KZN225,Msunduzi,2020,0800,Auditor General,242154.0
KZN225,Msunduzi,2020,0900,Other,610750761.0
KZN225,Msunduzi,2020,1000,Total,1656503914.0
KZN226,Mkhambathini,2020,0100,Bulk Electricity,0.0
KZN226,Mkhambathini,2020,0200,Bulk Water,0.0
KZN226,Mkhambathini,2020,0300,PAYE deductions,0.0
KZN226,Mkhambathini,2020,0400,VAT (output less input),0.0
KZN226,Mkhambathini,2020,0500,Pensions / Retirement deductions,0.0
KZN226,Mkhambathini,2020,0600,Loan repayments,0.0
KZN226,Mkhambathini,2020,0700,Trade Creditors,958532.0
KZN226,Mkhambathini,2020,0800,Auditor General,0.0
KZN226,Mkhambathini,2020,0900,Other,195920.0
KZN226,Mkhambathini,2020,1000,Total,1154452.0
KZN227,Richmond,2020,0100,Bulk Electricity,0.0
KZN227,Richmond,2020,0200,Bulk Water,0.0
KZN227,Richmond,2020,0300,PAYE deductions,0.0
KZN227,Richmond,2020,0400,VAT (output less input),0.0
KZN227,Richmond,2020,0500,Pensions / Retirement deductions,0.0
KZN227,Richmond,2020,0600,Loan repayments,0.0
KZN227,Richmond,2020,0700,Trade Creditors,3578346.0
KZN227,Richmond,2020,0800,Auditor General,0.0
KZN227,Richmond,2020,0900,Other,0.0
KZN227,Richmond,2020,1000,Total,3578346.0
KZN235,Okhahlamba,2020,0100,Bulk Electricity,0.0
KZN235,Okhahlamba,2020,0200,Bulk Water,0.0
KZN235,Okhahlamba,2020,0300,PAYE deductions,0.0
KZN235,Okhahlamba,2020,0400,VAT (output less input),0.0
KZN235,Okhahlamba,2020,0500,Pensions / Retirement deductions,0.0
KZN235,Okhahlamba,2020,0600,Loan repayments,0.0
KZN235,Okhahlamba,2020,0700,Trade Creditors,7139299.0
KZN235,Okhahlamba,2020,0800,Auditor General,22076.0
KZN235,Okhahlamba,2020,0900,Other,0.0
KZN235,Okhahlamba,2020,1000,Total,7161375.0
KZN237,Inkosi Langalibalele,2020,0100,Bulk Electricity,0.0
KZN237,Inkosi Langalibalele,2020,0200,Bulk Water,0.0
KZN237,Inkosi Langalibalele,2020,0300,PAYE deductions,0.0
KZN237,Inkosi Langalibalele,2020,0400,VAT (output less input),0.0
KZN237,Inkosi Langalibalele,2020,0500,Pensions / Retirement deductions,0.0
KZN237,Inkosi Langalibalele,2020,0600,Loan repayments,0.0
KZN237,Inkosi Langalibalele,2020,0700,Trade Creditors,0.0
KZN237,Inkosi Langalibalele,2020,0800,Auditor General,0.0
KZN237,Inkosi Langalibalele,2020,0900,Other,99621050.0
KZN237,Inkosi Langalibalele,2020,1000,Total,99621050.0
KZN238,Alfred Duma,2020,0100,Bulk Electricity,0.0
KZN238,Alfred Duma,2020,0200,Bulk Water,0.0
KZN238,Alfred Duma,2020,0300,PAYE deductions,0.0
KZN238,Alfred Duma,2020,0400,VAT (output less input),0.0
KZN238,Alfred Duma,2020,0500,Pensions / Retirement deductions,0.0
KZN238,Alfred Duma,2020,0600,Loan repayments,0.0
KZN238,Alfred Duma,2020,0700,Trade Creditors,9488130.0
KZN238,Alfred Duma,2020,0800,Auditor General,0.0
KZN238,Alfred Duma,2020,0900,Other,0.0
KZN238,Alfred Duma,2020,1000,Total,9488130.0
KZN241,Endumeni,2020,0100,Bulk Electricity,0.0
KZN241,Endumeni,2020,0200,Bulk Water,0.0
KZN241,Endumeni,2020,0300,PAYE deductions,0.0
KZN241,Endumeni,2020,0400,VAT (output less input),0.0
KZN241,Endumeni,2020,0500,Pensions / Retirement deductions,0.0
KZN241,Endumeni,2020,0600,Loan repayments,0.0
KZN241,Endumeni,2020,0700,Trade Creditors,0.0
KZN241,Endumeni,2020,0800,Auditor General,0.0
KZN241,Endumeni,2020,0900,Other,22703204.0
KZN241,Endumeni,2020,1000,Total,22703204.0
KZN244,Msinga,2020,0100,Bulk Electricity,0.0
KZN244,Msinga,2020,0200,Bulk Water,0.0
KZN244,Msinga,2020,0300,PAYE deductions,0.0
KZN244,Msinga,2020,0400,VAT (output less input),0.0
KZN244,Msinga,2020,0500,Pensions / Retirement deductions,0.0
KZN244,Msinga,2020,0600,Loan repayments,0.0
KZN244,Msinga,2020,0700,Trade Creditors,1604277.0
KZN244,Msinga,2020,0800,Auditor General,0.0
KZN244,Msinga,2020,0900,Other,0.0
KZN244,Msinga,2020,1000,Total,1604277.0
KZN245,Umvoti,2020,0100,Bulk Electricity,10886573.0
KZN245,Umvoti,2020,0200,Bulk Water,0.0
KZN245,Umvoti,2020,0300,PAYE deductions,0.0
KZN245,Umvoti,2020,0400,VAT (output less input),0.0
KZN245,Umvoti,2020,0500,Pensions / Retirement deductions,0.0
KZN245,Umvoti,2020,0600,Loan repayments,0.0
KZN245,Umvoti,2020,0700,Trade Creditors,6042590.0
KZN245,Umvoti,2020,0800,Auditor General,0.0
KZN245,Umvoti,2020,0900,Other,10362960.0
KZN245,Umvoti,2020,1000,Total,27292123.0
KZN262,uPhongolo,2020,0100,Bulk Electricity,2931685.0
KZN262,uPhongolo,2020,0200,Bulk Water,0.0
KZN262,uPhongolo,2020,0300,PAYE deductions,1310224.0
KZN262,uPhongolo,2020,0400,VAT (output less input),0.0
KZN262,uPhongolo,2020,0500,Pensions / Retirement deductions,0.0
KZN262,uPhongolo,2020,0600,Loan repayments,0.0
KZN262,uPhongolo,2020,0700,Trade Creditors,37107463.0
KZN262,uPhongolo,2020,0800,Auditor General,76608.0
KZN262,uPhongolo,2020,0900,Other,171334.0
KZN262,uPhongolo,2020,1000,Total,41597314.0
KZN263,Abaqulusi,2020,0100,Bulk Electricity,0.0
KZN263,Abaqulusi,2020,0200,Bulk Water,0.0
KZN263,Abaqulusi,2020,0300,PAYE deductions,0.0
KZN263,Abaqulusi,2020,0400,VAT (output less input),0.0
KZN263,Abaqulusi,2020,0500,Pensions / Retirement deductions,0.0
KZN263,Abaqulusi,2020,0600,Loan repayments,0.0
KZN263,Abaqulusi,2020,0700,Trade Creditors,124262628.0
KZN263,Abaqulusi,2020,0800,Auditor General,0.0
KZN263,Abaqulusi,2020,0900,Other,-30662.0
KZN263,Abaqulusi,2020,1000,Total,124231966.0
KZN265,Nongoma,2020,0100,Bulk Electricity,0.0
KZN265,Nongoma,2020,0200,Bulk Water,0.0
KZN265,Nongoma,2020,0300,PAYE deductions,0.0
KZN265,Nongoma,2020,0400,VAT (output less input),0.0
KZN265,Nongoma,2020,0500,Pensions / Retirement deductions,0.0
KZN265,Nongoma,2020,0600,Loan repayments,0.0
KZN265,Nongoma,2020,0700,Trade Creditors,3937936.0
KZN265,Nongoma,2020,0800,Auditor General,23554.0
KZN265,Nongoma,2020,0900,Other,19454055.0
KZN265,Nongoma,2020,1000,Total,23415545.0
KZN266,Ulundi,2020,0100,Bulk Electricity,121755356.0
KZN266,Ulundi,2020,0200,Bulk Water,0.0
KZN266,Ulundi,2020,0300,PAYE deductions,0.0
KZN266,Ulundi,2020,0400,VAT (output less input),0.0
KZN266,Ulundi,2020,0500,Pensions / Retirement deductions,0.0
KZN266,Ulundi,2020,0600,Loan repayments,0.0
KZN266,Ulundi,2020,0700,Trade Creditors,13855.0
KZN266,Ulundi,2020,0800,Auditor General,0.0
KZN266,Ulundi,2020,0900,Other,164000.0
KZN266,Ulundi,2020,1000,Total,121933211.0
KZN271,Umhlabuyalingana,2020,0100,Bulk Electricity,0.0
KZN271,Umhlabuyalingana,2020,0200,Bulk Water,0.0
KZN271,Umhlabuyalingana,2020,0300,PAYE deductions,0.0
KZN271,Umhlabuyalingana,2020,0400,VAT (output less input),0.0
KZN271,Umhlabuyalingana,2020,0500,Pensions / Retirement deductions,0.0
KZN271,Umhlabuyalingana,2020,0600,Loan repayments,0.0
KZN271,Umhlabuyalingana,2020,0700,Trade Creditors,281524.0
KZN271,Umhlabuyalingana,2020,0800,Auditor General,0.0
KZN271,Umhlabuyalingana,2020,0900,Other,271814.0
KZN271,Umhlabuyalingana,2020,1000,Total,553338.0
KZN272,Jozini,2020,0100,Bulk Electricity,0.0
KZN272,Jozini,2020,0200,Bulk Water,0.0
KZN272,Jozini,2020,0300,PAYE deductions,0.0
KZN272,Jozini,2020,0400,VAT (output less input),0.0
KZN272,Jozini,2020,0500,Pensions / Retirement deductions,0.0
KZN272,Jozini,2020,0600,Loan repayments,0.0
KZN272,Jozini,2020,0700,Trade Creditors,0.0
KZN272,Jozini,2020,0800,Auditor General,0.0
KZN272,Jozini,2020,0900,Other,0.0
KZN272,Jozini,2020,1000,Total,0.0
KZN275,Mtubatuba,2020,0100,Bulk Electricity,0.0
KZN275,Mtubatuba,2020,0200,Bulk Water,0.0
KZN275,Mtubatuba,2020,0300,PAYE deductions,0.0
KZN275,Mtubatuba,2020,0400,VAT (output less input),0.0
KZN275,Mtubatuba,2020,0500,Pensions / Retirement deductions,0.0
KZN275,Mtubatuba,2020,0600,Loan repayments,0.0
KZN275,Mtubatuba,2020,0700,Trade Creditors,2441497.0
KZN275,Mtubatuba,2020,0800,Auditor General,0.0
KZN275,Mtubatuba,2020,0900,Other,2219049.0
KZN275,Mtubatuba,2020,1000,Total,4660546.0
KZN276,Hlabisa Big Five,2020,0100,Bulk Electricity,0.0
KZN276,Hlabisa Big Five,2020,0200,Bulk Water,0.0
KZN276,Hlabisa Big Five,2020,0300,PAYE deductions,0.0
KZN276,Hlabisa Big Five,2020,0400,VAT (output less input),0.0
KZN276,Hlabisa Big Five,2020,0500,Pensions / Retirement deductions,0.0
KZN276,Hlabisa Big Five,2020,0600,Loan repayments,0.0
KZN276,Hlabisa Big Five,2020,0700,Trade Creditors,5169905.0
KZN276,Hlabisa Big Five,2020,0800,Auditor General,5.0
KZN276,Hlabisa Big Five,2020,0900,Other,2917585.0
KZN276,Hlabisa Big Five,2020,1000,Total,8087495.0
KZN281,Mfolozi,2020,0100,Bulk Electricity,0.0
KZN281,Mfolozi,2020,0200,Bulk Water,0.0
KZN281,Mfolozi,2020,0300,PAYE deductions,0.0
KZN281,Mfolozi,2020,0400,VAT (output less input),0.0
KZN281,Mfolozi,2020,0500,Pensions / Retirement deductions,0.0
KZN281,Mfolozi,2020,0600,Loan repayments,0.0
KZN281,Mfolozi,2020,0700,Trade Creditors,4532969.0
KZN281,Mfolozi,2020,0800,Auditor General,0.0
KZN281,Mfolozi,2020,0900,Other,6469246.0
KZN281,Mfolozi,2020,1000,Total,11002215.0
KZN282,uMhlathuze,2020,0100,Bulk Electricity,120283073.0
KZN282,uMhlathuze,2020,0200,Bulk Water,19144211.0
KZN282,uMhlathuze,2020,0300,PAYE deductions,0.0
KZN282,uMhlathuze,2020,0400,VAT (output less input),0.0
KZN282,uMhlathuze,2020,0500,Pensions / Retirement deductions,0.0
KZN282,uMhlathuze,2020,0600,Loan repayments,0.0
KZN282,uMhlathuze,2020,0700,Trade Creditors,171360432.0
KZN282,uMhlathuze,2020,0800,Auditor General,0.0
KZN282,uMhlathuze,2020,0900,Other,541383.0
KZN282,uMhlathuze,2020,1000,Total,311329099.0
KZN285,Mthonjaneni,2020,0100,Bulk Electricity,6738637.0
KZN285,Mthonjaneni,2020,0200,Bulk Water,0.0
KZN285,Mthonjaneni,2020,0300,PAYE deductions,0.0
KZN285,Mthonjaneni,2020,0400,VAT (output less input),0.0
KZN285,Mthonjaneni,2020,0500,Pensions / Retirement deductions,0.0
KZN285,Mthonjaneni,2020,0600,Loan repayments,0.0
KZN285,Mthonjaneni,2020,0700,Trade Creditors,2166485.0
KZN285,Mthonjaneni,2020,0800,Auditor General,0.0
KZN285,Mthonjaneni,2020,0900,Other,7668730.0
KZN285,Mthonjaneni,2020,1000,Total,16573852.0
KZN286,Nkandla,2020,0100,Bulk Electricity,0.0
KZN286,Nkandla,2020,0200,Bulk Water,0.0
KZN286,Nkandla,2020,0300,PAYE deductions,0.0
KZN286,Nkandla,2020,0400,VAT (output less input),0.0
KZN286,Nkandla,2020,0500,Pensions / Retirement deductions,0.0
KZN286,Nkandla,2020,0600,Loan repayments,0.0
KZN286,Nkandla,2020,0700,Trade Creditors,2805373.0
KZN286,Nkandla,2020,0800,Auditor General,0.0
KZN286,Nkandla,2020,0900,Other,10287842.0
KZN286,Nkandla,2020,1000,Total,13093215.0
KZN291,Mandeni,2020,0100,Bulk Electricity,0.0
KZN291,Mandeni,2020,0200,Bulk Water,0.0
KZN291,Mandeni,2020,0300,PAYE deductions,0.0
KZN291,Mandeni,2020,0400,VAT (output less input),0.0
KZN291,Mandeni,2020,0500,Pensions / Retirement deductions,0.0
KZN291,Mandeni,2020,0600,Loan repayments,0.0
KZN291,Mandeni,2020,0700,Trade Creditors,946639.0
KZN291,Mandeni,2020,0800,Auditor General,0.0
KZN291,Mandeni,2020,0900,Other,64039.0
KZN291,Mandeni,2020,1000,Total,1010678.0
KZN292,KwaDukuza,2020,0100,Bulk Electricity,0.0
KZN292,KwaDukuza,2020,0200,Bulk Water,0.0
KZN292,KwaDukuza,2020,0300,PAYE deductions,0.0
KZN292,KwaDukuza,2020,0400,VAT (output less input),0.0
KZN292,KwaDukuza,2020,0500,Pensions / Retirement deductions,5942.0
KZN292,KwaDukuza,2020,0600,Loan repayments,0.0
KZN292,KwaDukuza,2020,0700,Trade Creditors,494246.0
KZN292,KwaDukuza,2020,0800,Auditor General,0.0
KZN292,KwaDukuza,2020,0900,Other,0.0
KZN292,KwaDukuza,2020,1000,Total,500188.0
KZN293,Ndwedwe,2020,0100,Bulk Electricity,0.0
KZN293,Ndwedwe,2020,0200,Bulk Water,0.0
KZN293,Ndwedwe,2020,0300,PAYE deductions,0.0
KZN293,Ndwedwe,2020,0400,VAT (output less input),0.0
KZN293,Ndwedwe,2020,0500,Pensions / Retirement deductions,0.0
KZN293,Ndwedwe,2020,0600,Loan repayments,0.0
KZN293,Ndwedwe,2020,0700,Trade Creditors,3250486.0
KZN293,Ndwedwe,2020,0800,Auditor General,4031.0
KZN293,Ndwedwe,2020,0900,Other,624711.0
KZN293,Ndwedwe,2020,1000,Total,3879228.0
KZN294,Maphumulo,2020,0100,Bulk Electricity,0.0
KZN294,Maphumulo,2020,0200,Bulk Water,0.0
KZN294,Maphumulo,2020,0300,PAYE deductions,0.0
KZN294,Maphumulo,2020,0400,VAT (output less input),0.0
KZN294,Maphumulo,2020,0500,Pensions / Retirement deductions,0.0
KZN294,Maphumulo,2020,0600,Loan repayments,0.0
KZN294,Maphumulo,2020,0700,Trade Creditors,3351154.0
KZN294,Maphumulo,2020,0800,Auditor General,63904.0
KZN294,Maphumulo,2020,0900,Other,419879.0
KZN294,Maphumulo,2020,1000,Total,3834937.0
KZN433,Greater Kokstad,2020,0100,Bulk Electricity,0.0
KZN433,Greater Kokstad,2020,0200,Bulk Water,0.0
KZN433,Greater Kokstad,2020,0300,PAYE deductions,0.0
KZN433,Greater Kokstad,2020,0400,VAT (output less input),0.0
KZN433,Greater Kokstad,2020,0500,Pensions / Retirement deductions,0.0
KZN433,Greater Kokstad,2020,0600,Loan repayments,0.0
KZN433,Greater Kokstad,2020,0700,Trade Creditors,767695.0
KZN433,Greater Kokstad,2020,0800,Auditor General,0.0
KZN433,Greater Kokstad,2020,0900,Other,0.0
KZN433,Greater Kokstad,2020,1000,Total,767695.0
KZN434,Johannes Phumani Phungula,2020,0100,Bulk Electricity,0.0
KZN434,Johannes Phumani Phungula,2020,0200,Bulk Water,0.0
KZN434,Johannes Phumani Phungula,2020,0300,PAYE deductions,0.0
KZN434,Johannes Phumani Phungula,2020,0400,VAT (output less input),0.0
KZN434,Johannes Phumani Phungula,2020,0500,Pensions / Retirement deductions,0.0
KZN434,Johannes Phumani Phungula,2020,0600,Loan repayments,0.0
KZN434,Johannes Phumani Phungula,2020,0700,Trade Creditors,5841210.0
KZN434,Johannes Phumani Phungula,2020,0800,Auditor General,0.0
KZN434,Johannes Phumani Phungula,2020,0900,Other,4811300.0
KZN434,Johannes Phumani Phungula,2020,1000,Total,10652510.0
KZN435,Umzimkhulu,2020,0100,Bulk Electricity,0.0
KZN435,Umzimkhulu,2020,0200,Bulk Water,0.0
KZN435,Umzimkhulu,2020,0300,PAYE deductions,0.0
KZN435,Umzimkhulu,2020,0400,VAT (output less input),0.0
KZN435,Umzimkhulu,2020,0500,Pensions / Retirement deductions,0.0
KZN435,Umzimkhulu,2020,0600,Loan repayments,0.0
KZN435,Umzimkhulu,2020,0700,Trade Creditors,0.0
KZN435,Umzimkhulu,2020,0800,Auditor General,0.0
KZN435,Umzimkhulu,2020,0900,Other,0.0
KZN435,Umzimkhulu,2020,1000,Total,0.0
KZN436,Dr Nkosazana Dlamini Zuma,2020,0100,Bulk Electricity,0.0
KZN436,Dr Nkosazana Dlamini Zuma,2020,0200,Bulk Water,0.0
KZN436,Dr Nkosazana Dlamini Zuma,2020,0300,PAYE deductions,0.0
KZN436,Dr Nkosazana Dlamini Zuma,2020,0400,VAT (output less input),22679007.0
KZN436,Dr Nkosazana Dlamini Zuma,2020,0500,Pensions / Retirement deductions,0.0
KZN436,Dr Nkosazana Dlamini Zuma,2020,0600,Loan repayments,0.0
KZN436,Dr Nkosazana Dlamini Zuma,2020,0700,Trade Creditors,0.0
KZN436,Dr Nkosazana Dlamini Zuma,2020,0800,Auditor General,0.0
KZN436,Dr Nkosazana Dlamini Zuma,2020,0900,Other,46629.0
KZN436,Dr Nkosazana Dlamini Zuma,2020,1000,Total,22725636.0
LIM331,Greater Giyani,2020,0100,Bulk Electricity,0.0
LIM331,Greater Giyani,2020,0200,Bulk Water,0.0
LIM331,Greater Giyani,2020,0300,PAYE deductions,0.0
LIM331,Greater Giyani,2020,0400,VAT (output less input),0.0
LIM331,Greater Giyani,2020,0500,Pensions / Retirement deductions,0.0
LIM331,Greater Giyani,2020,0600,Loan repayments,0.0
LIM331,Greater Giyani,2020,0700,Trade Creditors,42010918.0
LIM331,Greater Giyani,2020,0800,Auditor General,9845.0
LIM331,Greater Giyani,2020,0900,Other,0.0
LIM331,Greater Giyani,2020,1000,Total,42020763.0
LIM332,Greater Letaba,2020,0100,Bulk Electricity,0.0
LIM332,Greater Letaba,2020,0200,Bulk Water,0.0
LIM332,Greater Letaba,2020,0300,PAYE deductions,0.0
LIM332,Greater Letaba,2020,0400,VAT (output less input),0.0
LIM332,Greater Letaba,2020,0500,Pensions / Retirement deductions,0.0
LIM332,Greater Letaba,2020,0600,Loan repayments,0.0
LIM332,Greater Letaba,2020,0700,Trade Creditors,0.0
LIM332,Greater Letaba,2020,0800,Auditor General,0.0
LIM332,Greater Letaba,2020,0900,Other,0.0
LIM332,Greater Letaba,2020,1000,Total,0.0
LIM341,Musina,2020,0100,Bulk Electricity,0.0
LIM341,Musina,2020,0200,Bulk Water,0.0
LIM341,Musina,2020,0300,PAYE deductions,0.0
LIM341,Musina,2020,0400,VAT (output less input),0.0
LIM341,Musina,2020,0500,Pensions / Retirement deductions,0.0
LIM341,Musina,2020,0600,Loan repayments,0.0
LIM341,Musina,2020,0700,Trade Creditors,433094.0
LIM341,Musina,2020,0800,Auditor General,0.0
LIM341,Musina,2020,0900,Other,0.0
LIM341,Musina,2020,1000,Total,433094.0
LIM343,Thulamela,2020,0100,Bulk Electricity,0.0
LIM343,Thulamela,2020,0200,Bulk Water,9267.0
LIM343,Thulamela,2020,0300,PAYE deductions,0.0
LIM343,Thulamela,2020,0400,VAT (output less input),0.0
LIM343,Thulamela,2020,0500,Pensions / Retirement deductions,0.0
LIM343,Thulamela,2020,0600,Loan repayments,0.0
LIM343,Thulamela,2020,0700,Trade Creditors,8110253.0
LIM343,Thulamela,2020,0800,Auditor General,0.0
LIM343,Thulamela,2020,0900,Other,0.0
LIM343,Thulamela,2020,1000,Total,8119520.0
LIM351,Blouberg,2020,0100,Bulk Electricity,3700316.0
LIM351,Blouberg,2020,0200,Bulk Water,0.0
LIM351,Blouberg,2020,0300,PAYE deductions,0.0
LIM351,Blouberg,2020,0400,VAT (output less input),0.0
LIM351,Blouberg,2020,0500,Pensions / Retirement deductions,0.0
LIM351,Blouberg,2020,0600,Loan repayments,0.0
LIM351,Blouberg,2020,0700,Trade Creditors,8955886.0
LIM351,Blouberg,2020,0800,Auditor General,0.0
LIM351,Blouberg,2020,0900,Other,41356658.0
LIM351,Blouberg,2020,1000,Total,54012860.0
LIM353,Molemole,2020,0100,Bulk Electricity,0.0
LIM353,Molemole,2020,0200,Bulk Water,0.0
LIM353,Molemole,2020,0300,PAYE deductions,0.0
LIM353,Molemole,2020,0400,VAT (output less input),0.0
LIM353,Molemole,2020,0500,Pensions / Retirement deductions,0.0
LIM353,Molemole,2020,0600,Loan repayments,0.0
LIM353,Molemole,2020,0700,Trade Creditors,0.0
LIM353,Molemole,2020,0800,Auditor General,0.0
LIM353,Molemole,2020,0900,Other,27776096.0
LIM353,Molemole,2020,1000,Total,27776096.0
LIM354,Polokwane,2020,0100,Bulk Electricity,1400397.0
LIM354,Polokwane,2020,0200,Bulk Water,0.0
LIM354,Polokwane,2020,0300,PAYE deductions,0.0
LIM354,Polokwane,2020,0400,VAT (output less input),0.0
LIM354,Polokwane,2020,0500,Pensions / Retirement deductions,0.0
LIM354,Polokwane,2020,0600,Loan repayments,0.0
LIM354,Polokwane,2020,0700,Trade Creditors,469074288.0
LIM354,Polokwane,2020,0800,Auditor General,125837.0
LIM354,Polokwane,2020,0900,Other,0.0
LIM354,Polokwane,2020,1000,Total,470600522.0
LIM361,Thabazimbi,2020,0100,Bulk Electricity,84038.0
LIM361,Thabazimbi,2020,0200,Bulk Water,5346471.0
LIM361,Thabazimbi,2020,0300,PAYE deductions,26048347.0
LIM361,Thabazimbi,2020,0400,VAT (output less input),0.0
LIM361,Thabazimbi,2020,0500,Pensions / Retirement deductions,0.0
LIM361,Thabazimbi,2020,0600,Loan repayments,0.0
LIM361,Thabazimbi,2020,0700,Trade Creditors,120102897.0
LIM361,Thabazimbi,2020,0800,Auditor General,10839735.0
LIM361,Thabazimbi,2020,0900,Other,0.0
LIM361,Thabazimbi,2020,1000,Total,162421488.0
LIM367,Mogalakwena,2020,0100,Bulk Electricity,22216542.0
LIM367,Mogalakwena,2020,0200,Bulk Water,2840758.0
LIM367,Mogalakwena,2020,0300,PAYE deductions,0.0
LIM367,Mogalakwena,2020,0400,VAT (output less input),64355801.0
LIM367,Mogalakwena,2020,0500,Pensions / Retirement deductions,0.0
LIM367,Mogalakwena,2020,0600,Loan repayments,0.0
LIM367,Mogalakwena,2020,0700,Trade Creditors,0.0
LIM367,Mogalakwena,2020,0800,Auditor General,0.0
LIM367,Mogalakwena,2020,0900,Other,231276901.0
LIM367,Mogalakwena,2020,1000,Total,320690002.0
LIM368,Modimolle-Mookgopong,2020,0100,Bulk Electricity,310134347.0
LIM368,Modimolle-Mookgopong,2020,0200,Bulk Water,14991861.0
LIM368,Modimolle-Mookgopong,2020,0300,PAYE deductions,0.0
LIM368,Modimolle-Mookgopong,2020,0400,VAT (output less input),0.0
LIM368,Modimolle-Mookgopong,2020,0500,Pensions / Retirement deductions,0.0
LIM368,Modimolle-Mookgopong,2020,0600,Loan repayments,0.0
LIM368,Modimolle-Mookgopong,2020,0700,Trade Creditors,383675515.0
LIM368,Modimolle-Mookgopong,2020,0800,Auditor General,0.0
LIM368,Modimolle-Mookgopong,2020,0900,Other,-4109.0
LIM368,Modimolle-Mookgopong,2020,1000,Total,708797614.0
LIM471,Ephraim Mogale,2020,0100,Bulk Electricity,0.0
LIM471,Ephraim Mogale,2020,0200,Bulk Water,0.0
LIM471,Ephraim Mogale,2020,0300,PAYE deductions,0.0
LIM471,Ephraim Mogale,2020,0400,VAT (output less input),0.0
LIM471,Ephraim Mogale,2020,0500,Pensions / Retirement deductions,0.0
LIM471,Ephraim Mogale,2020,0600,Loan repayments,0.0
LIM471,Ephraim Mogale,2020,0700,Trade Creditors,16047.0
LIM471,Ephraim Mogale,2020,0800,Auditor General,0.0
LIM471,Ephraim Mogale,2020,0900,Other,0.0
LIM471,Ephraim Mogale,2020,1000,Total,16047.0
LIM472,Elias Motsoaledi,2020,0100,Bulk Electricity,0.0
LIM472,Elias Motsoaledi,2020,0200,Bulk Water,0.0
LIM472,Elias Motsoaledi,2020,0300,PAYE deductions,0.0
LIM472,Elias Motsoaledi,2020,0400,VAT (output less input),0.0
LIM472,Elias Motsoaledi,2020,0500,Pensions / Retirement deductions,0.0
LIM472,Elias Motsoaledi,2020,0600,Loan repayments,0.0
LIM472,Elias Motsoaledi,2020,0700,Trade Creditors,0.0
LIM472,Elias Motsoaledi,2020,0800,Auditor General,0.0
LIM472,Elias Motsoaledi,2020,0900,Other,0.0
LIM472,Elias Motsoaledi,2020,1000,Total,0.0
LIM473,Makhuduthamaga,2020,0100,Bulk Electricity,0.0
LIM473,Makhuduthamaga,2020,0200,Bulk Water,0.0
LIM473,Makhuduthamaga,2020,0300,PAYE deductions,0.0
LIM473,Makhuduthamaga,2020,0400,VAT (output less input),0.0
LIM473,Makhuduthamaga,2020,0500,Pensions / Retirement deductions,0.0
LIM473,Makhuduthamaga,2020,0600,Loan repayments,0.0
LIM473,Makhuduthamaga,2020,0700,Trade Creditors,22599689.0
LIM473,Makhuduthamaga,2020,0800,Auditor General,0.0
LIM473,Makhuduthamaga,2020,0900,Other,15603387.0
LIM473,Makhuduthamaga,2020,1000,Total,38203076.0
LIM476,Tubatse Fetakgomo,2020,0100,Bulk Electricity,0.0
LIM476,Tubatse Fetakgomo,2020,0200,Bulk Water,0.0
LIM476,Tubatse Fetakgomo,2020,0300,PAYE deductions,0.0
LIM476,Tubatse Fetakgomo,2020,0400,VAT (output less input),0.0
LIM476,Tubatse Fetakgomo,2020,0500,Pensions / Retirement deductions,0.0
LIM476,Tubatse Fetakgomo,2020,0600,Loan repayments,0.0
LIM476,Tubatse Fetakgomo,2020,0700,Trade Creditors,51286083.0
LIM476,Tubatse Fetakgomo,2020,0800,Auditor General,0.0
LIM476,Tubatse Fetakgomo,2020,0900,Other,42633111.0
LIM476,Tubatse Fetakgomo,2020,1000,Total,93919194.0
MAN,Mangaung,2020,0100,Bulk Electricity,515864841.0
MAN,Mangaung,2020,0200,Bulk Water,585420968.0
MAN,Mangaung,2020,0300,PAYE deductions,57583189.0
MAN,Mangaung,2020,0400,VAT (output less input),0.0
MAN,Mangaung,2020,0500,Pensions / Retirement deductions,99651113.0
MAN,Mangaung,2020,0600,Loan repayments,0.0
MAN,Mangaung,2020,0700,Trade Creditors,144750984.0
MAN,Mangaung,2020,0800,Auditor General,0.0
MAN,Mangaung,2020,0900,Other,0.0
MAN,Mangaung,2020,1000,Total,1403271095.0
MP301,Albert Luthuli,2020,0100,Bulk Electricity,0.0
MP301,Albert Luthuli,2020,0200,Bulk Water,0.0
MP301,Albert Luthuli,2020,0300,PAYE deductions,0.0
MP301,Albert Luthuli,2020,0400,VAT (output less input),11658.0
MP301,Albert Luthuli,2020,0500,Pensions / Retirement deductions,0.0
MP301,Albert Luthuli,2020,0600,Loan repayments,0.0
MP301,Albert Luthuli,2020,0700,Trade Creditors,3642302.0
MP301,Albert Luthuli,2020,0800,Auditor General,0.0
MP301,Albert Luthuli,2020,0900,Other,25027484.0
MP301,Albert Luthuli,2020,1000,Total,28681444.0
MP302,Msukaligwa,2020,0100,Bulk Electricity,209316508.0
MP302,Msukaligwa,2020,0200,Bulk Water,688071747.0
MP302,Msukaligwa,2020,0300,PAYE deductions,0.0
MP302,Msukaligwa,2020,0400,VAT (output less input),0.0
MP302,Msukaligwa,2020,0500,Pensions / Retirement deductions,0.0
MP302,Msukaligwa,2020,0600,Loan repayments,0.0
MP302,Msukaligwa,2020,0700,Trade Creditors,85847299.0
MP302,Msukaligwa,2020,0800,Auditor General,2683379.0
MP302,Msukaligwa,2020,0900,Other,0.0
MP302,Msukaligwa,2020,1000,Total,985918933.0
MP303,Mkhondo,2020,0100,Bulk Electricity,59200.0
MP303,Mkhondo,2020,0200,Bulk Water,28200.0
MP303,Mkhondo,2020,0300,PAYE deductions,0.0
MP303,Mkhondo,2020,0400,VAT (output less input),0.0
MP303,Mkhondo,2020,0500,Pensions / Retirement deductions,0.0
MP303,Mkhondo,2020,0600,Loan repayments,0.0
MP303,Mkhondo,2020,0700,Trade Creditors,350887247.0
MP303,Mkhondo,2020,0800,Auditor General,0.0
MP303,Mkhondo,2020,0900,Other,0.0
MP303,Mkhondo,2020,1000,Total,350974647.0
MP304,Pixley Ka Seme (MP),2020,0100,Bulk Electricity,0.0
MP304,Pixley Ka Seme (MP),2020,0200,Bulk Water,0.0
MP304,Pixley Ka Seme (MP),2020,0300,PAYE deductions,0.0
MP304,Pixley Ka Seme (MP),2020,0400,VAT (output less input),0.0
MP304,Pixley Ka Seme (MP),2020,0500,Pensions / Retirement deductions,0.0
MP304,Pixley Ka Seme (MP),2020,0600,Loan repayments,0.0
MP304,Pixley Ka Seme (MP),2020,0700,Trade Creditors,11331420.0
MP304,Pixley Ka Seme (MP),2020,0800,Auditor General,0.0
MP304,Pixley Ka Seme (MP),2020,0900,Other,0.0
MP304,Pixley Ka Seme (MP),2020,1000,Total,11331420.0
MP305,Lekwa,2020,0100,Bulk Electricity,0.0
MP305,Lekwa,2020,0200,Bulk Water,0.0
MP305,Lekwa,2020,0300,PAYE deductions,0.0
MP305,Lekwa,2020,0400,VAT (output less input),0.0
MP305,Lekwa,2020,0500,Pensions / Retirement deductions,0.0
MP305,Lekwa,2020,0600,Loan repayments,0.0
MP305,Lekwa,2020,0700,Trade Creditors,1199265602.0
MP305,Lekwa,2020,0800,Auditor General,0.0
MP305,Lekwa,2020,0900,Other,-7638812.0
MP305,Lekwa,2020,1000,Total,1191626790.0
MP306,Dipaleseng,2020,0100,Bulk Electricity,0.0
MP306,Dipaleseng,2020,0200,Bulk Water,0.0
MP306,Dipaleseng,2020,0300,PAYE deductions,0.0
MP306,Dipaleseng,2020,0400,VAT (output less input),0.0
MP306,Dipaleseng,2020,0500,Pensions / Retirement deductions,0.0
MP306,Dipaleseng,2020,0600,Loan repayments,0.0
MP306,Dipaleseng,2020,0700,Trade Creditors,141792681.0
MP306,Dipaleseng,2020,0800,Auditor General,0.0
MP306,Dipaleseng,2020,0900,Other,0.0
MP306,Dipaleseng,2020,1000,Total,141792681.0
MP307,Govan Mbeki,2020,0100,Bulk Electricity,0.0
MP307,Govan Mbeki,2020,0200,Bulk Water,0.0
MP307,Govan Mbeki,2020,0300,PAYE deductions,0.0
MP307,Govan Mbeki,2020,0400,VAT (output less input),0.0
MP307,Govan Mbeki,2020,0500,Pensions / Retirement deductions,0.0
MP307,Govan Mbeki,2020,0600,Loan repayments,0.0
MP307,Govan Mbeki,2020,0700,Trade Creditors,2001901697.0
MP307,Govan Mbeki,2020,0800,Auditor General,0.0
MP307,Govan Mbeki,2020,0900,Other,0.0
MP307,Govan Mbeki,2020,1000,Total,2001901697.0
MP311,Victor Khanye,2020,0100,Bulk Electricity,263387264.0
MP311,Victor Khanye,2020,0200,Bulk Water,0.0
MP311,Victor Khanye,2020,0300,PAYE deductions,0.0
MP311,Victor Khanye,2020,0400,VAT (output less input),0.0
MP311,Victor Khanye,2020,0500,Pensions / Retirement deductions,0.0
MP311,Victor Khanye,2020,0600,Loan repayments,0.0
MP311,Victor Khanye,2020,0700,Trade Creditors,212488381.0
MP311,Victor Khanye,2020,0800,Auditor General,0.0
MP311,Victor Khanye,2020,0900,Other,0.0
MP311,Victor Khanye,2020,1000,Total,475875645.0
MP312,Emalahleni (MP),2020,0100,Bulk Electricity,3016779927.0
MP312,Emalahleni (MP),2020,0200,Bulk Water,1557455.0
MP312,Emalahleni (MP),2020,0300,PAYE deductions,0.0
MP312,Emalahleni (MP),2020,0400,VAT (output less input),0.0
MP312,Emalahleni (MP),2020,0500,Pensions / Retirement deductions,0.0
MP312,Emalahleni (MP),2020,0600,Loan repayments,0.0
MP312,Emalahleni (MP),2020,0700,Trade Creditors,238251808.0
MP312,Emalahleni (MP),2020,0800,Auditor General,0.0
MP312,Emalahleni (MP),2020,0900,Other,58954078.0
MP312,Emalahleni (MP),2020,1000,Total,3315543268.0
MP313,Steve Tshwete,2020,0100,Bulk Electricity,100800.0
MP313,Steve Tshwete,2020,0200,Bulk Water,0.0
MP313,Steve Tshwete,2020,0300,PAYE deductions,0.0
MP313,Steve Tshwete,2020,0400,VAT (output less input),0.0
MP313,Steve Tshwete,2020,0500,Pensions / Retirement deductions,0.0
MP313,Steve Tshwete,2020,0600,Loan repayments,0.0
MP313,Steve Tshwete,2020,0700,Trade Creditors,7638951.0
MP313,Steve Tshwete,2020,0800,Auditor General,0.0
MP313,Steve Tshwete,2020,0900,Other,0.0
MP313,Steve Tshwete,2020,1000,Total,7739751.0
MP314,Emakhazeni,2020,0100,Bulk Electricity,0.0
MP314,Emakhazeni,2020,0200,Bulk Water,0.0
MP314,Emakhazeni,2020,0300,PAYE deductions,1150.0
MP314,Emakhazeni,2020,0400,VAT (output less input),0.0
MP314,Emakhazeni,2020,0500,Pensions / Retirement deductions,400.0
MP314,Emakhazeni,2020,0600,Loan repayments,0.0
MP314,Emakhazeni,2020,0700,Trade Creditors,45165527.0
MP314,Emakhazeni,2020,0800,Auditor General,0.0
MP314,Emakhazeni,2020,0900,Other,0.0
MP314,Emakhazeni,2020,1000,Total,45167077.0
MP315,Thembisile Hani,2020,0100,Bulk Electricity,0.0
MP315,Thembisile Hani,2020,0200,Bulk Water,0.0
MP315,Thembisile Hani,2020,0300,PAYE deductions,0.0
MP315,Thembisile Hani,2020,0400,VAT (output less input),0.0
MP315,Thembisile Hani,2020,0500,Pensions / Retirement deductions,0.0
MP315,Thembisile Hani,2020,0600,Loan repayments,0.0
MP315,Thembisile Hani,2020,0700,Trade Creditors,18792369.0
MP315,Thembisile Hani,2020,0800,Auditor General,0.0
MP315,Thembisile Hani,2020,0900,Other,0.0
MP315,Thembisile Hani,2020,1000,Total,18792369.0
MP316,Dr J.S. Moroka,2020,0100,Bulk Electricity,0.0
MP316,Dr J.S. Moroka,2020,0200,Bulk Water,0.0
MP316,Dr J.S. Moroka,2020,0300,PAYE deductions,0.0
MP316,Dr J.S. Moroka,2020,0400,VAT (output less input),0.0
MP316,Dr J.S. Moroka,2020,0500,Pensions / Retirement deductions,0.0
MP316,Dr J.S. Moroka,2020,0600,Loan repayments,0.0
MP316,Dr J.S. Moroka,2020,0700,Trade Creditors,930295.0
MP316,Dr J.S. Moroka,2020,0800,Auditor General,0.0
MP316,Dr J.S. Moroka,2020,0900,Other,0.0
MP316,Dr J.S. Moroka,2020,1000,Total,930295.0
MP321,Thaba Chweu,2020,0100,Bulk Electricity,0.0
MP321,Thaba Chweu,2020,0200,Bulk Water,0.0
MP321,Thaba Chweu,2020,0300,PAYE deductions,0.0
MP321,Thaba Chweu,2020,0400,VAT (output less input),0.0
MP321,Thaba Chweu,2020,0500,Pensions / Retirement deductions,0.0
MP321,Thaba Chweu,2020,0600,Loan repayments,0.0
MP321,Thaba Chweu,2020,0700,Trade Creditors,851646477.0
MP321,Thaba Chweu,2020,0800,Auditor General,0.0
MP321,Thaba Chweu,2020,0900,Other,0.0
MP321,Thaba Chweu,2020,1000,Total,851646477.0
MP324,Nkomazi,2020,0100,Bulk Electricity,15614056.0
MP324,Nkomazi,2020,0200,Bulk Water,750923.0
MP324,Nkomazi,2020,0300,PAYE deductions,0.0
MP324,Nkomazi,2020,0400,VAT (output less input),0.0
MP324,Nkomazi,2020,0500,Pensions / Retirement deductions,0.0
MP324,Nkomazi,2020,0600,Loan repayments,0.0
MP324,Nkomazi,2020,0700,Trade Creditors,23703248.0
MP324,Nkomazi,2020,0800,Auditor General,0.0
MP324,Nkomazi,2020,0900,Other,81645442.0
MP324,Nkomazi,2020,1000,Total,121713669.0
MP325,Bushbuckridge,2020,0100,Bulk Electricity,0.0
MP325,Bushbuckridge,2020,0200,Bulk Water,3580393.0
MP325,Bushbuckridge,2020,0300,PAYE deductions,22466.0
MP325,Bushbuckridge,2020,0400,VAT (output less input),0.0
MP325,Bushbuckridge,2020,0500,Pensions / Retirement deductions,1684842.0
MP325,Bushbuckridge,2020,0600,Loan repayments,0.0
MP325,Bushbuckridge,2020,0700,Trade Creditors,68186693.0
MP325,Bushbuckridge,2020,0800,Auditor General,1953.0
MP325,Bushbuckridge,2020,0900,Other,164721427.0
MP325,Bushbuckridge,2020,1000,Total,238197774.0
MP326,City of Mbombela,2020,0100,Bulk Electricity,512044559.0
MP326,City of Mbombela,2020,0200,Bulk Water,179216945.0
MP326,City of Mbombela,2020,0300,PAYE deductions,15380020.0
MP326,City of Mbombela,2020,0400,VAT (output less input),0.0
MP326,City of Mbombela,2020,0500,Pensions / Retirement deductions,20152449.0
MP326,City of Mbombela,2020,0600,Loan repayments,20488022.0
MP326,City of Mbombela,2020,0700,Trade Creditors,695702320.0
MP326,City of Mbombela,2020,0800,Auditor General,6563709.0
MP326,City of Mbombela,2020,0900,Other,497260385.0
MP326,City of Mbombela,2020,1000,Total,1946808409.0
NC061,Richtersveld,2020,0100,Bulk Electricity,10881432.0
NC061,Richtersveld,2020,0200,Bulk Water,463115.0
NC061,Richtersveld,2020,0300,PAYE deductions,0.0
NC061,Richtersveld,2020,0400,VAT (output less input),0.0
NC061,Richtersveld,2020,0500,Pensions / Retirement deductions,0.0
NC061,Richtersveld,2020,0600,Loan repayments,0.0
NC061,Richtersveld,2020,0700,Trade Creditors,3450485.0
NC061,Richtersveld,2020,0800,Auditor General,3714405.0
NC061,Richtersveld,2020,0900,Other,218303.0
NC061,Richtersveld,2020,1000,Total,18727740.0
NC062,Nama Khoi,2020,0100,Bulk Electricity,134546503.0
NC062,Nama Khoi,2020,0200,Bulk Water,196997342.0
NC062,Nama Khoi,2020,0300,PAYE deductions,0.0
NC062,Nama Khoi,2020,0400,VAT (output less input),13284877.0
NC062,Nama Khoi,2020,0500,Pensions / Retirement deductions,0.0
NC062,Nama Khoi,2020,0600,Loan repayments,0.0
NC062,Nama Khoi,2020,0700,Trade Creditors,583305.0
NC062,Nama Khoi,2020,0800,Auditor General,1673511.0
NC062,Nama Khoi,2020,0900,Other,-940166.0
NC062,Nama Khoi,2020,1000,Total,346145372.0
NC064,Kamiesberg,2020,0100,Bulk Electricity,26937406.0
NC064,Kamiesberg,2020,0200,Bulk Water,203170.0
NC064,Kamiesberg,2020,0300,PAYE deductions,783194.0
NC064,Kamiesberg,2020,0400,VAT (output less input),0.0
NC064,Kamiesberg,2020,0500,Pensions / Retirement deductions,1206847.0
NC064,Kamiesberg,2020,0600,Loan repayments,0.0
NC064,Kamiesberg,2020,0700,Trade Creditors,9807732.0
NC064,Kamiesberg,2020,0800,Auditor General,107544.0
NC064,Kamiesberg,2020,0900,Other,10521107.0
NC064,Kamiesberg,2020,1000,Total,49567000.0
NC065,Hantam,2020,0100,Bulk Electricity,0.0
NC065,Hantam,2020,0200,Bulk Water,0.0
NC065,Hantam,2020,0300,PAYE deductions,0.0
NC065,Hantam,2020,0400,VAT (output less input),0.0
NC065,Hantam,2020,0500,Pensions / Retirement deductions,0.0
NC065,Hantam,2020,0600,Loan repayments,0.0
NC065,Hantam,2020,0700,Trade Creditors,30222626.0
NC065,Hantam,2020,0800,Auditor General,0.0
NC065,Hantam,2020,0900,Other,17243923.0
NC065,Hantam,2020,1000,Total,47466549.0
NC066,Karoo Hoogland,2020,0100,Bulk Electricity,0.0
NC066,Karoo Hoogland,2020,0200,Bulk Water,0.0
NC066,Karoo Hoogland,2020,0300,PAYE deductions,0.0
NC066,Karoo Hoogland,2020,0400,VAT (output less input),0.0
NC066,Karoo Hoogland,2020,0500,Pensions / Retirement deductions,0.0
NC066,Karoo Hoogland,2020,0600,Loan repayments,0.0
NC066,Karoo Hoogland,2020,0700,Trade Creditors,3972677.0
NC066,Karoo Hoogland,2020,0800,Auditor General,0.0
NC066,Karoo Hoogland,2020,0900,Other,176.0
NC066,Karoo Hoogland,2020,1000,Total,3972853.0
NC067,Khai-Ma,2020,0100,Bulk Electricity,23300947.0
NC067,Khai-Ma,2020,0200,Bulk Water,7321568.0
NC067,Khai-Ma,2020,0300,PAYE deductions,339071.0
NC067,Khai-Ma,2020,0400,VAT (output less input),0.0
NC067,Khai-Ma,2020,0500,Pensions / Retirement deductions,295578.0
NC067,Khai-Ma,2020,0600,Loan repayments,0.0
NC067,Khai-Ma,2020,0700,Trade Creditors,0.0
NC067,Khai-Ma,2020,0800,Auditor General,3958285.0
NC067,Khai-Ma,2020,0900,Other,11760488.0
NC067,Khai-Ma,2020,1000,Total,46975937.0
NC071,Ubuntu,2020,0100,Bulk Electricity,69900776.0
NC071,Ubuntu,2020,0200,Bulk Water,340432.0
NC071,Ubuntu,2020,0300,PAYE deductions,1438090.0
NC071,Ubuntu,2020,0400,VAT (output less input),0.0
NC071,Ubuntu,2020,0500,Pensions / Retirement deductions,5209735.0
NC071,Ubuntu,2020,0600,Loan repayments,0.0
NC071,Ubuntu,2020,0700,Trade Creditors,9220931.0
NC071,Ubuntu,2020,0800,Auditor General,5596728.0
NC071,Ubuntu,2020,0900,Other,773680.0
NC071,Ubuntu,2020,1000,Total,92480372.0
NC072,Umsobomvu,2020,0100,Bulk Electricity,2227050.0
NC072,Umsobomvu,2020,0200,Bulk Water,0.0
NC072,Umsobomvu,2020,0300,PAYE deductions,0.0
NC072,Umsobomvu,2020,0400,VAT (output less input),0.0
NC072,Umsobomvu,2020,0500,Pensions / Retirement deductions,0.0
NC072,Umsobomvu,2020,0600,Loan repayments,0.0
NC072,Umsobomvu,2020,0700,Trade Creditors,29840.0
NC072,Umsobomvu,2020,0800,Auditor General,0.0
NC072,Umsobomvu,2020,0900,Other,7392834.0
NC072,Umsobomvu,2020,1000,Total,9649724.0
NC075,Renosterberg,2020,0100,Bulk Electricity,82793758.0
NC075,Renosterberg,2020,0200,Bulk Water,4086833.0
NC075,Renosterberg,2020,0300,PAYE deductions,0.0
NC075,Renosterberg,2020,0400,VAT (output less input),0.0
NC075,Renosterberg,2020,0500,Pensions / Retirement deductions,0.0
NC075,Renosterberg,2020,0600,Loan repayments,0.0
NC075,Renosterberg,2020,0700,Trade Creditors,1574678.0
NC075,Renosterberg,2020,0800,Auditor General,3420849.0
NC075,Renosterberg,2020,0900,Other,337833.0
NC075,Renosterberg,2020,1000,Total,92213951.0
NC076,Thembelihle,2020,0100,Bulk Electricity,81789680.0
NC076,Thembelihle,2020,0200,Bulk Water,205531.0
NC076,Thembelihle,2020,0300,PAYE deductions,0.0
NC076,Thembelihle,2020,0400,VAT (output less input),0.0
NC076,Thembelihle,2020,0500,Pensions / Retirement deductions,0.0
NC076,Thembelihle,2020,0600,Loan repayments,0.0
NC076,Thembelihle,2020,0700,Trade Creditors,18206570.0
NC076,Thembelihle,2020,0800,Auditor General,3567359.0
NC076,Thembelihle,2020,0900,Other,0.0
NC076,Thembelihle,2020,1000,Total,103769140.0
NC077,Siyathemba,2020,0100,Bulk Electricity,70783386.0
NC077,Siyathemba,2020,0200,Bulk Water,0.0
NC077,Siyathemba,2020,0300,PAYE deductions,0.0
NC077,Siyathemba,2020,0400,VAT (output less input),0.0
NC077,Siyathemba,2020,0500,Pensions / Retirement deductions,0.0
NC077,Siyathemba,2020,0600,Loan repayments,0.0
NC077,Siyathemba,2020,0700,Trade Creditors,0.0
NC077,Siyathemba,2020,0800,Auditor General,5075309.0
NC077,Siyathemba,2020,0900,Other,0.0
NC077,Siyathemba,2020,1000,Total,75858695.0
NC078,Siyancuma,2020,0100,Bulk Electricity,161632560.0
NC078,Siyancuma,2020,0200,Bulk Water,294946.0
NC078,Siyancuma,2020,0300,PAYE deductions,0.0
NC078,Siyancuma,2020,0400,VAT (output less input),0.0
NC078,Siyancuma,2020,0500,Pensions / Retirement deductions,0.0
NC078,Siyancuma,2020,0600,Loan repayments,0.0
NC078,Siyancuma,2020,0700,Trade Creditors,19695861.0
NC078,Siyancuma,2020,0800,Auditor General,2771201.0
NC078,Siyancuma,2020,0900,Other,0.0
NC078,Siyancuma,2020,1000,Total,184394568.0
NC082,!Kai! Garib,2020,0100,Bulk Electricity,230536559.0
NC082,!Kai! Garib,2020,0200,Bulk Water,12907470.0
NC082,!Kai! Garib,2020,0300,PAYE deductions,0.0
NC082,!Kai! Garib,2020,0400,VAT (output less input),24220014.0
NC082,!Kai! Garib,2020,0500,Pensions / Retirement deductions,3155150.0
NC082,!Kai! Garib,2020,0600,Loan repayments,0.0
NC082,!Kai! Garib,2020,0700,Trade Creditors,19868268.0
NC082,!Kai! Garib,2020,0800,Auditor General,12028158.0
NC082,!Kai! Garib,2020,0900,Other,4500138.0
NC082,!Kai! Garib,2020,1000,Total,307215757.0
NC084,!Kheis,2020,0100,Bulk Electricity,0.0
NC084,!Kheis,2020,0200,Bulk Water,105295.0
NC084,!Kheis,2020,0300,PAYE deductions,0.0
NC084,!Kheis,2020,0400,VAT (output less input),0.0
NC084,!Kheis,2020,0500,Pensions / Retirement deductions,0.0
NC084,!Kheis,2020,0600,Loan repayments,0.0
NC084,!Kheis,2020,0700,Trade Creditors,271782.0
NC084,!Kheis,2020,0800,Auditor General,16371.0
NC084,!Kheis,2020,0900,Other,36573844.0
NC084,!Kheis,2020,1000,Total,36967292.0
NC085,Tsantsabane,2020,0100,Bulk Electricity,163911954.0
NC085,Tsantsabane,2020,0200,Bulk Water,57410897.0
NC085,Tsantsabane,2020,0300,PAYE deductions,2638938.0
NC085,Tsantsabane,2020,0400,VAT (output less input),0.0
NC085,Tsantsabane,2020,0500,Pensions / Retirement deductions,893214.0
NC085,Tsantsabane,2020,0600,Loan repayments,0.0
NC085,Tsantsabane,2020,0700,Trade Creditors,4063674.0
NC085,Tsantsabane,2020,0800,Auditor General,5394166.0
NC085,Tsantsabane,2020,0900,Other,0.0
NC085,Tsantsabane,2020,1000,Total,234312843.0
NC087,Dawid Kruiper,2020,0100,Bulk Electricity,0.0
NC087,Dawid Kruiper,2020,0200,Bulk Water,0.0
NC087,Dawid Kruiper,2020,0300,PAYE deductions,2956777.0
NC087,Dawid Kruiper,2020,0400,VAT (output less input),14059709.0
NC087,Dawid Kruiper,2020,0500,Pensions / Retirement deductions,4435498.0
NC087,Dawid Kruiper,2020,0600,Loan repayments,0.0
NC087,Dawid Kruiper,2020,0700,Trade Creditors,80483835.0
NC087,Dawid Kruiper,2020,0800,Auditor General,19706.0
NC087,Dawid Kruiper,2020,0900,Other,8349757.0
NC087,Dawid Kruiper,2020,1000,Total,110305282.0
NC091,Sol Plaatje,2020,0100,Bulk Electricity,114547397.0
NC091,Sol Plaatje,2020,0200,Bulk Water,58472548.0
NC091,Sol Plaatje,2020,0300,PAYE deductions,8885584.0
NC091,Sol Plaatje,2020,0400,VAT (output less input),0.0
NC091,Sol Plaatje,2020,0500,Pensions / Retirement deductions,7137584.0
NC091,Sol Plaatje,2020,0600,Loan repayments,0.0
NC091,Sol Plaatje,2020,0700,Trade Creditors,0.0
NC091,Sol Plaatje,2020,0800,Auditor General,0.0
NC091,Sol Plaatje,2020,0900,Other,170943597.0
NC091,Sol Plaatje,2020,1000,Total,359986710.0
NC092,Dikgatlong,2020,0100,Bulk Electricity,0.0
NC092,Dikgatlong,2020,0200,Bulk Water,2738850.0
NC092,Dikgatlong,2020,0300,PAYE deductions,0.0
NC092,Dikgatlong,2020,0400,VAT (output less input),0.0
NC092,Dikgatlong,2020,0500,Pensions / Retirement deductions,0.0
NC092,Dikgatlong,2020,0600,Loan repayments,0.0
NC092,Dikgatlong,2020,0700,Trade Creditors,4627717.0
NC092,Dikgatlong,2020,0800,Auditor General,0.0
NC092,Dikgatlong,2020,0900,Other,14869313.0
NC092,Dikgatlong,2020,1000,Total,22235880.0
NC093,Magareng,2020,0100,Bulk Electricity,67102035.0
NC093,Magareng,2020,0200,Bulk Water,106189151.0
NC093,Magareng,2020,0300,PAYE deductions,0.0
NC093,Magareng,2020,0400,VAT (output less input),0.0
NC093,Magareng,2020,0500,Pensions / Retirement deductions,0.0
NC093,Magareng,2020,0600,Loan repayments,0.0
NC093,Magareng,2020,0700,Trade Creditors,436074.0
NC093,Magareng,2020,0800,Auditor General,2058462.0
NC093,Magareng,2020,0900,Other,0.0
NC093,Magareng,2020,1000,Total,175785722.0
NC094,Phokwane,2020,0100,Bulk Electricity,137140978.0
NC094,Phokwane,2020,0200,Bulk Water,138547338.0
NC094,Phokwane,2020,0300,PAYE deductions,0.0
NC094,Phokwane,2020,0400,VAT (output less input),0.0
NC094,Phokwane,2020,0500,Pensions / Retirement deductions,0.0
NC094,Phokwane,2020,0600,Loan repayments,0.0
NC094,Phokwane,2020,0700,Trade Creditors,0.0
NC094,Phokwane,2020,0800,Auditor General,0.0
NC094,Phokwane,2020,0900,Other,0.0
NC094,Phokwane,2020,1000,Total,275688316.0
NC451,Joe Morolong,2020,0100,Bulk Electricity,0.0
NC451,Joe Morolong,2020,0200,Bulk Water,0.0
NC451,Joe Morolong,2020,0300,PAYE deductions,0.0
NC451,Joe Morolong,2020,0400,VAT (output less input),0.0
NC451,Joe Morolong,2020,0500,Pensions / Retirement deductions,0.0
NC451,Joe Morolong,2020,0600,Loan repayments,0.0
NC451,Joe Morolong,2020,0700,Trade Creditors,0.0
NC451,Joe Morolong,2020,0800,Auditor General,0.0
NC451,Joe Morolong,2020,0900,Other,25643630.0
NC451,Joe Morolong,2020,1000,Total,25643630.0
NC452,Ga-Segonyana,2020,0100,Bulk Electricity,0.0
NC452,Ga-Segonyana,2020,0200,Bulk Water,0.0
NC452,Ga-Segonyana,2020,0300,PAYE deductions,0.0
NC452,Ga-Segonyana,2020,0400,VAT (output less input),0.0
NC452,Ga-Segonyana,2020,0500,Pensions / Retirement deductions,0.0
NC452,Ga-Segonyana,2020,0600,Loan repayments,0.0
NC452,Ga-Segonyana,2020,0700,Trade Creditors,13893845.0
NC452,Ga-Segonyana,2020,0800,Auditor General,0.0
NC452,Ga-Segonyana,2020,0900,Other,0.0
NC452,Ga-Segonyana,2020,1000,Total,13893845.0
NC453,Gamagara,2020,0100,Bulk Electricity,183569082.0
NC453,Gamagara,2020,0200,Bulk Water,3283584.0
NC453,Gamagara,2020,0300,PAYE deductions,2224135.0
NC453,Gamagara,2020,0400,VAT (output less input),0.0
NC453,Gamagara,2020,0500,Pensions / Retirement deductions,2000415.0
NC453,Gamagara,2020,0600,Loan repayments,0.0
NC453,Gamagara,2020,0700,Trade Creditors,21335319.0
NC453,Gamagara,2020,0800,Auditor General,112339.0
NC453,Gamagara,2020,0900,Other,25928713.0
NC453,Gamagara,2020,1000,Total,238453587.0
NMA,Nelson Mandela Bay,2020,0100,Bulk Electricity,0.0
NMA,Nelson Mandela Bay,2020,0200,Bulk Water,0.0
NMA,Nelson Mandela Bay,2020,0300,PAYE deductions,0.0
NMA,Nelson Mandela Bay,2020,0400,VAT (output less input),0.0
NMA,Nelson Mandela Bay,2020,0500,Pensions / Retirement deductions,0.0
NMA,Nelson Mandela Bay,2020,0600,Loan repayments,0.0
NMA,Nelson Mandela Bay,2020,0700,Trade Creditors,1896392333.0
NMA,Nelson Mandela Bay,2020,0800,Auditor General,0.0
NMA,Nelson Mandela Bay,2020,0900,Other,0.0
NMA,Nelson Mandela Bay,2020,1000,Total,1896392333.0
NW372,Madibeng,2020,0100,Bulk Electricity,314462758.0
NW372,Madibeng,2020,0200,Bulk Water,223248255.0
NW372,Madibeng,2020,0300,PAYE deductions,0.0
NW372,Madibeng,2020,0400,VAT (output less input),0.0
NW372,Madibeng,2020,0500,Pensions / Retirement deductions,0.0
NW372,Madibeng,2020,0600,Loan repayments,0.0
NW372,Madibeng,2020,0700,Trade Creditors,481852724.0
NW372,Madibeng,2020,0800,Auditor General,5935497.0
NW372,Madibeng,2020,0900,Other,0.0
NW372,Madibeng,2020,1000,Total,1025499234.0
NW375,Moses Kotane,2020,0100,Bulk Electricity,0.0
NW375,Moses Kotane,2020,0200,Bulk Water,0.0
NW375,Moses Kotane,2020,0300,PAYE deductions,0.0
NW375,Moses Kotane,2020,0400,VAT (output less input),0.0
NW375,Moses Kotane,2020,0500,Pensions / Retirement deductions,0.0
NW375,Moses Kotane,2020,0600,Loan repayments,0.0
NW375,Moses Kotane,2020,0700,Trade Creditors,76844260.0
NW375,Moses Kotane,2020,0800,Auditor General,0.0
NW375,Moses Kotane,2020,0900,Other,0.0
NW375,Moses Kotane,2020,1000,Total,76844260.0
NW381,Ratlou,2020,0100,Bulk Electricity,3021025.0
NW381,Ratlou,2020,0200,Bulk Water,0.0
NW381,Ratlou,2020,0300,PAYE deductions,0.0
NW381,Ratlou,2020,0400,VAT (output less input),0.0
NW381,Ratlou,2020,0500,Pensions / Retirement deductions,0.0
NW381,Ratlou,2020,0600,Loan repayments,0.0
NW381,Ratlou,2020,0700,Trade Creditors,-735672.0
NW381,Ratlou,2020,0800,Auditor General,64142.0
NW381,Ratlou,2020,0900,Other,0.0
NW381,Ratlou,2020,1000,Total,2349495.0
NW382,Tswaing,2020,0100,Bulk Electricity,77339922.0
NW382,Tswaing,2020,0200,Bulk Water,628458.0
NW382,Tswaing,2020,0300,PAYE deductions,23836575.0
NW382,Tswaing,2020,0400,VAT (output less input),0.0
NW382,Tswaing,2020,0500,Pensions / Retirement deductions,24445459.0
NW382,Tswaing,2020,0600,Loan repayments,0.0
NW382,Tswaing,2020,0700,Trade Creditors,2922304.0
NW382,Tswaing,2020,0800,Auditor General,3490625.0
NW382,Tswaing,2020,0900,Other,32541480.0
NW382,Tswaing,2020,1000,Total,165204823.0
NW383,Mafikeng,2020,0100,Bulk Electricity,0.0
NW383,Mafikeng,2020,0200,Bulk Water,0.0
NW383,Mafikeng,2020,0300,PAYE deductions,0.0
NW383,Mafikeng,2020,0400,VAT (output less input),0.0
NW383,Mafikeng,2020,0500,Pensions / Retirement deductions,0.0
NW383,Mafikeng,2020,0600,Loan repayments,0.0
NW383,Mafikeng,2020,0700,Trade Creditors,154628925.0
NW383,Mafikeng,2020,0800,Auditor General,0.0
NW383,Mafikeng,2020,0900,Other,0.0
NW383,Mafikeng,2020,1000,Total,154628925.0
NW393,Mamusa,2020,0100,Bulk Electricity,0.0
NW393,Mamusa,2020,0200,Bulk Water,0.0
NW393,Mamusa,2020,0300,PAYE deductions,0.0
NW393,Mamusa,2020,0400,VAT (output less input),0.0
NW393,Mamusa,2020,0500,Pensions / Retirement deductions,52156.0
NW393,Mamusa,2020,0600,Loan repayments,0.0
NW393,Mamusa,2020,0700,Trade Creditors,98840672.0
NW393,Mamusa,2020,0800,Auditor General,0.0
NW393,Mamusa,2020,0900,Other,0.0
NW393,Mamusa,2020,1000,Total,98892828.0
NW396,Lekwa-Teemane,2020,0100,Bulk Electricity,45475288.0
NW396,Lekwa-Teemane,2020,0200,Bulk Water,0.0
NW396,Lekwa-Teemane,2020,0300,PAYE deductions,0.0
NW396,Lekwa-Teemane,2020,0400,VAT (output less input),3147603.0
NW396,Lekwa-Teemane,2020,0500,Pensions / Retirement deductions,0.0
NW396,Lekwa-Teemane,2020,0600,Loan repayments,0.0
NW396,Lekwa-Teemane,2020,0700,Trade Creditors,9392281.0
NW396,Lekwa-Teemane,2020,0800,Auditor General,1525407.0
NW396,Lekwa-Teemane,2020,0900,Other,350387370.0
NW396,Lekwa-Teemane,2020,1000,Total,409927949.0
NW403,City of Matlosana,2020,0100,Bulk Electricity,634516597.0
NW403,City of Matlosana,2020,0200,Bulk Water,535128029.0
NW403,City of Matlosana,2020,0300,PAYE deductions,0.0
NW403,City of Matlosana,2020,0400,VAT (output less input),0.0
NW403,City of Matlosana,2020,0500,Pensions / Retirement deductions,0.0
NW403,City of Matlosana,2020,0600,Loan repayments,0.0
NW403,City of Matlosana,2020,0700,Trade Creditors,148752128.0
NW403,City of Matlosana,2020,0800,Auditor General,2696169.0
NW403,City of Matlosana,2020,0900,Other,0.0
NW403,City of Matlosana,2020,1000,Total,1321092923.0
NW404,Maquassi Hills,2020,0100,Bulk Electricity,32416898.0
NW404,Maquassi Hills,2020,0200,Bulk Water,204603175.0
NW404,Maquassi Hills,2020,0300,PAYE deductions,0.0
NW404,Maquassi Hills,2020,0400,VAT (output less input),0.0
NW404,Maquassi Hills,2020,0500,Pensions / Retirement deductions,0.0
NW404,Maquassi Hills,2020,0600,Loan repayments,0.0
NW404,Maquassi Hills,2020,0700,Trade Creditors,4902555.0
NW404,Maquassi Hills,2020,0800,Auditor General,0.0
NW404,Maquassi Hills,2020,0900,Other,651891.0
NW404,Maquassi Hills,2020,1000,Total,242574519.0
WC012,Cederberg,2020,0100,Bulk Electricity,45342122.0
WC012,Cederberg,2020,0200,Bulk Water,0.0
WC012,Cederberg,2020,0300,PAYE deductions,0.0
WC012,Cederberg,2020,0400,VAT (output less input),0.0
WC012,Cederberg,2020,0500,Pensions / Retirement deductions,0.0
WC012,Cederberg,2020,0600,Loan repayments,0.0
WC012,Cederberg,2020,0700,Trade Creditors,0.0
WC012,Cederberg,2020,0800,Auditor General,0.0
WC012,Cederberg,2020,0900,Other,0.0
WC012,Cederberg,2020,1000,Total,45342122.0
WC013,Bergrivier,2020,0100,Bulk Electricity,0.0
WC013,Bergrivier,2020,0200,Bulk Water,0.0
WC013,Bergrivier,2020,0300,PAYE deductions,0.0
WC013,Bergrivier,2020,0400,VAT (output less input),0.0
WC013,Bergrivier,2020,0500,Pensions / Retirement deductions,0.0
WC013,Bergrivier,2020,0600,Loan repayments,0.0
WC013,Bergrivier,2020,0700,Trade Creditors,0.0
WC013,Bergrivier,2020,0800,Auditor General,0.0
WC013,Bergrivier,2020,0900,Other,16256114.0
WC013,Bergrivier,2020,1000,Total,16256114.0
WC014,Saldanha Bay,2020,0100,Bulk Electricity,0.0
WC014,Saldanha Bay,2020,0200,Bulk Water,0.0
WC014,Saldanha Bay,2020,0300,PAYE deductions,0.0
WC014,Saldanha Bay,2020,0400,VAT (output less input),0.0
WC014,Saldanha Bay,2020,0500,Pensions / Retirement deductions,0.0
WC014,Saldanha Bay,2020,0600,Loan repayments,0.0
WC014,Saldanha Bay,2020,0700,Trade Creditors,7751908.0
WC014,Saldanha Bay,2020,0800,Auditor General,0.0
WC014,Saldanha Bay,2020,0900,Other,0.0
WC014,Saldanha Bay,2020,1000,Total,7751908.0
WC015,Swartland,2020,0100,Bulk Electricity,0.0
WC015,Swartland,2020,0200,Bulk Water,0.0
WC015,Swartland,2020,0300,PAYE deductions,0.0
WC015,Swartland,2020,0400,VAT (output less input),0.0
WC015,Swartland,2020,0500,Pensions / Retirement deductions,0.0
WC015,Swartland,2020,0600,Loan repayments,0.0
WC015,Swartland,2020,0700,Trade Creditors,66579930.0
WC015,Swartland,2020,0800,Auditor General,0.0
WC015,Swartland,2020,0900,Other,0.0
WC015,Swartland,2020,1000,Total,66579930.0
WC022,Witzenberg,2020,0100,Bulk Electricity,0.0
WC022,Witzenberg,2020,0200,Bulk Water,0.0
WC022,Witzenberg,2020,0300,PAYE deductions,0.0
WC022,Witzenberg,2020,0400,VAT (output less input),0.0
WC022,Witzenberg,2020,0500,Pensions / Retirement deductions,0.0
WC022,Witzenberg,2020,0600,Loan repayments,0.0
WC022,Witzenberg,2020,0700,Trade Creditors,4991880.0
WC022,Witzenberg,2020,0800,Auditor General,0.0
WC022,Witzenberg,2020,0900,Other,0.0
WC022,Witzenberg,2020,1000,Total,4991880.0
WC023,Drakenstein,2020,0100,Bulk Electricity,59192709.0
WC023,Drakenstein,2020,0200,Bulk Water,0.0
WC023,Drakenstein,2020,0300,PAYE deductions,0.0
WC023,Drakenstein,2020,0400,VAT (output less input),0.0
WC023,Drakenstein,2020,0500,Pensions / Retirement deductions,0.0
WC023,Drakenstein,2020,0600,Loan repayments,0.0
WC023,Drakenstein,2020,0700,Trade Creditors,0.0
WC023,Drakenstein,2020,0800,Auditor General,0.0
WC023,Drakenstein,2020,0900,Other,0.0
WC023,Drakenstein,2020,1000,Total,59192709.0
WC024,Stellenbosch,2020,0100,Bulk Electricity,49711765.0
WC024,Stellenbosch,2020,0200,Bulk Water,3367399.0
WC024,Stellenbosch,2020,0300,PAYE deductions,0.0
WC024,Stellenbosch,2020,0400,VAT (output less input),0.0
WC024,Stellenbosch,2020,0500,Pensions / Retirement deductions,2547205.0
WC024,Stellenbosch,2020,0600,Loan repayments,0.0
WC024,Stellenbosch,2020,0700,Trade Creditors,112349228.0
WC024,Stellenbosch,2020,0800,Auditor General,0.0
WC024,Stellenbosch,2020,0900,Other,102848630.0
WC024,Stellenbosch,2020,1000,Total,270824227.0
WC025,Breede Valley,2020,0100,Bulk Electricity,0.0
WC025,Breede Valley,2020,0200,Bulk Water,0.0
WC025,Breede Valley,2020,0300,PAYE deductions,0.0
WC025,Breede Valley,2020,0400,VAT (output less input),0.0
WC025,Breede Valley,2020,0500,Pensions / Retirement deductions,0.0
WC025,Breede Valley,2020,0600,Loan repayments,1.0
WC025,Breede Valley,2020,0700,Trade Creditors,0.0
WC025,Breede Valley,2020,0800,Auditor General,0.0
WC025,Breede Valley,2020,0900,Other,0.0
WC025,Breede Valley,2020,1000,Total,1.0
WC026,Langeberg,2020,0100,Bulk Electricity,0.0
WC026,Langeberg,2020,0200,Bulk Water,0.0
WC026,Langeberg,2020,0300,PAYE deductions,0.0
WC026,Langeberg,2020,0400,VAT (output less input),0.0
WC026,Langeberg,2020,0500,Pensions / Retirement deductions,0.0
WC026,Langeberg,2020,0600,Loan repayments,0.0
WC026,Langeberg,2020,0700,Trade Creditors,0.0
WC026,Langeberg,2020,0800,Auditor General,0.0
WC026,Langeberg,2020,0900,Other,0.0
WC026,Langeberg,2020,1000,Total,0.0
WC031,Theewaterskloof,2020,0100,Bulk Electricity,3014370.0
WC031,Theewaterskloof,2020,0200,Bulk Water,1037621.0
WC031,Theewaterskloof,2020,0300,PAYE deductions,0.0
WC031,Theewaterskloof,2020,0400,VAT (output less input),0.0
WC031,Theewaterskloof,2020,0500,Pensions / Retirement deductions,0.0
WC031,Theewaterskloof,2020,0600,Loan repayments,0.0
WC031,Theewaterskloof,2020,0700,Trade Creditors,41596506.0
WC031,Theewaterskloof,2020,0800,Auditor General,164039.0
WC031,Theewaterskloof,2020,0900,Other,29662000.0
WC031,Theewaterskloof,2020,1000,Total,75474536.0
WC034,Swellendam,2020,0100,Bulk Electricity,0.0
WC034,Swellendam,2020,0200,Bulk Water,0.0
WC034,Swellendam,2020,0300,PAYE deductions,0.0
WC034,Swellendam,2020,0400,VAT (output less input),0.0
WC034,Swellendam,2020,0500,Pensions / Retirement deductions,0.0
WC034,Swellendam,2020,0600,Loan repayments,0.0
WC034,Swellendam,2020,0700,Trade Creditors,0.0
WC034,Swellendam,2020,0800,Auditor General,0.0
WC034,Swellendam,2020,0900,Other,0.0
WC034,Swellendam,2020,1000,Total,0.0
WC042,Hessequa,2020,0100,Bulk Electricity,0.0
WC042,Hessequa,2020,0200,Bulk Water,0.0
WC042,Hessequa,2020,0300,PAYE deductions,0.0
WC042,Hessequa,2020,0400,VAT (output less input),0.0
WC042,Hessequa,2020,0500,Pensions / Retirement deductions,0.0
WC042,Hessequa,2020,0600,Loan repayments,0.0
WC042,Hessequa,2020,0700,Trade Creditors,25206520.0
WC042,Hessequa,2020,0800,Auditor General,0.0
WC042,Hessequa,2020,0900,Other,17365714.0
WC042,Hessequa,2020,1000,Total,42572234.0
WC043,Mossel Bay,2020,0100,Bulk Electricity,14536.0
WC043,Mossel Bay,2020,0200,Bulk Water,0.0
WC043,Mossel Bay,2020,0300,PAYE deductions,0.0
WC043,Mossel Bay,2020,0400,VAT (output less input),0.0
WC043,Mossel Bay,2020,0500,Pensions / Retirement deductions,0.0
WC043,Mossel Bay,2020,0600,Loan repayments,0.0
WC043,Mossel Bay,2020,0700,Trade Creditors,42508926.0
WC043,Mossel Bay,2020,0800,Auditor General,0.0
WC043,Mossel Bay,2020,0900,Other,0.0
WC043,Mossel Bay,2020,1000,Total,42523462.0
WC044,George,2020,0100,Bulk Electricity,62824069.0
WC044,George,2020,0200,Bulk Water,0.0
WC044,George,2020,0300,PAYE deductions,0.0
WC044,George,2020,0400,VAT (output less input),0.0
WC044,George,2020,0500,Pensions / Retirement deductions,0.0
WC044,George,2020,0600,Loan repayments,0.0
WC044,George,2020,0700,Trade Creditors,70684425.0
WC044,George,2020,0800,Auditor General,10396.0
WC044,George,2020,0900,Other,0.0
WC044,George,2020,1000,Total,133518890.0
WC045,Oudtshoorn,2020,0100,Bulk Electricity,20943276.0
WC045,Oudtshoorn,2020,0200,Bulk Water,0.0
WC045,Oudtshoorn,2020,0300,PAYE deductions,0.0
WC045,Oudtshoorn,2020,0400,VAT (output less input),0.0
WC045,Oudtshoorn,2020,0500,Pensions / Retirement deductions,0.0
WC045,Oudtshoorn,2020,0600,Loan repayments,0.0
WC045,Oudtshoorn,2020,0700,Trade Creditors,37305552.0
WC045,Oudtshoorn,2020,0800,Auditor General,71708.0
WC045,Oudtshoorn,2020,0900,Other,0.0
WC045,Oudtshoorn,2020,1000,Total,58320536.0
WC048,Knysna,2020,0100,Bulk Electricity,0.0
WC048,Knysna,2020,0200,Bulk Water,0.0
WC048,Knysna,2020,0300,PAYE deductions,0.0
WC048,Knysna,2020,0400,VAT (output less input),0.0
WC048,Knysna,2020,0500,Pensions / Retirement deductions,0.0
WC048,Knysna,2020,0600,Loan repayments,0.0
WC048,Knysna,2020,0700,Trade Creditors,13575208.0
WC048,Knysna,2020,0800,Auditor General,0.0
WC048,Knysna,2020,0900,Other,0.0
WC048,Knysna,2020,1000,Total,13575208.0
BUF,Buffalo City,2021,0100,Bulk Electricity,225284818.0
BUF,Buffalo City,2021,0200,Bulk Water,43317232.0
BUF,Buffalo City,2021,0300,PAYE deductions,30888373.0
BUF,Buffalo City,2021,0400,VAT (output less input),15021047.0
BUF,Buffalo City,2021,0500,Pensions / Retirement deductions,34923280.0
BUF,Buffalo City,2021,0600,Loan repayments,15845378.0
BUF,Buffalo City,2021,0700,Trade Creditors,712862466.0
BUF,Buffalo City,2021,0800,Auditor General,14364.0
BUF,Buffalo City,2021,0900,Other,191996930.0
BUF,Buffalo City,2021,1000,Total,1270153888.0
DC1,West Coast,2021,0100,Bulk Electricity,0.0
DC1,West Coast,2021,0200,Bulk Water,0.0
DC1,West Coast,2021,0300,PAYE deductions,0.0
DC1,West Coast,2021,0400,VAT (output less input),0.0
DC1,West Coast,2021,0500,Pensions / Retirement deductions,0.0
DC1,West Coast,2021,0600,Loan repayments,0.0
DC1,West Coast,2021,0700,Trade Creditors,10625467.0
DC1,West Coast,2021,0800,Auditor General,0.0
DC1,West Coast,2021,0900,Other,0.0
DC1,West Coast,2021,1000,Total,10625467.0
DC10,Sarah Baartman,2021,0100,Bulk Electricity,0.0
DC10,Sarah Baartman,2021,0200,Bulk Water,0.0
DC10,Sarah Baartman,2021,0300,PAYE deductions,0.0
DC10,Sarah Baartman,2021,0400,VAT (output less input),0.0
DC10,Sarah Baartman,2021,0500,Pensions / Retirement deductions,0.0
DC10,Sarah Baartman,2021,0600,Loan repayments,0.0
DC10,Sarah Baartman,2021,0700,Trade Creditors,906259.0
DC10,Sarah Baartman,2021,0800,Auditor General,0.0
DC10,Sarah Baartman,2021,0900,Other,0.0
DC10,Sarah Baartman,2021,1000,Total,906259.0
DC12,Amathole,2021,0100,Bulk Electricity,0.0
DC12,Amathole,2021,0200,Bulk Water,28909595.0
DC12,Amathole,2021,0300,PAYE deductions,9697592.0
DC12,Amathole,2021,0400,VAT (output less input),0.0
DC12,Amathole,2021,0500,Pensions / Retirement deductions,0.0
DC12,Amathole,2021,0600,Loan repayments,0.0
DC12,Amathole,2021,0700,Trade Creditors,269405740.0
DC12,Amathole,2021,0800,Auditor General,6307442.0
DC12,Amathole,2021,0900,Other,0.0
DC12,Amathole,2021,1000,Total,314320369.0
DC13,Chris Hani,2021,0100,Bulk Electricity,0.0
DC13,Chris Hani,2021,0200,Bulk Water,0.0
DC13,Chris Hani,2021,0300,PAYE deductions,0.0
DC13,Chris Hani,2021,0400,VAT (output less input),0.0
DC13,Chris Hani,2021,0500,Pensions / Retirement deductions,0.0
DC13,Chris Hani,2021,0600,Loan repayments,0.0
DC13,Chris Hani,2021,0700,Trade Creditors,183993380.0
DC13,Chris Hani,2021,0800,Auditor General,0.0
DC13,Chris Hani,2021,0900,Other,0.0
DC13,Chris Hani,2021,1000,Total,183993380.0
DC14,Joe Gqabi,2021,0100,Bulk Electricity,0.0
DC14,Joe Gqabi,2021,0200,Bulk Water,0.0
DC14,Joe Gqabi,2021,0300,PAYE deductions,0.0
DC14,Joe Gqabi,2021,0400,VAT (output less input),0.0
DC14,Joe Gqabi,2021,0500,Pensions / Retirement deductions,0.0
DC14,Joe Gqabi,2021,0600,Loan repayments,0.0
DC14,Joe Gqabi,2021,0700,Trade Creditors,98382197.0
DC14,Joe Gqabi,2021,0800,Auditor General,0.0
DC14,Joe Gqabi,2021,0900,Other,0.0
DC14,Joe Gqabi,2021,1000,Total,98382197.0
DC15,O R Tambo,2021,0100,Bulk Electricity,0.0
DC15,O R Tambo,2021,0200,Bulk Water,51845520.0
DC15,O R Tambo,2021,0300,PAYE deductions,0.0
DC15,O R Tambo,2021,0400,VAT (output less input),0.0
DC15,O R Tambo,2021,0500,Pensions / Retirement deductions,0.0
DC15,O R Tambo,2021,0600,Loan repayments,0.0
DC15,O R Tambo,2021,0700,Trade Creditors,241995236.0
DC15,O R Tambo,2021,0800,Auditor General,205384477.0
DC15,O R Tambo,2021,0900,Other,0.0
DC15,O R Tambo,2021,1000,Total,499225233.0
DC16,Xhariep,2021,0100,Bulk Electricity,0.0
DC16,Xhariep,2021,0200,Bulk Water,0.0
DC16,Xhariep,2021,0300,PAYE deductions,0.0
DC16,Xhariep,2021,0400,VAT (output less input),0.0
DC16,Xhariep,2021,0500,Pensions / Retirement deductions,0.0
DC16,Xhariep,2021,0600,Loan repayments,0.0
DC16,Xhariep,2021,0700,Trade Creditors,0.0
DC16,Xhariep,2021,0800,Auditor General,0.0
DC16,Xhariep,2021,0900,Other,10344830.0
DC16,Xhariep,2021,1000,Total,10344830.0
DC18,Lejweleputswa,2021,0100,Bulk Electricity,0.0
DC18,Lejweleputswa,2021,0200,Bulk Water,0.0
DC18,Lejweleputswa,2021,0300,PAYE deductions,0.0
DC18,Lejweleputswa,2021,0400,VAT (output less input),0.0
DC18,Lejweleputswa,2021,0500,Pensions / Retirement deductions,0.0
DC18,Lejweleputswa,2021,0600,Loan repayments,0.0
DC18,Lejweleputswa,2021,0700,Trade Creditors,0.0
DC18,Lejweleputswa,2021,0800,Auditor General,0.0
DC18,Lejweleputswa,2021,0900,Other,0.0
DC18,Lejweleputswa,2021,1000,Total,0.0
DC2,Cape Winelands DM,2021,0100,Bulk Electricity,0.0
DC2,Cape Winelands DM,2021,0200,Bulk Water,0.0
DC2,Cape Winelands DM,2021,0300,PAYE deductions,0.0
DC2,Cape Winelands DM,2021,0400,VAT (output less input),0.0
DC2,Cape Winelands DM,2021,0500,Pensions / Retirement deductions,0.0
DC2,Cape Winelands DM,2021,0600,Loan repayments,0.0
DC2,Cape Winelands DM,2021,0700,Trade Creditors,7421618.0
DC2,Cape Winelands DM,2021,0800,Auditor General,0.0
DC2,Cape Winelands DM,2021,0900,Other,5335321.0
DC2,Cape Winelands DM,2021,1000,Total,12756939.0
DC20,Fezile Dabi,2021,0100,Bulk Electricity,0.0
DC20,Fezile Dabi,2021,0200,Bulk Water,0.0
DC20,Fezile Dabi,2021,0300,PAYE deductions,0.0
DC20,Fezile Dabi,2021,0400,VAT (output less input),0.0
DC20,Fezile Dabi,2021,0500,Pensions / Retirement deductions,0.0
DC20,Fezile Dabi,2021,0600,Loan repayments,0.0
DC20,Fezile Dabi,2021,0700,Trade Creditors,-13253428.0
DC20,Fezile Dabi,2021,0800,Auditor General,0.0
DC20,Fezile Dabi,2021,0900,Other,0.0
DC20,Fezile Dabi,2021,1000,Total,-13253428.0
DC21,Ugu,2021,0100,Bulk Electricity,0.0
DC21,Ugu,2021,0200,Bulk Water,253597134.0
DC21,Ugu,2021,0300,PAYE deductions,0.0
DC21,Ugu,2021,0400,VAT (output less input),0.0
DC21,Ugu,2021,0500,Pensions / Retirement deductions,0.0
DC21,Ugu,2021,0600,Loan repayments,207400.0
DC21,Ugu,2021,0700,Trade Creditors,185471176.0
DC21,Ugu,2021,0800,Auditor General,4063658.0
DC21,Ugu,2021,0900,Other,0.0
DC21,Ugu,2021,1000,Total,443339368.0
DC22,uMgungundlovu,2021,0100,Bulk Electricity,0.0
DC22,uMgungundlovu,2021,0200,Bulk Water,97540840.0
DC22,uMgungundlovu,2021,0300,PAYE deductions,0.0
DC22,uMgungundlovu,2021,0400,VAT (output less input),0.0
DC22,uMgungundlovu,2021,0500,Pensions / Retirement deductions,0.0
DC22,uMgungundlovu,2021,0600,Loan repayments,0.0
DC22,uMgungundlovu,2021,0700,Trade Creditors,37987373.0
DC22,uMgungundlovu,2021,0800,Auditor General,18588.0
DC22,uMgungundlovu,2021,0900,Other,33282393.0
DC22,uMgungundlovu,2021,1000,Total,168829194.0
DC23,Uthukela,2021,0100,Bulk Electricity,0.0
DC23,Uthukela,2021,0200,Bulk Water,0.0
DC23,Uthukela,2021,0300,PAYE deductions,0.0
DC23,Uthukela,2021,0400,VAT (output less input),0.0
DC23,Uthukela,2021,0500,Pensions / Retirement deductions,0.0
DC23,Uthukela,2021,0600,Loan repayments,0.0
DC23,Uthukela,2021,0700,Trade Creditors,15698877.0
DC23,Uthukela,2021,0800,Auditor General,0.0
DC23,Uthukela,2021,0900,Other,0.0
DC23,Uthukela,2021,1000,Total,15698877.0
DC24,Umzinyathi,2021,0100,Bulk Electricity,641308.0
DC24,Umzinyathi,2021,0200,Bulk Water,0.0
DC24,Umzinyathi,2021,0300,PAYE deductions,0.0
DC24,Umzinyathi,2021,0400,VAT (output less input),0.0
DC24,Umzinyathi,2021,0500,Pensions / Retirement deductions,0.0
DC24,Umzinyathi,2021,0600,Loan repayments,0.0
DC24,Umzinyathi,2021,0700,Trade Creditors,15694137.0
DC24,Umzinyathi,2021,0800,Auditor General,0.0
DC24,Umzinyathi,2021,0900,Other,123381007.0
DC24,Umzinyathi,2021,1000,Total,139716452.0
DC25,Amajuba,2021,0100,Bulk Electricity,0.0
DC25,Amajuba,2021,0200,Bulk Water,33975369.0
DC25,Amajuba,2021,0300,PAYE deductions,0.0
DC25,Amajuba,2021,0400,VAT (output less input),0.0
DC25,Amajuba,2021,0500,Pensions / Retirement deductions,0.0
DC25,Amajuba,2021,0600,Loan repayments,0.0
DC25,Amajuba,2021,0700,Trade Creditors,41402223.0
DC25,Amajuba,2021,0800,Auditor General,1385831.0
DC25,Amajuba,2021,0900,Other,5079721.0
DC25,Amajuba,2021,1000,Total,81843144.0
DC26,Zululand,2021,0100,Bulk Electricity,0.0
DC26,Zululand,2021,0200,Bulk Water,0.0
DC26,Zululand,2021,0300,PAYE deductions,0.0
DC26,Zululand,2021,0400,VAT (output less input),0.0
DC26,Zululand,2021,0500,Pensions / Retirement deductions,0.0
DC26,Zululand,2021,0600,Loan repayments,0.0
DC26,Zululand,2021,0700,Trade Creditors,0.0
DC26,Zululand,2021,0800,Auditor General,0.0
DC26,Zululand,2021,0900,Other,0.0
DC26,Zululand,2021,1000,Total,0.0
DC27,Umkhanyakude,2021,0100,Bulk Electricity,0.0
DC27,Umkhanyakude,2021,0200,Bulk Water,13977560.0
DC27,Umkhanyakude,2021,0300,PAYE deductions,0.0
DC27,Umkhanyakude,2021,0400,VAT (output less input),0.0
DC27,Umkhanyakude,2021,0500,Pensions / Retirement deductions,0.0
DC27,Umkhanyakude,2021,0600,Loan repayments,-12712.0
DC27,Umkhanyakude,2021,0700,Trade Creditors,188575934.0
DC27,Umkhanyakude,2021,0800,Auditor General,0.0
DC27,Umkhanyakude,2021,0900,Other,43881441.0
DC27,Umkhanyakude,2021,1000,Total,246422223.0
DC28,King Cetshwayo,2021,0100,Bulk Electricity,0.0
DC28,King Cetshwayo,2021,0200,Bulk Water,0.0
DC28,King Cetshwayo,2021,0300,PAYE deductions,0.0
DC28,King Cetshwayo,2021,0400,VAT (output less input),0.0
DC28,King Cetshwayo,2021,0500,Pensions / Retirement deductions,0.0
DC28,King Cetshwayo,2021,0600,Loan repayments,0.0
DC28,King Cetshwayo,2021,0700,Trade Creditors,263348576.0
DC28,King Cetshwayo,2021,0800,Auditor General,0.0
DC28,King Cetshwayo,2021,0900,Other,76418789.0
DC28,King Cetshwayo,2021,1000,Total,339767365.0
DC29,iLembe,2021,0100,Bulk Electricity,0.0
DC29,iLembe,2021,0200,Bulk Water,0.0
DC29,iLembe,2021,0300,PAYE deductions,0.0
DC29,iLembe,2021,0400,VAT (output less input),0.0
DC29,iLembe,2021,0500,Pensions / Retirement deductions,0.0
DC29,iLembe,2021,0600,Loan repayments,0.0
DC29,iLembe,2021,0700,Trade Creditors,42508484.0
DC29,iLembe,2021,0800,Auditor General,0.0
DC29,iLembe,2021,0900,Other,-1096426.0
DC29,iLembe,2021,1000,Total,41412058.0
DC3,Overberg,2021,0100,Bulk Electricity,0.0
DC3,Overberg,2021,0200,Bulk Water,0.0
DC3,Overberg,2021,0300,PAYE deductions,0.0
DC3,Overberg,2021,0400,VAT (output less input),0.0
DC3,Overberg,2021,0500,Pensions / Retirement deductions,0.0
DC3,Overberg,2021,0600,Loan repayments,2097270.0
DC3,Overberg,2021,0700,Trade Creditors,0.0
DC3,Overberg,2021,0800,Auditor General,0.0
DC3,Overberg,2021,0900,Other,825.0
DC3,Overberg,2021,1000,Total,2098095.0
DC30,Gert Sibande,2021,0100,Bulk Electricity,0.0
DC30,Gert Sibande,2021,0200,Bulk Water,0.0
DC30,Gert Sibande,2021,0300,PAYE deductions,0.0
DC30,Gert Sibande,2021,0400,VAT (output less input),0.0
DC30,Gert Sibande,2021,0500,Pensions / Retirement deductions,0.0
DC30,Gert Sibande,2021,0600,Loan repayments,0.0
DC30,Gert Sibande,2021,0700,Trade Creditors,2145388.0
DC30,Gert Sibande,2021,0800,Auditor General,0.0
DC30,Gert Sibande,2021,0900,Other,0.0
DC30,Gert Sibande,2021,1000,Total,2145388.0
DC31,Nkangala,2021,0100,Bulk Electricity,0.0
DC31,Nkangala,2021,0200,Bulk Water,0.0
DC31,Nkangala,2021,0300,PAYE deductions,0.0
DC31,Nkangala,2021,0400,VAT (output less input),0.0
DC31,Nkangala,2021,0500,Pensions / Retirement deductions,0.0
DC31,Nkangala,2021,0600,Loan repayments,0.0
DC31,Nkangala,2021,0700,Trade Creditors,0.0
DC31,Nkangala,2021,0800,Auditor General,0.0
DC31,Nkangala,2021,0900,Other,0.0
DC31,Nkangala,2021,1000,Total,0.0
DC32,Ehlanzeni,2021,0100,Bulk Electricity,0.0
DC32,Ehlanzeni,2021,0200,Bulk Water,0.0
DC32,Ehlanzeni,2021,0300,PAYE deductions,0.0
DC32,Ehlanzeni,2021,0400,VAT (output less input),0.0
DC32,Ehlanzeni,2021,0500,Pensions / Retirement deductions,0.0
DC32,Ehlanzeni,2021,0600,Loan repayments,0.0
DC32,Ehlanzeni,2021,0700,Trade Creditors,0.0
DC32,Ehlanzeni,2021,0800,Auditor General,0.0
DC32,Ehlanzeni,2021,0900,Other,66766709.0
DC32,Ehlanzeni,2021,1000,Total,66766709.0
DC33,Mopani,2021,0100,Bulk Electricity,0.0
DC33,Mopani,2021,0200,Bulk Water,0.0
DC33,Mopani,2021,0300,PAYE deductions,0.0
DC33,Mopani,2021,0400,VAT (output less input),0.0
DC33,Mopani,2021,0500,Pensions / Retirement deductions,0.0
DC33,Mopani,2021,0600,Loan repayments,0.0
DC33,Mopani,2021,0700,Trade Creditors,560280829.0
DC33,Mopani,2021,0800,Auditor General,1147486.0
DC33,Mopani,2021,0900,Other,0.0
DC33,Mopani,2021,1000,Total,561428315.0
DC34,Vhembe,2021,0100,Bulk Electricity,0.0
DC34,Vhembe,2021,0200,Bulk Water,0.0
DC34,Vhembe,2021,0300,PAYE deductions,0.0
DC34,Vhembe,2021,0400,VAT (output less input),0.0
DC34,Vhembe,2021,0500,Pensions / Retirement deductions,0.0
DC34,Vhembe,2021,0600,Loan repayments,0.0
DC34,Vhembe,2021,0700,Trade Creditors,22862700.0
DC34,Vhembe,2021,0800,Auditor General,0.0
DC34,Vhembe,2021,0900,Other,0.0
DC34,Vhembe,2021,1000,Total,22862700.0
DC35,Capricorn,2021,0100,Bulk Electricity,0.0
DC35,Capricorn,2021,0200,Bulk Water,0.0
DC35,Capricorn,2021,0300,PAYE deductions,0.0
DC35,Capricorn,2021,0400,VAT (output less input),0.0
DC35,Capricorn,2021,0500,Pensions / Retirement deductions,0.0
DC35,Capricorn,2021,0600,Loan repayments,0.0
DC35,Capricorn,2021,0700,Trade Creditors,679472.0
DC35,Capricorn,2021,0800,Auditor General,0.0
DC35,Capricorn,2021,0900,Other,231151.0
DC35,Capricorn,2021,1000,Total,910623.0
DC36,Waterberg,2021,0100,Bulk Electricity,0.0
DC36,Waterberg,2021,0200,Bulk Water,0.0
DC36,Waterberg,2021,0300,PAYE deductions,0.0
DC36,Waterberg,2021,0400,VAT (output less input),0.0
DC36,Waterberg,2021,0500,Pensions / Retirement deductions,0.0
DC36,Waterberg,2021,0600,Loan repayments,0.0
DC36,Waterberg,2021,0700,Trade Creditors,70343.0
DC36,Waterberg,2021,0800,Auditor General,0.0
DC36,Waterberg,2021,0900,Other,0.0
DC36,Waterberg,2021,1000,Total,70343.0
DC37,Bojanala Platinum,2021,0100,Bulk Electricity,0.0
DC37,Bojanala Platinum,2021,0200,Bulk Water,0.0
DC37,Bojanala Platinum,2021,0300,PAYE deductions,0.0
DC37,Bojanala Platinum,2021,0400,VAT (output less input),0.0
DC37,Bojanala Platinum,2021,0500,Pensions / Retirement deductions,0.0
DC37,Bojanala Platinum,2021,0600,Loan repayments,0.0
DC37,Bojanala Platinum,2021,0700,Trade Creditors,4056590.0
DC37,Bojanala Platinum,2021,0800,Auditor General,0.0
DC37,Bojanala Platinum,2021,0900,Other,5295454.0
DC37,Bojanala Platinum,2021,1000,Total,9352044.0
DC38,Ngaka Modiri Molema,2021,0100,Bulk Electricity,0.0
DC38,Ngaka Modiri Molema,2021,0200,Bulk Water,0.0
DC38,Ngaka Modiri Molema,2021,0300,PAYE deductions,0.0
DC38,Ngaka Modiri Molema,2021,0400,VAT (output less input),0.0
DC38,Ngaka Modiri Molema,2021,0500,Pensions / Retirement deductions,0.0
DC38,Ngaka Modiri Molema,2021,0600,Loan repayments,0.0
DC38,Ngaka Modiri Molema,2021,0700,Trade Creditors,114267774.0
DC38,Ngaka Modiri Molema,2021,0800,Auditor General,0.0
DC38,Ngaka Modiri Molema,2021,0900,Other,43999906.0
DC38,Ngaka Modiri Molema,2021,1000,Total,158267680.0
DC39,Dr Ruth Segomotsi Mompati,2021,0100,Bulk Electricity,0.0
DC39,Dr Ruth Segomotsi Mompati,2021,0200,Bulk Water,520563518.0
DC39,Dr Ruth Segomotsi Mompati,2021,0300,PAYE deductions,0.0
DC39,Dr Ruth Segomotsi Mompati,2021,0400,VAT (output less input),0.0
DC39,Dr Ruth Segomotsi Mompati,2021,0500,Pensions / Retirement deductions,0.0
DC39,Dr Ruth Segomotsi Mompati,2021,0600,Loan repayments,0.0
DC39,Dr Ruth Segomotsi Mompati,2021,0700,Trade Creditors,0.0
DC39,Dr Ruth Segomotsi Mompati,2021,0800,Auditor General,202250.0
DC39,Dr Ruth Segomotsi Mompati,2021,0900,Other,139522758.0
DC39,Dr Ruth Segomotsi Mompati,2021,1000,Total,660288526.0
DC4,Garden Route,2021,0100,Bulk Electricity,0.0
DC4,Garden Route,2021,0200,Bulk Water,0.0
DC4,Garden Route,2021,0300,PAYE deductions,0.0
DC4,Garden Route,2021,0400,VAT (output less input),0.0
DC4,Garden Route,2021,0500,Pensions / Retirement deductions,0.0
DC4,Garden Route,2021,0600,Loan repayments,0.0
DC4,Garden Route,2021,0700,Trade Creditors,12917865.0
DC4,Garden Route,2021,0800,Auditor General,0.0
DC4,Garden Route,2021,0900,Other,452730.0
DC4,Garden Route,2021,1000,Total,13370595.0
DC40,Dr Kenneth Kaunda,2021,0100,Bulk Electricity,0.0
DC40,Dr Kenneth Kaunda,2021,0200,Bulk Water,0.0
DC40,Dr Kenneth Kaunda,2021,0300,PAYE deductions,0.0
DC40,Dr Kenneth Kaunda,2021,0400,VAT (output less input),0.0
DC40,Dr Kenneth Kaunda,2021,0500,Pensions / Retirement deductions,0.0
DC40,Dr Kenneth Kaunda,2021,0600,Loan repayments,0.0
DC40,Dr Kenneth Kaunda,2021,0700,Trade Creditors,0.0
DC40,Dr Kenneth Kaunda,2021,0800,Auditor General,0.0
DC40,Dr Kenneth Kaunda,2021,0900,Other,0.0
DC40,Dr Kenneth Kaunda,2021,1000,Total,0.0
DC42,Sedibeng,2021,0100,Bulk Electricity,0.0
DC42,Sedibeng,2021,0200,Bulk Water,0.0
DC42,Sedibeng,2021,0300,PAYE deductions,0.0
DC42,Sedibeng,2021,0400,VAT (output less input),0.0
DC42,Sedibeng,2021,0500,Pensions / Retirement deductions,0.0
DC42,Sedibeng,2021,0600,Loan repayments,0.0
DC42,Sedibeng,2021,0700,Trade Creditors,0.0
DC42,Sedibeng,2021,0800,Auditor General,0.0
DC42,Sedibeng,2021,0900,Other,204648639.0
DC42,Sedibeng,2021,1000,Total,204648639.0
DC43,Harry Gwala,2021,0100,Bulk Electricity,0.0
DC43,Harry Gwala,2021,0200,Bulk Water,0.0
DC43,Harry Gwala,2021,0300,PAYE deductions,0.0
DC43,Harry Gwala,2021,0400,VAT (output less input),0.0
DC43,Harry Gwala,2021,0500,Pensions / Retirement deductions,0.0
DC43,Harry Gwala,2021,0600,Loan repayments,0.0
DC43,Harry Gwala,2021,0700,Trade Creditors,3329063.0
DC43,Harry Gwala,2021,0800,Auditor General,0.0
DC43,Harry Gwala,2021,0900,Other,0.0
DC43,Harry Gwala,2021,1000,Total,3329063.0
DC44,Alfred Nzo,2021,0100,Bulk Electricity,0.0
DC44,Alfred Nzo,2021,0200,Bulk Water,0.0
DC44,Alfred Nzo,2021,0300,PAYE deductions,0.0
DC44,Alfred Nzo,2021,0400,VAT (output less input),0.0
DC44,Alfred Nzo,2021,0500,Pensions / Retirement deductions,0.0
DC44,Alfred Nzo,2021,0600,Loan repayments,0.0
DC44,Alfred Nzo,2021,0700,Trade Creditors,26643708.0
DC44,Alfred Nzo,2021,0800,Auditor General,0.0
DC44,Alfred Nzo,2021,0900,Other,0.0
DC44,Alfred Nzo,2021,1000,Total,26643708.0
DC45,John Taolo Gaetsewe,2021,0100,Bulk Electricity,0.0
DC45,John Taolo Gaetsewe,2021,0200,Bulk Water,0.0
DC45,John Taolo Gaetsewe,2021,0300,PAYE deductions,0.0
DC45,John Taolo Gaetsewe,2021,0400,VAT (output less input),0.0
DC45,John Taolo Gaetsewe,2021,0500,Pensions / Retirement deductions,0.0
DC45,John Taolo Gaetsewe,2021,0600,Loan repayments,0.0
DC45,John Taolo Gaetsewe,2021,0700,Trade Creditors,4344371.0
DC45,John Taolo Gaetsewe,2021,0800,Auditor General,0.0
DC45,John Taolo Gaetsewe,2021,0900,Other,0.0
DC45,John Taolo Gaetsewe,2021,1000,Total,4344371.0
DC47,Sekhukhune,2021,0100,Bulk Electricity,0.0
DC47,Sekhukhune,2021,0200,Bulk Water,18880418.0
DC47,Sekhukhune,2021,0300,PAYE deductions,0.0
DC47,Sekhukhune,2021,0400,VAT (output less input),0.0
DC47,Sekhukhune,2021,0500,Pensions / Retirement deductions,0.0
DC47,Sekhukhune,2021,0600,Loan repayments,0.0
DC47,Sekhukhune,2021,0700,Trade Creditors,31799603.0
DC47,Sekhukhune,2021,0800,Auditor General,0.0
DC47,Sekhukhune,2021,0900,Other,0.0
DC47,Sekhukhune,2021,1000,Total,50680021.0
DC48,West Rand,2021,0100,Bulk Electricity,0.0
DC48,West Rand,2021,0200,Bulk Water,0.0
DC48,West Rand,2021,0300,PAYE deductions,0.0
DC48,West Rand,2021,0400,VAT (output less input),0.0
DC48,West Rand,2021,0500,Pensions / Retirement deductions,0.0
DC48,West Rand,2021,0600,Loan repayments,0.0
DC48,West Rand,2021,0700,Trade Creditors,78654454.0
DC48,West Rand,2021,0800,Auditor General,2867412.0
DC48,West Rand,2021,0900,Other,2183834.0
DC48,West Rand,2021,1000,Total,83705700.0
DC6,Namakwa,2021,0100,Bulk Electricity,0.0
DC6,Namakwa,2021,0200,Bulk Water,0.0
DC6,Namakwa,2021,0300,PAYE deductions,0.0
DC6,Namakwa,2021,0400,VAT (output less input),0.0
DC6,Namakwa,2021,0500,Pensions / Retirement deductions,0.0
DC6,Namakwa,2021,0600,Loan repayments,0.0
DC6,Namakwa,2021,0700,Trade Creditors,0.0
DC6,Namakwa,2021,0800,Auditor General,0.0
DC6,Namakwa,2021,0900,Other,0.0
DC6,Namakwa,2021,1000,Total,0.0
DC7,Pixley Ka Seme (NC),2021,0100,Bulk Electricity,0.0
DC7,Pixley Ka Seme (NC),2021,0200,Bulk Water,0.0
DC7,Pixley Ka Seme (NC),2021,0300,PAYE deductions,0.0
DC7,Pixley Ka Seme (NC),2021,0400,VAT (output less input),0.0
DC7,Pixley Ka Seme (NC),2021,0500,Pensions / Retirement deductions,0.0
DC7,Pixley Ka Seme (NC),2021,0600,Loan repayments,0.0
DC7,Pixley Ka Seme (NC),2021,0700,Trade Creditors,0.0
DC7,Pixley Ka Seme (NC),2021,0800,Auditor General,0.0
DC7,Pixley Ka Seme (NC),2021,0900,Other,405973.0
DC7,Pixley Ka Seme (NC),2021,1000,Total,405973.0
DC8,Z F Mgcawu,2021,0100,Bulk Electricity,0.0
DC8,Z F Mgcawu,2021,0200,Bulk Water,0.0
DC8,Z F Mgcawu,2021,0300,PAYE deductions,2283637.0
DC8,Z F Mgcawu,2021,0400,VAT (output less input),0.0
DC8,Z F Mgcawu,2021,0500,Pensions / Retirement deductions,1942916.0
DC8,Z F Mgcawu,2021,0600,Loan repayments,6002569.0
DC8,Z F Mgcawu,2021,0700,Trade Creditors,742147.0
DC8,Z F Mgcawu,2021,0800,Auditor General,1712495.0
DC8,Z F Mgcawu,2021,0900,Other,3265836.0
DC8,Z F Mgcawu,2021,1000,Total,15949600.0
DC9,Frances Baard,2021,0100,Bulk Electricity,0.0
DC9,Frances Baard,2021,0200,Bulk Water,0.0
DC9,Frances Baard,2021,0300,PAYE deductions,0.0
DC9,Frances Baard,2021,0400,VAT (output less input),0.0
DC9,Frances Baard,2021,0500,Pensions / Retirement deductions,0.0
DC9,Frances Baard,2021,0600,Loan repayments,0.0
DC9,Frances Baard,2021,0700,Trade Creditors,0.0
DC9,Frances Baard,2021,0800,Auditor General,0.0
DC9,Frances Baard,2021,0900,Other,3864964.0
DC9,Frances Baard,2021,1000,Total,3864964.0
EC101,Dr Beyers Naude,2021,0100,Bulk Electricity,259441533.0
EC101,Dr Beyers Naude,2021,0200,Bulk Water,0.0
EC101,Dr Beyers Naude,2021,0300,PAYE deductions,12662229.0
EC101,Dr Beyers Naude,2021,0400,VAT (output less input),0.0
EC101,Dr Beyers Naude,2021,0500,Pensions / Retirement deductions,25471246.0
EC101,Dr Beyers Naude,2021,0600,Loan repayments,0.0
EC101,Dr Beyers Naude,2021,0700,Trade Creditors,44478464.0
EC101,Dr Beyers Naude,2021,0800,Auditor General,10571384.0
EC101,Dr Beyers Naude,2021,0900,Other,0.0
EC101,Dr Beyers Naude,2021,1000,Total,352624856.0
EC102,Blue Crane Route,2021,0100,Bulk Electricity,0.0
EC102,Blue Crane Route,2021,0200,Bulk Water,0.0
EC102,Blue Crane Route,2021,0300,PAYE deductions,0.0
EC102,Blue Crane Route,2021,0400,VAT (output less input),0.0
EC102,Blue Crane Route,2021,0500,Pensions / Retirement deductions,0.0
EC102,Blue Crane Route,2021,0600,Loan repayments,0.0
EC102,Blue Crane Route,2021,0700,Trade Creditors,0.0
EC102,Blue Crane Route,2021,0800,Auditor General,0.0
EC102,Blue Crane Route,2021,0900,Other,99406.0
EC102,Blue Crane Route,2021,1000,Total,99406.0
EC106,Sundays River Valley,2021,0100,Bulk Electricity,527480.0
EC106,Sundays River Valley,2021,0200,Bulk Water,0.0
EC106,Sundays River Valley,2021,0300,PAYE deductions,0.0
EC106,Sundays River Valley,2021,0400,VAT (output less input),0.0
EC106,Sundays River Valley,2021,0500,Pensions / Retirement deductions,0.0
EC106,Sundays River Valley,2021,0600,Loan repayments,0.0
EC106,Sundays River Valley,2021,0700,Trade Creditors,22959426.0
EC106,Sundays River Valley,2021,0800,Auditor General,3685264.0
EC106,Sundays River Valley,2021,0900,Other,0.0
EC106,Sundays River Valley,2021,1000,Total,27172170.0
EC121,Mbhashe,2021,0100,Bulk Electricity,0.0
EC121,Mbhashe,2021,0200,Bulk Water,0.0
EC121,Mbhashe,2021,0300,PAYE deductions,0.0
EC121,Mbhashe,2021,0400,VAT (output less input),0.0
EC121,Mbhashe,2021,0500,Pensions / Retirement deductions,0.0
EC121,Mbhashe,2021,0600,Loan repayments,0.0
EC121,Mbhashe,2021,0700,Trade Creditors,6871797.0
EC121,Mbhashe,2021,0800,Auditor General,0.0
EC121,Mbhashe,2021,0900,Other,3970700.0
EC121,Mbhashe,2021,1000,Total,10842497.0
EC122,Mnquma,2021,0100,Bulk Electricity,0.0
EC122,Mnquma,2021,0200,Bulk Water,0.0
EC122,Mnquma,2021,0300,PAYE deductions,0.0
EC122,Mnquma,2021,0400,VAT (output less input),0.0
EC122,Mnquma,2021,0500,Pensions / Retirement deductions,0.0
EC122,Mnquma,2021,0600,Loan repayments,0.0
EC122,Mnquma,2021,0700,Trade Creditors,11279876.0
EC122,Mnquma,2021,0800,Auditor General,0.0
EC122,Mnquma,2021,0900,Other,0.0
EC122,Mnquma,2021,1000,Total,11279876.0
EC124,Amahlathi,2021,0100,Bulk Electricity,28906544.0
EC124,Amahlathi,2021,0200,Bulk Water,0.0
EC124,Amahlathi,2021,0300,PAYE deductions,0.0
EC124,Amahlathi,2021,0400,VAT (output less input),0.0
EC124,Amahlathi,2021,0500,Pensions / Retirement deductions,0.0
EC124,Amahlathi,2021,0600,Loan repayments,0.0
EC124,Amahlathi,2021,0700,Trade Creditors,26023845.0
EC124,Amahlathi,2021,0800,Auditor General,2460592.0
EC124,Amahlathi,2021,0900,Other,27321181.0
EC124,Amahlathi,2021,1000,Total,84712162.0
EC126,Ngqushwa,2021,0100,Bulk Electricity,0.0
EC126,Ngqushwa,2021,0200,Bulk Water,0.0
EC126,Ngqushwa,2021,0300,PAYE deductions,0.0
EC126,Ngqushwa,2021,0400,VAT (output less input),0.0
EC126,Ngqushwa,2021,0500,Pensions / Retirement deductions,0.0
EC126,Ngqushwa,2021,0600,Loan repayments,0.0
EC126,Ngqushwa,2021,0700,Trade Creditors,4258975.0
EC126,Ngqushwa,2021,0800,Auditor General,4437.0
EC126,Ngqushwa,2021,0900,Other,1803290.0
EC126,Ngqushwa,2021,1000,Total,6066702.0
EC129,Raymond Mhlaba,2021,0100,Bulk Electricity,0.0
EC129,Raymond Mhlaba,2021,0200,Bulk Water,0.0
EC129,Raymond Mhlaba,2021,0300,PAYE deductions,0.0
EC129,Raymond Mhlaba,2021,0400,VAT (output less input),0.0
EC129,Raymond Mhlaba,2021,0500,Pensions / Retirement deductions,0.0
EC129,Raymond Mhlaba,2021,0600,Loan repayments,0.0
EC129,Raymond Mhlaba,2021,0700,Trade Creditors,17549612.0
EC129,Raymond Mhlaba,2021,0800,Auditor General,0.0
EC129,Raymond Mhlaba,2021,0900,Other,37219448.0
EC129,Raymond Mhlaba,2021,1000,Total,54769060.0
EC131,Inxuba Yethemba,2021,0100,Bulk Electricity,292307038.0
EC131,Inxuba Yethemba,2021,0200,Bulk Water,0.0
EC131,Inxuba Yethemba,2021,0300,PAYE deductions,0.0
EC131,Inxuba Yethemba,2021,0400,VAT (output less input),13179475.0
EC131,Inxuba Yethemba,2021,0500,Pensions / Retirement deductions,0.0
EC131,Inxuba Yethemba,2021,0600,Loan repayments,0.0
EC131,Inxuba Yethemba,2021,0700,Trade Creditors,1980622.0
EC131,Inxuba Yethemba,2021,0800,Auditor General,9139825.0
EC131,Inxuba Yethemba,2021,0900,Other,0.0
EC131,Inxuba Yethemba,2021,1000,Total,316606960.0
EC135,Vuyisile Mini,2021,0100,Bulk Electricity,155840.0
EC135,Vuyisile Mini,2021,0200,Bulk Water,0.0
EC135,Vuyisile Mini,2021,0300,PAYE deductions,0.0
EC135,Vuyisile Mini,2021,0400,VAT (output less input),0.0
EC135,Vuyisile Mini,2021,0500,Pensions / Retirement deductions,0.0
EC135,Vuyisile Mini,2021,0600,Loan repayments,0.0
EC135,Vuyisile Mini,2021,0700,Trade Creditors,3821824.0
EC135,Vuyisile Mini,2021,0800,Auditor General,0.0
EC135,Vuyisile Mini,2021,0900,Other,42387.0
EC135,Vuyisile Mini,2021,1000,Total,4020051.0
EC136,Emalahleni (EC),2021,0100,Bulk Electricity,1793804.0
EC136,Emalahleni (EC),2021,0200,Bulk Water,0.0
EC136,Emalahleni (EC),2021,0300,PAYE deductions,0.0
EC136,Emalahleni (EC),2021,0400,VAT (output less input),0.0
EC136,Emalahleni (EC),2021,0500,Pensions / Retirement deductions,0.0
EC136,Emalahleni (EC),2021,0600,Loan repayments,0.0
EC136,Emalahleni (EC),2021,0700,Trade Creditors,2213704.0
EC136,Emalahleni (EC),2021,0800,Auditor General,0.0
EC136,Emalahleni (EC),2021,0900,Other,453181.0
EC136,Emalahleni (EC),2021,1000,Total,4460689.0
EC137,Dr. A.B. Xuma,2021,0100,Bulk Electricity,0.0
EC137,Dr. A.B. Xuma,2021,0200,Bulk Water,0.0
EC137,Dr. A.B. Xuma,2021,0300,PAYE deductions,0.0
EC137,Dr. A.B. Xuma,2021,0400,VAT (output less input),0.0
EC137,Dr. A.B. Xuma,2021,0500,Pensions / Retirement deductions,0.0
EC137,Dr. A.B. Xuma,2021,0600,Loan repayments,0.0
EC137,Dr. A.B. Xuma,2021,0700,Trade Creditors,78746.0
EC137,Dr. A.B. Xuma,2021,0800,Auditor General,0.0
EC137,Dr. A.B. Xuma,2021,0900,Other,0.0
EC137,Dr. A.B. Xuma,2021,1000,Total,78746.0
EC138,Sakhisizwe,2021,0100,Bulk Electricity,0.0
EC138,Sakhisizwe,2021,0200,Bulk Water,0.0
EC138,Sakhisizwe,2021,0300,PAYE deductions,0.0
EC138,Sakhisizwe,2021,0400,VAT (output less input),0.0
EC138,Sakhisizwe,2021,0500,Pensions / Retirement deductions,0.0
EC138,Sakhisizwe,2021,0600,Loan repayments,0.0
EC138,Sakhisizwe,2021,0700,Trade Creditors,10299695.0
EC138,Sakhisizwe,2021,0800,Auditor General,0.0
EC138,Sakhisizwe,2021,0900,Other,0.0
EC138,Sakhisizwe,2021,1000,Total,10299695.0
EC139,Enoch Mgijima,2021,0100,Bulk Electricity,558130088.0
EC139,Enoch Mgijima,2021,0200,Bulk Water,0.0
EC139,Enoch Mgijima,2021,0300,PAYE deductions,0.0
EC139,Enoch Mgijima,2021,0400,VAT (output less input),0.0
EC139,Enoch Mgijima,2021,0500,Pensions / Retirement deductions,0.0
EC139,Enoch Mgijima,2021,0600,Loan repayments,0.0
EC139,Enoch Mgijima,2021,0700,Trade Creditors,20135045.0
EC139,Enoch Mgijima,2021,0800,Auditor General,7182858.0
EC139,Enoch Mgijima,2021,0900,Other,0.0
EC139,Enoch Mgijima,2021,1000,Total,585447991.0
EC141,Elundini,2021,0100,Bulk Electricity,0.0
EC141,Elundini,2021,0200,Bulk Water,0.0
EC141,Elundini,2021,0300,PAYE deductions,0.0
EC141,Elundini,2021,0400,VAT (output less input),0.0
EC141,Elundini,2021,0500,Pensions / Retirement deductions,0.0
EC141,Elundini,2021,0600,Loan repayments,0.0
EC141,Elundini,2021,0700,Trade Creditors,6003726.0
EC141,Elundini,2021,0800,Auditor General,0.0
EC141,Elundini,2021,0900,Other,0.0
EC141,Elundini,2021,1000,Total,6003726.0
EC142,Senqu,2021,0100,Bulk Electricity,39.0
EC142,Senqu,2021,0200,Bulk Water,0.0
EC142,Senqu,2021,0300,PAYE deductions,0.0
EC142,Senqu,2021,0400,VAT (output less input),0.0
EC142,Senqu,2021,0500,Pensions / Retirement deductions,0.0
EC142,Senqu,2021,0600,Loan repayments,0.0
EC142,Senqu,2021,0700,Trade Creditors,201937.0
EC142,Senqu,2021,0800,Auditor General,0.0
EC142,Senqu,2021,0900,Other,378057.0
EC142,Senqu,2021,1000,Total,580033.0
EC154,Port St Johns,2021,0100,Bulk Electricity,0.0
EC154,Port St Johns,2021,0200,Bulk Water,0.0
EC154,Port St Johns,2021,0300,PAYE deductions,0.0
EC154,Port St Johns,2021,0400,VAT (output less input),0.0
EC154,Port St Johns,2021,0500,Pensions / Retirement deductions,0.0
EC154,Port St Johns,2021,0600,Loan repayments,0.0
EC154,Port St Johns,2021,0700,Trade Creditors,8555510.0
EC154,Port St Johns,2021,0800,Auditor General,21393.0
EC154,Port St Johns,2021,0900,Other,0.0
EC154,Port St Johns,2021,1000,Total,8576903.0
EC155,Nyandeni,2021,0100,Bulk Electricity,0.0
EC155,Nyandeni,2021,0200,Bulk Water,0.0
EC155,Nyandeni,2021,0300,PAYE deductions,0.0
EC155,Nyandeni,2021,0400,VAT (output less input),0.0
EC155,Nyandeni,2021,0500,Pensions / Retirement deductions,0.0
EC155,Nyandeni,2021,0600,Loan repayments,0.0
EC155,Nyandeni,2021,0700,Trade Creditors,254435.0
EC155,Nyandeni,2021,0800,Auditor General,0.0
EC155,Nyandeni,2021,0900,Other,0.0
EC155,Nyandeni,2021,1000,Total,254435.0
EC156,Kumkani Mhlontlo,2021,0100,Bulk Electricity,0.0
EC156,Kumkani Mhlontlo,2021,0200,Bulk Water,0.0
EC156,Kumkani Mhlontlo,2021,0300,PAYE deductions,0.0
EC156,Kumkani Mhlontlo,2021,0400,VAT (output less input),0.0
EC156,Kumkani Mhlontlo,2021,0500,Pensions / Retirement deductions,0.0
EC156,Kumkani Mhlontlo,2021,0600,Loan repayments,0.0
EC156,Kumkani Mhlontlo,2021,0700,Trade Creditors,-71733.0
EC156,Kumkani Mhlontlo,2021,0800,Auditor General,-1000590.0
EC156,Kumkani Mhlontlo,2021,0900,Other,0.0
EC156,Kumkani Mhlontlo,2021,1000,Total,-1072323.0
EC157,King Sabata Dalindyebo,2021,0100,Bulk Electricity,0.0
EC157,King Sabata Dalindyebo,2021,0200,Bulk Water,0.0
EC157,King Sabata Dalindyebo,2021,0300,PAYE deductions,0.0
EC157,King Sabata Dalindyebo,2021,0400,VAT (output less input),0.0
EC157,King Sabata Dalindyebo,2021,0500,Pensions / Retirement deductions,0.0
EC157,King Sabata Dalindyebo,2021,0600,Loan repayments,0.0
EC157,King Sabata Dalindyebo,2021,0700,Trade Creditors,186925241.0
EC157,King Sabata Dalindyebo,2021,0800,Auditor General,1690716.0
EC157,King Sabata Dalindyebo,2021,0900,Other,71615.0
EC157,King Sabata Dalindyebo,2021,1000,Total,188687572.0
EC441,Matatiele,2021,0100,Bulk Electricity,0.0
EC441,Matatiele,2021,0200,Bulk Water,0.0
EC441,Matatiele,2021,0300,PAYE deductions,0.0
EC441,Matatiele,2021,0400,VAT (output less input),0.0
EC441,Matatiele,2021,0500,Pensions / Retirement deductions,0.0
EC441,Matatiele,2021,0600,Loan repayments,0.0
EC441,Matatiele,2021,0700,Trade Creditors,0.0
EC441,Matatiele,2021,0800,Auditor General,0.0
EC441,Matatiele,2021,0900,Other,0.0
EC441,Matatiele,2021,1000,Total,0.0
EC442,Umzimvubu,2021,0100,Bulk Electricity,133012.0
EC442,Umzimvubu,2021,0200,Bulk Water,70149.0
EC442,Umzimvubu,2021,0300,PAYE deductions,0.0
EC442,Umzimvubu,2021,0400,VAT (output less input),0.0
EC442,Umzimvubu,2021,0500,Pensions / Retirement deductions,0.0
EC442,Umzimvubu,2021,0600,Loan repayments,0.0
EC442,Umzimvubu,2021,0700,Trade Creditors,234832570.0
EC442,Umzimvubu,2021,0800,Auditor General,0.0
EC442,Umzimvubu,2021,0900,Other,0.0
EC442,Umzimvubu,2021,1000,Total,235035731.0
EC443,Winnie Madikizela-Mandela,2021,0100,Bulk Electricity,0.0
EC443,Winnie Madikizela-Mandela,2021,0200,Bulk Water,0.0
EC443,Winnie Madikizela-Mandela,2021,0300,PAYE deductions,0.0
EC443,Winnie Madikizela-Mandela,2021,0400,VAT (output less input),0.0
EC443,Winnie Madikizela-Mandela,2021,0500,Pensions / Retirement deductions,0.0
EC443,Winnie Madikizela-Mandela,2021,0600,Loan repayments,0.0
EC443,Winnie Madikizela-Mandela,2021,0700,Trade Creditors,3892024.0
EC443,Winnie Madikizela-Mandela,2021,0800,Auditor General,0.0
EC443,Winnie Madikizela-Mandela,2021,0900,Other,0.0
EC443,Winnie Madikizela-Mandela,2021,1000,Total,3892024.0
EKU,City of Ekurhuleni,2021,0100,Bulk Electricity,1069056625.0
EKU,City of Ekurhuleni,2021,0200,Bulk Water,333666076.0
EKU,City of Ekurhuleni,2021,0300,PAYE deductions,0.0
EKU,City of Ekurhuleni,2021,0400,VAT (output less input),0.0
EKU,City of Ekurhuleni,2021,0500,Pensions / Retirement deductions,0.0
EKU,City of Ekurhuleni,2021,0600,Loan repayments,0.0
EKU,City of Ekurhuleni,2021,0700,Trade Creditors,0.0
EKU,City of Ekurhuleni,2021,0800,Auditor General,794421.0
EKU,City of Ekurhuleni,2021,0900,Other,0.0
EKU,City of Ekurhuleni,2021,1000,Total,1403517122.0
FS161,Letsemeng,2021,0100,Bulk Electricity,86520039.0
FS161,Letsemeng,2021,0200,Bulk Water,0.0
FS161,Letsemeng,2021,0300,PAYE deductions,0.0
FS161,Letsemeng,2021,0400,VAT (output less input),0.0
FS161,Letsemeng,2021,0500,Pensions / Retirement deductions,0.0
FS161,Letsemeng,2021,0600,Loan repayments,0.0
FS161,Letsemeng,2021,0700,Trade Creditors,41748487.0
FS161,Letsemeng,2021,0800,Auditor General,1736170.0
FS161,Letsemeng,2021,0900,Other,1317853.0
FS161,Letsemeng,2021,1000,Total,131322549.0
FS163,Mohokare,2021,0100,Bulk Electricity,0.0
FS163,Mohokare,2021,0200,Bulk Water,0.0
FS163,Mohokare,2021,0300,PAYE deductions,0.0
FS163,Mohokare,2021,0400,VAT (output less input),0.0
FS163,Mohokare,2021,0500,Pensions / Retirement deductions,0.0
FS163,Mohokare,2021,0600,Loan repayments,0.0
FS163,Mohokare,2021,0700,Trade Creditors,104864895.0
FS163,Mohokare,2021,0800,Auditor General,0.0
FS163,Mohokare,2021,0900,Other,-5569.0
FS163,Mohokare,2021,1000,Total,104859326.0
FS183,Tswelopele,2021,0100,Bulk Electricity,0.0
FS183,Tswelopele,2021,0200,Bulk Water,11476937.0
FS183,Tswelopele,2021,0300,PAYE deductions,0.0
FS183,Tswelopele,2021,0400,VAT (output less input),0.0
FS183,Tswelopele,2021,0500,Pensions / Retirement deductions,0.0
FS183,Tswelopele,2021,0600,Loan repayments,0.0
FS183,Tswelopele,2021,0700,Trade Creditors,56661627.0
FS183,Tswelopele,2021,0800,Auditor General,0.0
FS183,Tswelopele,2021,0900,Other,0.0
FS183,Tswelopele,2021,1000,Total,68138564.0
FS184,Matjhabeng,2021,0100,Bulk Electricity,3962311950.0
FS184,Matjhabeng,2021,0200,Bulk Water,5275613857.0
FS184,Matjhabeng,2021,0300,PAYE deductions,0.0
FS184,Matjhabeng,2021,0400,VAT (output less input),0.0
FS184,Matjhabeng,2021,0500,Pensions / Retirement deductions,18616875.0
FS184,Matjhabeng,2021,0600,Loan repayments,0.0
FS184,Matjhabeng,2021,0700,Trade Creditors,216165488.0
FS184,Matjhabeng,2021,0800,Auditor General,2218432.0
FS184,Matjhabeng,2021,0900,Other,0.0
FS184,Matjhabeng,2021,1000,Total,9474926602.0
FS185,Nala,2021,0100,Bulk Electricity,456667120.0
FS185,Nala,2021,0200,Bulk Water,240750366.0
FS185,Nala,2021,0300,PAYE deductions,2110.0
FS185,Nala,2021,0400,VAT (output less input),1077550.0
FS185,Nala,2021,0500,Pensions / Retirement deductions,4470.0
FS185,Nala,2021,0600,Loan repayments,0.0
FS185,Nala,2021,0700,Trade Creditors,39059058.0
FS185,Nala,2021,0800,Auditor General,1883076.0
FS185,Nala,2021,0900,Other,55143.0
FS185,Nala,2021,1000,Total,739498893.0
FS191,Setsoto,2021,0100,Bulk Electricity,4708.0
FS191,Setsoto,2021,0200,Bulk Water,0.0
FS191,Setsoto,2021,0300,PAYE deductions,0.0
FS191,Setsoto,2021,0400,VAT (output less input),0.0
FS191,Setsoto,2021,0500,Pensions / Retirement deductions,2450.0
FS191,Setsoto,2021,0600,Loan repayments,0.0
FS191,Setsoto,2021,0700,Trade Creditors,57536392.0
FS191,Setsoto,2021,0800,Auditor General,0.0
FS191,Setsoto,2021,0900,Other,0.0
FS191,Setsoto,2021,1000,Total,57543550.0
FS192,Dihlabeng,2021,0100,Bulk Electricity,542013593.0
FS192,Dihlabeng,2021,0200,Bulk Water,0.0
FS192,Dihlabeng,2021,0300,PAYE deductions,0.0
FS192,Dihlabeng,2021,0400,VAT (output less input),0.0
FS192,Dihlabeng,2021,0500,Pensions / Retirement deductions,0.0
FS192,Dihlabeng,2021,0600,Loan repayments,0.0
FS192,Dihlabeng,2021,0700,Trade Creditors,120173733.0
FS192,Dihlabeng,2021,0800,Auditor General,2343614.0
FS192,Dihlabeng,2021,0900,Other,57247406.0
FS192,Dihlabeng,2021,1000,Total,721778346.0
FS193,Nketoana,2021,0100,Bulk Electricity,0.0
FS193,Nketoana,2021,0200,Bulk Water,0.0
FS193,Nketoana,2021,0300,PAYE deductions,0.0
FS193,Nketoana,2021,0400,VAT (output less input),0.0
FS193,Nketoana,2021,0500,Pensions / Retirement deductions,0.0
FS193,Nketoana,2021,0600,Loan repayments,0.0
FS193,Nketoana,2021,0700,Trade Creditors,456217906.0
FS193,Nketoana,2021,0800,Auditor General,2787080.0
FS193,Nketoana,2021,0900,Other,0.0
FS193,Nketoana,2021,1000,Total,459004986.0
FS195,Phumelela,2021,0100,Bulk Electricity,165765348.0
FS195,Phumelela,2021,0200,Bulk Water,86061107.0
FS195,Phumelela,2021,0300,PAYE deductions,0.0
FS195,Phumelela,2021,0400,VAT (output less input),0.0
FS195,Phumelela,2021,0500,Pensions / Retirement deductions,0.0
FS195,Phumelela,2021,0600,Loan repayments,0.0
FS195,Phumelela,2021,0700,Trade Creditors,4044519.0
FS195,Phumelela,2021,0800,Auditor General,11266511.0
FS195,Phumelela,2021,0900,Other,14231547.0
FS195,Phumelela,2021,1000,Total,281369032.0
FS201,Moqhaka,2021,0100,Bulk Electricity,541565770.0
FS201,Moqhaka,2021,0200,Bulk Water,0.0
FS201,Moqhaka,2021,0300,PAYE deductions,0.0
FS201,Moqhaka,2021,0400,VAT (output less input),0.0
FS201,Moqhaka,2021,0500,Pensions / Retirement deductions,0.0
FS201,Moqhaka,2021,0600,Loan repayments,12294999.0
FS201,Moqhaka,2021,0700,Trade Creditors,69215256.0
FS201,Moqhaka,2021,0800,Auditor General,9197104.0
FS201,Moqhaka,2021,0900,Other,14964746.0
FS201,Moqhaka,2021,1000,Total,647237875.0
FS203,Ngwathe,2021,0100,Bulk Electricity,1382593506.0
FS203,Ngwathe,2021,0200,Bulk Water,11624289.0
FS203,Ngwathe,2021,0300,PAYE deductions,28116105.0
FS203,Ngwathe,2021,0400,VAT (output less input),0.0
FS203,Ngwathe,2021,0500,Pensions / Retirement deductions,6179746.0
FS203,Ngwathe,2021,0600,Loan repayments,0.0
FS203,Ngwathe,2021,0700,Trade Creditors,274622244.0
FS203,Ngwathe,2021,0800,Auditor General,4537268.0
FS203,Ngwathe,2021,0900,Other,139283889.0
FS203,Ngwathe,2021,1000,Total,1846957047.0
FS204,Metsimaholo,2021,0100,Bulk Electricity,56977956.0
FS204,Metsimaholo,2021,0200,Bulk Water,72139383.0
FS204,Metsimaholo,2021,0300,PAYE deductions,0.0
FS204,Metsimaholo,2021,0400,VAT (output less input),21576715.0
FS204,Metsimaholo,2021,0500,Pensions / Retirement deductions,0.0
FS204,Metsimaholo,2021,0600,Loan repayments,0.0
FS204,Metsimaholo,2021,0700,Trade Creditors,66583125.0
FS204,Metsimaholo,2021,0800,Auditor General,2336862.0
FS204,Metsimaholo,2021,0900,Other,69233676.0
FS204,Metsimaholo,2021,1000,Total,288847717.0
GT421,Emfuleni,2021,0100,Bulk Electricity,3589590742.0
GT421,Emfuleni,2021,0200,Bulk Water,1274812856.0
GT421,Emfuleni,2021,0300,PAYE deductions,0.0
GT421,Emfuleni,2021,0400,VAT (output less input),0.0
GT421,Emfuleni,2021,0500,Pensions / Retirement deductions,0.0
GT421,Emfuleni,2021,0600,Loan repayments,0.0
GT421,Emfuleni,2021,0700,Trade Creditors,478960541.0
GT421,Emfuleni,2021,0800,Auditor General,0.0
GT421,Emfuleni,2021,0900,Other,0.0
GT421,Emfuleni,2021,1000,Total,5343364139.0
GT422,Midvaal,2021,0100,Bulk Electricity,40599550.0
GT422,Midvaal,2021,0200,Bulk Water,11168120.0
GT422,Midvaal,2021,0300,PAYE deductions,0.0
GT422,Midvaal,2021,0400,VAT (output less input),0.0
GT422,Midvaal,2021,0500,Pensions / Retirement deductions,0.0
GT422,Midvaal,2021,0600,Loan repayments,0.0
GT422,Midvaal,2021,0700,Trade Creditors,117860426.0
GT422,Midvaal,2021,0800,Auditor General,0.0
GT422,Midvaal,2021,0900,Other,0.0
GT422,Midvaal,2021,1000,Total,169628096.0
GT423,Lesedi,2021,0100,Bulk Electricity,37759500.0
GT423,Lesedi,2021,0200,Bulk Water,8277947.0
GT423,Lesedi,2021,0300,PAYE deductions,3179183.0
GT423,Lesedi,2021,0400,VAT (output less input),0.0
GT423,Lesedi,2021,0500,Pensions / Retirement deductions,2942712.0
GT423,Lesedi,2021,0600,Loan repayments,0.0
GT423,Lesedi,2021,0700,Trade Creditors,29923739.0
GT423,Lesedi,2021,0800,Auditor General,0.0
GT423,Lesedi,2021,0900,Other,0.0
GT423,Lesedi,2021,1000,Total,82083081.0
GT481,Mogale City,2021,0100,Bulk Electricity,393912967.0
GT481,Mogale City,2021,0200,Bulk Water,45634090.0
GT481,Mogale City,2021,0300,PAYE deductions,0.0
GT481,Mogale City,2021,0400,VAT (output less input),21879583.0
GT481,Mogale City,2021,0500,Pensions / Retirement deductions,0.0
GT481,Mogale City,2021,0600,Loan repayments,0.0
GT481,Mogale City,2021,0700,Trade Creditors,268959893.0
GT481,Mogale City,2021,0800,Auditor General,143474.0
GT481,Mogale City,2021,0900,Other,1454718.0
GT481,Mogale City,2021,1000,Total,731984725.0
GT484,Merafong City,2021,0100,Bulk Electricity,642453174.0
GT484,Merafong City,2021,0200,Bulk Water,176289130.0
GT484,Merafong City,2021,0300,PAYE deductions,141.0
GT484,Merafong City,2021,0400,VAT (output less input),0.0
GT484,Merafong City,2021,0500,Pensions / Retirement deductions,0.0
GT484,Merafong City,2021,0600,Loan repayments,0.0
GT484,Merafong City,2021,0700,Trade Creditors,76586738.0
GT484,Merafong City,2021,0800,Auditor General,2636411.0
GT484,Merafong City,2021,0900,Other,100.0
GT484,Merafong City,2021,1000,Total,897965694.0
GT485,Rand West City,2021,0100,Bulk Electricity,829854403.0
GT485,Rand West City,2021,0200,Bulk Water,29871610.0
GT485,Rand West City,2021,0300,PAYE deductions,0.0
GT485,Rand West City,2021,0400,VAT (output less input),0.0
GT485,Rand West City,2021,0500,Pensions / Retirement deductions,0.0
GT485,Rand West City,2021,0600,Loan repayments,0.0
GT485,Rand West City,2021,0700,Trade Creditors,348387486.0
GT485,Rand West City,2021,0800,Auditor General,926370.0
GT485,Rand West City,2021,0900,Other,0.0
GT485,Rand West City,2021,1000,Total,1209039869.0
JHB,City of Johannesburg,2021,0100,Bulk Electricity,1652095000.0
JHB,City of Johannesburg,2021,0200,Bulk Water,0.0
JHB,City of Johannesburg,2021,0300,PAYE deductions,0.0
JHB,City of Johannesburg,2021,0400,VAT (output less input),0.0
JHB,City of Johannesburg,2021,0500,Pensions / Retirement deductions,0.0
JHB,City of Johannesburg,2021,0600,Loan repayments,0.0
JHB,City of Johannesburg,2021,0700,Trade Creditors,4878764000.0
JHB,City of Johannesburg,2021,0800,Auditor General,0.0
JHB,City of Johannesburg,2021,0900,Other,5656495000.0
JHB,City of Johannesburg,2021,1000,Total,12187354000.0
KZN212,Umdoni,2021,0100,Bulk Electricity,0.0
KZN212,Umdoni,2021,0200,Bulk Water,0.0
KZN212,Umdoni,2021,0300,PAYE deductions,0.0
KZN212,Umdoni,2021,0400,VAT (output less input),94152.0
KZN212,Umdoni,2021,0500,Pensions / Retirement deductions,0.0
KZN212,Umdoni,2021,0600,Loan repayments,0.0
KZN212,Umdoni,2021,0700,Trade Creditors,3350916.0
KZN212,Umdoni,2021,0800,Auditor General,0.0
KZN212,Umdoni,2021,0900,Other,0.0
KZN212,Umdoni,2021,1000,Total,3445068.0
KZN213,Umzumbe,2021,0100,Bulk Electricity,0.0
KZN213,Umzumbe,2021,0200,Bulk Water,0.0
KZN213,Umzumbe,2021,0300,PAYE deductions,0.0
KZN213,Umzumbe,2021,0400,VAT (output less input),0.0
KZN213,Umzumbe,2021,0500,Pensions / Retirement deductions,0.0
KZN213,Umzumbe,2021,0600,Loan repayments,0.0
KZN213,Umzumbe,2021,0700,Trade Creditors,363159.0
KZN213,Umzumbe,2021,0800,Auditor General,0.0
KZN213,Umzumbe,2021,0900,Other,329365.0
KZN213,Umzumbe,2021,1000,Total,692524.0
KZN216,Ray Nkonyeni,2021,0100,Bulk Electricity,0.0
KZN216,Ray Nkonyeni,2021,0200,Bulk Water,0.0
KZN216,Ray Nkonyeni,2021,0300,PAYE deductions,0.0
KZN216,Ray Nkonyeni,2021,0400,VAT (output less input),0.0
KZN216,Ray Nkonyeni,2021,0500,Pensions / Retirement deductions,0.0
KZN216,Ray Nkonyeni,2021,0600,Loan repayments,0.0
KZN216,Ray Nkonyeni,2021,0700,Trade Creditors,5475383.0
KZN216,Ray Nkonyeni,2021,0800,Auditor General,0.0
KZN216,Ray Nkonyeni,2021,0900,Other,0.0
KZN216,Ray Nkonyeni,2021,1000,Total,5475383.0
KZN221,uMshwathi,2021,0100,Bulk Electricity,0.0
KZN221,uMshwathi,2021,0200,Bulk Water,0.0
KZN221,uMshwathi,2021,0300,PAYE deductions,0.0
KZN221,uMshwathi,2021,0400,VAT (output less input),0.0
KZN221,uMshwathi,2021,0500,Pensions / Retirement deductions,0.0
KZN221,uMshwathi,2021,0600,Loan repayments,0.0
KZN221,uMshwathi,2021,0700,Trade Creditors,4110001.0
KZN221,uMshwathi,2021,0800,Auditor General,0.0
KZN221,uMshwathi,2021,0900,Other,1087801.0
KZN221,uMshwathi,2021,1000,Total,5197802.0
KZN222,uMngeni,2021,0100,Bulk Electricity,0.0
KZN222,uMngeni,2021,0200,Bulk Water,0.0
KZN222,uMngeni,2021,0300,PAYE deductions,0.0
KZN222,uMngeni,2021,0400,VAT (output less input),-1188202.0
KZN222,uMngeni,2021,0500,Pensions / Retirement deductions,0.0
KZN222,uMngeni,2021,0600,Loan repayments,4058577.0
KZN222,uMngeni,2021,0700,Trade Creditors,0.0
KZN222,uMngeni,2021,0800,Auditor General,0.0
KZN222,uMngeni,2021,0900,Other,0.0
KZN222,uMngeni,2021,1000,Total,2870375.0
KZN223,Mpofana,2021,0100,Bulk Electricity,224198403.0
KZN223,Mpofana,2021,0200,Bulk Water,0.0
KZN223,Mpofana,2021,0300,PAYE deductions,0.0
KZN223,Mpofana,2021,0400,VAT (output less input),0.0
KZN223,Mpofana,2021,0500,Pensions / Retirement deductions,0.0
KZN223,Mpofana,2021,0600,Loan repayments,0.0
KZN223,Mpofana,2021,0700,Trade Creditors,13545906.0
KZN223,Mpofana,2021,0800,Auditor General,61195.0
KZN223,Mpofana,2021,0900,Other,0.0
KZN223,Mpofana,2021,1000,Total,237805504.0
KZN225,Msunduzi,2021,0100,Bulk Electricity,297700406.0
KZN225,Msunduzi,2021,0200,Bulk Water,351888433.0
KZN225,Msunduzi,2021,0300,PAYE deductions,0.0
KZN225,Msunduzi,2021,0400,VAT (output less input),190638434.0
KZN225,Msunduzi,2021,0500,Pensions / Retirement deductions,0.0
KZN225,Msunduzi,2021,0600,Loan repayments,0.0
KZN225,Msunduzi,2021,0700,Trade Creditors,182954697.0
KZN225,Msunduzi,2021,0800,Auditor General,242154.0
KZN225,Msunduzi,2021,0900,Other,552841387.0
KZN225,Msunduzi,2021,1000,Total,1576265511.0
KZN226,Mkhambathini,2021,0100,Bulk Electricity,0.0
KZN226,Mkhambathini,2021,0200,Bulk Water,0.0
KZN226,Mkhambathini,2021,0300,PAYE deductions,0.0
KZN226,Mkhambathini,2021,0400,VAT (output less input),0.0
KZN226,Mkhambathini,2021,0500,Pensions / Retirement deductions,0.0
KZN226,Mkhambathini,2021,0600,Loan repayments,0.0
KZN226,Mkhambathini,2021,0700,Trade Creditors,914398.0
KZN226,Mkhambathini,2021,0800,Auditor General,0.0
KZN226,Mkhambathini,2021,0900,Other,1583081.0
KZN226,Mkhambathini,2021,1000,Total,2497479.0
KZN227,Richmond,2021,0100,Bulk Electricity,0.0
KZN227,Richmond,2021,0200,Bulk Water,0.0
KZN227,Richmond,2021,0300,PAYE deductions,0.0
KZN227,Richmond,2021,0400,VAT (output less input),0.0
KZN227,Richmond,2021,0500,Pensions / Retirement deductions,0.0
KZN227,Richmond,2021,0600,Loan repayments,0.0
KZN227,Richmond,2021,0700,Trade Creditors,13358705.0
KZN227,Richmond,2021,0800,Auditor General,0.0
KZN227,Richmond,2021,0900,Other,0.0
KZN227,Richmond,2021,1000,Total,13358705.0
KZN235,Okhahlamba,2021,0100,Bulk Electricity,0.0
KZN235,Okhahlamba,2021,0200,Bulk Water,0.0
KZN235,Okhahlamba,2021,0300,PAYE deductions,0.0
KZN235,Okhahlamba,2021,0400,VAT (output less input),0.0
KZN235,Okhahlamba,2021,0500,Pensions / Retirement deductions,0.0
KZN235,Okhahlamba,2021,0600,Loan repayments,0.0
KZN235,Okhahlamba,2021,0700,Trade Creditors,12702939.0
KZN235,Okhahlamba,2021,0800,Auditor General,324370.0
KZN235,Okhahlamba,2021,0900,Other,1277767.0
KZN235,Okhahlamba,2021,1000,Total,14305076.0
KZN237,Inkosi Langalibalele,2021,0100,Bulk Electricity,0.0
KZN237,Inkosi Langalibalele,2021,0200,Bulk Water,0.0
KZN237,Inkosi Langalibalele,2021,0300,PAYE deductions,0.0
KZN237,Inkosi Langalibalele,2021,0400,VAT (output less input),0.0
KZN237,Inkosi Langalibalele,2021,0500,Pensions / Retirement deductions,0.0
KZN237,Inkosi Langalibalele,2021,0600,Loan repayments,0.0
KZN237,Inkosi Langalibalele,2021,0700,Trade Creditors,0.0
KZN237,Inkosi Langalibalele,2021,0800,Auditor General,0.0
KZN237,Inkosi Langalibalele,2021,0900,Other,48792262.0
KZN237,Inkosi Langalibalele,2021,1000,Total,48792262.0
KZN238,Alfred Duma,2021,0100,Bulk Electricity,0.0
KZN238,Alfred Duma,2021,0200,Bulk Water,0.0
KZN238,Alfred Duma,2021,0300,PAYE deductions,0.0
KZN238,Alfred Duma,2021,0400,VAT (output less input),0.0
KZN238,Alfred Duma,2021,0500,Pensions / Retirement deductions,0.0
KZN238,Alfred Duma,2021,0600,Loan repayments,0.0
KZN238,Alfred Duma,2021,0700,Trade Creditors,4768903.0
KZN238,Alfred Duma,2021,0800,Auditor General,0.0
KZN238,Alfred Duma,2021,0900,Other,0.0
KZN238,Alfred Duma,2021,1000,Total,4768903.0
KZN241,Endumeni,2021,0100,Bulk Electricity,0.0
KZN241,Endumeni,2021,0200,Bulk Water,0.0
KZN241,Endumeni,2021,0300,PAYE deductions,0.0
KZN241,Endumeni,2021,0400,VAT (output less input),0.0
KZN241,Endumeni,2021,0500,Pensions / Retirement deductions,0.0
KZN241,Endumeni,2021,0600,Loan repayments,0.0
KZN241,Endumeni,2021,0700,Trade Creditors,0.0
KZN241,Endumeni,2021,0800,Auditor General,0.0
KZN241,Endumeni,2021,0900,Other,0.0
KZN241,Endumeni,2021,1000,Total,0.0
KZN244,Msinga,2021,0100,Bulk Electricity,0.0
KZN244,Msinga,2021,0200,Bulk Water,0.0
KZN244,Msinga,2021,0300,PAYE deductions,0.0
KZN244,Msinga,2021,0400,VAT (output less input),0.0
KZN244,Msinga,2021,0500,Pensions / Retirement deductions,0.0
KZN244,Msinga,2021,0600,Loan repayments,0.0
KZN244,Msinga,2021,0700,Trade Creditors,0.0
KZN244,Msinga,2021,0800,Auditor General,0.0
KZN244,Msinga,2021,0900,Other,0.0
KZN244,Msinga,2021,1000,Total,0.0
KZN245,Umvoti,2021,0100,Bulk Electricity,9894133.0
KZN245,Umvoti,2021,0200,Bulk Water,0.0
KZN245,Umvoti,2021,0300,PAYE deductions,0.0
KZN245,Umvoti,2021,0400,VAT (output less input),0.0
KZN245,Umvoti,2021,0500,Pensions / Retirement deductions,0.0
KZN245,Umvoti,2021,0600,Loan repayments,0.0
KZN245,Umvoti,2021,0700,Trade Creditors,9457347.0
KZN245,Umvoti,2021,0800,Auditor General,8874.0
KZN245,Umvoti,2021,0900,Other,11850900.0
KZN245,Umvoti,2021,1000,Total,31211254.0
KZN252,Newcastle,2021,0100,Bulk Electricity,0.0
KZN252,Newcastle,2021,0200,Bulk Water,0.0
KZN252,Newcastle,2021,0300,PAYE deductions,0.0
KZN252,Newcastle,2021,0400,VAT (output less input),0.0
KZN252,Newcastle,2021,0500,Pensions / Retirement deductions,0.0
KZN252,Newcastle,2021,0600,Loan repayments,0.0
KZN252,Newcastle,2021,0700,Trade Creditors,372485741.0
KZN252,Newcastle,2021,0800,Auditor General,0.0
KZN252,Newcastle,2021,0900,Other,4939913.0
KZN252,Newcastle,2021,1000,Total,377425654.0
KZN253,Emadlangeni,2021,0100,Bulk Electricity,1775646.0
KZN253,Emadlangeni,2021,0200,Bulk Water,0.0
KZN253,Emadlangeni,2021,0300,PAYE deductions,0.0
KZN253,Emadlangeni,2021,0400,VAT (output less input),0.0
KZN253,Emadlangeni,2021,0500,Pensions / Retirement deductions,0.0
KZN253,Emadlangeni,2021,0600,Loan repayments,0.0
KZN253,Emadlangeni,2021,0700,Trade Creditors,1440740.0
KZN253,Emadlangeni,2021,0800,Auditor General,1311497.0
KZN253,Emadlangeni,2021,0900,Other,1203584.0
KZN253,Emadlangeni,2021,1000,Total,5731467.0
KZN254,Dannhauser,2021,0100,Bulk Electricity,0.0
KZN254,Dannhauser,2021,0200,Bulk Water,0.0
KZN254,Dannhauser,2021,0300,PAYE deductions,0.0
KZN254,Dannhauser,2021,0400,VAT (output less input),0.0
KZN254,Dannhauser,2021,0500,Pensions / Retirement deductions,0.0
KZN254,Dannhauser,2021,0600,Loan repayments,0.0
KZN254,Dannhauser,2021,0700,Trade Creditors,482433.0
KZN254,Dannhauser,2021,0800,Auditor General,0.0
KZN254,Dannhauser,2021,0900,Other,0.0
KZN254,Dannhauser,2021,1000,Total,482433.0
KZN261,eDumbe,2021,0100,Bulk Electricity,5154435.0
KZN261,eDumbe,2021,0200,Bulk Water,919715.0
KZN261,eDumbe,2021,0300,PAYE deductions,0.0
KZN261,eDumbe,2021,0400,VAT (output less input),0.0
KZN261,eDumbe,2021,0500,Pensions / Retirement deductions,0.0
KZN261,eDumbe,2021,0600,Loan repayments,0.0
KZN261,eDumbe,2021,0700,Trade Creditors,3820001.0
KZN261,eDumbe,2021,0800,Auditor General,259473.0
KZN261,eDumbe,2021,0900,Other,2100.0
KZN261,eDumbe,2021,1000,Total,10155724.0
KZN262,uPhongolo,2021,0100,Bulk Electricity,3045854.0
KZN262,uPhongolo,2021,0200,Bulk Water,0.0
KZN262,uPhongolo,2021,0300,PAYE deductions,1.0
KZN262,uPhongolo,2021,0400,VAT (output less input),0.0
KZN262,uPhongolo,2021,0500,Pensions / Retirement deductions,0.0
KZN262,uPhongolo,2021,0600,Loan repayments,0.0
KZN262,uPhongolo,2021,0700,Trade Creditors,7272388.0
KZN262,uPhongolo,2021,0800,Auditor General,5389.0
KZN262,uPhongolo,2021,0900,Other,3292686.0
KZN262,uPhongolo,2021,1000,Total,13616318.0
KZN263,Abaqulusi,2021,0100,Bulk Electricity,0.0
KZN263,Abaqulusi,2021,0200,Bulk Water,0.0
KZN263,Abaqulusi,2021,0300,PAYE deductions,0.0
KZN263,Abaqulusi,2021,0400,VAT (output less input),0.0
KZN263,Abaqulusi,2021,0500,Pensions / Retirement deductions,0.0
KZN263,Abaqulusi,2021,0600,Loan repayments,0.0
KZN263,Abaqulusi,2021,0700,Trade Creditors,16466370.0
KZN263,Abaqulusi,2021,0800,Auditor General,0.0
KZN263,Abaqulusi,2021,0900,Other,0.0
KZN263,Abaqulusi,2021,1000,Total,16466370.0
KZN265,Nongoma,2021,0100,Bulk Electricity,9637.0
KZN265,Nongoma,2021,0200,Bulk Water,0.0
KZN265,Nongoma,2021,0300,PAYE deductions,0.0
KZN265,Nongoma,2021,0400,VAT (output less input),0.0
KZN265,Nongoma,2021,0500,Pensions / Retirement deductions,0.0
KZN265,Nongoma,2021,0600,Loan repayments,0.0
KZN265,Nongoma,2021,0700,Trade Creditors,9798179.0
KZN265,Nongoma,2021,0800,Auditor General,1558587.0
KZN265,Nongoma,2021,0900,Other,24825956.0
KZN265,Nongoma,2021,1000,Total,36192359.0
KZN266,Ulundi,2021,0100,Bulk Electricity,106435504.0
KZN266,Ulundi,2021,0200,Bulk Water,0.0
KZN266,Ulundi,2021,0300,PAYE deductions,0.0
KZN266,Ulundi,2021,0400,VAT (output less input),0.0
KZN266,Ulundi,2021,0500,Pensions / Retirement deductions,0.0
KZN266,Ulundi,2021,0600,Loan repayments,0.0
KZN266,Ulundi,2021,0700,Trade Creditors,0.0
KZN266,Ulundi,2021,0800,Auditor General,0.0
KZN266,Ulundi,2021,0900,Other,0.0
KZN266,Ulundi,2021,1000,Total,106435504.0
KZN271,Umhlabuyalingana,2021,0100,Bulk Electricity,0.0
KZN271,Umhlabuyalingana,2021,0200,Bulk Water,0.0
KZN271,Umhlabuyalingana,2021,0300,PAYE deductions,0.0
KZN271,Umhlabuyalingana,2021,0400,VAT (output less input),0.0
KZN271,Umhlabuyalingana,2021,0500,Pensions / Retirement deductions,0.0
KZN271,Umhlabuyalingana,2021,0600,Loan repayments,0.0
KZN271,Umhlabuyalingana,2021,0700,Trade Creditors,146222.0
KZN271,Umhlabuyalingana,2021,0800,Auditor General,20808.0
KZN271,Umhlabuyalingana,2021,0900,Other,1350902.0
KZN271,Umhlabuyalingana,2021,1000,Total,1517932.0
KZN272,Jozini,2021,0100,Bulk Electricity,0.0
KZN272,Jozini,2021,0200,Bulk Water,0.0
KZN272,Jozini,2021,0300,PAYE deductions,0.0
KZN272,Jozini,2021,0400,VAT (output less input),0.0
KZN272,Jozini,2021,0500,Pensions / Retirement deductions,0.0
KZN272,Jozini,2021,0600,Loan repayments,0.0
KZN272,Jozini,2021,0700,Trade Creditors,1992794.0
KZN272,Jozini,2021,0800,Auditor General,0.0
KZN272,Jozini,2021,0900,Other,189189.0
KZN272,Jozini,2021,1000,Total,2181983.0
KZN275,Mtubatuba,2021,0100,Bulk Electricity,0.0
KZN275,Mtubatuba,2021,0200,Bulk Water,0.0
KZN275,Mtubatuba,2021,0300,PAYE deductions,0.0
KZN275,Mtubatuba,2021,0400,VAT (output less input),0.0
KZN275,Mtubatuba,2021,0500,Pensions / Retirement deductions,0.0
KZN275,Mtubatuba,2021,0600,Loan repayments,0.0
KZN275,Mtubatuba,2021,0700,Trade Creditors,2843281.0
KZN275,Mtubatuba,2021,0800,Auditor General,0.0
KZN275,Mtubatuba,2021,0900,Other,4949267.0
KZN275,Mtubatuba,2021,1000,Total,7792548.0
KZN276,Hlabisa Big Five,2021,0100,Bulk Electricity,0.0
KZN276,Hlabisa Big Five,2021,0200,Bulk Water,0.0
KZN276,Hlabisa Big Five,2021,0300,PAYE deductions,0.0
KZN276,Hlabisa Big Five,2021,0400,VAT (output less input),0.0
KZN276,Hlabisa Big Five,2021,0500,Pensions / Retirement deductions,0.0
KZN276,Hlabisa Big Five,2021,0600,Loan repayments,0.0
KZN276,Hlabisa Big Five,2021,0700,Trade Creditors,1804061.0
KZN276,Hlabisa Big Five,2021,0800,Auditor General,0.0
KZN276,Hlabisa Big Five,2021,0900,Other,9071024.0
KZN276,Hlabisa Big Five,2021,1000,Total,10875085.0
KZN281,Mfolozi,2021,0100,Bulk Electricity,0.0
KZN281,Mfolozi,2021,0200,Bulk Water,0.0
KZN281,Mfolozi,2021,0300,PAYE deductions,0.0
KZN281,Mfolozi,2021,0400,VAT (output less input),0.0
KZN281,Mfolozi,2021,0500,Pensions / Retirement deductions,0.0
KZN281,Mfolozi,2021,0600,Loan repayments,0.0
KZN281,Mfolozi,2021,0700,Trade Creditors,1443147.0
KZN281,Mfolozi,2021,0800,Auditor General,0.0
KZN281,Mfolozi,2021,0900,Other,1664829.0
KZN281,Mfolozi,2021,1000,Total,3107976.0
KZN282,uMhlathuze,2021,0100,Bulk Electricity,118816213.0
KZN282,uMhlathuze,2021,0200,Bulk Water,14975278.0
KZN282,uMhlathuze,2021,0300,PAYE deductions,0.0
KZN282,uMhlathuze,2021,0400,VAT (output less input),0.0
KZN282,uMhlathuze,2021,0500,Pensions / Retirement deductions,0.0
KZN282,uMhlathuze,2021,0600,Loan repayments,0.0
KZN282,uMhlathuze,2021,0700,Trade Creditors,90514950.0
KZN282,uMhlathuze,2021,0800,Auditor General,0.0
KZN282,uMhlathuze,2021,0900,Other,4681923.0
KZN282,uMhlathuze,2021,1000,Total,228988364.0
KZN285,Mthonjaneni,2021,0100,Bulk Electricity,2004590.0
KZN285,Mthonjaneni,2021,0200,Bulk Water,0.0
KZN285,Mthonjaneni,2021,0300,PAYE deductions,0.0
KZN285,Mthonjaneni,2021,0400,VAT (output less input),0.0
KZN285,Mthonjaneni,2021,0500,Pensions / Retirement deductions,0.0
KZN285,Mthonjaneni,2021,0600,Loan repayments,0.0
KZN285,Mthonjaneni,2021,0700,Trade Creditors,3120634.0
KZN285,Mthonjaneni,2021,0800,Auditor General,5019.0
KZN285,Mthonjaneni,2021,0900,Other,8353733.0
KZN285,Mthonjaneni,2021,1000,Total,13483976.0
KZN286,Nkandla,2021,0100,Bulk Electricity,0.0
KZN286,Nkandla,2021,0200,Bulk Water,0.0
KZN286,Nkandla,2021,0300,PAYE deductions,0.0
KZN286,Nkandla,2021,0400,VAT (output less input),0.0
KZN286,Nkandla,2021,0500,Pensions / Retirement deductions,0.0
KZN286,Nkandla,2021,0600,Loan repayments,0.0
KZN286,Nkandla,2021,0700,Trade Creditors,1630965.0
KZN286,Nkandla,2021,0800,Auditor General,6894.0
KZN286,Nkandla,2021,0900,Other,9276277.0
KZN286,Nkandla,2021,1000,Total,10914136.0
KZN291,Mandeni,2021,0100,Bulk Electricity,0.0
KZN291,Mandeni,2021,0200,Bulk Water,0.0
KZN291,Mandeni,2021,0300,PAYE deductions,0.0
KZN291,Mandeni,2021,0400,VAT (output less input),0.0
KZN291,Mandeni,2021,0500,Pensions / Retirement deductions,0.0
KZN291,Mandeni,2021,0600,Loan repayments,0.0
KZN291,Mandeni,2021,0700,Trade Creditors,6146748.0
KZN291,Mandeni,2021,0800,Auditor General,0.0
KZN291,Mandeni,2021,0900,Other,2442506.0
KZN291,Mandeni,2021,1000,Total,8589254.0
KZN292,KwaDukuza,2021,0100,Bulk Electricity,0.0
KZN292,KwaDukuza,2021,0200,Bulk Water,0.0
KZN292,KwaDukuza,2021,0300,PAYE deductions,0.0
KZN292,KwaDukuza,2021,0400,VAT (output less input),0.0
KZN292,KwaDukuza,2021,0500,Pensions / Retirement deductions,656040.0
KZN292,KwaDukuza,2021,0600,Loan repayments,0.0
KZN292,KwaDukuza,2021,0700,Trade Creditors,5992997.0
KZN292,KwaDukuza,2021,0800,Auditor General,0.0
KZN292,KwaDukuza,2021,0900,Other,0.0
KZN292,KwaDukuza,2021,1000,Total,6649037.0
KZN293,Ndwedwe,2021,0100,Bulk Electricity,0.0
KZN293,Ndwedwe,2021,0200,Bulk Water,0.0
KZN293,Ndwedwe,2021,0300,PAYE deductions,0.0
KZN293,Ndwedwe,2021,0400,VAT (output less input),0.0
KZN293,Ndwedwe,2021,0500,Pensions / Retirement deductions,0.0
KZN293,Ndwedwe,2021,0600,Loan repayments,0.0
KZN293,Ndwedwe,2021,0700,Trade Creditors,11213633.0
KZN293,Ndwedwe,2021,0800,Auditor General,361641.0
KZN293,Ndwedwe,2021,0900,Other,11152631.0
KZN293,Ndwedwe,2021,1000,Total,22727905.0
KZN294,Maphumulo,2021,0100,Bulk Electricity,0.0
KZN294,Maphumulo,2021,0200,Bulk Water,0.0
KZN294,Maphumulo,2021,0300,PAYE deductions,0.0
KZN294,Maphumulo,2021,0400,VAT (output less input),0.0
KZN294,Maphumulo,2021,0500,Pensions / Retirement deductions,0.0
KZN294,Maphumulo,2021,0600,Loan repayments,0.0
KZN294,Maphumulo,2021,0700,Trade Creditors,1868959.0
KZN294,Maphumulo,2021,0800,Auditor General,320092.0
KZN294,Maphumulo,2021,0900,Other,380042.0
KZN294,Maphumulo,2021,1000,Total,2569093.0
KZN433,Greater Kokstad,2021,0100,Bulk Electricity,0.0
KZN433,Greater Kokstad,2021,0200,Bulk Water,0.0
KZN433,Greater Kokstad,2021,0300,PAYE deductions,0.0
KZN433,Greater Kokstad,2021,0400,VAT (output less input),0.0
KZN433,Greater Kokstad,2021,0500,Pensions / Retirement deductions,0.0
KZN433,Greater Kokstad,2021,0600,Loan repayments,0.0
KZN433,Greater Kokstad,2021,0700,Trade Creditors,8554279.0
KZN433,Greater Kokstad,2021,0800,Auditor General,0.0
KZN433,Greater Kokstad,2021,0900,Other,0.0
KZN433,Greater Kokstad,2021,1000,Total,8554279.0
KZN434,Johannes Phumani Phungula,2021,0100,Bulk Electricity,0.0
KZN434,Johannes Phumani Phungula,2021,0200,Bulk Water,0.0
KZN434,Johannes Phumani Phungula,2021,0300,PAYE deductions,0.0
KZN434,Johannes Phumani Phungula,2021,0400,VAT (output less input),0.0
KZN434,Johannes Phumani Phungula,2021,0500,Pensions / Retirement deductions,0.0
KZN434,Johannes Phumani Phungula,2021,0600,Loan repayments,0.0
KZN434,Johannes Phumani Phungula,2021,0700,Trade Creditors,3035915.0
KZN434,Johannes Phumani Phungula,2021,0800,Auditor General,0.0
KZN434,Johannes Phumani Phungula,2021,0900,Other,3901061.0
KZN434,Johannes Phumani Phungula,2021,1000,Total,6936976.0
KZN435,Umzimkhulu,2021,0100,Bulk Electricity,0.0
KZN435,Umzimkhulu,2021,0200,Bulk Water,0.0
KZN435,Umzimkhulu,2021,0300,PAYE deductions,0.0
KZN435,Umzimkhulu,2021,0400,VAT (output less input),0.0
KZN435,Umzimkhulu,2021,0500,Pensions / Retirement deductions,0.0
KZN435,Umzimkhulu,2021,0600,Loan repayments,0.0
KZN435,Umzimkhulu,2021,0700,Trade Creditors,7830.0
KZN435,Umzimkhulu,2021,0800,Auditor General,0.0
KZN435,Umzimkhulu,2021,0900,Other,0.0
KZN435,Umzimkhulu,2021,1000,Total,7830.0
KZN436,Dr Nkosazana Dlamini Zuma,2021,0100,Bulk Electricity,0.0
KZN436,Dr Nkosazana Dlamini Zuma,2021,0200,Bulk Water,0.0
KZN436,Dr Nkosazana Dlamini Zuma,2021,0300,PAYE deductions,0.0
KZN436,Dr Nkosazana Dlamini Zuma,2021,0400,VAT (output less input),12167399.0
KZN436,Dr Nkosazana Dlamini Zuma,2021,0500,Pensions / Retirement deductions,0.0
KZN436,Dr Nkosazana Dlamini Zuma,2021,0600,Loan repayments,0.0
KZN436,Dr Nkosazana Dlamini Zuma,2021,0700,Trade Creditors,0.0
KZN436,Dr Nkosazana Dlamini Zuma,2021,0800,Auditor General,0.0
KZN436,Dr Nkosazana Dlamini Zuma,2021,0900,Other,46629.0
KZN436,Dr Nkosazana Dlamini Zuma,2021,1000,Total,12214028.0
LIM331,Greater Giyani,2021,0100,Bulk Electricity,0.0
LIM331,Greater Giyani,2021,0200,Bulk Water,0.0
LIM331,Greater Giyani,2021,0300,PAYE deductions,0.0
LIM331,Greater Giyani,2021,0400,VAT (output less input),0.0
LIM331,Greater Giyani,2021,0500,Pensions / Retirement deductions,0.0
LIM331,Greater Giyani,2021,0600,Loan repayments,0.0
LIM331,Greater Giyani,2021,0700,Trade Creditors,30433687.0
LIM331,Greater Giyani,2021,0800,Auditor General,45270.0
LIM331,Greater Giyani,2021,0900,Other,2446592.0
LIM331,Greater Giyani,2021,1000,Total,32925549.0
LIM332,Greater Letaba,2021,0100,Bulk Electricity,0.0
LIM332,Greater Letaba,2021,0200,Bulk Water,0.0
LIM332,Greater Letaba,2021,0300,PAYE deductions,0.0
LIM332,Greater Letaba,2021,0400,VAT (output less input),0.0
LIM332,Greater Letaba,2021,0500,Pensions / Retirement deductions,0.0
LIM332,Greater Letaba,2021,0600,Loan repayments,0.0
LIM332,Greater Letaba,2021,0700,Trade Creditors,14154858.0
LIM332,Greater Letaba,2021,0800,Auditor General,0.0
LIM332,Greater Letaba,2021,0900,Other,0.0
LIM332,Greater Letaba,2021,1000,Total,14154858.0
LIM334,Ba-Phalaborwa,2021,0100,Bulk Electricity,0.0
LIM334,Ba-Phalaborwa,2021,0200,Bulk Water,0.0
LIM334,Ba-Phalaborwa,2021,0300,PAYE deductions,0.0
LIM334,Ba-Phalaborwa,2021,0400,VAT (output less input),0.0
LIM334,Ba-Phalaborwa,2021,0500,Pensions / Retirement deductions,0.0
LIM334,Ba-Phalaborwa,2021,0600,Loan repayments,0.0
LIM334,Ba-Phalaborwa,2021,0700,Trade Creditors,7566731.0
LIM334,Ba-Phalaborwa,2021,0800,Auditor General,0.0
LIM334,Ba-Phalaborwa,2021,0900,Other,4367.0
LIM334,Ba-Phalaborwa,2021,1000,Total,7571098.0
LIM335,Maruleng,2021,0100,Bulk Electricity,0.0
LIM335,Maruleng,2021,0200,Bulk Water,0.0
LIM335,Maruleng,2021,0300,PAYE deductions,0.0
LIM335,Maruleng,2021,0400,VAT (output less input),0.0
LIM335,Maruleng,2021,0500,Pensions / Retirement deductions,0.0
LIM335,Maruleng,2021,0600,Loan repayments,0.0
LIM335,Maruleng,2021,0700,Trade Creditors,1700.0
LIM335,Maruleng,2021,0800,Auditor General,0.0
LIM335,Maruleng,2021,0900,Other,0.0
LIM335,Maruleng,2021,1000,Total,1700.0
LIM341,Musina,2021,0100,Bulk Electricity,0.0
LIM341,Musina,2021,0200,Bulk Water,0.0
LIM341,Musina,2021,0300,PAYE deductions,0.0
LIM341,Musina,2021,0400,VAT (output less input),0.0
LIM341,Musina,2021,0500,Pensions / Retirement deductions,0.0
LIM341,Musina,2021,0600,Loan repayments,0.0
LIM341,Musina,2021,0700,Trade Creditors,734012.0
LIM341,Musina,2021,0800,Auditor General,0.0
LIM341,Musina,2021,0900,Other,0.0
LIM341,Musina,2021,1000,Total,734012.0
LIM343,Thulamela,2021,0100,Bulk Electricity,0.0
LIM343,Thulamela,2021,0200,Bulk Water,0.0
LIM343,Thulamela,2021,0300,PAYE deductions,0.0
LIM343,Thulamela,2021,0400,VAT (output less input),0.0
LIM343,Thulamela,2021,0500,Pensions / Retirement deductions,0.0
LIM343,Thulamela,2021,0600,Loan repayments,0.0
LIM343,Thulamela,2021,0700,Trade Creditors,6288227.0
LIM343,Thulamela,2021,0800,Auditor General,0.0
LIM343,Thulamela,2021,0900,Other,0.0
LIM343,Thulamela,2021,1000,Total,6288227.0
LIM344,Makhado,2021,0100,Bulk Electricity,0.0
LIM344,Makhado,2021,0200,Bulk Water,0.0
LIM344,Makhado,2021,0300,PAYE deductions,0.0
LIM344,Makhado,2021,0400,VAT (output less input),0.0
LIM344,Makhado,2021,0500,Pensions / Retirement deductions,0.0
LIM344,Makhado,2021,0600,Loan repayments,0.0
LIM344,Makhado,2021,0700,Trade Creditors,5066687.0
LIM344,Makhado,2021,0800,Auditor General,0.0
LIM344,Makhado,2021,0900,Other,0.0
LIM344,Makhado,2021,1000,Total,5066687.0
LIM345,Collins Chabane,2021,0100,Bulk Electricity,0.0
LIM345,Collins Chabane,2021,0200,Bulk Water,0.0
LIM345,Collins Chabane,2021,0300,PAYE deductions,0.0
LIM345,Collins Chabane,2021,0400,VAT (output less input),0.0
LIM345,Collins Chabane,2021,0500,Pensions / Retirement deductions,0.0
LIM345,Collins Chabane,2021,0600,Loan repayments,0.0
LIM345,Collins Chabane,2021,0700,Trade Creditors,41000890.0
LIM345,Collins Chabane,2021,0800,Auditor General,0.0
LIM345,Collins Chabane,2021,0900,Other,0.0
LIM345,Collins Chabane,2021,1000,Total,41000890.0
LIM351,Blouberg,2021,0100,Bulk Electricity,0.0
LIM351,Blouberg,2021,0200,Bulk Water,0.0
LIM351,Blouberg,2021,0300,PAYE deductions,0.0
LIM351,Blouberg,2021,0400,VAT (output less input),0.0
LIM351,Blouberg,2021,0500,Pensions / Retirement deductions,0.0
LIM351,Blouberg,2021,0600,Loan repayments,10635863.0
LIM351,Blouberg,2021,0700,Trade Creditors,0.0
LIM351,Blouberg,2021,0800,Auditor General,15749797.0
LIM351,Blouberg,2021,0900,Other,0.0
LIM351,Blouberg,2021,1000,Total,26385660.0
LIM353,Molemole,2021,0100,Bulk Electricity,0.0
LIM353,Molemole,2021,0200,Bulk Water,0.0
LIM353,Molemole,2021,0300,PAYE deductions,0.0
LIM353,Molemole,2021,0400,VAT (output less input),0.0
LIM353,Molemole,2021,0500,Pensions / Retirement deductions,0.0
LIM353,Molemole,2021,0600,Loan repayments,0.0
LIM353,Molemole,2021,0700,Trade Creditors,0.0
LIM353,Molemole,2021,0800,Auditor General,0.0
LIM353,Molemole,2021,0900,Other,8619805.0
LIM353,Molemole,2021,1000,Total,8619805.0
LIM354,Polokwane,2021,0100,Bulk Electricity,216550.0
LIM354,Polokwane,2021,0200,Bulk Water,0.0
LIM354,Polokwane,2021,0300,PAYE deductions,0.0
LIM354,Polokwane,2021,0400,VAT (output less input),0.0
LIM354,Polokwane,2021,0500,Pensions / Retirement deductions,0.0
LIM354,Polokwane,2021,0600,Loan repayments,0.0
LIM354,Polokwane,2021,0700,Trade Creditors,364448239.0
LIM354,Polokwane,2021,0800,Auditor General,2300112.0
LIM354,Polokwane,2021,0900,Other,0.0
LIM354,Polokwane,2021,1000,Total,366964901.0
LIM355,Lepelle-Nkumpi,2021,0100,Bulk Electricity,0.0
LIM355,Lepelle-Nkumpi,2021,0200,Bulk Water,0.0
LIM355,Lepelle-Nkumpi,2021,0300,PAYE deductions,0.0
LIM355,Lepelle-Nkumpi,2021,0400,VAT (output less input),0.0
LIM355,Lepelle-Nkumpi,2021,0500,Pensions / Retirement deductions,0.0
LIM355,Lepelle-Nkumpi,2021,0600,Loan repayments,0.0
LIM355,Lepelle-Nkumpi,2021,0700,Trade Creditors,153680.0
LIM355,Lepelle-Nkumpi,2021,0800,Auditor General,0.0
LIM355,Lepelle-Nkumpi,2021,0900,Other,0.0
LIM355,Lepelle-Nkumpi,2021,1000,Total,153680.0
LIM361,Thabazimbi,2021,0100,Bulk Electricity,84038.0
LIM361,Thabazimbi,2021,0200,Bulk Water,4120863.0
LIM361,Thabazimbi,2021,0300,PAYE deductions,21514462.0
LIM361,Thabazimbi,2021,0400,VAT (output less input),0.0
LIM361,Thabazimbi,2021,0500,Pensions / Retirement deductions,0.0
LIM361,Thabazimbi,2021,0600,Loan repayments,0.0
LIM361,Thabazimbi,2021,0700,Trade Creditors,325480494.0
LIM361,Thabazimbi,2021,0800,Auditor General,12461953.0
LIM361,Thabazimbi,2021,0900,Other,0.0
LIM361,Thabazimbi,2021,1000,Total,363661810.0
LIM362,Lephalale,2021,0100,Bulk Electricity,17118619.0
LIM362,Lephalale,2021,0200,Bulk Water,2892111.0
LIM362,Lephalale,2021,0300,PAYE deductions,0.0
LIM362,Lephalale,2021,0400,VAT (output less input),0.0
LIM362,Lephalale,2021,0500,Pensions / Retirement deductions,0.0
LIM362,Lephalale,2021,0600,Loan repayments,0.0
LIM362,Lephalale,2021,0700,Trade Creditors,2277696.0
LIM362,Lephalale,2021,0800,Auditor General,0.0
LIM362,Lephalale,2021,0900,Other,310833.0
LIM362,Lephalale,2021,1000,Total,22599259.0
LIM367,Mogalakwena,2021,0100,Bulk Electricity,16503222.0
LIM367,Mogalakwena,2021,0200,Bulk Water,1514894.0
LIM367,Mogalakwena,2021,0300,PAYE deductions,5356419.0
LIM367,Mogalakwena,2021,0400,VAT (output less input),1210034.0
LIM367,Mogalakwena,2021,0500,Pensions / Retirement deductions,0.0
LIM367,Mogalakwena,2021,0600,Loan repayments,0.0
LIM367,Mogalakwena,2021,0700,Trade Creditors,0.0
LIM367,Mogalakwena,2021,0800,Auditor General,1107508.0
LIM367,Mogalakwena,2021,0900,Other,0.0
LIM367,Mogalakwena,2021,1000,Total,25692077.0
LIM472,Elias Motsoaledi,2021,0100,Bulk Electricity,0.0
LIM472,Elias Motsoaledi,2021,0200,Bulk Water,0.0
LIM472,Elias Motsoaledi,2021,0300,PAYE deductions,0.0
LIM472,Elias Motsoaledi,2021,0400,VAT (output less input),0.0
LIM472,Elias Motsoaledi,2021,0500,Pensions / Retirement deductions,0.0
LIM472,Elias Motsoaledi,2021,0600,Loan repayments,0.0
LIM472,Elias Motsoaledi,2021,0700,Trade Creditors,111545.0
LIM472,Elias Motsoaledi,2021,0800,Auditor General,0.0
LIM472,Elias Motsoaledi,2021,0900,Other,0.0
LIM472,Elias Motsoaledi,2021,1000,Total,111545.0
LIM473,Makhuduthamaga,2021,0100,Bulk Electricity,0.0
LIM473,Makhuduthamaga,2021,0200,Bulk Water,0.0
LIM473,Makhuduthamaga,2021,0300,PAYE deductions,0.0
LIM473,Makhuduthamaga,2021,0400,VAT (output less input),0.0
LIM473,Makhuduthamaga,2021,0500,Pensions / Retirement deductions,0.0
LIM473,Makhuduthamaga,2021,0600,Loan repayments,0.0
LIM473,Makhuduthamaga,2021,0700,Trade Creditors,1508605.0
LIM473,Makhuduthamaga,2021,0800,Auditor General,0.0
LIM473,Makhuduthamaga,2021,0900,Other,1985496.0
LIM473,Makhuduthamaga,2021,1000,Total,3494101.0
MAN,Mangaung,2021,0100,Bulk Electricity,319225946.0
MAN,Mangaung,2021,0200,Bulk Water,671492512.0
MAN,Mangaung,2021,0300,PAYE deductions,37923358.0
MAN,Mangaung,2021,0400,VAT (output less input),0.0
MAN,Mangaung,2021,0500,Pensions / Retirement deductions,64674918.0
MAN,Mangaung,2021,0600,Loan repayments,0.0
MAN,Mangaung,2021,0700,Trade Creditors,51401144.0
MAN,Mangaung,2021,0800,Auditor General,0.0
MAN,Mangaung,2021,0900,Other,0.0
MAN,Mangaung,2021,1000,Total,1144717878.0
MP301,Albert Luthuli,2021,0100,Bulk Electricity,0.0
MP301,Albert Luthuli,2021,0200,Bulk Water,0.0
MP301,Albert Luthuli,2021,0300,PAYE deductions,0.0
MP301,Albert Luthuli,2021,0400,VAT (output less input),0.0
MP301,Albert Luthuli,2021,0500,Pensions / Retirement deductions,0.0
MP301,Albert Luthuli,2021,0600,Loan repayments,0.0
MP301,Albert Luthuli,2021,0700,Trade Creditors,990092.0
MP301,Albert Luthuli,2021,0800,Auditor General,0.0
MP301,Albert Luthuli,2021,0900,Other,6741669.0
MP301,Albert Luthuli,2021,1000,Total,7731761.0
MP302,Msukaligwa,2021,0100,Bulk Electricity,179590225.0
MP302,Msukaligwa,2021,0200,Bulk Water,928665320.0
MP302,Msukaligwa,2021,0300,PAYE deductions,0.0
MP302,Msukaligwa,2021,0400,VAT (output less input),0.0
MP302,Msukaligwa,2021,0500,Pensions / Retirement deductions,0.0
MP302,Msukaligwa,2021,0600,Loan repayments,0.0
MP302,Msukaligwa,2021,0700,Trade Creditors,343681614.0
MP302,Msukaligwa,2021,0800,Auditor General,0.0
MP302,Msukaligwa,2021,0900,Other,28773304.0
MP302,Msukaligwa,2021,1000,Total,1480710463.0
MP303,Mkhondo,2021,0100,Bulk Electricity,29875.0
MP303,Mkhondo,2021,0200,Bulk Water,0.0
MP303,Mkhondo,2021,0300,PAYE deductions,0.0
MP303,Mkhondo,2021,0400,VAT (output less input),0.0
MP303,Mkhondo,2021,0500,Pensions / Retirement deductions,0.0
MP303,Mkhondo,2021,0600,Loan repayments,0.0
MP303,Mkhondo,2021,0700,Trade Creditors,451201899.0
MP303,Mkhondo,2021,0800,Auditor General,0.0
MP303,Mkhondo,2021,0900,Other,0.0
MP303,Mkhondo,2021,1000,Total,451231774.0
MP304,Pixley Ka Seme (MP),2021,0100,Bulk Electricity,0.0
MP304,Pixley Ka Seme (MP),2021,0200,Bulk Water,0.0
MP304,Pixley Ka Seme (MP),2021,0300,PAYE deductions,0.0
MP304,Pixley Ka Seme (MP),2021,0400,VAT (output less input),0.0
MP304,Pixley Ka Seme (MP),2021,0500,Pensions / Retirement deductions,0.0
MP304,Pixley Ka Seme (MP),2021,0600,Loan repayments,0.0
MP304,Pixley Ka Seme (MP),2021,0700,Trade Creditors,856585.0
MP304,Pixley Ka Seme (MP),2021,0800,Auditor General,0.0
MP304,Pixley Ka Seme (MP),2021,0900,Other,0.0
MP304,Pixley Ka Seme (MP),2021,1000,Total,856585.0
MP305,Lekwa,2021,0100,Bulk Electricity,0.0
MP305,Lekwa,2021,0200,Bulk Water,0.0
MP305,Lekwa,2021,0300,PAYE deductions,0.0
MP305,Lekwa,2021,0400,VAT (output less input),0.0
MP305,Lekwa,2021,0500,Pensions / Retirement deductions,0.0
MP305,Lekwa,2021,0600,Loan repayments,0.0
MP305,Lekwa,2021,0700,Trade Creditors,1732070027.0
MP305,Lekwa,2021,0800,Auditor General,246211.0
MP305,Lekwa,2021,0900,Other,352157397.0
MP305,Lekwa,2021,1000,Total,2084473635.0
MP306,Dipaleseng,2021,0100,Bulk Electricity,0.0
MP306,Dipaleseng,2021,0200,Bulk Water,0.0
MP306,Dipaleseng,2021,0300,PAYE deductions,0.0
MP306,Dipaleseng,2021,0400,VAT (output less input),0.0
MP306,Dipaleseng,2021,0500,Pensions / Retirement deductions,0.0
MP306,Dipaleseng,2021,0600,Loan repayments,0.0
MP306,Dipaleseng,2021,0700,Trade Creditors,175203271.0
MP306,Dipaleseng,2021,0800,Auditor General,0.0
MP306,Dipaleseng,2021,0900,Other,0.0
MP306,Dipaleseng,2021,1000,Total,175203271.0
MP307,Govan Mbeki,2021,0100,Bulk Electricity,0.0
MP307,Govan Mbeki,2021,0200,Bulk Water,0.0
MP307,Govan Mbeki,2021,0300,PAYE deductions,0.0
MP307,Govan Mbeki,2021,0400,VAT (output less input),0.0
MP307,Govan Mbeki,2021,0500,Pensions / Retirement deductions,0.0
MP307,Govan Mbeki,2021,0600,Loan repayments,0.0
MP307,Govan Mbeki,2021,0700,Trade Creditors,2779625496.0
MP307,Govan Mbeki,2021,0800,Auditor General,0.0
MP307,Govan Mbeki,2021,0900,Other,0.0
MP307,Govan Mbeki,2021,1000,Total,2779625496.0
MP313,Steve Tshwete,2021,0100,Bulk Electricity,100800.0
MP313,Steve Tshwete,2021,0200,Bulk Water,0.0
MP313,Steve Tshwete,2021,0300,PAYE deductions,0.0
MP313,Steve Tshwete,2021,0400,VAT (output less input),0.0
MP313,Steve Tshwete,2021,0500,Pensions / Retirement deductions,0.0
MP313,Steve Tshwete,2021,0600,Loan repayments,0.0
MP313,Steve Tshwete,2021,0700,Trade Creditors,11228596.0
MP313,Steve Tshwete,2021,0800,Auditor General,0.0
MP313,Steve Tshwete,2021,0900,Other,0.0
MP313,Steve Tshwete,2021,1000,Total,11329396.0
MP315,Thembisile Hani,2021,0100,Bulk Electricity,0.0
MP315,Thembisile Hani,2021,0200,Bulk Water,0.0
MP315,Thembisile Hani,2021,0300,PAYE deductions,0.0
MP315,Thembisile Hani,2021,0400,VAT (output less input),0.0
MP315,Thembisile Hani,2021,0500,Pensions / Retirement deductions,0.0
MP315,Thembisile Hani,2021,0600,Loan repayments,0.0
MP315,Thembisile Hani,2021,0700,Trade Creditors,1503214.0
MP315,Thembisile Hani,2021,0800,Auditor General,0.0
MP315,Thembisile Hani,2021,0900,Other,0.0
MP315,Thembisile Hani,2021,1000,Total,1503214.0
MP316,Dr J.S. Moroka,2021,0100,Bulk Electricity,0.0
MP316,Dr J.S. Moroka,2021,0200,Bulk Water,0.0
MP316,Dr J.S. Moroka,2021,0300,PAYE deductions,0.0
MP316,Dr J.S. Moroka,2021,0400,VAT (output less input),0.0
MP316,Dr J.S. Moroka,2021,0500,Pensions / Retirement deductions,0.0
MP316,Dr J.S. Moroka,2021,0600,Loan repayments,0.0
MP316,Dr J.S. Moroka,2021,0700,Trade Creditors,957620.0
MP316,Dr J.S. Moroka,2021,0800,Auditor General,0.0
MP316,Dr J.S. Moroka,2021,0900,Other,0.0
MP316,Dr J.S. Moroka,2021,1000,Total,957620.0
MP321,Thaba Chweu,2021,0100,Bulk Electricity,153823804.0
MP321,Thaba Chweu,2021,0200,Bulk Water,0.0
MP321,Thaba Chweu,2021,0300,PAYE deductions,0.0
MP321,Thaba Chweu,2021,0400,VAT (output less input),0.0
MP321,Thaba Chweu,2021,0500,Pensions / Retirement deductions,0.0
MP321,Thaba Chweu,2021,0600,Loan repayments,0.0
MP321,Thaba Chweu,2021,0700,Trade Creditors,852547862.0
MP321,Thaba Chweu,2021,0800,Auditor General,0.0
MP321,Thaba Chweu,2021,0900,Other,0.0
MP321,Thaba Chweu,2021,1000,Total,1006371666.0
MP325,Bushbuckridge,2021,0100,Bulk Electricity,0.0
MP325,Bushbuckridge,2021,0200,Bulk Water,3580393.0
MP325,Bushbuckridge,2021,0300,PAYE deductions,68334.0
MP325,Bushbuckridge,2021,0400,VAT (output less input),0.0
MP325,Bushbuckridge,2021,0500,Pensions / Retirement deductions,2230441.0
MP325,Bushbuckridge,2021,0600,Loan repayments,0.0
MP325,Bushbuckridge,2021,0700,Trade Creditors,59492223.0
MP325,Bushbuckridge,2021,0800,Auditor General,100513.0
MP325,Bushbuckridge,2021,0900,Other,152171152.0
MP325,Bushbuckridge,2021,1000,Total,217643056.0
MP326,City of Mbombela,2021,0100,Bulk Electricity,743318204.0
MP326,City of Mbombela,2021,0200,Bulk Water,185849846.0
MP326,City of Mbombela,2021,0300,PAYE deductions,32837985.0
MP326,City of Mbombela,2021,0400,VAT (output less input),0.0
MP326,City of Mbombela,2021,0500,Pensions / Retirement deductions,13936444.0
MP326,City of Mbombela,2021,0600,Loan repayments,0.0
MP326,City of Mbombela,2021,0700,Trade Creditors,650401553.0
MP326,City of Mbombela,2021,0800,Auditor General,12013621.0
MP326,City of Mbombela,2021,0900,Other,573452715.0
MP326,City of Mbombela,2021,1000,Total,2211810368.0
NC061,Richtersveld,2021,0100,Bulk Electricity,25060514.0
NC061,Richtersveld,2021,0200,Bulk Water,848615.0
NC061,Richtersveld,2021,0300,PAYE deductions,0.0
NC061,Richtersveld,2021,0400,VAT (output less input),0.0
NC061,Richtersveld,2021,0500,Pensions / Retirement deductions,0.0
NC061,Richtersveld,2021,0600,Loan repayments,0.0
NC061,Richtersveld,2021,0700,Trade Creditors,9957171.0
NC061,Richtersveld,2021,0800,Auditor General,5456682.0
NC061,Richtersveld,2021,0900,Other,188320.0
NC061,Richtersveld,2021,1000,Total,41511302.0
NC062,Nama Khoi,2021,0100,Bulk Electricity,176887184.0
NC062,Nama Khoi,2021,0200,Bulk Water,208738873.0
NC062,Nama Khoi,2021,0300,PAYE deductions,0.0
NC062,Nama Khoi,2021,0400,VAT (output less input),12278088.0
NC062,Nama Khoi,2021,0500,Pensions / Retirement deductions,0.0
NC062,Nama Khoi,2021,0600,Loan repayments,0.0
NC062,Nama Khoi,2021,0700,Trade Creditors,952790.0
NC062,Nama Khoi,2021,0800,Auditor General,2637309.0
NC062,Nama Khoi,2021,0900,Other,1426729.0
NC062,Nama Khoi,2021,1000,Total,402920973.0
NC065,Hantam,2021,0100,Bulk Electricity,0.0
NC065,Hantam,2021,0200,Bulk Water,0.0
NC065,Hantam,2021,0300,PAYE deductions,0.0
NC065,Hantam,2021,0400,VAT (output less input),0.0
NC065,Hantam,2021,0500,Pensions / Retirement deductions,0.0
NC065,Hantam,2021,0600,Loan repayments,0.0
NC065,Hantam,2021,0700,Trade Creditors,7030882.0
NC065,Hantam,2021,0800,Auditor General,3971711.0
NC065,Hantam,2021,0900,Other,4889076.0
NC065,Hantam,2021,1000,Total,15891669.0
NC066,Karoo Hoogland,2021,0100,Bulk Electricity,0.0
NC066,Karoo Hoogland,2021,0200,Bulk Water,0.0
NC066,Karoo Hoogland,2021,0300,PAYE deductions,0.0
NC066,Karoo Hoogland,2021,0400,VAT (output less input),0.0
NC066,Karoo Hoogland,2021,0500,Pensions / Retirement deductions,0.0
NC066,Karoo Hoogland,2021,0600,Loan repayments,0.0
NC066,Karoo Hoogland,2021,0700,Trade Creditors,5143241.0
NC066,Karoo Hoogland,2021,0800,Auditor General,0.0
NC066,Karoo Hoogland,2021,0900,Other,759.0
NC066,Karoo Hoogland,2021,1000,Total,5144000.0
NC067,Khai-Ma,2021,0100,Bulk Electricity,27768502.0
NC067,Khai-Ma,2021,0200,Bulk Water,7969100.0
NC067,Khai-Ma,2021,0300,PAYE deductions,369220.0
NC067,Khai-Ma,2021,0400,VAT (output less input),0.0
NC067,Khai-Ma,2021,0500,Pensions / Retirement deductions,322008.0
NC067,Khai-Ma,2021,0600,Loan repayments,0.0
NC067,Khai-Ma,2021,0700,Trade Creditors,0.0
NC067,Khai-Ma,2021,0800,Auditor General,5511483.0
NC067,Khai-Ma,2021,0900,Other,13692166.0
NC067,Khai-Ma,2021,1000,Total,55632479.0
NC072,Umsobomvu,2021,0100,Bulk Electricity,0.0
NC072,Umsobomvu,2021,0200,Bulk Water,0.0
NC072,Umsobomvu,2021,0300,PAYE deductions,0.0
NC072,Umsobomvu,2021,0400,VAT (output less input),0.0
NC072,Umsobomvu,2021,0500,Pensions / Retirement deductions,0.0
NC072,Umsobomvu,2021,0600,Loan repayments,0.0
NC072,Umsobomvu,2021,0700,Trade Creditors,14205.0
NC072,Umsobomvu,2021,0800,Auditor General,0.0
NC072,Umsobomvu,2021,0900,Other,207192.0
NC072,Umsobomvu,2021,1000,Total,221397.0
NC073,Emthanjeni,2021,0100,Bulk Electricity,83159951.0
NC073,Emthanjeni,2021,0200,Bulk Water,1091850.0
NC073,Emthanjeni,2021,0300,PAYE deductions,0.0
NC073,Emthanjeni,2021,0400,VAT (output less input),0.0
NC073,Emthanjeni,2021,0500,Pensions / Retirement deductions,0.0
NC073,Emthanjeni,2021,0600,Loan repayments,0.0
NC073,Emthanjeni,2021,0700,Trade Creditors,4034124.0
NC073,Emthanjeni,2021,0800,Auditor General,4344655.0
NC073,Emthanjeni,2021,0900,Other,0.0
NC073,Emthanjeni,2021,1000,Total,92630580.0
NC074,Kareeberg,2021,0100,Bulk Electricity,0.0
NC074,Kareeberg,2021,0200,Bulk Water,0.0
NC074,Kareeberg,2021,0300,PAYE deductions,0.0
NC074,Kareeberg,2021,0400,VAT (output less input),0.0
NC074,Kareeberg,2021,0500,Pensions / Retirement deductions,0.0
NC074,Kareeberg,2021,0600,Loan repayments,0.0
NC074,Kareeberg,2021,0700,Trade Creditors,1270754.0
NC074,Kareeberg,2021,0800,Auditor General,0.0
NC074,Kareeberg,2021,0900,Other,0.0
NC074,Kareeberg,2021,1000,Total,1270754.0
NC075,Renosterberg,2021,0100,Bulk Electricity,96121172.0
NC075,Renosterberg,2021,0200,Bulk Water,5956240.0
NC075,Renosterberg,2021,0300,PAYE deductions,2484556.0
NC075,Renosterberg,2021,0400,VAT (output less input),226118.0
NC075,Renosterberg,2021,0500,Pensions / Retirement deductions,0.0
NC075,Renosterberg,2021,0600,Loan repayments,0.0
NC075,Renosterberg,2021,0700,Trade Creditors,5957452.0
NC075,Renosterberg,2021,0800,Auditor General,6203122.0
NC075,Renosterberg,2021,0900,Other,249123.0
NC075,Renosterberg,2021,1000,Total,117197783.0
NC076,Thembelihle,2021,0100,Bulk Electricity,98463027.0
NC076,Thembelihle,2021,0200,Bulk Water,5547.0
NC076,Thembelihle,2021,0300,PAYE deductions,0.0
NC076,Thembelihle,2021,0400,VAT (output less input),0.0
NC076,Thembelihle,2021,0500,Pensions / Retirement deductions,0.0
NC076,Thembelihle,2021,0600,Loan repayments,0.0
NC076,Thembelihle,2021,0700,Trade Creditors,14328309.0
NC076,Thembelihle,2021,0800,Auditor General,6415867.0
NC076,Thembelihle,2021,0900,Other,6551466.0
NC076,Thembelihle,2021,1000,Total,125764216.0
NC082,!Kai! Garib,2021,0100,Bulk Electricity,419991362.0
NC082,!Kai! Garib,2021,0200,Bulk Water,18002163.0
NC082,!Kai! Garib,2021,0300,PAYE deductions,0.0
NC082,!Kai! Garib,2021,0400,VAT (output less input),0.0
NC082,!Kai! Garib,2021,0500,Pensions / Retirement deductions,0.0
NC082,!Kai! Garib,2021,0600,Loan repayments,0.0
NC082,!Kai! Garib,2021,0700,Trade Creditors,57612099.0
NC082,!Kai! Garib,2021,0800,Auditor General,10250942.0
NC082,!Kai! Garib,2021,0900,Other,8606944.0
NC082,!Kai! Garib,2021,1000,Total,514463510.0
NC084,!Kheis,2021,0100,Bulk Electricity,110269.0
NC084,!Kheis,2021,0200,Bulk Water,890745.0
NC084,!Kheis,2021,0300,PAYE deductions,0.0
NC084,!Kheis,2021,0400,VAT (output less input),0.0
NC084,!Kheis,2021,0500,Pensions / Retirement deductions,0.0
NC084,!Kheis,2021,0600,Loan repayments,0.0
NC084,!Kheis,2021,0700,Trade Creditors,719710.0
NC084,!Kheis,2021,0800,Auditor General,601316.0
NC084,!Kheis,2021,0900,Other,41736020.0
NC084,!Kheis,2021,1000,Total,44058060.0
NC086,Kgatelopele,2021,0100,Bulk Electricity,4719017.0
NC086,Kgatelopele,2021,0200,Bulk Water,0.0
NC086,Kgatelopele,2021,0300,PAYE deductions,0.0
NC086,Kgatelopele,2021,0400,VAT (output less input),0.0
NC086,Kgatelopele,2021,0500,Pensions / Retirement deductions,0.0
NC086,Kgatelopele,2021,0600,Loan repayments,0.0
NC086,Kgatelopele,2021,0700,Trade Creditors,10741936.0
NC086,Kgatelopele,2021,0800,Auditor General,7041174.0
NC086,Kgatelopele,2021,0900,Other,555428.0
NC086,Kgatelopele,2021,1000,Total,23057555.0
NC087,Dawid Kruiper,2021,0100,Bulk Electricity,230815.0
NC087,Dawid Kruiper,2021,0200,Bulk Water,43271.0
NC087,Dawid Kruiper,2021,0300,PAYE deductions,0.0
NC087,Dawid Kruiper,2021,0400,VAT (output less input),0.0
NC087,Dawid Kruiper,2021,0500,Pensions / Retirement deductions,0.0
NC087,Dawid Kruiper,2021,0600,Loan repayments,0.0
NC087,Dawid Kruiper,2021,0700,Trade Creditors,20891901.0
NC087,Dawid Kruiper,2021,0800,Auditor General,0.0
NC087,Dawid Kruiper,2021,0900,Other,0.0
NC087,Dawid Kruiper,2021,1000,Total,21165987.0
NC091,Sol Plaatje,2021,0100,Bulk Electricity,165311726.0
NC091,Sol Plaatje,2021,0200,Bulk Water,98903166.0
NC091,Sol Plaatje,2021,0300,PAYE deductions,8751619.0
NC091,Sol Plaatje,2021,0400,VAT (output less input),0.0
NC091,Sol Plaatje,2021,0500,Pensions / Retirement deductions,7354517.0
NC091,Sol Plaatje,2021,0600,Loan repayments,0.0
NC091,Sol Plaatje,2021,0700,Trade Creditors,27511730.0
NC091,Sol Plaatje,2021,0800,Auditor General,0.0
NC091,Sol Plaatje,2021,0900,Other,150244079.0
NC091,Sol Plaatje,2021,1000,Total,458076837.0
NC093,Magareng,2021,0100,Bulk Electricity,77815138.0
NC093,Magareng,2021,0200,Bulk Water,118383424.0
NC093,Magareng,2021,0300,PAYE deductions,0.0
NC093,Magareng,2021,0400,VAT (output less input),0.0
NC093,Magareng,2021,0500,Pensions / Retirement deductions,0.0
NC093,Magareng,2021,0600,Loan repayments,0.0
NC093,Magareng,2021,0700,Trade Creditors,5124105.0
NC093,Magareng,2021,0800,Auditor General,3377599.0
NC093,Magareng,2021,0900,Other,36948513.0
NC093,Magareng,2021,1000,Total,241648779.0
NC094,Phokwane,2021,0100,Bulk Electricity,0.0
NC094,Phokwane,2021,0200,Bulk Water,0.0
NC094,Phokwane,2021,0300,PAYE deductions,0.0
NC094,Phokwane,2021,0400,VAT (output less input),0.0
NC094,Phokwane,2021,0500,Pensions / Retirement deductions,0.0
NC094,Phokwane,2021,0600,Loan repayments,0.0
NC094,Phokwane,2021,0700,Trade Creditors,287886693.0
NC094,Phokwane,2021,0800,Auditor General,0.0
NC094,Phokwane,2021,0900,Other,0.0
NC094,Phokwane,2021,1000,Total,287886693.0
NC451,Joe Morolong,2021,0100,Bulk Electricity,993441.0
NC451,Joe Morolong,2021,0200,Bulk Water,3018348.0
NC451,Joe Morolong,2021,0300,PAYE deductions,0.0
NC451,Joe Morolong,2021,0400,VAT (output less input),0.0
NC451,Joe Morolong,2021,0500,Pensions / Retirement deductions,0.0
NC451,Joe Morolong,2021,0600,Loan repayments,0.0
NC451,Joe Morolong,2021,0700,Trade Creditors,15244159.0
NC451,Joe Morolong,2021,0800,Auditor General,5589363.0
NC451,Joe Morolong,2021,0900,Other,9787862.0
NC451,Joe Morolong,2021,1000,Total,34633173.0
NC452,Ga-Segonyana,2021,0100,Bulk Electricity,0.0
NC452,Ga-Segonyana,2021,0200,Bulk Water,0.0
NC452,Ga-Segonyana,2021,0300,PAYE deductions,0.0
NC452,Ga-Segonyana,2021,0400,VAT (output less input),0.0
NC452,Ga-Segonyana,2021,0500,Pensions / Retirement deductions,0.0
NC452,Ga-Segonyana,2021,0600,Loan repayments,0.0
NC452,Ga-Segonyana,2021,0700,Trade Creditors,18116957.0
NC452,Ga-Segonyana,2021,0800,Auditor General,0.0
NC452,Ga-Segonyana,2021,0900,Other,0.0
NC452,Ga-Segonyana,2021,1000,Total,18116957.0
NC453,Gamagara,2021,0100,Bulk Electricity,256512010.0
NC453,Gamagara,2021,0200,Bulk Water,715473.0
NC453,Gamagara,2021,0300,PAYE deductions,0.0
NC453,Gamagara,2021,0400,VAT (output less input),0.0
NC453,Gamagara,2021,0500,Pensions / Retirement deductions,0.0
NC453,Gamagara,2021,0600,Loan repayments,0.0
NC453,Gamagara,2021,0700,Trade Creditors,6548824.0
NC453,Gamagara,2021,0800,Auditor General,17203.0
NC453,Gamagara,2021,0900,Other,24272123.0
NC453,Gamagara,2021,1000,Total,288065633.0
NMA,Nelson Mandela Bay,2021,0100,Bulk Electricity,0.0
NMA,Nelson Mandela Bay,2021,0200,Bulk Water,0.0
NMA,Nelson Mandela Bay,2021,0300,PAYE deductions,0.0
NMA,Nelson Mandela Bay,2021,0400,VAT (output less input),0.0
NMA,Nelson Mandela Bay,2021,0500,Pensions / Retirement deductions,0.0
NMA,Nelson Mandela Bay,2021,0600,Loan repayments,0.0
NMA,Nelson Mandela Bay,2021,0700,Trade Creditors,2411662228.0
NMA,Nelson Mandela Bay,2021,0800,Auditor General,0.0
NMA,Nelson Mandela Bay,2021,0900,Other,0.0
NMA,Nelson Mandela Bay,2021,1000,Total,2411662228.0
NW371,Moretele,2021,0100,Bulk Electricity,0.0
NW371,Moretele,2021,0200,Bulk Water,0.0
NW371,Moretele,2021,0300,PAYE deductions,0.0
NW371,Moretele,2021,0400,VAT (output less input),0.0
NW371,Moretele,2021,0500,Pensions / Retirement deductions,0.0
NW371,Moretele,2021,0600,Loan repayments,0.0
NW371,Moretele,2021,0700,Trade Creditors,0.0
NW371,Moretele,2021,0800,Auditor General,0.0
NW371,Moretele,2021,0900,Other,37558588.0
NW371,Moretele,2021,1000,Total,37558588.0
NW372,Madibeng,2021,0100,Bulk Electricity,86893112.0
NW372,Madibeng,2021,0200,Bulk Water,306547893.0
NW372,Madibeng,2021,0300,PAYE deductions,0.0
NW372,Madibeng,2021,0400,VAT (output less input),0.0
NW372,Madibeng,2021,0500,Pensions / Retirement deductions,0.0
NW372,Madibeng,2021,0600,Loan repayments,0.0
NW372,Madibeng,2021,0700,Trade Creditors,616653090.0
NW372,Madibeng,2021,0800,Auditor General,4967868.0
NW372,Madibeng,2021,0900,Other,0.0
NW372,Madibeng,2021,1000,Total,1015061963.0
NW373,Rustenburg,2021,0100,Bulk Electricity,388017698.0
NW373,Rustenburg,2021,0200,Bulk Water,308657004.0
NW373,Rustenburg,2021,0300,PAYE deductions,0.0
NW373,Rustenburg,2021,0400,VAT (output less input),0.0
NW373,Rustenburg,2021,0500,Pensions / Retirement deductions,0.0
NW373,Rustenburg,2021,0600,Loan repayments,662485.0
NW373,Rustenburg,2021,0700,Trade Creditors,217655014.0
NW373,Rustenburg,2021,0800,Auditor General,3058200.0
NW373,Rustenburg,2021,0900,Other,35649268.0
NW373,Rustenburg,2021,1000,Total,953699669.0
NW374,Kgetlengrivier,2021,0100,Bulk Electricity,0.0
NW374,Kgetlengrivier,2021,0200,Bulk Water,0.0
NW374,Kgetlengrivier,2021,0300,PAYE deductions,0.0
NW374,Kgetlengrivier,2021,0400,VAT (output less input),0.0
NW374,Kgetlengrivier,2021,0500,Pensions / Retirement deductions,0.0
NW374,Kgetlengrivier,2021,0600,Loan repayments,0.0
NW374,Kgetlengrivier,2021,0700,Trade Creditors,269450121.0
NW374,Kgetlengrivier,2021,0800,Auditor General,6405653.0
NW374,Kgetlengrivier,2021,0900,Other,5194440.0
NW374,Kgetlengrivier,2021,1000,Total,281050214.0
NW375,Moses Kotane,2021,0100,Bulk Electricity,0.0
NW375,Moses Kotane,2021,0200,Bulk Water,0.0
NW375,Moses Kotane,2021,0300,PAYE deductions,0.0
NW375,Moses Kotane,2021,0400,VAT (output less input),0.0
NW375,Moses Kotane,2021,0500,Pensions / Retirement deductions,0.0
NW375,Moses Kotane,2021,0600,Loan repayments,0.0
NW375,Moses Kotane,2021,0700,Trade Creditors,3829297.0
NW375,Moses Kotane,2021,0800,Auditor General,0.0
NW375,Moses Kotane,2021,0900,Other,0.0
NW375,Moses Kotane,2021,1000,Total,3829297.0
NW382,Tswaing,2021,0100,Bulk Electricity,56301981.0
NW382,Tswaing,2021,0200,Bulk Water,187470.0
NW382,Tswaing,2021,0300,PAYE deductions,35131205.0
NW382,Tswaing,2021,0400,VAT (output less input),0.0
NW382,Tswaing,2021,0500,Pensions / Retirement deductions,28519918.0
NW382,Tswaing,2021,0600,Loan repayments,0.0
NW382,Tswaing,2021,0700,Trade Creditors,27544649.0
NW382,Tswaing,2021,0800,Auditor General,3541222.0
NW382,Tswaing,2021,0900,Other,8247762.0
NW382,Tswaing,2021,1000,Total,159474207.0
NW383,Mafikeng,2021,0100,Bulk Electricity,0.0
NW383,Mafikeng,2021,0200,Bulk Water,0.0
NW383,Mafikeng,2021,0300,PAYE deductions,0.0
NW383,Mafikeng,2021,0400,VAT (output less input),0.0
NW383,Mafikeng,2021,0500,Pensions / Retirement deductions,0.0
NW383,Mafikeng,2021,0600,Loan repayments,0.0
NW383,Mafikeng,2021,0700,Trade Creditors,166893040.0
NW383,Mafikeng,2021,0800,Auditor General,0.0
NW383,Mafikeng,2021,0900,Other,0.0
NW383,Mafikeng,2021,1000,Total,166893040.0
NW384,Ditsobotla,2021,0100,Bulk Electricity,19875313.0
NW384,Ditsobotla,2021,0200,Bulk Water,0.0
NW384,Ditsobotla,2021,0300,PAYE deductions,0.0
NW384,Ditsobotla,2021,0400,VAT (output less input),0.0
NW384,Ditsobotla,2021,0500,Pensions / Retirement deductions,0.0
NW384,Ditsobotla,2021,0600,Loan repayments,0.0
NW384,Ditsobotla,2021,0700,Trade Creditors,-52404457.0
NW384,Ditsobotla,2021,0800,Auditor General,1114954.0
NW384,Ditsobotla,2021,0900,Other,662854314.0
NW384,Ditsobotla,2021,1000,Total,631440124.0
NW385,Ramotshere Moiloa,2021,0100,Bulk Electricity,0.0
NW385,Ramotshere Moiloa,2021,0200,Bulk Water,0.0
NW385,Ramotshere Moiloa,2021,0300,PAYE deductions,0.0
NW385,Ramotshere Moiloa,2021,0400,VAT (output less input),0.0
NW385,Ramotshere Moiloa,2021,0500,Pensions / Retirement deductions,0.0
NW385,Ramotshere Moiloa,2021,0600,Loan repayments,0.0
NW385,Ramotshere Moiloa,2021,0700,Trade Creditors,0.0
NW385,Ramotshere Moiloa,2021,0800,Auditor General,0.0
NW385,Ramotshere Moiloa,2021,0900,Other,83619965.0
NW385,Ramotshere Moiloa,2021,1000,Total,83619965.0
NW392,Naledi (NW),2021,0100,Bulk Electricity,0.0
NW392,Naledi (NW),2021,0200,Bulk Water,0.0
NW392,Naledi (NW),2021,0300,PAYE deductions,8577774.0
NW392,Naledi (NW),2021,0400,VAT (output less input),3737795.0
NW392,Naledi (NW),2021,0500,Pensions / Retirement deductions,30921236.0
NW392,Naledi (NW),2021,0600,Loan repayments,74501396.0
NW392,Naledi (NW),2021,0700,Trade Creditors,12632743.0
NW392,Naledi (NW),2021,0800,Auditor General,0.0
NW392,Naledi (NW),2021,0900,Other,656309.0
NW392,Naledi (NW),2021,1000,Total,131027253.0
NW393,Mamusa,2021,0100,Bulk Electricity,0.0
NW393,Mamusa,2021,0200,Bulk Water,0.0
NW393,Mamusa,2021,0300,PAYE deductions,0.0
NW393,Mamusa,2021,0400,VAT (output less input),0.0
NW393,Mamusa,2021,0500,Pensions / Retirement deductions,0.0
NW393,Mamusa,2021,0600,Loan repayments,0.0
NW393,Mamusa,2021,0700,Trade Creditors,197207449.0
NW393,Mamusa,2021,0800,Auditor General,0.0
NW393,Mamusa,2021,0900,Other,0.0
NW393,Mamusa,2021,1000,Total,197207449.0
NW396,Lekwa-Teemane,2021,0100,Bulk Electricity,64918712.0
NW396,Lekwa-Teemane,2021,0200,Bulk Water,0.0
NW396,Lekwa-Teemane,2021,0300,PAYE deductions,0.0
NW396,Lekwa-Teemane,2021,0400,VAT (output less input),3529768.0
NW396,Lekwa-Teemane,2021,0500,Pensions / Retirement deductions,0.0
NW396,Lekwa-Teemane,2021,0600,Loan repayments,0.0
NW396,Lekwa-Teemane,2021,0700,Trade Creditors,9545737.0
NW396,Lekwa-Teemane,2021,0800,Auditor General,2127011.0
NW396,Lekwa-Teemane,2021,0900,Other,408053037.0
NW396,Lekwa-Teemane,2021,1000,Total,488174265.0
NW403,City of Matlosana,2021,0100,Bulk Electricity,852036229.0
NW403,City of Matlosana,2021,0200,Bulk Water,800597679.0
NW403,City of Matlosana,2021,0300,PAYE deductions,0.0
NW403,City of Matlosana,2021,0400,VAT (output less input),0.0
NW403,City of Matlosana,2021,0500,Pensions / Retirement deductions,0.0
NW403,City of Matlosana,2021,0600,Loan repayments,0.0
NW403,City of Matlosana,2021,0700,Trade Creditors,146604231.0
NW403,City of Matlosana,2021,0800,Auditor General,5823956.0
NW403,City of Matlosana,2021,0900,Other,0.0
NW403,City of Matlosana,2021,1000,Total,1805062095.0
NW404,Maquassi Hills,2021,0100,Bulk Electricity,25125593.0
NW404,Maquassi Hills,2021,0200,Bulk Water,230294597.0
NW404,Maquassi Hills,2021,0300,PAYE deductions,0.0
NW404,Maquassi Hills,2021,0400,VAT (output less input),0.0
NW404,Maquassi Hills,2021,0500,Pensions / Retirement deductions,0.0
NW404,Maquassi Hills,2021,0600,Loan repayments,0.0
NW404,Maquassi Hills,2021,0700,Trade Creditors,5896167.0
NW404,Maquassi Hills,2021,0800,Auditor General,83299.0
NW404,Maquassi Hills,2021,0900,Other,938099.0
NW404,Maquassi Hills,2021,1000,Total,262337755.0
NW405,J B Marks,2021,0100,Bulk Electricity,0.0
NW405,J B Marks,2021,0200,Bulk Water,0.0
NW405,J B Marks,2021,0300,PAYE deductions,0.0
NW405,J B Marks,2021,0400,VAT (output less input),0.0
NW405,J B Marks,2021,0500,Pensions / Retirement deductions,0.0
NW405,J B Marks,2021,0600,Loan repayments,0.0
NW405,J B Marks,2021,0700,Trade Creditors,86489829.0
NW405,J B Marks,2021,0800,Auditor General,0.0
NW405,J B Marks,2021,0900,Other,9558157.0
NW405,J B Marks,2021,1000,Total,96047986.0
WC011,Matzikama,2021,0100,Bulk Electricity,48864775.0
WC011,Matzikama,2021,0200,Bulk Water,956490.0
WC011,Matzikama,2021,0300,PAYE deductions,0.0
WC011,Matzikama,2021,0400,VAT (output less input),0.0
WC011,Matzikama,2021,0500,Pensions / Retirement deductions,0.0
WC011,Matzikama,2021,0600,Loan repayments,1336446.0
WC011,Matzikama,2021,0700,Trade Creditors,15807558.0
WC011,Matzikama,2021,0800,Auditor General,293267.0
WC011,Matzikama,2021,0900,Other,5031747.0
WC011,Matzikama,2021,1000,Total,72290283.0
WC012,Cederberg,2021,0100,Bulk Electricity,45342122.0
WC012,Cederberg,2021,0200,Bulk Water,0.0
WC012,Cederberg,2021,0300,PAYE deductions,0.0
WC012,Cederberg,2021,0400,VAT (output less input),0.0
WC012,Cederberg,2021,0500,Pensions / Retirement deductions,0.0
WC012,Cederberg,2021,0600,Loan repayments,0.0
WC012,Cederberg,2021,0700,Trade Creditors,0.0
WC012,Cederberg,2021,0800,Auditor General,0.0
WC012,Cederberg,2021,0900,Other,0.0
WC012,Cederberg,2021,1000,Total,45342122.0
WC013,Bergrivier,2021,0100,Bulk Electricity,0.0
WC013,Bergrivier,2021,0200,Bulk Water,0.0
WC013,Bergrivier,2021,0300,PAYE deductions,0.0
WC013,Bergrivier,2021,0400,VAT (output less input),0.0
WC013,Bergrivier,2021,0500,Pensions / Retirement deductions,0.0
WC013,Bergrivier,2021,0600,Loan repayments,0.0
WC013,Bergrivier,2021,0700,Trade Creditors,0.0
WC013,Bergrivier,2021,0800,Auditor General,0.0
WC013,Bergrivier,2021,0900,Other,0.0
WC013,Bergrivier,2021,1000,Total,0.0
WC014,Saldanha Bay,2021,0100,Bulk Electricity,0.0
WC014,Saldanha Bay,2021,0200,Bulk Water,0.0
WC014,Saldanha Bay,2021,0300,PAYE deductions,0.0
WC014,Saldanha Bay,2021,0400,VAT (output less input),0.0
WC014,Saldanha Bay,2021,0500,Pensions / Retirement deductions,0.0
WC014,Saldanha Bay,2021,0600,Loan repayments,0.0
WC014,Saldanha Bay,2021,0700,Trade Creditors,14327210.0
WC014,Saldanha Bay,2021,0800,Auditor General,0.0
WC014,Saldanha Bay,2021,0900,Other,0.0
WC014,Saldanha Bay,2021,1000,Total,14327210.0
WC015,Swartland,2021,0100,Bulk Electricity,0.0
WC015,Swartland,2021,0200,Bulk Water,0.0
WC015,Swartland,2021,0300,PAYE deductions,0.0
WC015,Swartland,2021,0400,VAT (output less input),0.0
WC015,Swartland,2021,0500,Pensions / Retirement deductions,0.0
WC015,Swartland,2021,0600,Loan repayments,0.0
WC015,Swartland,2021,0700,Trade Creditors,66916472.0
WC015,Swartland,2021,0800,Auditor General,0.0
WC015,Swartland,2021,0900,Other,0.0
WC015,Swartland,2021,1000,Total,66916472.0
WC022,Witzenberg,2021,0100,Bulk Electricity,0.0
WC022,Witzenberg,2021,0200,Bulk Water,0.0
WC022,Witzenberg,2021,0300,PAYE deductions,0.0
WC022,Witzenberg,2021,0400,VAT (output less input),0.0
WC022,Witzenberg,2021,0500,Pensions / Retirement deductions,0.0
WC022,Witzenberg,2021,0600,Loan repayments,0.0
WC022,Witzenberg,2021,0700,Trade Creditors,6831713.0
WC022,Witzenberg,2021,0800,Auditor General,0.0
WC022,Witzenberg,2021,0900,Other,0.0
WC022,Witzenberg,2021,1000,Total,6831713.0
WC023,Drakenstein,2021,0100,Bulk Electricity,95000000.0
WC023,Drakenstein,2021,0200,Bulk Water,0.0
WC023,Drakenstein,2021,0300,PAYE deductions,0.0
WC023,Drakenstein,2021,0400,VAT (output less input),0.0
WC023,Drakenstein,2021,0500,Pensions / Retirement deductions,0.0
WC023,Drakenstein,2021,0600,Loan repayments,0.0
WC023,Drakenstein,2021,0700,Trade Creditors,83102145.0
WC023,Drakenstein,2021,0800,Auditor General,0.0
WC023,Drakenstein,2021,0900,Other,0.0
WC023,Drakenstein,2021,1000,Total,178102145.0
WC024,Stellenbosch,2021,0100,Bulk Electricity,58201575.0
WC024,Stellenbosch,2021,0200,Bulk Water,5405757.0
WC024,Stellenbosch,2021,0300,PAYE deductions,0.0
WC024,Stellenbosch,2021,0400,VAT (output less input),0.0
WC024,Stellenbosch,2021,0500,Pensions / Retirement deductions,2547205.0
WC024,Stellenbosch,2021,0600,Loan repayments,0.0
WC024,Stellenbosch,2021,0700,Trade Creditors,138909979.0
WC024,Stellenbosch,2021,0800,Auditor General,0.0
WC024,Stellenbosch,2021,0900,Other,86699996.0
WC024,Stellenbosch,2021,1000,Total,291764512.0
WC025,Breede Valley,2021,0100,Bulk Electricity,0.0
WC025,Breede Valley,2021,0200,Bulk Water,0.0
WC025,Breede Valley,2021,0300,PAYE deductions,0.0
WC025,Breede Valley,2021,0400,VAT (output less input),0.0
WC025,Breede Valley,2021,0500,Pensions / Retirement deductions,0.0
WC025,Breede Valley,2021,0600,Loan repayments,1.0
WC025,Breede Valley,2021,0700,Trade Creditors,0.0
WC025,Breede Valley,2021,0800,Auditor General,0.0
WC025,Breede Valley,2021,0900,Other,0.0
WC025,Breede Valley,2021,1000,Total,1.0
WC026,Langeberg,2021,0100,Bulk Electricity,44475354.0
WC026,Langeberg,2021,0200,Bulk Water,679189.0
WC026,Langeberg,2021,0300,PAYE deductions,0.0
WC026,Langeberg,2021,0400,VAT (output less input),61133160.0
WC026,Langeberg,2021,0500,Pensions / Retirement deductions,0.0
WC026,Langeberg,2021,0600,Loan repayments,0.0
WC026,Langeberg,2021,0700,Trade Creditors,5336510.0
WC026,Langeberg,2021,0800,Auditor General,0.0
WC026,Langeberg,2021,0900,Other,0.0
WC026,Langeberg,2021,1000,Total,111624213.0
WC031,Theewaterskloof,2021,0100,Bulk Electricity,10547012.0
WC031,Theewaterskloof,2021,0200,Bulk Water,0.0
WC031,Theewaterskloof,2021,0300,PAYE deductions,0.0
WC031,Theewaterskloof,2021,0400,VAT (output less input),0.0
WC031,Theewaterskloof,2021,0500,Pensions / Retirement deductions,0.0
WC031,Theewaterskloof,2021,0600,Loan repayments,0.0
WC031,Theewaterskloof,2021,0700,Trade Creditors,37981599.0
WC031,Theewaterskloof,2021,0800,Auditor General,0.0
WC031,Theewaterskloof,2021,0900,Other,0.0
WC031,Theewaterskloof,2021,1000,Total,48528611.0
WC033,Cape Agulhas,2021,0100,Bulk Electricity,0.0
WC033,Cape Agulhas,2021,0200,Bulk Water,0.0
WC033,Cape Agulhas,2021,0300,PAYE deductions,0.0
WC033,Cape Agulhas,2021,0400,VAT (output less input),0.0
WC033,Cape Agulhas,2021,0500,Pensions / Retirement deductions,0.0
WC033,Cape Agulhas,2021,0600,Loan repayments,0.0
WC033,Cape Agulhas,2021,0700,Trade Creditors,0.0
WC033,Cape Agulhas,2021,0800,Auditor General,0.0
WC033,Cape Agulhas,2021,0900,Other,0.0
WC033,Cape Agulhas,2021,1000,Total,0.0
WC034,Swellendam,2021,0100,Bulk Electricity,0.0
WC034,Swellendam,2021,0200,Bulk Water,0.0
WC034,Swellendam,2021,0300,PAYE deductions,0.0
WC034,Swellendam,2021,0400,VAT (output less input),0.0
WC034,Swellendam,2021,0500,Pensions / Retirement deductions,0.0
WC034,Swellendam,2021,0600,Loan repayments,0.0
WC034,Swellendam,2021,0700,Trade Creditors,0.0
WC034,Swellendam,2021,0800,Auditor General,0.0
WC034,Swellendam,2021,0900,Other,0.0
WC034,Swellendam,2021,1000,Total,0.0
WC041,Kannaland,2021,0100,Bulk Electricity,26569013.0
WC041,Kannaland,2021,0200,Bulk Water,30370.0
WC041,Kannaland,2021,0300,PAYE deductions,0.0
WC041,Kannaland,2021,0400,VAT (output less input),0.0
WC041,Kannaland,2021,0500,Pensions / Retirement deductions,0.0
WC041,Kannaland,2021,0600,Loan repayments,60000.0
WC041,Kannaland,2021,0700,Trade Creditors,9911836.0
WC041,Kannaland,2021,0800,Auditor General,6448788.0
WC041,Kannaland,2021,0900,Other,7766393.0
WC041,Kannaland,2021,1000,Total,50786400.0
WC042,Hessequa,2021,0100,Bulk Electricity,0.0
WC042,Hessequa,2021,0200,Bulk Water,0.0
WC042,Hessequa,2021,0300,PAYE deductions,0.0
WC042,Hessequa,2021,0400,VAT (output less input),0.0
WC042,Hessequa,2021,0500,Pensions / Retirement deductions,0.0
WC042,Hessequa,2021,0600,Loan repayments,0.0
WC042,Hessequa,2021,0700,Trade Creditors,36727606.0
WC042,Hessequa,2021,0800,Auditor General,0.0
WC042,Hessequa,2021,0900,Other,20611464.0
WC042,Hessequa,2021,1000,Total,57339070.0
WC043,Mossel Bay,2021,0100,Bulk Electricity,31058511.0
WC043,Mossel Bay,2021,0200,Bulk Water,0.0
WC043,Mossel Bay,2021,0300,PAYE deductions,0.0
WC043,Mossel Bay,2021,0400,VAT (output less input),1709869.0
WC043,Mossel Bay,2021,0500,Pensions / Retirement deductions,0.0
WC043,Mossel Bay,2021,0600,Loan repayments,0.0
WC043,Mossel Bay,2021,0700,Trade Creditors,53127753.0
WC043,Mossel Bay,2021,0800,Auditor General,0.0
WC043,Mossel Bay,2021,0900,Other,0.0
WC043,Mossel Bay,2021,1000,Total,85896133.0
WC044,George,2021,0100,Bulk Electricity,68860900.0
WC044,George,2021,0200,Bulk Water,0.0
WC044,George,2021,0300,PAYE deductions,0.0
WC044,George,2021,0400,VAT (output less input),0.0
WC044,George,2021,0500,Pensions / Retirement deductions,0.0
WC044,George,2021,0600,Loan repayments,0.0
WC044,George,2021,0700,Trade Creditors,52030395.0
WC044,George,2021,0800,Auditor General,26288.0
WC044,George,2021,0900,Other,0.0
WC044,George,2021,1000,Total,120917583.0
WC045,Oudtshoorn,2021,0100,Bulk Electricity,21994677.0
WC045,Oudtshoorn,2021,0200,Bulk Water,0.0
WC045,Oudtshoorn,2021,0300,PAYE deductions,0.0
WC045,Oudtshoorn,2021,0400,VAT (output less input),0.0
WC045,Oudtshoorn,2021,0500,Pensions / Retirement deductions,0.0
WC045,Oudtshoorn,2021,0600,Loan repayments,0.0
WC045,Oudtshoorn,2021,0700,Trade Creditors,11646158.0
WC045,Oudtshoorn,2021,0800,Auditor General,0.0
WC045,Oudtshoorn,2021,0900,Other,0.0
WC045,Oudtshoorn,2021,1000,Total,33640835.0
WC048,Knysna,2021,0100,Bulk Electricity,17513937.0
WC048,Knysna,2021,0200,Bulk Water,0.0
WC048,Knysna,2021,0300,PAYE deductions,0.0
WC048,Knysna,2021,0400,VAT (output less input),0.0
WC048,Knysna,2021,0500,Pensions / Retirement deductions,0.0
WC048,Knysna,2021,0600,Loan repayments,0.0
WC048,Knysna,2021,0700,Trade Creditors,25837898.0
WC048,Knysna,2021,0800,Auditor General,0.0
WC048,Knysna,2021,0900,Other,0.0
WC048,Knysna,2021,1000,Total,43351835.0
WC052,Prince Albert,2021,0100,Bulk Electricity,0.0
WC052,Prince Albert,2021,0200,Bulk Water,0.0
WC052,Prince Albert,2021,0300,PAYE deductions,0.0
WC052,Prince Albert,2021,0400,VAT (output less input),0.0
WC052,Prince Albert,2021,0500,Pensions / Retirement deductions,0.0
WC052,Prince Albert,2021,0600,Loan repayments,0.0
WC052,Prince Albert,2021,0700,Trade Creditors,0.0
WC052,Prince Albert,2021,0800,Auditor General,0.0
WC052,Prince Albert,2021,0900,Other,0.0
WC052,Prince Albert,2021,1000,Total,0.0
WC053,Beaufort West,2021,0100,Bulk Electricity,61605616.0
WC053,Beaufort West,2021,0200,Bulk Water,4026479.0
WC053,Beaufort West,2021,0300,PAYE deductions,0.0
WC053,Beaufort West,2021,0400,VAT (output less input),0.0
WC053,Beaufort West,2021,0500,Pensions / Retirement deductions,0.0
WC053,Beaufort West,2021,0600,Loan repayments,0.0
WC053,Beaufort West,2021,0700,Trade Creditors,18311279.0
WC053,Beaufort West,2021,0800,Auditor General,8738798.0
WC053,Beaufort West,2021,0900,Other,3528.0
WC053,Beaufort West,2021,1000,Total,92685700.0
BUF,Buffalo City,2022,0100,Bulk Electricity,278695725.0
BUF,Buffalo City,2022,0200,Bulk Water,22537857.0
BUF,Buffalo City,2022,0300,PAYE deductions,32159168.0
BUF,Buffalo City,2022,0400,VAT (output less input),146507159.0
BUF,Buffalo City,2022,0500,Pensions / Retirement deductions,38828743.0
BUF,Buffalo City,2022,0600,Loan repayments,0.0
BUF,Buffalo City,2022,0700,Trade Creditors,697796061.0
BUF,Buffalo City,2022,0800,Auditor General,697599.0
BUF,Buffalo City,2022,0900,Other,129382706.0
BUF,Buffalo City,2022,1000,Total,1346605018.0
CPT,Cape Town,2022,0100,Bulk Electricity,0.0
CPT,Cape Town,2022,0200,Bulk Water,0.0
CPT,Cape Town,2022,0300,PAYE deductions,0.0
CPT,Cape Town,2022,0400,VAT (output less input),0.0
CPT,Cape Town,2022,0500,Pensions / Retirement deductions,0.0
CPT,Cape Town,2022,0600,Loan repayments,0.0
CPT,Cape Town,2022,0700,Trade Creditors,-2638280.0
CPT,Cape Town,2022,0800,Auditor General,0.0
CPT,Cape Town,2022,0900,Other,-10999646.0
CPT,Cape Town,2022,1000,Total,-13637926.0
DC1,West Coast,2022,0100,Bulk Electricity,0.0
DC1,West Coast,2022,0200,Bulk Water,0.0
DC1,West Coast,2022,0300,PAYE deductions,0.0
DC1,West Coast,2022,0400,VAT (output less input),0.0
DC1,West Coast,2022,0500,Pensions / Retirement deductions,0.0
DC1,West Coast,2022,0600,Loan repayments,0.0
DC1,West Coast,2022,0700,Trade Creditors,18626691.0
DC1,West Coast,2022,0800,Auditor General,0.0
DC1,West Coast,2022,0900,Other,0.0
DC1,West Coast,2022,1000,Total,18626691.0
DC10,Sarah Baartman,2022,0100,Bulk Electricity,0.0
DC10,Sarah Baartman,2022,0200,Bulk Water,0.0
DC10,Sarah Baartman,2022,0300,PAYE deductions,0.0
DC10,Sarah Baartman,2022,0400,VAT (output less input),0.0
DC10,Sarah Baartman,2022,0500,Pensions / Retirement deductions,0.0
DC10,Sarah Baartman,2022,0600,Loan repayments,0.0
DC10,Sarah Baartman,2022,0700,Trade Creditors,4202235.0
DC10,Sarah Baartman,2022,0800,Auditor General,0.0
DC10,Sarah Baartman,2022,0900,Other,0.0
DC10,Sarah Baartman,2022,1000,Total,4202235.0
DC12,Amathole,2022,0100,Bulk Electricity,0.0
DC12,Amathole,2022,0200,Bulk Water,206615725.0
DC12,Amathole,2022,0300,PAYE deductions,8913767.0
DC12,Amathole,2022,0400,VAT (output less input),5564.0
DC12,Amathole,2022,0500,Pensions / Retirement deductions,237296.0
DC12,Amathole,2022,0600,Loan repayments,0.0
DC12,Amathole,2022,0700,Trade Creditors,75934675.0
DC12,Amathole,2022,0800,Auditor General,560826.0
DC12,Amathole,2022,0900,Other,0.0
DC12,Amathole,2022,1000,Total,292267853.0
DC13,Chris Hani,2022,0100,Bulk Electricity,0.0
DC13,Chris Hani,2022,0200,Bulk Water,0.0
DC13,Chris Hani,2022,0300,PAYE deductions,0.0
DC13,Chris Hani,2022,0400,VAT (output less input),0.0
DC13,Chris Hani,2022,0500,Pensions / Retirement deductions,0.0
DC13,Chris Hani,2022,0600,Loan repayments,0.0
DC13,Chris Hani,2022,0700,Trade Creditors,23501689.0
DC13,Chris Hani,2022,0800,Auditor General,0.0
DC13,Chris Hani,2022,0900,Other,0.0
DC13,Chris Hani,2022,1000,Total,23501689.0
DC15,O R Tambo,2022,0100,Bulk Electricity,0.0
DC15,O R Tambo,2022,0200,Bulk Water,88416591.0
DC15,O R Tambo,2022,0300,PAYE deductions,0.0
DC15,O R Tambo,2022,0400,VAT (output less input),0.0
DC15,O R Tambo,2022,0500,Pensions / Retirement deductions,0.0
DC15,O R Tambo,2022,0600,Loan repayments,0.0
DC15,O R Tambo,2022,0700,Trade Creditors,300336796.0
DC15,O R Tambo,2022,0800,Auditor General,1506186.0
DC15,O R Tambo,2022,0900,Other,99506584.0
DC15,O R Tambo,2022,1000,Total,489766157.0
DC16,Xhariep,2022,0100,Bulk Electricity,0.0
DC16,Xhariep,2022,0200,Bulk Water,0.0
DC16,Xhariep,2022,0300,PAYE deductions,0.0
DC16,Xhariep,2022,0400,VAT (output less input),0.0
DC16,Xhariep,2022,0500,Pensions / Retirement deductions,0.0
DC16,Xhariep,2022,0600,Loan repayments,0.0
DC16,Xhariep,2022,0700,Trade Creditors,0.0
DC16,Xhariep,2022,0800,Auditor General,0.0
DC16,Xhariep,2022,0900,Other,11827511.0
DC16,Xhariep,2022,1000,Total,11827511.0
DC18,Lejweleputswa,2022,0100,Bulk Electricity,0.0
DC18,Lejweleputswa,2022,0200,Bulk Water,0.0
DC18,Lejweleputswa,2022,0300,PAYE deductions,0.0
DC18,Lejweleputswa,2022,0400,VAT (output less input),0.0
DC18,Lejweleputswa,2022,0500,Pensions / Retirement deductions,0.0
DC18,Lejweleputswa,2022,0600,Loan repayments,0.0
DC18,Lejweleputswa,2022,0700,Trade Creditors,4522757.0
DC18,Lejweleputswa,2022,0800,Auditor General,0.0
DC18,Lejweleputswa,2022,0900,Other,0.0
DC18,Lejweleputswa,2022,1000,Total,4522757.0
DC19,Thabo Mofutsanyana,2022,0100,Bulk Electricity,0.0
DC19,Thabo Mofutsanyana,2022,0200,Bulk Water,0.0
DC19,Thabo Mofutsanyana,2022,0300,PAYE deductions,0.0
DC19,Thabo Mofutsanyana,2022,0400,VAT (output less input),0.0
DC19,Thabo Mofutsanyana,2022,0500,Pensions / Retirement deductions,0.0
DC19,Thabo Mofutsanyana,2022,0600,Loan repayments,0.0
DC19,Thabo Mofutsanyana,2022,0700,Trade Creditors,0.0
DC19,Thabo Mofutsanyana,2022,0800,Auditor General,0.0
DC19,Thabo Mofutsanyana,2022,0900,Other,14468324.0
DC19,Thabo Mofutsanyana,2022,1000,Total,14468324.0
DC2,Cape Winelands DM,2022,0100,Bulk Electricity,0.0
DC2,Cape Winelands DM,2022,0200,Bulk Water,0.0
DC2,Cape Winelands DM,2022,0300,PAYE deductions,0.0
DC2,Cape Winelands DM,2022,0400,VAT (output less input),0.0
DC2,Cape Winelands DM,2022,0500,Pensions / Retirement deductions,0.0
DC2,Cape Winelands DM,2022,0600,Loan repayments,0.0
DC2,Cape Winelands DM,2022,0700,Trade Creditors,4912892.0
DC2,Cape Winelands DM,2022,0800,Auditor General,0.0
DC2,Cape Winelands DM,2022,0900,Other,5776226.0
DC2,Cape Winelands DM,2022,1000,Total,10689118.0
DC20,Fezile Dabi,2022,0100,Bulk Electricity,0.0
DC20,Fezile Dabi,2022,0200,Bulk Water,0.0
DC20,Fezile Dabi,2022,0300,PAYE deductions,0.0
DC20,Fezile Dabi,2022,0400,VAT (output less input),0.0
DC20,Fezile Dabi,2022,0500,Pensions / Retirement deductions,0.0
DC20,Fezile Dabi,2022,0600,Loan repayments,0.0
DC20,Fezile Dabi,2022,0700,Trade Creditors,-3086962.0
DC20,Fezile Dabi,2022,0800,Auditor General,0.0
DC20,Fezile Dabi,2022,0900,Other,0.0
DC20,Fezile Dabi,2022,1000,Total,-3086962.0
DC21,Ugu,2022,0100,Bulk Electricity,0.0
DC21,Ugu,2022,0200,Bulk Water,276750581.0
DC21,Ugu,2022,0300,PAYE deductions,0.0
DC21,Ugu,2022,0400,VAT (output less input),0.0
DC21,Ugu,2022,0500,Pensions / Retirement deductions,0.0
DC21,Ugu,2022,0600,Loan repayments,1363750.0
DC21,Ugu,2022,0700,Trade Creditors,214850158.0
DC21,Ugu,2022,0800,Auditor General,2190161.0
DC21,Ugu,2022,0900,Other,0.0
DC21,Ugu,2022,1000,Total,495154650.0
DC22,uMgungundlovu,2022,0100,Bulk Electricity,0.0
DC22,uMgungundlovu,2022,0200,Bulk Water,-16413024.0
DC22,uMgungundlovu,2022,0300,PAYE deductions,0.0
DC22,uMgungundlovu,2022,0400,VAT (output less input),0.0
DC22,uMgungundlovu,2022,0500,Pensions / Retirement deductions,0.0
DC22,uMgungundlovu,2022,0600,Loan repayments,0.0
DC22,uMgungundlovu,2022,0700,Trade Creditors,10999839.0
DC22,uMgungundlovu,2022,0800,Auditor General,0.0
DC22,uMgungundlovu,2022,0900,Other,6799841.0
DC22,uMgungundlovu,2022,1000,Total,1386656.0
DC23,Uthukela,2022,0100,Bulk Electricity,0.0
DC23,Uthukela,2022,0200,Bulk Water,0.0
DC23,Uthukela,2022,0300,PAYE deductions,0.0
DC23,Uthukela,2022,0400,VAT (output less input),0.0
DC23,Uthukela,2022,0500,Pensions / Retirement deductions,0.0
DC23,Uthukela,2022,0600,Loan repayments,0.0
DC23,Uthukela,2022,0700,Trade Creditors,30631770.0
DC23,Uthukela,2022,0800,Auditor General,0.0
DC23,Uthukela,2022,0900,Other,0.0
DC23,Uthukela,2022,1000,Total,30631770.0
DC24,Umzinyathi,2022,0100,Bulk Electricity,119706.0
DC24,Umzinyathi,2022,0200,Bulk Water,0.0
DC24,Umzinyathi,2022,0300,PAYE deductions,0.0
DC24,Umzinyathi,2022,0400,VAT (output less input),0.0
DC24,Umzinyathi,2022,0500,Pensions / Retirement deductions,0.0
DC24,Umzinyathi,2022,0600,Loan repayments,0.0
DC24,Umzinyathi,2022,0700,Trade Creditors,22419489.0
DC24,Umzinyathi,2022,0800,Auditor General,0.0
DC24,Umzinyathi,2022,0900,Other,267980095.0
DC24,Umzinyathi,2022,1000,Total,290519290.0
DC25,Amajuba,2022,0100,Bulk Electricity,0.0
DC25,Amajuba,2022,0200,Bulk Water,31887164.0
DC25,Amajuba,2022,0300,PAYE deductions,0.0
DC25,Amajuba,2022,0400,VAT (output less input),0.0
DC25,Amajuba,2022,0500,Pensions / Retirement deductions,0.0
DC25,Amajuba,2022,0600,Loan repayments,0.0
DC25,Amajuba,2022,0700,Trade Creditors,19057482.0
DC25,Amajuba,2022,0800,Auditor General,236268.0
DC25,Amajuba,2022,0900,Other,15030928.0
DC25,Amajuba,2022,1000,Total,66211842.0
DC26,Zululand,2022,0100,Bulk Electricity,0.0
DC26,Zululand,2022,0200,Bulk Water,0.0
DC26,Zululand,2022,0300,PAYE deductions,0.0
DC26,Zululand,2022,0400,VAT (output less input),0.0
DC26,Zululand,2022,0500,Pensions / Retirement deductions,0.0
DC26,Zululand,2022,0600,Loan repayments,0.0
DC26,Zululand,2022,0700,Trade Creditors,145951518.0
DC26,Zululand,2022,0800,Auditor General,0.0
DC26,Zululand,2022,0900,Other,0.0
DC26,Zululand,2022,1000,Total,145951518.0
DC28,King Cetshwayo,2022,0100,Bulk Electricity,0.0
DC28,King Cetshwayo,2022,0200,Bulk Water,0.0
DC28,King Cetshwayo,2022,0300,PAYE deductions,0.0
DC28,King Cetshwayo,2022,0400,VAT (output less input),0.0
DC28,King Cetshwayo,2022,0500,Pensions / Retirement deductions,0.0
DC28,King Cetshwayo,2022,0600,Loan repayments,0.0
DC28,King Cetshwayo,2022,0700,Trade Creditors,298959673.0
DC28,King Cetshwayo,2022,0800,Auditor General,0.0
DC28,King Cetshwayo,2022,0900,Other,85737179.0
DC28,King Cetshwayo,2022,1000,Total,384696852.0
DC29,iLembe,2022,0100,Bulk Electricity,0.0
DC29,iLembe,2022,0200,Bulk Water,0.0
DC29,iLembe,2022,0300,PAYE deductions,0.0
DC29,iLembe,2022,0400,VAT (output less input),0.0
DC29,iLembe,2022,0500,Pensions / Retirement deductions,0.0
DC29,iLembe,2022,0600,Loan repayments,0.0
DC29,iLembe,2022,0700,Trade Creditors,1611650.0
DC29,iLembe,2022,0800,Auditor General,0.0
DC29,iLembe,2022,0900,Other,0.0
DC29,iLembe,2022,1000,Total,1611650.0
DC3,Overberg,2022,0100,Bulk Electricity,0.0
DC3,Overberg,2022,0200,Bulk Water,0.0
DC3,Overberg,2022,0300,PAYE deductions,0.0
DC3,Overberg,2022,0400,VAT (output less input),-94797.0
DC3,Overberg,2022,0500,Pensions / Retirement deductions,0.0
DC3,Overberg,2022,0600,Loan repayments,0.0
DC3,Overberg,2022,0700,Trade Creditors,54695.0
DC3,Overberg,2022,0800,Auditor General,0.0
DC3,Overberg,2022,0900,Other,825.0
DC3,Overberg,2022,1000,Total,-39277.0
DC30,Gert Sibande,2022,0100,Bulk Electricity,0.0
DC30,Gert Sibande,2022,0200,Bulk Water,0.0
DC30,Gert Sibande,2022,0300,PAYE deductions,0.0
DC30,Gert Sibande,2022,0400,VAT (output less input),0.0
DC30,Gert Sibande,2022,0500,Pensions / Retirement deductions,149588.0
DC30,Gert Sibande,2022,0600,Loan repayments,0.0
DC30,Gert Sibande,2022,0700,Trade Creditors,-95945.0
DC30,Gert Sibande,2022,0800,Auditor General,0.0
DC30,Gert Sibande,2022,0900,Other,0.0
DC30,Gert Sibande,2022,1000,Total,53643.0
DC31,Nkangala,2022,0100,Bulk Electricity,0.0
DC31,Nkangala,2022,0200,Bulk Water,0.0
DC31,Nkangala,2022,0300,PAYE deductions,0.0
DC31,Nkangala,2022,0400,VAT (output less input),0.0
DC31,Nkangala,2022,0500,Pensions / Retirement deductions,0.0
DC31,Nkangala,2022,0600,Loan repayments,0.0
DC31,Nkangala,2022,0700,Trade Creditors,0.0
DC31,Nkangala,2022,0800,Auditor General,0.0
DC31,Nkangala,2022,0900,Other,0.0
DC31,Nkangala,2022,1000,Total,0.0
DC32,Ehlanzeni,2022,0100,Bulk Electricity,0.0
DC32,Ehlanzeni,2022,0200,Bulk Water,0.0
DC32,Ehlanzeni,2022,0300,PAYE deductions,0.0
DC32,Ehlanzeni,2022,0400,VAT (output less input),0.0
DC32,Ehlanzeni,2022,0500,Pensions / Retirement deductions,0.0
DC32,Ehlanzeni,2022,0600,Loan repayments,0.0
DC32,Ehlanzeni,2022,0700,Trade Creditors,0.0
DC32,Ehlanzeni,2022,0800,Auditor General,0.0
DC32,Ehlanzeni,2022,0900,Other,62103782.0
DC32,Ehlanzeni,2022,1000,Total,62103782.0
DC34,Vhembe,2022,0100,Bulk Electricity,12250.0
DC34,Vhembe,2022,0200,Bulk Water,0.0
DC34,Vhembe,2022,0300,PAYE deductions,0.0
DC34,Vhembe,2022,0400,VAT (output less input),0.0
DC34,Vhembe,2022,0500,Pensions / Retirement deductions,1379213.0
DC34,Vhembe,2022,0600,Loan repayments,0.0
DC34,Vhembe,2022,0700,Trade Creditors,113275078.0
DC34,Vhembe,2022,0800,Auditor General,0.0
DC34,Vhembe,2022,0900,Other,0.0
DC34,Vhembe,2022,1000,Total,114666541.0
DC35,Capricorn,2022,0100,Bulk Electricity,0.0
DC35,Capricorn,2022,0200,Bulk Water,0.0
DC35,Capricorn,2022,0300,PAYE deductions,0.0
DC35,Capricorn,2022,0400,VAT (output less input),0.0
DC35,Capricorn,2022,0500,Pensions / Retirement deductions,0.0
DC35,Capricorn,2022,0600,Loan repayments,0.0
DC35,Capricorn,2022,0700,Trade Creditors,4342605.0
DC35,Capricorn,2022,0800,Auditor General,0.0
DC35,Capricorn,2022,0900,Other,205530.0
DC35,Capricorn,2022,1000,Total,4548135.0
DC36,Waterberg,2022,0100,Bulk Electricity,0.0
DC36,Waterberg,2022,0200,Bulk Water,0.0
DC36,Waterberg,2022,0300,PAYE deductions,0.0
DC36,Waterberg,2022,0400,VAT (output less input),0.0
DC36,Waterberg,2022,0500,Pensions / Retirement deductions,0.0
DC36,Waterberg,2022,0600,Loan repayments,0.0
DC36,Waterberg,2022,0700,Trade Creditors,-1000.0
DC36,Waterberg,2022,0800,Auditor General,0.0
DC36,Waterberg,2022,0900,Other,0.0
DC36,Waterberg,2022,1000,Total,-1000.0
DC38,Ngaka Modiri Molema,2022,0100,Bulk Electricity,0.0
DC38,Ngaka Modiri Molema,2022,0200,Bulk Water,0.0
DC38,Ngaka Modiri Molema,2022,0300,PAYE deductions,0.0
DC38,Ngaka Modiri Molema,2022,0400,VAT (output less input),0.0
DC38,Ngaka Modiri Molema,2022,0500,Pensions / Retirement deductions,0.0
DC38,Ngaka Modiri Molema,2022,0600,Loan repayments,0.0
DC38,Ngaka Modiri Molema,2022,0700,Trade Creditors,69731853.0
DC38,Ngaka Modiri Molema,2022,0800,Auditor General,0.0
DC38,Ngaka Modiri Molema,2022,0900,Other,46087309.0
DC38,Ngaka Modiri Molema,2022,1000,Total,115819162.0
DC39,Dr Ruth Segomotsi Mompati,2022,0100,Bulk Electricity,0.0
DC39,Dr Ruth Segomotsi Mompati,2022,0200,Bulk Water,669882220.0
DC39,Dr Ruth Segomotsi Mompati,2022,0300,PAYE deductions,0.0
DC39,Dr Ruth Segomotsi Mompati,2022,0400,VAT (output less input),0.0
DC39,Dr Ruth Segomotsi Mompati,2022,0500,Pensions / Retirement deductions,0.0
DC39,Dr Ruth Segomotsi Mompati,2022,0600,Loan repayments,0.0
DC39,Dr Ruth Segomotsi Mompati,2022,0700,Trade Creditors,0.0
DC39,Dr Ruth Segomotsi Mompati,2022,0800,Auditor General,7505.0
DC39,Dr Ruth Segomotsi Mompati,2022,0900,Other,118661985.0
DC39,Dr Ruth Segomotsi Mompati,2022,1000,Total,788551710.0
DC40,Dr Kenneth Kaunda,2022,0100,Bulk Electricity,0.0
DC40,Dr Kenneth Kaunda,2022,0200,Bulk Water,0.0
DC40,Dr Kenneth Kaunda,2022,0300,PAYE deductions,0.0
DC40,Dr Kenneth Kaunda,2022,0400,VAT (output less input),0.0
DC40,Dr Kenneth Kaunda,2022,0500,Pensions / Retirement deductions,0.0
DC40,Dr Kenneth Kaunda,2022,0600,Loan repayments,0.0
DC40,Dr Kenneth Kaunda,2022,0700,Trade Creditors,0.0
DC40,Dr Kenneth Kaunda,2022,0800,Auditor General,0.0
DC40,Dr Kenneth Kaunda,2022,0900,Other,0.0
DC40,Dr Kenneth Kaunda,2022,1000,Total,0.0
DC42,Sedibeng,2022,0100,Bulk Electricity,0.0
DC42,Sedibeng,2022,0200,Bulk Water,0.0
DC42,Sedibeng,2022,0300,PAYE deductions,0.0
DC42,Sedibeng,2022,0400,VAT (output less input),395411.0
DC42,Sedibeng,2022,0500,Pensions / Retirement deductions,0.0
DC42,Sedibeng,2022,0600,Loan repayments,0.0
DC42,Sedibeng,2022,0700,Trade Creditors,0.0
DC42,Sedibeng,2022,0800,Auditor General,0.0
DC42,Sedibeng,2022,0900,Other,212661772.0
DC42,Sedibeng,2022,1000,Total,213057183.0
DC43,Harry Gwala,2022,0100,Bulk Electricity,0.0
DC43,Harry Gwala,2022,0200,Bulk Water,4859389.0
DC43,Harry Gwala,2022,0300,PAYE deductions,0.0
DC43,Harry Gwala,2022,0400,VAT (output less input),0.0
DC43,Harry Gwala,2022,0500,Pensions / Retirement deductions,0.0
DC43,Harry Gwala,2022,0600,Loan repayments,0.0
DC43,Harry Gwala,2022,0700,Trade Creditors,13277001.0
DC43,Harry Gwala,2022,0800,Auditor General,30181.0
DC43,Harry Gwala,2022,0900,Other,0.0
DC43,Harry Gwala,2022,1000,Total,18166571.0
DC44,Alfred Nzo,2022,0100,Bulk Electricity,0.0
DC44,Alfred Nzo,2022,0200,Bulk Water,0.0
DC44,Alfred Nzo,2022,0300,PAYE deductions,0.0
DC44,Alfred Nzo,2022,0400,VAT (output less input),0.0
DC44,Alfred Nzo,2022,0500,Pensions / Retirement deductions,57103.0
DC44,Alfred Nzo,2022,0600,Loan repayments,0.0
DC44,Alfred Nzo,2022,0700,Trade Creditors,19760070.0
DC44,Alfred Nzo,2022,0800,Auditor General,345104.0
DC44,Alfred Nzo,2022,0900,Other,0.0
DC44,Alfred Nzo,2022,1000,Total,20162277.0
DC45,John Taolo Gaetsewe,2022,0100,Bulk Electricity,0.0
DC45,John Taolo Gaetsewe,2022,0200,Bulk Water,0.0
DC45,John Taolo Gaetsewe,2022,0300,PAYE deductions,0.0
DC45,John Taolo Gaetsewe,2022,0400,VAT (output less input),0.0
DC45,John Taolo Gaetsewe,2022,0500,Pensions / Retirement deductions,0.0
DC45,John Taolo Gaetsewe,2022,0600,Loan repayments,0.0
DC45,John Taolo Gaetsewe,2022,0700,Trade Creditors,880903.0
DC45,John Taolo Gaetsewe,2022,0800,Auditor General,20910.0
DC45,John Taolo Gaetsewe,2022,0900,Other,0.0
DC45,John Taolo Gaetsewe,2022,1000,Total,901813.0
DC47,Sekhukhune,2022,0100,Bulk Electricity,0.0
DC47,Sekhukhune,2022,0200,Bulk Water,167797563.0
DC47,Sekhukhune,2022,0300,PAYE deductions,0.0
DC47,Sekhukhune,2022,0400,VAT (output less input),96497333.0
DC47,Sekhukhune,2022,0500,Pensions / Retirement deductions,0.0
DC47,Sekhukhune,2022,0600,Loan repayments,0.0
DC47,Sekhukhune,2022,0700,Trade Creditors,563428035.0
DC47,Sekhukhune,2022,0800,Auditor General,0.0
DC47,Sekhukhune,2022,0900,Other,0.0
DC47,Sekhukhune,2022,1000,Total,827722931.0
DC48,West Rand,2022,0100,Bulk Electricity,0.0
DC48,West Rand,2022,0200,Bulk Water,0.0
DC48,West Rand,2022,0300,PAYE deductions,0.0
DC48,West Rand,2022,0400,VAT (output less input),0.0
DC48,West Rand,2022,0500,Pensions / Retirement deductions,63980.0
DC48,West Rand,2022,0600,Loan repayments,0.0
DC48,West Rand,2022,0700,Trade Creditors,30885928.0
DC48,West Rand,2022,0800,Auditor General,4008290.0
DC48,West Rand,2022,0900,Other,0.0
DC48,West Rand,2022,1000,Total,34958198.0
DC5,Central Karoo,2022,0100,Bulk Electricity,0.0
DC5,Central Karoo,2022,0200,Bulk Water,0.0
DC5,Central Karoo,2022,0300,PAYE deductions,0.0
DC5,Central Karoo,2022,0400,VAT (output less input),0.0
DC5,Central Karoo,2022,0500,Pensions / Retirement deductions,0.0
DC5,Central Karoo,2022,0600,Loan repayments,0.0
DC5,Central Karoo,2022,0700,Trade Creditors,1914933.0
DC5,Central Karoo,2022,0800,Auditor General,0.0
DC5,Central Karoo,2022,0900,Other,870.0
DC5,Central Karoo,2022,1000,Total,1915803.0
DC6,Namakwa,2022,0100,Bulk Electricity,0.0
DC6,Namakwa,2022,0200,Bulk Water,0.0
DC6,Namakwa,2022,0300,PAYE deductions,0.0
DC6,Namakwa,2022,0400,VAT (output less input),0.0
DC6,Namakwa,2022,0500,Pensions / Retirement deductions,0.0
DC6,Namakwa,2022,0600,Loan repayments,0.0
DC6,Namakwa,2022,0700,Trade Creditors,0.0
DC6,Namakwa,2022,0800,Auditor General,0.0
DC6,Namakwa,2022,0900,Other,148145.0
DC6,Namakwa,2022,1000,Total,148145.0
DC7,Pixley Ka Seme (NC),2022,0100,Bulk Electricity,0.0
DC7,Pixley Ka Seme (NC),2022,0200,Bulk Water,0.0
DC7,Pixley Ka Seme (NC),2022,0300,PAYE deductions,0.0
DC7,Pixley Ka Seme (NC),2022,0400,VAT (output less input),0.0
DC7,Pixley Ka Seme (NC),2022,0500,Pensions / Retirement deductions,0.0
DC7,Pixley Ka Seme (NC),2022,0600,Loan repayments,0.0
DC7,Pixley Ka Seme (NC),2022,0700,Trade Creditors,0.0
DC7,Pixley Ka Seme (NC),2022,0800,Auditor General,0.0
DC7,Pixley Ka Seme (NC),2022,0900,Other,445311.0
DC7,Pixley Ka Seme (NC),2022,1000,Total,445311.0
DC8,Z F Mgcawu,2022,0100,Bulk Electricity,0.0
DC8,Z F Mgcawu,2022,0200,Bulk Water,0.0
DC8,Z F Mgcawu,2022,0300,PAYE deductions,2283637.0
DC8,Z F Mgcawu,2022,0400,VAT (output less input),1415338.0
DC8,Z F Mgcawu,2022,0500,Pensions / Retirement deductions,1942916.0
DC8,Z F Mgcawu,2022,0600,Loan repayments,6002569.0
DC8,Z F Mgcawu,2022,0700,Trade Creditors,580928.0
DC8,Z F Mgcawu,2022,0800,Auditor General,0.0
DC8,Z F Mgcawu,2022,0900,Other,3266377.0
DC8,Z F Mgcawu,2022,1000,Total,15491765.0
DC9,Frances Baard,2022,0100,Bulk Electricity,0.0
DC9,Frances Baard,2022,0200,Bulk Water,0.0
DC9,Frances Baard,2022,0300,PAYE deductions,0.0
DC9,Frances Baard,2022,0400,VAT (output less input),0.0
DC9,Frances Baard,2022,0500,Pensions / Retirement deductions,0.0
DC9,Frances Baard,2022,0600,Loan repayments,0.0
DC9,Frances Baard,2022,0700,Trade Creditors,45747.0
DC9,Frances Baard,2022,0800,Auditor General,0.0
DC9,Frances Baard,2022,0900,Other,4671518.0
DC9,Frances Baard,2022,1000,Total,4717265.0
EC101,Dr Beyers Naude,2022,0100,Bulk Electricity,376915502.0
EC101,Dr Beyers Naude,2022,0200,Bulk Water,0.0
EC101,Dr Beyers Naude,2022,0300,PAYE deductions,21272545.0
EC101,Dr Beyers Naude,2022,0400,VAT (output less input),0.0
EC101,Dr Beyers Naude,2022,0500,Pensions / Retirement deductions,24967884.0
EC101,Dr Beyers Naude,2022,0600,Loan repayments,0.0
EC101,Dr Beyers Naude,2022,0700,Trade Creditors,12796286.0
EC101,Dr Beyers Naude,2022,0800,Auditor General,8447629.0
EC101,Dr Beyers Naude,2022,0900,Other,0.0
EC101,Dr Beyers Naude,2022,1000,Total,444399846.0
EC104,Makana,2022,0100,Bulk Electricity,0.0
EC104,Makana,2022,0200,Bulk Water,0.0
EC104,Makana,2022,0300,PAYE deductions,62110.0
EC104,Makana,2022,0400,VAT (output less input),0.0
EC104,Makana,2022,0500,Pensions / Retirement deductions,0.0
EC104,Makana,2022,0600,Loan repayments,0.0
EC104,Makana,2022,0700,Trade Creditors,167295871.0
EC104,Makana,2022,0800,Auditor General,0.0
EC104,Makana,2022,0900,Other,0.0
EC104,Makana,2022,1000,Total,167357981.0
EC106,Sundays River Valley,2022,0100,Bulk Electricity,3137927.0
EC106,Sundays River Valley,2022,0200,Bulk Water,0.0
EC106,Sundays River Valley,2022,0300,PAYE deductions,0.0
EC106,Sundays River Valley,2022,0400,VAT (output less input),0.0
EC106,Sundays River Valley,2022,0500,Pensions / Retirement deductions,0.0
EC106,Sundays River Valley,2022,0600,Loan repayments,0.0
EC106,Sundays River Valley,2022,0700,Trade Creditors,37723989.0
EC106,Sundays River Valley,2022,0800,Auditor General,2463480.0
EC106,Sundays River Valley,2022,0900,Other,27500.0
EC106,Sundays River Valley,2022,1000,Total,43352896.0
EC108,Kouga,2022,0100,Bulk Electricity,33716490.0
EC108,Kouga,2022,0200,Bulk Water,3330464.0
EC108,Kouga,2022,0300,PAYE deductions,0.0
EC108,Kouga,2022,0400,VAT (output less input),0.0
EC108,Kouga,2022,0500,Pensions / Retirement deductions,0.0
EC108,Kouga,2022,0600,Loan repayments,0.0
EC108,Kouga,2022,0700,Trade Creditors,18888752.0
EC108,Kouga,2022,0800,Auditor General,0.0
EC108,Kouga,2022,0900,Other,2798968.0
EC108,Kouga,2022,1000,Total,58734674.0
EC109,Kou-Kamma,2022,0100,Bulk Electricity,33907.0
EC109,Kou-Kamma,2022,0200,Bulk Water,11073.0
EC109,Kou-Kamma,2022,0300,PAYE deductions,0.0
EC109,Kou-Kamma,2022,0400,VAT (output less input),0.0
EC109,Kou-Kamma,2022,0500,Pensions / Retirement deductions,0.0
EC109,Kou-Kamma,2022,0600,Loan repayments,0.0
EC109,Kou-Kamma,2022,0700,Trade Creditors,808814.0
EC109,Kou-Kamma,2022,0800,Auditor General,2689397.0
EC109,Kou-Kamma,2022,0900,Other,0.0
EC109,Kou-Kamma,2022,1000,Total,3543191.0
EC121,Mbhashe,2022,0100,Bulk Electricity,0.0
EC121,Mbhashe,2022,0200,Bulk Water,0.0
EC121,Mbhashe,2022,0300,PAYE deductions,0.0
EC121,Mbhashe,2022,0400,VAT (output less input),0.0
EC121,Mbhashe,2022,0500,Pensions / Retirement deductions,0.0
EC121,Mbhashe,2022,0600,Loan repayments,0.0
EC121,Mbhashe,2022,0700,Trade Creditors,2636475.0
EC121,Mbhashe,2022,0800,Auditor General,0.0
EC121,Mbhashe,2022,0900,Other,5524314.0
EC121,Mbhashe,2022,1000,Total,8160789.0
EC122,Mnquma,2022,0100,Bulk Electricity,0.0
EC122,Mnquma,2022,0200,Bulk Water,0.0
EC122,Mnquma,2022,0300,PAYE deductions,0.0
EC122,Mnquma,2022,0400,VAT (output less input),0.0
EC122,Mnquma,2022,0500,Pensions / Retirement deductions,0.0
EC122,Mnquma,2022,0600,Loan repayments,0.0
EC122,Mnquma,2022,0700,Trade Creditors,11196268.0
EC122,Mnquma,2022,0800,Auditor General,0.0
EC122,Mnquma,2022,0900,Other,0.0
EC122,Mnquma,2022,1000,Total,11196268.0
EC123,Great Kei,2022,0100,Bulk Electricity,5645563.0
EC123,Great Kei,2022,0200,Bulk Water,0.0
EC123,Great Kei,2022,0300,PAYE deductions,0.0
EC123,Great Kei,2022,0400,VAT (output less input),0.0
EC123,Great Kei,2022,0500,Pensions / Retirement deductions,0.0
EC123,Great Kei,2022,0600,Loan repayments,0.0
EC123,Great Kei,2022,0700,Trade Creditors,6749291.0
EC123,Great Kei,2022,0800,Auditor General,1934516.0
EC123,Great Kei,2022,0900,Other,1762125.0
EC123,Great Kei,2022,1000,Total,16091495.0
EC124,Amahlathi,2022,0100,Bulk Electricity,48064068.0
EC124,Amahlathi,2022,0200,Bulk Water,0.0
EC124,Amahlathi,2022,0300,PAYE deductions,0.0
EC124,Amahlathi,2022,0400,VAT (output less input),0.0
EC124,Amahlathi,2022,0500,Pensions / Retirement deductions,0.0
EC124,Amahlathi,2022,0600,Loan repayments,0.0
EC124,Amahlathi,2022,0700,Trade Creditors,21052315.0
EC124,Amahlathi,2022,0800,Auditor General,2287451.0
EC124,Amahlathi,2022,0900,Other,20119473.0
EC124,Amahlathi,2022,1000,Total,91523307.0
EC126,Ngqushwa,2022,0100,Bulk Electricity,0.0
EC126,Ngqushwa,2022,0200,Bulk Water,0.0
EC126,Ngqushwa,2022,0300,PAYE deductions,0.0
EC126,Ngqushwa,2022,0400,VAT (output less input),0.0
EC126,Ngqushwa,2022,0500,Pensions / Retirement deductions,0.0
EC126,Ngqushwa,2022,0600,Loan repayments,0.0
EC126,Ngqushwa,2022,0700,Trade Creditors,1930995.0
EC126,Ngqushwa,2022,0800,Auditor General,0.0
EC126,Ngqushwa,2022,0900,Other,4746066.0
EC126,Ngqushwa,2022,1000,Total,6677061.0
EC129,Raymond Mhlaba,2022,0100,Bulk Electricity,0.0
EC129,Raymond Mhlaba,2022,0200,Bulk Water,0.0
EC129,Raymond Mhlaba,2022,0300,PAYE deductions,0.0
EC129,Raymond Mhlaba,2022,0400,VAT (output less input),0.0
EC129,Raymond Mhlaba,2022,0500,Pensions / Retirement deductions,0.0
EC129,Raymond Mhlaba,2022,0600,Loan repayments,0.0
EC129,Raymond Mhlaba,2022,0700,Trade Creditors,6525886.0
EC129,Raymond Mhlaba,2022,0800,Auditor General,0.0
EC129,Raymond Mhlaba,2022,0900,Other,7246638.0
EC129,Raymond Mhlaba,2022,1000,Total,13772524.0
EC131,Inxuba Yethemba,2022,0100,Bulk Electricity,425414706.0
EC131,Inxuba Yethemba,2022,0200,Bulk Water,0.0
EC131,Inxuba Yethemba,2022,0300,PAYE deductions,0.0
EC131,Inxuba Yethemba,2022,0400,VAT (output less input),0.0
EC131,Inxuba Yethemba,2022,0500,Pensions / Retirement deductions,0.0
EC131,Inxuba Yethemba,2022,0600,Loan repayments,0.0
EC131,Inxuba Yethemba,2022,0700,Trade Creditors,13766624.0
EC131,Inxuba Yethemba,2022,0800,Auditor General,16149227.0
EC131,Inxuba Yethemba,2022,0900,Other,0.0
EC131,Inxuba Yethemba,2022,1000,Total,455330557.0
EC135,Vuyisile Mini,2022,0100,Bulk Electricity,0.0
EC135,Vuyisile Mini,2022,0200,Bulk Water,0.0
EC135,Vuyisile Mini,2022,0300,PAYE deductions,0.0
EC135,Vuyisile Mini,2022,0400,VAT (output less input),0.0
EC135,Vuyisile Mini,2022,0500,Pensions / Retirement deductions,0.0
EC135,Vuyisile Mini,2022,0600,Loan repayments,0.0
EC135,Vuyisile Mini,2022,0700,Trade Creditors,1891776.0
EC135,Vuyisile Mini,2022,0800,Auditor General,5498.0
EC135,Vuyisile Mini,2022,0900,Other,1361981.0
EC135,Vuyisile Mini,2022,1000,Total,3259255.0
EC136,Emalahleni (EC),2022,0100,Bulk Electricity,78198.0
EC136,Emalahleni (EC),2022,0200,Bulk Water,0.0
EC136,Emalahleni (EC),2022,0300,PAYE deductions,0.0
EC136,Emalahleni (EC),2022,0400,VAT (output less input),0.0
EC136,Emalahleni (EC),2022,0500,Pensions / Retirement deductions,0.0
EC136,Emalahleni (EC),2022,0600,Loan repayments,0.0
EC136,Emalahleni (EC),2022,0700,Trade Creditors,3576949.0
EC136,Emalahleni (EC),2022,0800,Auditor General,0.0
EC136,Emalahleni (EC),2022,0900,Other,269511.0
EC136,Emalahleni (EC),2022,1000,Total,3924658.0
EC137,Dr. A.B. Xuma,2022,0100,Bulk Electricity,0.0
EC137,Dr. A.B. Xuma,2022,0200,Bulk Water,0.0
EC137,Dr. A.B. Xuma,2022,0300,PAYE deductions,0.0
EC137,Dr. A.B. Xuma,2022,0400,VAT (output less input),0.0
EC137,Dr. A.B. Xuma,2022,0500,Pensions / Retirement deductions,0.0
EC137,Dr. A.B. Xuma,2022,0600,Loan repayments,0.0
EC137,Dr. A.B. Xuma,2022,0700,Trade Creditors,1381849.0
EC137,Dr. A.B. Xuma,2022,0800,Auditor General,0.0
EC137,Dr. A.B. Xuma,2022,0900,Other,0.0
EC137,Dr. A.B. Xuma,2022,1000,Total,1381849.0
EC138,Sakhisizwe,2022,0100,Bulk Electricity,3570.0
EC138,Sakhisizwe,2022,0200,Bulk Water,0.0
EC138,Sakhisizwe,2022,0300,PAYE deductions,0.0
EC138,Sakhisizwe,2022,0400,VAT (output less input),0.0
EC138,Sakhisizwe,2022,0500,Pensions / Retirement deductions,0.0
EC138,Sakhisizwe,2022,0600,Loan repayments,0.0
EC138,Sakhisizwe,2022,0700,Trade Creditors,8865058.0
EC138,Sakhisizwe,2022,0800,Auditor General,0.0
EC138,Sakhisizwe,2022,0900,Other,28468.0
EC138,Sakhisizwe,2022,1000,Total,8897096.0
EC139,Enoch Mgijima,2022,0100,Bulk Electricity,812816504.0
EC139,Enoch Mgijima,2022,0200,Bulk Water,0.0
EC139,Enoch Mgijima,2022,0300,PAYE deductions,0.0
EC139,Enoch Mgijima,2022,0400,VAT (output less input),0.0
EC139,Enoch Mgijima,2022,0500,Pensions / Retirement deductions,0.0
EC139,Enoch Mgijima,2022,0600,Loan repayments,0.0
EC139,Enoch Mgijima,2022,0700,Trade Creditors,15915722.0
EC139,Enoch Mgijima,2022,0800,Auditor General,3603539.0
EC139,Enoch Mgijima,2022,0900,Other,0.0
EC139,Enoch Mgijima,2022,1000,Total,832335765.0
EC141,Elundini,2022,0100,Bulk Electricity,0.0
EC141,Elundini,2022,0200,Bulk Water,0.0
EC141,Elundini,2022,0300,PAYE deductions,0.0
EC141,Elundini,2022,0400,VAT (output less input),0.0
EC141,Elundini,2022,0500,Pensions / Retirement deductions,0.0
EC141,Elundini,2022,0600,Loan repayments,0.0
EC141,Elundini,2022,0700,Trade Creditors,8774770.0
EC141,Elundini,2022,0800,Auditor General,1000.0
EC141,Elundini,2022,0900,Other,0.0
EC141,Elundini,2022,1000,Total,8775770.0
EC145,Walter Sisulu,2022,0100,Bulk Electricity,475210173.0
EC145,Walter Sisulu,2022,0200,Bulk Water,0.0
EC145,Walter Sisulu,2022,0300,PAYE deductions,0.0
EC145,Walter Sisulu,2022,0400,VAT (output less input),0.0
EC145,Walter Sisulu,2022,0500,Pensions / Retirement deductions,0.0
EC145,Walter Sisulu,2022,0600,Loan repayments,0.0
EC145,Walter Sisulu,2022,0700,Trade Creditors,831891.0
EC145,Walter Sisulu,2022,0800,Auditor General,1299585.0
EC145,Walter Sisulu,2022,0900,Other,26964592.0
EC145,Walter Sisulu,2022,1000,Total,504306241.0
EC153,Ngquza Hills,2022,0100,Bulk Electricity,0.0
EC153,Ngquza Hills,2022,0200,Bulk Water,0.0
EC153,Ngquza Hills,2022,0300,PAYE deductions,0.0
EC153,Ngquza Hills,2022,0400,VAT (output less input),0.0
EC153,Ngquza Hills,2022,0500,Pensions / Retirement deductions,0.0
EC153,Ngquza Hills,2022,0600,Loan repayments,0.0
EC153,Ngquza Hills,2022,0700,Trade Creditors,0.0
EC153,Ngquza Hills,2022,0800,Auditor General,0.0
EC153,Ngquza Hills,2022,0900,Other,0.0
EC153,Ngquza Hills,2022,1000,Total,0.0
EC155,Nyandeni,2022,0100,Bulk Electricity,0.0
EC155,Nyandeni,2022,0200,Bulk Water,0.0
EC155,Nyandeni,2022,0300,PAYE deductions,0.0
EC155,Nyandeni,2022,0400,VAT (output less input),0.0
EC155,Nyandeni,2022,0500,Pensions / Retirement deductions,0.0
EC155,Nyandeni,2022,0600,Loan repayments,0.0
EC155,Nyandeni,2022,0700,Trade Creditors,0.0
EC155,Nyandeni,2022,0800,Auditor General,0.0
EC155,Nyandeni,2022,0900,Other,0.0
EC155,Nyandeni,2022,1000,Total,0.0
EC156,Kumkani Mhlontlo,2022,0100,Bulk Electricity,62692.0
EC156,Kumkani Mhlontlo,2022,0200,Bulk Water,0.0
EC156,Kumkani Mhlontlo,2022,0300,PAYE deductions,0.0
EC156,Kumkani Mhlontlo,2022,0400,VAT (output less input),0.0
EC156,Kumkani Mhlontlo,2022,0500,Pensions / Retirement deductions,0.0
EC156,Kumkani Mhlontlo,2022,0600,Loan repayments,0.0
EC156,Kumkani Mhlontlo,2022,0700,Trade Creditors,2558433.0
EC156,Kumkani Mhlontlo,2022,0800,Auditor General,321776.0
EC156,Kumkani Mhlontlo,2022,0900,Other,0.0
EC156,Kumkani Mhlontlo,2022,1000,Total,2942901.0
EC157,King Sabata Dalindyebo,2022,0100,Bulk Electricity,0.0
EC157,King Sabata Dalindyebo,2022,0200,Bulk Water,0.0
EC157,King Sabata Dalindyebo,2022,0300,PAYE deductions,0.0
EC157,King Sabata Dalindyebo,2022,0400,VAT (output less input),0.0
EC157,King Sabata Dalindyebo,2022,0500,Pensions / Retirement deductions,0.0
EC157,King Sabata Dalindyebo,2022,0600,Loan repayments,0.0
EC157,King Sabata Dalindyebo,2022,0700,Trade Creditors,247547171.0
EC157,King Sabata Dalindyebo,2022,0800,Auditor General,728308.0
EC157,King Sabata Dalindyebo,2022,0900,Other,951564.0
EC157,King Sabata Dalindyebo,2022,1000,Total,249227043.0
EC441,Matatiele,2022,0100,Bulk Electricity,0.0
EC441,Matatiele,2022,0200,Bulk Water,0.0
EC441,Matatiele,2022,0300,PAYE deductions,0.0
EC441,Matatiele,2022,0400,VAT (output less input),0.0
EC441,Matatiele,2022,0500,Pensions / Retirement deductions,469581.0
EC441,Matatiele,2022,0600,Loan repayments,0.0
EC441,Matatiele,2022,0700,Trade Creditors,-469581.0
EC441,Matatiele,2022,0800,Auditor General,0.0
EC441,Matatiele,2022,0900,Other,0.0
EC441,Matatiele,2022,1000,Total,0.0
EC442,Umzimvubu,2022,0100,Bulk Electricity,145937.0
EC442,Umzimvubu,2022,0200,Bulk Water,8372.0
EC442,Umzimvubu,2022,0300,PAYE deductions,0.0
EC442,Umzimvubu,2022,0400,VAT (output less input),0.0
EC442,Umzimvubu,2022,0500,Pensions / Retirement deductions,148745.0
EC442,Umzimvubu,2022,0600,Loan repayments,0.0
EC442,Umzimvubu,2022,0700,Trade Creditors,4057922.0
EC442,Umzimvubu,2022,0800,Auditor General,0.0
EC442,Umzimvubu,2022,0900,Other,0.0
EC442,Umzimvubu,2022,1000,Total,4360976.0
EC443,Winnie Madikizela-Mandela,2022,0100,Bulk Electricity,15000.0
EC443,Winnie Madikizela-Mandela,2022,0200,Bulk Water,0.0
EC443,Winnie Madikizela-Mandela,2022,0300,PAYE deductions,0.0
EC443,Winnie Madikizela-Mandela,2022,0400,VAT (output less input),0.0
EC443,Winnie Madikizela-Mandela,2022,0500,Pensions / Retirement deductions,0.0
EC443,Winnie Madikizela-Mandela,2022,0600,Loan repayments,0.0
EC443,Winnie Madikizela-Mandela,2022,0700,Trade Creditors,9824435.0
EC443,Winnie Madikizela-Mandela,2022,0800,Auditor General,0.0
EC443,Winnie Madikizela-Mandela,2022,0900,Other,0.0
EC443,Winnie Madikizela-Mandela,2022,1000,Total,9839435.0
EKU,City of Ekurhuleni,2022,0100,Bulk Electricity,1238307519.0
EKU,City of Ekurhuleni,2022,0200,Bulk Water,363004512.0
EKU,City of Ekurhuleni,2022,0300,PAYE deductions,0.0
EKU,City of Ekurhuleni,2022,0400,VAT (output less input),0.0
EKU,City of Ekurhuleni,2022,0500,Pensions / Retirement deductions,0.0
EKU,City of Ekurhuleni,2022,0600,Loan repayments,0.0
EKU,City of Ekurhuleni,2022,0700,Trade Creditors,0.0
EKU,City of Ekurhuleni,2022,0800,Auditor General,0.0
EKU,City of Ekurhuleni,2022,0900,Other,0.0
EKU,City of Ekurhuleni,2022,1000,Total,1601312031.0
FS161,Letsemeng,2022,0100,Bulk Electricity,126163884.0
FS161,Letsemeng,2022,0200,Bulk Water,0.0
FS161,Letsemeng,2022,0300,PAYE deductions,0.0
FS161,Letsemeng,2022,0400,VAT (output less input),0.0
FS161,Letsemeng,2022,0500,Pensions / Retirement deductions,0.0
FS161,Letsemeng,2022,0600,Loan repayments,0.0
FS161,Letsemeng,2022,0700,Trade Creditors,26951996.0
FS161,Letsemeng,2022,0800,Auditor General,1610130.0
FS161,Letsemeng,2022,0900,Other,953850.0
FS161,Letsemeng,2022,1000,Total,155679860.0
FS183,Tswelopele,2022,0100,Bulk Electricity,0.0
FS183,Tswelopele,2022,0200,Bulk Water,14693658.0
FS183,Tswelopele,2022,0300,PAYE deductions,44459.0
FS183,Tswelopele,2022,0400,VAT (output less input),0.0
FS183,Tswelopele,2022,0500,Pensions / Retirement deductions,218963.0
FS183,Tswelopele,2022,0600,Loan repayments,0.0
FS183,Tswelopele,2022,0700,Trade Creditors,76206157.0
FS183,Tswelopele,2022,0800,Auditor General,0.0
FS183,Tswelopele,2022,0900,Other,0.0
FS183,Tswelopele,2022,1000,Total,91163237.0
FS184,Matjhabeng,2022,0100,Bulk Electricity,4767644657.0
FS184,Matjhabeng,2022,0200,Bulk Water,4897035157.0
FS184,Matjhabeng,2022,0300,PAYE deductions,0.0
FS184,Matjhabeng,2022,0400,VAT (output less input),0.0
FS184,Matjhabeng,2022,0500,Pensions / Retirement deductions,142527265.0
FS184,Matjhabeng,2022,0600,Loan repayments,0.0
FS184,Matjhabeng,2022,0700,Trade Creditors,590724118.0
FS184,Matjhabeng,2022,0800,Auditor General,0.0
FS184,Matjhabeng,2022,0900,Other,237108384.0
FS184,Matjhabeng,2022,1000,Total,10635039581.0
FS185,Nala,2022,0100,Bulk Electricity,570911116.0
FS185,Nala,2022,0200,Bulk Water,260741998.0
FS185,Nala,2022,0300,PAYE deductions,13418.0
FS185,Nala,2022,0400,VAT (output less input),0.0
FS185,Nala,2022,0500,Pensions / Retirement deductions,4470.0
FS185,Nala,2022,0600,Loan repayments,0.0
FS185,Nala,2022,0700,Trade Creditors,40738854.0
FS185,Nala,2022,0800,Auditor General,998571.0
FS185,Nala,2022,0900,Other,48644.0
FS185,Nala,2022,1000,Total,873457071.0
FS191,Setsoto,2022,0100,Bulk Electricity,3140714.0
FS191,Setsoto,2022,0200,Bulk Water,0.0
FS191,Setsoto,2022,0300,PAYE deductions,35204.0
FS191,Setsoto,2022,0400,VAT (output less input),0.0
FS191,Setsoto,2022,0500,Pensions / Retirement deductions,2582238.0
FS191,Setsoto,2022,0600,Loan repayments,0.0
FS191,Setsoto,2022,0700,Trade Creditors,52454944.0
FS191,Setsoto,2022,0800,Auditor General,0.0
FS191,Setsoto,2022,0900,Other,0.0
FS191,Setsoto,2022,1000,Total,58213100.0
FS192,Dihlabeng,2022,0100,Bulk Electricity,726132489.0
FS192,Dihlabeng,2022,0200,Bulk Water,0.0
FS192,Dihlabeng,2022,0300,PAYE deductions,0.0
FS192,Dihlabeng,2022,0400,VAT (output less input),0.0
FS192,Dihlabeng,2022,0500,Pensions / Retirement deductions,0.0
FS192,Dihlabeng,2022,0600,Loan repayments,0.0
FS192,Dihlabeng,2022,0700,Trade Creditors,113310852.0
FS192,Dihlabeng,2022,0800,Auditor General,2431123.0
FS192,Dihlabeng,2022,0900,Other,78820033.0
FS192,Dihlabeng,2022,1000,Total,920694497.0
FS193,Nketoana,2022,0100,Bulk Electricity,0.0
FS193,Nketoana,2022,0200,Bulk Water,0.0
FS193,Nketoana,2022,0300,PAYE deductions,0.0
FS193,Nketoana,2022,0400,VAT (output less input),0.0
FS193,Nketoana,2022,0500,Pensions / Retirement deductions,0.0
FS193,Nketoana,2022,0600,Loan repayments,0.0
FS193,Nketoana,2022,0700,Trade Creditors,585042407.0
FS193,Nketoana,2022,0800,Auditor General,0.0
FS193,Nketoana,2022,0900,Other,0.0
FS193,Nketoana,2022,1000,Total,585042407.0
FS194,Maluti-a-Phofung,2022,0100,Bulk Electricity,6985756797.0
FS194,Maluti-a-Phofung,2022,0200,Bulk Water,0.0
FS194,Maluti-a-Phofung,2022,0300,PAYE deductions,0.0
FS194,Maluti-a-Phofung,2022,0400,VAT (output less input),0.0
FS194,Maluti-a-Phofung,2022,0500,Pensions / Retirement deductions,32765701.0
FS194,Maluti-a-Phofung,2022,0600,Loan repayments,0.0
FS194,Maluti-a-Phofung,2022,0700,Trade Creditors,633325734.0
FS194,Maluti-a-Phofung,2022,0800,Auditor General,2796336.0
FS194,Maluti-a-Phofung,2022,0900,Other,1038286333.0
FS194,Maluti-a-Phofung,2022,1000,Total,8692930901.0
FS195,Phumelela,2022,0100,Bulk Electricity,189556029.0
FS195,Phumelela,2022,0200,Bulk Water,93264184.0
FS195,Phumelela,2022,0300,PAYE deductions,0.0
FS195,Phumelela,2022,0400,VAT (output less input),0.0
FS195,Phumelela,2022,0500,Pensions / Retirement deductions,0.0
FS195,Phumelela,2022,0600,Loan repayments,0.0
FS195,Phumelela,2022,0700,Trade Creditors,3270486.0
FS195,Phumelela,2022,0800,Auditor General,13108906.0
FS195,Phumelela,2022,0900,Other,9303322.0
FS195,Phumelela,2022,1000,Total,308502927.0
FS201,Moqhaka,2022,0100,Bulk Electricity,758004630.0
FS201,Moqhaka,2022,0200,Bulk Water,0.0
FS201,Moqhaka,2022,0300,PAYE deductions,0.0
FS201,Moqhaka,2022,0400,VAT (output less input),0.0
FS201,Moqhaka,2022,0500,Pensions / Retirement deductions,0.0
FS201,Moqhaka,2022,0600,Loan repayments,10280461.0
FS201,Moqhaka,2022,0700,Trade Creditors,3220642.0
FS201,Moqhaka,2022,0800,Auditor General,0.0
FS201,Moqhaka,2022,0900,Other,18049443.0
FS201,Moqhaka,2022,1000,Total,789555176.0
FS203,Ngwathe,2022,0100,Bulk Electricity,1550393726.0
FS203,Ngwathe,2022,0200,Bulk Water,17364167.0
FS203,Ngwathe,2022,0300,PAYE deductions,8219843.0
FS203,Ngwathe,2022,0400,VAT (output less input),0.0
FS203,Ngwathe,2022,0500,Pensions / Retirement deductions,3036005.0
FS203,Ngwathe,2022,0600,Loan repayments,0.0
FS203,Ngwathe,2022,0700,Trade Creditors,270433589.0
FS203,Ngwathe,2022,0800,Auditor General,1661539.0
FS203,Ngwathe,2022,0900,Other,153542668.0
FS203,Ngwathe,2022,1000,Total,2004651537.0
FS204,Metsimaholo,2022,0100,Bulk Electricity,0.0
FS204,Metsimaholo,2022,0200,Bulk Water,65695897.0
FS204,Metsimaholo,2022,0300,PAYE deductions,0.0
FS204,Metsimaholo,2022,0400,VAT (output less input),0.0
FS204,Metsimaholo,2022,0500,Pensions / Retirement deductions,0.0
FS204,Metsimaholo,2022,0600,Loan repayments,0.0
FS204,Metsimaholo,2022,0700,Trade Creditors,75934131.0
FS204,Metsimaholo,2022,0800,Auditor General,0.0
FS204,Metsimaholo,2022,0900,Other,0.0
FS204,Metsimaholo,2022,1000,Total,141630028.0
FS205,Mafube,2022,0100,Bulk Electricity,108553824.0
FS205,Mafube,2022,0200,Bulk Water,457588874.0
FS205,Mafube,2022,0300,PAYE deductions,26647559.0
FS205,Mafube,2022,0400,VAT (output less input),0.0
FS205,Mafube,2022,0500,Pensions / Retirement deductions,172999325.0
FS205,Mafube,2022,0600,Loan repayments,0.0
FS205,Mafube,2022,0700,Trade Creditors,169446190.0
FS205,Mafube,2022,0800,Auditor General,10828583.0
FS205,Mafube,2022,0900,Other,30595696.0
FS205,Mafube,2022,1000,Total,976660051.0
GT421,Emfuleni,2022,0100,Bulk Electricity,5221453125.0
GT421,Emfuleni,2022,0200,Bulk Water,864152130.0
GT421,Emfuleni,2022,0300,PAYE deductions,0.0
GT421,Emfuleni,2022,0400,VAT (output less input),0.0
GT421,Emfuleni,2022,0500,Pensions / Retirement deductions,0.0
GT421,Emfuleni,2022,0600,Loan repayments,0.0
GT421,Emfuleni,2022,0700,Trade Creditors,611944660.0
GT421,Emfuleni,2022,0800,Auditor General,1921571.0
GT421,Emfuleni,2022,0900,Other,0.0
GT421,Emfuleni,2022,1000,Total,6699471486.0
GT422,Midvaal,2022,0100,Bulk Electricity,47839837.0
GT422,Midvaal,2022,0200,Bulk Water,13541782.0
GT422,Midvaal,2022,0300,PAYE deductions,0.0
GT422,Midvaal,2022,0400,VAT (output less input),0.0
GT422,Midvaal,2022,0500,Pensions / Retirement deductions,0.0
GT422,Midvaal,2022,0600,Loan repayments,0.0
GT422,Midvaal,2022,0700,Trade Creditors,60388222.0
GT422,Midvaal,2022,0800,Auditor General,0.0
GT422,Midvaal,2022,0900,Other,0.0
GT422,Midvaal,2022,1000,Total,121769841.0
GT423,Lesedi,2022,0100,Bulk Electricity,71168719.0
GT423,Lesedi,2022,0200,Bulk Water,25251740.0
GT423,Lesedi,2022,0300,PAYE deductions,2853101.0
GT423,Lesedi,2022,0400,VAT (output less input),0.0
GT423,Lesedi,2022,0500,Pensions / Retirement deductions,2949912.0
GT423,Lesedi,2022,0600,Loan repayments,0.0
GT423,Lesedi,2022,0700,Trade Creditors,58367720.0
GT423,Lesedi,2022,0800,Auditor General,0.0
GT423,Lesedi,2022,0900,Other,0.0
GT423,Lesedi,2022,1000,Total,160591192.0
GT481,Mogale City,2022,0100,Bulk Electricity,461736352.0
GT481,Mogale City,2022,0200,Bulk Water,90995628.0
GT481,Mogale City,2022,0300,PAYE deductions,10445154.0
GT481,Mogale City,2022,0400,VAT (output less input),2464896.0
GT481,Mogale City,2022,0500,Pensions / Retirement deductions,11280238.0
GT481,Mogale City,2022,0600,Loan repayments,4252616.0
GT481,Mogale City,2022,0700,Trade Creditors,436955660.0
GT481,Mogale City,2022,0800,Auditor General,0.0
GT481,Mogale City,2022,0900,Other,1648789.0
GT481,Mogale City,2022,1000,Total,1019779333.0
GT484,Merafong City,2022,0100,Bulk Electricity,733751543.0
GT484,Merafong City,2022,0200,Bulk Water,342538522.0
GT484,Merafong City,2022,0300,PAYE deductions,0.0
GT484,Merafong City,2022,0400,VAT (output less input),126292375.0
GT484,Merafong City,2022,0500,Pensions / Retirement deductions,0.0
GT484,Merafong City,2022,0600,Loan repayments,0.0
GT484,Merafong City,2022,0700,Trade Creditors,78152377.0
GT484,Merafong City,2022,0800,Auditor General,1024829.0
GT484,Merafong City,2022,0900,Other,0.0
GT484,Merafong City,2022,1000,Total,1281759646.0
GT485,Rand West City,2022,0100,Bulk Electricity,1567204553.0
GT485,Rand West City,2022,0200,Bulk Water,29871610.0
GT485,Rand West City,2022,0300,PAYE deductions,0.0
GT485,Rand West City,2022,0400,VAT (output less input),0.0
GT485,Rand West City,2022,0500,Pensions / Retirement deductions,185143.0
GT485,Rand West City,2022,0600,Loan repayments,0.0
GT485,Rand West City,2022,0700,Trade Creditors,-148540402.0
GT485,Rand West City,2022,0800,Auditor General,9110868.0
GT485,Rand West City,2022,0900,Other,0.0
GT485,Rand West City,2022,1000,Total,1457831772.0
KZN212,Umdoni,2022,0100,Bulk Electricity,0.0
KZN212,Umdoni,2022,0200,Bulk Water,0.0
KZN212,Umdoni,2022,0300,PAYE deductions,0.0
KZN212,Umdoni,2022,0400,VAT (output less input),0.0
KZN212,Umdoni,2022,0500,Pensions / Retirement deductions,0.0
KZN212,Umdoni,2022,0600,Loan repayments,0.0
KZN212,Umdoni,2022,0700,Trade Creditors,24700083.0
KZN212,Umdoni,2022,0800,Auditor General,0.0
KZN212,Umdoni,2022,0900,Other,0.0
KZN212,Umdoni,2022,1000,Total,24700083.0
KZN213,Umzumbe,2022,0100,Bulk Electricity,0.0
KZN213,Umzumbe,2022,0200,Bulk Water,0.0
KZN213,Umzumbe,2022,0300,PAYE deductions,0.0
KZN213,Umzumbe,2022,0400,VAT (output less input),0.0
KZN213,Umzumbe,2022,0500,Pensions / Retirement deductions,0.0
KZN213,Umzumbe,2022,0600,Loan repayments,0.0
KZN213,Umzumbe,2022,0700,Trade Creditors,1256304.0
KZN213,Umzumbe,2022,0800,Auditor General,0.0
KZN213,Umzumbe,2022,0900,Other,3295891.0
KZN213,Umzumbe,2022,1000,Total,4552195.0
KZN214,uMuziwabantu,2022,0100,Bulk Electricity,0.0
KZN214,uMuziwabantu,2022,0200,Bulk Water,0.0
KZN214,uMuziwabantu,2022,0300,PAYE deductions,0.0
KZN214,uMuziwabantu,2022,0400,VAT (output less input),502962.0
KZN214,uMuziwabantu,2022,0500,Pensions / Retirement deductions,0.0
KZN214,uMuziwabantu,2022,0600,Loan repayments,0.0
KZN214,uMuziwabantu,2022,0700,Trade Creditors,1259.0
KZN214,uMuziwabantu,2022,0800,Auditor General,0.0
KZN214,uMuziwabantu,2022,0900,Other,0.0
KZN214,uMuziwabantu,2022,1000,Total,504221.0
KZN216,Ray Nkonyeni,2022,0100,Bulk Electricity,84080525.0
KZN216,Ray Nkonyeni,2022,0200,Bulk Water,0.0
KZN216,Ray Nkonyeni,2022,0300,PAYE deductions,0.0
KZN216,Ray Nkonyeni,2022,0400,VAT (output less input),0.0
KZN216,Ray Nkonyeni,2022,0500,Pensions / Retirement deductions,-110134.0
KZN216,Ray Nkonyeni,2022,0600,Loan repayments,0.0
KZN216,Ray Nkonyeni,2022,0700,Trade Creditors,-82436785.0
KZN216,Ray Nkonyeni,2022,0800,Auditor General,1508545.0
KZN216,Ray Nkonyeni,2022,0900,Other,0.0
KZN216,Ray Nkonyeni,2022,1000,Total,3042151.0
KZN221,uMshwathi,2022,0100,Bulk Electricity,0.0
KZN221,uMshwathi,2022,0200,Bulk Water,0.0
KZN221,uMshwathi,2022,0300,PAYE deductions,0.0
KZN221,uMshwathi,2022,0400,VAT (output less input),0.0
KZN221,uMshwathi,2022,0500,Pensions / Retirement deductions,0.0
KZN221,uMshwathi,2022,0600,Loan repayments,0.0
KZN221,uMshwathi,2022,0700,Trade Creditors,3070389.0
KZN221,uMshwathi,2022,0800,Auditor General,0.0
KZN221,uMshwathi,2022,0900,Other,10206793.0
KZN221,uMshwathi,2022,1000,Total,13277182.0
KZN222,uMngeni,2022,0100,Bulk Electricity,22025313.0
KZN222,uMngeni,2022,0200,Bulk Water,0.0
KZN222,uMngeni,2022,0300,PAYE deductions,0.0
KZN222,uMngeni,2022,0400,VAT (output less input),3661683.0
KZN222,uMngeni,2022,0500,Pensions / Retirement deductions,0.0
KZN222,uMngeni,2022,0600,Loan repayments,60446.0
KZN222,uMngeni,2022,0700,Trade Creditors,36782.0
KZN222,uMngeni,2022,0800,Auditor General,0.0
KZN222,uMngeni,2022,0900,Other,0.0
KZN222,uMngeni,2022,1000,Total,25784224.0
KZN223,Mpofana,2022,0100,Bulk Electricity,319647141.0
KZN223,Mpofana,2022,0200,Bulk Water,0.0
KZN223,Mpofana,2022,0300,PAYE deductions,0.0
KZN223,Mpofana,2022,0400,VAT (output less input),0.0
KZN223,Mpofana,2022,0500,Pensions / Retirement deductions,0.0
KZN223,Mpofana,2022,0600,Loan repayments,0.0
KZN223,Mpofana,2022,0700,Trade Creditors,15239432.0
KZN223,Mpofana,2022,0800,Auditor General,1.0
KZN223,Mpofana,2022,0900,Other,0.0
KZN223,Mpofana,2022,1000,Total,334886574.0
KZN225,Msunduzi,2022,0100,Bulk Electricity,-552499378.0
KZN225,Msunduzi,2022,0200,Bulk Water,-570802929.0
KZN225,Msunduzi,2022,0300,PAYE deductions,0.0
KZN225,Msunduzi,2022,0400,VAT (output less input),0.0
KZN225,Msunduzi,2022,0500,Pensions / Retirement deductions,0.0
KZN225,Msunduzi,2022,0600,Loan repayments,0.0
KZN225,Msunduzi,2022,0700,Trade Creditors,-197807195.0
KZN225,Msunduzi,2022,0800,Auditor General,-384423.0
KZN225,Msunduzi,2022,0900,Other,0.0
KZN225,Msunduzi,2022,1000,Total,-1321493925.0
KZN226,Mkhambathini,2022,0100,Bulk Electricity,0.0
KZN226,Mkhambathini,2022,0200,Bulk Water,0.0
KZN226,Mkhambathini,2022,0300,PAYE deductions,0.0
KZN226,Mkhambathini,2022,0400,VAT (output less input),0.0
KZN226,Mkhambathini,2022,0500,Pensions / Retirement deductions,0.0
KZN226,Mkhambathini,2022,0600,Loan repayments,0.0
KZN226,Mkhambathini,2022,0700,Trade Creditors,1826206.0
KZN226,Mkhambathini,2022,0800,Auditor General,0.0
KZN226,Mkhambathini,2022,0900,Other,233058.0
KZN226,Mkhambathini,2022,1000,Total,2059264.0
KZN227,Richmond,2022,0100,Bulk Electricity,0.0
KZN227,Richmond,2022,0200,Bulk Water,0.0
KZN227,Richmond,2022,0300,PAYE deductions,0.0
KZN227,Richmond,2022,0400,VAT (output less input),0.0
KZN227,Richmond,2022,0500,Pensions / Retirement deductions,12000.0
KZN227,Richmond,2022,0600,Loan repayments,0.0
KZN227,Richmond,2022,0700,Trade Creditors,1230502.0
KZN227,Richmond,2022,0800,Auditor General,20720.0
KZN227,Richmond,2022,0900,Other,0.0
KZN227,Richmond,2022,1000,Total,1263222.0
KZN235,Okhahlamba,2022,0100,Bulk Electricity,0.0
KZN235,Okhahlamba,2022,0200,Bulk Water,0.0
KZN235,Okhahlamba,2022,0300,PAYE deductions,0.0
KZN235,Okhahlamba,2022,0400,VAT (output less input),0.0
KZN235,Okhahlamba,2022,0500,Pensions / Retirement deductions,0.0
KZN235,Okhahlamba,2022,0600,Loan repayments,0.0
KZN235,Okhahlamba,2022,0700,Trade Creditors,2791370.0
KZN235,Okhahlamba,2022,0800,Auditor General,0.0
KZN235,Okhahlamba,2022,0900,Other,142851.0
KZN235,Okhahlamba,2022,1000,Total,2934221.0
KZN237,Inkosi Langalibalele,2022,0100,Bulk Electricity,0.0
KZN237,Inkosi Langalibalele,2022,0200,Bulk Water,0.0
KZN237,Inkosi Langalibalele,2022,0300,PAYE deductions,0.0
KZN237,Inkosi Langalibalele,2022,0400,VAT (output less input),0.0
KZN237,Inkosi Langalibalele,2022,0500,Pensions / Retirement deductions,0.0
KZN237,Inkosi Langalibalele,2022,0600,Loan repayments,0.0
KZN237,Inkosi Langalibalele,2022,0700,Trade Creditors,0.0
KZN237,Inkosi Langalibalele,2022,0800,Auditor General,0.0
KZN237,Inkosi Langalibalele,2022,0900,Other,8771583.0
KZN237,Inkosi Langalibalele,2022,1000,Total,8771583.0
KZN238,Alfred Duma,2022,0100,Bulk Electricity,0.0
KZN238,Alfred Duma,2022,0200,Bulk Water,0.0
KZN238,Alfred Duma,2022,0300,PAYE deductions,0.0
KZN238,Alfred Duma,2022,0400,VAT (output less input),0.0
KZN238,Alfred Duma,2022,0500,Pensions / Retirement deductions,-24659.0
KZN238,Alfred Duma,2022,0600,Loan repayments,0.0
KZN238,Alfred Duma,2022,0700,Trade Creditors,14064475.0
KZN238,Alfred Duma,2022,0800,Auditor General,3586543.0
KZN238,Alfred Duma,2022,0900,Other,0.0
KZN238,Alfred Duma,2022,1000,Total,17626359.0
KZN241,Endumeni,2022,0100,Bulk Electricity,0.0
KZN241,Endumeni,2022,0200,Bulk Water,0.0
KZN241,Endumeni,2022,0300,PAYE deductions,0.0
KZN241,Endumeni,2022,0400,VAT (output less input),0.0
KZN241,Endumeni,2022,0500,Pensions / Retirement deductions,0.0
KZN241,Endumeni,2022,0600,Loan repayments,0.0
KZN241,Endumeni,2022,0700,Trade Creditors,0.0
KZN241,Endumeni,2022,0800,Auditor General,0.0
KZN241,Endumeni,2022,0900,Other,0.0
KZN241,Endumeni,2022,1000,Total,0.0
KZN244,Msinga,2022,0100,Bulk Electricity,0.0
KZN244,Msinga,2022,0200,Bulk Water,0.0
KZN244,Msinga,2022,0300,PAYE deductions,0.0
KZN244,Msinga,2022,0400,VAT (output less input),0.0
KZN244,Msinga,2022,0500,Pensions / Retirement deductions,0.0
KZN244,Msinga,2022,0600,Loan repayments,0.0
KZN244,Msinga,2022,0700,Trade Creditors,642927.0
KZN244,Msinga,2022,0800,Auditor General,0.0
KZN244,Msinga,2022,0900,Other,0.0
KZN244,Msinga,2022,1000,Total,642927.0
KZN245,Umvoti,2022,0100,Bulk Electricity,11257193.0
KZN245,Umvoti,2022,0200,Bulk Water,0.0
KZN245,Umvoti,2022,0300,PAYE deductions,0.0
KZN245,Umvoti,2022,0400,VAT (output less input),0.0
KZN245,Umvoti,2022,0500,Pensions / Retirement deductions,0.0
KZN245,Umvoti,2022,0600,Loan repayments,0.0
KZN245,Umvoti,2022,0700,Trade Creditors,12871935.0
KZN245,Umvoti,2022,0800,Auditor General,0.0
KZN245,Umvoti,2022,0900,Other,11965000.0
KZN245,Umvoti,2022,1000,Total,36094128.0
KZN252,Newcastle,2022,0100,Bulk Electricity,0.0
KZN252,Newcastle,2022,0200,Bulk Water,0.0
KZN252,Newcastle,2022,0300,PAYE deductions,0.0
KZN252,Newcastle,2022,0400,VAT (output less input),0.0
KZN252,Newcastle,2022,0500,Pensions / Retirement deductions,0.0
KZN252,Newcastle,2022,0600,Loan repayments,0.0
KZN252,Newcastle,2022,0700,Trade Creditors,276277393.0
KZN252,Newcastle,2022,0800,Auditor General,0.0
KZN252,Newcastle,2022,0900,Other,1382651.0
KZN252,Newcastle,2022,1000,Total,277660044.0
KZN253,Emadlangeni,2022,0100,Bulk Electricity,2057248.0
KZN253,Emadlangeni,2022,0200,Bulk Water,0.0
KZN253,Emadlangeni,2022,0300,PAYE deductions,0.0
KZN253,Emadlangeni,2022,0400,VAT (output less input),0.0
KZN253,Emadlangeni,2022,0500,Pensions / Retirement deductions,0.0
KZN253,Emadlangeni,2022,0600,Loan repayments,0.0
KZN253,Emadlangeni,2022,0700,Trade Creditors,8732062.0
KZN253,Emadlangeni,2022,0800,Auditor General,796752.0
KZN253,Emadlangeni,2022,0900,Other,0.0
KZN253,Emadlangeni,2022,1000,Total,11586062.0
KZN254,Dannhauser,2022,0100,Bulk Electricity,0.0
KZN254,Dannhauser,2022,0200,Bulk Water,0.0
KZN254,Dannhauser,2022,0300,PAYE deductions,0.0
KZN254,Dannhauser,2022,0400,VAT (output less input),0.0
KZN254,Dannhauser,2022,0500,Pensions / Retirement deductions,0.0
KZN254,Dannhauser,2022,0600,Loan repayments,0.0
KZN254,Dannhauser,2022,0700,Trade Creditors,480657.0
KZN254,Dannhauser,2022,0800,Auditor General,0.0
KZN254,Dannhauser,2022,0900,Other,0.0
KZN254,Dannhauser,2022,1000,Total,480657.0
KZN261,eDumbe,2022,0100,Bulk Electricity,0.0
KZN261,eDumbe,2022,0200,Bulk Water,521801.0
KZN261,eDumbe,2022,0300,PAYE deductions,0.0
KZN261,eDumbe,2022,0400,VAT (output less input),0.0
KZN261,eDumbe,2022,0500,Pensions / Retirement deductions,0.0
KZN261,eDumbe,2022,0600,Loan repayments,0.0
KZN261,eDumbe,2022,0700,Trade Creditors,1334071.0
KZN261,eDumbe,2022,0800,Auditor General,1.0
KZN261,eDumbe,2022,0900,Other,9089639.0
KZN261,eDumbe,2022,1000,Total,10945512.0
KZN262,uPhongolo,2022,0100,Bulk Electricity,3579350.0
KZN262,uPhongolo,2022,0200,Bulk Water,0.0
KZN262,uPhongolo,2022,0300,PAYE deductions,1.0
KZN262,uPhongolo,2022,0400,VAT (output less input),0.0
KZN262,uPhongolo,2022,0500,Pensions / Retirement deductions,0.0
KZN262,uPhongolo,2022,0600,Loan repayments,0.0
KZN262,uPhongolo,2022,0700,Trade Creditors,14491685.0
KZN262,uPhongolo,2022,0800,Auditor General,0.0
KZN262,uPhongolo,2022,0900,Other,0.0
KZN262,uPhongolo,2022,1000,Total,18071036.0
KZN263,Abaqulusi,2022,0100,Bulk Electricity,20224664.0
KZN263,Abaqulusi,2022,0200,Bulk Water,0.0
KZN263,Abaqulusi,2022,0300,PAYE deductions,0.0
KZN263,Abaqulusi,2022,0400,VAT (output less input),0.0
KZN263,Abaqulusi,2022,0500,Pensions / Retirement deductions,3509857.0
KZN263,Abaqulusi,2022,0600,Loan repayments,0.0
KZN263,Abaqulusi,2022,0700,Trade Creditors,25601273.0
KZN263,Abaqulusi,2022,0800,Auditor General,0.0
KZN263,Abaqulusi,2022,0900,Other,0.0
KZN263,Abaqulusi,2022,1000,Total,49335794.0
KZN266,Ulundi,2022,0100,Bulk Electricity,131662120.0
KZN266,Ulundi,2022,0200,Bulk Water,0.0
KZN266,Ulundi,2022,0300,PAYE deductions,0.0
KZN266,Ulundi,2022,0400,VAT (output less input),0.0
KZN266,Ulundi,2022,0500,Pensions / Retirement deductions,0.0
KZN266,Ulundi,2022,0600,Loan repayments,0.0
KZN266,Ulundi,2022,0700,Trade Creditors,0.0
KZN266,Ulundi,2022,0800,Auditor General,0.0
KZN266,Ulundi,2022,0900,Other,0.0
KZN266,Ulundi,2022,1000,Total,131662120.0
KZN271,Umhlabuyalingana,2022,0100,Bulk Electricity,0.0
KZN271,Umhlabuyalingana,2022,0200,Bulk Water,0.0
KZN271,Umhlabuyalingana,2022,0300,PAYE deductions,0.0
KZN271,Umhlabuyalingana,2022,0400,VAT (output less input),0.0
KZN271,Umhlabuyalingana,2022,0500,Pensions / Retirement deductions,0.0
KZN271,Umhlabuyalingana,2022,0600,Loan repayments,0.0
KZN271,Umhlabuyalingana,2022,0700,Trade Creditors,1210262.0
KZN271,Umhlabuyalingana,2022,0800,Auditor General,0.0
KZN271,Umhlabuyalingana,2022,0900,Other,1382417.0
KZN271,Umhlabuyalingana,2022,1000,Total,2592679.0
KZN272,Jozini,2022,0100,Bulk Electricity,0.0
KZN272,Jozini,2022,0200,Bulk Water,0.0
KZN272,Jozini,2022,0300,PAYE deductions,0.0
KZN272,Jozini,2022,0400,VAT (output less input),0.0
KZN272,Jozini,2022,0500,Pensions / Retirement deductions,0.0
KZN272,Jozini,2022,0600,Loan repayments,0.0
KZN272,Jozini,2022,0700,Trade Creditors,1117587.0
KZN272,Jozini,2022,0800,Auditor General,0.0
KZN272,Jozini,2022,0900,Other,3917878.0
KZN272,Jozini,2022,1000,Total,5035465.0
KZN275,Mtubatuba,2022,0100,Bulk Electricity,0.0
KZN275,Mtubatuba,2022,0200,Bulk Water,0.0
KZN275,Mtubatuba,2022,0300,PAYE deductions,0.0
KZN275,Mtubatuba,2022,0400,VAT (output less input),0.0
KZN275,Mtubatuba,2022,0500,Pensions / Retirement deductions,0.0
KZN275,Mtubatuba,2022,0600,Loan repayments,0.0
KZN275,Mtubatuba,2022,0700,Trade Creditors,3424824.0
KZN275,Mtubatuba,2022,0800,Auditor General,-323992.0
KZN275,Mtubatuba,2022,0900,Other,12111202.0
KZN275,Mtubatuba,2022,1000,Total,15212034.0
KZN276,Hlabisa Big Five,2022,0100,Bulk Electricity,0.0
KZN276,Hlabisa Big Five,2022,0200,Bulk Water,0.0
KZN276,Hlabisa Big Five,2022,0300,PAYE deductions,0.0
KZN276,Hlabisa Big Five,2022,0400,VAT (output less input),0.0
KZN276,Hlabisa Big Five,2022,0500,Pensions / Retirement deductions,0.0
KZN276,Hlabisa Big Five,2022,0600,Loan repayments,0.0
KZN276,Hlabisa Big Five,2022,0700,Trade Creditors,1826505.0
KZN276,Hlabisa Big Five,2022,0800,Auditor General,0.0
KZN276,Hlabisa Big Five,2022,0900,Other,676680.0
KZN276,Hlabisa Big Five,2022,1000,Total,2503185.0
KZN281,Mfolozi,2022,0100,Bulk Electricity,0.0
KZN281,Mfolozi,2022,0200,Bulk Water,0.0
KZN281,Mfolozi,2022,0300,PAYE deductions,0.0
KZN281,Mfolozi,2022,0400,VAT (output less input),0.0
KZN281,Mfolozi,2022,0500,Pensions / Retirement deductions,0.0
KZN281,Mfolozi,2022,0600,Loan repayments,0.0
KZN281,Mfolozi,2022,0700,Trade Creditors,2765188.0
KZN281,Mfolozi,2022,0800,Auditor General,0.0
KZN281,Mfolozi,2022,0900,Other,3974379.0
KZN281,Mfolozi,2022,1000,Total,6739567.0
KZN282,uMhlathuze,2022,0100,Bulk Electricity,148545212.0
KZN282,uMhlathuze,2022,0200,Bulk Water,18370962.0
KZN282,uMhlathuze,2022,0300,PAYE deductions,0.0
KZN282,uMhlathuze,2022,0400,VAT (output less input),0.0
KZN282,uMhlathuze,2022,0500,Pensions / Retirement deductions,0.0
KZN282,uMhlathuze,2022,0600,Loan repayments,0.0
KZN282,uMhlathuze,2022,0700,Trade Creditors,69337342.0
KZN282,uMhlathuze,2022,0800,Auditor General,326413.0
KZN282,uMhlathuze,2022,0900,Other,849613.0
KZN282,uMhlathuze,2022,1000,Total,237429542.0
KZN285,Mthonjaneni,2022,0100,Bulk Electricity,4708187.0
KZN285,Mthonjaneni,2022,0200,Bulk Water,0.0
KZN285,Mthonjaneni,2022,0300,PAYE deductions,0.0
KZN285,Mthonjaneni,2022,0400,VAT (output less input),0.0
KZN285,Mthonjaneni,2022,0500,Pensions / Retirement deductions,0.0
KZN285,Mthonjaneni,2022,0600,Loan repayments,0.0
KZN285,Mthonjaneni,2022,0700,Trade Creditors,25918310.0
KZN285,Mthonjaneni,2022,0800,Auditor General,0.0
KZN285,Mthonjaneni,2022,0900,Other,0.0
KZN285,Mthonjaneni,2022,1000,Total,30626497.0
KZN286,Nkandla,2022,0100,Bulk Electricity,0.0
KZN286,Nkandla,2022,0200,Bulk Water,0.0
KZN286,Nkandla,2022,0300,PAYE deductions,0.0
KZN286,Nkandla,2022,0400,VAT (output less input),0.0
KZN286,Nkandla,2022,0500,Pensions / Retirement deductions,0.0
KZN286,Nkandla,2022,0600,Loan repayments,0.0
KZN286,Nkandla,2022,0700,Trade Creditors,3433217.0
KZN286,Nkandla,2022,0800,Auditor General,6905.0
KZN286,Nkandla,2022,0900,Other,14865262.0
KZN286,Nkandla,2022,1000,Total,18305384.0
KZN292,KwaDukuza,2022,0100,Bulk Electricity,0.0
KZN292,KwaDukuza,2022,0200,Bulk Water,0.0
KZN292,KwaDukuza,2022,0300,PAYE deductions,0.0
KZN292,KwaDukuza,2022,0400,VAT (output less input),0.0
KZN292,KwaDukuza,2022,0500,Pensions / Retirement deductions,10804383.0
KZN292,KwaDukuza,2022,0600,Loan repayments,0.0
KZN292,KwaDukuza,2022,0700,Trade Creditors,15788739.0
KZN292,KwaDukuza,2022,0800,Auditor General,0.0
KZN292,KwaDukuza,2022,0900,Other,0.0
KZN292,KwaDukuza,2022,1000,Total,26593122.0
KZN293,Ndwedwe,2022,0100,Bulk Electricity,0.0
KZN293,Ndwedwe,2022,0200,Bulk Water,0.0
KZN293,Ndwedwe,2022,0300,PAYE deductions,0.0
KZN293,Ndwedwe,2022,0400,VAT (output less input),0.0
KZN293,Ndwedwe,2022,0500,Pensions / Retirement deductions,0.0
KZN293,Ndwedwe,2022,0600,Loan repayments,0.0
KZN293,Ndwedwe,2022,0700,Trade Creditors,4770185.0
KZN293,Ndwedwe,2022,0800,Auditor General,0.0
KZN293,Ndwedwe,2022,0900,Other,4077032.0
KZN293,Ndwedwe,2022,1000,Total,8847217.0
KZN294,Maphumulo,2022,0100,Bulk Electricity,0.0
KZN294,Maphumulo,2022,0200,Bulk Water,0.0
KZN294,Maphumulo,2022,0300,PAYE deductions,0.0
KZN294,Maphumulo,2022,0400,VAT (output less input),0.0
KZN294,Maphumulo,2022,0500,Pensions / Retirement deductions,0.0
KZN294,Maphumulo,2022,0600,Loan repayments,0.0
KZN294,Maphumulo,2022,0700,Trade Creditors,5686680.0
KZN294,Maphumulo,2022,0800,Auditor General,281140.0
KZN294,Maphumulo,2022,0900,Other,468912.0
KZN294,Maphumulo,2022,1000,Total,6436732.0
KZN433,Greater Kokstad,2022,0100,Bulk Electricity,0.0
KZN433,Greater Kokstad,2022,0200,Bulk Water,0.0
KZN433,Greater Kokstad,2022,0300,PAYE deductions,0.0
KZN433,Greater Kokstad,2022,0400,VAT (output less input),0.0
KZN433,Greater Kokstad,2022,0500,Pensions / Retirement deductions,231138.0
KZN433,Greater Kokstad,2022,0600,Loan repayments,0.0
KZN433,Greater Kokstad,2022,0700,Trade Creditors,2744687.0
KZN433,Greater Kokstad,2022,0800,Auditor General,0.0
KZN433,Greater Kokstad,2022,0900,Other,0.0
KZN433,Greater Kokstad,2022,1000,Total,2975825.0
KZN434,Johannes Phumani Phungula,2022,0100,Bulk Electricity,0.0
KZN434,Johannes Phumani Phungula,2022,0200,Bulk Water,0.0
KZN434,Johannes Phumani Phungula,2022,0300,PAYE deductions,0.0
KZN434,Johannes Phumani Phungula,2022,0400,VAT (output less input),0.0
KZN434,Johannes Phumani Phungula,2022,0500,Pensions / Retirement deductions,0.0
KZN434,Johannes Phumani Phungula,2022,0600,Loan repayments,0.0
KZN434,Johannes Phumani Phungula,2022,0700,Trade Creditors,1842949.0
KZN434,Johannes Phumani Phungula,2022,0800,Auditor General,0.0
KZN434,Johannes Phumani Phungula,2022,0900,Other,4941604.0
KZN434,Johannes Phumani Phungula,2022,1000,Total,6784553.0
KZN435,Umzimkhulu,2022,0100,Bulk Electricity,0.0
KZN435,Umzimkhulu,2022,0200,Bulk Water,0.0
KZN435,Umzimkhulu,2022,0300,PAYE deductions,0.0
KZN435,Umzimkhulu,2022,0400,VAT (output less input),0.0
KZN435,Umzimkhulu,2022,0500,Pensions / Retirement deductions,0.0
KZN435,Umzimkhulu,2022,0600,Loan repayments,0.0
KZN435,Umzimkhulu,2022,0700,Trade Creditors,0.0
KZN435,Umzimkhulu,2022,0800,Auditor General,0.0
KZN435,Umzimkhulu,2022,0900,Other,0.0
KZN435,Umzimkhulu,2022,1000,Total,0.0
KZN436,Dr Nkosazana Dlamini Zuma,2022,0100,Bulk Electricity,0.0
KZN436,Dr Nkosazana Dlamini Zuma,2022,0200,Bulk Water,0.0
KZN436,Dr Nkosazana Dlamini Zuma,2022,0300,PAYE deductions,0.0
KZN436,Dr Nkosazana Dlamini Zuma,2022,0400,VAT (output less input),0.0
KZN436,Dr Nkosazana Dlamini Zuma,2022,0500,Pensions / Retirement deductions,0.0
KZN436,Dr Nkosazana Dlamini Zuma,2022,0600,Loan repayments,0.0
KZN436,Dr Nkosazana Dlamini Zuma,2022,0700,Trade Creditors,39779116.0
KZN436,Dr Nkosazana Dlamini Zuma,2022,0800,Auditor General,0.0
KZN436,Dr Nkosazana Dlamini Zuma,2022,0900,Other,46629.0
KZN436,Dr Nkosazana Dlamini Zuma,2022,1000,Total,39825745.0
LIM331,Greater Giyani,2022,0100,Bulk Electricity,0.0
LIM331,Greater Giyani,2022,0200,Bulk Water,0.0
LIM331,Greater Giyani,2022,0300,PAYE deductions,0.0
LIM331,Greater Giyani,2022,0400,VAT (output less input),0.0
LIM331,Greater Giyani,2022,0500,Pensions / Retirement deductions,0.0
LIM331,Greater Giyani,2022,0600,Loan repayments,0.0
LIM331,Greater Giyani,2022,0700,Trade Creditors,19678792.0
LIM331,Greater Giyani,2022,0800,Auditor General,118608.0
LIM331,Greater Giyani,2022,0900,Other,11415460.0
LIM331,Greater Giyani,2022,1000,Total,31212860.0
LIM332,Greater Letaba,2022,0100,Bulk Electricity,0.0
LIM332,Greater Letaba,2022,0200,Bulk Water,0.0
LIM332,Greater Letaba,2022,0300,PAYE deductions,0.0
LIM332,Greater Letaba,2022,0400,VAT (output less input),0.0
LIM332,Greater Letaba,2022,0500,Pensions / Retirement deductions,2393406.0
LIM332,Greater Letaba,2022,0600,Loan repayments,0.0
LIM332,Greater Letaba,2022,0700,Trade Creditors,17348179.0
LIM332,Greater Letaba,2022,0800,Auditor General,0.0
LIM332,Greater Letaba,2022,0900,Other,0.0
LIM332,Greater Letaba,2022,1000,Total,19741585.0
LIM333,Greater Tzaneen,2022,0100,Bulk Electricity,104855252.0
LIM333,Greater Tzaneen,2022,0200,Bulk Water,88133.0
LIM333,Greater Tzaneen,2022,0300,PAYE deductions,0.0
LIM333,Greater Tzaneen,2022,0400,VAT (output less input),0.0
LIM333,Greater Tzaneen,2022,0500,Pensions / Retirement deductions,0.0
LIM333,Greater Tzaneen,2022,0600,Loan repayments,319651.0
LIM333,Greater Tzaneen,2022,0700,Trade Creditors,27656075.0
LIM333,Greater Tzaneen,2022,0800,Auditor General,12367.0
LIM333,Greater Tzaneen,2022,0900,Other,1752983.0
LIM333,Greater Tzaneen,2022,1000,Total,134684461.0
LIM334,Ba-Phalaborwa,2022,0100,Bulk Electricity,9697554.0
LIM334,Ba-Phalaborwa,2022,0200,Bulk Water,0.0
LIM334,Ba-Phalaborwa,2022,0300,PAYE deductions,0.0
LIM334,Ba-Phalaborwa,2022,0400,VAT (output less input),0.0
LIM334,Ba-Phalaborwa,2022,0500,Pensions / Retirement deductions,0.0
LIM334,Ba-Phalaborwa,2022,0600,Loan repayments,0.0
LIM334,Ba-Phalaborwa,2022,0700,Trade Creditors,5081780.0
LIM334,Ba-Phalaborwa,2022,0800,Auditor General,0.0
LIM334,Ba-Phalaborwa,2022,0900,Other,145046.0
LIM334,Ba-Phalaborwa,2022,1000,Total,14924380.0
LIM335,Maruleng,2022,0100,Bulk Electricity,0.0
LIM335,Maruleng,2022,0200,Bulk Water,0.0
LIM335,Maruleng,2022,0300,PAYE deductions,0.0
LIM335,Maruleng,2022,0400,VAT (output less input),0.0
LIM335,Maruleng,2022,0500,Pensions / Retirement deductions,22329.0
LIM335,Maruleng,2022,0600,Loan repayments,0.0
LIM335,Maruleng,2022,0700,Trade Creditors,50270.0
LIM335,Maruleng,2022,0800,Auditor General,0.0
LIM335,Maruleng,2022,0900,Other,0.0
LIM335,Maruleng,2022,1000,Total,72599.0
LIM341,Musina,2022,0100,Bulk Electricity,0.0
LIM341,Musina,2022,0200,Bulk Water,0.0
LIM341,Musina,2022,0300,PAYE deductions,0.0
LIM341,Musina,2022,0400,VAT (output less input),0.0
LIM341,Musina,2022,0500,Pensions / Retirement deductions,0.0
LIM341,Musina,2022,0600,Loan repayments,0.0
LIM341,Musina,2022,0700,Trade Creditors,168779.0
LIM341,Musina,2022,0800,Auditor General,0.0
LIM341,Musina,2022,0900,Other,0.0
LIM341,Musina,2022,1000,Total,168779.0
LIM343,Thulamela,2022,0100,Bulk Electricity,0.0
LIM343,Thulamela,2022,0200,Bulk Water,42599.0
LIM343,Thulamela,2022,0300,PAYE deductions,0.0
LIM343,Thulamela,2022,0400,VAT (output less input),0.0
LIM343,Thulamela,2022,0500,Pensions / Retirement deductions,2387405.0
LIM343,Thulamela,2022,0600,Loan repayments,0.0
LIM343,Thulamela,2022,0700,Trade Creditors,29923454.0
LIM343,Thulamela,2022,0800,Auditor General,0.0
LIM343,Thulamela,2022,0900,Other,0.0
LIM343,Thulamela,2022,1000,Total,32353458.0
LIM344,Makhado,2022,0100,Bulk Electricity,0.0
LIM344,Makhado,2022,0200,Bulk Water,0.0
LIM344,Makhado,2022,0300,PAYE deductions,0.0
LIM344,Makhado,2022,0400,VAT (output less input),0.0
LIM344,Makhado,2022,0500,Pensions / Retirement deductions,0.0
LIM344,Makhado,2022,0600,Loan repayments,0.0
LIM344,Makhado,2022,0700,Trade Creditors,6871648.0
LIM344,Makhado,2022,0800,Auditor General,0.0
LIM344,Makhado,2022,0900,Other,0.0
LIM344,Makhado,2022,1000,Total,6871648.0
LIM345,Collins Chabane,2022,0100,Bulk Electricity,0.0
LIM345,Collins Chabane,2022,0200,Bulk Water,0.0
LIM345,Collins Chabane,2022,0300,PAYE deductions,0.0
LIM345,Collins Chabane,2022,0400,VAT (output less input),0.0
LIM345,Collins Chabane,2022,0500,Pensions / Retirement deductions,0.0
LIM345,Collins Chabane,2022,0600,Loan repayments,0.0
LIM345,Collins Chabane,2022,0700,Trade Creditors,17436876.0
LIM345,Collins Chabane,2022,0800,Auditor General,0.0
LIM345,Collins Chabane,2022,0900,Other,0.0
LIM345,Collins Chabane,2022,1000,Total,17436876.0
LIM351,Blouberg,2022,0100,Bulk Electricity,185722.0
LIM351,Blouberg,2022,0200,Bulk Water,0.0
LIM351,Blouberg,2022,0300,PAYE deductions,0.0
LIM351,Blouberg,2022,0400,VAT (output less input),0.0
LIM351,Blouberg,2022,0500,Pensions / Retirement deductions,0.0
LIM351,Blouberg,2022,0600,Loan repayments,0.0
LIM351,Blouberg,2022,0700,Trade Creditors,6371058.0
LIM351,Blouberg,2022,0800,Auditor General,0.0
LIM351,Blouberg,2022,0900,Other,41666937.0
LIM351,Blouberg,2022,1000,Total,48223717.0
LIM353,Molemole,2022,0100,Bulk Electricity,0.0
LIM353,Molemole,2022,0200,Bulk Water,0.0
LIM353,Molemole,2022,0300,PAYE deductions,0.0
LIM353,Molemole,2022,0400,VAT (output less input),0.0
LIM353,Molemole,2022,0500,Pensions / Retirement deductions,0.0
LIM353,Molemole,2022,0600,Loan repayments,0.0
LIM353,Molemole,2022,0700,Trade Creditors,0.0
LIM353,Molemole,2022,0800,Auditor General,0.0
LIM353,Molemole,2022,0900,Other,5584247.0
LIM353,Molemole,2022,1000,Total,5584247.0
LIM354,Polokwane,2022,0100,Bulk Electricity,124555983.0
LIM354,Polokwane,2022,0200,Bulk Water,26109464.0
LIM354,Polokwane,2022,0300,PAYE deductions,0.0
LIM354,Polokwane,2022,0400,VAT (output less input),0.0
LIM354,Polokwane,2022,0500,Pensions / Retirement deductions,15974351.0
LIM354,Polokwane,2022,0600,Loan repayments,0.0
LIM354,Polokwane,2022,0700,Trade Creditors,148662179.0
LIM354,Polokwane,2022,0800,Auditor General,18486075.0
LIM354,Polokwane,2022,0900,Other,0.0
LIM354,Polokwane,2022,1000,Total,333788052.0
LIM355,Lepelle-Nkumpi,2022,0100,Bulk Electricity,0.0
LIM355,Lepelle-Nkumpi,2022,0200,Bulk Water,0.0
LIM355,Lepelle-Nkumpi,2022,0300,PAYE deductions,0.0
LIM355,Lepelle-Nkumpi,2022,0400,VAT (output less input),0.0
LIM355,Lepelle-Nkumpi,2022,0500,Pensions / Retirement deductions,0.0
LIM355,Lepelle-Nkumpi,2022,0600,Loan repayments,0.0
LIM355,Lepelle-Nkumpi,2022,0700,Trade Creditors,0.0
LIM355,Lepelle-Nkumpi,2022,0800,Auditor General,0.0
LIM355,Lepelle-Nkumpi,2022,0900,Other,1753248.0
LIM355,Lepelle-Nkumpi,2022,1000,Total,1753248.0
LIM361,Thabazimbi,2022,0100,Bulk Electricity,0.0
LIM361,Thabazimbi,2022,0200,Bulk Water,0.0
LIM361,Thabazimbi,2022,0300,PAYE deductions,0.0
LIM361,Thabazimbi,2022,0400,VAT (output less input),0.0
LIM361,Thabazimbi,2022,0500,Pensions / Retirement deductions,0.0
LIM361,Thabazimbi,2022,0600,Loan repayments,0.0
LIM361,Thabazimbi,2022,0700,Trade Creditors,397276919.0
LIM361,Thabazimbi,2022,0800,Auditor General,0.0
LIM361,Thabazimbi,2022,0900,Other,0.0
LIM361,Thabazimbi,2022,1000,Total,397276919.0
LIM366,Bela Bela,2022,0100,Bulk Electricity,116349566.0
LIM366,Bela Bela,2022,0200,Bulk Water,40847656.0
LIM366,Bela Bela,2022,0300,PAYE deductions,0.0
LIM366,Bela Bela,2022,0400,VAT (output less input),0.0
LIM366,Bela Bela,2022,0500,Pensions / Retirement deductions,0.0
LIM366,Bela Bela,2022,0600,Loan repayments,0.0
LIM366,Bela Bela,2022,0700,Trade Creditors,-59050968.0
LIM366,Bela Bela,2022,0800,Auditor General,8014543.0
LIM366,Bela Bela,2022,0900,Other,0.0
LIM366,Bela Bela,2022,1000,Total,106160797.0
LIM367,Mogalakwena,2022,0100,Bulk Electricity,65735704.0
LIM367,Mogalakwena,2022,0200,Bulk Water,8784802.0
LIM367,Mogalakwena,2022,0300,PAYE deductions,3472367.0
LIM367,Mogalakwena,2022,0400,VAT (output less input),3183168.0
LIM367,Mogalakwena,2022,0500,Pensions / Retirement deductions,0.0
LIM367,Mogalakwena,2022,0600,Loan repayments,0.0
LIM367,Mogalakwena,2022,0700,Trade Creditors,33124640.0
LIM367,Mogalakwena,2022,0800,Auditor General,0.0
LIM367,Mogalakwena,2022,0900,Other,0.0
LIM367,Mogalakwena,2022,1000,Total,114300681.0
LIM368,Modimolle-Mookgopong,2022,0100,Bulk Electricity,742815303.0
LIM368,Modimolle-Mookgopong,2022,0200,Bulk Water,59722475.0
LIM368,Modimolle-Mookgopong,2022,0300,PAYE deductions,0.0
LIM368,Modimolle-Mookgopong,2022,0400,VAT (output less input),0.0
LIM368,Modimolle-Mookgopong,2022,0500,Pensions / Retirement deductions,567444.0
LIM368,Modimolle-Mookgopong,2022,0600,Loan repayments,0.0
LIM368,Modimolle-Mookgopong,2022,0700,Trade Creditors,131588199.0
LIM368,Modimolle-Mookgopong,2022,0800,Auditor General,151400.0
LIM368,Modimolle-Mookgopong,2022,0900,Other,0.0
LIM368,Modimolle-Mookgopong,2022,1000,Total,934844821.0
LIM472,Elias Motsoaledi,2022,0100,Bulk Electricity,0.0
LIM472,Elias Motsoaledi,2022,0200,Bulk Water,0.0
LIM472,Elias Motsoaledi,2022,0300,PAYE deductions,0.0
LIM472,Elias Motsoaledi,2022,0400,VAT (output less input),0.0
LIM472,Elias Motsoaledi,2022,0500,Pensions / Retirement deductions,6676213.0
LIM472,Elias Motsoaledi,2022,0600,Loan repayments,0.0
LIM472,Elias Motsoaledi,2022,0700,Trade Creditors,-6667933.0
LIM472,Elias Motsoaledi,2022,0800,Auditor General,0.0
LIM472,Elias Motsoaledi,2022,0900,Other,0.0
LIM472,Elias Motsoaledi,2022,1000,Total,8280.0
LIM473,Makhuduthamaga,2022,0100,Bulk Electricity,0.0
LIM473,Makhuduthamaga,2022,0200,Bulk Water,0.0
LIM473,Makhuduthamaga,2022,0300,PAYE deductions,0.0
LIM473,Makhuduthamaga,2022,0400,VAT (output less input),0.0
LIM473,Makhuduthamaga,2022,0500,Pensions / Retirement deductions,0.0
LIM473,Makhuduthamaga,2022,0600,Loan repayments,0.0
LIM473,Makhuduthamaga,2022,0700,Trade Creditors,131466.0
LIM473,Makhuduthamaga,2022,0800,Auditor General,0.0
LIM473,Makhuduthamaga,2022,0900,Other,210449.0
LIM473,Makhuduthamaga,2022,1000,Total,341915.0
LIM476,Tubatse Fetakgomo,2022,0100,Bulk Electricity,0.0
LIM476,Tubatse Fetakgomo,2022,0200,Bulk Water,0.0
LIM476,Tubatse Fetakgomo,2022,0300,PAYE deductions,0.0
LIM476,Tubatse Fetakgomo,2022,0400,VAT (output less input),0.0
LIM476,Tubatse Fetakgomo,2022,0500,Pensions / Retirement deductions,0.0
LIM476,Tubatse Fetakgomo,2022,0600,Loan repayments,0.0
LIM476,Tubatse Fetakgomo,2022,0700,Trade Creditors,0.0
LIM476,Tubatse Fetakgomo,2022,0800,Auditor General,0.0
LIM476,Tubatse Fetakgomo,2022,0900,Other,0.0
LIM476,Tubatse Fetakgomo,2022,1000,Total,0.0
MAN,Mangaung,2022,0100,Bulk Electricity,488527769.0
MAN,Mangaung,2022,0200,Bulk Water,259800396.0
MAN,Mangaung,2022,0300,PAYE deductions,50038295.0
MAN,Mangaung,2022,0400,VAT (output less input),0.0
MAN,Mangaung,2022,0500,Pensions / Retirement deductions,0.0
MAN,Mangaung,2022,0600,Loan repayments,68993360.0
MAN,Mangaung,2022,0700,Trade Creditors,178891219.0
MAN,Mangaung,2022,0800,Auditor General,0.0
MAN,Mangaung,2022,0900,Other,0.0
MAN,Mangaung,2022,1000,Total,1046251039.0
MP301,Albert Luthuli,2022,0100,Bulk Electricity,0.0
MP301,Albert Luthuli,2022,0200,Bulk Water,0.0
MP301,Albert Luthuli,2022,0300,PAYE deductions,0.0
MP301,Albert Luthuli,2022,0400,VAT (output less input),0.0
MP301,Albert Luthuli,2022,0500,Pensions / Retirement deductions,0.0
MP301,Albert Luthuli,2022,0600,Loan repayments,0.0
MP301,Albert Luthuli,2022,0700,Trade Creditors,8395451.0
MP301,Albert Luthuli,2022,0800,Auditor General,0.0
MP301,Albert Luthuli,2022,0900,Other,27133241.0
MP301,Albert Luthuli,2022,1000,Total,35528692.0
MP302,Msukaligwa,2022,0100,Bulk Electricity,293585807.0
MP302,Msukaligwa,2022,0200,Bulk Water,1042094394.0
MP302,Msukaligwa,2022,0300,PAYE deductions,0.0
MP302,Msukaligwa,2022,0400,VAT (output less input),0.0
MP302,Msukaligwa,2022,0500,Pensions / Retirement deductions,0.0
MP302,Msukaligwa,2022,0600,Loan repayments,0.0
MP302,Msukaligwa,2022,0700,Trade Creditors,26916067.0
MP302,Msukaligwa,2022,0800,Auditor General,0.0
MP302,Msukaligwa,2022,0900,Other,30965416.0
MP302,Msukaligwa,2022,1000,Total,1393561684.0
MP303,Mkhondo,2022,0100,Bulk Electricity,46515.0
MP303,Mkhondo,2022,0200,Bulk Water,0.0
MP303,Mkhondo,2022,0300,PAYE deductions,0.0
MP303,Mkhondo,2022,0400,VAT (output less input),0.0
MP303,Mkhondo,2022,0500,Pensions / Retirement deductions,11150681.0
MP303,Mkhondo,2022,0600,Loan repayments,0.0
MP303,Mkhondo,2022,0700,Trade Creditors,571371811.0
MP303,Mkhondo,2022,0800,Auditor General,0.0
MP303,Mkhondo,2022,0900,Other,0.0
MP303,Mkhondo,2022,1000,Total,582569007.0
MP304,Pixley Ka Seme (MP),2022,0100,Bulk Electricity,0.0
MP304,Pixley Ka Seme (MP),2022,0200,Bulk Water,0.0
MP304,Pixley Ka Seme (MP),2022,0300,PAYE deductions,0.0
MP304,Pixley Ka Seme (MP),2022,0400,VAT (output less input),20557911.0
MP304,Pixley Ka Seme (MP),2022,0500,Pensions / Retirement deductions,0.0
MP304,Pixley Ka Seme (MP),2022,0600,Loan repayments,0.0
MP304,Pixley Ka Seme (MP),2022,0700,Trade Creditors,2115615.0
MP304,Pixley Ka Seme (MP),2022,0800,Auditor General,0.0
MP304,Pixley Ka Seme (MP),2022,0900,Other,0.0
MP304,Pixley Ka Seme (MP),2022,1000,Total,22673526.0
MP305,Lekwa,2022,0100,Bulk Electricity,132428.0
MP305,Lekwa,2022,0200,Bulk Water,0.0
MP305,Lekwa,2022,0300,PAYE deductions,10788668.0
MP305,Lekwa,2022,0400,VAT (output less input),0.0
MP305,Lekwa,2022,0500,Pensions / Retirement deductions,1314604.0
MP305,Lekwa,2022,0600,Loan repayments,0.0
MP305,Lekwa,2022,0700,Trade Creditors,1652221199.0
MP305,Lekwa,2022,0800,Auditor General,4167642.0
MP305,Lekwa,2022,0900,Other,352157397.0
MP305,Lekwa,2022,1000,Total,2020781938.0
MP306,Dipaleseng,2022,0100,Bulk Electricity,0.0
MP306,Dipaleseng,2022,0200,Bulk Water,0.0
MP306,Dipaleseng,2022,0300,PAYE deductions,0.0
MP306,Dipaleseng,2022,0400,VAT (output less input),0.0
MP306,Dipaleseng,2022,0500,Pensions / Retirement deductions,0.0
MP306,Dipaleseng,2022,0600,Loan repayments,0.0
MP306,Dipaleseng,2022,0700,Trade Creditors,189771000.0
MP306,Dipaleseng,2022,0800,Auditor General,0.0
MP306,Dipaleseng,2022,0900,Other,0.0
MP306,Dipaleseng,2022,1000,Total,189771000.0
MP307,Govan Mbeki,2022,0100,Bulk Electricity,0.0
MP307,Govan Mbeki,2022,0200,Bulk Water,0.0
MP307,Govan Mbeki,2022,0300,PAYE deductions,0.0
MP307,Govan Mbeki,2022,0400,VAT (output less input),0.0
MP307,Govan Mbeki,2022,0500,Pensions / Retirement deductions,17059674.0
MP307,Govan Mbeki,2022,0600,Loan repayments,0.0
MP307,Govan Mbeki,2022,0700,Trade Creditors,3680537472.0
MP307,Govan Mbeki,2022,0800,Auditor General,0.0
MP307,Govan Mbeki,2022,0900,Other,0.0
MP307,Govan Mbeki,2022,1000,Total,3697597146.0
MP311,Victor Khanye,2022,0100,Bulk Electricity,467905873.0
MP311,Victor Khanye,2022,0200,Bulk Water,125446888.0
MP311,Victor Khanye,2022,0300,PAYE deductions,0.0
MP311,Victor Khanye,2022,0400,VAT (output less input),0.0
MP311,Victor Khanye,2022,0500,Pensions / Retirement deductions,646163.0
MP311,Victor Khanye,2022,0600,Loan repayments,0.0
MP311,Victor Khanye,2022,0700,Trade Creditors,205653018.0
MP311,Victor Khanye,2022,0800,Auditor General,0.0
MP311,Victor Khanye,2022,0900,Other,0.0
MP311,Victor Khanye,2022,1000,Total,799651942.0
MP312,Emalahleni (MP),2022,0100,Bulk Electricity,2600608277.0
MP312,Emalahleni (MP),2022,0200,Bulk Water,124275435.0
MP312,Emalahleni (MP),2022,0300,PAYE deductions,0.0
MP312,Emalahleni (MP),2022,0400,VAT (output less input),0.0
MP312,Emalahleni (MP),2022,0500,Pensions / Retirement deductions,138383634.0
MP312,Emalahleni (MP),2022,0600,Loan repayments,0.0
MP312,Emalahleni (MP),2022,0700,Trade Creditors,724377001.0
MP312,Emalahleni (MP),2022,0800,Auditor General,0.0
MP312,Emalahleni (MP),2022,0900,Other,0.0
MP312,Emalahleni (MP),2022,1000,Total,3587644347.0
MP313,Steve Tshwete,2022,0100,Bulk Electricity,100800.0
MP313,Steve Tshwete,2022,0200,Bulk Water,0.0
MP313,Steve Tshwete,2022,0300,PAYE deductions,0.0
MP313,Steve Tshwete,2022,0400,VAT (output less input),0.0
MP313,Steve Tshwete,2022,0500,Pensions / Retirement deductions,1844790.0
MP313,Steve Tshwete,2022,0600,Loan repayments,0.0
MP313,Steve Tshwete,2022,0700,Trade Creditors,8193706.0
MP313,Steve Tshwete,2022,0800,Auditor General,0.0
MP313,Steve Tshwete,2022,0900,Other,0.0
MP313,Steve Tshwete,2022,1000,Total,10139296.0
MP315,Thembisile Hani,2022,0100,Bulk Electricity,0.0
MP315,Thembisile Hani,2022,0200,Bulk Water,0.0
MP315,Thembisile Hani,2022,0300,PAYE deductions,0.0
MP315,Thembisile Hani,2022,0400,VAT (output less input),0.0
MP315,Thembisile Hani,2022,0500,Pensions / Retirement deductions,13980.0
MP315,Thembisile Hani,2022,0600,Loan repayments,0.0
MP315,Thembisile Hani,2022,0700,Trade Creditors,416272.0
MP315,Thembisile Hani,2022,0800,Auditor General,0.0
MP315,Thembisile Hani,2022,0900,Other,0.0
MP315,Thembisile Hani,2022,1000,Total,430252.0
MP321,Thaba Chweu,2022,0100,Bulk Electricity,347250230.0
MP321,Thaba Chweu,2022,0200,Bulk Water,0.0
MP321,Thaba Chweu,2022,0300,PAYE deductions,0.0
MP321,Thaba Chweu,2022,0400,VAT (output less input),0.0
MP321,Thaba Chweu,2022,0500,Pensions / Retirement deductions,916717.0
MP321,Thaba Chweu,2022,0600,Loan repayments,0.0
MP321,Thaba Chweu,2022,0700,Trade Creditors,875345417.0
MP321,Thaba Chweu,2022,0800,Auditor General,0.0
MP321,Thaba Chweu,2022,0900,Other,0.0
MP321,Thaba Chweu,2022,1000,Total,1223512364.0
MP324,Nkomazi,2022,0100,Bulk Electricity,20554511.0
MP324,Nkomazi,2022,0200,Bulk Water,0.0
MP324,Nkomazi,2022,0300,PAYE deductions,0.0
MP324,Nkomazi,2022,0400,VAT (output less input),0.0
MP324,Nkomazi,2022,0500,Pensions / Retirement deductions,13613662.0
MP324,Nkomazi,2022,0600,Loan repayments,0.0
MP324,Nkomazi,2022,0700,Trade Creditors,25697141.0
MP324,Nkomazi,2022,0800,Auditor General,0.0
MP324,Nkomazi,2022,0900,Other,151675417.0
MP324,Nkomazi,2022,1000,Total,211540731.0
MP325,Bushbuckridge,2022,0100,Bulk Electricity,0.0
MP325,Bushbuckridge,2022,0200,Bulk Water,3580393.0
MP325,Bushbuckridge,2022,0300,PAYE deductions,312489.0
MP325,Bushbuckridge,2022,0400,VAT (output less input),0.0
MP325,Bushbuckridge,2022,0500,Pensions / Retirement deductions,9532220.0
MP325,Bushbuckridge,2022,0600,Loan repayments,0.0
MP325,Bushbuckridge,2022,0700,Trade Creditors,60124960.0
MP325,Bushbuckridge,2022,0800,Auditor General,9309.0
MP325,Bushbuckridge,2022,0900,Other,142211462.0
MP325,Bushbuckridge,2022,1000,Total,215770833.0
MP326,City of Mbombela,2022,0100,Bulk Electricity,600549541.0
MP326,City of Mbombela,2022,0200,Bulk Water,212762155.0
MP326,City of Mbombela,2022,0300,PAYE deductions,38021101.0
MP326,City of Mbombela,2022,0400,VAT (output less input),0.0
MP326,City of Mbombela,2022,0500,Pensions / Retirement deductions,14443641.0
MP326,City of Mbombela,2022,0600,Loan repayments,0.0
MP326,City of Mbombela,2022,0700,Trade Creditors,769929883.0
MP326,City of Mbombela,2022,0800,Auditor General,16018360.0
MP326,City of Mbombela,2022,0900,Other,631886328.0
MP326,City of Mbombela,2022,1000,Total,2283611009.0
NC062,Nama Khoi,2022,0100,Bulk Electricity,220882358.0
NC062,Nama Khoi,2022,0200,Bulk Water,205532224.0
NC062,Nama Khoi,2022,0300,PAYE deductions,0.0
NC062,Nama Khoi,2022,0400,VAT (output less input),0.0
NC062,Nama Khoi,2022,0500,Pensions / Retirement deductions,0.0
NC062,Nama Khoi,2022,0600,Loan repayments,0.0
NC062,Nama Khoi,2022,0700,Trade Creditors,-206644.0
NC062,Nama Khoi,2022,0800,Auditor General,2224196.0
NC062,Nama Khoi,2022,0900,Other,-200012.0
NC062,Nama Khoi,2022,1000,Total,428232122.0
NC064,Kamiesberg,2022,0100,Bulk Electricity,55151788.0
NC064,Kamiesberg,2022,0200,Bulk Water,0.0
NC064,Kamiesberg,2022,0300,PAYE deductions,1287141.0
NC064,Kamiesberg,2022,0400,VAT (output less input),0.0
NC064,Kamiesberg,2022,0500,Pensions / Retirement deductions,3986510.0
NC064,Kamiesberg,2022,0600,Loan repayments,0.0
NC064,Kamiesberg,2022,0700,Trade Creditors,1884217.0
NC064,Kamiesberg,2022,0800,Auditor General,4083485.0
NC064,Kamiesberg,2022,0900,Other,15461374.0
NC064,Kamiesberg,2022,1000,Total,81854515.0
NC065,Hantam,2022,0100,Bulk Electricity,0.0
NC065,Hantam,2022,0200,Bulk Water,0.0
NC065,Hantam,2022,0300,PAYE deductions,0.0
NC065,Hantam,2022,0400,VAT (output less input),0.0
NC065,Hantam,2022,0500,Pensions / Retirement deductions,0.0
NC065,Hantam,2022,0600,Loan repayments,0.0
NC065,Hantam,2022,0700,Trade Creditors,10159587.0
NC065,Hantam,2022,0800,Auditor General,2956584.0
NC065,Hantam,2022,0900,Other,7206752.0
NC065,Hantam,2022,1000,Total,20322923.0
NC066,Karoo Hoogland,2022,0100,Bulk Electricity,0.0
NC066,Karoo Hoogland,2022,0200,Bulk Water,0.0
NC066,Karoo Hoogland,2022,0300,PAYE deductions,0.0
NC066,Karoo Hoogland,2022,0400,VAT (output less input),0.0
NC066,Karoo Hoogland,2022,0500,Pensions / Retirement deductions,0.0
NC066,Karoo Hoogland,2022,0600,Loan repayments,0.0
NC066,Karoo Hoogland,2022,0700,Trade Creditors,3440146.0
NC066,Karoo Hoogland,2022,0800,Auditor General,0.0
NC066,Karoo Hoogland,2022,0900,Other,205139.0
NC066,Karoo Hoogland,2022,1000,Total,3645285.0
NC067,Khai-Ma,2022,0100,Bulk Electricity,34693941.0
NC067,Khai-Ma,2022,0200,Bulk Water,11313902.0
NC067,Khai-Ma,2022,0300,PAYE deductions,416184.0
NC067,Khai-Ma,2022,0400,VAT (output less input),0.0
NC067,Khai-Ma,2022,0500,Pensions / Retirement deductions,338086.0
NC067,Khai-Ma,2022,0600,Loan repayments,0.0
NC067,Khai-Ma,2022,0700,Trade Creditors,0.0
NC067,Khai-Ma,2022,0800,Auditor General,5956486.0
NC067,Khai-Ma,2022,0900,Other,12626723.0
NC067,Khai-Ma,2022,1000,Total,65345322.0
NC071,Ubuntu,2022,0100,Bulk Electricity,81908854.0
NC071,Ubuntu,2022,0200,Bulk Water,237496.0
NC071,Ubuntu,2022,0300,PAYE deductions,0.0
NC071,Ubuntu,2022,0400,VAT (output less input),0.0
NC071,Ubuntu,2022,0500,Pensions / Retirement deductions,0.0
NC071,Ubuntu,2022,0600,Loan repayments,0.0
NC071,Ubuntu,2022,0700,Trade Creditors,3527867.0
NC071,Ubuntu,2022,0800,Auditor General,8188963.0
NC071,Ubuntu,2022,0900,Other,0.0
NC071,Ubuntu,2022,1000,Total,93863180.0
NC072,Umsobomvu,2022,0100,Bulk Electricity,12169342.0
NC072,Umsobomvu,2022,0200,Bulk Water,0.0
NC072,Umsobomvu,2022,0300,PAYE deductions,0.0
NC072,Umsobomvu,2022,0400,VAT (output less input),0.0
NC072,Umsobomvu,2022,0500,Pensions / Retirement deductions,0.0
NC072,Umsobomvu,2022,0600,Loan repayments,0.0
NC072,Umsobomvu,2022,0700,Trade Creditors,10912.0
NC072,Umsobomvu,2022,0800,Auditor General,0.0
NC072,Umsobomvu,2022,0900,Other,11502971.0
NC072,Umsobomvu,2022,1000,Total,23683225.0
NC073,Emthanjeni,2022,0100,Bulk Electricity,0.0
NC073,Emthanjeni,2022,0200,Bulk Water,0.0
NC073,Emthanjeni,2022,0300,PAYE deductions,0.0
NC073,Emthanjeni,2022,0400,VAT (output less input),0.0
NC073,Emthanjeni,2022,0500,Pensions / Retirement deductions,0.0
NC073,Emthanjeni,2022,0600,Loan repayments,0.0
NC073,Emthanjeni,2022,0700,Trade Creditors,0.0
NC073,Emthanjeni,2022,0800,Auditor General,0.0
NC073,Emthanjeni,2022,0900,Other,134049064.0
NC073,Emthanjeni,2022,1000,Total,134049064.0
NC074,Kareeberg,2022,0100,Bulk Electricity,0.0
NC074,Kareeberg,2022,0200,Bulk Water,0.0
NC074,Kareeberg,2022,0300,PAYE deductions,0.0
NC074,Kareeberg,2022,0400,VAT (output less input),0.0
NC074,Kareeberg,2022,0500,Pensions / Retirement deductions,0.0
NC074,Kareeberg,2022,0600,Loan repayments,0.0
NC074,Kareeberg,2022,0700,Trade Creditors,0.0
NC074,Kareeberg,2022,0800,Auditor General,0.0
NC074,Kareeberg,2022,0900,Other,0.0
NC074,Kareeberg,2022,1000,Total,0.0
NC075,Renosterberg,2022,0100,Bulk Electricity,96121172.0
NC075,Renosterberg,2022,0200,Bulk Water,5956240.0
NC075,Renosterberg,2022,0300,PAYE deductions,2484556.0
NC075,Renosterberg,2022,0400,VAT (output less input),226118.0
NC075,Renosterberg,2022,0500,Pensions / Retirement deductions,0.0
NC075,Renosterberg,2022,0600,Loan repayments,0.0
NC075,Renosterberg,2022,0700,Trade Creditors,5957452.0
NC075,Renosterberg,2022,0800,Auditor General,6203122.0
NC075,Renosterberg,2022,0900,Other,249123.0
NC075,Renosterberg,2022,1000,Total,117197783.0
NC076,Thembelihle,2022,0100,Bulk Electricity,117197318.0
NC076,Thembelihle,2022,0200,Bulk Water,5547.0
NC076,Thembelihle,2022,0300,PAYE deductions,0.0
NC076,Thembelihle,2022,0400,VAT (output less input),0.0
NC076,Thembelihle,2022,0500,Pensions / Retirement deductions,0.0
NC076,Thembelihle,2022,0600,Loan repayments,0.0
NC076,Thembelihle,2022,0700,Trade Creditors,19148952.0
NC076,Thembelihle,2022,0800,Auditor General,10556542.0
NC076,Thembelihle,2022,0900,Other,3446821.0
NC076,Thembelihle,2022,1000,Total,150355180.0
NC077,Siyathemba,2022,0100,Bulk Electricity,47254317.0
NC077,Siyathemba,2022,0200,Bulk Water,0.0
NC077,Siyathemba,2022,0300,PAYE deductions,0.0
NC077,Siyathemba,2022,0400,VAT (output less input),0.0
NC077,Siyathemba,2022,0500,Pensions / Retirement deductions,0.0
NC077,Siyathemba,2022,0600,Loan repayments,12692.0
NC077,Siyathemba,2022,0700,Trade Creditors,6454928.0
NC077,Siyathemba,2022,0800,Auditor General,3581745.0
NC077,Siyathemba,2022,0900,Other,176910.0
NC077,Siyathemba,2022,1000,Total,57480592.0
NC078,Siyancuma,2022,0100,Bulk Electricity,0.0
NC078,Siyancuma,2022,0200,Bulk Water,0.0
NC078,Siyancuma,2022,0300,PAYE deductions,0.0
NC078,Siyancuma,2022,0400,VAT (output less input),0.0
NC078,Siyancuma,2022,0500,Pensions / Retirement deductions,0.0
NC078,Siyancuma,2022,0600,Loan repayments,0.0
NC078,Siyancuma,2022,0700,Trade Creditors,230507482.0
NC078,Siyancuma,2022,0800,Auditor General,0.0
NC078,Siyancuma,2022,0900,Other,1705121.0
NC078,Siyancuma,2022,1000,Total,232212603.0
NC084,!Kheis,2022,0100,Bulk Electricity,1708033.0
NC084,!Kheis,2022,0200,Bulk Water,2327282.0
NC084,!Kheis,2022,0300,PAYE deductions,0.0
NC084,!Kheis,2022,0400,VAT (output less input),0.0
NC084,!Kheis,2022,0500,Pensions / Retirement deductions,0.0
NC084,!Kheis,2022,0600,Loan repayments,0.0
NC084,!Kheis,2022,0700,Trade Creditors,2995460.0
NC084,!Kheis,2022,0800,Auditor General,592905.0
NC084,!Kheis,2022,0900,Other,48442698.0
NC084,!Kheis,2022,1000,Total,56066378.0
NC085,Tsantsabane,2022,0100,Bulk Electricity,213871407.0
NC085,Tsantsabane,2022,0200,Bulk Water,3725000.0
NC085,Tsantsabane,2022,0300,PAYE deductions,0.0
NC085,Tsantsabane,2022,0400,VAT (output less input),0.0
NC085,Tsantsabane,2022,0500,Pensions / Retirement deductions,0.0
NC085,Tsantsabane,2022,0600,Loan repayments,0.0
NC085,Tsantsabane,2022,0700,Trade Creditors,95746730.0
NC085,Tsantsabane,2022,0800,Auditor General,0.0
NC085,Tsantsabane,2022,0900,Other,662907.0
NC085,Tsantsabane,2022,1000,Total,314006044.0
NC086,Kgatelopele,2022,0100,Bulk Electricity,10267517.0
NC086,Kgatelopele,2022,0200,Bulk Water,0.0
NC086,Kgatelopele,2022,0300,PAYE deductions,0.0
NC086,Kgatelopele,2022,0400,VAT (output less input),0.0
NC086,Kgatelopele,2022,0500,Pensions / Retirement deductions,0.0
NC086,Kgatelopele,2022,0600,Loan repayments,0.0
NC086,Kgatelopele,2022,0700,Trade Creditors,9312446.0
NC086,Kgatelopele,2022,0800,Auditor General,9498798.0
NC086,Kgatelopele,2022,0900,Other,1729741.0
NC086,Kgatelopele,2022,1000,Total,30808502.0
NC087,Dawid Kruiper,2022,0100,Bulk Electricity,173800970.0
NC087,Dawid Kruiper,2022,0200,Bulk Water,6554549.0
NC087,Dawid Kruiper,2022,0300,PAYE deductions,0.0
NC087,Dawid Kruiper,2022,0400,VAT (output less input),0.0
NC087,Dawid Kruiper,2022,0500,Pensions / Retirement deductions,2477084.0
NC087,Dawid Kruiper,2022,0600,Loan repayments,0.0
NC087,Dawid Kruiper,2022,0700,Trade Creditors,-147603264.0
NC087,Dawid Kruiper,2022,0800,Auditor General,2836505.0
NC087,Dawid Kruiper,2022,0900,Other,0.0
NC087,Dawid Kruiper,2022,1000,Total,38065844.0
NC091,Sol Plaatje,2022,0100,Bulk Electricity,661004722.0
NC091,Sol Plaatje,2022,0200,Bulk Water,166803263.0
NC091,Sol Plaatje,2022,0300,PAYE deductions,8999149.0
NC091,Sol Plaatje,2022,0400,VAT (output less input),0.0
NC091,Sol Plaatje,2022,0500,Pensions / Retirement deductions,7343052.0
NC091,Sol Plaatje,2022,0600,Loan repayments,0.0
NC091,Sol Plaatje,2022,0700,Trade Creditors,0.0
NC091,Sol Plaatje,2022,0800,Auditor General,85011.0
NC091,Sol Plaatje,2022,0900,Other,127912952.0
NC091,Sol Plaatje,2022,1000,Total,972148149.0
NC092,Dikgatlong,2022,0100,Bulk Electricity,0.0
NC092,Dikgatlong,2022,0200,Bulk Water,4700018.0
NC092,Dikgatlong,2022,0300,PAYE deductions,0.0
NC092,Dikgatlong,2022,0400,VAT (output less input),0.0
NC092,Dikgatlong,2022,0500,Pensions / Retirement deductions,0.0
NC092,Dikgatlong,2022,0600,Loan repayments,0.0
NC092,Dikgatlong,2022,0700,Trade Creditors,5120401.0
NC092,Dikgatlong,2022,0800,Auditor General,0.0
NC092,Dikgatlong,2022,0900,Other,45897965.0
NC092,Dikgatlong,2022,1000,Total,55718384.0
NC093,Magareng,2022,0100,Bulk Electricity,86441199.0
NC093,Magareng,2022,0200,Bulk Water,119311152.0
NC093,Magareng,2022,0300,PAYE deductions,0.0
NC093,Magareng,2022,0400,VAT (output less input),0.0
NC093,Magareng,2022,0500,Pensions / Retirement deductions,0.0
NC093,Magareng,2022,0600,Loan repayments,0.0
NC093,Magareng,2022,0700,Trade Creditors,26455658.0
NC093,Magareng,2022,0800,Auditor General,2140247.0
NC093,Magareng,2022,0900,Other,0.0
NC093,Magareng,2022,1000,Total,234348256.0
NC094,Phokwane,2022,0100,Bulk Electricity,0.0
NC094,Phokwane,2022,0200,Bulk Water,0.0
NC094,Phokwane,2022,0300,PAYE deductions,0.0
NC094,Phokwane,2022,0400,VAT (output less input),0.0
NC094,Phokwane,2022,0500,Pensions / Retirement deductions,0.0
NC094,Phokwane,2022,0600,Loan repayments,0.0
NC094,Phokwane,2022,0700,Trade Creditors,378501179.0
NC094,Phokwane,2022,0800,Auditor General,0.0
NC094,Phokwane,2022,0900,Other,0.0
NC094,Phokwane,2022,1000,Total,378501179.0
NC451,Joe Morolong,2022,0100,Bulk Electricity,3837137.0
NC451,Joe Morolong,2022,0200,Bulk Water,17395.0
NC451,Joe Morolong,2022,0300,PAYE deductions,0.0
NC451,Joe Morolong,2022,0400,VAT (output less input),0.0
NC451,Joe Morolong,2022,0500,Pensions / Retirement deductions,0.0
NC451,Joe Morolong,2022,0600,Loan repayments,2841.0
NC451,Joe Morolong,2022,0700,Trade Creditors,12952590.0
NC451,Joe Morolong,2022,0800,Auditor General,1912972.0
NC451,Joe Morolong,2022,0900,Other,14961298.0
NC451,Joe Morolong,2022,1000,Total,33684233.0
NC452,Ga-Segonyana,2022,0100,Bulk Electricity,0.0
NC452,Ga-Segonyana,2022,0200,Bulk Water,0.0
NC452,Ga-Segonyana,2022,0300,PAYE deductions,0.0
NC452,Ga-Segonyana,2022,0400,VAT (output less input),0.0
NC452,Ga-Segonyana,2022,0500,Pensions / Retirement deductions,0.0
NC452,Ga-Segonyana,2022,0600,Loan repayments,0.0
NC452,Ga-Segonyana,2022,0700,Trade Creditors,-29801.0
NC452,Ga-Segonyana,2022,0800,Auditor General,0.0
NC452,Ga-Segonyana,2022,0900,Other,0.0
NC452,Ga-Segonyana,2022,1000,Total,-29801.0
NC453,Gamagara,2022,0100,Bulk Electricity,296138718.0
NC453,Gamagara,2022,0200,Bulk Water,2178770.0
NC453,Gamagara,2022,0300,PAYE deductions,0.0
NC453,Gamagara,2022,0400,VAT (output less input),0.0
NC453,Gamagara,2022,0500,Pensions / Retirement deductions,0.0
NC453,Gamagara,2022,0600,Loan repayments,0.0
NC453,Gamagara,2022,0700,Trade Creditors,8699489.0
NC453,Gamagara,2022,0800,Auditor General,5612.0
NC453,Gamagara,2022,0900,Other,26768888.0
NC453,Gamagara,2022,1000,Total,333791477.0
NMA,Nelson Mandela Bay,2022,0100,Bulk Electricity,0.0
NMA,Nelson Mandela Bay,2022,0200,Bulk Water,0.0
NMA,Nelson Mandela Bay,2022,0300,PAYE deductions,0.0
NMA,Nelson Mandela Bay,2022,0400,VAT (output less input),0.0
NMA,Nelson Mandela Bay,2022,0500,Pensions / Retirement deductions,0.0
NMA,Nelson Mandela Bay,2022,0600,Loan repayments,0.0
NMA,Nelson Mandela Bay,2022,0700,Trade Creditors,2065187590.0
NMA,Nelson Mandela Bay,2022,0800,Auditor General,0.0
NMA,Nelson Mandela Bay,2022,0900,Other,0.0
NMA,Nelson Mandela Bay,2022,1000,Total,2065187590.0
NW372,Madibeng,2022,0100,Bulk Electricity,202749898.0
NW372,Madibeng,2022,0200,Bulk Water,316358755.0
NW372,Madibeng,2022,0300,PAYE deductions,60417733.0
NW372,Madibeng,2022,0400,VAT (output less input),0.0
NW372,Madibeng,2022,0500,Pensions / Retirement deductions,0.0
NW372,Madibeng,2022,0600,Loan repayments,0.0
NW372,Madibeng,2022,0700,Trade Creditors,14241377.0
NW372,Madibeng,2022,0800,Auditor General,5248963.0
NW372,Madibeng,2022,0900,Other,599394238.0
NW372,Madibeng,2022,1000,Total,1198410964.0
NW375,Moses Kotane,2022,0100,Bulk Electricity,0.0
NW375,Moses Kotane,2022,0200,Bulk Water,0.0
NW375,Moses Kotane,2022,0300,PAYE deductions,0.0
NW375,Moses Kotane,2022,0400,VAT (output less input),0.0
NW375,Moses Kotane,2022,0500,Pensions / Retirement deductions,0.0
NW375,Moses Kotane,2022,0600,Loan repayments,0.0
NW375,Moses Kotane,2022,0700,Trade Creditors,28028021.0
NW375,Moses Kotane,2022,0800,Auditor General,0.0
NW375,Moses Kotane,2022,0900,Other,0.0
NW375,Moses Kotane,2022,1000,Total,28028021.0
NW382,Tswaing,2022,0100,Bulk Electricity,82944324.0
NW382,Tswaing,2022,0200,Bulk Water,1101919.0
NW382,Tswaing,2022,0300,PAYE deductions,3278830.0
NW382,Tswaing,2022,0400,VAT (output less input),0.0
NW382,Tswaing,2022,0500,Pensions / Retirement deductions,40511476.0
NW382,Tswaing,2022,0600,Loan repayments,0.0
NW382,Tswaing,2022,0700,Trade Creditors,15818740.0
NW382,Tswaing,2022,0800,Auditor General,1577320.0
NW382,Tswaing,2022,0900,Other,3078687.0
NW382,Tswaing,2022,1000,Total,148311296.0
NW383,Mafikeng,2022,0100,Bulk Electricity,0.0
NW383,Mafikeng,2022,0200,Bulk Water,0.0
NW383,Mafikeng,2022,0300,PAYE deductions,0.0
NW383,Mafikeng,2022,0400,VAT (output less input),0.0
NW383,Mafikeng,2022,0500,Pensions / Retirement deductions,-513748.0
NW383,Mafikeng,2022,0600,Loan repayments,0.0
NW383,Mafikeng,2022,0700,Trade Creditors,113127695.0
NW383,Mafikeng,2022,0800,Auditor General,0.0
NW383,Mafikeng,2022,0900,Other,0.0
NW383,Mafikeng,2022,1000,Total,112613947.0
NW385,Ramotshere Moiloa,2022,0100,Bulk Electricity,-20137904.0
NW385,Ramotshere Moiloa,2022,0200,Bulk Water,0.0
NW385,Ramotshere Moiloa,2022,0300,PAYE deductions,0.0
NW385,Ramotshere Moiloa,2022,0400,VAT (output less input),0.0
NW385,Ramotshere Moiloa,2022,0500,Pensions / Retirement deductions,0.0
NW385,Ramotshere Moiloa,2022,0600,Loan repayments,0.0
NW385,Ramotshere Moiloa,2022,0700,Trade Creditors,-3044104.0
NW385,Ramotshere Moiloa,2022,0800,Auditor General,-6548301.0
NW385,Ramotshere Moiloa,2022,0900,Other,-329823.0
NW385,Ramotshere Moiloa,2022,1000,Total,-30060132.0
NW392,Naledi (NW),2022,0100,Bulk Electricity,478927.0
NW392,Naledi (NW),2022,0200,Bulk Water,0.0
NW392,Naledi (NW),2022,0300,PAYE deductions,3634828.0
NW392,Naledi (NW),2022,0400,VAT (output less input),-1232837.0
NW392,Naledi (NW),2022,0500,Pensions / Retirement deductions,15526824.0
NW392,Naledi (NW),2022,0600,Loan repayments,111405158.0
NW392,Naledi (NW),2022,0700,Trade Creditors,37928704.0
NW392,Naledi (NW),2022,0800,Auditor General,0.0
NW392,Naledi (NW),2022,0900,Other,1903994.0
NW392,Naledi (NW),2022,1000,Total,169645598.0
NW393,Mamusa,2022,0100,Bulk Electricity,0.0
NW393,Mamusa,2022,0200,Bulk Water,0.0
NW393,Mamusa,2022,0300,PAYE deductions,0.0
NW393,Mamusa,2022,0400,VAT (output less input),0.0
NW393,Mamusa,2022,0500,Pensions / Retirement deductions,3000.0
NW393,Mamusa,2022,0600,Loan repayments,0.0
NW393,Mamusa,2022,0700,Trade Creditors,238396791.0
NW393,Mamusa,2022,0800,Auditor General,0.0
NW393,Mamusa,2022,0900,Other,0.0
NW393,Mamusa,2022,1000,Total,238399791.0
NW396,Lekwa-Teemane,2022,0100,Bulk Electricity,108762220.0
NW396,Lekwa-Teemane,2022,0200,Bulk Water,113426.0
NW396,Lekwa-Teemane,2022,0300,PAYE deductions,0.0
NW396,Lekwa-Teemane,2022,0400,VAT (output less input),3003846.0
NW396,Lekwa-Teemane,2022,0500,Pensions / Retirement deductions,0.0
NW396,Lekwa-Teemane,2022,0600,Loan repayments,0.0
NW396,Lekwa-Teemane,2022,0700,Trade Creditors,13360939.0
NW396,Lekwa-Teemane,2022,0800,Auditor General,5171070.0
NW396,Lekwa-Teemane,2022,0900,Other,463214902.0
NW396,Lekwa-Teemane,2022,1000,Total,593626403.0
NW403,City of Matlosana,2022,0100,Bulk Electricity,1187914767.0
NW403,City of Matlosana,2022,0200,Bulk Water,1070290697.0
NW403,City of Matlosana,2022,0300,PAYE deductions,0.0
NW403,City of Matlosana,2022,0400,VAT (output less input),0.0
NW403,City of Matlosana,2022,0500,Pensions / Retirement deductions,0.0
NW403,City of Matlosana,2022,0600,Loan repayments,0.0
NW403,City of Matlosana,2022,0700,Trade Creditors,148204695.0
NW403,City of Matlosana,2022,0800,Auditor General,233817.0
NW403,City of Matlosana,2022,0900,Other,0.0
NW403,City of Matlosana,2022,1000,Total,2406643976.0
NW404,Maquassi Hills,2022,0100,Bulk Electricity,16149741.0
NW404,Maquassi Hills,2022,0200,Bulk Water,126476025.0
NW404,Maquassi Hills,2022,0300,PAYE deductions,0.0
NW404,Maquassi Hills,2022,0400,VAT (output less input),0.0
NW404,Maquassi Hills,2022,0500,Pensions / Retirement deductions,0.0
NW404,Maquassi Hills,2022,0600,Loan repayments,0.0
NW404,Maquassi Hills,2022,0700,Trade Creditors,4775598.0
NW404,Maquassi Hills,2022,0800,Auditor General,997265.0
NW404,Maquassi Hills,2022,0900,Other,27905769.0
NW404,Maquassi Hills,2022,1000,Total,176304398.0
WC011,Matzikama,2022,0100,Bulk Electricity,97964202.0
WC011,Matzikama,2022,0200,Bulk Water,1448318.0
WC011,Matzikama,2022,0300,PAYE deductions,0.0
WC011,Matzikama,2022,0400,VAT (output less input),1631242.0
WC011,Matzikama,2022,0500,Pensions / Retirement deductions,0.0
WC011,Matzikama,2022,0600,Loan repayments,1233838.0
WC011,Matzikama,2022,0700,Trade Creditors,10664010.0
WC011,Matzikama,2022,0800,Auditor General,0.0
WC011,Matzikama,2022,0900,Other,1708426.0
WC011,Matzikama,2022,1000,Total,114650036.0
WC012,Cederberg,2022,0100,Bulk Electricity,51919613.0
WC012,Cederberg,2022,0200,Bulk Water,0.0
WC012,Cederberg,2022,0300,PAYE deductions,0.0
WC012,Cederberg,2022,0400,VAT (output less input),0.0
WC012,Cederberg,2022,0500,Pensions / Retirement deductions,0.0
WC012,Cederberg,2022,0600,Loan repayments,0.0
WC012,Cederberg,2022,0700,Trade Creditors,3567671.0
WC012,Cederberg,2022,0800,Auditor General,686012.0
WC012,Cederberg,2022,0900,Other,15397571.0
WC012,Cederberg,2022,1000,Total,71570867.0
WC013,Bergrivier,2022,0100,Bulk Electricity,0.0
WC013,Bergrivier,2022,0200,Bulk Water,0.0
WC013,Bergrivier,2022,0300,PAYE deductions,0.0
WC013,Bergrivier,2022,0400,VAT (output less input),0.0
WC013,Bergrivier,2022,0500,Pensions / Retirement deductions,0.0
WC013,Bergrivier,2022,0600,Loan repayments,0.0
WC013,Bergrivier,2022,0700,Trade Creditors,0.0
WC013,Bergrivier,2022,0800,Auditor General,0.0
WC013,Bergrivier,2022,0900,Other,0.0
WC013,Bergrivier,2022,1000,Total,0.0
WC014,Saldanha Bay,2022,0100,Bulk Electricity,267826549.0
WC014,Saldanha Bay,2022,0200,Bulk Water,57331942.0
WC014,Saldanha Bay,2022,0300,PAYE deductions,0.0
WC014,Saldanha Bay,2022,0400,VAT (output less input),0.0
WC014,Saldanha Bay,2022,0500,Pensions / Retirement deductions,4093314.0
WC014,Saldanha Bay,2022,0600,Loan repayments,0.0
WC014,Saldanha Bay,2022,0700,Trade Creditors,-324097013.0
WC014,Saldanha Bay,2022,0800,Auditor General,3893268.0
WC014,Saldanha Bay,2022,0900,Other,0.0
WC014,Saldanha Bay,2022,1000,Total,9048060.0
WC015,Swartland,2022,0100,Bulk Electricity,0.0
WC015,Swartland,2022,0200,Bulk Water,0.0
WC015,Swartland,2022,0300,PAYE deductions,0.0
WC015,Swartland,2022,0400,VAT (output less input),0.0
WC015,Swartland,2022,0500,Pensions / Retirement deductions,0.0
WC015,Swartland,2022,0600,Loan repayments,0.0
WC015,Swartland,2022,0700,Trade Creditors,2286438.0
WC015,Swartland,2022,0800,Auditor General,0.0
WC015,Swartland,2022,0900,Other,0.0
WC015,Swartland,2022,1000,Total,2286438.0
WC022,Witzenberg,2022,0100,Bulk Electricity,0.0
WC022,Witzenberg,2022,0200,Bulk Water,0.0
WC022,Witzenberg,2022,0300,PAYE deductions,0.0
WC022,Witzenberg,2022,0400,VAT (output less input),0.0
WC022,Witzenberg,2022,0500,Pensions / Retirement deductions,0.0
WC022,Witzenberg,2022,0600,Loan repayments,0.0
WC022,Witzenberg,2022,0700,Trade Creditors,4714906.0
WC022,Witzenberg,2022,0800,Auditor General,0.0
WC022,Witzenberg,2022,0900,Other,0.0
WC022,Witzenberg,2022,1000,Total,4714906.0
WC023,Drakenstein,2022,0100,Bulk Electricity,99161521.0
WC023,Drakenstein,2022,0200,Bulk Water,0.0
WC023,Drakenstein,2022,0300,PAYE deductions,0.0
WC023,Drakenstein,2022,0400,VAT (output less input),0.0
WC023,Drakenstein,2022,0500,Pensions / Retirement deductions,0.0
WC023,Drakenstein,2022,0600,Loan repayments,0.0
WC023,Drakenstein,2022,0700,Trade Creditors,0.0
WC023,Drakenstein,2022,0800,Auditor General,0.0
WC023,Drakenstein,2022,0900,Other,0.0
WC023,Drakenstein,2022,1000,Total,99161521.0
WC025,Breede Valley,2022,0100,Bulk Electricity,0.0
WC025,Breede Valley,2022,0200,Bulk Water,0.0
WC025,Breede Valley,2022,0300,PAYE deductions,0.0
WC025,Breede Valley,2022,0400,VAT (output less input),0.0
WC025,Breede Valley,2022,0500,Pensions / Retirement deductions,0.0
WC025,Breede Valley,2022,0600,Loan repayments,1.0
WC025,Breede Valley,2022,0700,Trade Creditors,0.0
WC025,Breede Valley,2022,0800,Auditor General,0.0
WC025,Breede Valley,2022,0900,Other,0.0
WC025,Breede Valley,2022,1000,Total,1.0
WC026,Langeberg,2022,0100,Bulk Electricity,0.0
WC026,Langeberg,2022,0200,Bulk Water,0.0
WC026,Langeberg,2022,0300,PAYE deductions,0.0
WC026,Langeberg,2022,0400,VAT (output less input),0.0
WC026,Langeberg,2022,0500,Pensions / Retirement deductions,0.0
WC026,Langeberg,2022,0600,Loan repayments,0.0
WC026,Langeberg,2022,0700,Trade Creditors,0.0
WC026,Langeberg,2022,0800,Auditor General,0.0
WC026,Langeberg,2022,0900,Other,0.0
WC026,Langeberg,2022,1000,Total,0.0
WC031,Theewaterskloof,2022,0100,Bulk Electricity,0.0
WC031,Theewaterskloof,2022,0200,Bulk Water,0.0
WC031,Theewaterskloof,2022,0300,PAYE deductions,0.0
WC031,Theewaterskloof,2022,0400,VAT (output less input),0.0
WC031,Theewaterskloof,2022,0500,Pensions / Retirement deductions,0.0
WC031,Theewaterskloof,2022,0600,Loan repayments,0.0
WC031,Theewaterskloof,2022,0700,Trade Creditors,0.0
WC031,Theewaterskloof,2022,0800,Auditor General,0.0
WC031,Theewaterskloof,2022,0900,Other,0.0
WC031,Theewaterskloof,2022,1000,Total,0.0
WC033,Cape Agulhas,2022,0100,Bulk Electricity,0.0
WC033,Cape Agulhas,2022,0200,Bulk Water,0.0
WC033,Cape Agulhas,2022,0300,PAYE deductions,0.0
WC033,Cape Agulhas,2022,0400,VAT (output less input),0.0
WC033,Cape Agulhas,2022,0500,Pensions / Retirement deductions,0.0
WC033,Cape Agulhas,2022,0600,Loan repayments,0.0
WC033,Cape Agulhas,2022,0700,Trade Creditors,0.0
WC033,Cape Agulhas,2022,0800,Auditor General,0.0
WC033,Cape Agulhas,2022,0900,Other,0.0
WC033,Cape Agulhas,2022,1000,Total,0.0
WC034,Swellendam,2022,0100,Bulk Electricity,0.0
WC034,Swellendam,2022,0200,Bulk Water,0.0
WC034,Swellendam,2022,0300,PAYE deductions,0.0
WC034,Swellendam,2022,0400,VAT (output less input),0.0
WC034,Swellendam,2022,0500,Pensions / Retirement deductions,0.0
WC034,Swellendam,2022,0600,Loan repayments,0.0
WC034,Swellendam,2022,0700,Trade Creditors,0.0
WC034,Swellendam,2022,0800,Auditor General,0.0
WC034,Swellendam,2022,0900,Other,0.0
WC034,Swellendam,2022,1000,Total,0.0
WC042,Hessequa,2022,0100,Bulk Electricity,0.0
WC042,Hessequa,2022,0200,Bulk Water,0.0
WC042,Hessequa,2022,0300,PAYE deductions,0.0
WC042,Hessequa,2022,0400,VAT (output less input),0.0
WC042,Hessequa,2022,0500,Pensions / Retirement deductions,0.0
WC042,Hessequa,2022,0600,Loan repayments,0.0
WC042,Hessequa,2022,0700,Trade Creditors,30291535.0
WC042,Hessequa,2022,0800,Auditor General,0.0
WC042,Hessequa,2022,0900,Other,22167317.0
WC042,Hessequa,2022,1000,Total,52458852.0
WC043,Mossel Bay,2022,0100,Bulk Electricity,34814549.0
WC043,Mossel Bay,2022,0200,Bulk Water,0.0
WC043,Mossel Bay,2022,0300,PAYE deductions,0.0
WC043,Mossel Bay,2022,0400,VAT (output less input),0.0
WC043,Mossel Bay,2022,0500,Pensions / Retirement deductions,0.0
WC043,Mossel Bay,2022,0600,Loan repayments,0.0
WC043,Mossel Bay,2022,0700,Trade Creditors,34273660.0
WC043,Mossel Bay,2022,0800,Auditor General,2565.0
WC043,Mossel Bay,2022,0900,Other,0.0
WC043,Mossel Bay,2022,1000,Total,69090774.0
WC044,George,2022,0100,Bulk Electricity,79975223.0
WC044,George,2022,0200,Bulk Water,0.0
WC044,George,2022,0300,PAYE deductions,0.0
WC044,George,2022,0400,VAT (output less input),0.0
WC044,George,2022,0500,Pensions / Retirement deductions,0.0
WC044,George,2022,0600,Loan repayments,0.0
WC044,George,2022,0700,Trade Creditors,64766454.0
WC044,George,2022,0800,Auditor General,0.0
WC044,George,2022,0900,Other,0.0
WC044,George,2022,1000,Total,144741677.0
WC045,Oudtshoorn,2022,0100,Bulk Electricity,25099201.0
WC045,Oudtshoorn,2022,0200,Bulk Water,0.0
WC045,Oudtshoorn,2022,0300,PAYE deductions,0.0
WC045,Oudtshoorn,2022,0400,VAT (output less input),0.0
WC045,Oudtshoorn,2022,0500,Pensions / Retirement deductions,0.0
WC045,Oudtshoorn,2022,0600,Loan repayments,0.0
WC045,Oudtshoorn,2022,0700,Trade Creditors,4165123.0
WC045,Oudtshoorn,2022,0800,Auditor General,0.0
WC045,Oudtshoorn,2022,0900,Other,0.0
WC045,Oudtshoorn,2022,1000,Total,29264324.0
WC048,Knysna,2022,0100,Bulk Electricity,0.0
WC048,Knysna,2022,0200,Bulk Water,0.0
WC048,Knysna,2022,0300,PAYE deductions,0.0
WC048,Knysna,2022,0400,VAT (output less input),0.0
WC048,Knysna,2022,0500,Pensions / Retirement deductions,0.0
WC048,Knysna,2022,0600,Loan repayments,0.0
WC048,Knysna,2022,0700,Trade Creditors,24514085.0
WC048,Knysna,2022,0800,Auditor General,0.0
WC048,Knysna,2022,0900,Other,0.0
WC048,Knysna,2022,1000,Total,24514085.0
WC051,Laingsburg,2022,0100,Bulk Electricity,0.0
WC051,Laingsburg,2022,0200,Bulk Water,0.0
WC051,Laingsburg,2022,0300,PAYE deductions,0.0
WC051,Laingsburg,2022,0400,VAT (output less input),0.0
WC051,Laingsburg,2022,0500,Pensions / Retirement deductions,0.0
WC051,Laingsburg,2022,0600,Loan repayments,0.0
WC051,Laingsburg,2022,0700,Trade Creditors,0.0
WC051,Laingsburg,2022,0800,Auditor General,0.0
WC051,Laingsburg,2022,0900,Other,0.0
WC051,Laingsburg,2022,1000,Total,0.0
WC052,Prince Albert,2022,0100,Bulk Electricity,0.0
WC052,Prince Albert,2022,0200,Bulk Water,0.0
WC052,Prince Albert,2022,0300,PAYE deductions,0.0
WC052,Prince Albert,2022,0400,VAT (output less input),0.0
WC052,Prince Albert,2022,0500,Pensions / Retirement deductions,0.0
WC052,Prince Albert,2022,0600,Loan repayments,0.0
WC052,Prince Albert,2022,0700,Trade Creditors,0.0
WC052,Prince Albert,2022,0800,Auditor General,0.0
WC052,Prince Albert,2022,0900,Other,0.0
WC052,Prince Albert,2022,1000,Total,0.0
WC053,Beaufort West,2022,0100,Bulk Electricity,92874381.0
WC053,Beaufort West,2022,0200,Bulk Water,6957638.0
WC053,Beaufort West,2022,0300,PAYE deductions,0.0
WC053,Beaufort West,2022,0400,VAT (output less input),0.0
WC053,Beaufort West,2022,0500,Pensions / Retirement deductions,0.0
WC053,Beaufort West,2022,0600,Loan repayments,0.0
WC053,Beaufort West,2022,0700,Trade Creditors,24052577.0
WC053,Beaufort West,2022,0800,Auditor General,15182347.0
WC053,Beaufort West,2022,0900,Other,3133.0
WC053,Beaufort West,2022,1000,Total,139070076.0
BUF,Buffalo City,2023,0100,Bulk Electricity,276252150.0
BUF,Buffalo City,2023,0200,Bulk Water,24121140.0
BUF,Buffalo City,2023,0300,PAYE deductions,30741402.0
BUF,Buffalo City,2023,0400,VAT (output less input),71084046.0
BUF,Buffalo City,2023,0500,Pensions / Retirement deductions,34788563.0
BUF,Buffalo City,2023,0600,Loan repayments,13664917.0
BUF,Buffalo City,2023,0700,Trade Creditors,1024533963.0
BUF,Buffalo City,2023,0800,Auditor General,123441.0
BUF,Buffalo City,2023,0900,Other,400240822.0
BUF,Buffalo City,2023,1000,Total,1875550444.0
CPT,Cape Town,2023,0100,Bulk Electricity,0.0
CPT,Cape Town,2023,0200,Bulk Water,0.0
CPT,Cape Town,2023,0300,PAYE deductions,0.0
CPT,Cape Town,2023,0400,VAT (output less input),0.0
CPT,Cape Town,2023,0500,Pensions / Retirement deductions,0.0
CPT,Cape Town,2023,0600,Loan repayments,0.0
CPT,Cape Town,2023,0700,Trade Creditors,-15544.0
CPT,Cape Town,2023,0800,Auditor General,0.0
CPT,Cape Town,2023,0900,Other,-26911883.0
CPT,Cape Town,2023,1000,Total,-26927427.0
DC1,West Coast,2023,0100,Bulk Electricity,0.0
DC1,West Coast,2023,0200,Bulk Water,0.0
DC1,West Coast,2023,0300,PAYE deductions,0.0
DC1,West Coast,2023,0400,VAT (output less input),0.0
DC1,West Coast,2023,0500,Pensions / Retirement deductions,0.0
DC1,West Coast,2023,0600,Loan repayments,0.0
DC1,West Coast,2023,0700,Trade Creditors,22308761.0
DC1,West Coast,2023,0800,Auditor General,0.0
DC1,West Coast,2023,0900,Other,0.0
DC1,West Coast,2023,1000,Total,22308761.0
DC10,Sarah Baartman,2023,0100,Bulk Electricity,0.0
DC10,Sarah Baartman,2023,0200,Bulk Water,0.0
DC10,Sarah Baartman,2023,0300,PAYE deductions,0.0
DC10,Sarah Baartman,2023,0400,VAT (output less input),0.0
DC10,Sarah Baartman,2023,0500,Pensions / Retirement deductions,0.0
DC10,Sarah Baartman,2023,0600,Loan repayments,0.0
DC10,Sarah Baartman,2023,0700,Trade Creditors,8701628.0
DC10,Sarah Baartman,2023,0800,Auditor General,4043.0
DC10,Sarah Baartman,2023,0900,Other,0.0
DC10,Sarah Baartman,2023,1000,Total,8705671.0
DC12,Amathole,2023,0100,Bulk Electricity,0.0
DC12,Amathole,2023,0200,Bulk Water,339172245.0
DC12,Amathole,2023,0300,PAYE deductions,832.0
DC12,Amathole,2023,0400,VAT (output less input),0.0
DC12,Amathole,2023,0500,Pensions / Retirement deductions,-7680329.0
DC12,Amathole,2023,0600,Loan repayments,0.0
DC12,Amathole,2023,0700,Trade Creditors,143831916.0
DC12,Amathole,2023,0800,Auditor General,4709573.0
DC12,Amathole,2023,0900,Other,0.0
DC12,Amathole,2023,1000,Total,480034237.0
DC13,Chris Hani,2023,0100,Bulk Electricity,0.0
DC13,Chris Hani,2023,0200,Bulk Water,0.0
DC13,Chris Hani,2023,0300,PAYE deductions,0.0
DC13,Chris Hani,2023,0400,VAT (output less input),0.0
DC13,Chris Hani,2023,0500,Pensions / Retirement deductions,0.0
DC13,Chris Hani,2023,0600,Loan repayments,0.0
DC13,Chris Hani,2023,0700,Trade Creditors,4299504.0
DC13,Chris Hani,2023,0800,Auditor General,0.0
DC13,Chris Hani,2023,0900,Other,0.0
DC13,Chris Hani,2023,1000,Total,4299504.0
DC14,Joe Gqabi,2023,0100,Bulk Electricity,0.0
DC14,Joe Gqabi,2023,0200,Bulk Water,0.0
DC14,Joe Gqabi,2023,0300,PAYE deductions,0.0
DC14,Joe Gqabi,2023,0400,VAT (output less input),0.0
DC14,Joe Gqabi,2023,0500,Pensions / Retirement deductions,0.0
DC14,Joe Gqabi,2023,0600,Loan repayments,0.0
DC14,Joe Gqabi,2023,0700,Trade Creditors,87162603.0
DC14,Joe Gqabi,2023,0800,Auditor General,9660.0
DC14,Joe Gqabi,2023,0900,Other,0.0
DC14,Joe Gqabi,2023,1000,Total,87172263.0
DC15,O R Tambo,2023,0100,Bulk Electricity,0.0
DC15,O R Tambo,2023,0200,Bulk Water,74193584.0
DC15,O R Tambo,2023,0300,PAYE deductions,0.0
DC15,O R Tambo,2023,0400,VAT (output less input),0.0
DC15,O R Tambo,2023,0500,Pensions / Retirement deductions,0.0
DC15,O R Tambo,2023,0600,Loan repayments,0.0
DC15,O R Tambo,2023,0700,Trade Creditors,242801900.0
DC15,O R Tambo,2023,0800,Auditor General,0.0
DC15,O R Tambo,2023,0900,Other,150000953.0
DC15,O R Tambo,2023,1000,Total,466996437.0
DC16,Xhariep,2023,0100,Bulk Electricity,0.0
DC16,Xhariep,2023,0200,Bulk Water,0.0
DC16,Xhariep,2023,0300,PAYE deductions,0.0
DC16,Xhariep,2023,0400,VAT (output less input),0.0
DC16,Xhariep,2023,0500,Pensions / Retirement deductions,0.0
DC16,Xhariep,2023,0600,Loan repayments,0.0
DC16,Xhariep,2023,0700,Trade Creditors,0.0
DC16,Xhariep,2023,0800,Auditor General,0.0
DC16,Xhariep,2023,0900,Other,6327601.0
DC16,Xhariep,2023,1000,Total,6327601.0
DC18,Lejweleputswa,2023,0100,Bulk Electricity,0.0
DC18,Lejweleputswa,2023,0200,Bulk Water,0.0
DC18,Lejweleputswa,2023,0300,PAYE deductions,0.0
DC18,Lejweleputswa,2023,0400,VAT (output less input),0.0
DC18,Lejweleputswa,2023,0500,Pensions / Retirement deductions,0.0
DC18,Lejweleputswa,2023,0600,Loan repayments,0.0
DC18,Lejweleputswa,2023,0700,Trade Creditors,4564423.0
DC18,Lejweleputswa,2023,0800,Auditor General,0.0
DC18,Lejweleputswa,2023,0900,Other,0.0
DC18,Lejweleputswa,2023,1000,Total,4564423.0
DC19,Thabo Mofutsanyana,2023,0100,Bulk Electricity,0.0
DC19,Thabo Mofutsanyana,2023,0200,Bulk Water,0.0
DC19,Thabo Mofutsanyana,2023,0300,PAYE deductions,0.0
DC19,Thabo Mofutsanyana,2023,0400,VAT (output less input),0.0
DC19,Thabo Mofutsanyana,2023,0500,Pensions / Retirement deductions,0.0
DC19,Thabo Mofutsanyana,2023,0600,Loan repayments,0.0
DC19,Thabo Mofutsanyana,2023,0700,Trade Creditors,5794910.0
DC19,Thabo Mofutsanyana,2023,0800,Auditor General,0.0
DC19,Thabo Mofutsanyana,2023,0900,Other,0.0
DC19,Thabo Mofutsanyana,2023,1000,Total,5794910.0
DC2,Cape Winelands DM,2023,0100,Bulk Electricity,0.0
DC2,Cape Winelands DM,2023,0200,Bulk Water,0.0
DC2,Cape Winelands DM,2023,0300,PAYE deductions,0.0
DC2,Cape Winelands DM,2023,0400,VAT (output less input),0.0
DC2,Cape Winelands DM,2023,0500,Pensions / Retirement deductions,0.0
DC2,Cape Winelands DM,2023,0600,Loan repayments,0.0
DC2,Cape Winelands DM,2023,0700,Trade Creditors,14584806.0
DC2,Cape Winelands DM,2023,0800,Auditor General,0.0
DC2,Cape Winelands DM,2023,0900,Other,1912302.0
DC2,Cape Winelands DM,2023,1000,Total,16497108.0
DC20,Fezile Dabi,2023,0100,Bulk Electricity,0.0
DC20,Fezile Dabi,2023,0200,Bulk Water,0.0
DC20,Fezile Dabi,2023,0300,PAYE deductions,0.0
DC20,Fezile Dabi,2023,0400,VAT (output less input),0.0
DC20,Fezile Dabi,2023,0500,Pensions / Retirement deductions,0.0
DC20,Fezile Dabi,2023,0600,Loan repayments,0.0
DC20,Fezile Dabi,2023,0700,Trade Creditors,2650556.0
DC20,Fezile Dabi,2023,0800,Auditor General,0.0
DC20,Fezile Dabi,2023,0900,Other,6800471.0
DC20,Fezile Dabi,2023,1000,Total,9451027.0
DC21,Ugu,2023,0100,Bulk Electricity,0.0
DC21,Ugu,2023,0200,Bulk Water,223007576.0
DC21,Ugu,2023,0300,PAYE deductions,0.0
DC21,Ugu,2023,0400,VAT (output less input),0.0
DC21,Ugu,2023,0500,Pensions / Retirement deductions,0.0
DC21,Ugu,2023,0600,Loan repayments,893900.0
DC21,Ugu,2023,0700,Trade Creditors,298477062.0
DC21,Ugu,2023,0800,Auditor General,1182097.0
DC21,Ugu,2023,0900,Other,60118389.0
DC21,Ugu,2023,1000,Total,583679024.0
DC22,uMgungundlovu,2023,0100,Bulk Electricity,0.0
DC22,uMgungundlovu,2023,0200,Bulk Water,1033382.0
DC22,uMgungundlovu,2023,0300,PAYE deductions,0.0
DC22,uMgungundlovu,2023,0400,VAT (output less input),0.0
DC22,uMgungundlovu,2023,0500,Pensions / Retirement deductions,0.0
DC22,uMgungundlovu,2023,0600,Loan repayments,0.0
DC22,uMgungundlovu,2023,0700,Trade Creditors,37981455.0
DC22,uMgungundlovu,2023,0800,Auditor General,0.0
DC22,uMgungundlovu,2023,0900,Other,20810320.0
DC22,uMgungundlovu,2023,1000,Total,59825157.0
DC23,Uthukela,2023,0100,Bulk Electricity,0.0
DC23,Uthukela,2023,0200,Bulk Water,0.0
DC23,Uthukela,2023,0300,PAYE deductions,0.0
DC23,Uthukela,2023,0400,VAT (output less input),0.0
DC23,Uthukela,2023,0500,Pensions / Retirement deductions,0.0
DC23,Uthukela,2023,0600,Loan repayments,0.0
DC23,Uthukela,2023,0700,Trade Creditors,22289322.0
DC23,Uthukela,2023,0800,Auditor General,0.0
DC23,Uthukela,2023,0900,Other,0.0
DC23,Uthukela,2023,1000,Total,22289322.0
DC24,Umzinyathi,2023,0100,Bulk Electricity,156970.0
DC24,Umzinyathi,2023,0200,Bulk Water,0.0
DC24,Umzinyathi,2023,0300,PAYE deductions,0.0
DC24,Umzinyathi,2023,0400,VAT (output less input),0.0
DC24,Umzinyathi,2023,0500,Pensions / Retirement deductions,0.0
DC24,Umzinyathi,2023,0600,Loan repayments,0.0
DC24,Umzinyathi,2023,0700,Trade Creditors,18506003.0
DC24,Umzinyathi,2023,0800,Auditor General,0.0
DC24,Umzinyathi,2023,0900,Other,308226679.0
DC24,Umzinyathi,2023,1000,Total,326889652.0
DC25,Amajuba,2023,0100,Bulk Electricity,0.0
DC25,Amajuba,2023,0200,Bulk Water,45605516.0
DC25,Amajuba,2023,0300,PAYE deductions,0.0
DC25,Amajuba,2023,0400,VAT (output less input),0.0
DC25,Amajuba,2023,0500,Pensions / Retirement deductions,0.0
DC25,Amajuba,2023,0600,Loan repayments,0.0
DC25,Amajuba,2023,0700,Trade Creditors,16342163.0
DC25,Amajuba,2023,0800,Auditor General,16933.0
DC25,Amajuba,2023,0900,Other,61265527.0
DC25,Amajuba,2023,1000,Total,123230139.0
DC26,Zululand,2023,0100,Bulk Electricity,0.0
DC26,Zululand,2023,0200,Bulk Water,0.0
DC26,Zululand,2023,0300,PAYE deductions,0.0
DC26,Zululand,2023,0400,VAT (output less input),0.0
DC26,Zululand,2023,0500,Pensions / Retirement deductions,0.0
DC26,Zululand,2023,0600,Loan repayments,0.0
DC26,Zululand,2023,0700,Trade Creditors,1183166.0
DC26,Zululand,2023,0800,Auditor General,0.0
DC26,Zululand,2023,0900,Other,0.0
DC26,Zululand,2023,1000,Total,1183166.0
DC28,King Cetshwayo,2023,0100,Bulk Electricity,0.0
DC28,King Cetshwayo,2023,0200,Bulk Water,0.0
DC28,King Cetshwayo,2023,0300,PAYE deductions,0.0
DC28,King Cetshwayo,2023,0400,VAT (output less input),0.0
DC28,King Cetshwayo,2023,0500,Pensions / Retirement deductions,0.0
DC28,King Cetshwayo,2023,0600,Loan repayments,0.0
DC28,King Cetshwayo,2023,0700,Trade Creditors,119525304.0
DC28,King Cetshwayo,2023,0800,Auditor General,0.0
DC28,King Cetshwayo,2023,0900,Other,90753147.0
DC28,King Cetshwayo,2023,1000,Total,210278451.0
DC29,iLembe,2023,0100,Bulk Electricity,0.0
DC29,iLembe,2023,0200,Bulk Water,23191848.0
DC29,iLembe,2023,0300,PAYE deductions,0.0
DC29,iLembe,2023,0400,VAT (output less input),0.0
DC29,iLembe,2023,0500,Pensions / Retirement deductions,0.0
DC29,iLembe,2023,0600,Loan repayments,0.0
DC29,iLembe,2023,0700,Trade Creditors,8083980.0
DC29,iLembe,2023,0800,Auditor General,0.0
DC29,iLembe,2023,0900,Other,0.0
DC29,iLembe,2023,1000,Total,31275828.0
DC3,Overberg,2023,0100,Bulk Electricity,0.0
DC3,Overberg,2023,0200,Bulk Water,0.0
DC3,Overberg,2023,0300,PAYE deductions,0.0
DC3,Overberg,2023,0400,VAT (output less input),0.0
DC3,Overberg,2023,0500,Pensions / Retirement deductions,0.0
DC3,Overberg,2023,0600,Loan repayments,0.0
DC3,Overberg,2023,0700,Trade Creditors,0.0
DC3,Overberg,2023,0800,Auditor General,0.0
DC3,Overberg,2023,0900,Other,825.0
DC3,Overberg,2023,1000,Total,825.0
DC30,Gert Sibande,2023,0100,Bulk Electricity,0.0
DC30,Gert Sibande,2023,0200,Bulk Water,0.0
DC30,Gert Sibande,2023,0300,PAYE deductions,0.0
DC30,Gert Sibande,2023,0400,VAT (output less input),0.0
DC30,Gert Sibande,2023,0500,Pensions / Retirement deductions,0.0
DC30,Gert Sibande,2023,0600,Loan repayments,0.0
DC30,Gert Sibande,2023,0700,Trade Creditors,38562.0
DC30,Gert Sibande,2023,0800,Auditor General,0.0
DC30,Gert Sibande,2023,0900,Other,0.0
DC30,Gert Sibande,2023,1000,Total,38562.0
DC31,Nkangala,2023,0100,Bulk Electricity,0.0
DC31,Nkangala,2023,0200,Bulk Water,0.0
DC31,Nkangala,2023,0300,PAYE deductions,0.0
DC31,Nkangala,2023,0400,VAT (output less input),0.0
DC31,Nkangala,2023,0500,Pensions / Retirement deductions,0.0
DC31,Nkangala,2023,0600,Loan repayments,0.0
DC31,Nkangala,2023,0700,Trade Creditors,0.0
DC31,Nkangala,2023,0800,Auditor General,0.0
DC31,Nkangala,2023,0900,Other,0.0
DC31,Nkangala,2023,1000,Total,0.0
DC32,Ehlanzeni,2023,0100,Bulk Electricity,0.0
DC32,Ehlanzeni,2023,0200,Bulk Water,0.0
DC32,Ehlanzeni,2023,0300,PAYE deductions,0.0
DC32,Ehlanzeni,2023,0400,VAT (output less input),0.0
DC32,Ehlanzeni,2023,0500,Pensions / Retirement deductions,0.0
DC32,Ehlanzeni,2023,0600,Loan repayments,0.0
DC32,Ehlanzeni,2023,0700,Trade Creditors,0.0
DC32,Ehlanzeni,2023,0800,Auditor General,0.0
DC32,Ehlanzeni,2023,0900,Other,53192151.0
DC32,Ehlanzeni,2023,1000,Total,53192151.0
DC33,Mopani,2023,0100,Bulk Electricity,0.0
DC33,Mopani,2023,0200,Bulk Water,104313177.0
DC33,Mopani,2023,0300,PAYE deductions,0.0
DC33,Mopani,2023,0400,VAT (output less input),0.0
DC33,Mopani,2023,0500,Pensions / Retirement deductions,0.0
DC33,Mopani,2023,0600,Loan repayments,0.0
DC33,Mopani,2023,0700,Trade Creditors,321591136.0
DC33,Mopani,2023,0800,Auditor General,0.0
DC33,Mopani,2023,0900,Other,0.0
DC33,Mopani,2023,1000,Total,425904313.0
DC34,Vhembe,2023,0100,Bulk Electricity,0.0
DC34,Vhembe,2023,0200,Bulk Water,0.0
DC34,Vhembe,2023,0300,PAYE deductions,0.0
DC34,Vhembe,2023,0400,VAT (output less input),0.0
DC34,Vhembe,2023,0500,Pensions / Retirement deductions,0.0
DC34,Vhembe,2023,0600,Loan repayments,0.0
DC34,Vhembe,2023,0700,Trade Creditors,19215350.0
DC34,Vhembe,2023,0800,Auditor General,0.0
DC34,Vhembe,2023,0900,Other,0.0
DC34,Vhembe,2023,1000,Total,19215350.0
DC35,Capricorn,2023,0100,Bulk Electricity,0.0
DC35,Capricorn,2023,0200,Bulk Water,0.0
DC35,Capricorn,2023,0300,PAYE deductions,0.0
DC35,Capricorn,2023,0400,VAT (output less input),0.0
DC35,Capricorn,2023,0500,Pensions / Retirement deductions,0.0
DC35,Capricorn,2023,0600,Loan repayments,0.0
DC35,Capricorn,2023,0700,Trade Creditors,2917140.0
DC35,Capricorn,2023,0800,Auditor General,0.0
DC35,Capricorn,2023,0900,Other,310584.0
DC35,Capricorn,2023,1000,Total,3227724.0
DC36,Waterberg,2023,0100,Bulk Electricity,0.0
DC36,Waterberg,2023,0200,Bulk Water,0.0
DC36,Waterberg,2023,0300,PAYE deductions,0.0
DC36,Waterberg,2023,0400,VAT (output less input),0.0
DC36,Waterberg,2023,0500,Pensions / Retirement deductions,0.0
DC36,Waterberg,2023,0600,Loan repayments,0.0
DC36,Waterberg,2023,0700,Trade Creditors,-1000.0
DC36,Waterberg,2023,0800,Auditor General,0.0
DC36,Waterberg,2023,0900,Other,0.0
DC36,Waterberg,2023,1000,Total,-1000.0
DC38,Ngaka Modiri Molema,2023,0100,Bulk Electricity,0.0
DC38,Ngaka Modiri Molema,2023,0200,Bulk Water,0.0
DC38,Ngaka Modiri Molema,2023,0300,PAYE deductions,0.0
DC38,Ngaka Modiri Molema,2023,0400,VAT (output less input),0.0
DC38,Ngaka Modiri Molema,2023,0500,Pensions / Retirement deductions,0.0
DC38,Ngaka Modiri Molema,2023,0600,Loan repayments,0.0
DC38,Ngaka Modiri Molema,2023,0700,Trade Creditors,178116368.0
DC38,Ngaka Modiri Molema,2023,0800,Auditor General,0.0
DC38,Ngaka Modiri Molema,2023,0900,Other,27656342.0
DC38,Ngaka Modiri Molema,2023,1000,Total,205772710.0
DC39,Dr Ruth Segomotsi Mompati,2023,0100,Bulk Electricity,0.0
DC39,Dr Ruth Segomotsi Mompati,2023,0200,Bulk Water,839743528.0
DC39,Dr Ruth Segomotsi Mompati,2023,0300,PAYE deductions,0.0
DC39,Dr Ruth Segomotsi Mompati,2023,0400,VAT (output less input),0.0
DC39,Dr Ruth Segomotsi Mompati,2023,0500,Pensions / Retirement deductions,0.0
DC39,Dr Ruth Segomotsi Mompati,2023,0600,Loan repayments,0.0
DC39,Dr Ruth Segomotsi Mompati,2023,0700,Trade Creditors,0.0
DC39,Dr Ruth Segomotsi Mompati,2023,0800,Auditor General,-30141.0
DC39,Dr Ruth Segomotsi Mompati,2023,0900,Other,62429562.0
DC39,Dr Ruth Segomotsi Mompati,2023,1000,Total,902142949.0
DC4,Garden Route,2023,0100,Bulk Electricity,0.0
DC4,Garden Route,2023,0200,Bulk Water,0.0
DC4,Garden Route,2023,0300,PAYE deductions,0.0
DC4,Garden Route,2023,0400,VAT (output less input),0.0
DC4,Garden Route,2023,0500,Pensions / Retirement deductions,0.0
DC4,Garden Route,2023,0600,Loan repayments,0.0
DC4,Garden Route,2023,0700,Trade Creditors,7402282.0
DC4,Garden Route,2023,0800,Auditor General,0.0
DC4,Garden Route,2023,0900,Other,351984.0
DC4,Garden Route,2023,1000,Total,7754266.0
DC40,Dr Kenneth Kaunda,2023,0100,Bulk Electricity,0.0
DC40,Dr Kenneth Kaunda,2023,0200,Bulk Water,0.0
DC40,Dr Kenneth Kaunda,2023,0300,PAYE deductions,0.0
DC40,Dr Kenneth Kaunda,2023,0400,VAT (output less input),0.0
DC40,Dr Kenneth Kaunda,2023,0500,Pensions / Retirement deductions,0.0
DC40,Dr Kenneth Kaunda,2023,0600,Loan repayments,0.0
DC40,Dr Kenneth Kaunda,2023,0700,Trade Creditors,21057681.0
DC40,Dr Kenneth Kaunda,2023,0800,Auditor General,0.0
DC40,Dr Kenneth Kaunda,2023,0900,Other,0.0
DC40,Dr Kenneth Kaunda,2023,1000,Total,21057681.0
DC42,Sedibeng,2023,0100,Bulk Electricity,0.0
DC42,Sedibeng,2023,0200,Bulk Water,0.0
DC42,Sedibeng,2023,0300,PAYE deductions,0.0
DC42,Sedibeng,2023,0400,VAT (output less input),625745.0
DC42,Sedibeng,2023,0500,Pensions / Retirement deductions,0.0
DC42,Sedibeng,2023,0600,Loan repayments,0.0
DC42,Sedibeng,2023,0700,Trade Creditors,0.0
DC42,Sedibeng,2023,0800,Auditor General,0.0
DC42,Sedibeng,2023,0900,Other,186192796.0
DC42,Sedibeng,2023,1000,Total,186818541.0
DC43,Harry Gwala,2023,0100,Bulk Electricity,0.0
DC43,Harry Gwala,2023,0200,Bulk Water,0.0
DC43,Harry Gwala,2023,0300,PAYE deductions,0.0
DC43,Harry Gwala,2023,0400,VAT (output less input),0.0
DC43,Harry Gwala,2023,0500,Pensions / Retirement deductions,0.0
DC43,Harry Gwala,2023,0600,Loan repayments,0.0
DC43,Harry Gwala,2023,0700,Trade Creditors,2816058.0
DC43,Harry Gwala,2023,0800,Auditor General,0.0
DC43,Harry Gwala,2023,0900,Other,0.0
DC43,Harry Gwala,2023,1000,Total,2816058.0
DC44,Alfred Nzo,2023,0100,Bulk Electricity,0.0
DC44,Alfred Nzo,2023,0200,Bulk Water,0.0
DC44,Alfred Nzo,2023,0300,PAYE deductions,0.0
DC44,Alfred Nzo,2023,0400,VAT (output less input),0.0
DC44,Alfred Nzo,2023,0500,Pensions / Retirement deductions,0.0
DC44,Alfred Nzo,2023,0600,Loan repayments,0.0
DC44,Alfred Nzo,2023,0700,Trade Creditors,12199485.0
DC44,Alfred Nzo,2023,0800,Auditor General,0.0
DC44,Alfred Nzo,2023,0900,Other,0.0
DC44,Alfred Nzo,2023,1000,Total,12199485.0
DC45,John Taolo Gaetsewe,2023,0100,Bulk Electricity,0.0
DC45,John Taolo Gaetsewe,2023,0200,Bulk Water,0.0
DC45,John Taolo Gaetsewe,2023,0300,PAYE deductions,0.0
DC45,John Taolo Gaetsewe,2023,0400,VAT (output less input),0.0
DC45,John Taolo Gaetsewe,2023,0500,Pensions / Retirement deductions,0.0
DC45,John Taolo Gaetsewe,2023,0600,Loan repayments,0.0
DC45,John Taolo Gaetsewe,2023,0700,Trade Creditors,27587051.0
DC45,John Taolo Gaetsewe,2023,0800,Auditor General,40197.0
DC45,John Taolo Gaetsewe,2023,0900,Other,0.0
DC45,John Taolo Gaetsewe,2023,1000,Total,27627248.0
DC47,Sekhukhune,2023,0100,Bulk Electricity,0.0
DC47,Sekhukhune,2023,0200,Bulk Water,194129214.0
DC47,Sekhukhune,2023,0300,PAYE deductions,17716.0
DC47,Sekhukhune,2023,0400,VAT (output less input),128425149.0
DC47,Sekhukhune,2023,0500,Pensions / Retirement deductions,7024.0
DC47,Sekhukhune,2023,0600,Loan repayments,0.0
DC47,Sekhukhune,2023,0700,Trade Creditors,574983395.0
DC47,Sekhukhune,2023,0800,Auditor General,4253.0
DC47,Sekhukhune,2023,0900,Other,0.0
DC47,Sekhukhune,2023,1000,Total,897566751.0
DC48,West Rand,2023,0100,Bulk Electricity,0.0
DC48,West Rand,2023,0200,Bulk Water,0.0
DC48,West Rand,2023,0300,PAYE deductions,0.0
DC48,West Rand,2023,0400,VAT (output less input),0.0
DC48,West Rand,2023,0500,Pensions / Retirement deductions,0.0
DC48,West Rand,2023,0600,Loan repayments,0.0
DC48,West Rand,2023,0700,Trade Creditors,33854407.0
DC48,West Rand,2023,0800,Auditor General,0.0
DC48,West Rand,2023,0900,Other,0.0
DC48,West Rand,2023,1000,Total,33854407.0
DC5,Central Karoo,2023,0100,Bulk Electricity,0.0
DC5,Central Karoo,2023,0200,Bulk Water,0.0
DC5,Central Karoo,2023,0300,PAYE deductions,0.0
DC5,Central Karoo,2023,0400,VAT (output less input),0.0
DC5,Central Karoo,2023,0500,Pensions / Retirement deductions,0.0
DC5,Central Karoo,2023,0600,Loan repayments,0.0
DC5,Central Karoo,2023,0700,Trade Creditors,1171290.0
DC5,Central Karoo,2023,0800,Auditor General,0.0
DC5,Central Karoo,2023,0900,Other,0.0
DC5,Central Karoo,2023,1000,Total,1171290.0
DC6,Namakwa,2023,0100,Bulk Electricity,0.0
DC6,Namakwa,2023,0200,Bulk Water,0.0
DC6,Namakwa,2023,0300,PAYE deductions,0.0
DC6,Namakwa,2023,0400,VAT (output less input),0.0
DC6,Namakwa,2023,0500,Pensions / Retirement deductions,0.0
DC6,Namakwa,2023,0600,Loan repayments,0.0
DC6,Namakwa,2023,0700,Trade Creditors,0.0
DC6,Namakwa,2023,0800,Auditor General,0.0
DC6,Namakwa,2023,0900,Other,0.0
DC6,Namakwa,2023,1000,Total,0.0
DC7,Pixley Ka Seme (NC),2023,0100,Bulk Electricity,0.0
DC7,Pixley Ka Seme (NC),2023,0200,Bulk Water,0.0
DC7,Pixley Ka Seme (NC),2023,0300,PAYE deductions,0.0
DC7,Pixley Ka Seme (NC),2023,0400,VAT (output less input),0.0
DC7,Pixley Ka Seme (NC),2023,0500,Pensions / Retirement deductions,0.0
DC7,Pixley Ka Seme (NC),2023,0600,Loan repayments,0.0
DC7,Pixley Ka Seme (NC),2023,0700,Trade Creditors,0.0
DC7,Pixley Ka Seme (NC),2023,0800,Auditor General,0.0
DC7,Pixley Ka Seme (NC),2023,0900,Other,2550821.0
DC7,Pixley Ka Seme (NC),2023,1000,Total,2550821.0
DC8,Z F Mgcawu,2023,0100,Bulk Electricity,0.0
DC8,Z F Mgcawu,2023,0200,Bulk Water,0.0
DC8,Z F Mgcawu,2023,0300,PAYE deductions,0.0
DC8,Z F Mgcawu,2023,0400,VAT (output less input),0.0
DC8,Z F Mgcawu,2023,0500,Pensions / Retirement deductions,0.0
DC8,Z F Mgcawu,2023,0600,Loan repayments,0.0
DC8,Z F Mgcawu,2023,0700,Trade Creditors,0.0
DC8,Z F Mgcawu,2023,0800,Auditor General,0.0
DC8,Z F Mgcawu,2023,0900,Other,0.0
DC8,Z F Mgcawu,2023,1000,Total,0.0
DC9,Frances Baard,2023,0100,Bulk Electricity,0.0
DC9,Frances Baard,2023,0200,Bulk Water,0.0
DC9,Frances Baard,2023,0300,PAYE deductions,0.0
DC9,Frances Baard,2023,0400,VAT (output less input),0.0
DC9,Frances Baard,2023,0500,Pensions / Retirement deductions,0.0
DC9,Frances Baard,2023,0600,Loan repayments,0.0
DC9,Frances Baard,2023,0700,Trade Creditors,0.0
DC9,Frances Baard,2023,0800,Auditor General,0.0
DC9,Frances Baard,2023,0900,Other,12790823.0
DC9,Frances Baard,2023,1000,Total,12790823.0
EC101,Dr Beyers Naude,2023,0100,Bulk Electricity,441213814.0
EC101,Dr Beyers Naude,2023,0200,Bulk Water,0.0
EC101,Dr Beyers Naude,2023,0300,PAYE deductions,23174645.0
EC101,Dr Beyers Naude,2023,0400,VAT (output less input),0.0
EC101,Dr Beyers Naude,2023,0500,Pensions / Retirement deductions,27255398.0
EC101,Dr Beyers Naude,2023,0600,Loan repayments,0.0
EC101,Dr Beyers Naude,2023,0700,Trade Creditors,56857669.0
EC101,Dr Beyers Naude,2023,0800,Auditor General,5667171.0
EC101,Dr Beyers Naude,2023,0900,Other,0.0
EC101,Dr Beyers Naude,2023,1000,Total,554168697.0
EC102,Blue Crane Route,2023,0100,Bulk Electricity,0.0
EC102,Blue Crane Route,2023,0200,Bulk Water,0.0
EC102,Blue Crane Route,2023,0300,PAYE deductions,0.0
EC102,Blue Crane Route,2023,0400,VAT (output less input),0.0
EC102,Blue Crane Route,2023,0500,Pensions / Retirement deductions,0.0
EC102,Blue Crane Route,2023,0600,Loan repayments,0.0
EC102,Blue Crane Route,2023,0700,Trade Creditors,0.0
EC102,Blue Crane Route,2023,0800,Auditor General,0.0
EC102,Blue Crane Route,2023,0900,Other,7716.0
EC102,Blue Crane Route,2023,1000,Total,7716.0
EC105,Ndlambe,2023,0100,Bulk Electricity,0.0
EC105,Ndlambe,2023,0200,Bulk Water,33235.0
EC105,Ndlambe,2023,0300,PAYE deductions,0.0
EC105,Ndlambe,2023,0400,VAT (output less input),0.0
EC105,Ndlambe,2023,0500,Pensions / Retirement deductions,0.0
EC105,Ndlambe,2023,0600,Loan repayments,0.0
EC105,Ndlambe,2023,0700,Trade Creditors,6524948.0
EC105,Ndlambe,2023,0800,Auditor General,17081.0
EC105,Ndlambe,2023,0900,Other,0.0
EC105,Ndlambe,2023,1000,Total,6575264.0
EC106,Sundays River Valley,2023,0100,Bulk Electricity,6590006.0
EC106,Sundays River Valley,2023,0200,Bulk Water,0.0
EC106,Sundays River Valley,2023,0300,PAYE deductions,0.0
EC106,Sundays River Valley,2023,0400,VAT (output less input),0.0
EC106,Sundays River Valley,2023,0500,Pensions / Retirement deductions,0.0
EC106,Sundays River Valley,2023,0600,Loan repayments,0.0
EC106,Sundays River Valley,2023,0700,Trade Creditors,43087185.0
EC106,Sundays River Valley,2023,0800,Auditor General,1330433.0
EC106,Sundays River Valley,2023,0900,Other,0.0
EC106,Sundays River Valley,2023,1000,Total,51007624.0
EC108,Kouga,2023,0100,Bulk Electricity,35044259.0
EC108,Kouga,2023,0200,Bulk Water,2600799.0
EC108,Kouga,2023,0300,PAYE deductions,0.0
EC108,Kouga,2023,0400,VAT (output less input),0.0
EC108,Kouga,2023,0500,Pensions / Retirement deductions,0.0
EC108,Kouga,2023,0600,Loan repayments,0.0
EC108,Kouga,2023,0700,Trade Creditors,13324148.0
EC108,Kouga,2023,0800,Auditor General,0.0
EC108,Kouga,2023,0900,Other,2798968.0
EC108,Kouga,2023,1000,Total,53768174.0
EC121,Mbhashe,2023,0100,Bulk Electricity,0.0
EC121,Mbhashe,2023,0200,Bulk Water,0.0
EC121,Mbhashe,2023,0300,PAYE deductions,0.0
EC121,Mbhashe,2023,0400,VAT (output less input),0.0
EC121,Mbhashe,2023,0500,Pensions / Retirement deductions,0.0
EC121,Mbhashe,2023,0600,Loan repayments,0.0
EC121,Mbhashe,2023,0700,Trade Creditors,2718993.0
EC121,Mbhashe,2023,0800,Auditor General,0.0
EC121,Mbhashe,2023,0900,Other,5077712.0
EC121,Mbhashe,2023,1000,Total,7796705.0
EC122,Mnquma,2023,0100,Bulk Electricity,0.0
EC122,Mnquma,2023,0200,Bulk Water,0.0
EC122,Mnquma,2023,0300,PAYE deductions,0.0
EC122,Mnquma,2023,0400,VAT (output less input),0.0
EC122,Mnquma,2023,0500,Pensions / Retirement deductions,0.0
EC122,Mnquma,2023,0600,Loan repayments,0.0
EC122,Mnquma,2023,0700,Trade Creditors,8393278.0
EC122,Mnquma,2023,0800,Auditor General,0.0
EC122,Mnquma,2023,0900,Other,225684.0
EC122,Mnquma,2023,1000,Total,8618962.0
EC123,Great Kei,2023,0100,Bulk Electricity,4297104.0
EC123,Great Kei,2023,0200,Bulk Water,0.0
EC123,Great Kei,2023,0300,PAYE deductions,0.0
EC123,Great Kei,2023,0400,VAT (output less input),0.0
EC123,Great Kei,2023,0500,Pensions / Retirement deductions,0.0
EC123,Great Kei,2023,0600,Loan repayments,0.0
EC123,Great Kei,2023,0700,Trade Creditors,7717008.0
EC123,Great Kei,2023,0800,Auditor General,0.0
EC123,Great Kei,2023,0900,Other,848827.0
EC123,Great Kei,2023,1000,Total,12862939.0
EC124,Amahlathi,2023,0100,Bulk Electricity,99983746.0
EC124,Amahlathi,2023,0200,Bulk Water,0.0
EC124,Amahlathi,2023,0300,PAYE deductions,0.0
EC124,Amahlathi,2023,0400,VAT (output less input),0.0
EC124,Amahlathi,2023,0500,Pensions / Retirement deductions,0.0
EC124,Amahlathi,2023,0600,Loan repayments,0.0
EC124,Amahlathi,2023,0700,Trade Creditors,17093464.0
EC124,Amahlathi,2023,0800,Auditor General,1793682.0
EC124,Amahlathi,2023,0900,Other,36339797.0
EC124,Amahlathi,2023,1000,Total,155210689.0
EC126,Ngqushwa,2023,0100,Bulk Electricity,0.0
EC126,Ngqushwa,2023,0200,Bulk Water,0.0
EC126,Ngqushwa,2023,0300,PAYE deductions,0.0
EC126,Ngqushwa,2023,0400,VAT (output less input),0.0
EC126,Ngqushwa,2023,0500,Pensions / Retirement deductions,0.0
EC126,Ngqushwa,2023,0600,Loan repayments,0.0
EC126,Ngqushwa,2023,0700,Trade Creditors,4199897.0
EC126,Ngqushwa,2023,0800,Auditor General,3673.0
EC126,Ngqushwa,2023,0900,Other,3126017.0
EC126,Ngqushwa,2023,1000,Total,7329587.0
EC129,Raymond Mhlaba,2023,0100,Bulk Electricity,0.0
EC129,Raymond Mhlaba,2023,0200,Bulk Water,0.0
EC129,Raymond Mhlaba,2023,0300,PAYE deductions,0.0
EC129,Raymond Mhlaba,2023,0400,VAT (output less input),0.0
EC129,Raymond Mhlaba,2023,0500,Pensions / Retirement deductions,0.0
EC129,Raymond Mhlaba,2023,0600,Loan repayments,0.0
EC129,Raymond Mhlaba,2023,0700,Trade Creditors,5553380.0
EC129,Raymond Mhlaba,2023,0800,Auditor General,0.0
EC129,Raymond Mhlaba,2023,0900,Other,385189895.0
EC129,Raymond Mhlaba,2023,1000,Total,390743275.0
EC131,Inxuba Yethemba,2023,0100,Bulk Electricity,483753453.0
EC131,Inxuba Yethemba,2023,0200,Bulk Water,0.0
EC131,Inxuba Yethemba,2023,0300,PAYE deductions,0.0
EC131,Inxuba Yethemba,2023,0400,VAT (output less input),0.0
EC131,Inxuba Yethemba,2023,0500,Pensions / Retirement deductions,0.0
EC131,Inxuba Yethemba,2023,0600,Loan repayments,0.0
EC131,Inxuba Yethemba,2023,0700,Trade Creditors,20830175.0
EC131,Inxuba Yethemba,2023,0800,Auditor General,9453336.0
EC131,Inxuba Yethemba,2023,0900,Other,0.0
EC131,Inxuba Yethemba,2023,1000,Total,514036964.0
EC135,Vuyisile Mini,2023,0100,Bulk Electricity,57.0
EC135,Vuyisile Mini,2023,0200,Bulk Water,0.0
EC135,Vuyisile Mini,2023,0300,PAYE deductions,0.0
EC135,Vuyisile Mini,2023,0400,VAT (output less input),0.0
EC135,Vuyisile Mini,2023,0500,Pensions / Retirement deductions,0.0
EC135,Vuyisile Mini,2023,0600,Loan repayments,0.0
EC135,Vuyisile Mini,2023,0700,Trade Creditors,-20688.0
EC135,Vuyisile Mini,2023,0800,Auditor General,0.0
EC135,Vuyisile Mini,2023,0900,Other,229547.0
EC135,Vuyisile Mini,2023,1000,Total,208916.0
EC136,Emalahleni (EC),2023,0100,Bulk Electricity,2111496.0
EC136,Emalahleni (EC),2023,0200,Bulk Water,0.0
EC136,Emalahleni (EC),2023,0300,PAYE deductions,0.0
EC136,Emalahleni (EC),2023,0400,VAT (output less input),0.0
EC136,Emalahleni (EC),2023,0500,Pensions / Retirement deductions,0.0
EC136,Emalahleni (EC),2023,0600,Loan repayments,0.0
EC136,Emalahleni (EC),2023,0700,Trade Creditors,5290634.0
EC136,Emalahleni (EC),2023,0800,Auditor General,0.0
EC136,Emalahleni (EC),2023,0900,Other,117230.0
EC136,Emalahleni (EC),2023,1000,Total,7519360.0
EC137,Dr. A.B. Xuma,2023,0100,Bulk Electricity,0.0
EC137,Dr. A.B. Xuma,2023,0200,Bulk Water,0.0
EC137,Dr. A.B. Xuma,2023,0300,PAYE deductions,0.0
EC137,Dr. A.B. Xuma,2023,0400,VAT (output less input),0.0
EC137,Dr. A.B. Xuma,2023,0500,Pensions / Retirement deductions,0.0
EC137,Dr. A.B. Xuma,2023,0600,Loan repayments,0.0
EC137,Dr. A.B. Xuma,2023,0700,Trade Creditors,5901779.0
EC137,Dr. A.B. Xuma,2023,0800,Auditor General,2663.0
EC137,Dr. A.B. Xuma,2023,0900,Other,0.0
EC137,Dr. A.B. Xuma,2023,1000,Total,5904442.0
EC138,Sakhisizwe,2023,0100,Bulk Electricity,0.0
EC138,Sakhisizwe,2023,0200,Bulk Water,0.0
EC138,Sakhisizwe,2023,0300,PAYE deductions,0.0
EC138,Sakhisizwe,2023,0400,VAT (output less input),0.0
EC138,Sakhisizwe,2023,0500,Pensions / Retirement deductions,0.0
EC138,Sakhisizwe,2023,0600,Loan repayments,0.0
EC138,Sakhisizwe,2023,0700,Trade Creditors,3250835.0
EC138,Sakhisizwe,2023,0800,Auditor General,0.0
EC138,Sakhisizwe,2023,0900,Other,195825.0
EC138,Sakhisizwe,2023,1000,Total,3446660.0
EC139,Enoch Mgijima,2023,0100,Bulk Electricity,1126877181.0
EC139,Enoch Mgijima,2023,0200,Bulk Water,0.0
EC139,Enoch Mgijima,2023,0300,PAYE deductions,0.0
EC139,Enoch Mgijima,2023,0400,VAT (output less input),0.0
EC139,Enoch Mgijima,2023,0500,Pensions / Retirement deductions,0.0
EC139,Enoch Mgijima,2023,0600,Loan repayments,0.0
EC139,Enoch Mgijima,2023,0700,Trade Creditors,29818525.0
EC139,Enoch Mgijima,2023,0800,Auditor General,0.0
EC139,Enoch Mgijima,2023,0900,Other,0.0
EC139,Enoch Mgijima,2023,1000,Total,1156695706.0
EC142,Senqu,2023,0100,Bulk Electricity,10694.0
EC142,Senqu,2023,0200,Bulk Water,0.0
EC142,Senqu,2023,0300,PAYE deductions,0.0
EC142,Senqu,2023,0400,VAT (output less input),0.0
EC142,Senqu,2023,0500,Pensions / Retirement deductions,0.0
EC142,Senqu,2023,0600,Loan repayments,0.0
EC142,Senqu,2023,0700,Trade Creditors,9074675.0
EC142,Senqu,2023,0800,Auditor General,0.0
EC142,Senqu,2023,0900,Other,628208.0
EC142,Senqu,2023,1000,Total,9713577.0
EC145,Walter Sisulu,2023,0100,Bulk Electricity,576854406.0
EC145,Walter Sisulu,2023,0200,Bulk Water,0.0
EC145,Walter Sisulu,2023,0300,PAYE deductions,0.0
EC145,Walter Sisulu,2023,0400,VAT (output less input),0.0
EC145,Walter Sisulu,2023,0500,Pensions / Retirement deductions,0.0
EC145,Walter Sisulu,2023,0600,Loan repayments,0.0
EC145,Walter Sisulu,2023,0700,Trade Creditors,642684.0
EC145,Walter Sisulu,2023,0800,Auditor General,697778.0
EC145,Walter Sisulu,2023,0900,Other,12917538.0
EC145,Walter Sisulu,2023,1000,Total,591112406.0
EC153,Ngquza Hills,2023,0100,Bulk Electricity,0.0
EC153,Ngquza Hills,2023,0200,Bulk Water,0.0
EC153,Ngquza Hills,2023,0300,PAYE deductions,0.0
EC153,Ngquza Hills,2023,0400,VAT (output less input),1030602.0
EC153,Ngquza Hills,2023,0500,Pensions / Retirement deductions,0.0
EC153,Ngquza Hills,2023,0600,Loan repayments,0.0
EC153,Ngquza Hills,2023,0700,Trade Creditors,484819.0
EC153,Ngquza Hills,2023,0800,Auditor General,0.0
EC153,Ngquza Hills,2023,0900,Other,0.0
EC153,Ngquza Hills,2023,1000,Total,1515421.0
EC154,Port St Johns,2023,0100,Bulk Electricity,0.0
EC154,Port St Johns,2023,0200,Bulk Water,0.0
EC154,Port St Johns,2023,0300,PAYE deductions,0.0
EC154,Port St Johns,2023,0400,VAT (output less input),0.0
EC154,Port St Johns,2023,0500,Pensions / Retirement deductions,0.0
EC154,Port St Johns,2023,0600,Loan repayments,0.0
EC154,Port St Johns,2023,0700,Trade Creditors,-6741760.0
EC154,Port St Johns,2023,0800,Auditor General,1849157.0
EC154,Port St Johns,2023,0900,Other,0.0
EC154,Port St Johns,2023,1000,Total,-4892603.0
EC155,Nyandeni,2023,0100,Bulk Electricity,0.0
EC155,Nyandeni,2023,0200,Bulk Water,0.0
EC155,Nyandeni,2023,0300,PAYE deductions,0.0
EC155,Nyandeni,2023,0400,VAT (output less input),0.0
EC155,Nyandeni,2023,0500,Pensions / Retirement deductions,0.0
EC155,Nyandeni,2023,0600,Loan repayments,0.0
EC155,Nyandeni,2023,0700,Trade Creditors,3497298.0
EC155,Nyandeni,2023,0800,Auditor General,0.0
EC155,Nyandeni,2023,0900,Other,0.0
EC155,Nyandeni,2023,1000,Total,3497298.0
EC156,Kumkani Mhlontlo,2023,0100,Bulk Electricity,688444.0
EC156,Kumkani Mhlontlo,2023,0200,Bulk Water,0.0
EC156,Kumkani Mhlontlo,2023,0300,PAYE deductions,0.0
EC156,Kumkani Mhlontlo,2023,0400,VAT (output less input),0.0
EC156,Kumkani Mhlontlo,2023,0500,Pensions / Retirement deductions,0.0
EC156,Kumkani Mhlontlo,2023,0600,Loan repayments,0.0
EC156,Kumkani Mhlontlo,2023,0700,Trade Creditors,1484894.0
EC156,Kumkani Mhlontlo,2023,0800,Auditor General,165130.0
EC156,Kumkani Mhlontlo,2023,0900,Other,0.0
EC156,Kumkani Mhlontlo,2023,1000,Total,2338468.0
EC157,King Sabata Dalindyebo,2023,0100,Bulk Electricity,0.0
EC157,King Sabata Dalindyebo,2023,0200,Bulk Water,0.0
EC157,King Sabata Dalindyebo,2023,0300,PAYE deductions,0.0
EC157,King Sabata Dalindyebo,2023,0400,VAT (output less input),0.0
EC157,King Sabata Dalindyebo,2023,0500,Pensions / Retirement deductions,0.0
EC157,King Sabata Dalindyebo,2023,0600,Loan repayments,0.0
EC157,King Sabata Dalindyebo,2023,0700,Trade Creditors,256061435.0
EC157,King Sabata Dalindyebo,2023,0800,Auditor General,3236306.0
EC157,King Sabata Dalindyebo,2023,0900,Other,131102.0
EC157,King Sabata Dalindyebo,2023,1000,Total,259428843.0
EC441,Matatiele,2023,0100,Bulk Electricity,0.0
EC441,Matatiele,2023,0200,Bulk Water,0.0
EC441,Matatiele,2023,0300,PAYE deductions,0.0
EC441,Matatiele,2023,0400,VAT (output less input),0.0
EC441,Matatiele,2023,0500,Pensions / Retirement deductions,0.0
EC441,Matatiele,2023,0600,Loan repayments,0.0
EC441,Matatiele,2023,0700,Trade Creditors,-25000.0
EC441,Matatiele,2023,0800,Auditor General,0.0
EC441,Matatiele,2023,0900,Other,0.0
EC441,Matatiele,2023,1000,Total,-25000.0
EC443,Winnie Madikizela-Mandela,2023,0100,Bulk Electricity,0.0
EC443,Winnie Madikizela-Mandela,2023,0200,Bulk Water,0.0
EC443,Winnie Madikizela-Mandela,2023,0300,PAYE deductions,0.0
EC443,Winnie Madikizela-Mandela,2023,0400,VAT (output less input),0.0
EC443,Winnie Madikizela-Mandela,2023,0500,Pensions / Retirement deductions,0.0
EC443,Winnie Madikizela-Mandela,2023,0600,Loan repayments,0.0
EC443,Winnie Madikizela-Mandela,2023,0700,Trade Creditors,3002177.0
EC443,Winnie Madikizela-Mandela,2023,0800,Auditor General,0.0
EC443,Winnie Madikizela-Mandela,2023,0900,Other,0.0
EC443,Winnie Madikizela-Mandela,2023,1000,Total,3002177.0
EC444,Ntabankulu,2023,0100,Bulk Electricity,0.0
EC444,Ntabankulu,2023,0200,Bulk Water,0.0
EC444,Ntabankulu,2023,0300,PAYE deductions,0.0
EC444,Ntabankulu,2023,0400,VAT (output less input),0.0
EC444,Ntabankulu,2023,0500,Pensions / Retirement deductions,0.0
EC444,Ntabankulu,2023,0600,Loan repayments,0.0
EC444,Ntabankulu,2023,0700,Trade Creditors,213769.0
EC444,Ntabankulu,2023,0800,Auditor General,0.0
EC444,Ntabankulu,2023,0900,Other,5285956.0
EC444,Ntabankulu,2023,1000,Total,5499725.0
EKU,City of Ekurhuleni,2023,0100,Bulk Electricity,1246485378.0
EKU,City of Ekurhuleni,2023,0200,Bulk Water,394693835.0
EKU,City of Ekurhuleni,2023,0300,PAYE deductions,0.0
EKU,City of Ekurhuleni,2023,0400,VAT (output less input),0.0
EKU,City of Ekurhuleni,2023,0500,Pensions / Retirement deductions,0.0
EKU,City of Ekurhuleni,2023,0600,Loan repayments,0.0
EKU,City of Ekurhuleni,2023,0700,Trade Creditors,0.0
EKU,City of Ekurhuleni,2023,0800,Auditor General,515062.0
EKU,City of Ekurhuleni,2023,0900,Other,0.0
EKU,City of Ekurhuleni,2023,1000,Total,1641694275.0
FS161,Letsemeng,2023,0100,Bulk Electricity,166966609.0
FS161,Letsemeng,2023,0200,Bulk Water,0.0
FS161,Letsemeng,2023,0300,PAYE deductions,0.0
FS161,Letsemeng,2023,0400,VAT (output less input),0.0
FS161,Letsemeng,2023,0500,Pensions / Retirement deductions,0.0
FS161,Letsemeng,2023,0600,Loan repayments,0.0
FS161,Letsemeng,2023,0700,Trade Creditors,41559641.0
FS161,Letsemeng,2023,0800,Auditor General,2980122.0
FS161,Letsemeng,2023,0900,Other,8698695.0
FS161,Letsemeng,2023,1000,Total,220205067.0
FS163,Mohokare,2023,0100,Bulk Electricity,0.0
FS163,Mohokare,2023,0200,Bulk Water,0.0
FS163,Mohokare,2023,0300,PAYE deductions,0.0
FS163,Mohokare,2023,0400,VAT (output less input),0.0
FS163,Mohokare,2023,0500,Pensions / Retirement deductions,0.0
FS163,Mohokare,2023,0600,Loan repayments,0.0
FS163,Mohokare,2023,0700,Trade Creditors,140553734.0
FS163,Mohokare,2023,0800,Auditor General,0.0
FS163,Mohokare,2023,0900,Other,0.0
FS163,Mohokare,2023,1000,Total,140553734.0
FS183,Tswelopele,2023,0100,Bulk Electricity,41029394.0
FS183,Tswelopele,2023,0200,Bulk Water,14122594.0
FS183,Tswelopele,2023,0300,PAYE deductions,0.0
FS183,Tswelopele,2023,0400,VAT (output less input),0.0
FS183,Tswelopele,2023,0500,Pensions / Retirement deductions,0.0
FS183,Tswelopele,2023,0600,Loan repayments,0.0
FS183,Tswelopele,2023,0700,Trade Creditors,70697751.0
FS183,Tswelopele,2023,0800,Auditor General,0.0
FS183,Tswelopele,2023,0900,Other,0.0
FS183,Tswelopele,2023,1000,Total,125849739.0
FS184,Matjhabeng,2023,0100,Bulk Electricity,5634375806.0
FS184,Matjhabeng,2023,0200,Bulk Water,5436424698.0
FS184,Matjhabeng,2023,0300,PAYE deductions,12089137.0
FS184,Matjhabeng,2023,0400,VAT (output less input),0.0
FS184,Matjhabeng,2023,0500,Pensions / Retirement deductions,146599860.0
FS184,Matjhabeng,2023,0600,Loan repayments,0.0
FS184,Matjhabeng,2023,0700,Trade Creditors,432631358.0
FS184,Matjhabeng,2023,0800,Auditor General,1310945.0
FS184,Matjhabeng,2023,0900,Other,327641772.0
FS184,Matjhabeng,2023,1000,Total,11991073576.0
FS191,Setsoto,2023,0100,Bulk Electricity,2631.0
FS191,Setsoto,2023,0200,Bulk Water,0.0
FS191,Setsoto,2023,0300,PAYE deductions,16893.0
FS191,Setsoto,2023,0400,VAT (output less input),0.0
FS191,Setsoto,2023,0500,Pensions / Retirement deductions,3325.0
FS191,Setsoto,2023,0600,Loan repayments,0.0
FS191,Setsoto,2023,0700,Trade Creditors,35882157.0
FS191,Setsoto,2023,0800,Auditor General,0.0
FS191,Setsoto,2023,0900,Other,0.0
FS191,Setsoto,2023,1000,Total,35905006.0
FS192,Dihlabeng,2023,0100,Bulk Electricity,936182378.0
FS192,Dihlabeng,2023,0200,Bulk Water,0.0
FS192,Dihlabeng,2023,0300,PAYE deductions,0.0
FS192,Dihlabeng,2023,0400,VAT (output less input),0.0
FS192,Dihlabeng,2023,0500,Pensions / Retirement deductions,0.0
FS192,Dihlabeng,2023,0600,Loan repayments,0.0
FS192,Dihlabeng,2023,0700,Trade Creditors,37986217.0
FS192,Dihlabeng,2023,0800,Auditor General,2201660.0
FS192,Dihlabeng,2023,0900,Other,187240795.0
FS192,Dihlabeng,2023,1000,Total,1163611050.0
FS193,Nketoana,2023,0100,Bulk Electricity,0.0
FS193,Nketoana,2023,0200,Bulk Water,0.0
FS193,Nketoana,2023,0300,PAYE deductions,0.0
FS193,Nketoana,2023,0400,VAT (output less input),0.0
FS193,Nketoana,2023,0500,Pensions / Retirement deductions,0.0
FS193,Nketoana,2023,0600,Loan repayments,0.0
FS193,Nketoana,2023,0700,Trade Creditors,703478741.0
FS193,Nketoana,2023,0800,Auditor General,0.0
FS193,Nketoana,2023,0900,Other,0.0
FS193,Nketoana,2023,1000,Total,703478741.0
FS194,Maluti-a-Phofung,2023,0100,Bulk Electricity,8044949493.0
FS194,Maluti-a-Phofung,2023,0200,Bulk Water,0.0
FS194,Maluti-a-Phofung,2023,0300,PAYE deductions,0.0
FS194,Maluti-a-Phofung,2023,0400,VAT (output less input),0.0
FS194,Maluti-a-Phofung,2023,0500,Pensions / Retirement deductions,0.0
FS194,Maluti-a-Phofung,2023,0600,Loan repayments,0.0
FS194,Maluti-a-Phofung,2023,0700,Trade Creditors,859528754.0
FS194,Maluti-a-Phofung,2023,0800,Auditor General,2522083.0
FS194,Maluti-a-Phofung,2023,0900,Other,0.0
FS194,Maluti-a-Phofung,2023,1000,Total,8907000330.0
FS195,Phumelela,2023,0100,Bulk Electricity,223901396.0
FS195,Phumelela,2023,0200,Bulk Water,100390260.0
FS195,Phumelela,2023,0300,PAYE deductions,0.0
FS195,Phumelela,2023,0400,VAT (output less input),0.0
FS195,Phumelela,2023,0500,Pensions / Retirement deductions,0.0
FS195,Phumelela,2023,0600,Loan repayments,0.0
FS195,Phumelela,2023,0700,Trade Creditors,5910846.0
FS195,Phumelela,2023,0800,Auditor General,14595793.0
FS195,Phumelela,2023,0900,Other,15490845.0
FS195,Phumelela,2023,1000,Total,360289140.0
FS196,Mantsopa,2023,0100,Bulk Electricity,314847598.0
FS196,Mantsopa,2023,0200,Bulk Water,2686674.0
FS196,Mantsopa,2023,0300,PAYE deductions,0.0
FS196,Mantsopa,2023,0400,VAT (output less input),0.0
FS196,Mantsopa,2023,0500,Pensions / Retirement deductions,0.0
FS196,Mantsopa,2023,0600,Loan repayments,0.0
FS196,Mantsopa,2023,0700,Trade Creditors,12574133.0
FS196,Mantsopa,2023,0800,Auditor General,8897231.0
FS196,Mantsopa,2023,0900,Other,0.0
FS196,Mantsopa,2023,1000,Total,339005636.0
FS201,Moqhaka,2023,0100,Bulk Electricity,935997729.0
FS201,Moqhaka,2023,0200,Bulk Water,0.0
FS201,Moqhaka,2023,0300,PAYE deductions,0.0
FS201,Moqhaka,2023,0400,VAT (output less input),0.0
FS201,Moqhaka,2023,0500,Pensions / Retirement deductions,0.0
FS201,Moqhaka,2023,0600,Loan repayments,7546062.0
FS201,Moqhaka,2023,0700,Trade Creditors,16977809.0
FS201,Moqhaka,2023,0800,Auditor General,546431.0
FS201,Moqhaka,2023,0900,Other,11424673.0
FS201,Moqhaka,2023,1000,Total,972492704.0
FS203,Ngwathe,2023,0100,Bulk Electricity,1869514563.0
FS203,Ngwathe,2023,0200,Bulk Water,55614245.0
FS203,Ngwathe,2023,0300,PAYE deductions,4882174.0
FS203,Ngwathe,2023,0400,VAT (output less input),0.0
FS203,Ngwathe,2023,0500,Pensions / Retirement deductions,3100404.0
FS203,Ngwathe,2023,0600,Loan repayments,0.0
FS203,Ngwathe,2023,0700,Trade Creditors,207376302.0
FS203,Ngwathe,2023,0800,Auditor General,2101514.0
FS203,Ngwathe,2023,0900,Other,166343918.0
FS203,Ngwathe,2023,1000,Total,2308933120.0
FS204,Metsimaholo,2023,0100,Bulk Electricity,0.0
FS204,Metsimaholo,2023,0200,Bulk Water,47349993.0
FS204,Metsimaholo,2023,0300,PAYE deductions,0.0
FS204,Metsimaholo,2023,0400,VAT (output less input),0.0
FS204,Metsimaholo,2023,0500,Pensions / Retirement deductions,0.0
FS204,Metsimaholo,2023,0600,Loan repayments,0.0
FS204,Metsimaholo,2023,0700,Trade Creditors,10573825.0
FS204,Metsimaholo,2023,0800,Auditor General,0.0
FS204,Metsimaholo,2023,0900,Other,7171663.0
FS204,Metsimaholo,2023,1000,Total,65095481.0
FS205,Mafube,2023,0100,Bulk Electricity,124038538.0
FS205,Mafube,2023,0200,Bulk Water,516249163.0
FS205,Mafube,2023,0300,PAYE deductions,-10110.0
FS205,Mafube,2023,0400,VAT (output less input),0.0
FS205,Mafube,2023,0500,Pensions / Retirement deductions,213705897.0
FS205,Mafube,2023,0600,Loan repayments,0.0
FS205,Mafube,2023,0700,Trade Creditors,209296672.0
FS205,Mafube,2023,0800,Auditor General,11878481.0
FS205,Mafube,2023,0900,Other,20607821.0
FS205,Mafube,2023,1000,Total,1095766462.0
GT421,Emfuleni,2023,0100,Bulk Electricity,7141035711.0
GT421,Emfuleni,2023,0200,Bulk Water,970727086.0
GT421,Emfuleni,2023,0300,PAYE deductions,0.0
GT421,Emfuleni,2023,0400,VAT (output less input),0.0
GT421,Emfuleni,2023,0500,Pensions / Retirement deductions,0.0
GT421,Emfuleni,2023,0600,Loan repayments,0.0
GT421,Emfuleni,2023,0700,Trade Creditors,686635927.0
GT421,Emfuleni,2023,0800,Auditor General,488481.0
GT421,Emfuleni,2023,0900,Other,0.0
GT421,Emfuleni,2023,1000,Total,8798887205.0
GT422,Midvaal,2023,0100,Bulk Electricity,43872501.0
GT422,Midvaal,2023,0200,Bulk Water,13256415.0
GT422,Midvaal,2023,0300,PAYE deductions,0.0
GT422,Midvaal,2023,0400,VAT (output less input),0.0
GT422,Midvaal,2023,0500,Pensions / Retirement deductions,0.0
GT422,Midvaal,2023,0600,Loan repayments,0.0
GT422,Midvaal,2023,0700,Trade Creditors,61122712.0
GT422,Midvaal,2023,0800,Auditor General,0.0
GT422,Midvaal,2023,0900,Other,0.0
GT422,Midvaal,2023,1000,Total,118251628.0
GT423,Lesedi,2023,0100,Bulk Electricity,131542083.0
GT423,Lesedi,2023,0200,Bulk Water,1274435.0
GT423,Lesedi,2023,0300,PAYE deductions,0.0
GT423,Lesedi,2023,0400,VAT (output less input),0.0
GT423,Lesedi,2023,0500,Pensions / Retirement deductions,0.0
GT423,Lesedi,2023,0600,Loan repayments,0.0
GT423,Lesedi,2023,0700,Trade Creditors,104735667.0
GT423,Lesedi,2023,0800,Auditor General,0.0
GT423,Lesedi,2023,0900,Other,0.0
GT423,Lesedi,2023,1000,Total,237552185.0
GT481,Mogale City,2023,0100,Bulk Electricity,511420526.0
GT481,Mogale City,2023,0200,Bulk Water,92794741.0
GT481,Mogale City,2023,0300,PAYE deductions,11127948.0
GT481,Mogale City,2023,0400,VAT (output less input),0.0
GT481,Mogale City,2023,0500,Pensions / Retirement deductions,11874912.0
GT481,Mogale City,2023,0600,Loan repayments,4121970.0
GT481,Mogale City,2023,0700,Trade Creditors,378611676.0
GT481,Mogale City,2023,0800,Auditor General,23001.0
GT481,Mogale City,2023,0900,Other,1688741.0
GT481,Mogale City,2023,1000,Total,1011663515.0
GT484,Merafong City,2023,0100,Bulk Electricity,693705889.0
GT484,Merafong City,2023,0200,Bulk Water,629513019.0
GT484,Merafong City,2023,0300,PAYE deductions,0.0
GT484,Merafong City,2023,0400,VAT (output less input),175138914.0
GT484,Merafong City,2023,0500,Pensions / Retirement deductions,0.0
GT484,Merafong City,2023,0600,Loan repayments,0.0
GT484,Merafong City,2023,0700,Trade Creditors,70058029.0
GT484,Merafong City,2023,0800,Auditor General,2638910.0
GT484,Merafong City,2023,0900,Other,35089986.0
GT484,Merafong City,2023,1000,Total,1606144747.0
GT485,Rand West City,2023,0100,Bulk Electricity,947166457.0
GT485,Rand West City,2023,0200,Bulk Water,192714673.0
GT485,Rand West City,2023,0300,PAYE deductions,0.0
GT485,Rand West City,2023,0400,VAT (output less input),0.0
GT485,Rand West City,2023,0500,Pensions / Retirement deductions,0.0
GT485,Rand West City,2023,0600,Loan repayments,0.0
GT485,Rand West City,2023,0700,Trade Creditors,563215469.0
GT485,Rand West City,2023,0800,Auditor General,0.0
GT485,Rand West City,2023,0900,Other,0.0
GT485,Rand West City,2023,1000,Total,1703096599.0
KZN212,Umdoni,2023,0100,Bulk Electricity,0.0
KZN212,Umdoni,2023,0200,Bulk Water,0.0
KZN212,Umdoni,2023,0300,PAYE deductions,0.0
KZN212,Umdoni,2023,0400,VAT (output less input),3120091.0
KZN212,Umdoni,2023,0500,Pensions / Retirement deductions,0.0
KZN212,Umdoni,2023,0600,Loan repayments,0.0
KZN212,Umdoni,2023,0700,Trade Creditors,0.0
KZN212,Umdoni,2023,0800,Auditor General,0.0
KZN212,Umdoni,2023,0900,Other,0.0
KZN212,Umdoni,2023,1000,Total,3120091.0
KZN213,Umzumbe,2023,0100,Bulk Electricity,0.0
KZN213,Umzumbe,2023,0200,Bulk Water,0.0
KZN213,Umzumbe,2023,0300,PAYE deductions,0.0
KZN213,Umzumbe,2023,0400,VAT (output less input),0.0
KZN213,Umzumbe,2023,0500,Pensions / Retirement deductions,0.0
KZN213,Umzumbe,2023,0600,Loan repayments,0.0
KZN213,Umzumbe,2023,0700,Trade Creditors,701212.0
KZN213,Umzumbe,2023,0800,Auditor General,0.0
KZN213,Umzumbe,2023,0900,Other,3057754.0
KZN213,Umzumbe,2023,1000,Total,3758966.0
KZN214,uMuziwabantu,2023,0100,Bulk Electricity,0.0
KZN214,uMuziwabantu,2023,0200,Bulk Water,0.0
KZN214,uMuziwabantu,2023,0300,PAYE deductions,0.0
KZN214,uMuziwabantu,2023,0400,VAT (output less input),281594.0
KZN214,uMuziwabantu,2023,0500,Pensions / Retirement deductions,0.0
KZN214,uMuziwabantu,2023,0600,Loan repayments,0.0
KZN214,uMuziwabantu,2023,0700,Trade Creditors,0.0
KZN214,uMuziwabantu,2023,0800,Auditor General,0.0
KZN214,uMuziwabantu,2023,0900,Other,0.0
KZN214,uMuziwabantu,2023,1000,Total,281594.0
KZN216,Ray Nkonyeni,2023,0100,Bulk Electricity,0.0
KZN216,Ray Nkonyeni,2023,0200,Bulk Water,0.0
KZN216,Ray Nkonyeni,2023,0300,PAYE deductions,0.0
KZN216,Ray Nkonyeni,2023,0400,VAT (output less input),0.0
KZN216,Ray Nkonyeni,2023,0500,Pensions / Retirement deductions,0.0
KZN216,Ray Nkonyeni,2023,0600,Loan repayments,0.0
KZN216,Ray Nkonyeni,2023,0700,Trade Creditors,5758893.0
KZN216,Ray Nkonyeni,2023,0800,Auditor General,0.0
KZN216,Ray Nkonyeni,2023,0900,Other,0.0
KZN216,Ray Nkonyeni,2023,1000,Total,5758893.0
KZN221,uMshwathi,2023,0100,Bulk Electricity,0.0
KZN221,uMshwathi,2023,0200,Bulk Water,0.0
KZN221,uMshwathi,2023,0300,PAYE deductions,0.0
KZN221,uMshwathi,2023,0400,VAT (output less input),0.0
KZN221,uMshwathi,2023,0500,Pensions / Retirement deductions,0.0
KZN221,uMshwathi,2023,0600,Loan repayments,0.0
KZN221,uMshwathi,2023,0700,Trade Creditors,3080867.0
KZN221,uMshwathi,2023,0800,Auditor General,0.0
KZN221,uMshwathi,2023,0900,Other,17611956.0
KZN221,uMshwathi,2023,1000,Total,20692823.0
KZN222,uMngeni,2023,0100,Bulk Electricity,0.0
KZN222,uMngeni,2023,0200,Bulk Water,0.0
KZN222,uMngeni,2023,0300,PAYE deductions,0.0
KZN222,uMngeni,2023,0400,VAT (output less input),0.0
KZN222,uMngeni,2023,0500,Pensions / Retirement deductions,0.0
KZN222,uMngeni,2023,0600,Loan repayments,0.0
KZN222,uMngeni,2023,0700,Trade Creditors,0.0
KZN222,uMngeni,2023,0800,Auditor General,0.0
KZN222,uMngeni,2023,0900,Other,0.0
KZN222,uMngeni,2023,1000,Total,0.0
KZN223,Mpofana,2023,0100,Bulk Electricity,425254120.0
KZN223,Mpofana,2023,0200,Bulk Water,0.0
KZN223,Mpofana,2023,0300,PAYE deductions,0.0
KZN223,Mpofana,2023,0400,VAT (output less input),0.0
KZN223,Mpofana,2023,0500,Pensions / Retirement deductions,0.0
KZN223,Mpofana,2023,0600,Loan repayments,0.0
KZN223,Mpofana,2023,0700,Trade Creditors,19551775.0
KZN223,Mpofana,2023,0800,Auditor General,285694.0
KZN223,Mpofana,2023,0900,Other,15870.0
KZN223,Mpofana,2023,1000,Total,445107459.0
KZN225,Msunduzi,2023,0100,Bulk Electricity,1149913405.0
KZN225,Msunduzi,2023,0200,Bulk Water,505999970.0
KZN225,Msunduzi,2023,0300,PAYE deductions,0.0
KZN225,Msunduzi,2023,0400,VAT (output less input),0.0
KZN225,Msunduzi,2023,0500,Pensions / Retirement deductions,0.0
KZN225,Msunduzi,2023,0600,Loan repayments,0.0
KZN225,Msunduzi,2023,0700,Trade Creditors,0.0
KZN225,Msunduzi,2023,0800,Auditor General,0.0
KZN225,Msunduzi,2023,0900,Other,93789320.0
KZN225,Msunduzi,2023,1000,Total,1749702695.0
KZN226,Mkhambathini,2023,0100,Bulk Electricity,0.0
KZN226,Mkhambathini,2023,0200,Bulk Water,0.0
KZN226,Mkhambathini,2023,0300,PAYE deductions,0.0
KZN226,Mkhambathini,2023,0400,VAT (output less input),0.0
KZN226,Mkhambathini,2023,0500,Pensions / Retirement deductions,0.0
KZN226,Mkhambathini,2023,0600,Loan repayments,0.0
KZN226,Mkhambathini,2023,0700,Trade Creditors,465102.0
KZN226,Mkhambathini,2023,0800,Auditor General,0.0
KZN226,Mkhambathini,2023,0900,Other,1607307.0
KZN226,Mkhambathini,2023,1000,Total,2072409.0
KZN227,Richmond,2023,0100,Bulk Electricity,0.0
KZN227,Richmond,2023,0200,Bulk Water,0.0
KZN227,Richmond,2023,0300,PAYE deductions,0.0
KZN227,Richmond,2023,0400,VAT (output less input),0.0
KZN227,Richmond,2023,0500,Pensions / Retirement deductions,0.0
KZN227,Richmond,2023,0600,Loan repayments,0.0
KZN227,Richmond,2023,0700,Trade Creditors,0.0
KZN227,Richmond,2023,0800,Auditor General,0.0
KZN227,Richmond,2023,0900,Other,0.0
KZN227,Richmond,2023,1000,Total,0.0
KZN235,Okhahlamba,2023,0100,Bulk Electricity,0.0
KZN235,Okhahlamba,2023,0200,Bulk Water,0.0
KZN235,Okhahlamba,2023,0300,PAYE deductions,0.0
KZN235,Okhahlamba,2023,0400,VAT (output less input),0.0
KZN235,Okhahlamba,2023,0500,Pensions / Retirement deductions,0.0
KZN235,Okhahlamba,2023,0600,Loan repayments,0.0
KZN235,Okhahlamba,2023,0700,Trade Creditors,4717980.0
KZN235,Okhahlamba,2023,0800,Auditor General,0.0
KZN235,Okhahlamba,2023,0900,Other,370500.0
KZN235,Okhahlamba,2023,1000,Total,5088480.0
KZN237,Inkosi Langalibalele,2023,0100,Bulk Electricity,0.0
KZN237,Inkosi Langalibalele,2023,0200,Bulk Water,0.0
KZN237,Inkosi Langalibalele,2023,0300,PAYE deductions,0.0
KZN237,Inkosi Langalibalele,2023,0400,VAT (output less input),0.0
KZN237,Inkosi Langalibalele,2023,0500,Pensions / Retirement deductions,0.0
KZN237,Inkosi Langalibalele,2023,0600,Loan repayments,0.0
KZN237,Inkosi Langalibalele,2023,0700,Trade Creditors,0.0
KZN237,Inkosi Langalibalele,2023,0800,Auditor General,0.0
KZN237,Inkosi Langalibalele,2023,0900,Other,0.0
KZN237,Inkosi Langalibalele,2023,1000,Total,0.0
KZN238,Alfred Duma,2023,0100,Bulk Electricity,0.0
KZN238,Alfred Duma,2023,0200,Bulk Water,0.0
KZN238,Alfred Duma,2023,0300,PAYE deductions,0.0
KZN238,Alfred Duma,2023,0400,VAT (output less input),0.0
KZN238,Alfred Duma,2023,0500,Pensions / Retirement deductions,0.0
KZN238,Alfred Duma,2023,0600,Loan repayments,0.0
KZN238,Alfred Duma,2023,0700,Trade Creditors,11254629.0
KZN238,Alfred Duma,2023,0800,Auditor General,0.0
KZN238,Alfred Duma,2023,0900,Other,0.0
KZN238,Alfred Duma,2023,1000,Total,11254629.0
KZN241,Endumeni,2023,0100,Bulk Electricity,0.0
KZN241,Endumeni,2023,0200,Bulk Water,0.0
KZN241,Endumeni,2023,0300,PAYE deductions,0.0
KZN241,Endumeni,2023,0400,VAT (output less input),0.0
KZN241,Endumeni,2023,0500,Pensions / Retirement deductions,0.0
KZN241,Endumeni,2023,0600,Loan repayments,0.0
KZN241,Endumeni,2023,0700,Trade Creditors,0.0
KZN241,Endumeni,2023,0800,Auditor General,0.0
KZN241,Endumeni,2023,0900,Other,0.0
KZN241,Endumeni,2023,1000,Total,0.0
KZN244,Msinga,2023,0100,Bulk Electricity,0.0
KZN244,Msinga,2023,0200,Bulk Water,0.0
KZN244,Msinga,2023,0300,PAYE deductions,0.0
KZN244,Msinga,2023,0400,VAT (output less input),0.0
KZN244,Msinga,2023,0500,Pensions / Retirement deductions,0.0
KZN244,Msinga,2023,0600,Loan repayments,0.0
KZN244,Msinga,2023,0700,Trade Creditors,221395.0
KZN244,Msinga,2023,0800,Auditor General,0.0
KZN244,Msinga,2023,0900,Other,0.0
KZN244,Msinga,2023,1000,Total,221395.0
KZN245,Umvoti,2023,0100,Bulk Electricity,11488521.0
KZN245,Umvoti,2023,0200,Bulk Water,0.0
KZN245,Umvoti,2023,0300,PAYE deductions,0.0
KZN245,Umvoti,2023,0400,VAT (output less input),0.0
KZN245,Umvoti,2023,0500,Pensions / Retirement deductions,0.0
KZN245,Umvoti,2023,0600,Loan repayments,0.0
KZN245,Umvoti,2023,0700,Trade Creditors,2974182.0
KZN245,Umvoti,2023,0800,Auditor General,0.0
KZN245,Umvoti,2023,0900,Other,13942023.0
KZN245,Umvoti,2023,1000,Total,28404726.0
KZN252,Newcastle,2023,0100,Bulk Electricity,54006802.0
KZN252,Newcastle,2023,0200,Bulk Water,213166810.0
KZN252,Newcastle,2023,0300,PAYE deductions,0.0
KZN252,Newcastle,2023,0400,VAT (output less input),0.0
KZN252,Newcastle,2023,0500,Pensions / Retirement deductions,0.0
KZN252,Newcastle,2023,0600,Loan repayments,0.0
KZN252,Newcastle,2023,0700,Trade Creditors,48431581.0
KZN252,Newcastle,2023,0800,Auditor General,0.0
KZN252,Newcastle,2023,0900,Other,12616815.0
KZN252,Newcastle,2023,1000,Total,328222008.0
KZN253,Emadlangeni,2023,0100,Bulk Electricity,2688643.0
KZN253,Emadlangeni,2023,0200,Bulk Water,0.0
KZN253,Emadlangeni,2023,0300,PAYE deductions,0.0
KZN253,Emadlangeni,2023,0400,VAT (output less input),0.0
KZN253,Emadlangeni,2023,0500,Pensions / Retirement deductions,0.0
KZN253,Emadlangeni,2023,0600,Loan repayments,0.0
KZN253,Emadlangeni,2023,0700,Trade Creditors,7991898.0
KZN253,Emadlangeni,2023,0800,Auditor General,21563.0
KZN253,Emadlangeni,2023,0900,Other,1918530.0
KZN253,Emadlangeni,2023,1000,Total,12620634.0
KZN254,Dannhauser,2023,0100,Bulk Electricity,0.0
KZN254,Dannhauser,2023,0200,Bulk Water,0.0
KZN254,Dannhauser,2023,0300,PAYE deductions,0.0
KZN254,Dannhauser,2023,0400,VAT (output less input),0.0
KZN254,Dannhauser,2023,0500,Pensions / Retirement deductions,0.0
KZN254,Dannhauser,2023,0600,Loan repayments,0.0
KZN254,Dannhauser,2023,0700,Trade Creditors,0.0
KZN254,Dannhauser,2023,0800,Auditor General,0.0
KZN254,Dannhauser,2023,0900,Other,0.0
KZN254,Dannhauser,2023,1000,Total,0.0
KZN261,eDumbe,2023,0100,Bulk Electricity,0.0
KZN261,eDumbe,2023,0200,Bulk Water,149600.0
KZN261,eDumbe,2023,0300,PAYE deductions,0.0
KZN261,eDumbe,2023,0400,VAT (output less input),0.0
KZN261,eDumbe,2023,0500,Pensions / Retirement deductions,0.0
KZN261,eDumbe,2023,0600,Loan repayments,0.0
KZN261,eDumbe,2023,0700,Trade Creditors,4407169.0
KZN261,eDumbe,2023,0800,Auditor General,4861.0
KZN261,eDumbe,2023,0900,Other,12572425.0
KZN261,eDumbe,2023,1000,Total,17134055.0
KZN262,uPhongolo,2023,0100,Bulk Electricity,-9405.0
KZN262,uPhongolo,2023,0200,Bulk Water,0.0
KZN262,uPhongolo,2023,0300,PAYE deductions,0.0
KZN262,uPhongolo,2023,0400,VAT (output less input),0.0
KZN262,uPhongolo,2023,0500,Pensions / Retirement deductions,0.0
KZN262,uPhongolo,2023,0600,Loan repayments,0.0
KZN262,uPhongolo,2023,0700,Trade Creditors,4865265.0
KZN262,uPhongolo,2023,0800,Auditor General,0.0
KZN262,uPhongolo,2023,0900,Other,471508.0
KZN262,uPhongolo,2023,1000,Total,5327368.0
KZN263,Abaqulusi,2023,0100,Bulk Electricity,36160246.0
KZN263,Abaqulusi,2023,0200,Bulk Water,0.0
KZN263,Abaqulusi,2023,0300,PAYE deductions,0.0
KZN263,Abaqulusi,2023,0400,VAT (output less input),0.0
KZN263,Abaqulusi,2023,0500,Pensions / Retirement deductions,2381652.0
KZN263,Abaqulusi,2023,0600,Loan repayments,0.0
KZN263,Abaqulusi,2023,0700,Trade Creditors,30043781.0
KZN263,Abaqulusi,2023,0800,Auditor General,0.0
KZN263,Abaqulusi,2023,0900,Other,0.0
KZN263,Abaqulusi,2023,1000,Total,68585679.0
KZN265,Nongoma,2023,0100,Bulk Electricity,0.0
KZN265,Nongoma,2023,0200,Bulk Water,0.0
KZN265,Nongoma,2023,0300,PAYE deductions,0.0
KZN265,Nongoma,2023,0400,VAT (output less input),0.0
KZN265,Nongoma,2023,0500,Pensions / Retirement deductions,0.0
KZN265,Nongoma,2023,0600,Loan repayments,0.0
KZN265,Nongoma,2023,0700,Trade Creditors,22102659.0
KZN265,Nongoma,2023,0800,Auditor General,0.0
KZN265,Nongoma,2023,0900,Other,37182060.0
KZN265,Nongoma,2023,1000,Total,59284719.0
KZN266,Ulundi,2023,0100,Bulk Electricity,157746756.0
KZN266,Ulundi,2023,0200,Bulk Water,0.0
KZN266,Ulundi,2023,0300,PAYE deductions,0.0
KZN266,Ulundi,2023,0400,VAT (output less input),0.0
KZN266,Ulundi,2023,0500,Pensions / Retirement deductions,0.0
KZN266,Ulundi,2023,0600,Loan repayments,0.0
KZN266,Ulundi,2023,0700,Trade Creditors,306475.0
KZN266,Ulundi,2023,0800,Auditor General,0.0
KZN266,Ulundi,2023,0900,Other,120000.0
KZN266,Ulundi,2023,1000,Total,158173231.0
KZN271,Umhlabuyalingana,2023,0100,Bulk Electricity,0.0
KZN271,Umhlabuyalingana,2023,0200,Bulk Water,0.0
KZN271,Umhlabuyalingana,2023,0300,PAYE deductions,-68.0
KZN271,Umhlabuyalingana,2023,0400,VAT (output less input),0.0
KZN271,Umhlabuyalingana,2023,0500,Pensions / Retirement deductions,0.0
KZN271,Umhlabuyalingana,2023,0600,Loan repayments,0.0
KZN271,Umhlabuyalingana,2023,0700,Trade Creditors,1144055.0
KZN271,Umhlabuyalingana,2023,0800,Auditor General,-215412.0
KZN271,Umhlabuyalingana,2023,0900,Other,4940800.0
KZN271,Umhlabuyalingana,2023,1000,Total,5869375.0
KZN272,Jozini,2023,0100,Bulk Electricity,0.0
KZN272,Jozini,2023,0200,Bulk Water,0.0
KZN272,Jozini,2023,0300,PAYE deductions,0.0
KZN272,Jozini,2023,0400,VAT (output less input),0.0
KZN272,Jozini,2023,0500,Pensions / Retirement deductions,0.0
KZN272,Jozini,2023,0600,Loan repayments,0.0
KZN272,Jozini,2023,0700,Trade Creditors,8205101.0
KZN272,Jozini,2023,0800,Auditor General,0.0
KZN272,Jozini,2023,0900,Other,11403635.0
KZN272,Jozini,2023,1000,Total,19608736.0
KZN275,Mtubatuba,2023,0100,Bulk Electricity,0.0
KZN275,Mtubatuba,2023,0200,Bulk Water,0.0
KZN275,Mtubatuba,2023,0300,PAYE deductions,0.0
KZN275,Mtubatuba,2023,0400,VAT (output less input),0.0
KZN275,Mtubatuba,2023,0500,Pensions / Retirement deductions,0.0
KZN275,Mtubatuba,2023,0600,Loan repayments,0.0
KZN275,Mtubatuba,2023,0700,Trade Creditors,10265797.0
KZN275,Mtubatuba,2023,0800,Auditor General,276008.0
KZN275,Mtubatuba,2023,0900,Other,23325056.0
KZN275,Mtubatuba,2023,1000,Total,33866861.0
KZN276,Hlabisa Big Five,2023,0100,Bulk Electricity,0.0
KZN276,Hlabisa Big Five,2023,0200,Bulk Water,0.0
KZN276,Hlabisa Big Five,2023,0300,PAYE deductions,0.0
KZN276,Hlabisa Big Five,2023,0400,VAT (output less input),0.0
KZN276,Hlabisa Big Five,2023,0500,Pensions / Retirement deductions,0.0
KZN276,Hlabisa Big Five,2023,0600,Loan repayments,0.0
KZN276,Hlabisa Big Five,2023,0700,Trade Creditors,2344930.0
KZN276,Hlabisa Big Five,2023,0800,Auditor General,0.0
KZN276,Hlabisa Big Five,2023,0900,Other,-169555.0
KZN276,Hlabisa Big Five,2023,1000,Total,2175375.0
KZN281,Mfolozi,2023,0100,Bulk Electricity,0.0
KZN281,Mfolozi,2023,0200,Bulk Water,0.0
KZN281,Mfolozi,2023,0300,PAYE deductions,0.0
KZN281,Mfolozi,2023,0400,VAT (output less input),0.0
KZN281,Mfolozi,2023,0500,Pensions / Retirement deductions,0.0
KZN281,Mfolozi,2023,0600,Loan repayments,0.0
KZN281,Mfolozi,2023,0700,Trade Creditors,1036153.0
KZN281,Mfolozi,2023,0800,Auditor General,0.0
KZN281,Mfolozi,2023,0900,Other,3978433.0
KZN281,Mfolozi,2023,1000,Total,5014586.0
KZN282,uMhlathuze,2023,0100,Bulk Electricity,160153458.0
KZN282,uMhlathuze,2023,0200,Bulk Water,17313766.0
KZN282,uMhlathuze,2023,0300,PAYE deductions,0.0
KZN282,uMhlathuze,2023,0400,VAT (output less input),0.0
KZN282,uMhlathuze,2023,0500,Pensions / Retirement deductions,0.0
KZN282,uMhlathuze,2023,0600,Loan repayments,0.0
KZN282,uMhlathuze,2023,0700,Trade Creditors,69396608.0
KZN282,uMhlathuze,2023,0800,Auditor General,0.0
KZN282,uMhlathuze,2023,0900,Other,614166.0
KZN282,uMhlathuze,2023,1000,Total,247477998.0
KZN284,uMlalazi,2023,0100,Bulk Electricity,0.0
KZN284,uMlalazi,2023,0200,Bulk Water,0.0
KZN284,uMlalazi,2023,0300,PAYE deductions,0.0
KZN284,uMlalazi,2023,0400,VAT (output less input),0.0
KZN284,uMlalazi,2023,0500,Pensions / Retirement deductions,0.0
KZN284,uMlalazi,2023,0600,Loan repayments,0.0
KZN284,uMlalazi,2023,0700,Trade Creditors,1148796.0
KZN284,uMlalazi,2023,0800,Auditor General,0.0
KZN284,uMlalazi,2023,0900,Other,219230.0
KZN284,uMlalazi,2023,1000,Total,1368026.0
KZN285,Mthonjaneni,2023,0100,Bulk Electricity,14799192.0
KZN285,Mthonjaneni,2023,0200,Bulk Water,0.0
KZN285,Mthonjaneni,2023,0300,PAYE deductions,0.0
KZN285,Mthonjaneni,2023,0400,VAT (output less input),0.0
KZN285,Mthonjaneni,2023,0500,Pensions / Retirement deductions,0.0
KZN285,Mthonjaneni,2023,0600,Loan repayments,0.0
KZN285,Mthonjaneni,2023,0700,Trade Creditors,22455707.0
KZN285,Mthonjaneni,2023,0800,Auditor General,43092.0
KZN285,Mthonjaneni,2023,0900,Other,2732090.0
KZN285,Mthonjaneni,2023,1000,Total,40030081.0
KZN286,Nkandla,2023,0100,Bulk Electricity,4715427.0
KZN286,Nkandla,2023,0200,Bulk Water,0.0
KZN286,Nkandla,2023,0300,PAYE deductions,0.0
KZN286,Nkandla,2023,0400,VAT (output less input),0.0
KZN286,Nkandla,2023,0500,Pensions / Retirement deductions,0.0
KZN286,Nkandla,2023,0600,Loan repayments,0.0
KZN286,Nkandla,2023,0700,Trade Creditors,21278778.0
KZN286,Nkandla,2023,0800,Auditor General,18033.0
KZN286,Nkandla,2023,0900,Other,1987095.0
KZN286,Nkandla,2023,1000,Total,27999333.0
KZN291,Mandeni,2023,0100,Bulk Electricity,5116005.0
KZN291,Mandeni,2023,0200,Bulk Water,0.0
KZN291,Mandeni,2023,0300,PAYE deductions,0.0
KZN291,Mandeni,2023,0400,VAT (output less input),0.0
KZN291,Mandeni,2023,0500,Pensions / Retirement deductions,0.0
KZN291,Mandeni,2023,0600,Loan repayments,0.0
KZN291,Mandeni,2023,0700,Trade Creditors,3611786.0
KZN291,Mandeni,2023,0800,Auditor General,0.0
KZN291,Mandeni,2023,0900,Other,9218477.0
KZN291,Mandeni,2023,1000,Total,17946268.0
KZN292,KwaDukuza,2023,0100,Bulk Electricity,0.0
KZN292,KwaDukuza,2023,0200,Bulk Water,0.0
KZN292,KwaDukuza,2023,0300,PAYE deductions,0.0
KZN292,KwaDukuza,2023,0400,VAT (output less input),0.0
KZN292,KwaDukuza,2023,0500,Pensions / Retirement deductions,529834.0
KZN292,KwaDukuza,2023,0600,Loan repayments,0.0
KZN292,KwaDukuza,2023,0700,Trade Creditors,18516006.0
KZN292,KwaDukuza,2023,0800,Auditor General,0.0
KZN292,KwaDukuza,2023,0900,Other,0.0
KZN292,KwaDukuza,2023,1000,Total,19045840.0
KZN293,Ndwedwe,2023,0100,Bulk Electricity,0.0
KZN293,Ndwedwe,2023,0200,Bulk Water,0.0
KZN293,Ndwedwe,2023,0300,PAYE deductions,0.0
KZN293,Ndwedwe,2023,0400,VAT (output less input),0.0
KZN293,Ndwedwe,2023,0500,Pensions / Retirement deductions,0.0
KZN293,Ndwedwe,2023,0600,Loan repayments,0.0
KZN293,Ndwedwe,2023,0700,Trade Creditors,559170.0
KZN293,Ndwedwe,2023,0800,Auditor General,0.0
KZN293,Ndwedwe,2023,0900,Other,776189.0
KZN293,Ndwedwe,2023,1000,Total,1335359.0
KZN294,Maphumulo,2023,0100,Bulk Electricity,0.0
KZN294,Maphumulo,2023,0200,Bulk Water,0.0
KZN294,Maphumulo,2023,0300,PAYE deductions,0.0
KZN294,Maphumulo,2023,0400,VAT (output less input),0.0
KZN294,Maphumulo,2023,0500,Pensions / Retirement deductions,0.0
KZN294,Maphumulo,2023,0600,Loan repayments,0.0
KZN294,Maphumulo,2023,0700,Trade Creditors,2230897.0
KZN294,Maphumulo,2023,0800,Auditor General,109793.0
KZN294,Maphumulo,2023,0900,Other,248785.0
KZN294,Maphumulo,2023,1000,Total,2589475.0
KZN433,Greater Kokstad,2023,0100,Bulk Electricity,0.0
KZN433,Greater Kokstad,2023,0200,Bulk Water,0.0
KZN433,Greater Kokstad,2023,0300,PAYE deductions,0.0
KZN433,Greater Kokstad,2023,0400,VAT (output less input),0.0
KZN433,Greater Kokstad,2023,0500,Pensions / Retirement deductions,0.0
KZN433,Greater Kokstad,2023,0600,Loan repayments,0.0
KZN433,Greater Kokstad,2023,0700,Trade Creditors,9581500.0
KZN433,Greater Kokstad,2023,0800,Auditor General,0.0
KZN433,Greater Kokstad,2023,0900,Other,0.0
KZN433,Greater Kokstad,2023,1000,Total,9581500.0
KZN434,Johannes Phumani Phungula,2023,0100,Bulk Electricity,0.0
KZN434,Johannes Phumani Phungula,2023,0200,Bulk Water,0.0
KZN434,Johannes Phumani Phungula,2023,0300,PAYE deductions,0.0
KZN434,Johannes Phumani Phungula,2023,0400,VAT (output less input),0.0
KZN434,Johannes Phumani Phungula,2023,0500,Pensions / Retirement deductions,0.0
KZN434,Johannes Phumani Phungula,2023,0600,Loan repayments,0.0
KZN434,Johannes Phumani Phungula,2023,0700,Trade Creditors,-1137.0
KZN434,Johannes Phumani Phungula,2023,0800,Auditor General,0.0
KZN434,Johannes Phumani Phungula,2023,0900,Other,0.0
KZN434,Johannes Phumani Phungula,2023,1000,Total,-1137.0
KZN435,Umzimkhulu,2023,0100,Bulk Electricity,0.0
KZN435,Umzimkhulu,2023,0200,Bulk Water,0.0
KZN435,Umzimkhulu,2023,0300,PAYE deductions,0.0
KZN435,Umzimkhulu,2023,0400,VAT (output less input),0.0
KZN435,Umzimkhulu,2023,0500,Pensions / Retirement deductions,0.0
KZN435,Umzimkhulu,2023,0600,Loan repayments,0.0
KZN435,Umzimkhulu,2023,0700,Trade Creditors,0.0
KZN435,Umzimkhulu,2023,0800,Auditor General,0.0
KZN435,Umzimkhulu,2023,0900,Other,0.0
KZN435,Umzimkhulu,2023,1000,Total,0.0
KZN436,Dr Nkosazana Dlamini Zuma,2023,0100,Bulk Electricity,0.0
KZN436,Dr Nkosazana Dlamini Zuma,2023,0200,Bulk Water,0.0
KZN436,Dr Nkosazana Dlamini Zuma,2023,0300,PAYE deductions,0.0
KZN436,Dr Nkosazana Dlamini Zuma,2023,0400,VAT (output less input),0.0
KZN436,Dr Nkosazana Dlamini Zuma,2023,0500,Pensions / Retirement deductions,0.0
KZN436,Dr Nkosazana Dlamini Zuma,2023,0600,Loan repayments,0.0
KZN436,Dr Nkosazana Dlamini Zuma,2023,0700,Trade Creditors,0.0
KZN436,Dr Nkosazana Dlamini Zuma,2023,0800,Auditor General,0.0
KZN436,Dr Nkosazana Dlamini Zuma,2023,0900,Other,17102.0
KZN436,Dr Nkosazana Dlamini Zuma,2023,1000,Total,17102.0
LIM331,Greater Giyani,2023,0100,Bulk Electricity,0.0
LIM331,Greater Giyani,2023,0200,Bulk Water,0.0
LIM331,Greater Giyani,2023,0300,PAYE deductions,0.0
LIM331,Greater Giyani,2023,0400,VAT (output less input),0.0
LIM331,Greater Giyani,2023,0500,Pensions / Retirement deductions,0.0
LIM331,Greater Giyani,2023,0600,Loan repayments,0.0
LIM331,Greater Giyani,2023,0700,Trade Creditors,14195294.0
LIM331,Greater Giyani,2023,0800,Auditor General,0.0
LIM331,Greater Giyani,2023,0900,Other,11793516.0
LIM331,Greater Giyani,2023,1000,Total,25988810.0
LIM332,Greater Letaba,2023,0100,Bulk Electricity,3332652.0
LIM332,Greater Letaba,2023,0200,Bulk Water,0.0
LIM332,Greater Letaba,2023,0300,PAYE deductions,0.0
LIM332,Greater Letaba,2023,0400,VAT (output less input),0.0
LIM332,Greater Letaba,2023,0500,Pensions / Retirement deductions,609942.0
LIM332,Greater Letaba,2023,0600,Loan repayments,0.0
LIM332,Greater Letaba,2023,0700,Trade Creditors,12314966.0
LIM332,Greater Letaba,2023,0800,Auditor General,0.0
LIM332,Greater Letaba,2023,0900,Other,0.0
LIM332,Greater Letaba,2023,1000,Total,16257560.0
LIM333,Greater Tzaneen,2023,0100,Bulk Electricity,68782410.0
LIM333,Greater Tzaneen,2023,0200,Bulk Water,3782.0
LIM333,Greater Tzaneen,2023,0300,PAYE deductions,0.0
LIM333,Greater Tzaneen,2023,0400,VAT (output less input),0.0
LIM333,Greater Tzaneen,2023,0500,Pensions / Retirement deductions,0.0
LIM333,Greater Tzaneen,2023,0600,Loan repayments,0.0
LIM333,Greater Tzaneen,2023,0700,Trade Creditors,50324324.0
LIM333,Greater Tzaneen,2023,0800,Auditor General,16122.0
LIM333,Greater Tzaneen,2023,0900,Other,588998.0
LIM333,Greater Tzaneen,2023,1000,Total,119715636.0
LIM334,Ba-Phalaborwa,2023,0100,Bulk Electricity,9452371.0
LIM334,Ba-Phalaborwa,2023,0200,Bulk Water,0.0
LIM334,Ba-Phalaborwa,2023,0300,PAYE deductions,0.0
LIM334,Ba-Phalaborwa,2023,0400,VAT (output less input),0.0
LIM334,Ba-Phalaborwa,2023,0500,Pensions / Retirement deductions,0.0
LIM334,Ba-Phalaborwa,2023,0600,Loan repayments,0.0
LIM334,Ba-Phalaborwa,2023,0700,Trade Creditors,4731025.0
LIM334,Ba-Phalaborwa,2023,0800,Auditor General,0.0
LIM334,Ba-Phalaborwa,2023,0900,Other,2526340.0
LIM334,Ba-Phalaborwa,2023,1000,Total,16709736.0
LIM335,Maruleng,2023,0100,Bulk Electricity,0.0
LIM335,Maruleng,2023,0200,Bulk Water,0.0
LIM335,Maruleng,2023,0300,PAYE deductions,0.0
LIM335,Maruleng,2023,0400,VAT (output less input),0.0
LIM335,Maruleng,2023,0500,Pensions / Retirement deductions,0.0
LIM335,Maruleng,2023,0600,Loan repayments,0.0
LIM335,Maruleng,2023,0700,Trade Creditors,13790.0
LIM335,Maruleng,2023,0800,Auditor General,0.0
LIM335,Maruleng,2023,0900,Other,0.0
LIM335,Maruleng,2023,1000,Total,13790.0
LIM341,Musina,2023,0100,Bulk Electricity,0.0
LIM341,Musina,2023,0200,Bulk Water,0.0
LIM341,Musina,2023,0300,PAYE deductions,0.0
LIM341,Musina,2023,0400,VAT (output less input),0.0
LIM341,Musina,2023,0500,Pensions / Retirement deductions,0.0
LIM341,Musina,2023,0600,Loan repayments,0.0
LIM341,Musina,2023,0700,Trade Creditors,739939.0
LIM341,Musina,2023,0800,Auditor General,0.0
LIM341,Musina,2023,0900,Other,0.0
LIM341,Musina,2023,1000,Total,739939.0
LIM343,Thulamela,2023,0100,Bulk Electricity,0.0
LIM343,Thulamela,2023,0200,Bulk Water,0.0
LIM343,Thulamela,2023,0300,PAYE deductions,0.0
LIM343,Thulamela,2023,0400,VAT (output less input),0.0
LIM343,Thulamela,2023,0500,Pensions / Retirement deductions,0.0
LIM343,Thulamela,2023,0600,Loan repayments,0.0
LIM343,Thulamela,2023,0700,Trade Creditors,19497365.0
LIM343,Thulamela,2023,0800,Auditor General,0.0
LIM343,Thulamela,2023,0900,Other,0.0
LIM343,Thulamela,2023,1000,Total,19497365.0
LIM344,Makhado,2023,0100,Bulk Electricity,0.0
LIM344,Makhado,2023,0200,Bulk Water,0.0
LIM344,Makhado,2023,0300,PAYE deductions,0.0
LIM344,Makhado,2023,0400,VAT (output less input),0.0
LIM344,Makhado,2023,0500,Pensions / Retirement deductions,0.0
LIM344,Makhado,2023,0600,Loan repayments,0.0
LIM344,Makhado,2023,0700,Trade Creditors,96734120.0
LIM344,Makhado,2023,0800,Auditor General,0.0
LIM344,Makhado,2023,0900,Other,0.0
LIM344,Makhado,2023,1000,Total,96734120.0
LIM345,Collins Chabane,2023,0100,Bulk Electricity,0.0
LIM345,Collins Chabane,2023,0200,Bulk Water,0.0
LIM345,Collins Chabane,2023,0300,PAYE deductions,0.0
LIM345,Collins Chabane,2023,0400,VAT (output less input),0.0
LIM345,Collins Chabane,2023,0500,Pensions / Retirement deductions,0.0
LIM345,Collins Chabane,2023,0600,Loan repayments,0.0
LIM345,Collins Chabane,2023,0700,Trade Creditors,6045444.0
LIM345,Collins Chabane,2023,0800,Auditor General,0.0
LIM345,Collins Chabane,2023,0900,Other,0.0
LIM345,Collins Chabane,2023,1000,Total,6045444.0
LIM351,Blouberg,2023,0100,Bulk Electricity,0.0
LIM351,Blouberg,2023,0200,Bulk Water,0.0
LIM351,Blouberg,2023,0300,PAYE deductions,0.0
LIM351,Blouberg,2023,0400,VAT (output less input),0.0
LIM351,Blouberg,2023,0500,Pensions / Retirement deductions,0.0
LIM351,Blouberg,2023,0600,Loan repayments,0.0
LIM351,Blouberg,2023,0700,Trade Creditors,696065.0
LIM351,Blouberg,2023,0800,Auditor General,0.0
LIM351,Blouberg,2023,0900,Other,2035917.0
LIM351,Blouberg,2023,1000,Total,2731982.0
LIM353,Molemole,2023,0100,Bulk Electricity,0.0
LIM353,Molemole,2023,0200,Bulk Water,0.0
LIM353,Molemole,2023,0300,PAYE deductions,0.0
LIM353,Molemole,2023,0400,VAT (output less input),0.0
LIM353,Molemole,2023,0500,Pensions / Retirement deductions,0.0
LIM353,Molemole,2023,0600,Loan repayments,0.0
LIM353,Molemole,2023,0700,Trade Creditors,0.0
LIM353,Molemole,2023,0800,Auditor General,0.0
LIM353,Molemole,2023,0900,Other,3279511.0
LIM353,Molemole,2023,1000,Total,3279511.0
LIM354,Polokwane,2023,0100,Bulk Electricity,105920169.0
LIM354,Polokwane,2023,0200,Bulk Water,21551746.0
LIM354,Polokwane,2023,0300,PAYE deductions,0.0
LIM354,Polokwane,2023,0400,VAT (output less input),0.0
LIM354,Polokwane,2023,0500,Pensions / Retirement deductions,0.0
LIM354,Polokwane,2023,0600,Loan repayments,0.0
LIM354,Polokwane,2023,0700,Trade Creditors,70842572.0
LIM354,Polokwane,2023,0800,Auditor General,166879.0
LIM354,Polokwane,2023,0900,Other,0.0
LIM354,Polokwane,2023,1000,Total,198481366.0
LIM355,Lepelle-Nkumpi,2023,0100,Bulk Electricity,0.0
LIM355,Lepelle-Nkumpi,2023,0200,Bulk Water,0.0
LIM355,Lepelle-Nkumpi,2023,0300,PAYE deductions,0.0
LIM355,Lepelle-Nkumpi,2023,0400,VAT (output less input),0.0
LIM355,Lepelle-Nkumpi,2023,0500,Pensions / Retirement deductions,0.0
LIM355,Lepelle-Nkumpi,2023,0600,Loan repayments,0.0
LIM355,Lepelle-Nkumpi,2023,0700,Trade Creditors,0.0
LIM355,Lepelle-Nkumpi,2023,0800,Auditor General,0.0
LIM355,Lepelle-Nkumpi,2023,0900,Other,954264.0
LIM355,Lepelle-Nkumpi,2023,1000,Total,954264.0
LIM361,Thabazimbi,2023,0100,Bulk Electricity,0.0
LIM361,Thabazimbi,2023,0200,Bulk Water,0.0
LIM361,Thabazimbi,2023,0300,PAYE deductions,0.0
LIM361,Thabazimbi,2023,0400,VAT (output less input),0.0
LIM361,Thabazimbi,2023,0500,Pensions / Retirement deductions,0.0
LIM361,Thabazimbi,2023,0600,Loan repayments,0.0
LIM361,Thabazimbi,2023,0700,Trade Creditors,459778950.0
LIM361,Thabazimbi,2023,0800,Auditor General,0.0
LIM361,Thabazimbi,2023,0900,Other,0.0
LIM361,Thabazimbi,2023,1000,Total,459778950.0
LIM362,Lephalale,2023,0100,Bulk Electricity,10510650.0
LIM362,Lephalale,2023,0200,Bulk Water,0.0
LIM362,Lephalale,2023,0300,PAYE deductions,0.0
LIM362,Lephalale,2023,0400,VAT (output less input),0.0
LIM362,Lephalale,2023,0500,Pensions / Retirement deductions,0.0
LIM362,Lephalale,2023,0600,Loan repayments,0.0
LIM362,Lephalale,2023,0700,Trade Creditors,7329660.0
LIM362,Lephalale,2023,0800,Auditor General,0.0
LIM362,Lephalale,2023,0900,Other,7526276.0
LIM362,Lephalale,2023,1000,Total,25366586.0
LIM366,Bela Bela,2023,0100,Bulk Electricity,54646568.0
LIM366,Bela Bela,2023,0200,Bulk Water,21924166.0
LIM366,Bela Bela,2023,0300,PAYE deductions,0.0
LIM366,Bela Bela,2023,0400,VAT (output less input),0.0
LIM366,Bela Bela,2023,0500,Pensions / Retirement deductions,0.0
LIM366,Bela Bela,2023,0600,Loan repayments,0.0
LIM366,Bela Bela,2023,0700,Trade Creditors,14117969.0
LIM366,Bela Bela,2023,0800,Auditor General,274497.0
LIM366,Bela Bela,2023,0900,Other,0.0
LIM366,Bela Bela,2023,1000,Total,90963200.0
LIM367,Mogalakwena,2023,0100,Bulk Electricity,81168429.0
LIM367,Mogalakwena,2023,0200,Bulk Water,4018095.0
LIM367,Mogalakwena,2023,0300,PAYE deductions,0.0
LIM367,Mogalakwena,2023,0400,VAT (output less input),0.0
LIM367,Mogalakwena,2023,0500,Pensions / Retirement deductions,0.0
LIM367,Mogalakwena,2023,0600,Loan repayments,0.0
LIM367,Mogalakwena,2023,0700,Trade Creditors,107730495.0
LIM367,Mogalakwena,2023,0800,Auditor General,86728.0
LIM367,Mogalakwena,2023,0900,Other,0.0
LIM367,Mogalakwena,2023,1000,Total,193003747.0
LIM471,Ephraim Mogale,2023,0100,Bulk Electricity,0.0
LIM471,Ephraim Mogale,2023,0200,Bulk Water,0.0
LIM471,Ephraim Mogale,2023,0300,PAYE deductions,0.0
LIM471,Ephraim Mogale,2023,0400,VAT (output less input),0.0
LIM471,Ephraim Mogale,2023,0500,Pensions / Retirement deductions,0.0
LIM471,Ephraim Mogale,2023,0600,Loan repayments,0.0
LIM471,Ephraim Mogale,2023,0700,Trade Creditors,1262985.0
LIM471,Ephraim Mogale,2023,0800,Auditor General,0.0
LIM471,Ephraim Mogale,2023,0900,Other,0.0
LIM471,Ephraim Mogale,2023,1000,Total,1262985.0
LIM472,Elias Motsoaledi,2023,0100,Bulk Electricity,0.0
LIM472,Elias Motsoaledi,2023,0200,Bulk Water,0.0
LIM472,Elias Motsoaledi,2023,0300,PAYE deductions,0.0
LIM472,Elias Motsoaledi,2023,0400,VAT (output less input),0.0
LIM472,Elias Motsoaledi,2023,0500,Pensions / Retirement deductions,0.0
LIM472,Elias Motsoaledi,2023,0600,Loan repayments,0.0
LIM472,Elias Motsoaledi,2023,0700,Trade Creditors,0.0
LIM472,Elias Motsoaledi,2023,0800,Auditor General,0.0
LIM472,Elias Motsoaledi,2023,0900,Other,0.0
LIM472,Elias Motsoaledi,2023,1000,Total,0.0
LIM473,Makhuduthamaga,2023,0100,Bulk Electricity,0.0
LIM473,Makhuduthamaga,2023,0200,Bulk Water,0.0
LIM473,Makhuduthamaga,2023,0300,PAYE deductions,0.0
LIM473,Makhuduthamaga,2023,0400,VAT (output less input),0.0
LIM473,Makhuduthamaga,2023,0500,Pensions / Retirement deductions,0.0
LIM473,Makhuduthamaga,2023,0600,Loan repayments,0.0
LIM473,Makhuduthamaga,2023,0700,Trade Creditors,1334639.0
LIM473,Makhuduthamaga,2023,0800,Auditor General,0.0
LIM473,Makhuduthamaga,2023,0900,Other,102064.0
LIM473,Makhuduthamaga,2023,1000,Total,1436703.0
MAN,Mangaung,2023,0100,Bulk Electricity,325997715.0
MAN,Mangaung,2023,0200,Bulk Water,640946699.0
MAN,Mangaung,2023,0300,PAYE deductions,0.0
MAN,Mangaung,2023,0400,VAT (output less input),0.0
MAN,Mangaung,2023,0500,Pensions / Retirement deductions,0.0
MAN,Mangaung,2023,0600,Loan repayments,0.0
MAN,Mangaung,2023,0700,Trade Creditors,42770311.0
MAN,Mangaung,2023,0800,Auditor General,0.0
MAN,Mangaung,2023,0900,Other,0.0
MAN,Mangaung,2023,1000,Total,1009714725.0
MP301,Albert Luthuli,2023,0100,Bulk Electricity,0.0
MP301,Albert Luthuli,2023,0200,Bulk Water,0.0
MP301,Albert Luthuli,2023,0300,PAYE deductions,0.0
MP301,Albert Luthuli,2023,0400,VAT (output less input),0.0
MP301,Albert Luthuli,2023,0500,Pensions / Retirement deductions,0.0
MP301,Albert Luthuli,2023,0600,Loan repayments,0.0
MP301,Albert Luthuli,2023,0700,Trade Creditors,0.0
MP301,Albert Luthuli,2023,0800,Auditor General,0.0
MP301,Albert Luthuli,2023,0900,Other,0.0
MP301,Albert Luthuli,2023,1000,Total,0.0
MP302,Msukaligwa,2023,0100,Bulk Electricity,507256203.0
MP302,Msukaligwa,2023,0200,Bulk Water,1109226465.0
MP302,Msukaligwa,2023,0300,PAYE deductions,0.0
MP302,Msukaligwa,2023,0400,VAT (output less input),0.0
MP302,Msukaligwa,2023,0500,Pensions / Retirement deductions,0.0
MP302,Msukaligwa,2023,0600,Loan repayments,0.0
MP302,Msukaligwa,2023,0700,Trade Creditors,24328806.0
MP302,Msukaligwa,2023,0800,Auditor General,0.0
MP302,Msukaligwa,2023,0900,Other,140601144.0
MP302,Msukaligwa,2023,1000,Total,1781412618.0
MP303,Mkhondo,2023,0100,Bulk Electricity,0.0
MP303,Mkhondo,2023,0200,Bulk Water,0.0
MP303,Mkhondo,2023,0300,PAYE deductions,0.0
MP303,Mkhondo,2023,0400,VAT (output less input),0.0
MP303,Mkhondo,2023,0500,Pensions / Retirement deductions,0.0
MP303,Mkhondo,2023,0600,Loan repayments,0.0
MP303,Mkhondo,2023,0700,Trade Creditors,0.0
MP303,Mkhondo,2023,0800,Auditor General,0.0
MP303,Mkhondo,2023,0900,Other,0.0
MP303,Mkhondo,2023,1000,Total,0.0
MP304,Pixley Ka Seme (MP),2023,0100,Bulk Electricity,0.0
MP304,Pixley Ka Seme (MP),2023,0200,Bulk Water,0.0
MP304,Pixley Ka Seme (MP),2023,0300,PAYE deductions,0.0
MP304,Pixley Ka Seme (MP),2023,0400,VAT (output less input),15439075.0
MP304,Pixley Ka Seme (MP),2023,0500,Pensions / Retirement deductions,0.0
MP304,Pixley Ka Seme (MP),2023,0600,Loan repayments,0.0
MP304,Pixley Ka Seme (MP),2023,0700,Trade Creditors,10130026.0
MP304,Pixley Ka Seme (MP),2023,0800,Auditor General,0.0
MP304,Pixley Ka Seme (MP),2023,0900,Other,0.0
MP304,Pixley Ka Seme (MP),2023,1000,Total,25569101.0
MP305,Lekwa,2023,0100,Bulk Electricity,0.0
MP305,Lekwa,2023,0200,Bulk Water,11890.0
MP305,Lekwa,2023,0300,PAYE deductions,0.0
MP305,Lekwa,2023,0400,VAT (output less input),0.0
MP305,Lekwa,2023,0500,Pensions / Retirement deductions,0.0
MP305,Lekwa,2023,0600,Loan repayments,0.0
MP305,Lekwa,2023,0700,Trade Creditors,2528773493.0
MP305,Lekwa,2023,0800,Auditor General,3427460.0
MP305,Lekwa,2023,0900,Other,291812682.0
MP305,Lekwa,2023,1000,Total,2824025525.0
MP306,Dipaleseng,2023,0100,Bulk Electricity,0.0
MP306,Dipaleseng,2023,0200,Bulk Water,15099487.0
MP306,Dipaleseng,2023,0300,PAYE deductions,0.0
MP306,Dipaleseng,2023,0400,VAT (output less input),0.0
MP306,Dipaleseng,2023,0500,Pensions / Retirement deductions,0.0
MP306,Dipaleseng,2023,0600,Loan repayments,0.0
MP306,Dipaleseng,2023,0700,Trade Creditors,274867225.0
MP306,Dipaleseng,2023,0800,Auditor General,0.0
MP306,Dipaleseng,2023,0900,Other,0.0
MP306,Dipaleseng,2023,1000,Total,289966712.0
MP311,Victor Khanye,2023,0100,Bulk Electricity,672948421.0
MP311,Victor Khanye,2023,0200,Bulk Water,148869999.0
MP311,Victor Khanye,2023,0300,PAYE deductions,0.0
MP311,Victor Khanye,2023,0400,VAT (output less input),0.0
MP311,Victor Khanye,2023,0500,Pensions / Retirement deductions,0.0
MP311,Victor Khanye,2023,0600,Loan repayments,0.0
MP311,Victor Khanye,2023,0700,Trade Creditors,262274157.0
MP311,Victor Khanye,2023,0800,Auditor General,0.0
MP311,Victor Khanye,2023,0900,Other,0.0
MP311,Victor Khanye,2023,1000,Total,1084092577.0
MP312,Emalahleni (MP),2023,0100,Bulk Electricity,4153159434.0
MP312,Emalahleni (MP),2023,0200,Bulk Water,73960293.0
MP312,Emalahleni (MP),2023,0300,PAYE deductions,0.0
MP312,Emalahleni (MP),2023,0400,VAT (output less input),0.0
MP312,Emalahleni (MP),2023,0500,Pensions / Retirement deductions,14301717.0
MP312,Emalahleni (MP),2023,0600,Loan repayments,0.0
MP312,Emalahleni (MP),2023,0700,Trade Creditors,2898438307.0
MP312,Emalahleni (MP),2023,0800,Auditor General,0.0
MP312,Emalahleni (MP),2023,0900,Other,0.0
MP312,Emalahleni (MP),2023,1000,Total,7139859751.0
MP314,Emakhazeni,2023,0100,Bulk Electricity,0.0
MP314,Emakhazeni,2023,0200,Bulk Water,0.0
MP314,Emakhazeni,2023,0300,PAYE deductions,0.0
MP314,Emakhazeni,2023,0400,VAT (output less input),0.0
MP314,Emakhazeni,2023,0500,Pensions / Retirement deductions,0.0
MP314,Emakhazeni,2023,0600,Loan repayments,0.0
MP314,Emakhazeni,2023,0700,Trade Creditors,225160864.0
MP314,Emakhazeni,2023,0800,Auditor General,0.0
MP314,Emakhazeni,2023,0900,Other,0.0
MP314,Emakhazeni,2023,1000,Total,225160864.0
MP315,Thembisile Hani,2023,0100,Bulk Electricity,0.0
MP315,Thembisile Hani,2023,0200,Bulk Water,0.0
MP315,Thembisile Hani,2023,0300,PAYE deductions,0.0
MP315,Thembisile Hani,2023,0400,VAT (output less input),0.0
MP315,Thembisile Hani,2023,0500,Pensions / Retirement deductions,0.0
MP315,Thembisile Hani,2023,0600,Loan repayments,0.0
MP315,Thembisile Hani,2023,0700,Trade Creditors,1534244.0
MP315,Thembisile Hani,2023,0800,Auditor General,0.0
MP315,Thembisile Hani,2023,0900,Other,0.0
MP315,Thembisile Hani,2023,1000,Total,1534244.0
MP316,Dr J.S. Moroka,2023,0100,Bulk Electricity,0.0
MP316,Dr J.S. Moroka,2023,0200,Bulk Water,0.0
MP316,Dr J.S. Moroka,2023,0300,PAYE deductions,0.0
MP316,Dr J.S. Moroka,2023,0400,VAT (output less input),0.0
MP316,Dr J.S. Moroka,2023,0500,Pensions / Retirement deductions,320908.0
MP316,Dr J.S. Moroka,2023,0600,Loan repayments,0.0
MP316,Dr J.S. Moroka,2023,0700,Trade Creditors,10737661.0
MP316,Dr J.S. Moroka,2023,0800,Auditor General,0.0
MP316,Dr J.S. Moroka,2023,0900,Other,0.0
MP316,Dr J.S. Moroka,2023,1000,Total,11058569.0
MP321,Thaba Chweu,2023,0100,Bulk Electricity,512546893.0
MP321,Thaba Chweu,2023,0200,Bulk Water,0.0
MP321,Thaba Chweu,2023,0300,PAYE deductions,0.0
MP321,Thaba Chweu,2023,0400,VAT (output less input),0.0
MP321,Thaba Chweu,2023,0500,Pensions / Retirement deductions,0.0
MP321,Thaba Chweu,2023,0600,Loan repayments,0.0
MP321,Thaba Chweu,2023,0700,Trade Creditors,931124977.0
MP321,Thaba Chweu,2023,0800,Auditor General,0.0
MP321,Thaba Chweu,2023,0900,Other,0.0
MP321,Thaba Chweu,2023,1000,Total,1443671870.0
MP324,Nkomazi,2023,0100,Bulk Electricity,20955052.0
MP324,Nkomazi,2023,0200,Bulk Water,142675.0
MP324,Nkomazi,2023,0300,PAYE deductions,0.0
MP324,Nkomazi,2023,0400,VAT (output less input),0.0
MP324,Nkomazi,2023,0500,Pensions / Retirement deductions,0.0
MP324,Nkomazi,2023,0600,Loan repayments,0.0
MP324,Nkomazi,2023,0700,Trade Creditors,40724191.0
MP324,Nkomazi,2023,0800,Auditor General,4043.0
MP324,Nkomazi,2023,0900,Other,211687047.0
MP324,Nkomazi,2023,1000,Total,273513008.0
MP325,Bushbuckridge,2023,0100,Bulk Electricity,0.0
MP325,Bushbuckridge,2023,0200,Bulk Water,3580393.0
MP325,Bushbuckridge,2023,0300,PAYE deductions,270071.0
MP325,Bushbuckridge,2023,0400,VAT (output less input),0.0
MP325,Bushbuckridge,2023,0500,Pensions / Retirement deductions,4870224.0
MP325,Bushbuckridge,2023,0600,Loan repayments,0.0
MP325,Bushbuckridge,2023,0700,Trade Creditors,74497249.0
MP325,Bushbuckridge,2023,0800,Auditor General,7491.0
MP325,Bushbuckridge,2023,0900,Other,171468316.0
MP325,Bushbuckridge,2023,1000,Total,254693744.0
MP326,City of Mbombela,2023,0100,Bulk Electricity,377111615.0
MP326,City of Mbombela,2023,0200,Bulk Water,252890375.0
MP326,City of Mbombela,2023,0300,PAYE deductions,36244437.0
MP326,City of Mbombela,2023,0400,VAT (output less input),0.0
MP326,City of Mbombela,2023,0500,Pensions / Retirement deductions,14730976.0
MP326,City of Mbombela,2023,0600,Loan repayments,0.0
MP326,City of Mbombela,2023,0700,Trade Creditors,772550877.0
MP326,City of Mbombela,2023,0800,Auditor General,12973266.0
MP326,City of Mbombela,2023,0900,Other,415161946.0
MP326,City of Mbombela,2023,1000,Total,1881663492.0
NC061,Richtersveld,2023,0100,Bulk Electricity,58523753.0
NC061,Richtersveld,2023,0200,Bulk Water,44671.0
NC061,Richtersveld,2023,0300,PAYE deductions,0.0
NC061,Richtersveld,2023,0400,VAT (output less input),0.0
NC061,Richtersveld,2023,0500,Pensions / Retirement deductions,0.0
NC061,Richtersveld,2023,0600,Loan repayments,0.0
NC061,Richtersveld,2023,0700,Trade Creditors,2233422.0
NC061,Richtersveld,2023,0800,Auditor General,3726694.0
NC061,Richtersveld,2023,0900,Other,30507.0
NC061,Richtersveld,2023,1000,Total,64559047.0
NC062,Nama Khoi,2023,0100,Bulk Electricity,214358585.0
NC062,Nama Khoi,2023,0200,Bulk Water,218684326.0
NC062,Nama Khoi,2023,0300,PAYE deductions,0.0
NC062,Nama Khoi,2023,0400,VAT (output less input),0.0
NC062,Nama Khoi,2023,0500,Pensions / Retirement deductions,0.0
NC062,Nama Khoi,2023,0600,Loan repayments,0.0
NC062,Nama Khoi,2023,0700,Trade Creditors,1159861.0
NC062,Nama Khoi,2023,0800,Auditor General,3089175.0
NC062,Nama Khoi,2023,0900,Other,-115988.0
NC062,Nama Khoi,2023,1000,Total,437175959.0
NC064,Kamiesberg,2023,0100,Bulk Electricity,72676583.0
NC064,Kamiesberg,2023,0200,Bulk Water,134919.0
NC064,Kamiesberg,2023,0300,PAYE deductions,110288.0
NC064,Kamiesberg,2023,0400,VAT (output less input),0.0
NC064,Kamiesberg,2023,0500,Pensions / Retirement deductions,1400518.0
NC064,Kamiesberg,2023,0600,Loan repayments,0.0
NC064,Kamiesberg,2023,0700,Trade Creditors,6236777.0
NC064,Kamiesberg,2023,0800,Auditor General,4919789.0
NC064,Kamiesberg,2023,0900,Other,5211836.0
NC064,Kamiesberg,2023,1000,Total,90690710.0
NC065,Hantam,2023,0100,Bulk Electricity,0.0
NC065,Hantam,2023,0200,Bulk Water,0.0
NC065,Hantam,2023,0300,PAYE deductions,0.0
NC065,Hantam,2023,0400,VAT (output less input),0.0
NC065,Hantam,2023,0500,Pensions / Retirement deductions,0.0
NC065,Hantam,2023,0600,Loan repayments,0.0
NC065,Hantam,2023,0700,Trade Creditors,11878967.0
NC065,Hantam,2023,0800,Auditor General,-132184.0
NC065,Hantam,2023,0900,Other,31323508.0
NC065,Hantam,2023,1000,Total,43070291.0
NC066,Karoo Hoogland,2023,0100,Bulk Electricity,0.0
NC066,Karoo Hoogland,2023,0200,Bulk Water,0.0
NC066,Karoo Hoogland,2023,0300,PAYE deductions,0.0
NC066,Karoo Hoogland,2023,0400,VAT (output less input),0.0
NC066,Karoo Hoogland,2023,0500,Pensions / Retirement deductions,0.0
NC066,Karoo Hoogland,2023,0600,Loan repayments,0.0
NC066,Karoo Hoogland,2023,0700,Trade Creditors,2031238.0
NC066,Karoo Hoogland,2023,0800,Auditor General,0.0
NC066,Karoo Hoogland,2023,0900,Other,423042.0
NC066,Karoo Hoogland,2023,1000,Total,2454280.0
NC067,Khai-Ma,2023,0100,Bulk Electricity,42245206.0
NC067,Khai-Ma,2023,0200,Bulk Water,16714156.0
NC067,Khai-Ma,2023,0300,PAYE deductions,425531.0
NC067,Khai-Ma,2023,0400,VAT (output less input),0.0
NC067,Khai-Ma,2023,0500,Pensions / Retirement deductions,316184.0
NC067,Khai-Ma,2023,0600,Loan repayments,0.0
NC067,Khai-Ma,2023,0700,Trade Creditors,0.0
NC067,Khai-Ma,2023,0800,Auditor General,5311041.0
NC067,Khai-Ma,2023,0900,Other,15156810.0
NC067,Khai-Ma,2023,1000,Total,80168928.0
NC071,Ubuntu,2023,0100,Bulk Electricity,93734827.0
NC071,Ubuntu,2023,0200,Bulk Water,303535.0
NC071,Ubuntu,2023,0300,PAYE deductions,0.0
NC071,Ubuntu,2023,0400,VAT (output less input),0.0
NC071,Ubuntu,2023,0500,Pensions / Retirement deductions,744996.0
NC071,Ubuntu,2023,0600,Loan repayments,57445.0
NC071,Ubuntu,2023,0700,Trade Creditors,10920045.0
NC071,Ubuntu,2023,0800,Auditor General,9192001.0
NC071,Ubuntu,2023,0900,Other,721703.0
NC071,Ubuntu,2023,1000,Total,115674552.0
NC073,Emthanjeni,2023,0100,Bulk Electricity,174161882.0
NC073,Emthanjeni,2023,0200,Bulk Water,0.0
NC073,Emthanjeni,2023,0300,PAYE deductions,0.0
NC073,Emthanjeni,2023,0400,VAT (output less input),0.0
NC073,Emthanjeni,2023,0500,Pensions / Retirement deductions,0.0
NC073,Emthanjeni,2023,0600,Loan repayments,0.0
NC073,Emthanjeni,2023,0700,Trade Creditors,14714342.0
NC073,Emthanjeni,2023,0800,Auditor General,6720459.0
NC073,Emthanjeni,2023,0900,Other,428736.0
NC073,Emthanjeni,2023,1000,Total,196025419.0
NC075,Renosterberg,2023,0100,Bulk Electricity,96121172.0
NC075,Renosterberg,2023,0200,Bulk Water,5956240.0
NC075,Renosterberg,2023,0300,PAYE deductions,2484556.0
NC075,Renosterberg,2023,0400,VAT (output less input),226118.0
NC075,Renosterberg,2023,0500,Pensions / Retirement deductions,0.0
NC075,Renosterberg,2023,0600,Loan repayments,0.0
NC075,Renosterberg,2023,0700,Trade Creditors,5957452.0
NC075,Renosterberg,2023,0800,Auditor General,6203122.0
NC075,Renosterberg,2023,0900,Other,249123.0
NC075,Renosterberg,2023,1000,Total,117197783.0
NC076,Thembelihle,2023,0100,Bulk Electricity,140361390.0
NC076,Thembelihle,2023,0200,Bulk Water,5547.0
NC076,Thembelihle,2023,0300,PAYE deductions,0.0
NC076,Thembelihle,2023,0400,VAT (output less input),0.0
NC076,Thembelihle,2023,0500,Pensions / Retirement deductions,0.0
NC076,Thembelihle,2023,0600,Loan repayments,0.0
NC076,Thembelihle,2023,0700,Trade Creditors,26614722.0
NC076,Thembelihle,2023,0800,Auditor General,15556785.0
NC076,Thembelihle,2023,0900,Other,8437539.0
NC076,Thembelihle,2023,1000,Total,190975983.0
NC077,Siyathemba,2023,0100,Bulk Electricity,88379227.0
NC077,Siyathemba,2023,0200,Bulk Water,0.0
NC077,Siyathemba,2023,0300,PAYE deductions,0.0
NC077,Siyathemba,2023,0400,VAT (output less input),0.0
NC077,Siyathemba,2023,0500,Pensions / Retirement deductions,0.0
NC077,Siyathemba,2023,0600,Loan repayments,37103.0
NC077,Siyathemba,2023,0700,Trade Creditors,14985527.0
NC077,Siyathemba,2023,0800,Auditor General,3950935.0
NC077,Siyathemba,2023,0900,Other,262384.0
NC077,Siyathemba,2023,1000,Total,107615176.0
NC078,Siyancuma,2023,0100,Bulk Electricity,0.0
NC078,Siyancuma,2023,0200,Bulk Water,0.0
NC078,Siyancuma,2023,0300,PAYE deductions,2000.0
NC078,Siyancuma,2023,0400,VAT (output less input),0.0
NC078,Siyancuma,2023,0500,Pensions / Retirement deductions,0.0
NC078,Siyancuma,2023,0600,Loan repayments,0.0
NC078,Siyancuma,2023,0700,Trade Creditors,273482371.0
NC078,Siyancuma,2023,0800,Auditor General,0.0
NC078,Siyancuma,2023,0900,Other,155968.0
NC078,Siyancuma,2023,1000,Total,273640339.0
NC082,!Kai! Garib,2023,0100,Bulk Electricity,696378937.0
NC082,!Kai! Garib,2023,0200,Bulk Water,19099135.0
NC082,!Kai! Garib,2023,0300,PAYE deductions,0.0
NC082,!Kai! Garib,2023,0400,VAT (output less input),0.0
NC082,!Kai! Garib,2023,0500,Pensions / Retirement deductions,0.0
NC082,!Kai! Garib,2023,0600,Loan repayments,0.0
NC082,!Kai! Garib,2023,0700,Trade Creditors,106964173.0
NC082,!Kai! Garib,2023,0800,Auditor General,10250942.0
NC082,!Kai! Garib,2023,0900,Other,11383453.0
NC082,!Kai! Garib,2023,1000,Total,844076640.0
NC084,!Kheis,2023,0100,Bulk Electricity,2524425.0
NC084,!Kheis,2023,0200,Bulk Water,4547107.0
NC084,!Kheis,2023,0300,PAYE deductions,0.0
NC084,!Kheis,2023,0400,VAT (output less input),-19835.0
NC084,!Kheis,2023,0500,Pensions / Retirement deductions,0.0
NC084,!Kheis,2023,0600,Loan repayments,0.0
NC084,!Kheis,2023,0700,Trade Creditors,3921832.0
NC084,!Kheis,2023,0800,Auditor General,592905.0
NC084,!Kheis,2023,0900,Other,51864352.0
NC084,!Kheis,2023,1000,Total,63430786.0
NC086,Kgatelopele,2023,0100,Bulk Electricity,17615770.0
NC086,Kgatelopele,2023,0200,Bulk Water,0.0
NC086,Kgatelopele,2023,0300,PAYE deductions,0.0
NC086,Kgatelopele,2023,0400,VAT (output less input),0.0
NC086,Kgatelopele,2023,0500,Pensions / Retirement deductions,0.0
NC086,Kgatelopele,2023,0600,Loan repayments,0.0
NC086,Kgatelopele,2023,0700,Trade Creditors,18699585.0
NC086,Kgatelopele,2023,0800,Auditor General,13250552.0
NC086,Kgatelopele,2023,0900,Other,4207220.0
NC086,Kgatelopele,2023,1000,Total,53773127.0
NC087,Dawid Kruiper,2023,0100,Bulk Electricity,96693278.0
NC087,Dawid Kruiper,2023,0200,Bulk Water,9256913.0
NC087,Dawid Kruiper,2023,0300,PAYE deductions,0.0
NC087,Dawid Kruiper,2023,0400,VAT (output less input),0.0
NC087,Dawid Kruiper,2023,0500,Pensions / Retirement deductions,0.0
NC087,Dawid Kruiper,2023,0600,Loan repayments,0.0
NC087,Dawid Kruiper,2023,0700,Trade Creditors,16536461.0
NC087,Dawid Kruiper,2023,0800,Auditor General,181839.0
NC087,Dawid Kruiper,2023,0900,Other,0.0
NC087,Dawid Kruiper,2023,1000,Total,122668491.0
NC091,Sol Plaatje,2023,0100,Bulk Electricity,913412477.0
NC091,Sol Plaatje,2023,0200,Bulk Water,126513765.0
NC091,Sol Plaatje,2023,0300,PAYE deductions,9445073.0
NC091,Sol Plaatje,2023,0400,VAT (output less input),0.0
NC091,Sol Plaatje,2023,0500,Pensions / Retirement deductions,7937034.0
NC091,Sol Plaatje,2023,0600,Loan repayments,0.0
NC091,Sol Plaatje,2023,0700,Trade Creditors,236277.0
NC091,Sol Plaatje,2023,0800,Auditor General,12064.0
NC091,Sol Plaatje,2023,0900,Other,99490357.0
NC091,Sol Plaatje,2023,1000,Total,1157047047.0
NC093,Magareng,2023,0100,Bulk Electricity,113370244.0
NC093,Magareng,2023,0200,Bulk Water,126364138.0
NC093,Magareng,2023,0300,PAYE deductions,0.0
NC093,Magareng,2023,0400,VAT (output less input),0.0
NC093,Magareng,2023,0500,Pensions / Retirement deductions,0.0
NC093,Magareng,2023,0600,Loan repayments,0.0
NC093,Magareng,2023,0700,Trade Creditors,15680507.0
NC093,Magareng,2023,0800,Auditor General,4253999.0
NC093,Magareng,2023,0900,Other,0.0
NC093,Magareng,2023,1000,Total,259668888.0
NC094,Phokwane,2023,0100,Bulk Electricity,0.0
NC094,Phokwane,2023,0200,Bulk Water,0.0
NC094,Phokwane,2023,0300,PAYE deductions,0.0
NC094,Phokwane,2023,0400,VAT (output less input),0.0
NC094,Phokwane,2023,0500,Pensions / Retirement deductions,0.0
NC094,Phokwane,2023,0600,Loan repayments,0.0
NC094,Phokwane,2023,0700,Trade Creditors,0.0
NC094,Phokwane,2023,0800,Auditor General,0.0
NC094,Phokwane,2023,0900,Other,0.0
NC094,Phokwane,2023,1000,Total,0.0
NC451,Joe Morolong,2023,0100,Bulk Electricity,949664.0
NC451,Joe Morolong,2023,0200,Bulk Water,5789131.0
NC451,Joe Morolong,2023,0300,PAYE deductions,6300.0
NC451,Joe Morolong,2023,0400,VAT (output less input),0.0
NC451,Joe Morolong,2023,0500,Pensions / Retirement deductions,76213.0
NC451,Joe Morolong,2023,0600,Loan repayments,3068.0
NC451,Joe Morolong,2023,0700,Trade Creditors,9703730.0
NC451,Joe Morolong,2023,0800,Auditor General,859390.0
NC451,Joe Morolong,2023,0900,Other,9507937.0
NC451,Joe Morolong,2023,1000,Total,26895433.0
NC452,Ga-Segonyana,2023,0100,Bulk Electricity,0.0
NC452,Ga-Segonyana,2023,0200,Bulk Water,0.0
NC452,Ga-Segonyana,2023,0300,PAYE deductions,0.0
NC452,Ga-Segonyana,2023,0400,VAT (output less input),0.0
NC452,Ga-Segonyana,2023,0500,Pensions / Retirement deductions,0.0
NC452,Ga-Segonyana,2023,0600,Loan repayments,0.0
NC452,Ga-Segonyana,2023,0700,Trade Creditors,17848227.0
NC452,Ga-Segonyana,2023,0800,Auditor General,0.0
NC452,Ga-Segonyana,2023,0900,Other,0.0
NC452,Ga-Segonyana,2023,1000,Total,17848227.0
NC453,Gamagara,2023,0100,Bulk Electricity,360557514.0
NC453,Gamagara,2023,0200,Bulk Water,2634183.0
NC453,Gamagara,2023,0300,PAYE deductions,0.0
NC453,Gamagara,2023,0400,VAT (output less input),0.0
NC453,Gamagara,2023,0500,Pensions / Retirement deductions,0.0
NC453,Gamagara,2023,0600,Loan repayments,0.0
NC453,Gamagara,2023,0700,Trade Creditors,26818739.0
NC453,Gamagara,2023,0800,Auditor General,86.0
NC453,Gamagara,2023,0900,Other,32750024.0
NC453,Gamagara,2023,1000,Total,422760546.0
NMA,Nelson Mandela Bay,2023,0100,Bulk Electricity,0.0
NMA,Nelson Mandela Bay,2023,0200,Bulk Water,0.0
NMA,Nelson Mandela Bay,2023,0300,PAYE deductions,0.0
NMA,Nelson Mandela Bay,2023,0400,VAT (output less input),0.0
NMA,Nelson Mandela Bay,2023,0500,Pensions / Retirement deductions,0.0
NMA,Nelson Mandela Bay,2023,0600,Loan repayments,0.0
NMA,Nelson Mandela Bay,2023,0700,Trade Creditors,2302746561.0
NMA,Nelson Mandela Bay,2023,0800,Auditor General,0.0
NMA,Nelson Mandela Bay,2023,0900,Other,0.0
NMA,Nelson Mandela Bay,2023,1000,Total,2302746561.0
NW372,Madibeng,2023,0100,Bulk Electricity,692713089.0
NW372,Madibeng,2023,0200,Bulk Water,180191554.0
NW372,Madibeng,2023,0300,PAYE deductions,0.0
NW372,Madibeng,2023,0400,VAT (output less input),0.0
NW372,Madibeng,2023,0500,Pensions / Retirement deductions,0.0
NW372,Madibeng,2023,0600,Loan repayments,0.0
NW372,Madibeng,2023,0700,Trade Creditors,659765772.0
NW372,Madibeng,2023,0800,Auditor General,728834.0
NW372,Madibeng,2023,0900,Other,0.0
NW372,Madibeng,2023,1000,Total,1533399249.0
NW375,Moses Kotane,2023,0100,Bulk Electricity,0.0
NW375,Moses Kotane,2023,0200,Bulk Water,0.0
NW375,Moses Kotane,2023,0300,PAYE deductions,0.0
NW375,Moses Kotane,2023,0400,VAT (output less input),0.0
NW375,Moses Kotane,2023,0500,Pensions / Retirement deductions,0.0
NW375,Moses Kotane,2023,0600,Loan repayments,0.0
NW375,Moses Kotane,2023,0700,Trade Creditors,75133448.0
NW375,Moses Kotane,2023,0800,Auditor General,0.0
NW375,Moses Kotane,2023,0900,Other,0.0
NW375,Moses Kotane,2023,1000,Total,75133448.0
NW382,Tswaing,2023,0100,Bulk Electricity,122703862.0
NW382,Tswaing,2023,0200,Bulk Water,1089858.0
NW382,Tswaing,2023,0300,PAYE deductions,5100621.0
NW382,Tswaing,2023,0400,VAT (output less input),0.0
NW382,Tswaing,2023,0500,Pensions / Retirement deductions,5900136.0
NW382,Tswaing,2023,0600,Loan repayments,0.0
NW382,Tswaing,2023,0700,Trade Creditors,48244180.0
NW382,Tswaing,2023,0800,Auditor General,1633681.0
NW382,Tswaing,2023,0900,Other,45395.0
NW382,Tswaing,2023,1000,Total,184717733.0
NW385,Ramotshere Moiloa,2023,0100,Bulk Electricity,-28243573.0
NW385,Ramotshere Moiloa,2023,0200,Bulk Water,0.0
NW385,Ramotshere Moiloa,2023,0300,PAYE deductions,0.0
NW385,Ramotshere Moiloa,2023,0400,VAT (output less input),0.0
NW385,Ramotshere Moiloa,2023,0500,Pensions / Retirement deductions,0.0
NW385,Ramotshere Moiloa,2023,0600,Loan repayments,0.0
NW385,Ramotshere Moiloa,2023,0700,Trade Creditors,3344025.0
NW385,Ramotshere Moiloa,2023,0800,Auditor General,-5602795.0
NW385,Ramotshere Moiloa,2023,0900,Other,388306.0
NW385,Ramotshere Moiloa,2023,1000,Total,-30114037.0
NW397,Kagisano-Molopo,2023,0100,Bulk Electricity,0.0
NW397,Kagisano-Molopo,2023,0200,Bulk Water,0.0
NW397,Kagisano-Molopo,2023,0300,PAYE deductions,0.0
NW397,Kagisano-Molopo,2023,0400,VAT (output less input),0.0
NW397,Kagisano-Molopo,2023,0500,Pensions / Retirement deductions,0.0
NW397,Kagisano-Molopo,2023,0600,Loan repayments,0.0
NW397,Kagisano-Molopo,2023,0700,Trade Creditors,2173434.0
NW397,Kagisano-Molopo,2023,0800,Auditor General,0.0
NW397,Kagisano-Molopo,2023,0900,Other,0.0
NW397,Kagisano-Molopo,2023,1000,Total,2173434.0
NW403,City of Matlosana,2023,0100,Bulk Electricity,1772653557.0
NW403,City of Matlosana,2023,0200,Bulk Water,1348569925.0
NW403,City of Matlosana,2023,0300,PAYE deductions,0.0
NW403,City of Matlosana,2023,0400,VAT (output less input),0.0
NW403,City of Matlosana,2023,0500,Pensions / Retirement deductions,0.0
NW403,City of Matlosana,2023,0600,Loan repayments,0.0
NW403,City of Matlosana,2023,0700,Trade Creditors,89416726.0
NW403,City of Matlosana,2023,0800,Auditor General,43520.0
NW403,City of Matlosana,2023,0900,Other,0.0
NW403,City of Matlosana,2023,1000,Total,3210683728.0
NW404,Maquassi Hills,2023,0100,Bulk Electricity,70200753.0
NW404,Maquassi Hills,2023,0200,Bulk Water,30618384.0
NW404,Maquassi Hills,2023,0300,PAYE deductions,0.0
NW404,Maquassi Hills,2023,0400,VAT (output less input),0.0
NW404,Maquassi Hills,2023,0500,Pensions / Retirement deductions,0.0
NW404,Maquassi Hills,2023,0600,Loan repayments,0.0
NW404,Maquassi Hills,2023,0700,Trade Creditors,8343218.0
NW404,Maquassi Hills,2023,0800,Auditor General,2511719.0
NW404,Maquassi Hills,2023,0900,Other,100750292.0
NW404,Maquassi Hills,2023,1000,Total,212424366.0
WC012,Cederberg,2023,0100,Bulk Electricity,11739095.0
WC012,Cederberg,2023,0200,Bulk Water,0.0
WC012,Cederberg,2023,0300,PAYE deductions,0.0
WC012,Cederberg,2023,0400,VAT (output less input),0.0
WC012,Cederberg,2023,0500,Pensions / Retirement deductions,0.0
WC012,Cederberg,2023,0600,Loan repayments,0.0
WC012,Cederberg,2023,0700,Trade Creditors,2975726.0
WC012,Cederberg,2023,0800,Auditor General,0.0
WC012,Cederberg,2023,0900,Other,2242354.0
WC012,Cederberg,2023,1000,Total,16957175.0
WC013,Bergrivier,2023,0100,Bulk Electricity,0.0
WC013,Bergrivier,2023,0200,Bulk Water,0.0
WC013,Bergrivier,2023,0300,PAYE deductions,0.0
WC013,Bergrivier,2023,0400,VAT (output less input),0.0
WC013,Bergrivier,2023,0500,Pensions / Retirement deductions,0.0
WC013,Bergrivier,2023,0600,Loan repayments,0.0
WC013,Bergrivier,2023,0700,Trade Creditors,0.0
WC013,Bergrivier,2023,0800,Auditor General,0.0
WC013,Bergrivier,2023,0900,Other,0.0
WC013,Bergrivier,2023,1000,Total,0.0
WC014,Saldanha Bay,2023,0100,Bulk Electricity,0.0
WC014,Saldanha Bay,2023,0200,Bulk Water,0.0
WC014,Saldanha Bay,2023,0300,PAYE deductions,0.0
WC014,Saldanha Bay,2023,0400,VAT (output less input),0.0
WC014,Saldanha Bay,2023,0500,Pensions / Retirement deductions,0.0
WC014,Saldanha Bay,2023,0600,Loan repayments,0.0
WC014,Saldanha Bay,2023,0700,Trade Creditors,8939822.0
WC014,Saldanha Bay,2023,0800,Auditor General,0.0
WC014,Saldanha Bay,2023,0900,Other,0.0
WC014,Saldanha Bay,2023,1000,Total,8939822.0
WC015,Swartland,2023,0100,Bulk Electricity,0.0
WC015,Swartland,2023,0200,Bulk Water,0.0
WC015,Swartland,2023,0300,PAYE deductions,0.0
WC015,Swartland,2023,0400,VAT (output less input),0.0
WC015,Swartland,2023,0500,Pensions / Retirement deductions,0.0
WC015,Swartland,2023,0600,Loan repayments,0.0
WC015,Swartland,2023,0700,Trade Creditors,2249903.0
WC015,Swartland,2023,0800,Auditor General,0.0
WC015,Swartland,2023,0900,Other,0.0
WC015,Swartland,2023,1000,Total,2249903.0
WC022,Witzenberg,2023,0100,Bulk Electricity,0.0
WC022,Witzenberg,2023,0200,Bulk Water,0.0
WC022,Witzenberg,2023,0300,PAYE deductions,0.0
WC022,Witzenberg,2023,0400,VAT (output less input),0.0
WC022,Witzenberg,2023,0500,Pensions / Retirement deductions,0.0
WC022,Witzenberg,2023,0600,Loan repayments,0.0
WC022,Witzenberg,2023,0700,Trade Creditors,8928972.0
WC022,Witzenberg,2023,0800,Auditor General,0.0
WC022,Witzenberg,2023,0900,Other,0.0
WC022,Witzenberg,2023,1000,Total,8928972.0
WC023,Drakenstein,2023,0100,Bulk Electricity,103043478.0
WC023,Drakenstein,2023,0200,Bulk Water,0.0
WC023,Drakenstein,2023,0300,PAYE deductions,0.0
WC023,Drakenstein,2023,0400,VAT (output less input),0.0
WC023,Drakenstein,2023,0500,Pensions / Retirement deductions,0.0
WC023,Drakenstein,2023,0600,Loan repayments,0.0
WC023,Drakenstein,2023,0700,Trade Creditors,0.0
WC023,Drakenstein,2023,0800,Auditor General,0.0
WC023,Drakenstein,2023,0900,Other,0.0
WC023,Drakenstein,2023,1000,Total,103043478.0
WC024,Stellenbosch,2023,0100,Bulk Electricity,73479208.0
WC024,Stellenbosch,2023,0200,Bulk Water,308973.0
WC024,Stellenbosch,2023,0300,PAYE deductions,0.0
WC024,Stellenbosch,2023,0400,VAT (output less input),0.0
WC024,Stellenbosch,2023,0500,Pensions / Retirement deductions,899695.0
WC024,Stellenbosch,2023,0600,Loan repayments,0.0
WC024,Stellenbosch,2023,0700,Trade Creditors,155225477.0
WC024,Stellenbosch,2023,0800,Auditor General,0.0
WC024,Stellenbosch,2023,0900,Other,97374238.0
WC024,Stellenbosch,2023,1000,Total,327287591.0
WC025,Breede Valley,2023,0100,Bulk Electricity,0.0
WC025,Breede Valley,2023,0200,Bulk Water,0.0
WC025,Breede Valley,2023,0300,PAYE deductions,0.0
WC025,Breede Valley,2023,0400,VAT (output less input),0.0
WC025,Breede Valley,2023,0500,Pensions / Retirement deductions,0.0
WC025,Breede Valley,2023,0600,Loan repayments,0.0
WC025,Breede Valley,2023,0700,Trade Creditors,44079.0
WC025,Breede Valley,2023,0800,Auditor General,0.0
WC025,Breede Valley,2023,0900,Other,0.0
WC025,Breede Valley,2023,1000,Total,44079.0
WC026,Langeberg,2023,0100,Bulk Electricity,0.0
WC026,Langeberg,2023,0200,Bulk Water,0.0
WC026,Langeberg,2023,0300,PAYE deductions,0.0
WC026,Langeberg,2023,0400,VAT (output less input),0.0
WC026,Langeberg,2023,0500,Pensions / Retirement deductions,0.0
WC026,Langeberg,2023,0600,Loan repayments,0.0
WC026,Langeberg,2023,0700,Trade Creditors,8179181.0
WC026,Langeberg,2023,0800,Auditor General,0.0
WC026,Langeberg,2023,0900,Other,0.0
WC026,Langeberg,2023,1000,Total,8179181.0
WC031,Theewaterskloof,2023,0100,Bulk Electricity,51549.0
WC031,Theewaterskloof,2023,0200,Bulk Water,0.0
WC031,Theewaterskloof,2023,0300,PAYE deductions,0.0
WC031,Theewaterskloof,2023,0400,VAT (output less input),0.0
WC031,Theewaterskloof,2023,0500,Pensions / Retirement deductions,0.0
WC031,Theewaterskloof,2023,0600,Loan repayments,0.0
WC031,Theewaterskloof,2023,0700,Trade Creditors,21611388.0
WC031,Theewaterskloof,2023,0800,Auditor General,0.0
WC031,Theewaterskloof,2023,0900,Other,6500.0
WC031,Theewaterskloof,2023,1000,Total,21669437.0
WC033,Cape Agulhas,2023,0100,Bulk Electricity,12684510.0
WC033,Cape Agulhas,2023,0200,Bulk Water,0.0
WC033,Cape Agulhas,2023,0300,PAYE deductions,0.0
WC033,Cape Agulhas,2023,0400,VAT (output less input),0.0
WC033,Cape Agulhas,2023,0500,Pensions / Retirement deductions,0.0
WC033,Cape Agulhas,2023,0600,Loan repayments,0.0
WC033,Cape Agulhas,2023,0700,Trade Creditors,18977717.0
WC033,Cape Agulhas,2023,0800,Auditor General,0.0
WC033,Cape Agulhas,2023,0900,Other,1860691.0
WC033,Cape Agulhas,2023,1000,Total,33522918.0
WC034,Swellendam,2023,0100,Bulk Electricity,9787940.0
WC034,Swellendam,2023,0200,Bulk Water,0.0
WC034,Swellendam,2023,0300,PAYE deductions,0.0
WC034,Swellendam,2023,0400,VAT (output less input),2159388.0
WC034,Swellendam,2023,0500,Pensions / Retirement deductions,0.0
WC034,Swellendam,2023,0600,Loan repayments,0.0
WC034,Swellendam,2023,0700,Trade Creditors,7944242.0
WC034,Swellendam,2023,0800,Auditor General,0.0
WC034,Swellendam,2023,0900,Other,0.0
WC034,Swellendam,2023,1000,Total,19891570.0
WC042,Hessequa,2023,0100,Bulk Electricity,0.0
WC042,Hessequa,2023,0200,Bulk Water,0.0
WC042,Hessequa,2023,0300,PAYE deductions,0.0
WC042,Hessequa,2023,0400,VAT (output less input),0.0
WC042,Hessequa,2023,0500,Pensions / Retirement deductions,0.0
WC042,Hessequa,2023,0600,Loan repayments,0.0
WC042,Hessequa,2023,0700,Trade Creditors,31899035.0
WC042,Hessequa,2023,0800,Auditor General,0.0
WC042,Hessequa,2023,0900,Other,20241616.0
WC042,Hessequa,2023,1000,Total,52140651.0
WC043,Mossel Bay,2023,0100,Bulk Electricity,36299838.0
WC043,Mossel Bay,2023,0200,Bulk Water,0.0
WC043,Mossel Bay,2023,0300,PAYE deductions,0.0
WC043,Mossel Bay,2023,0400,VAT (output less input),0.0
WC043,Mossel Bay,2023,0500,Pensions / Retirement deductions,0.0
WC043,Mossel Bay,2023,0600,Loan repayments,0.0
WC043,Mossel Bay,2023,0700,Trade Creditors,47431626.0
WC043,Mossel Bay,2023,0800,Auditor General,0.0
WC043,Mossel Bay,2023,0900,Other,0.0
WC043,Mossel Bay,2023,1000,Total,83731464.0
WC044,George,2023,0100,Bulk Electricity,84568204.0
WC044,George,2023,0200,Bulk Water,0.0
WC044,George,2023,0300,PAYE deductions,8799953.0
WC044,George,2023,0400,VAT (output less input),0.0
WC044,George,2023,0500,Pensions / Retirement deductions,0.0
WC044,George,2023,0600,Loan repayments,0.0
WC044,George,2023,0700,Trade Creditors,21559090.0
WC044,George,2023,0800,Auditor General,0.0
WC044,George,2023,0900,Other,0.0
WC044,George,2023,1000,Total,114927247.0
WC045,Oudtshoorn,2023,0100,Bulk Electricity,27377365.0
WC045,Oudtshoorn,2023,0200,Bulk Water,0.0
WC045,Oudtshoorn,2023,0300,PAYE deductions,0.0
WC045,Oudtshoorn,2023,0400,VAT (output less input),0.0
WC045,Oudtshoorn,2023,0500,Pensions / Retirement deductions,0.0
WC045,Oudtshoorn,2023,0600,Loan repayments,0.0
WC045,Oudtshoorn,2023,0700,Trade Creditors,3924665.0
WC045,Oudtshoorn,2023,0800,Auditor General,0.0
WC045,Oudtshoorn,2023,0900,Other,1262.0
WC045,Oudtshoorn,2023,1000,Total,31303292.0
WC048,Knysna,2023,0100,Bulk Electricity,27241.0
WC048,Knysna,2023,0200,Bulk Water,0.0
WC048,Knysna,2023,0300,PAYE deductions,0.0
WC048,Knysna,2023,0400,VAT (output less input),0.0
WC048,Knysna,2023,0500,Pensions / Retirement deductions,0.0
WC048,Knysna,2023,0600,Loan repayments,0.0
WC048,Knysna,2023,0700,Trade Creditors,12219816.0
WC048,Knysna,2023,0800,Auditor General,0.0
WC048,Knysna,2023,0900,Other,0.0
WC048,Knysna,2023,1000,Total,12247057.0
WC051,Laingsburg,2023,0100,Bulk Electricity,0.0
WC051,Laingsburg,2023,0200,Bulk Water,0.0
WC051,Laingsburg,2023,0300,PAYE deductions,0.0
WC051,Laingsburg,2023,0400,VAT (output less input),0.0
WC051,Laingsburg,2023,0500,Pensions / Retirement deductions,0.0
WC051,Laingsburg,2023,0600,Loan repayments,0.0
WC051,Laingsburg,2023,0700,Trade Creditors,1350204.0
WC051,Laingsburg,2023,0800,Auditor General,0.0
WC051,Laingsburg,2023,0900,Other,0.0
WC051,Laingsburg,2023,1000,Total,1350204.0
WC052,Prince Albert,2023,0100,Bulk Electricity,0.0
WC052,Prince Albert,2023,0200,Bulk Water,0.0
WC052,Prince Albert,2023,0300,PAYE deductions,0.0
WC052,Prince Albert,2023,0400,VAT (output less input),0.0
WC052,Prince Albert,2023,0500,Pensions / Retirement deductions,0.0
WC052,Prince Albert,2023,0600,Loan repayments,0.0
WC052,Prince Albert,2023,0700,Trade Creditors,0.0
WC052,Prince Albert,2023,0800,Auditor General,0.0
WC052,Prince Albert,2023,0900,Other,0.0
WC052,Prince Albert,2023,1000,Total,0.0
WC053,Beaufort West,2023,0100,Bulk Electricity,81574424.0
WC053,Beaufort West,2023,0200,Bulk Water,13212228.0
WC053,Beaufort West,2023,0300,PAYE deductions,0.0
WC053,Beaufort West,2023,0400,VAT (output less input),0.0
WC053,Beaufort West,2023,0500,Pensions / Retirement deductions,0.0
WC053,Beaufort West,2023,0600,Loan repayments,0.0
WC053,Beaufort West,2023,0700,Trade Creditors,28852855.0
WC053,Beaufort West,2023,0800,Auditor General,13325846.0
WC053,Beaufort West,2023,0900,Other,1052.0
WC053,Beaufort West,2023,1000,Total,136966405.0
BUF,Buffalo City,2024,0100,Bulk Electricity,312723462.0
BUF,Buffalo City,2024,0200,Bulk Water,23040151.0
BUF,Buffalo City,2024,0300,PAYE deductions,32238973.0
BUF,Buffalo City,2024,0400,VAT (output less input),0.0
BUF,Buffalo City,2024,0500,Pensions / Retirement deductions,35886964.0
BUF,Buffalo City,2024,0600,Loan repayments,0.0
BUF,Buffalo City,2024,0700,Trade Creditors,1070560312.0
BUF,Buffalo City,2024,0800,Auditor General,2606.0
BUF,Buffalo City,2024,0900,Other,268023375.0
BUF,Buffalo City,2024,1000,Total,1742475843.0
CPT,Cape Town,2024,0100,Bulk Electricity,0.0
CPT,Cape Town,2024,0200,Bulk Water,0.0
CPT,Cape Town,2024,0300,PAYE deductions,0.0
CPT,Cape Town,2024,0400,VAT (output less input),0.0
CPT,Cape Town,2024,0500,Pensions / Retirement deductions,0.0
CPT,Cape Town,2024,0600,Loan repayments,0.0
CPT,Cape Town,2024,0700,Trade Creditors,-186798.0
CPT,Cape Town,2024,0800,Auditor General,0.0
CPT,Cape Town,2024,0900,Other,-37466742.0
CPT,Cape Town,2024,1000,Total,-37653540.0
DC1,West Coast,2024,0100,Bulk Electricity,0.0
DC1,West Coast,2024,0200,Bulk Water,0.0
DC1,West Coast,2024,0300,PAYE deductions,0.0
DC1,West Coast,2024,0400,VAT (output less input),0.0
DC1,West Coast,2024,0500,Pensions / Retirement deductions,0.0
DC1,West Coast,2024,0600,Loan repayments,0.0
DC1,West Coast,2024,0700,Trade Creditors,0.0
DC1,West Coast,2024,0800,Auditor General,0.0
DC1,West Coast,2024,0900,Other,281589.0
DC1,West Coast,2024,1000,Total,281589.0
DC10,Sarah Baartman,2024,0100,Bulk Electricity,0.0
DC10,Sarah Baartman,2024,0200,Bulk Water,0.0
DC10,Sarah Baartman,2024,0300,PAYE deductions,0.0
DC10,Sarah Baartman,2024,0400,VAT (output less input),0.0
DC10,Sarah Baartman,2024,0500,Pensions / Retirement deductions,0.0
DC10,Sarah Baartman,2024,0600,Loan repayments,0.0
DC10,Sarah Baartman,2024,0700,Trade Creditors,0.0
DC10,Sarah Baartman,2024,0800,Auditor General,0.0
DC10,Sarah Baartman,2024,0900,Other,0.0
DC10,Sarah Baartman,2024,1000,Total,0.0
DC12,Amathole,2024,0100,Bulk Electricity,0.0
DC12,Amathole,2024,0200,Bulk Water,375930354.0
DC12,Amathole,2024,0300,PAYE deductions,20717584.0
DC12,Amathole,2024,0400,VAT (output less input),0.0
DC12,Amathole,2024,0500,Pensions / Retirement deductions,0.0
DC12,Amathole,2024,0600,Loan repayments,0.0
DC12,Amathole,2024,0700,Trade Creditors,110383352.0
DC12,Amathole,2024,0800,Auditor General,819924.0
DC12,Amathole,2024,0900,Other,0.0
DC12,Amathole,2024,1000,Total,507851214.0
DC13,Chris Hani,2024,0100,Bulk Electricity,0.0
DC13,Chris Hani,2024,0200,Bulk Water,0.0
DC13,Chris Hani,2024,0300,PAYE deductions,0.0
DC13,Chris Hani,2024,0400,VAT (output less input),0.0
DC13,Chris Hani,2024,0500,Pensions / Retirement deductions,0.0
DC13,Chris Hani,2024,0600,Loan repayments,0.0
DC13,Chris Hani,2024,0700,Trade Creditors,17899913.0
DC13,Chris Hani,2024,0800,Auditor General,0.0
DC13,Chris Hani,2024,0900,Other,0.0
DC13,Chris Hani,2024,1000,Total,17899913.0
DC14,Joe Gqabi,2024,0100,Bulk Electricity,0.0
DC14,Joe Gqabi,2024,0200,Bulk Water,0.0
DC14,Joe Gqabi,2024,0300,PAYE deductions,0.0
DC14,Joe Gqabi,2024,0400,VAT (output less input),0.0
DC14,Joe Gqabi,2024,0500,Pensions / Retirement deductions,0.0
DC14,Joe Gqabi,2024,0600,Loan repayments,0.0
DC14,Joe Gqabi,2024,0700,Trade Creditors,211660239.0
DC14,Joe Gqabi,2024,0800,Auditor General,34316.0
DC14,Joe Gqabi,2024,0900,Other,0.0
DC14,Joe Gqabi,2024,1000,Total,211694555.0
DC15,O R Tambo,2024,0100,Bulk Electricity,0.0
DC15,O R Tambo,2024,0200,Bulk Water,57756889.0
DC15,O R Tambo,2024,0300,PAYE deductions,0.0
DC15,O R Tambo,2024,0400,VAT (output less input),0.0
DC15,O R Tambo,2024,0500,Pensions / Retirement deductions,0.0
DC15,O R Tambo,2024,0600,Loan repayments,0.0
DC15,O R Tambo,2024,0700,Trade Creditors,182524345.0
DC15,O R Tambo,2024,0800,Auditor General,275624.0
DC15,O R Tambo,2024,0900,Other,103968769.0
DC15,O R Tambo,2024,1000,Total,344525627.0
DC16,Xhariep,2024,0100,Bulk Electricity,0.0
DC16,Xhariep,2024,0200,Bulk Water,0.0
DC16,Xhariep,2024,0300,PAYE deductions,0.0
DC16,Xhariep,2024,0400,VAT (output less input),0.0
DC16,Xhariep,2024,0500,Pensions / Retirement deductions,0.0
DC16,Xhariep,2024,0600,Loan repayments,0.0
DC16,Xhariep,2024,0700,Trade Creditors,0.0
DC16,Xhariep,2024,0800,Auditor General,0.0
DC16,Xhariep,2024,0900,Other,15155191.0
DC16,Xhariep,2024,1000,Total,15155191.0
DC18,Lejweleputswa,2024,0100,Bulk Electricity,0.0
DC18,Lejweleputswa,2024,0200,Bulk Water,0.0
DC18,Lejweleputswa,2024,0300,PAYE deductions,0.0
DC18,Lejweleputswa,2024,0400,VAT (output less input),0.0
DC18,Lejweleputswa,2024,0500,Pensions / Retirement deductions,0.0
DC18,Lejweleputswa,2024,0600,Loan repayments,0.0
DC18,Lejweleputswa,2024,0700,Trade Creditors,9687664.0
DC18,Lejweleputswa,2024,0800,Auditor General,0.0
DC18,Lejweleputswa,2024,0900,Other,0.0
DC18,Lejweleputswa,2024,1000,Total,9687664.0
DC19,Thabo Mofutsanyana,2024,0100,Bulk Electricity,0.0
DC19,Thabo Mofutsanyana,2024,0200,Bulk Water,0.0
DC19,Thabo Mofutsanyana,2024,0300,PAYE deductions,0.0
DC19,Thabo Mofutsanyana,2024,0400,VAT (output less input),0.0
DC19,Thabo Mofutsanyana,2024,0500,Pensions / Retirement deductions,0.0
DC19,Thabo Mofutsanyana,2024,0600,Loan repayments,0.0
DC19,Thabo Mofutsanyana,2024,0700,Trade Creditors,6967105.0
DC19,Thabo Mofutsanyana,2024,0800,Auditor General,0.0
DC19,Thabo Mofutsanyana,2024,0900,Other,889882.0
DC19,Thabo Mofutsanyana,2024,1000,Total,7856987.0
DC2,Cape Winelands DM,2024,0100,Bulk Electricity,0.0
DC2,Cape Winelands DM,2024,0200,Bulk Water,0.0
DC2,Cape Winelands DM,2024,0300,PAYE deductions,0.0
DC2,Cape Winelands DM,2024,0400,VAT (output less input),0.0
DC2,Cape Winelands DM,2024,0500,Pensions / Retirement deductions,0.0
DC2,Cape Winelands DM,2024,0600,Loan repayments,0.0
DC2,Cape Winelands DM,2024,0700,Trade Creditors,0.0
DC2,Cape Winelands DM,2024,0800,Auditor General,0.0
DC2,Cape Winelands DM,2024,0900,Other,0.0
DC2,Cape Winelands DM,2024,1000,Total,0.0
DC20,Fezile Dabi,2024,0100,Bulk Electricity,0.0
DC20,Fezile Dabi,2024,0200,Bulk Water,0.0
DC20,Fezile Dabi,2024,0300,PAYE deductions,0.0
DC20,Fezile Dabi,2024,0400,VAT (output less input),0.0
DC20,Fezile Dabi,2024,0500,Pensions / Retirement deductions,0.0
DC20,Fezile Dabi,2024,0600,Loan repayments,0.0
DC20,Fezile Dabi,2024,0700,Trade Creditors,2650556.0
DC20,Fezile Dabi,2024,0800,Auditor General,0.0
DC20,Fezile Dabi,2024,0900,Other,6800471.0
DC20,Fezile Dabi,2024,1000,Total,9451027.0
DC21,Ugu,2024,0100,Bulk Electricity,0.0
DC21,Ugu,2024,0200,Bulk Water,405619562.0
DC21,Ugu,2024,0300,PAYE deductions,0.0
DC21,Ugu,2024,0400,VAT (output less input),0.0
DC21,Ugu,2024,0500,Pensions / Retirement deductions,0.0
DC21,Ugu,2024,0600,Loan repayments,0.0
DC21,Ugu,2024,0700,Trade Creditors,421273259.0
DC21,Ugu,2024,0800,Auditor General,2129313.0
DC21,Ugu,2024,0900,Other,66217502.0
DC21,Ugu,2024,1000,Total,895239636.0
DC22,uMgungundlovu,2024,0100,Bulk Electricity,0.0
DC22,uMgungundlovu,2024,0200,Bulk Water,27208854.0
DC22,uMgungundlovu,2024,0300,PAYE deductions,0.0
DC22,uMgungundlovu,2024,0400,VAT (output less input),0.0
DC22,uMgungundlovu,2024,0500,Pensions / Retirement deductions,0.0
DC22,uMgungundlovu,2024,0600,Loan repayments,0.0
DC22,uMgungundlovu,2024,0700,Trade Creditors,11404470.0
DC22,uMgungundlovu,2024,0800,Auditor General,0.0
DC22,uMgungundlovu,2024,0900,Other,13402802.0
DC22,uMgungundlovu,2024,1000,Total,52016126.0
DC23,Uthukela,2024,0100,Bulk Electricity,0.0
DC23,Uthukela,2024,0200,Bulk Water,0.0
DC23,Uthukela,2024,0300,PAYE deductions,0.0
DC23,Uthukela,2024,0400,VAT (output less input),0.0
DC23,Uthukela,2024,0500,Pensions / Retirement deductions,0.0
DC23,Uthukela,2024,0600,Loan repayments,0.0
DC23,Uthukela,2024,0700,Trade Creditors,27589480.0
DC23,Uthukela,2024,0800,Auditor General,0.0
DC23,Uthukela,2024,0900,Other,0.0
DC23,Uthukela,2024,1000,Total,27589480.0
DC24,Umzinyathi,2024,0100,Bulk Electricity,0.0
DC24,Umzinyathi,2024,0200,Bulk Water,0.0
DC24,Umzinyathi,2024,0300,PAYE deductions,0.0
DC24,Umzinyathi,2024,0400,VAT (output less input),0.0
DC24,Umzinyathi,2024,0500,Pensions / Retirement deductions,0.0
DC24,Umzinyathi,2024,0600,Loan repayments,0.0
DC24,Umzinyathi,2024,0700,Trade Creditors,20534971.0
DC24,Umzinyathi,2024,0800,Auditor General,0.0
DC24,Umzinyathi,2024,0900,Other,292025536.0
DC24,Umzinyathi,2024,1000,Total,312560507.0
DC25,Amajuba,2024,0100,Bulk Electricity,0.0
DC25,Amajuba,2024,0200,Bulk Water,62201830.0
DC25,Amajuba,2024,0300,PAYE deductions,0.0
DC25,Amajuba,2024,0400,VAT (output less input),0.0
DC25,Amajuba,2024,0500,Pensions / Retirement deductions,0.0
DC25,Amajuba,2024,0600,Loan repayments,0.0
DC25,Amajuba,2024,0700,Trade Creditors,12988165.0
DC25,Amajuba,2024,0800,Auditor General,763798.0
DC25,Amajuba,2024,0900,Other,50884158.0
DC25,Amajuba,2024,1000,Total,126837951.0
DC26,Zululand,2024,0100,Bulk Electricity,0.0
DC26,Zululand,2024,0200,Bulk Water,0.0
DC26,Zululand,2024,0300,PAYE deductions,0.0
DC26,Zululand,2024,0400,VAT (output less input),0.0
DC26,Zululand,2024,0500,Pensions / Retirement deductions,0.0
DC26,Zululand,2024,0600,Loan repayments,0.0
DC26,Zululand,2024,0700,Trade Creditors,0.0
DC26,Zululand,2024,0800,Auditor General,0.0
DC26,Zululand,2024,0900,Other,867100.0
DC26,Zululand,2024,1000,Total,867100.0
DC28,King Cetshwayo,2024,0100,Bulk Electricity,0.0
DC28,King Cetshwayo,2024,0200,Bulk Water,0.0
DC28,King Cetshwayo,2024,0300,PAYE deductions,0.0
DC28,King Cetshwayo,2024,0400,VAT (output less input),0.0
DC28,King Cetshwayo,2024,0500,Pensions / Retirement deductions,0.0
DC28,King Cetshwayo,2024,0600,Loan repayments,0.0
DC28,King Cetshwayo,2024,0700,Trade Creditors,108357474.0
DC28,King Cetshwayo,2024,0800,Auditor General,0.0
DC28,King Cetshwayo,2024,0900,Other,87384061.0
DC28,King Cetshwayo,2024,1000,Total,195741535.0
DC29,iLembe,2024,0100,Bulk Electricity,0.0
DC29,iLembe,2024,0200,Bulk Water,28694292.0
DC29,iLembe,2024,0300,PAYE deductions,0.0
DC29,iLembe,2024,0400,VAT (output less input),0.0
DC29,iLembe,2024,0500,Pensions / Retirement deductions,0.0
DC29,iLembe,2024,0600,Loan repayments,0.0
DC29,iLembe,2024,0700,Trade Creditors,45192474.0
DC29,iLembe,2024,0800,Auditor General,0.0
DC29,iLembe,2024,0900,Other,0.0
DC29,iLembe,2024,1000,Total,73886766.0
DC3,Overberg,2024,0100,Bulk Electricity,0.0
DC3,Overberg,2024,0200,Bulk Water,0.0
DC3,Overberg,2024,0300,PAYE deductions,0.0
DC3,Overberg,2024,0400,VAT (output less input),0.0
DC3,Overberg,2024,0500,Pensions / Retirement deductions,0.0
DC3,Overberg,2024,0600,Loan repayments,0.0
DC3,Overberg,2024,0700,Trade Creditors,0.0
DC3,Overberg,2024,0800,Auditor General,0.0
DC3,Overberg,2024,0900,Other,0.0
DC3,Overberg,2024,1000,Total,0.0
DC30,Gert Sibande,2024,0100,Bulk Electricity,0.0
DC30,Gert Sibande,2024,0200,Bulk Water,0.0
DC30,Gert Sibande,2024,0300,PAYE deductions,0.0
DC30,Gert Sibande,2024,0400,VAT (output less input),0.0
DC30,Gert Sibande,2024,0500,Pensions / Retirement deductions,0.0
DC30,Gert Sibande,2024,0600,Loan repayments,0.0
DC30,Gert Sibande,2024,0700,Trade Creditors,87227.0
DC30,Gert Sibande,2024,0800,Auditor General,0.0
DC30,Gert Sibande,2024,0900,Other,0.0
DC30,Gert Sibande,2024,1000,Total,87227.0
DC31,Nkangala,2024,0100,Bulk Electricity,0.0
DC31,Nkangala,2024,0200,Bulk Water,0.0
DC31,Nkangala,2024,0300,PAYE deductions,0.0
DC31,Nkangala,2024,0400,VAT (output less input),0.0
DC31,Nkangala,2024,0500,Pensions / Retirement deductions,0.0
DC31,Nkangala,2024,0600,Loan repayments,0.0
DC31,Nkangala,2024,0700,Trade Creditors,0.0
DC31,Nkangala,2024,0800,Auditor General,0.0
DC31,Nkangala,2024,0900,Other,0.0
DC31,Nkangala,2024,1000,Total,0.0
DC32,Ehlanzeni,2024,0100,Bulk Electricity,0.0
DC32,Ehlanzeni,2024,0200,Bulk Water,0.0
DC32,Ehlanzeni,2024,0300,PAYE deductions,0.0
DC32,Ehlanzeni,2024,0400,VAT (output less input),0.0
DC32,Ehlanzeni,2024,0500,Pensions / Retirement deductions,0.0
DC32,Ehlanzeni,2024,0600,Loan repayments,0.0
DC32,Ehlanzeni,2024,0700,Trade Creditors,0.0
DC32,Ehlanzeni,2024,0800,Auditor General,0.0
DC32,Ehlanzeni,2024,0900,Other,54089461.0
DC32,Ehlanzeni,2024,1000,Total,54089461.0
DC33,Mopani,2024,0100,Bulk Electricity,0.0
DC33,Mopani,2024,0200,Bulk Water,56491561.0
DC33,Mopani,2024,0300,PAYE deductions,0.0
DC33,Mopani,2024,0400,VAT (output less input),0.0
DC33,Mopani,2024,0500,Pensions / Retirement deductions,0.0
DC33,Mopani,2024,0600,Loan repayments,0.0
DC33,Mopani,2024,0700,Trade Creditors,440676561.0
DC33,Mopani,2024,0800,Auditor General,-10146764.0
DC33,Mopani,2024,0900,Other,0.0
DC33,Mopani,2024,1000,Total,487021358.0
DC34,Vhembe,2024,0100,Bulk Electricity,0.0
DC34,Vhembe,2024,0200,Bulk Water,0.0
DC34,Vhembe,2024,0300,PAYE deductions,0.0
DC34,Vhembe,2024,0400,VAT (output less input),-33300532.0
DC34,Vhembe,2024,0500,Pensions / Retirement deductions,0.0
DC34,Vhembe,2024,0600,Loan repayments,0.0
DC34,Vhembe,2024,0700,Trade Creditors,232297974.0
DC34,Vhembe,2024,0800,Auditor General,0.0
DC34,Vhembe,2024,0900,Other,0.0
DC34,Vhembe,2024,1000,Total,198997442.0
DC35,Capricorn,2024,0100,Bulk Electricity,0.0
DC35,Capricorn,2024,0200,Bulk Water,0.0
DC35,Capricorn,2024,0300,PAYE deductions,0.0
DC35,Capricorn,2024,0400,VAT (output less input),0.0
DC35,Capricorn,2024,0500,Pensions / Retirement deductions,0.0
DC35,Capricorn,2024,0600,Loan repayments,0.0
DC35,Capricorn,2024,0700,Trade Creditors,13897596.0
DC35,Capricorn,2024,0800,Auditor General,0.0
DC35,Capricorn,2024,0900,Other,1901010.0
DC35,Capricorn,2024,1000,Total,15798606.0
DC36,Waterberg,2024,0100,Bulk Electricity,0.0
DC36,Waterberg,2024,0200,Bulk Water,0.0
DC36,Waterberg,2024,0300,PAYE deductions,0.0
DC36,Waterberg,2024,0400,VAT (output less input),0.0
DC36,Waterberg,2024,0500,Pensions / Retirement deductions,0.0
DC36,Waterberg,2024,0600,Loan repayments,0.0
DC36,Waterberg,2024,0700,Trade Creditors,62922.0
DC36,Waterberg,2024,0800,Auditor General,0.0
DC36,Waterberg,2024,0900,Other,0.0
DC36,Waterberg,2024,1000,Total,62922.0
DC38,Ngaka Modiri Molema,2024,0100,Bulk Electricity,0.0
DC38,Ngaka Modiri Molema,2024,0200,Bulk Water,0.0
DC38,Ngaka Modiri Molema,2024,0300,PAYE deductions,0.0
DC38,Ngaka Modiri Molema,2024,0400,VAT (output less input),0.0
DC38,Ngaka Modiri Molema,2024,0500,Pensions / Retirement deductions,0.0
DC38,Ngaka Modiri Molema,2024,0600,Loan repayments,0.0
DC38,Ngaka Modiri Molema,2024,0700,Trade Creditors,327482044.0
DC38,Ngaka Modiri Molema,2024,0800,Auditor General,0.0
DC38,Ngaka Modiri Molema,2024,0900,Other,688250267.0
DC38,Ngaka Modiri Molema,2024,1000,Total,1015732311.0
DC39,Dr Ruth Segomotsi Mompati,2024,0100,Bulk Electricity,0.0
DC39,Dr Ruth Segomotsi Mompati,2024,0200,Bulk Water,952535839.0
DC39,Dr Ruth Segomotsi Mompati,2024,0300,PAYE deductions,0.0
DC39,Dr Ruth Segomotsi Mompati,2024,0400,VAT (output less input),0.0
DC39,Dr Ruth Segomotsi Mompati,2024,0500,Pensions / Retirement deductions,0.0
DC39,Dr Ruth Segomotsi Mompati,2024,0600,Loan repayments,0.0
DC39,Dr Ruth Segomotsi Mompati,2024,0700,Trade Creditors,0.0
DC39,Dr Ruth Segomotsi Mompati,2024,0800,Auditor General,-141.0
DC39,Dr Ruth Segomotsi Mompati,2024,0900,Other,143743138.0
DC39,Dr Ruth Segomotsi Mompati,2024,1000,Total,1096278836.0
DC4,Garden Route,2024,0100,Bulk Electricity,0.0
DC4,Garden Route,2024,0200,Bulk Water,0.0
DC4,Garden Route,2024,0300,PAYE deductions,0.0
DC4,Garden Route,2024,0400,VAT (output less input),0.0
DC4,Garden Route,2024,0500,Pensions / Retirement deductions,0.0
DC4,Garden Route,2024,0600,Loan repayments,0.0
DC4,Garden Route,2024,0700,Trade Creditors,4791129.0
DC4,Garden Route,2024,0800,Auditor General,0.0
DC4,Garden Route,2024,0900,Other,4217154.0
DC4,Garden Route,2024,1000,Total,9008283.0
DC40,Dr Kenneth Kaunda,2024,0100,Bulk Electricity,0.0
DC40,Dr Kenneth Kaunda,2024,0200,Bulk Water,0.0
DC40,Dr Kenneth Kaunda,2024,0300,PAYE deductions,0.0
DC40,Dr Kenneth Kaunda,2024,0400,VAT (output less input),0.0
DC40,Dr Kenneth Kaunda,2024,0500,Pensions / Retirement deductions,0.0
DC40,Dr Kenneth Kaunda,2024,0600,Loan repayments,0.0
DC40,Dr Kenneth Kaunda,2024,0700,Trade Creditors,0.0
DC40,Dr Kenneth Kaunda,2024,0800,Auditor General,0.0
DC40,Dr Kenneth Kaunda,2024,0900,Other,0.0
DC40,Dr Kenneth Kaunda,2024,1000,Total,0.0
DC42,Sedibeng,2024,0100,Bulk Electricity,0.0
DC42,Sedibeng,2024,0200,Bulk Water,0.0
DC42,Sedibeng,2024,0300,PAYE deductions,0.0
DC42,Sedibeng,2024,0400,VAT (output less input),606556.0
DC42,Sedibeng,2024,0500,Pensions / Retirement deductions,0.0
DC42,Sedibeng,2024,0600,Loan repayments,0.0
DC42,Sedibeng,2024,0700,Trade Creditors,0.0
DC42,Sedibeng,2024,0800,Auditor General,0.0
DC42,Sedibeng,2024,0900,Other,196217809.0
DC42,Sedibeng,2024,1000,Total,196824365.0
DC43,Harry Gwala,2024,0100,Bulk Electricity,0.0
DC43,Harry Gwala,2024,0200,Bulk Water,0.0
DC43,Harry Gwala,2024,0300,PAYE deductions,0.0
DC43,Harry Gwala,2024,0400,VAT (output less input),0.0
DC43,Harry Gwala,2024,0500,Pensions / Retirement deductions,0.0
DC43,Harry Gwala,2024,0600,Loan repayments,0.0
DC43,Harry Gwala,2024,0700,Trade Creditors,2743714.0
DC43,Harry Gwala,2024,0800,Auditor General,0.0
DC43,Harry Gwala,2024,0900,Other,0.0
DC43,Harry Gwala,2024,1000,Total,2743714.0
DC44,Alfred Nzo,2024,0100,Bulk Electricity,5009433.0
DC44,Alfred Nzo,2024,0200,Bulk Water,0.0
DC44,Alfred Nzo,2024,0300,PAYE deductions,0.0
DC44,Alfred Nzo,2024,0400,VAT (output less input),0.0
DC44,Alfred Nzo,2024,0500,Pensions / Retirement deductions,0.0
DC44,Alfred Nzo,2024,0600,Loan repayments,0.0
DC44,Alfred Nzo,2024,0700,Trade Creditors,181504771.0
DC44,Alfred Nzo,2024,0800,Auditor General,0.0
DC44,Alfred Nzo,2024,0900,Other,0.0
DC44,Alfred Nzo,2024,1000,Total,186514204.0
DC45,John Taolo Gaetsewe,2024,0100,Bulk Electricity,0.0
DC45,John Taolo Gaetsewe,2024,0200,Bulk Water,0.0
DC45,John Taolo Gaetsewe,2024,0300,PAYE deductions,0.0
DC45,John Taolo Gaetsewe,2024,0400,VAT (output less input),0.0
DC45,John Taolo Gaetsewe,2024,0500,Pensions / Retirement deductions,0.0
DC45,John Taolo Gaetsewe,2024,0600,Loan repayments,0.0
DC45,John Taolo Gaetsewe,2024,0700,Trade Creditors,3365695.0
DC45,John Taolo Gaetsewe,2024,0800,Auditor General,0.0
DC45,John Taolo Gaetsewe,2024,0900,Other,0.0
DC45,John Taolo Gaetsewe,2024,1000,Total,3365695.0
DC47,Sekhukhune,2024,0100,Bulk Electricity,0.0
DC47,Sekhukhune,2024,0200,Bulk Water,106875145.0
DC47,Sekhukhune,2024,0300,PAYE deductions,0.0
DC47,Sekhukhune,2024,0400,VAT (output less input),0.0
DC47,Sekhukhune,2024,0500,Pensions / Retirement deductions,0.0
DC47,Sekhukhune,2024,0600,Loan repayments,0.0
DC47,Sekhukhune,2024,0700,Trade Creditors,26920.0
DC47,Sekhukhune,2024,0800,Auditor General,0.0
DC47,Sekhukhune,2024,0900,Other,0.0
DC47,Sekhukhune,2024,1000,Total,106902065.0
DC48,West Rand,2024,0100,Bulk Electricity,0.0
DC48,West Rand,2024,0200,Bulk Water,0.0
DC48,West Rand,2024,0300,PAYE deductions,0.0
DC48,West Rand,2024,0400,VAT (output less input),0.0
DC48,West Rand,2024,0500,Pensions / Retirement deductions,0.0
DC48,West Rand,2024,0600,Loan repayments,0.0
DC48,West Rand,2024,0700,Trade Creditors,31827089.0
DC48,West Rand,2024,0800,Auditor General,0.0
DC48,West Rand,2024,0900,Other,0.0
DC48,West Rand,2024,1000,Total,31827089.0
DC5,Central Karoo,2024,0100,Bulk Electricity,0.0
DC5,Central Karoo,2024,0200,Bulk Water,0.0
DC5,Central Karoo,2024,0300,PAYE deductions,0.0
DC5,Central Karoo,2024,0400,VAT (output less input),0.0
DC5,Central Karoo,2024,0500,Pensions / Retirement deductions,0.0
DC5,Central Karoo,2024,0600,Loan repayments,0.0
DC5,Central Karoo,2024,0700,Trade Creditors,1678486.0
DC5,Central Karoo,2024,0800,Auditor General,0.0
DC5,Central Karoo,2024,0900,Other,0.0
DC5,Central Karoo,2024,1000,Total,1678486.0
DC7,Pixley Ka Seme (NC),2024,0100,Bulk Electricity,0.0
DC7,Pixley Ka Seme (NC),2024,0200,Bulk Water,0.0
DC7,Pixley Ka Seme (NC),2024,0300,PAYE deductions,0.0
DC7,Pixley Ka Seme (NC),2024,0400,VAT (output less input),0.0
DC7,Pixley Ka Seme (NC),2024,0500,Pensions / Retirement deductions,0.0
DC7,Pixley Ka Seme (NC),2024,0600,Loan repayments,0.0
DC7,Pixley Ka Seme (NC),2024,0700,Trade Creditors,0.0
DC7,Pixley Ka Seme (NC),2024,0800,Auditor General,0.0
DC7,Pixley Ka Seme (NC),2024,0900,Other,6260624.0
DC7,Pixley Ka Seme (NC),2024,1000,Total,6260624.0
DC8,Z F Mgcawu,2024,0100,Bulk Electricity,0.0
DC8,Z F Mgcawu,2024,0200,Bulk Water,0.0
DC8,Z F Mgcawu,2024,0300,PAYE deductions,0.0
DC8,Z F Mgcawu,2024,0400,VAT (output less input),0.0
DC8,Z F Mgcawu,2024,0500,Pensions / Retirement deductions,0.0
DC8,Z F Mgcawu,2024,0600,Loan repayments,0.0
DC8,Z F Mgcawu,2024,0700,Trade Creditors,0.0
DC8,Z F Mgcawu,2024,0800,Auditor General,0.0
DC8,Z F Mgcawu,2024,0900,Other,112268.0
DC8,Z F Mgcawu,2024,1000,Total,112268.0
DC9,Frances Baard,2024,0100,Bulk Electricity,0.0
DC9,Frances Baard,2024,0200,Bulk Water,0.0
DC9,Frances Baard,2024,0300,PAYE deductions,0.0
DC9,Frances Baard,2024,0400,VAT (output less input),0.0
DC9,Frances Baard,2024,0500,Pensions / Retirement deductions,0.0
DC9,Frances Baard,2024,0600,Loan repayments,0.0
DC9,Frances Baard,2024,0700,Trade Creditors,0.0
DC9,Frances Baard,2024,0800,Auditor General,0.0
DC9,Frances Baard,2024,0900,Other,3406857.0
DC9,Frances Baard,2024,1000,Total,3406857.0
EC101,Dr Beyers Naude,2024,0100,Bulk Electricity,165394066.0
EC101,Dr Beyers Naude,2024,0200,Bulk Water,0.0
EC101,Dr Beyers Naude,2024,0300,PAYE deductions,33468953.0
EC101,Dr Beyers Naude,2024,0400,VAT (output less input),0.0
EC101,Dr Beyers Naude,2024,0500,Pensions / Retirement deductions,14527724.0
EC101,Dr Beyers Naude,2024,0600,Loan repayments,0.0
EC101,Dr Beyers Naude,2024,0700,Trade Creditors,65641597.0
EC101,Dr Beyers Naude,2024,0800,Auditor General,1461448.0
EC101,Dr Beyers Naude,2024,0900,Other,0.0
EC101,Dr Beyers Naude,2024,1000,Total,280493788.0
EC102,Blue Crane Route,2024,0100,Bulk Electricity,0.0
EC102,Blue Crane Route,2024,0200,Bulk Water,0.0
EC102,Blue Crane Route,2024,0300,PAYE deductions,0.0
EC102,Blue Crane Route,2024,0400,VAT (output less input),0.0
EC102,Blue Crane Route,2024,0500,Pensions / Retirement deductions,0.0
EC102,Blue Crane Route,2024,0600,Loan repayments,0.0
EC102,Blue Crane Route,2024,0700,Trade Creditors,562403.0
EC102,Blue Crane Route,2024,0800,Auditor General,0.0
EC102,Blue Crane Route,2024,0900,Other,31035.0
EC102,Blue Crane Route,2024,1000,Total,593438.0
EC104,Makana,2024,0100,Bulk Electricity,0.0
EC104,Makana,2024,0200,Bulk Water,0.0
EC104,Makana,2024,0300,PAYE deductions,0.0
EC104,Makana,2024,0400,VAT (output less input),0.0
EC104,Makana,2024,0500,Pensions / Retirement deductions,0.0
EC104,Makana,2024,0600,Loan repayments,0.0
EC104,Makana,2024,0700,Trade Creditors,0.0
EC104,Makana,2024,0800,Auditor General,0.0
EC104,Makana,2024,0900,Other,0.0
EC104,Makana,2024,1000,Total,0.0
EC105,Ndlambe,2024,0100,Bulk Electricity,-1337237.0
EC105,Ndlambe,2024,0200,Bulk Water,0.0
EC105,Ndlambe,2024,0300,PAYE deductions,0.0
EC105,Ndlambe,2024,0400,VAT (output less input),0.0
EC105,Ndlambe,2024,0500,Pensions / Retirement deductions,0.0
EC105,Ndlambe,2024,0600,Loan repayments,0.0
EC105,Ndlambe,2024,0700,Trade Creditors,38652771.0
EC105,Ndlambe,2024,0800,Auditor General,0.0
EC105,Ndlambe,2024,0900,Other,0.0
EC105,Ndlambe,2024,1000,Total,37315534.0
EC106,Sundays River Valley,2024,0100,Bulk Electricity,12618650.0
EC106,Sundays River Valley,2024,0200,Bulk Water,0.0
EC106,Sundays River Valley,2024,0300,PAYE deductions,0.0
EC106,Sundays River Valley,2024,0400,VAT (output less input),0.0
EC106,Sundays River Valley,2024,0500,Pensions / Retirement deductions,0.0
EC106,Sundays River Valley,2024,0600,Loan repayments,0.0
EC106,Sundays River Valley,2024,0700,Trade Creditors,71116537.0
EC106,Sundays River Valley,2024,0800,Auditor General,4581685.0
EC106,Sundays River Valley,2024,0900,Other,0.0
EC106,Sundays River Valley,2024,1000,Total,88316872.0
EC108,Kouga,2024,0100,Bulk Electricity,478978.0
EC108,Kouga,2024,0200,Bulk Water,-1087623.0
EC108,Kouga,2024,0300,PAYE deductions,0.0
EC108,Kouga,2024,0400,VAT (output less input),3675099.0
EC108,Kouga,2024,0500,Pensions / Retirement deductions,0.0
EC108,Kouga,2024,0600,Loan repayments,0.0
EC108,Kouga,2024,0700,Trade Creditors,7566209.0
EC108,Kouga,2024,0800,Auditor General,0.0
EC108,Kouga,2024,0900,Other,2798968.0
EC108,Kouga,2024,1000,Total,13431631.0
EC121,Mbhashe,2024,0100,Bulk Electricity,0.0
EC121,Mbhashe,2024,0200,Bulk Water,0.0
EC121,Mbhashe,2024,0300,PAYE deductions,0.0
EC121,Mbhashe,2024,0400,VAT (output less input),0.0
EC121,Mbhashe,2024,0500,Pensions / Retirement deductions,0.0
EC121,Mbhashe,2024,0600,Loan repayments,0.0
EC121,Mbhashe,2024,0700,Trade Creditors,1936310.0
EC121,Mbhashe,2024,0800,Auditor General,0.0
EC121,Mbhashe,2024,0900,Other,5465996.0
EC121,Mbhashe,2024,1000,Total,7402306.0
EC122,Mnquma,2024,0100,Bulk Electricity,0.0
EC122,Mnquma,2024,0200,Bulk Water,0.0
EC122,Mnquma,2024,0300,PAYE deductions,0.0
EC122,Mnquma,2024,0400,VAT (output less input),0.0
EC122,Mnquma,2024,0500,Pensions / Retirement deductions,0.0
EC122,Mnquma,2024,0600,Loan repayments,0.0
EC122,Mnquma,2024,0700,Trade Creditors,2482847.0
EC122,Mnquma,2024,0800,Auditor General,0.0
EC122,Mnquma,2024,0900,Other,8069798.0
EC122,Mnquma,2024,1000,Total,10552645.0
EC123,Great Kei,2024,0100,Bulk Electricity,1959137.0
EC123,Great Kei,2024,0200,Bulk Water,0.0
EC123,Great Kei,2024,0300,PAYE deductions,0.0
EC123,Great Kei,2024,0400,VAT (output less input),0.0
EC123,Great Kei,2024,0500,Pensions / Retirement deductions,0.0
EC123,Great Kei,2024,0600,Loan repayments,0.0
EC123,Great Kei,2024,0700,Trade Creditors,9281952.0
EC123,Great Kei,2024,0800,Auditor General,0.0
EC123,Great Kei,2024,0900,Other,9051293.0
EC123,Great Kei,2024,1000,Total,20292382.0
EC124,Amahlathi,2024,0100,Bulk Electricity,125227751.0
EC124,Amahlathi,2024,0200,Bulk Water,0.0
EC124,Amahlathi,2024,0300,PAYE deductions,0.0
EC124,Amahlathi,2024,0400,VAT (output less input),0.0
EC124,Amahlathi,2024,0500,Pensions / Retirement deductions,0.0
EC124,Amahlathi,2024,0600,Loan repayments,0.0
EC124,Amahlathi,2024,0700,Trade Creditors,17150790.0
EC124,Amahlathi,2024,0800,Auditor General,321907.0
EC124,Amahlathi,2024,0900,Other,32628199.0
EC124,Amahlathi,2024,1000,Total,175328647.0
EC126,Ngqushwa,2024,0100,Bulk Electricity,0.0
EC126,Ngqushwa,2024,0200,Bulk Water,0.0
EC126,Ngqushwa,2024,0300,PAYE deductions,0.0
EC126,Ngqushwa,2024,0400,VAT (output less input),0.0
EC126,Ngqushwa,2024,0500,Pensions / Retirement deductions,0.0
EC126,Ngqushwa,2024,0600,Loan repayments,0.0
EC126,Ngqushwa,2024,0700,Trade Creditors,2708827.0
EC126,Ngqushwa,2024,0800,Auditor General,85585.0
EC126,Ngqushwa,2024,0900,Other,5529006.0
EC126,Ngqushwa,2024,1000,Total,8323418.0
EC129,Raymond Mhlaba,2024,0100,Bulk Electricity,0.0
EC129,Raymond Mhlaba,2024,0200,Bulk Water,0.0
EC129,Raymond Mhlaba,2024,0300,PAYE deductions,0.0
EC129,Raymond Mhlaba,2024,0400,VAT (output less input),0.0
EC129,Raymond Mhlaba,2024,0500,Pensions / Retirement deductions,0.0
EC129,Raymond Mhlaba,2024,0600,Loan repayments,0.0
EC129,Raymond Mhlaba,2024,0700,Trade Creditors,4397764.0
EC129,Raymond Mhlaba,2024,0800,Auditor General,0.0
EC129,Raymond Mhlaba,2024,0900,Other,396742250.0
EC129,Raymond Mhlaba,2024,1000,Total,401140014.0
EC131,Inxuba Yethemba,2024,0100,Bulk Electricity,663221731.0
EC131,Inxuba Yethemba,2024,0200,Bulk Water,0.0
EC131,Inxuba Yethemba,2024,0300,PAYE deductions,0.0
EC131,Inxuba Yethemba,2024,0400,VAT (output less input),0.0
EC131,Inxuba Yethemba,2024,0500,Pensions / Retirement deductions,0.0
EC131,Inxuba Yethemba,2024,0600,Loan repayments,0.0
EC131,Inxuba Yethemba,2024,0700,Trade Creditors,23067714.0
EC131,Inxuba Yethemba,2024,0800,Auditor General,11184451.0
EC131,Inxuba Yethemba,2024,0900,Other,0.0
EC131,Inxuba Yethemba,2024,1000,Total,697473896.0
EC135,Vuyisile Mini,2024,0100,Bulk Electricity,0.0
EC135,Vuyisile Mini,2024,0200,Bulk Water,0.0
EC135,Vuyisile Mini,2024,0300,PAYE deductions,0.0
EC135,Vuyisile Mini,2024,0400,VAT (output less input),0.0
EC135,Vuyisile Mini,2024,0500,Pensions / Retirement deductions,0.0
EC135,Vuyisile Mini,2024,0600,Loan repayments,0.0
EC135,Vuyisile Mini,2024,0700,Trade Creditors,-1171335.0
EC135,Vuyisile Mini,2024,0800,Auditor General,0.0
EC135,Vuyisile Mini,2024,0900,Other,-85400.0
EC135,Vuyisile Mini,2024,1000,Total,-1256735.0
EC136,Emalahleni (EC),2024,0100,Bulk Electricity,127245.0
EC136,Emalahleni (EC),2024,0200,Bulk Water,0.0
EC136,Emalahleni (EC),2024,0300,PAYE deductions,0.0
EC136,Emalahleni (EC),2024,0400,VAT (output less input),0.0
EC136,Emalahleni (EC),2024,0500,Pensions / Retirement deductions,0.0
EC136,Emalahleni (EC),2024,0600,Loan repayments,0.0
EC136,Emalahleni (EC),2024,0700,Trade Creditors,3966347.0
EC136,Emalahleni (EC),2024,0800,Auditor General,0.0
EC136,Emalahleni (EC),2024,0900,Other,32050.0
EC136,Emalahleni (EC),2024,1000,Total,4125642.0
EC137,Dr. A.B. Xuma,2024,0100,Bulk Electricity,0.0
EC137,Dr. A.B. Xuma,2024,0200,Bulk Water,0.0
EC137,Dr. A.B. Xuma,2024,0300,PAYE deductions,0.0
EC137,Dr. A.B. Xuma,2024,0400,VAT (output less input),0.0
EC137,Dr. A.B. Xuma,2024,0500,Pensions / Retirement deductions,0.0
EC137,Dr. A.B. Xuma,2024,0600,Loan repayments,0.0
EC137,Dr. A.B. Xuma,2024,0700,Trade Creditors,15229238.0
EC137,Dr. A.B. Xuma,2024,0800,Auditor General,386064.0
EC137,Dr. A.B. Xuma,2024,0900,Other,0.0
EC137,Dr. A.B. Xuma,2024,1000,Total,15615302.0
EC138,Sakhisizwe,2024,0100,Bulk Electricity,0.0
EC138,Sakhisizwe,2024,0200,Bulk Water,0.0
EC138,Sakhisizwe,2024,0300,PAYE deductions,0.0
EC138,Sakhisizwe,2024,0400,VAT (output less input),0.0
EC138,Sakhisizwe,2024,0500,Pensions / Retirement deductions,0.0
EC138,Sakhisizwe,2024,0600,Loan repayments,0.0
EC138,Sakhisizwe,2024,0700,Trade Creditors,2607110.0
EC138,Sakhisizwe,2024,0800,Auditor General,0.0
EC138,Sakhisizwe,2024,0900,Other,42260.0
EC138,Sakhisizwe,2024,1000,Total,2649370.0
EC139,Enoch Mgijima,2024,0100,Bulk Electricity,1313017768.0
EC139,Enoch Mgijima,2024,0200,Bulk Water,0.0
EC139,Enoch Mgijima,2024,0300,PAYE deductions,0.0
EC139,Enoch Mgijima,2024,0400,VAT (output less input),0.0
EC139,Enoch Mgijima,2024,0500,Pensions / Retirement deductions,0.0
EC139,Enoch Mgijima,2024,0600,Loan repayments,0.0
EC139,Enoch Mgijima,2024,0700,Trade Creditors,26018487.0
EC139,Enoch Mgijima,2024,0800,Auditor General,130099.0
EC139,Enoch Mgijima,2024,0900,Other,0.0
EC139,Enoch Mgijima,2024,1000,Total,1339166354.0
EC141,Elundini,2024,0100,Bulk Electricity,0.0
EC141,Elundini,2024,0200,Bulk Water,0.0
EC141,Elundini,2024,0300,PAYE deductions,0.0
EC141,Elundini,2024,0400,VAT (output less input),0.0
EC141,Elundini,2024,0500,Pensions / Retirement deductions,0.0
EC141,Elundini,2024,0600,Loan repayments,0.0
EC141,Elundini,2024,0700,Trade Creditors,23371178.0
EC141,Elundini,2024,0800,Auditor General,0.0
EC141,Elundini,2024,0900,Other,0.0
EC141,Elundini,2024,1000,Total,23371178.0
EC145,Walter Sisulu,2024,0100,Bulk Electricity,674926312.0
EC145,Walter Sisulu,2024,0200,Bulk Water,0.0
EC145,Walter Sisulu,2024,0300,PAYE deductions,0.0
EC145,Walter Sisulu,2024,0400,VAT (output less input),0.0
EC145,Walter Sisulu,2024,0500,Pensions / Retirement deductions,0.0
EC145,Walter Sisulu,2024,0600,Loan repayments,0.0
EC145,Walter Sisulu,2024,0700,Trade Creditors,1040767.0
EC145,Walter Sisulu,2024,0800,Auditor General,1403445.0
EC145,Walter Sisulu,2024,0900,Other,19862643.0
EC145,Walter Sisulu,2024,1000,Total,697233167.0
EC153,Ngquza Hills,2024,0100,Bulk Electricity,0.0
EC153,Ngquza Hills,2024,0200,Bulk Water,0.0
EC153,Ngquza Hills,2024,0300,PAYE deductions,0.0
EC153,Ngquza Hills,2024,0400,VAT (output less input),0.0
EC153,Ngquza Hills,2024,0500,Pensions / Retirement deductions,0.0
EC153,Ngquza Hills,2024,0600,Loan repayments,0.0
EC153,Ngquza Hills,2024,0700,Trade Creditors,0.0
EC153,Ngquza Hills,2024,0800,Auditor General,0.0
EC153,Ngquza Hills,2024,0900,Other,0.0
EC153,Ngquza Hills,2024,1000,Total,0.0
EC154,Port St Johns,2024,0100,Bulk Electricity,0.0
EC154,Port St Johns,2024,0200,Bulk Water,0.0
EC154,Port St Johns,2024,0300,PAYE deductions,0.0
EC154,Port St Johns,2024,0400,VAT (output less input),0.0
EC154,Port St Johns,2024,0500,Pensions / Retirement deductions,0.0
EC154,Port St Johns,2024,0600,Loan repayments,0.0
EC154,Port St Johns,2024,0700,Trade Creditors,10295321.0
EC154,Port St Johns,2024,0800,Auditor General,21393.0
EC154,Port St Johns,2024,0900,Other,0.0
EC154,Port St Johns,2024,1000,Total,10316714.0
EC155,Nyandeni,2024,0100,Bulk Electricity,0.0
EC155,Nyandeni,2024,0200,Bulk Water,0.0
EC155,Nyandeni,2024,0300,PAYE deductions,0.0
EC155,Nyandeni,2024,0400,VAT (output less input),0.0
EC155,Nyandeni,2024,0500,Pensions / Retirement deductions,0.0
EC155,Nyandeni,2024,0600,Loan repayments,0.0
EC155,Nyandeni,2024,0700,Trade Creditors,4890202.0
EC155,Nyandeni,2024,0800,Auditor General,0.0
EC155,Nyandeni,2024,0900,Other,0.0
EC155,Nyandeni,2024,1000,Total,4890202.0
EC156,Kumkani Mhlontlo,2024,0100,Bulk Electricity,-410118.0
EC156,Kumkani Mhlontlo,2024,0200,Bulk Water,0.0
EC156,Kumkani Mhlontlo,2024,0300,PAYE deductions,0.0
EC156,Kumkani Mhlontlo,2024,0400,VAT (output less input),0.0
EC156,Kumkani Mhlontlo,2024,0500,Pensions / Retirement deductions,0.0
EC156,Kumkani Mhlontlo,2024,0600,Loan repayments,0.0
EC156,Kumkani Mhlontlo,2024,0700,Trade Creditors,6871568.0
EC156,Kumkani Mhlontlo,2024,0800,Auditor General,-321612.0
EC156,Kumkani Mhlontlo,2024,0900,Other,0.0
EC156,Kumkani Mhlontlo,2024,1000,Total,6139838.0
EC157,King Sabata Dalindyebo,2024,0100,Bulk Electricity,0.0
EC157,King Sabata Dalindyebo,2024,0200,Bulk Water,0.0
EC157,King Sabata Dalindyebo,2024,0300,PAYE deductions,0.0
EC157,King Sabata Dalindyebo,2024,0400,VAT (output less input),0.0
EC157,King Sabata Dalindyebo,2024,0500,Pensions / Retirement deductions,0.0
EC157,King Sabata Dalindyebo,2024,0600,Loan repayments,0.0
EC157,King Sabata Dalindyebo,2024,0700,Trade Creditors,348159759.0
EC157,King Sabata Dalindyebo,2024,0800,Auditor General,1452809.0
EC157,King Sabata Dalindyebo,2024,0900,Other,3490462.0
EC157,King Sabata Dalindyebo,2024,1000,Total,353103030.0
EC441,Matatiele,2024,0100,Bulk Electricity,0.0
EC441,Matatiele,2024,0200,Bulk Water,0.0
EC441,Matatiele,2024,0300,PAYE deductions,0.0
EC441,Matatiele,2024,0400,VAT (output less input),0.0
EC441,Matatiele,2024,0500,Pensions / Retirement deductions,0.0
EC441,Matatiele,2024,0600,Loan repayments,0.0
EC441,Matatiele,2024,0700,Trade Creditors,4000.0
EC441,Matatiele,2024,0800,Auditor General,0.0
EC441,Matatiele,2024,0900,Other,0.0
EC441,Matatiele,2024,1000,Total,4000.0
EC442,Umzimvubu,2024,0100,Bulk Electricity,0.0
EC442,Umzimvubu,2024,0200,Bulk Water,0.0
EC442,Umzimvubu,2024,0300,PAYE deductions,0.0
EC442,Umzimvubu,2024,0400,VAT (output less input),28627361.0
EC442,Umzimvubu,2024,0500,Pensions / Retirement deductions,0.0
EC442,Umzimvubu,2024,0600,Loan repayments,0.0
EC442,Umzimvubu,2024,0700,Trade Creditors,6915530.0
EC442,Umzimvubu,2024,0800,Auditor General,0.0
EC442,Umzimvubu,2024,0900,Other,0.0
EC442,Umzimvubu,2024,1000,Total,35542891.0
EC443,Winnie Madikizela-Mandela,2024,0100,Bulk Electricity,0.0
EC443,Winnie Madikizela-Mandela,2024,0200,Bulk Water,0.0
EC443,Winnie Madikizela-Mandela,2024,0300,PAYE deductions,0.0
EC443,Winnie Madikizela-Mandela,2024,0400,VAT (output less input),0.0
EC443,Winnie Madikizela-Mandela,2024,0500,Pensions / Retirement deductions,0.0
EC443,Winnie Madikizela-Mandela,2024,0600,Loan repayments,0.0
EC443,Winnie Madikizela-Mandela,2024,0700,Trade Creditors,36133282.0
EC443,Winnie Madikizela-Mandela,2024,0800,Auditor General,30000.0
EC443,Winnie Madikizela-Mandela,2024,0900,Other,0.0
EC443,Winnie Madikizela-Mandela,2024,1000,Total,36163282.0
EC444,Ntabankulu,2024,0100,Bulk Electricity,0.0
EC444,Ntabankulu,2024,0200,Bulk Water,0.0
EC444,Ntabankulu,2024,0300,PAYE deductions,0.0
EC444,Ntabankulu,2024,0400,VAT (output less input),0.0
EC444,Ntabankulu,2024,0500,Pensions / Retirement deductions,0.0
EC444,Ntabankulu,2024,0600,Loan repayments,0.0
EC444,Ntabankulu,2024,0700,Trade Creditors,131657.0
EC444,Ntabankulu,2024,0800,Auditor General,0.0
EC444,Ntabankulu,2024,0900,Other,258499.0
EC444,Ntabankulu,2024,1000,Total,390156.0
EKU,City of Ekurhuleni,2024,0100,Bulk Electricity,2440033254.0
EKU,City of Ekurhuleni,2024,0200,Bulk Water,471062592.0
EKU,City of Ekurhuleni,2024,0300,PAYE deductions,0.0
EKU,City of Ekurhuleni,2024,0400,VAT (output less input),0.0
EKU,City of Ekurhuleni,2024,0500,Pensions / Retirement deductions,0.0
EKU,City of Ekurhuleni,2024,0600,Loan repayments,0.0
EKU,City of Ekurhuleni,2024,0700,Trade Creditors,0.0
EKU,City of Ekurhuleni,2024,0800,Auditor General,0.0
EKU,City of Ekurhuleni,2024,0900,Other,0.0
EKU,City of Ekurhuleni,2024,1000,Total,2911095846.0
ETH,eThekwini,2024,0100,Bulk Electricity,2087521245.0
ETH,eThekwini,2024,0200,Bulk Water,420892083.0
ETH,eThekwini,2024,0300,PAYE deductions,190765000.0
ETH,eThekwini,2024,0400,VAT (output less input),1251387000.0
ETH,eThekwini,2024,0500,Pensions / Retirement deductions,13290958.0
ETH,eThekwini,2024,0600,Loan repayments,0.0
ETH,eThekwini,2024,0700,Trade Creditors,2528885538.0
ETH,eThekwini,2024,0800,Auditor General,3006000.0
ETH,eThekwini,2024,0900,Other,0.0
ETH,eThekwini,2024,1000,Total,6495747824.0
FS161,Letsemeng,2024,0100,Bulk Electricity,213864906.0
FS161,Letsemeng,2024,0200,Bulk Water,0.0
FS161,Letsemeng,2024,0300,PAYE deductions,0.0
FS161,Letsemeng,2024,0400,VAT (output less input),0.0
FS161,Letsemeng,2024,0500,Pensions / Retirement deductions,0.0
FS161,Letsemeng,2024,0600,Loan repayments,0.0
FS161,Letsemeng,2024,0700,Trade Creditors,40510788.0
FS161,Letsemeng,2024,0800,Auditor General,6318742.0
FS161,Letsemeng,2024,0900,Other,9054569.0
FS161,Letsemeng,2024,1000,Total,269749005.0
FS163,Mohokare,2024,0100,Bulk Electricity,0.0
FS163,Mohokare,2024,0200,Bulk Water,0.0
FS163,Mohokare,2024,0300,PAYE deductions,0.0
FS163,Mohokare,2024,0400,VAT (output less input),0.0
FS163,Mohokare,2024,0500,Pensions / Retirement deductions,0.0
FS163,Mohokare,2024,0600,Loan repayments,0.0
FS163,Mohokare,2024,0700,Trade Creditors,0.0
FS163,Mohokare,2024,0800,Auditor General,0.0
FS163,Mohokare,2024,0900,Other,0.0
FS163,Mohokare,2024,1000,Total,0.0
FS183,Tswelopele,2024,0100,Bulk Electricity,89889883.0
FS183,Tswelopele,2024,0200,Bulk Water,10161784.0
FS183,Tswelopele,2024,0300,PAYE deductions,0.0
FS183,Tswelopele,2024,0400,VAT (output less input),0.0
FS183,Tswelopele,2024,0500,Pensions / Retirement deductions,0.0
FS183,Tswelopele,2024,0600,Loan repayments,0.0
FS183,Tswelopele,2024,0700,Trade Creditors,75945245.0
FS183,Tswelopele,2024,0800,Auditor General,0.0
FS183,Tswelopele,2024,0900,Other,0.0
FS183,Tswelopele,2024,1000,Total,175996912.0
FS184,Matjhabeng,2024,0100,Bulk Electricity,6161839566.0
FS184,Matjhabeng,2024,0200,Bulk Water,704140168.0
FS184,Matjhabeng,2024,0300,PAYE deductions,14315365.0
FS184,Matjhabeng,2024,0400,VAT (output less input),0.0
FS184,Matjhabeng,2024,0500,Pensions / Retirement deductions,156840101.0
FS184,Matjhabeng,2024,0600,Loan repayments,0.0
FS184,Matjhabeng,2024,0700,Trade Creditors,382094045.0
FS184,Matjhabeng,2024,0800,Auditor General,3178356.0
FS184,Matjhabeng,2024,0900,Other,579603310.0
FS184,Matjhabeng,2024,1000,Total,8002010911.0
FS192,Dihlabeng,2024,0100,Bulk Electricity,1101533536.0
FS192,Dihlabeng,2024,0200,Bulk Water,0.0
FS192,Dihlabeng,2024,0300,PAYE deductions,0.0
FS192,Dihlabeng,2024,0400,VAT (output less input),0.0
FS192,Dihlabeng,2024,0500,Pensions / Retirement deductions,0.0
FS192,Dihlabeng,2024,0600,Loan repayments,0.0
FS192,Dihlabeng,2024,0700,Trade Creditors,522907.0
FS192,Dihlabeng,2024,0800,Auditor General,0.0
FS192,Dihlabeng,2024,0900,Other,202034282.0
FS192,Dihlabeng,2024,1000,Total,1304090725.0
FS193,Nketoana,2024,0100,Bulk Electricity,0.0
FS193,Nketoana,2024,0200,Bulk Water,0.0
FS193,Nketoana,2024,0300,PAYE deductions,0.0
FS193,Nketoana,2024,0400,VAT (output less input),0.0
FS193,Nketoana,2024,0500,Pensions / Retirement deductions,0.0
FS193,Nketoana,2024,0600,Loan repayments,0.0
FS193,Nketoana,2024,0700,Trade Creditors,0.0
FS193,Nketoana,2024,0800,Auditor General,0.0
FS193,Nketoana,2024,0900,Other,0.0
FS193,Nketoana,2024,1000,Total,0.0
FS195,Phumelela,2024,0100,Bulk Electricity,266796624.0
FS195,Phumelela,2024,0200,Bulk Water,115168048.0
FS195,Phumelela,2024,0300,PAYE deductions,0.0
FS195,Phumelela,2024,0400,VAT (output less input),0.0
FS195,Phumelela,2024,0500,Pensions / Retirement deductions,0.0
FS195,Phumelela,2024,0600,Loan repayments,0.0
FS195,Phumelela,2024,0700,Trade Creditors,5578118.0
FS195,Phumelela,2024,0800,Auditor General,21298733.0
FS195,Phumelela,2024,0900,Other,20924264.0
FS195,Phumelela,2024,1000,Total,429765787.0
FS201,Moqhaka,2024,0100,Bulk Electricity,1372259358.0
FS201,Moqhaka,2024,0200,Bulk Water,0.0
FS201,Moqhaka,2024,0300,PAYE deductions,0.0
FS201,Moqhaka,2024,0400,VAT (output less input),0.0
FS201,Moqhaka,2024,0500,Pensions / Retirement deductions,0.0
FS201,Moqhaka,2024,0600,Loan repayments,6087421.0
FS201,Moqhaka,2024,0700,Trade Creditors,0.0
FS201,Moqhaka,2024,0800,Auditor General,4354922.0
FS201,Moqhaka,2024,0900,Other,13968140.0
FS201,Moqhaka,2024,1000,Total,1396669841.0
FS203,Ngwathe,2024,0100,Bulk Electricity,2145416251.0
FS203,Ngwathe,2024,0200,Bulk Water,206379002.0
FS203,Ngwathe,2024,0300,PAYE deductions,25645192.0
FS203,Ngwathe,2024,0400,VAT (output less input),0.0
FS203,Ngwathe,2024,0500,Pensions / Retirement deductions,3160458.0
FS203,Ngwathe,2024,0600,Loan repayments,0.0
FS203,Ngwathe,2024,0700,Trade Creditors,209454308.0
FS203,Ngwathe,2024,0800,Auditor General,7060286.0
FS203,Ngwathe,2024,0900,Other,0.0
FS203,Ngwathe,2024,1000,Total,2597115497.0
FS204,Metsimaholo,2024,0100,Bulk Electricity,0.0
FS204,Metsimaholo,2024,0200,Bulk Water,47349993.0
FS204,Metsimaholo,2024,0300,PAYE deductions,0.0
FS204,Metsimaholo,2024,0400,VAT (output less input),0.0
FS204,Metsimaholo,2024,0500,Pensions / Retirement deductions,0.0
FS204,Metsimaholo,2024,0600,Loan repayments,0.0
FS204,Metsimaholo,2024,0700,Trade Creditors,10573825.0
FS204,Metsimaholo,2024,0800,Auditor General,0.0
FS204,Metsimaholo,2024,0900,Other,7171663.0
FS204,Metsimaholo,2024,1000,Total,65095481.0
GT421,Emfuleni,2024,0100,Bulk Electricity,7960974743.0
GT421,Emfuleni,2024,0200,Bulk Water,1248722957.0
GT421,Emfuleni,2024,0300,PAYE deductions,0.0
GT421,Emfuleni,2024,0400,VAT (output less input),0.0
GT421,Emfuleni,2024,0500,Pensions / Retirement deductions,0.0
GT421,Emfuleni,2024,0600,Loan repayments,0.0
GT421,Emfuleni,2024,0700,Trade Creditors,643117790.0
GT421,Emfuleni,2024,0800,Auditor General,850277.0
GT421,Emfuleni,2024,0900,Other,0.0
GT421,Emfuleni,2024,1000,Total,9853665767.0
GT422,Midvaal,2024,0100,Bulk Electricity,53549267.0
GT422,Midvaal,2024,0200,Bulk Water,17056896.0
GT422,Midvaal,2024,0300,PAYE deductions,0.0
GT422,Midvaal,2024,0400,VAT (output less input),0.0
GT422,Midvaal,2024,0500,Pensions / Retirement deductions,0.0
GT422,Midvaal,2024,0600,Loan repayments,0.0
GT422,Midvaal,2024,0700,Trade Creditors,76988909.0
GT422,Midvaal,2024,0800,Auditor General,0.0
GT422,Midvaal,2024,0900,Other,0.0
GT422,Midvaal,2024,1000,Total,147595072.0
GT423,Lesedi,2024,0100,Bulk Electricity,192560420.0
GT423,Lesedi,2024,0200,Bulk Water,1274435.0
GT423,Lesedi,2024,0300,PAYE deductions,0.0
GT423,Lesedi,2024,0400,VAT (output less input),0.0
GT423,Lesedi,2024,0500,Pensions / Retirement deductions,0.0
GT423,Lesedi,2024,0600,Loan repayments,0.0
GT423,Lesedi,2024,0700,Trade Creditors,164148837.0
GT423,Lesedi,2024,0800,Auditor General,0.0
GT423,Lesedi,2024,0900,Other,0.0
GT423,Lesedi,2024,1000,Total,357983692.0
GT481,Mogale City,2024,0100,Bulk Electricity,164906074.0
GT481,Mogale City,2024,0200,Bulk Water,-26250897.0
GT481,Mogale City,2024,0300,PAYE deductions,0.0
GT481,Mogale City,2024,0400,VAT (output less input),0.0
GT481,Mogale City,2024,0500,Pensions / Retirement deductions,0.0
GT481,Mogale City,2024,0600,Loan repayments,0.0
GT481,Mogale City,2024,0700,Trade Creditors,459071083.0
GT481,Mogale City,2024,0800,Auditor General,-158552.0
GT481,Mogale City,2024,0900,Other,0.0
GT481,Mogale City,2024,1000,Total,597567708.0
GT484,Merafong City,2024,0100,Bulk Electricity,902693084.0
GT484,Merafong City,2024,0200,Bulk Water,495991066.0
GT484,Merafong City,2024,0300,PAYE deductions,0.0
GT484,Merafong City,2024,0400,VAT (output less input),0.0
GT484,Merafong City,2024,0500,Pensions / Retirement deductions,0.0
GT484,Merafong City,2024,0600,Loan repayments,0.0
GT484,Merafong City,2024,0700,Trade Creditors,613941663.0
GT484,Merafong City,2024,0800,Auditor General,84527.0
GT484,Merafong City,2024,0900,Other,3666693.0
GT484,Merafong City,2024,1000,Total,2016377033.0
GT485,Rand West City,2024,0100,Bulk Electricity,1042357253.0
GT485,Rand West City,2024,0200,Bulk Water,297985001.0
GT485,Rand West City,2024,0300,PAYE deductions,0.0
GT485,Rand West City,2024,0400,VAT (output less input),0.0
GT485,Rand West City,2024,0500,Pensions / Retirement deductions,0.0
GT485,Rand West City,2024,0600,Loan repayments,0.0
GT485,Rand West City,2024,0700,Trade Creditors,647939582.0
GT485,Rand West City,2024,0800,Auditor General,577523.0
GT485,Rand West City,2024,0900,Other,0.0
GT485,Rand West City,2024,1000,Total,1988859359.0
KZN212,Umdoni,2024,0100,Bulk Electricity,0.0
KZN212,Umdoni,2024,0200,Bulk Water,0.0
KZN212,Umdoni,2024,0300,PAYE deductions,0.0
KZN212,Umdoni,2024,0400,VAT (output less input),955697.0
KZN212,Umdoni,2024,0500,Pensions / Retirement deductions,0.0
KZN212,Umdoni,2024,0600,Loan repayments,0.0
KZN212,Umdoni,2024,0700,Trade Creditors,0.0
KZN212,Umdoni,2024,0800,Auditor General,0.0
KZN212,Umdoni,2024,0900,Other,0.0
KZN212,Umdoni,2024,1000,Total,955697.0
KZN213,Umzumbe,2024,0100,Bulk Electricity,0.0
KZN213,Umzumbe,2024,0200,Bulk Water,0.0
KZN213,Umzumbe,2024,0300,PAYE deductions,0.0
KZN213,Umzumbe,2024,0400,VAT (output less input),0.0
KZN213,Umzumbe,2024,0500,Pensions / Retirement deductions,0.0
KZN213,Umzumbe,2024,0600,Loan repayments,0.0
KZN213,Umzumbe,2024,0700,Trade Creditors,2459202.0
KZN213,Umzumbe,2024,0800,Auditor General,0.0
KZN213,Umzumbe,2024,0900,Other,6689771.0
KZN213,Umzumbe,2024,1000,Total,9148973.0
KZN216,Ray Nkonyeni,2024,0100,Bulk Electricity,0.0
KZN216,Ray Nkonyeni,2024,0200,Bulk Water,0.0
KZN216,Ray Nkonyeni,2024,0300,PAYE deductions,0.0
KZN216,Ray Nkonyeni,2024,0400,VAT (output less input),0.0
KZN216,Ray Nkonyeni,2024,0500,Pensions / Retirement deductions,0.0
KZN216,Ray Nkonyeni,2024,0600,Loan repayments,0.0
KZN216,Ray Nkonyeni,2024,0700,Trade Creditors,-946539.0
KZN216,Ray Nkonyeni,2024,0800,Auditor General,0.0
KZN216,Ray Nkonyeni,2024,0900,Other,0.0
KZN216,Ray Nkonyeni,2024,1000,Total,-946539.0
KZN221,uMshwathi,2024,0100,Bulk Electricity,0.0
KZN221,uMshwathi,2024,0200,Bulk Water,0.0
KZN221,uMshwathi,2024,0300,PAYE deductions,0.0
KZN221,uMshwathi,2024,0400,VAT (output less input),0.0
KZN221,uMshwathi,2024,0500,Pensions / Retirement deductions,0.0
KZN221,uMshwathi,2024,0600,Loan repayments,0.0
KZN221,uMshwathi,2024,0700,Trade Creditors,1631541.0
KZN221,uMshwathi,2024,0800,Auditor General,0.0
KZN221,uMshwathi,2024,0900,Other,5838370.0
KZN221,uMshwathi,2024,1000,Total,7469911.0
KZN222,uMngeni,2024,0100,Bulk Electricity,0.0
KZN222,uMngeni,2024,0200,Bulk Water,0.0
KZN222,uMngeni,2024,0300,PAYE deductions,0.0
KZN222,uMngeni,2024,0400,VAT (output less input),0.0
KZN222,uMngeni,2024,0500,Pensions / Retirement deductions,0.0
KZN222,uMngeni,2024,0600,Loan repayments,0.0
KZN222,uMngeni,2024,0700,Trade Creditors,0.0
KZN222,uMngeni,2024,0800,Auditor General,0.0
KZN222,uMngeni,2024,0900,Other,3509.0
KZN222,uMngeni,2024,1000,Total,3509.0
KZN223,Mpofana,2024,0100,Bulk Electricity,0.0
KZN223,Mpofana,2024,0200,Bulk Water,0.0
KZN223,Mpofana,2024,0300,PAYE deductions,0.0
KZN223,Mpofana,2024,0400,VAT (output less input),0.0
KZN223,Mpofana,2024,0500,Pensions / Retirement deductions,0.0
KZN223,Mpofana,2024,0600,Loan repayments,0.0
KZN223,Mpofana,2024,0700,Trade Creditors,540747011.0
KZN223,Mpofana,2024,0800,Auditor General,0.0
KZN223,Mpofana,2024,0900,Other,474025.0
KZN223,Mpofana,2024,1000,Total,541221036.0
KZN224,Impendle,2024,0100,Bulk Electricity,0.0
KZN224,Impendle,2024,0200,Bulk Water,0.0
KZN224,Impendle,2024,0300,PAYE deductions,0.0
KZN224,Impendle,2024,0400,VAT (output less input),0.0
KZN224,Impendle,2024,0500,Pensions / Retirement deductions,0.0
KZN224,Impendle,2024,0600,Loan repayments,0.0
KZN224,Impendle,2024,0700,Trade Creditors,0.0
KZN224,Impendle,2024,0800,Auditor General,0.0
KZN224,Impendle,2024,0900,Other,0.0
KZN224,Impendle,2024,1000,Total,0.0
KZN225,Msunduzi,2024,0100,Bulk Electricity,1106112711.0
KZN225,Msunduzi,2024,0200,Bulk Water,210000000.0
KZN225,Msunduzi,2024,0300,PAYE deductions,1.0
KZN225,Msunduzi,2024,0400,VAT (output less input),0.0
KZN225,Msunduzi,2024,0500,Pensions / Retirement deductions,0.0
KZN225,Msunduzi,2024,0600,Loan repayments,0.0
KZN225,Msunduzi,2024,0700,Trade Creditors,396281998.0
KZN225,Msunduzi,2024,0800,Auditor General,738844.0
KZN225,Msunduzi,2024,0900,Other,0.0
KZN225,Msunduzi,2024,1000,Total,1713133554.0
KZN226,Mkhambathini,2024,0100,Bulk Electricity,0.0
KZN226,Mkhambathini,2024,0200,Bulk Water,0.0
KZN226,Mkhambathini,2024,0300,PAYE deductions,0.0
KZN226,Mkhambathini,2024,0400,VAT (output less input),0.0
KZN226,Mkhambathini,2024,0500,Pensions / Retirement deductions,0.0
KZN226,Mkhambathini,2024,0600,Loan repayments,0.0
KZN226,Mkhambathini,2024,0700,Trade Creditors,307937.0
KZN226,Mkhambathini,2024,0800,Auditor General,0.0
KZN226,Mkhambathini,2024,0900,Other,111157.0
KZN226,Mkhambathini,2024,1000,Total,419094.0
KZN227,Richmond,2024,0100,Bulk Electricity,0.0
KZN227,Richmond,2024,0200,Bulk Water,0.0
KZN227,Richmond,2024,0300,PAYE deductions,0.0
KZN227,Richmond,2024,0400,VAT (output less input),0.0
KZN227,Richmond,2024,0500,Pensions / Retirement deductions,0.0
KZN227,Richmond,2024,0600,Loan repayments,0.0
KZN227,Richmond,2024,0700,Trade Creditors,0.0
KZN227,Richmond,2024,0800,Auditor General,0.0
KZN227,Richmond,2024,0900,Other,0.0
KZN227,Richmond,2024,1000,Total,0.0
KZN235,Okhahlamba,2024,0100,Bulk Electricity,0.0
KZN235,Okhahlamba,2024,0200,Bulk Water,0.0
KZN235,Okhahlamba,2024,0300,PAYE deductions,0.0
KZN235,Okhahlamba,2024,0400,VAT (output less input),0.0
KZN235,Okhahlamba,2024,0500,Pensions / Retirement deductions,0.0
KZN235,Okhahlamba,2024,0600,Loan repayments,0.0
KZN235,Okhahlamba,2024,0700,Trade Creditors,2880937.0
KZN235,Okhahlamba,2024,0800,Auditor General,0.0
KZN235,Okhahlamba,2024,0900,Other,91851.0
KZN235,Okhahlamba,2024,1000,Total,2972788.0
KZN237,Inkosi Langalibalele,2024,0100,Bulk Electricity,34514081.0
KZN237,Inkosi Langalibalele,2024,0200,Bulk Water,0.0
KZN237,Inkosi Langalibalele,2024,0300,PAYE deductions,0.0
KZN237,Inkosi Langalibalele,2024,0400,VAT (output less input),0.0
KZN237,Inkosi Langalibalele,2024,0500,Pensions / Retirement deductions,0.0
KZN237,Inkosi Langalibalele,2024,0600,Loan repayments,0.0
KZN237,Inkosi Langalibalele,2024,0700,Trade Creditors,780706.0
KZN237,Inkosi Langalibalele,2024,0800,Auditor General,0.0
KZN237,Inkosi Langalibalele,2024,0900,Other,0.0
KZN237,Inkosi Langalibalele,2024,1000,Total,35294787.0
KZN238,Alfred Duma,2024,0100,Bulk Electricity,0.0
KZN238,Alfred Duma,2024,0200,Bulk Water,0.0
KZN238,Alfred Duma,2024,0300,PAYE deductions,0.0
KZN238,Alfred Duma,2024,0400,VAT (output less input),0.0
KZN238,Alfred Duma,2024,0500,Pensions / Retirement deductions,0.0
KZN238,Alfred Duma,2024,0600,Loan repayments,0.0
KZN238,Alfred Duma,2024,0700,Trade Creditors,90756725.0
KZN238,Alfred Duma,2024,0800,Auditor General,0.0
KZN238,Alfred Duma,2024,0900,Other,0.0
KZN238,Alfred Duma,2024,1000,Total,90756725.0
KZN241,Endumeni,2024,0100,Bulk Electricity,137019208.0
KZN241,Endumeni,2024,0200,Bulk Water,0.0
KZN241,Endumeni,2024,0300,PAYE deductions,0.0
KZN241,Endumeni,2024,0400,VAT (output less input),0.0
KZN241,Endumeni,2024,0500,Pensions / Retirement deductions,0.0
KZN241,Endumeni,2024,0600,Loan repayments,0.0
KZN241,Endumeni,2024,0700,Trade Creditors,18128412.0
KZN241,Endumeni,2024,0800,Auditor General,0.0
KZN241,Endumeni,2024,0900,Other,0.0
KZN241,Endumeni,2024,1000,Total,155147620.0
KZN242,Nquthu,2024,0100,Bulk Electricity,0.0
KZN242,Nquthu,2024,0200,Bulk Water,7.0
KZN242,Nquthu,2024,0300,PAYE deductions,0.0
KZN242,Nquthu,2024,0400,VAT (output less input),0.0
KZN242,Nquthu,2024,0500,Pensions / Retirement deductions,0.0
KZN242,Nquthu,2024,0600,Loan repayments,0.0
KZN242,Nquthu,2024,0700,Trade Creditors,25031009.0
KZN242,Nquthu,2024,0800,Auditor General,8346.0
KZN242,Nquthu,2024,0900,Other,6371494.0
KZN242,Nquthu,2024,1000,Total,31410856.0
KZN244,Msinga,2024,0100,Bulk Electricity,0.0
KZN244,Msinga,2024,0200,Bulk Water,0.0
KZN244,Msinga,2024,0300,PAYE deductions,0.0
KZN244,Msinga,2024,0400,VAT (output less input),0.0
KZN244,Msinga,2024,0500,Pensions / Retirement deductions,0.0
KZN244,Msinga,2024,0600,Loan repayments,0.0
KZN244,Msinga,2024,0700,Trade Creditors,221395.0
KZN244,Msinga,2024,0800,Auditor General,0.0
KZN244,Msinga,2024,0900,Other,0.0
KZN244,Msinga,2024,1000,Total,221395.0
KZN245,Umvoti,2024,0100,Bulk Electricity,14239106.0
KZN245,Umvoti,2024,0200,Bulk Water,0.0
KZN245,Umvoti,2024,0300,PAYE deductions,0.0
KZN245,Umvoti,2024,0400,VAT (output less input),0.0
KZN245,Umvoti,2024,0500,Pensions / Retirement deductions,0.0
KZN245,Umvoti,2024,0600,Loan repayments,0.0
KZN245,Umvoti,2024,0700,Trade Creditors,3865291.0
KZN245,Umvoti,2024,0800,Auditor General,0.0
KZN245,Umvoti,2024,0900,Other,2168729.0
KZN245,Umvoti,2024,1000,Total,20273126.0
KZN252,Newcastle,2024,0100,Bulk Electricity,160390702.0
KZN252,Newcastle,2024,0200,Bulk Water,246033775.0
KZN252,Newcastle,2024,0300,PAYE deductions,0.0
KZN252,Newcastle,2024,0400,VAT (output less input),0.0
KZN252,Newcastle,2024,0500,Pensions / Retirement deductions,0.0
KZN252,Newcastle,2024,0600,Loan repayments,0.0
KZN252,Newcastle,2024,0700,Trade Creditors,44884351.0
KZN252,Newcastle,2024,0800,Auditor General,141054.0
KZN252,Newcastle,2024,0900,Other,28678338.0
KZN252,Newcastle,2024,1000,Total,480128220.0
KZN253,Emadlangeni,2024,0100,Bulk Electricity,2338169.0
KZN253,Emadlangeni,2024,0200,Bulk Water,0.0
KZN253,Emadlangeni,2024,0300,PAYE deductions,0.0
KZN253,Emadlangeni,2024,0400,VAT (output less input),0.0
KZN253,Emadlangeni,2024,0500,Pensions / Retirement deductions,0.0
KZN253,Emadlangeni,2024,0600,Loan repayments,0.0
KZN253,Emadlangeni,2024,0700,Trade Creditors,4712868.0
KZN253,Emadlangeni,2024,0800,Auditor General,0.0
KZN253,Emadlangeni,2024,0900,Other,555032.0
KZN253,Emadlangeni,2024,1000,Total,7606069.0
KZN254,Dannhauser,2024,0100,Bulk Electricity,0.0
KZN254,Dannhauser,2024,0200,Bulk Water,0.0
KZN254,Dannhauser,2024,0300,PAYE deductions,0.0
KZN254,Dannhauser,2024,0400,VAT (output less input),0.0
KZN254,Dannhauser,2024,0500,Pensions / Retirement deductions,0.0
KZN254,Dannhauser,2024,0600,Loan repayments,0.0
KZN254,Dannhauser,2024,0700,Trade Creditors,0.0
KZN254,Dannhauser,2024,0800,Auditor General,0.0
KZN254,Dannhauser,2024,0900,Other,0.0
KZN254,Dannhauser,2024,1000,Total,0.0
KZN261,eDumbe,2024,0100,Bulk Electricity,39140.0
KZN261,eDumbe,2024,0200,Bulk Water,82197.0
KZN261,eDumbe,2024,0300,PAYE deductions,0.0
KZN261,eDumbe,2024,0400,VAT (output less input),0.0
KZN261,eDumbe,2024,0500,Pensions / Retirement deductions,0.0
KZN261,eDumbe,2024,0600,Loan repayments,0.0
KZN261,eDumbe,2024,0700,Trade Creditors,4153381.0
KZN261,eDumbe,2024,0800,Auditor General,0.0
KZN261,eDumbe,2024,0900,Other,14028084.0
KZN261,eDumbe,2024,1000,Total,18302802.0
KZN263,Abaqulusi,2024,0100,Bulk Electricity,127573907.0
KZN263,Abaqulusi,2024,0200,Bulk Water,0.0
KZN263,Abaqulusi,2024,0300,PAYE deductions,0.0
KZN263,Abaqulusi,2024,0400,VAT (output less input),0.0
KZN263,Abaqulusi,2024,0500,Pensions / Retirement deductions,0.0
KZN263,Abaqulusi,2024,0600,Loan repayments,0.0
KZN263,Abaqulusi,2024,0700,Trade Creditors,21712271.0
KZN263,Abaqulusi,2024,0800,Auditor General,0.0
KZN263,Abaqulusi,2024,0900,Other,0.0
KZN263,Abaqulusi,2024,1000,Total,149286178.0
KZN265,Nongoma,2024,0100,Bulk Electricity,0.0
KZN265,Nongoma,2024,0200,Bulk Water,0.0
KZN265,Nongoma,2024,0300,PAYE deductions,0.0
KZN265,Nongoma,2024,0400,VAT (output less input),0.0
KZN265,Nongoma,2024,0500,Pensions / Retirement deductions,0.0
KZN265,Nongoma,2024,0600,Loan repayments,0.0
KZN265,Nongoma,2024,0700,Trade Creditors,23918293.0
KZN265,Nongoma,2024,0800,Auditor General,464219.0
KZN265,Nongoma,2024,0900,Other,27858997.0
KZN265,Nongoma,2024,1000,Total,52241509.0
KZN266,Ulundi,2024,0100,Bulk Electricity,198557536.0
KZN266,Ulundi,2024,0200,Bulk Water,0.0
KZN266,Ulundi,2024,0300,PAYE deductions,0.0
KZN266,Ulundi,2024,0400,VAT (output less input),0.0
KZN266,Ulundi,2024,0500,Pensions / Retirement deductions,0.0
KZN266,Ulundi,2024,0600,Loan repayments,0.0
KZN266,Ulundi,2024,0700,Trade Creditors,0.0
KZN266,Ulundi,2024,0800,Auditor General,0.0
KZN266,Ulundi,2024,0900,Other,0.0
KZN266,Ulundi,2024,1000,Total,198557536.0
KZN275,Mtubatuba,2024,0100,Bulk Electricity,0.0
KZN275,Mtubatuba,2024,0200,Bulk Water,0.0
KZN275,Mtubatuba,2024,0300,PAYE deductions,0.0
KZN275,Mtubatuba,2024,0400,VAT (output less input),0.0
KZN275,Mtubatuba,2024,0500,Pensions / Retirement deductions,0.0
KZN275,Mtubatuba,2024,0600,Loan repayments,0.0
KZN275,Mtubatuba,2024,0700,Trade Creditors,16767079.0
KZN275,Mtubatuba,2024,0800,Auditor General,1047970.0
KZN275,Mtubatuba,2024,0900,Other,27029039.0
KZN275,Mtubatuba,2024,1000,Total,44844088.0
KZN281,Mfolozi,2024,0100,Bulk Electricity,0.0
KZN281,Mfolozi,2024,0200,Bulk Water,0.0
KZN281,Mfolozi,2024,0300,PAYE deductions,0.0
KZN281,Mfolozi,2024,0400,VAT (output less input),0.0
KZN281,Mfolozi,2024,0500,Pensions / Retirement deductions,0.0
KZN281,Mfolozi,2024,0600,Loan repayments,0.0
KZN281,Mfolozi,2024,0700,Trade Creditors,1325780.0
KZN281,Mfolozi,2024,0800,Auditor General,0.0
KZN281,Mfolozi,2024,0900,Other,1767393.0
KZN281,Mfolozi,2024,1000,Total,3093173.0
KZN282,uMhlathuze,2024,0100,Bulk Electricity,175300666.0
KZN282,uMhlathuze,2024,0200,Bulk Water,0.0
KZN282,uMhlathuze,2024,0300,PAYE deductions,0.0
KZN282,uMhlathuze,2024,0400,VAT (output less input),0.0
KZN282,uMhlathuze,2024,0500,Pensions / Retirement deductions,0.0
KZN282,uMhlathuze,2024,0600,Loan repayments,0.0
KZN282,uMhlathuze,2024,0700,Trade Creditors,92505569.0
KZN282,uMhlathuze,2024,0800,Auditor General,22506.0
KZN282,uMhlathuze,2024,0900,Other,566462.0
KZN282,uMhlathuze,2024,1000,Total,268395203.0
KZN284,uMlalazi,2024,0100,Bulk Electricity,0.0
KZN284,uMlalazi,2024,0200,Bulk Water,0.0
KZN284,uMlalazi,2024,0300,PAYE deductions,0.0
KZN284,uMlalazi,2024,0400,VAT (output less input),0.0
KZN284,uMlalazi,2024,0500,Pensions / Retirement deductions,0.0
KZN284,uMlalazi,2024,0600,Loan repayments,0.0
KZN284,uMlalazi,2024,0700,Trade Creditors,2511001.0
KZN284,uMlalazi,2024,0800,Auditor General,0.0
KZN284,uMlalazi,2024,0900,Other,250388.0
KZN284,uMlalazi,2024,1000,Total,2761389.0
KZN285,Mthonjaneni,2024,0100,Bulk Electricity,33983216.0
KZN285,Mthonjaneni,2024,0200,Bulk Water,0.0
KZN285,Mthonjaneni,2024,0300,PAYE deductions,0.0
KZN285,Mthonjaneni,2024,0400,VAT (output less input),0.0
KZN285,Mthonjaneni,2024,0500,Pensions / Retirement deductions,0.0
KZN285,Mthonjaneni,2024,0600,Loan repayments,0.0
KZN285,Mthonjaneni,2024,0700,Trade Creditors,17581421.0
KZN285,Mthonjaneni,2024,0800,Auditor General,1780883.0
KZN285,Mthonjaneni,2024,0900,Other,7944448.0
KZN285,Mthonjaneni,2024,1000,Total,61289968.0
KZN286,Nkandla,2024,0100,Bulk Electricity,2814508.0
KZN286,Nkandla,2024,0200,Bulk Water,0.0
KZN286,Nkandla,2024,0300,PAYE deductions,0.0
KZN286,Nkandla,2024,0400,VAT (output less input),0.0
KZN286,Nkandla,2024,0500,Pensions / Retirement deductions,0.0
KZN286,Nkandla,2024,0600,Loan repayments,0.0
KZN286,Nkandla,2024,0700,Trade Creditors,5692221.0
KZN286,Nkandla,2024,0800,Auditor General,0.0
KZN286,Nkandla,2024,0900,Other,275080.0
KZN286,Nkandla,2024,1000,Total,8781809.0
KZN291,Mandeni,2024,0100,Bulk Electricity,814234.0
KZN291,Mandeni,2024,0200,Bulk Water,0.0
KZN291,Mandeni,2024,0300,PAYE deductions,0.0
KZN291,Mandeni,2024,0400,VAT (output less input),0.0
KZN291,Mandeni,2024,0500,Pensions / Retirement deductions,0.0
KZN291,Mandeni,2024,0600,Loan repayments,0.0
KZN291,Mandeni,2024,0700,Trade Creditors,14720671.0
KZN291,Mandeni,2024,0800,Auditor General,0.0
KZN291,Mandeni,2024,0900,Other,10593661.0
KZN291,Mandeni,2024,1000,Total,26128566.0
KZN292,KwaDukuza,2024,0100,Bulk Electricity,0.0
KZN292,KwaDukuza,2024,0200,Bulk Water,0.0
KZN292,KwaDukuza,2024,0300,PAYE deductions,0.0
KZN292,KwaDukuza,2024,0400,VAT (output less input),74780.0
KZN292,KwaDukuza,2024,0500,Pensions / Retirement deductions,826375.0
KZN292,KwaDukuza,2024,0600,Loan repayments,0.0
KZN292,KwaDukuza,2024,0700,Trade Creditors,24951255.0
KZN292,KwaDukuza,2024,0800,Auditor General,0.0
KZN292,KwaDukuza,2024,0900,Other,0.0
KZN292,KwaDukuza,2024,1000,Total,25852410.0
KZN293,Ndwedwe,2024,0100,Bulk Electricity,0.0
KZN293,Ndwedwe,2024,0200,Bulk Water,0.0
KZN293,Ndwedwe,2024,0300,PAYE deductions,0.0
KZN293,Ndwedwe,2024,0400,VAT (output less input),0.0
KZN293,Ndwedwe,2024,0500,Pensions / Retirement deductions,0.0
KZN293,Ndwedwe,2024,0600,Loan repayments,0.0
KZN293,Ndwedwe,2024,0700,Trade Creditors,1707507.0
KZN293,Ndwedwe,2024,0800,Auditor General,1.0
KZN293,Ndwedwe,2024,0900,Other,3874131.0
KZN293,Ndwedwe,2024,1000,Total,5581639.0
KZN294,Maphumulo,2024,0100,Bulk Electricity,0.0
KZN294,Maphumulo,2024,0200,Bulk Water,0.0
KZN294,Maphumulo,2024,0300,PAYE deductions,0.0
KZN294,Maphumulo,2024,0400,VAT (output less input),0.0
KZN294,Maphumulo,2024,0500,Pensions / Retirement deductions,0.0
KZN294,Maphumulo,2024,0600,Loan repayments,0.0
KZN294,Maphumulo,2024,0700,Trade Creditors,2230897.0
KZN294,Maphumulo,2024,0800,Auditor General,109793.0
KZN294,Maphumulo,2024,0900,Other,248785.0
KZN294,Maphumulo,2024,1000,Total,2589475.0
KZN433,Greater Kokstad,2024,0100,Bulk Electricity,0.0
KZN433,Greater Kokstad,2024,0200,Bulk Water,0.0
KZN433,Greater Kokstad,2024,0300,PAYE deductions,0.0
KZN433,Greater Kokstad,2024,0400,VAT (output less input),0.0
KZN433,Greater Kokstad,2024,0500,Pensions / Retirement deductions,0.0
KZN433,Greater Kokstad,2024,0600,Loan repayments,0.0
KZN433,Greater Kokstad,2024,0700,Trade Creditors,12122706.0
KZN433,Greater Kokstad,2024,0800,Auditor General,0.0
KZN433,Greater Kokstad,2024,0900,Other,0.0
KZN433,Greater Kokstad,2024,1000,Total,12122706.0
KZN434,Johannes Phumani Phungula,2024,0100,Bulk Electricity,0.0
KZN434,Johannes Phumani Phungula,2024,0200,Bulk Water,0.0
KZN434,Johannes Phumani Phungula,2024,0300,PAYE deductions,0.0
KZN434,Johannes Phumani Phungula,2024,0400,VAT (output less input),0.0
KZN434,Johannes Phumani Phungula,2024,0500,Pensions / Retirement deductions,0.0
KZN434,Johannes Phumani Phungula,2024,0600,Loan repayments,0.0
KZN434,Johannes Phumani Phungula,2024,0700,Trade Creditors,0.0
KZN434,Johannes Phumani Phungula,2024,0800,Auditor General,0.0
KZN434,Johannes Phumani Phungula,2024,0900,Other,310.0
KZN434,Johannes Phumani Phungula,2024,1000,Total,310.0
KZN435,Umzimkhulu,2024,0100,Bulk Electricity,0.0
KZN435,Umzimkhulu,2024,0200,Bulk Water,0.0
KZN435,Umzimkhulu,2024,0300,PAYE deductions,0.0
KZN435,Umzimkhulu,2024,0400,VAT (output less input),0.0
KZN435,Umzimkhulu,2024,0500,Pensions / Retirement deductions,0.0
KZN435,Umzimkhulu,2024,0600,Loan repayments,0.0
KZN435,Umzimkhulu,2024,0700,Trade Creditors,3523784.0
KZN435,Umzimkhulu,2024,0800,Auditor General,0.0
KZN435,Umzimkhulu,2024,0900,Other,0.0
KZN435,Umzimkhulu,2024,1000,Total,3523784.0
KZN436,Dr Nkosazana Dlamini Zuma,2024,0100,Bulk Electricity,0.0
KZN436,Dr Nkosazana Dlamini Zuma,2024,0200,Bulk Water,0.0
KZN436,Dr Nkosazana Dlamini Zuma,2024,0300,PAYE deductions,0.0
KZN436,Dr Nkosazana Dlamini Zuma,2024,0400,VAT (output less input),6838677.0
KZN436,Dr Nkosazana Dlamini Zuma,2024,0500,Pensions / Retirement deductions,0.0
KZN436,Dr Nkosazana Dlamini Zuma,2024,0600,Loan repayments,0.0
KZN436,Dr Nkosazana Dlamini Zuma,2024,0700,Trade Creditors,0.0
KZN436,Dr Nkosazana Dlamini Zuma,2024,0800,Auditor General,0.0
KZN436,Dr Nkosazana Dlamini Zuma,2024,0900,Other,1677725.0
KZN436,Dr Nkosazana Dlamini Zuma,2024,1000,Total,8516402.0
LIM331,Greater Giyani,2024,0100,Bulk Electricity,0.0
LIM331,Greater Giyani,2024,0200,Bulk Water,0.0
LIM331,Greater Giyani,2024,0300,PAYE deductions,0.0
LIM331,Greater Giyani,2024,0400,VAT (output less input),0.0
LIM331,Greater Giyani,2024,0500,Pensions / Retirement deductions,0.0
LIM331,Greater Giyani,2024,0600,Loan repayments,0.0
LIM331,Greater Giyani,2024,0700,Trade Creditors,17475828.0
LIM331,Greater Giyani,2024,0800,Auditor General,2134.0
LIM331,Greater Giyani,2024,0900,Other,6844679.0
LIM331,Greater Giyani,2024,1000,Total,24322641.0
LIM332,Greater Letaba,2024,0100,Bulk Electricity,3642341.0
LIM332,Greater Letaba,2024,0200,Bulk Water,0.0
LIM332,Greater Letaba,2024,0300,PAYE deductions,0.0
LIM332,Greater Letaba,2024,0400,VAT (output less input),0.0
LIM332,Greater Letaba,2024,0500,Pensions / Retirement deductions,1686750.0
LIM332,Greater Letaba,2024,0600,Loan repayments,0.0
LIM332,Greater Letaba,2024,0700,Trade Creditors,19686769.0
LIM332,Greater Letaba,2024,0800,Auditor General,500.0
LIM332,Greater Letaba,2024,0900,Other,0.0
LIM332,Greater Letaba,2024,1000,Total,25016360.0
LIM333,Greater Tzaneen,2024,0100,Bulk Electricity,83253517.0
LIM333,Greater Tzaneen,2024,0200,Bulk Water,22044.0
LIM333,Greater Tzaneen,2024,0300,PAYE deductions,0.0
LIM333,Greater Tzaneen,2024,0400,VAT (output less input),0.0
LIM333,Greater Tzaneen,2024,0500,Pensions / Retirement deductions,0.0
LIM333,Greater Tzaneen,2024,0600,Loan repayments,0.0
LIM333,Greater Tzaneen,2024,0700,Trade Creditors,19256907.0
LIM333,Greater Tzaneen,2024,0800,Auditor General,12730.0
LIM333,Greater Tzaneen,2024,0900,Other,293158.0
LIM333,Greater Tzaneen,2024,1000,Total,102838356.0
LIM334,Ba-Phalaborwa,2024,0100,Bulk Electricity,11908876.0
LIM334,Ba-Phalaborwa,2024,0200,Bulk Water,0.0
LIM334,Ba-Phalaborwa,2024,0300,PAYE deductions,0.0
LIM334,Ba-Phalaborwa,2024,0400,VAT (output less input),0.0
LIM334,Ba-Phalaborwa,2024,0500,Pensions / Retirement deductions,0.0
LIM334,Ba-Phalaborwa,2024,0600,Loan repayments,0.0
LIM334,Ba-Phalaborwa,2024,0700,Trade Creditors,3475558.0
LIM334,Ba-Phalaborwa,2024,0800,Auditor General,18752.0
LIM334,Ba-Phalaborwa,2024,0900,Other,5105534.0
LIM334,Ba-Phalaborwa,2024,1000,Total,20508720.0
LIM335,Maruleng,2024,0100,Bulk Electricity,0.0
LIM335,Maruleng,2024,0200,Bulk Water,0.0
LIM335,Maruleng,2024,0300,PAYE deductions,0.0
LIM335,Maruleng,2024,0400,VAT (output less input),4650.0
LIM335,Maruleng,2024,0500,Pensions / Retirement deductions,0.0
LIM335,Maruleng,2024,0600,Loan repayments,0.0
LIM335,Maruleng,2024,0700,Trade Creditors,38716.0
LIM335,Maruleng,2024,0800,Auditor General,0.0
LIM335,Maruleng,2024,0900,Other,0.0
LIM335,Maruleng,2024,1000,Total,43366.0
LIM341,Musina,2024,0100,Bulk Electricity,41480032.0
LIM341,Musina,2024,0200,Bulk Water,0.0
LIM341,Musina,2024,0300,PAYE deductions,0.0
LIM341,Musina,2024,0400,VAT (output less input),0.0
LIM341,Musina,2024,0500,Pensions / Retirement deductions,0.0
LIM341,Musina,2024,0600,Loan repayments,0.0
LIM341,Musina,2024,0700,Trade Creditors,25460746.0
LIM341,Musina,2024,0800,Auditor General,1047.0
LIM341,Musina,2024,0900,Other,0.0
LIM341,Musina,2024,1000,Total,66941825.0
LIM343,Thulamela,2024,0100,Bulk Electricity,0.0
LIM343,Thulamela,2024,0200,Bulk Water,0.0
LIM343,Thulamela,2024,0300,PAYE deductions,0.0
LIM343,Thulamela,2024,0400,VAT (output less input),0.0
LIM343,Thulamela,2024,0500,Pensions / Retirement deductions,0.0
LIM343,Thulamela,2024,0600,Loan repayments,0.0
LIM343,Thulamela,2024,0700,Trade Creditors,20575551.0
LIM343,Thulamela,2024,0800,Auditor General,0.0
LIM343,Thulamela,2024,0900,Other,0.0
LIM343,Thulamela,2024,1000,Total,20575551.0
LIM344,Makhado,2024,0100,Bulk Electricity,56780218.0
LIM344,Makhado,2024,0200,Bulk Water,0.0
LIM344,Makhado,2024,0300,PAYE deductions,0.0
LIM344,Makhado,2024,0400,VAT (output less input),0.0
LIM344,Makhado,2024,0500,Pensions / Retirement deductions,0.0
LIM344,Makhado,2024,0600,Loan repayments,0.0
LIM344,Makhado,2024,0700,Trade Creditors,73636941.0
LIM344,Makhado,2024,0800,Auditor General,0.0
LIM344,Makhado,2024,0900,Other,0.0
LIM344,Makhado,2024,1000,Total,130417159.0
LIM345,Collins Chabane,2024,0100,Bulk Electricity,0.0
LIM345,Collins Chabane,2024,0200,Bulk Water,0.0
LIM345,Collins Chabane,2024,0300,PAYE deductions,0.0
LIM345,Collins Chabane,2024,0400,VAT (output less input),0.0
LIM345,Collins Chabane,2024,0500,Pensions / Retirement deductions,0.0
LIM345,Collins Chabane,2024,0600,Loan repayments,0.0
LIM345,Collins Chabane,2024,0700,Trade Creditors,12052485.0
LIM345,Collins Chabane,2024,0800,Auditor General,0.0
LIM345,Collins Chabane,2024,0900,Other,0.0
LIM345,Collins Chabane,2024,1000,Total,12052485.0
LIM351,Blouberg,2024,0100,Bulk Electricity,19486.0
LIM351,Blouberg,2024,0200,Bulk Water,0.0
LIM351,Blouberg,2024,0300,PAYE deductions,0.0
LIM351,Blouberg,2024,0400,VAT (output less input),0.0
LIM351,Blouberg,2024,0500,Pensions / Retirement deductions,0.0
LIM351,Blouberg,2024,0600,Loan repayments,0.0
LIM351,Blouberg,2024,0700,Trade Creditors,2257185.0
LIM351,Blouberg,2024,0800,Auditor General,0.0
LIM351,Blouberg,2024,0900,Other,301650.0
LIM351,Blouberg,2024,1000,Total,2578321.0
LIM353,Molemole,2024,0100,Bulk Electricity,14156808.0
LIM353,Molemole,2024,0200,Bulk Water,0.0
LIM353,Molemole,2024,0300,PAYE deductions,21613918.0
LIM353,Molemole,2024,0400,VAT (output less input),6481927.0
LIM353,Molemole,2024,0500,Pensions / Retirement deductions,18834586.0
LIM353,Molemole,2024,0600,Loan repayments,0.0
LIM353,Molemole,2024,0700,Trade Creditors,3360075.0
LIM353,Molemole,2024,0800,Auditor General,0.0
LIM353,Molemole,2024,0900,Other,0.0
LIM353,Molemole,2024,1000,Total,64447314.0
LIM354,Polokwane,2024,0100,Bulk Electricity,131559024.0
LIM354,Polokwane,2024,0200,Bulk Water,31478088.0
LIM354,Polokwane,2024,0300,PAYE deductions,74432.0
LIM354,Polokwane,2024,0400,VAT (output less input),0.0
LIM354,Polokwane,2024,0500,Pensions / Retirement deductions,0.0
LIM354,Polokwane,2024,0600,Loan repayments,0.0
LIM354,Polokwane,2024,0700,Trade Creditors,77275792.0
LIM354,Polokwane,2024,0800,Auditor General,0.0
LIM354,Polokwane,2024,0900,Other,0.0
LIM354,Polokwane,2024,1000,Total,240387336.0
LIM355,Lepelle-Nkumpi,2024,0100,Bulk Electricity,0.0
LIM355,Lepelle-Nkumpi,2024,0200,Bulk Water,0.0
LIM355,Lepelle-Nkumpi,2024,0300,PAYE deductions,0.0
LIM355,Lepelle-Nkumpi,2024,0400,VAT (output less input),0.0
LIM355,Lepelle-Nkumpi,2024,0500,Pensions / Retirement deductions,0.0
LIM355,Lepelle-Nkumpi,2024,0600,Loan repayments,0.0
LIM355,Lepelle-Nkumpi,2024,0700,Trade Creditors,2594407.0
LIM355,Lepelle-Nkumpi,2024,0800,Auditor General,0.0
LIM355,Lepelle-Nkumpi,2024,0900,Other,0.0
LIM355,Lepelle-Nkumpi,2024,1000,Total,2594407.0
LIM361,Thabazimbi,2024,0100,Bulk Electricity,0.0
LIM361,Thabazimbi,2024,0200,Bulk Water,0.0
LIM361,Thabazimbi,2024,0300,PAYE deductions,0.0
LIM361,Thabazimbi,2024,0400,VAT (output less input),0.0
LIM361,Thabazimbi,2024,0500,Pensions / Retirement deductions,0.0
LIM361,Thabazimbi,2024,0600,Loan repayments,0.0
LIM361,Thabazimbi,2024,0700,Trade Creditors,0.0
LIM361,Thabazimbi,2024,0800,Auditor General,0.0
LIM361,Thabazimbi,2024,0900,Other,0.0
LIM361,Thabazimbi,2024,1000,Total,0.0
LIM362,Lephalale,2024,0100,Bulk Electricity,13034654.0
LIM362,Lephalale,2024,0200,Bulk Water,266890.0
LIM362,Lephalale,2024,0300,PAYE deductions,0.0
LIM362,Lephalale,2024,0400,VAT (output less input),0.0
LIM362,Lephalale,2024,0500,Pensions / Retirement deductions,0.0
LIM362,Lephalale,2024,0600,Loan repayments,0.0
LIM362,Lephalale,2024,0700,Trade Creditors,13280520.0
LIM362,Lephalale,2024,0800,Auditor General,0.0
LIM362,Lephalale,2024,0900,Other,1752161.0
LIM362,Lephalale,2024,1000,Total,28334225.0
LIM366,Bela Bela,2024,0100,Bulk Electricity,53638064.0
LIM366,Bela Bela,2024,0200,Bulk Water,12162915.0
LIM366,Bela Bela,2024,0300,PAYE deductions,0.0
LIM366,Bela Bela,2024,0400,VAT (output less input),0.0
LIM366,Bela Bela,2024,0500,Pensions / Retirement deductions,0.0
LIM366,Bela Bela,2024,0600,Loan repayments,0.0
LIM366,Bela Bela,2024,0700,Trade Creditors,12596626.0
LIM366,Bela Bela,2024,0800,Auditor General,0.0
LIM366,Bela Bela,2024,0900,Other,0.0
LIM366,Bela Bela,2024,1000,Total,78397605.0
LIM367,Mogalakwena,2024,0100,Bulk Electricity,53490502.0
LIM367,Mogalakwena,2024,0200,Bulk Water,11171317.0
LIM367,Mogalakwena,2024,0300,PAYE deductions,0.0
LIM367,Mogalakwena,2024,0400,VAT (output less input),0.0
LIM367,Mogalakwena,2024,0500,Pensions / Retirement deductions,0.0
LIM367,Mogalakwena,2024,0600,Loan repayments,0.0
LIM367,Mogalakwena,2024,0700,Trade Creditors,57493474.0
LIM367,Mogalakwena,2024,0800,Auditor General,39907.0
LIM367,Mogalakwena,2024,0900,Other,0.0
LIM367,Mogalakwena,2024,1000,Total,122195200.0
LIM368,Modimolle-Mookgopong,2024,0100,Bulk Electricity,1127573345.0
LIM368,Modimolle-Mookgopong,2024,0200,Bulk Water,27952974.0
LIM368,Modimolle-Mookgopong,2024,0300,PAYE deductions,0.0
LIM368,Modimolle-Mookgopong,2024,0400,VAT (output less input),0.0
LIM368,Modimolle-Mookgopong,2024,0500,Pensions / Retirement deductions,0.0
LIM368,Modimolle-Mookgopong,2024,0600,Loan repayments,0.0
LIM368,Modimolle-Mookgopong,2024,0700,Trade Creditors,104370095.0
LIM368,Modimolle-Mookgopong,2024,0800,Auditor General,0.0
LIM368,Modimolle-Mookgopong,2024,0900,Other,0.0
LIM368,Modimolle-Mookgopong,2024,1000,Total,1259896414.0
LIM471,Ephraim Mogale,2024,0100,Bulk Electricity,0.0
LIM471,Ephraim Mogale,2024,0200,Bulk Water,0.0
LIM471,Ephraim Mogale,2024,0300,PAYE deductions,0.0
LIM471,Ephraim Mogale,2024,0400,VAT (output less input),0.0
LIM471,Ephraim Mogale,2024,0500,Pensions / Retirement deductions,0.0
LIM471,Ephraim Mogale,2024,0600,Loan repayments,0.0
LIM471,Ephraim Mogale,2024,0700,Trade Creditors,1825789.0
LIM471,Ephraim Mogale,2024,0800,Auditor General,0.0
LIM471,Ephraim Mogale,2024,0900,Other,0.0
LIM471,Ephraim Mogale,2024,1000,Total,1825789.0
LIM472,Elias Motsoaledi,2024,0100,Bulk Electricity,0.0
LIM472,Elias Motsoaledi,2024,0200,Bulk Water,0.0
LIM472,Elias Motsoaledi,2024,0300,PAYE deductions,0.0
LIM472,Elias Motsoaledi,2024,0400,VAT (output less input),0.0
LIM472,Elias Motsoaledi,2024,0500,Pensions / Retirement deductions,0.0
LIM472,Elias Motsoaledi,2024,0600,Loan repayments,0.0
LIM472,Elias Motsoaledi,2024,0700,Trade Creditors,0.0
LIM472,Elias Motsoaledi,2024,0800,Auditor General,0.0
LIM472,Elias Motsoaledi,2024,0900,Other,0.0
LIM472,Elias Motsoaledi,2024,1000,Total,0.0
LIM473,Makhuduthamaga,2024,0100,Bulk Electricity,0.0
LIM473,Makhuduthamaga,2024,0200,Bulk Water,0.0
LIM473,Makhuduthamaga,2024,0300,PAYE deductions,0.0
LIM473,Makhuduthamaga,2024,0400,VAT (output less input),0.0
LIM473,Makhuduthamaga,2024,0500,Pensions / Retirement deductions,0.0
LIM473,Makhuduthamaga,2024,0600,Loan repayments,0.0
LIM473,Makhuduthamaga,2024,0700,Trade Creditors,7823938.0
LIM473,Makhuduthamaga,2024,0800,Auditor General,0.0
LIM473,Makhuduthamaga,2024,0900,Other,75428238.0
LIM473,Makhuduthamaga,2024,1000,Total,83252176.0
LIM476,Tubatse Fetakgomo,2024,0100,Bulk Electricity,0.0
LIM476,Tubatse Fetakgomo,2024,0200,Bulk Water,0.0
LIM476,Tubatse Fetakgomo,2024,0300,PAYE deductions,0.0
LIM476,Tubatse Fetakgomo,2024,0400,VAT (output less input),0.0
LIM476,Tubatse Fetakgomo,2024,0500,Pensions / Retirement deductions,0.0
LIM476,Tubatse Fetakgomo,2024,0600,Loan repayments,0.0
LIM476,Tubatse Fetakgomo,2024,0700,Trade Creditors,48246475.0
LIM476,Tubatse Fetakgomo,2024,0800,Auditor General,0.0
LIM476,Tubatse Fetakgomo,2024,0900,Other,0.0
LIM476,Tubatse Fetakgomo,2024,1000,Total,48246475.0
MAN,Mangaung,2024,0100,Bulk Electricity,0.0
MAN,Mangaung,2024,0200,Bulk Water,0.0
MAN,Mangaung,2024,0300,PAYE deductions,0.0
MAN,Mangaung,2024,0400,VAT (output less input),0.0
MAN,Mangaung,2024,0500,Pensions / Retirement deductions,30949823.0
MAN,Mangaung,2024,0600,Loan repayments,0.0
MAN,Mangaung,2024,0700,Trade Creditors,1345060925.0
MAN,Mangaung,2024,0800,Auditor General,0.0
MAN,Mangaung,2024,0900,Other,0.0
MAN,Mangaung,2024,1000,Total,1376010748.0
MP301,Albert Luthuli,2024,0100,Bulk Electricity,0.0
MP301,Albert Luthuli,2024,0200,Bulk Water,0.0
MP301,Albert Luthuli,2024,0300,PAYE deductions,0.0
MP301,Albert Luthuli,2024,0400,VAT (output less input),0.0
MP301,Albert Luthuli,2024,0500,Pensions / Retirement deductions,0.0
MP301,Albert Luthuli,2024,0600,Loan repayments,0.0
MP301,Albert Luthuli,2024,0700,Trade Creditors,0.0
MP301,Albert Luthuli,2024,0800,Auditor General,0.0
MP301,Albert Luthuli,2024,0900,Other,0.0
MP301,Albert Luthuli,2024,1000,Total,0.0
MP302,Msukaligwa,2024,0100,Bulk Electricity,422959462.0
MP302,Msukaligwa,2024,0200,Bulk Water,1193351923.0
MP302,Msukaligwa,2024,0300,PAYE deductions,0.0
MP302,Msukaligwa,2024,0400,VAT (output less input),0.0
MP302,Msukaligwa,2024,0500,Pensions / Retirement deductions,0.0
MP302,Msukaligwa,2024,0600,Loan repayments,0.0
MP302,Msukaligwa,2024,0700,Trade Creditors,56478022.0
MP302,Msukaligwa,2024,0800,Auditor General,0.0
MP302,Msukaligwa,2024,0900,Other,0.0
MP302,Msukaligwa,2024,1000,Total,1672789407.0
MP303,Mkhondo,2024,0100,Bulk Electricity,0.0
MP303,Mkhondo,2024,0200,Bulk Water,0.0
MP303,Mkhondo,2024,0300,PAYE deductions,0.0
MP303,Mkhondo,2024,0400,VAT (output less input),0.0
MP303,Mkhondo,2024,0500,Pensions / Retirement deductions,0.0
MP303,Mkhondo,2024,0600,Loan repayments,0.0
MP303,Mkhondo,2024,0700,Trade Creditors,0.0
MP303,Mkhondo,2024,0800,Auditor General,0.0
MP303,Mkhondo,2024,0900,Other,0.0
MP303,Mkhondo,2024,1000,Total,0.0
MP304,Pixley Ka Seme (MP),2024,0100,Bulk Electricity,0.0
MP304,Pixley Ka Seme (MP),2024,0200,Bulk Water,0.0
MP304,Pixley Ka Seme (MP),2024,0300,PAYE deductions,0.0
MP304,Pixley Ka Seme (MP),2024,0400,VAT (output less input),20654258.0
MP304,Pixley Ka Seme (MP),2024,0500,Pensions / Retirement deductions,0.0
MP304,Pixley Ka Seme (MP),2024,0600,Loan repayments,0.0
MP304,Pixley Ka Seme (MP),2024,0700,Trade Creditors,22987236.0
MP304,Pixley Ka Seme (MP),2024,0800,Auditor General,0.0
MP304,Pixley Ka Seme (MP),2024,0900,Other,0.0
MP304,Pixley Ka Seme (MP),2024,1000,Total,43641494.0
MP305,Lekwa,2024,0100,Bulk Electricity,338467781.0
MP305,Lekwa,2024,0200,Bulk Water,-1519233.0
MP305,Lekwa,2024,0300,PAYE deductions,0.0
MP305,Lekwa,2024,0400,VAT (output less input),0.0
MP305,Lekwa,2024,0500,Pensions / Retirement deductions,0.0
MP305,Lekwa,2024,0600,Loan repayments,0.0
MP305,Lekwa,2024,0700,Trade Creditors,2311914353.0
MP305,Lekwa,2024,0800,Auditor General,2668835.0
MP305,Lekwa,2024,0900,Other,352157397.0
MP305,Lekwa,2024,1000,Total,3003689133.0
MP306,Dipaleseng,2024,0100,Bulk Electricity,99782628.0
MP306,Dipaleseng,2024,0200,Bulk Water,31013385.0
MP306,Dipaleseng,2024,0300,PAYE deductions,0.0
MP306,Dipaleseng,2024,0400,VAT (output less input),0.0
MP306,Dipaleseng,2024,0500,Pensions / Retirement deductions,0.0
MP306,Dipaleseng,2024,0600,Loan repayments,0.0
MP306,Dipaleseng,2024,0700,Trade Creditors,246996970.0
MP306,Dipaleseng,2024,0800,Auditor General,6844769.0
MP306,Dipaleseng,2024,0900,Other,0.0
MP306,Dipaleseng,2024,1000,Total,384637752.0
MP307,Govan Mbeki,2024,0100,Bulk Electricity,1395748649.0
MP307,Govan Mbeki,2024,0200,Bulk Water,116896948.0
MP307,Govan Mbeki,2024,0300,PAYE deductions,0.0
MP307,Govan Mbeki,2024,0400,VAT (output less input),0.0
MP307,Govan Mbeki,2024,0500,Pensions / Retirement deductions,0.0
MP307,Govan Mbeki,2024,0600,Loan repayments,0.0
MP307,Govan Mbeki,2024,0700,Trade Creditors,4176628952.0
MP307,Govan Mbeki,2024,0800,Auditor General,0.0
MP307,Govan Mbeki,2024,0900,Other,0.0
MP307,Govan Mbeki,2024,1000,Total,5689274549.0
MP313,Steve Tshwete,2024,0100,Bulk Electricity,100800.0
MP313,Steve Tshwete,2024,0200,Bulk Water,0.0
MP313,Steve Tshwete,2024,0300,PAYE deductions,0.0
MP313,Steve Tshwete,2024,0400,VAT (output less input),0.0
MP313,Steve Tshwete,2024,0500,Pensions / Retirement deductions,0.0
MP313,Steve Tshwete,2024,0600,Loan repayments,0.0
MP313,Steve Tshwete,2024,0700,Trade Creditors,98395305.0
MP313,Steve Tshwete,2024,0800,Auditor General,0.0
MP313,Steve Tshwete,2024,0900,Other,0.0
MP313,Steve Tshwete,2024,1000,Total,98496105.0
MP315,Thembisile Hani,2024,0100,Bulk Electricity,0.0
MP315,Thembisile Hani,2024,0200,Bulk Water,0.0
MP315,Thembisile Hani,2024,0300,PAYE deductions,0.0
MP315,Thembisile Hani,2024,0400,VAT (output less input),0.0
MP315,Thembisile Hani,2024,0500,Pensions / Retirement deductions,0.0
MP315,Thembisile Hani,2024,0600,Loan repayments,0.0
MP315,Thembisile Hani,2024,0700,Trade Creditors,2405028.0
MP315,Thembisile Hani,2024,0800,Auditor General,0.0
MP315,Thembisile Hani,2024,0900,Other,0.0
MP315,Thembisile Hani,2024,1000,Total,2405028.0
MP316,Dr J.S. Moroka,2024,0100,Bulk Electricity,0.0
MP316,Dr J.S. Moroka,2024,0200,Bulk Water,0.0
MP316,Dr J.S. Moroka,2024,0300,PAYE deductions,0.0
MP316,Dr J.S. Moroka,2024,0400,VAT (output less input),0.0
MP316,Dr J.S. Moroka,2024,0500,Pensions / Retirement deductions,835823.0
MP316,Dr J.S. Moroka,2024,0600,Loan repayments,0.0
MP316,Dr J.S. Moroka,2024,0700,Trade Creditors,37347042.0
MP316,Dr J.S. Moroka,2024,0800,Auditor General,0.0
MP316,Dr J.S. Moroka,2024,0900,Other,0.0
MP316,Dr J.S. Moroka,2024,1000,Total,38182865.0
MP321,Thaba Chweu,2024,0100,Bulk Electricity,690647099.0
MP321,Thaba Chweu,2024,0200,Bulk Water,0.0
MP321,Thaba Chweu,2024,0300,PAYE deductions,0.0
MP321,Thaba Chweu,2024,0400,VAT (output less input),0.0
MP321,Thaba Chweu,2024,0500,Pensions / Retirement deductions,0.0
MP321,Thaba Chweu,2024,0600,Loan repayments,0.0
MP321,Thaba Chweu,2024,0700,Trade Creditors,1005033368.0
MP321,Thaba Chweu,2024,0800,Auditor General,0.0
MP321,Thaba Chweu,2024,0900,Other,0.0
MP321,Thaba Chweu,2024,1000,Total,1695680467.0
MP324,Nkomazi,2024,0100,Bulk Electricity,26259937.0
MP324,Nkomazi,2024,0200,Bulk Water,0.0
MP324,Nkomazi,2024,0300,PAYE deductions,0.0
MP324,Nkomazi,2024,0400,VAT (output less input),0.0
MP324,Nkomazi,2024,0500,Pensions / Retirement deductions,0.0
MP324,Nkomazi,2024,0600,Loan repayments,0.0
MP324,Nkomazi,2024,0700,Trade Creditors,86008082.0
MP324,Nkomazi,2024,0800,Auditor General,0.0
MP324,Nkomazi,2024,0900,Other,0.0
MP324,Nkomazi,2024,1000,Total,112268019.0
MP325,Bushbuckridge,2024,0100,Bulk Electricity,0.0
MP325,Bushbuckridge,2024,0200,Bulk Water,3580393.0
MP325,Bushbuckridge,2024,0300,PAYE deductions,233104.0
MP325,Bushbuckridge,2024,0400,VAT (output less input),0.0
MP325,Bushbuckridge,2024,0500,Pensions / Retirement deductions,6011561.0
MP325,Bushbuckridge,2024,0600,Loan repayments,0.0
MP325,Bushbuckridge,2024,0700,Trade Creditors,152565735.0
MP325,Bushbuckridge,2024,0800,Auditor General,-18.0
MP325,Bushbuckridge,2024,0900,Other,328984731.0
MP325,Bushbuckridge,2024,1000,Total,491375506.0
MP326,City of Mbombela,2024,0100,Bulk Electricity,960595515.0
MP326,City of Mbombela,2024,0200,Bulk Water,270146380.0
MP326,City of Mbombela,2024,0300,PAYE deductions,21053906.0
MP326,City of Mbombela,2024,0400,VAT (output less input),0.0
MP326,City of Mbombela,2024,0500,Pensions / Retirement deductions,15393886.0
MP326,City of Mbombela,2024,0600,Loan repayments,0.0
MP326,City of Mbombela,2024,0700,Trade Creditors,863346216.0
MP326,City of Mbombela,2024,0800,Auditor General,8754067.0
MP326,City of Mbombela,2024,0900,Other,430551357.0
MP326,City of Mbombela,2024,1000,Total,2569841327.0
NC061,Richtersveld,2024,0100,Bulk Electricity,64209605.0
NC061,Richtersveld,2024,0200,Bulk Water,132235.0
NC061,Richtersveld,2024,0300,PAYE deductions,997638.0
NC061,Richtersveld,2024,0400,VAT (output less input),0.0
NC061,Richtersveld,2024,0500,Pensions / Retirement deductions,521441.0
NC061,Richtersveld,2024,0600,Loan repayments,0.0
NC061,Richtersveld,2024,0700,Trade Creditors,5751185.0
NC061,Richtersveld,2024,0800,Auditor General,5384949.0
NC061,Richtersveld,2024,0900,Other,925440.0
NC061,Richtersveld,2024,1000,Total,77922493.0
NC062,Nama Khoi,2024,0100,Bulk Electricity,228066918.0
NC062,Nama Khoi,2024,0200,Bulk Water,225737134.0
NC062,Nama Khoi,2024,0300,PAYE deductions,0.0
NC062,Nama Khoi,2024,0400,VAT (output less input),0.0
NC062,Nama Khoi,2024,0500,Pensions / Retirement deductions,0.0
NC062,Nama Khoi,2024,0600,Loan repayments,0.0
NC062,Nama Khoi,2024,0700,Trade Creditors,23306340.0
NC062,Nama Khoi,2024,0800,Auditor General,2389173.0
NC062,Nama Khoi,2024,0900,Other,46063.0
NC062,Nama Khoi,2024,1000,Total,479545628.0
NC064,Kamiesberg,2024,0100,Bulk Electricity,97054186.0
NC064,Kamiesberg,2024,0200,Bulk Water,200736.0
NC064,Kamiesberg,2024,0300,PAYE deductions,1268017.0
NC064,Kamiesberg,2024,0400,VAT (output less input),0.0
NC064,Kamiesberg,2024,0500,Pensions / Retirement deductions,1465413.0
NC064,Kamiesberg,2024,0600,Loan repayments,0.0
NC064,Kamiesberg,2024,0700,Trade Creditors,4891846.0
NC064,Kamiesberg,2024,0800,Auditor General,7517001.0
NC064,Kamiesberg,2024,0900,Other,8157284.0
NC064,Kamiesberg,2024,1000,Total,120554483.0
NC065,Hantam,2024,0100,Bulk Electricity,0.0
NC065,Hantam,2024,0200,Bulk Water,0.0
NC065,Hantam,2024,0300,PAYE deductions,0.0
NC065,Hantam,2024,0400,VAT (output less input),0.0
NC065,Hantam,2024,0500,Pensions / Retirement deductions,0.0
NC065,Hantam,2024,0600,Loan repayments,0.0
NC065,Hantam,2024,0700,Trade Creditors,25160572.0
NC065,Hantam,2024,0800,Auditor General,0.0
NC065,Hantam,2024,0900,Other,29455222.0
NC065,Hantam,2024,1000,Total,54615794.0
NC066,Karoo Hoogland,2024,0100,Bulk Electricity,0.0
NC066,Karoo Hoogland,2024,0200,Bulk Water,0.0
NC066,Karoo Hoogland,2024,0300,PAYE deductions,0.0
NC066,Karoo Hoogland,2024,0400,VAT (output less input),0.0
NC066,Karoo Hoogland,2024,0500,Pensions / Retirement deductions,0.0
NC066,Karoo Hoogland,2024,0600,Loan repayments,0.0
NC066,Karoo Hoogland,2024,0700,Trade Creditors,6148896.0
NC066,Karoo Hoogland,2024,0800,Auditor General,0.0
NC066,Karoo Hoogland,2024,0900,Other,1831808.0
NC066,Karoo Hoogland,2024,1000,Total,7980704.0
NC067,Khai-Ma,2024,0100,Bulk Electricity,46228185.0
NC067,Khai-Ma,2024,0200,Bulk Water,23210653.0
NC067,Khai-Ma,2024,0300,PAYE deductions,447967.0
NC067,Khai-Ma,2024,0400,VAT (output less input),0.0
NC067,Khai-Ma,2024,0500,Pensions / Retirement deductions,311726.0
NC067,Khai-Ma,2024,0600,Loan repayments,0.0
NC067,Khai-Ma,2024,0700,Trade Creditors,0.0
NC067,Khai-Ma,2024,0800,Auditor General,5311042.0
NC067,Khai-Ma,2024,0900,Other,98136056.0
NC067,Khai-Ma,2024,1000,Total,173645629.0
NC073,Emthanjeni,2024,0100,Bulk Electricity,0.0
NC073,Emthanjeni,2024,0200,Bulk Water,0.0
NC073,Emthanjeni,2024,0300,PAYE deductions,0.0
NC073,Emthanjeni,2024,0400,VAT (output less input),0.0
NC073,Emthanjeni,2024,0500,Pensions / Retirement deductions,0.0
NC073,Emthanjeni,2024,0600,Loan repayments,0.0
NC073,Emthanjeni,2024,0700,Trade Creditors,0.0
NC073,Emthanjeni,2024,0800,Auditor General,0.0
NC073,Emthanjeni,2024,0900,Other,301968901.0
NC073,Emthanjeni,2024,1000,Total,301968901.0
NC075,Renosterberg,2024,0100,Bulk Electricity,127656737.0
NC075,Renosterberg,2024,0200,Bulk Water,8682327.0
NC075,Renosterberg,2024,0300,PAYE deductions,331080.0
NC075,Renosterberg,2024,0400,VAT (output less input),0.0
NC075,Renosterberg,2024,0500,Pensions / Retirement deductions,0.0
NC075,Renosterberg,2024,0600,Loan repayments,0.0
NC075,Renosterberg,2024,0700,Trade Creditors,569190.0
NC075,Renosterberg,2024,0800,Auditor General,15271438.0
NC075,Renosterberg,2024,0900,Other,8419988.0
NC075,Renosterberg,2024,1000,Total,160930760.0
NC078,Siyancuma,2024,0100,Bulk Electricity,0.0
NC078,Siyancuma,2024,0200,Bulk Water,0.0
NC078,Siyancuma,2024,0300,PAYE deductions,899566.0
NC078,Siyancuma,2024,0400,VAT (output less input),0.0
NC078,Siyancuma,2024,0500,Pensions / Retirement deductions,0.0
NC078,Siyancuma,2024,0600,Loan repayments,0.0
NC078,Siyancuma,2024,0700,Trade Creditors,302822619.0
NC078,Siyancuma,2024,0800,Auditor General,0.0
NC078,Siyancuma,2024,0900,Other,587493.0
NC078,Siyancuma,2024,1000,Total,304309678.0
NC084,!Kheis,2024,0100,Bulk Electricity,2746206.0
NC084,!Kheis,2024,0200,Bulk Water,5529803.0
NC084,!Kheis,2024,0300,PAYE deductions,0.0
NC084,!Kheis,2024,0400,VAT (output less input),0.0
NC084,!Kheis,2024,0500,Pensions / Retirement deductions,0.0
NC084,!Kheis,2024,0600,Loan repayments,0.0
NC084,!Kheis,2024,0700,Trade Creditors,2060299.0
NC084,!Kheis,2024,0800,Auditor General,592905.0
NC084,!Kheis,2024,0900,Other,55311318.0
NC084,!Kheis,2024,1000,Total,66240531.0
NC086,Kgatelopele,2024,0100,Bulk Electricity,25249691.0
NC086,Kgatelopele,2024,0200,Bulk Water,0.0
NC086,Kgatelopele,2024,0300,PAYE deductions,0.0
NC086,Kgatelopele,2024,0400,VAT (output less input),0.0
NC086,Kgatelopele,2024,0500,Pensions / Retirement deductions,0.0
NC086,Kgatelopele,2024,0600,Loan repayments,0.0
NC086,Kgatelopele,2024,0700,Trade Creditors,8760436.0
NC086,Kgatelopele,2024,0800,Auditor General,12533121.0
NC086,Kgatelopele,2024,0900,Other,1113857.0
NC086,Kgatelopele,2024,1000,Total,47657105.0
NC087,Dawid Kruiper,2024,0100,Bulk Electricity,125652090.0
NC087,Dawid Kruiper,2024,0200,Bulk Water,17398598.0
NC087,Dawid Kruiper,2024,0300,PAYE deductions,0.0
NC087,Dawid Kruiper,2024,0400,VAT (output less input),0.0
NC087,Dawid Kruiper,2024,0500,Pensions / Retirement deductions,0.0
NC087,Dawid Kruiper,2024,0600,Loan repayments,0.0
NC087,Dawid Kruiper,2024,0700,Trade Creditors,22800757.0
NC087,Dawid Kruiper,2024,0800,Auditor General,1700.0
NC087,Dawid Kruiper,2024,0900,Other,0.0
NC087,Dawid Kruiper,2024,1000,Total,165853145.0
NC091,Sol Plaatje,2024,0100,Bulk Electricity,251391562.0
NC091,Sol Plaatje,2024,0200,Bulk Water,78473747.0
NC091,Sol Plaatje,2024,0300,PAYE deductions,10695029.0
NC091,Sol Plaatje,2024,0400,VAT (output less input),0.0
NC091,Sol Plaatje,2024,0500,Pensions / Retirement deductions,5950510.0
NC091,Sol Plaatje,2024,0600,Loan repayments,0.0
NC091,Sol Plaatje,2024,0700,Trade Creditors,101981704.0
NC091,Sol Plaatje,2024,0800,Auditor General,95838.0
NC091,Sol Plaatje,2024,0900,Other,65823979.0
NC091,Sol Plaatje,2024,1000,Total,514412369.0
NC092,Dikgatlong,2024,0100,Bulk Electricity,0.0
NC092,Dikgatlong,2024,0200,Bulk Water,15683406.0
NC092,Dikgatlong,2024,0300,PAYE deductions,0.0
NC092,Dikgatlong,2024,0400,VAT (output less input),0.0
NC092,Dikgatlong,2024,0500,Pensions / Retirement deductions,1187.0
NC092,Dikgatlong,2024,0600,Loan repayments,0.0
NC092,Dikgatlong,2024,0700,Trade Creditors,6214297.0
NC092,Dikgatlong,2024,0800,Auditor General,0.0
NC092,Dikgatlong,2024,0900,Other,283662335.0
NC092,Dikgatlong,2024,1000,Total,305561225.0
NC093,Magareng,2024,0100,Bulk Electricity,118253256.0
NC093,Magareng,2024,0200,Bulk Water,129443488.0
NC093,Magareng,2024,0300,PAYE deductions,0.0
NC093,Magareng,2024,0400,VAT (output less input),0.0
NC093,Magareng,2024,0500,Pensions / Retirement deductions,0.0
NC093,Magareng,2024,0600,Loan repayments,0.0
NC093,Magareng,2024,0700,Trade Creditors,57964794.0
NC093,Magareng,2024,0800,Auditor General,2333178.0
NC093,Magareng,2024,0900,Other,0.0
NC093,Magareng,2024,1000,Total,307994716.0
NC094,Phokwane,2024,0100,Bulk Electricity,47697452.0
NC094,Phokwane,2024,0200,Bulk Water,0.0
NC094,Phokwane,2024,0300,PAYE deductions,0.0
NC094,Phokwane,2024,0400,VAT (output less input),0.0
NC094,Phokwane,2024,0500,Pensions / Retirement deductions,0.0
NC094,Phokwane,2024,0600,Loan repayments,0.0
NC094,Phokwane,2024,0700,Trade Creditors,495049740.0
NC094,Phokwane,2024,0800,Auditor General,0.0
NC094,Phokwane,2024,0900,Other,0.0
NC094,Phokwane,2024,1000,Total,542747192.0
NC452,Ga-Segonyana,2024,0100,Bulk Electricity,0.0
NC452,Ga-Segonyana,2024,0200,Bulk Water,0.0
NC452,Ga-Segonyana,2024,0300,PAYE deductions,0.0
NC452,Ga-Segonyana,2024,0400,VAT (output less input),0.0
NC452,Ga-Segonyana,2024,0500,Pensions / Retirement deductions,0.0
NC452,Ga-Segonyana,2024,0600,Loan repayments,0.0
NC452,Ga-Segonyana,2024,0700,Trade Creditors,2752541.0
NC452,Ga-Segonyana,2024,0800,Auditor General,0.0
NC452,Ga-Segonyana,2024,0900,Other,0.0
NC452,Ga-Segonyana,2024,1000,Total,2752541.0
NC453,Gamagara,2024,0100,Bulk Electricity,461674312.0
NC453,Gamagara,2024,0200,Bulk Water,220317.0
NC453,Gamagara,2024,0300,PAYE deductions,0.0
NC453,Gamagara,2024,0400,VAT (output less input),0.0
NC453,Gamagara,2024,0500,Pensions / Retirement deductions,0.0
NC453,Gamagara,2024,0600,Loan repayments,0.0
NC453,Gamagara,2024,0700,Trade Creditors,11016991.0
NC453,Gamagara,2024,0800,Auditor General,0.0
NC453,Gamagara,2024,0900,Other,11899783.0
NC453,Gamagara,2024,1000,Total,484811403.0
NMA,Nelson Mandela Bay,2024,0100,Bulk Electricity,0.0
NMA,Nelson Mandela Bay,2024,0200,Bulk Water,0.0
NMA,Nelson Mandela Bay,2024,0300,PAYE deductions,0.0
NMA,Nelson Mandela Bay,2024,0400,VAT (output less input),0.0
NMA,Nelson Mandela Bay,2024,0500,Pensions / Retirement deductions,0.0
NMA,Nelson Mandela Bay,2024,0600,Loan repayments,0.0
NMA,Nelson Mandela Bay,2024,0700,Trade Creditors,2319525943.0
NMA,Nelson Mandela Bay,2024,0800,Auditor General,0.0
NMA,Nelson Mandela Bay,2024,0900,Other,0.0
NMA,Nelson Mandela Bay,2024,1000,Total,2319525943.0
NW372,Madibeng,2024,0100,Bulk Electricity,1180478578.0
NW372,Madibeng,2024,0200,Bulk Water,153272037.0
NW372,Madibeng,2024,0300,PAYE deductions,0.0
NW372,Madibeng,2024,0400,VAT (output less input),0.0
NW372,Madibeng,2024,0500,Pensions / Retirement deductions,0.0
NW372,Madibeng,2024,0600,Loan repayments,0.0
NW372,Madibeng,2024,0700,Trade Creditors,30785619.0
NW372,Madibeng,2024,0800,Auditor General,7323392.0
NW372,Madibeng,2024,0900,Other,0.0
NW372,Madibeng,2024,1000,Total,1371859626.0
NW375,Moses Kotane,2024,0100,Bulk Electricity,0.0
NW375,Moses Kotane,2024,0200,Bulk Water,0.0
NW375,Moses Kotane,2024,0300,PAYE deductions,0.0
NW375,Moses Kotane,2024,0400,VAT (output less input),0.0
NW375,Moses Kotane,2024,0500,Pensions / Retirement deductions,0.0
NW375,Moses Kotane,2024,0600,Loan repayments,0.0
NW375,Moses Kotane,2024,0700,Trade Creditors,88218359.0
NW375,Moses Kotane,2024,0800,Auditor General,0.0
NW375,Moses Kotane,2024,0900,Other,0.0
NW375,Moses Kotane,2024,1000,Total,88218359.0
NW381,Ratlou,2024,0100,Bulk Electricity,0.0
NW381,Ratlou,2024,0200,Bulk Water,0.0
NW381,Ratlou,2024,0300,PAYE deductions,0.0
NW381,Ratlou,2024,0400,VAT (output less input),0.0
NW381,Ratlou,2024,0500,Pensions / Retirement deductions,0.0
NW381,Ratlou,2024,0600,Loan repayments,0.0
NW381,Ratlou,2024,0700,Trade Creditors,2173434.0
NW381,Ratlou,2024,0800,Auditor General,0.0
NW381,Ratlou,2024,0900,Other,0.0
NW381,Ratlou,2024,1000,Total,2173434.0
NW382,Tswaing,2024,0100,Bulk Electricity,175837716.0
NW382,Tswaing,2024,0200,Bulk Water,1102862.0
NW382,Tswaing,2024,0300,PAYE deductions,3543864.0
NW382,Tswaing,2024,0400,VAT (output less input),0.0
NW382,Tswaing,2024,0500,Pensions / Retirement deductions,46982422.0
NW382,Tswaing,2024,0600,Loan repayments,0.0
NW382,Tswaing,2024,0700,Trade Creditors,65295038.0
NW382,Tswaing,2024,0800,Auditor General,1249957.0
NW382,Tswaing,2024,0900,Other,3970086.0
NW382,Tswaing,2024,1000,Total,297981945.0
NW392,Naledi (NW),2024,0100,Bulk Electricity,0.0
NW392,Naledi (NW),2024,0200,Bulk Water,0.0
NW392,Naledi (NW),2024,0300,PAYE deductions,2871383.0
NW392,Naledi (NW),2024,0400,VAT (output less input),24622202.0
NW392,Naledi (NW),2024,0500,Pensions / Retirement deductions,29527643.0
NW392,Naledi (NW),2024,0600,Loan repayments,157808687.0
NW392,Naledi (NW),2024,0700,Trade Creditors,38767755.0
NW392,Naledi (NW),2024,0800,Auditor General,1026606.0
NW392,Naledi (NW),2024,0900,Other,1773045.0
NW392,Naledi (NW),2024,1000,Total,256397321.0
NW393,Mamusa,2024,0100,Bulk Electricity,57004245.0
NW393,Mamusa,2024,0200,Bulk Water,0.0
NW393,Mamusa,2024,0300,PAYE deductions,0.0
NW393,Mamusa,2024,0400,VAT (output less input),0.0
NW393,Mamusa,2024,0500,Pensions / Retirement deductions,0.0
NW393,Mamusa,2024,0600,Loan repayments,0.0
NW393,Mamusa,2024,0700,Trade Creditors,334960179.0
NW393,Mamusa,2024,0800,Auditor General,0.0
NW393,Mamusa,2024,0900,Other,0.0
NW393,Mamusa,2024,1000,Total,391964424.0
NW396,Lekwa-Teemane,2024,0100,Bulk Electricity,257754372.0
NW396,Lekwa-Teemane,2024,0200,Bulk Water,-61149.0
NW396,Lekwa-Teemane,2024,0300,PAYE deductions,0.0
NW396,Lekwa-Teemane,2024,0400,VAT (output less input),1666852.0
NW396,Lekwa-Teemane,2024,0500,Pensions / Retirement deductions,0.0
NW396,Lekwa-Teemane,2024,0600,Loan repayments,0.0
NW396,Lekwa-Teemane,2024,0700,Trade Creditors,8137026.0
NW396,Lekwa-Teemane,2024,0800,Auditor General,11420568.0
NW396,Lekwa-Teemane,2024,0900,Other,602364772.0
NW396,Lekwa-Teemane,2024,1000,Total,881282441.0
NW397,Kagisano-Molopo,2024,0100,Bulk Electricity,0.0
NW397,Kagisano-Molopo,2024,0200,Bulk Water,0.0
NW397,Kagisano-Molopo,2024,0300,PAYE deductions,0.0
NW397,Kagisano-Molopo,2024,0400,VAT (output less input),0.0
NW397,Kagisano-Molopo,2024,0500,Pensions / Retirement deductions,0.0
NW397,Kagisano-Molopo,2024,0600,Loan repayments,0.0
NW397,Kagisano-Molopo,2024,0700,Trade Creditors,2173434.0
NW397,Kagisano-Molopo,2024,0800,Auditor General,0.0
NW397,Kagisano-Molopo,2024,0900,Other,0.0
NW397,Kagisano-Molopo,2024,1000,Total,2173434.0
NW403,City of Matlosana,2024,0100,Bulk Electricity,2153866360.0
NW403,City of Matlosana,2024,0200,Bulk Water,1880576954.0
NW403,City of Matlosana,2024,0300,PAYE deductions,0.0
NW403,City of Matlosana,2024,0400,VAT (output less input),0.0
NW403,City of Matlosana,2024,0500,Pensions / Retirement deductions,0.0
NW403,City of Matlosana,2024,0600,Loan repayments,0.0
NW403,City of Matlosana,2024,0700,Trade Creditors,120108759.0
NW403,City of Matlosana,2024,0800,Auditor General,37920.0
NW403,City of Matlosana,2024,0900,Other,0.0
NW403,City of Matlosana,2024,1000,Total,4154589993.0
NW404,Maquassi Hills,2024,0100,Bulk Electricity,70200753.0
NW404,Maquassi Hills,2024,0200,Bulk Water,30618384.0
NW404,Maquassi Hills,2024,0300,PAYE deductions,0.0
NW404,Maquassi Hills,2024,0400,VAT (output less input),0.0
NW404,Maquassi Hills,2024,0500,Pensions / Retirement deductions,0.0
NW404,Maquassi Hills,2024,0600,Loan repayments,0.0
NW404,Maquassi Hills,2024,0700,Trade Creditors,8343218.0
NW404,Maquassi Hills,2024,0800,Auditor General,2511719.0
NW404,Maquassi Hills,2024,0900,Other,100750292.0
NW404,Maquassi Hills,2024,1000,Total,212424366.0
TSH,City of Tshwane,2024,0100,Bulk Electricity,-5376735925.0
TSH,City of Tshwane,2024,0200,Bulk Water,-345173568.0
TSH,City of Tshwane,2024,0300,PAYE deductions,-3267005724.0
TSH,City of Tshwane,2024,0400,VAT (output less input),-6232855254.0
TSH,City of Tshwane,2024,0500,Pensions / Retirement deductions,0.0
TSH,City of Tshwane,2024,0600,Loan repayments,0.0
TSH,City of Tshwane,2024,0700,Trade Creditors,0.0
TSH,City of Tshwane,2024,0800,Auditor General,-11761.0
TSH,City of Tshwane,2024,0900,Other,0.0
TSH,City of Tshwane,2024,1000,Total,-15221782232.0
WC011,Matzikama,2024,0100,Bulk Electricity,17425763.0
WC011,Matzikama,2024,0200,Bulk Water,1730730.0
WC011,Matzikama,2024,0300,PAYE deductions,0.0
WC011,Matzikama,2024,0400,VAT (output less input),0.0
WC011,Matzikama,2024,0500,Pensions / Retirement deductions,0.0
WC011,Matzikama,2024,0600,Loan repayments,0.0
WC011,Matzikama,2024,0700,Trade Creditors,30663449.0
WC011,Matzikama,2024,0800,Auditor General,0.0
WC011,Matzikama,2024,0900,Other,12604315.0
WC011,Matzikama,2024,1000,Total,62424257.0
WC013,Bergrivier,2024,0100,Bulk Electricity,9067386.0
WC013,Bergrivier,2024,0200,Bulk Water,784951.0
WC013,Bergrivier,2024,0300,PAYE deductions,0.0
WC013,Bergrivier,2024,0400,VAT (output less input),0.0
WC013,Bergrivier,2024,0500,Pensions / Retirement deductions,0.0
WC013,Bergrivier,2024,0600,Loan repayments,0.0
WC013,Bergrivier,2024,0700,Trade Creditors,6349764.0
WC013,Bergrivier,2024,0800,Auditor General,0.0
WC013,Bergrivier,2024,0900,Other,8208092.0
WC013,Bergrivier,2024,1000,Total,24410193.0
WC014,Saldanha Bay,2024,0100,Bulk Electricity,0.0
WC014,Saldanha Bay,2024,0200,Bulk Water,0.0
WC014,Saldanha Bay,2024,0300,PAYE deductions,0.0
WC014,Saldanha Bay,2024,0400,VAT (output less input),0.0
WC014,Saldanha Bay,2024,0500,Pensions / Retirement deductions,0.0
WC014,Saldanha Bay,2024,0600,Loan repayments,0.0
WC014,Saldanha Bay,2024,0700,Trade Creditors,7827878.0
WC014,Saldanha Bay,2024,0800,Auditor General,105659.0
WC014,Saldanha Bay,2024,0900,Other,0.0
WC014,Saldanha Bay,2024,1000,Total,7933537.0
WC015,Swartland,2024,0100,Bulk Electricity,0.0
WC015,Swartland,2024,0200,Bulk Water,0.0
WC015,Swartland,2024,0300,PAYE deductions,0.0
WC015,Swartland,2024,0400,VAT (output less input),0.0
WC015,Swartland,2024,0500,Pensions / Retirement deductions,0.0
WC015,Swartland,2024,0600,Loan repayments,0.0
WC015,Swartland,2024,0700,Trade Creditors,15297779.0
WC015,Swartland,2024,0800,Auditor General,0.0
WC015,Swartland,2024,0900,Other,0.0
WC015,Swartland,2024,1000,Total,15297779.0
WC022,Witzenberg,2024,0100,Bulk Electricity,0.0
WC022,Witzenberg,2024,0200,Bulk Water,0.0
WC022,Witzenberg,2024,0300,PAYE deductions,0.0
WC022,Witzenberg,2024,0400,VAT (output less input),0.0
WC022,Witzenberg,2024,0500,Pensions / Retirement deductions,0.0
WC022,Witzenberg,2024,0600,Loan repayments,0.0
WC022,Witzenberg,2024,0700,Trade Creditors,9541672.0
WC022,Witzenberg,2024,0800,Auditor General,0.0
WC022,Witzenberg,2024,0900,Other,0.0
WC022,Witzenberg,2024,1000,Total,9541672.0
WC023,Drakenstein,2024,0100,Bulk Electricity,0.0
WC023,Drakenstein,2024,0200,Bulk Water,0.0
WC023,Drakenstein,2024,0300,PAYE deductions,0.0
WC023,Drakenstein,2024,0400,VAT (output less input),0.0
WC023,Drakenstein,2024,0500,Pensions / Retirement deductions,0.0
WC023,Drakenstein,2024,0600,Loan repayments,0.0
WC023,Drakenstein,2024,0700,Trade Creditors,0.0
WC023,Drakenstein,2024,0800,Auditor General,0.0
WC023,Drakenstein,2024,0900,Other,0.0
WC023,Drakenstein,2024,1000,Total,0.0
WC024,Stellenbosch,2024,0100,Bulk Electricity,0.0
WC024,Stellenbosch,2024,0200,Bulk Water,0.0
WC024,Stellenbosch,2024,0300,PAYE deductions,0.0
WC024,Stellenbosch,2024,0400,VAT (output less input),0.0
WC024,Stellenbosch,2024,0500,Pensions / Retirement deductions,0.0
WC024,Stellenbosch,2024,0600,Loan repayments,368052741.0
WC024,Stellenbosch,2024,0700,Trade Creditors,0.0
WC024,Stellenbosch,2024,0800,Auditor General,0.0
WC024,Stellenbosch,2024,0900,Other,154397.0
WC024,Stellenbosch,2024,1000,Total,368207138.0
WC025,Breede Valley,2024,0100,Bulk Electricity,0.0
WC025,Breede Valley,2024,0200,Bulk Water,0.0
WC025,Breede Valley,2024,0300,PAYE deductions,0.0
WC025,Breede Valley,2024,0400,VAT (output less input),0.0
WC025,Breede Valley,2024,0500,Pensions / Retirement deductions,0.0
WC025,Breede Valley,2024,0600,Loan repayments,1.0
WC025,Breede Valley,2024,0700,Trade Creditors,0.0
WC025,Breede Valley,2024,0800,Auditor General,0.0
WC025,Breede Valley,2024,0900,Other,0.0
WC025,Breede Valley,2024,1000,Total,1.0
WC026,Langeberg,2024,0100,Bulk Electricity,0.0
WC026,Langeberg,2024,0200,Bulk Water,0.0
WC026,Langeberg,2024,0300,PAYE deductions,0.0
WC026,Langeberg,2024,0400,VAT (output less input),0.0
WC026,Langeberg,2024,0500,Pensions / Retirement deductions,0.0
WC026,Langeberg,2024,0600,Loan repayments,0.0
WC026,Langeberg,2024,0700,Trade Creditors,0.0
WC026,Langeberg,2024,0800,Auditor General,0.0
WC026,Langeberg,2024,0900,Other,0.0
WC026,Langeberg,2024,1000,Total,0.0
WC031,Theewaterskloof,2024,0100,Bulk Electricity,11499124.0
WC031,Theewaterskloof,2024,0200,Bulk Water,1571802.0
WC031,Theewaterskloof,2024,0300,PAYE deductions,0.0
WC031,Theewaterskloof,2024,0400,VAT (output less input),0.0
WC031,Theewaterskloof,2024,0500,Pensions / Retirement deductions,0.0
WC031,Theewaterskloof,2024,0600,Loan repayments,0.0
WC031,Theewaterskloof,2024,0700,Trade Creditors,42797896.0
WC031,Theewaterskloof,2024,0800,Auditor General,0.0
WC031,Theewaterskloof,2024,0900,Other,1613793.0
WC031,Theewaterskloof,2024,1000,Total,57482615.0
WC033,Cape Agulhas,2024,0100,Bulk Electricity,15157400.0
WC033,Cape Agulhas,2024,0200,Bulk Water,75733.0
WC033,Cape Agulhas,2024,0300,PAYE deductions,0.0
WC033,Cape Agulhas,2024,0400,VAT (output less input),0.0
WC033,Cape Agulhas,2024,0500,Pensions / Retirement deductions,0.0
WC033,Cape Agulhas,2024,0600,Loan repayments,0.0
WC033,Cape Agulhas,2024,0700,Trade Creditors,6491345.0
WC033,Cape Agulhas,2024,0800,Auditor General,0.0
WC033,Cape Agulhas,2024,0900,Other,1370324.0
WC033,Cape Agulhas,2024,1000,Total,23094802.0
WC034,Swellendam,2024,0100,Bulk Electricity,0.0
WC034,Swellendam,2024,0200,Bulk Water,0.0
WC034,Swellendam,2024,0300,PAYE deductions,0.0
WC034,Swellendam,2024,0400,VAT (output less input),0.0
WC034,Swellendam,2024,0500,Pensions / Retirement deductions,0.0
WC034,Swellendam,2024,0600,Loan repayments,0.0
WC034,Swellendam,2024,0700,Trade Creditors,0.0
WC034,Swellendam,2024,0800,Auditor General,0.0
WC034,Swellendam,2024,0900,Other,0.0
WC034,Swellendam,2024,1000,Total,0.0
WC041,Kannaland,2024,0100,Bulk Electricity,6386718.0
WC041,Kannaland,2024,0200,Bulk Water,0.0
WC041,Kannaland,2024,0300,PAYE deductions,7495695.0
WC041,Kannaland,2024,0400,VAT (output less input),0.0
WC041,Kannaland,2024,0500,Pensions / Retirement deductions,1484671.0
WC041,Kannaland,2024,0600,Loan repayments,0.0
WC041,Kannaland,2024,0700,Trade Creditors,4156570.0
WC041,Kannaland,2024,0800,Auditor General,967447.0
WC041,Kannaland,2024,0900,Other,13183960.0
WC041,Kannaland,2024,1000,Total,33675061.0
WC042,Hessequa,2024,0100,Bulk Electricity,0.0
WC042,Hessequa,2024,0200,Bulk Water,0.0
WC042,Hessequa,2024,0300,PAYE deductions,2483858.0
WC042,Hessequa,2024,0400,VAT (output less input),0.0
WC042,Hessequa,2024,0500,Pensions / Retirement deductions,0.0
WC042,Hessequa,2024,0600,Loan repayments,0.0
WC042,Hessequa,2024,0700,Trade Creditors,37901360.0
WC042,Hessequa,2024,0800,Auditor General,0.0
WC042,Hessequa,2024,0900,Other,24348105.0
WC042,Hessequa,2024,1000,Total,64733323.0
WC043,Mossel Bay,2024,0100,Bulk Electricity,46639612.0
WC043,Mossel Bay,2024,0200,Bulk Water,1472975.0
WC043,Mossel Bay,2024,0300,PAYE deductions,0.0
WC043,Mossel Bay,2024,0400,VAT (output less input),0.0
WC043,Mossel Bay,2024,0500,Pensions / Retirement deductions,0.0
WC043,Mossel Bay,2024,0600,Loan repayments,0.0
WC043,Mossel Bay,2024,0700,Trade Creditors,82604597.0
WC043,Mossel Bay,2024,0800,Auditor General,3859.0
WC043,Mossel Bay,2024,0900,Other,0.0
WC043,Mossel Bay,2024,1000,Total,130721043.0
WC044,George,2024,0100,Bulk Electricity,0.0
WC044,George,2024,0200,Bulk Water,0.0
WC044,George,2024,0300,PAYE deductions,0.0
WC044,George,2024,0400,VAT (output less input),19202050.0
WC044,George,2024,0500,Pensions / Retirement deductions,0.0
WC044,George,2024,0600,Loan repayments,0.0
WC044,George,2024,0700,Trade Creditors,0.0
WC044,George,2024,0800,Auditor General,0.0
WC044,George,2024,0900,Other,1175294775.0
WC044,George,2024,1000,Total,1194496825.0
WC045,Oudtshoorn,2024,0100,Bulk Electricity,0.0
WC045,Oudtshoorn,2024,0200,Bulk Water,0.0
WC045,Oudtshoorn,2024,0300,PAYE deductions,0.0
WC045,Oudtshoorn,2024,0400,VAT (output less input),0.0
WC045,Oudtshoorn,2024,0500,Pensions / Retirement deductions,0.0
WC045,Oudtshoorn,2024,0600,Loan repayments,0.0
WC045,Oudtshoorn,2024,0700,Trade Creditors,208333.0
WC045,Oudtshoorn,2024,0800,Auditor General,0.0
WC045,Oudtshoorn,2024,0900,Other,0.0
WC045,Oudtshoorn,2024,1000,Total,208333.0
WC047,Bitou,2024,0100,Bulk Electricity,0.0
WC047,Bitou,2024,0200,Bulk Water,0.0
WC047,Bitou,2024,0300,PAYE deductions,0.0
WC047,Bitou,2024,0400,VAT (output less input),0.0
WC047,Bitou,2024,0500,Pensions / Retirement deductions,0.0
WC047,Bitou,2024,0600,Loan repayments,0.0
WC047,Bitou,2024,0700,Trade Creditors,27498127.0
WC047,Bitou,2024,0800,Auditor General,0.0
WC047,Bitou,2024,0900,Other,0.0
WC047,Bitou,2024,1000,Total,27498127.0
WC048,Knysna,2024,0100,Bulk Electricity,0.0
WC048,Knysna,2024,0200,Bulk Water,0.0
WC048,Knysna,2024,0300,PAYE deductions,0.0
WC048,Knysna,2024,0400,VAT (output less input),0.0
WC048,Knysna,2024,0500,Pensions / Retirement deductions,0.0
WC048,Knysna,2024,0600,Loan repayments,0.0
WC048,Knysna,2024,0700,Trade Creditors,21269335.0
WC048,Knysna,2024,0800,Auditor General,0.0
WC048,Knysna,2024,0900,Other,0.0
WC048,Knysna,2024,1000,Total,21269335.0
WC052,Prince Albert,2024,0100,Bulk Electricity,0.0
WC052,Prince Albert,2024,0200,Bulk Water,0.0
WC052,Prince Albert,2024,0300,PAYE deductions,0.0
WC052,Prince Albert,2024,0400,VAT (output less input),0.0
WC052,Prince Albert,2024,0500,Pensions / Retirement deductions,0.0
WC052,Prince Albert,2024,0600,Loan repayments,0.0
WC052,Prince Albert,2024,0700,Trade Creditors,0.0
WC052,Prince Albert,2024,0800,Auditor General,0.0
WC052,Prince Albert,2024,0900,Other,0.0
WC052,Prince Albert,2024,1000,Total,0.0
WC053,Beaufort West,2024,0100,Bulk Electricity,94419560.0
WC053,Beaufort West,2024,0200,Bulk Water,11223314.0
WC053,Beaufort West,2024,0300,PAYE deductions,0.0
WC053,Beaufort West,2024,0400,VAT (output less input),0.0
WC053,Beaufort West,2024,0500,Pensions / Retirement deductions,0.0
WC053,Beaufort West,2024,0600,Loan repayments,0.0
WC053,Beaufort West,2024,0700,Trade Creditors,24007161.0
WC053,Beaufort West,2024,0800,Auditor General,14278988.0
WC053,Beaufort West,2024,0900,Other,3133.0
WC053,Beaufort West,2024,1000,Total,143932156.0
BUF,Buffalo City,2025,0100,Bulk Electricity,372832810.0
BUF,Buffalo City,2025,0200,Bulk Water,27753925.0
BUF,Buffalo City,2025,0300,PAYE deductions,37542268.0
BUF,Buffalo City,2025,0400,VAT (output less input),0.0
BUF,Buffalo City,2025,0500,Pensions / Retirement deductions,44124264.0
BUF,Buffalo City,2025,0600,Loan repayments,0.0
BUF,Buffalo City,2025,0700,Trade Creditors,1012893135.0
BUF,Buffalo City,2025,0800,Auditor General,380776.0
BUF,Buffalo City,2025,0900,Other,120387188.0
BUF,Buffalo City,2025,0950,Medical Aid Deductions,0.0
BUF,Buffalo City,2025,1000,Total,1615914366.0
CPT,Cape Town,2025,0100,Bulk Electricity,0.0
CPT,Cape Town,2025,0200,Bulk Water,0.0
CPT,Cape Town,2025,0300,PAYE deductions,0.0
CPT,Cape Town,2025,0400,VAT (output less input),0.0
CPT,Cape Town,2025,0500,Pensions / Retirement deductions,0.0
CPT,Cape Town,2025,0600,Loan repayments,0.0
CPT,Cape Town,2025,0700,Trade Creditors,-302420.0
CPT,Cape Town,2025,0800,Auditor General,0.0
CPT,Cape Town,2025,0900,Other,-44501272.0
CPT,Cape Town,2025,0950,Medical Aid Deductions,0.0
CPT,Cape Town,2025,1000,Total,-44803692.0
DC1,West Coast,2025,0100,Bulk Electricity,0.0
DC1,West Coast,2025,0200,Bulk Water,0.0
DC1,West Coast,2025,0300,PAYE deductions,0.0
DC1,West Coast,2025,0400,VAT (output less input),0.0
DC1,West Coast,2025,0500,Pensions / Retirement deductions,0.0
DC1,West Coast,2025,0600,Loan repayments,0.0
DC1,West Coast,2025,0700,Trade Creditors,0.0
DC1,West Coast,2025,0800,Auditor General,0.0
DC1,West Coast,2025,0900,Other,0.0
DC1,West Coast,2025,0950,Medical Aid Deductions,0.0
DC1,West Coast,2025,1000,Total,0.0
DC10,Sarah Baartman,2025,0100,Bulk Electricity,0.0
DC10,Sarah Baartman,2025,0200,Bulk Water,0.0
DC10,Sarah Baartman,2025,0300,PAYE deductions,0.0
DC10,Sarah Baartman,2025,0400,VAT (output less input),0.0
DC10,Sarah Baartman,2025,0500,Pensions / Retirement deductions,0.0
DC10,Sarah Baartman,2025,0600,Loan repayments,0.0
DC10,Sarah Baartman,2025,0700,Trade Creditors,0.0
DC10,Sarah Baartman,2025,0800,Auditor General,0.0
DC10,Sarah Baartman,2025,0900,Other,0.0
DC10,Sarah Baartman,2025,0950,Medical Aid Deductions,0.0
DC10,Sarah Baartman,2025,1000,Total,0.0
DC12,Amathole,2025,0100,Bulk Electricity,7076358.0
DC12,Amathole,2025,0200,Bulk Water,343453070.0
DC12,Amathole,2025,0300,PAYE deductions,0.0
DC12,Amathole,2025,0400,VAT (output less input),0.0
DC12,Amathole,2025,0500,Pensions / Retirement deductions,0.0
DC12,Amathole,2025,0600,Loan repayments,0.0
DC12,Amathole,2025,0700,Trade Creditors,173928068.0
DC12,Amathole,2025,0800,Auditor General,0.0
DC12,Amathole,2025,0900,Other,4006977.0
DC12,Amathole,2025,0950,Medical Aid Deductions,0.0
DC12,Amathole,2025,1000,Total,528464473.0
DC13,Chris Hani,2025,0100,Bulk Electricity,0.0
DC13,Chris Hani,2025,0200,Bulk Water,0.0
DC13,Chris Hani,2025,0300,PAYE deductions,0.0
DC13,Chris Hani,2025,0400,VAT (output less input),0.0
DC13,Chris Hani,2025,0500,Pensions / Retirement deductions,0.0
DC13,Chris Hani,2025,0600,Loan repayments,0.0
DC13,Chris Hani,2025,0700,Trade Creditors,22666865.0
DC13,Chris Hani,2025,0800,Auditor General,0.0
DC13,Chris Hani,2025,0900,Other,0.0
DC13,Chris Hani,2025,0950,Medical Aid Deductions,0.0
DC13,Chris Hani,2025,1000,Total,22666865.0
DC14,Joe Gqabi,2025,0100,Bulk Electricity,0.0
DC14,Joe Gqabi,2025,0200,Bulk Water,0.0
DC14,Joe Gqabi,2025,0300,PAYE deductions,0.0
DC14,Joe Gqabi,2025,0400,VAT (output less input),0.0
DC14,Joe Gqabi,2025,0500,Pensions / Retirement deductions,0.0
DC14,Joe Gqabi,2025,0600,Loan repayments,0.0
DC14,Joe Gqabi,2025,0700,Trade Creditors,73430979.0
DC14,Joe Gqabi,2025,0800,Auditor General,0.0
DC14,Joe Gqabi,2025,0900,Other,0.0
DC14,Joe Gqabi,2025,0950,Medical Aid Deductions,0.0
DC14,Joe Gqabi,2025,1000,Total,73430979.0
DC15,O R Tambo,2025,0100,Bulk Electricity,0.0
DC15,O R Tambo,2025,0200,Bulk Water,41090430.0
DC15,O R Tambo,2025,0300,PAYE deductions,0.0
DC15,O R Tambo,2025,0400,VAT (output less input),0.0
DC15,O R Tambo,2025,0500,Pensions / Retirement deductions,0.0
DC15,O R Tambo,2025,0600,Loan repayments,0.0
DC15,O R Tambo,2025,0700,Trade Creditors,194784921.0
DC15,O R Tambo,2025,0800,Auditor General,0.0
DC15,O R Tambo,2025,0900,Other,397232010.0
DC15,O R Tambo,2025,0950,Medical Aid Deductions,0.0
DC15,O R Tambo,2025,1000,Total,633107361.0
DC16,Xhariep,2025,0100,Bulk Electricity,0.0
DC16,Xhariep,2025,0200,Bulk Water,0.0
DC16,Xhariep,2025,0300,PAYE deductions,0.0
DC16,Xhariep,2025,0400,VAT (output less input),0.0
DC16,Xhariep,2025,0500,Pensions / Retirement deductions,0.0
DC16,Xhariep,2025,0600,Loan repayments,0.0
DC16,Xhariep,2025,0700,Trade Creditors,0.0
DC16,Xhariep,2025,0800,Auditor General,0.0
DC16,Xhariep,2025,0900,Other,16820198.0
DC16,Xhariep,2025,0950,Medical Aid Deductions,0.0
DC16,Xhariep,2025,1000,Total,16820198.0
DC18,Lejweleputswa,2025,0100,Bulk Electricity,0.0
DC18,Lejweleputswa,2025,0200,Bulk Water,0.0
DC18,Lejweleputswa,2025,0300,PAYE deductions,0.0
DC18,Lejweleputswa,2025,0400,VAT (output less input),-2552.0
DC18,Lejweleputswa,2025,0500,Pensions / Retirement deductions,0.0
DC18,Lejweleputswa,2025,0600,Loan repayments,431359.0
DC18,Lejweleputswa,2025,0700,Trade Creditors,33276.0
DC18,Lejweleputswa,2025,0800,Auditor General,0.0
DC18,Lejweleputswa,2025,0900,Other,600920.0
DC18,Lejweleputswa,2025,0950,Medical Aid Deductions,0.0
DC18,Lejweleputswa,2025,1000,Total,1063003.0
DC19,Thabo Mofutsanyana,2025,0100,Bulk Electricity,0.0
DC19,Thabo Mofutsanyana,2025,0200,Bulk Water,0.0
DC19,Thabo Mofutsanyana,2025,0300,PAYE deductions,0.0
DC19,Thabo Mofutsanyana,2025,0400,VAT (output less input),0.0
DC19,Thabo Mofutsanyana,2025,0500,Pensions / Retirement deductions,0.0
DC19,Thabo Mofutsanyana,2025,0600,Loan repayments,0.0
DC19,Thabo Mofutsanyana,2025,0700,Trade Creditors,0.0
DC19,Thabo Mofutsanyana,2025,0800,Auditor General,0.0
DC19,Thabo Mofutsanyana,2025,0900,Other,6147007.0
DC19,Thabo Mofutsanyana,2025,0950,Medical Aid Deductions,0.0
DC19,Thabo Mofutsanyana,2025,1000,Total,6147007.0
DC2,Cape Winelands DM,2025,0100,Bulk Electricity,0.0
DC2,Cape Winelands DM,2025,0200,Bulk Water,0.0
DC2,Cape Winelands DM,2025,0300,PAYE deductions,0.0
DC2,Cape Winelands DM,2025,0400,VAT (output less input),0.0
DC2,Cape Winelands DM,2025,0500,Pensions / Retirement deductions,0.0
DC2,Cape Winelands DM,2025,0600,Loan repayments,0.0
DC2,Cape Winelands DM,2025,0700,Trade Creditors,24098803.0
DC2,Cape Winelands DM,2025,0800,Auditor General,0.0
DC2,Cape Winelands DM,2025,0900,Other,4169886.0
DC2,Cape Winelands DM,2025,0950,Medical Aid Deductions,0.0
DC2,Cape Winelands DM,2025,1000,Total,28268689.0
DC20,Fezile Dabi,2025,0100,Bulk Electricity,0.0
DC20,Fezile Dabi,2025,0200,Bulk Water,0.0
DC20,Fezile Dabi,2025,0300,PAYE deductions,0.0
DC20,Fezile Dabi,2025,0400,VAT (output less input),0.0
DC20,Fezile Dabi,2025,0500,Pensions / Retirement deductions,0.0
DC20,Fezile Dabi,2025,0600,Loan repayments,0.0
DC20,Fezile Dabi,2025,0700,Trade Creditors,171238.0
DC20,Fezile Dabi,2025,0800,Auditor General,0.0
DC20,Fezile Dabi,2025,0900,Other,696937.0
DC20,Fezile Dabi,2025,0950,Medical Aid Deductions,0.0
DC20,Fezile Dabi,2025,1000,Total,868175.0
DC21,Ugu,2025,0100,Bulk Electricity,0.0
DC21,Ugu,2025,0200,Bulk Water,646983880.0
DC21,Ugu,2025,0300,PAYE deductions,0.0
DC21,Ugu,2025,0400,VAT (output less input),0.0
DC21,Ugu,2025,0500,Pensions / Retirement deductions,0.0
DC21,Ugu,2025,0600,Loan repayments,0.0
DC21,Ugu,2025,0700,Trade Creditors,373397432.0
DC21,Ugu,2025,0800,Auditor General,2071503.0
DC21,Ugu,2025,0900,Other,68597697.0
DC21,Ugu,2025,0950,Medical Aid Deductions,0.0
DC21,Ugu,2025,1000,Total,1091050512.0
DC22,uMgungundlovu,2025,0100,Bulk Electricity,0.0
DC22,uMgungundlovu,2025,0200,Bulk Water,41188554.0
DC22,uMgungundlovu,2025,0300,PAYE deductions,0.0
DC22,uMgungundlovu,2025,0400,VAT (output less input),0.0
DC22,uMgungundlovu,2025,0500,Pensions / Retirement deductions,0.0
DC22,uMgungundlovu,2025,0600,Loan repayments,0.0
DC22,uMgungundlovu,2025,0700,Trade Creditors,8889380.0
DC22,uMgungundlovu,2025,0800,Auditor General,0.0
DC22,uMgungundlovu,2025,0900,Other,13461520.0
DC22,uMgungundlovu,2025,0950,Medical Aid Deductions,0.0
DC22,uMgungundlovu,2025,1000,Total,63539454.0
DC23,Uthukela,2025,0100,Bulk Electricity,0.0
DC23,Uthukela,2025,0200,Bulk Water,0.0
DC23,Uthukela,2025,0300,PAYE deductions,0.0
DC23,Uthukela,2025,0400,VAT (output less input),0.0
DC23,Uthukela,2025,0500,Pensions / Retirement deductions,0.0
DC23,Uthukela,2025,0600,Loan repayments,0.0
DC23,Uthukela,2025,0700,Trade Creditors,106483394.0
DC23,Uthukela,2025,0800,Auditor General,0.0
DC23,Uthukela,2025,0900,Other,0.0
DC23,Uthukela,2025,0950,Medical Aid Deductions,0.0
DC23,Uthukela,2025,1000,Total,106483394.0
DC24,Umzinyathi,2025,0100,Bulk Electricity,0.0
DC24,Umzinyathi,2025,0200,Bulk Water,0.0
DC24,Umzinyathi,2025,0300,PAYE deductions,0.0
DC24,Umzinyathi,2025,0400,VAT (output less input),0.0
DC24,Umzinyathi,2025,0500,Pensions / Retirement deductions,0.0
DC24,Umzinyathi,2025,0600,Loan repayments,0.0
DC24,Umzinyathi,2025,0700,Trade Creditors,19639637.0
DC24,Umzinyathi,2025,0800,Auditor General,0.0
DC24,Umzinyathi,2025,0900,Other,358682561.0
DC24,Umzinyathi,2025,0950,Medical Aid Deductions,0.0
DC24,Umzinyathi,2025,1000,Total,378322198.0
DC25,Amajuba,2025,0100,Bulk Electricity,0.0
DC25,Amajuba,2025,0200,Bulk Water,79675039.0
DC25,Amajuba,2025,0300,PAYE deductions,0.0
DC25,Amajuba,2025,0400,VAT (output less input),0.0
DC25,Amajuba,2025,0500,Pensions / Retirement deductions,0.0
DC25,Amajuba,2025,0600,Loan repayments,0.0
DC25,Amajuba,2025,0700,Trade Creditors,15516845.0
DC25,Amajuba,2025,0800,Auditor General,1716140.0
DC25,Amajuba,2025,0900,Other,59240951.0
DC25,Amajuba,2025,0950,Medical Aid Deductions,0.0
DC25,Amajuba,2025,1000,Total,156148975.0
DC26,Zululand,2025,0100,Bulk Electricity,11583863.0
DC26,Zululand,2025,0200,Bulk Water,15092380.0
DC26,Zululand,2025,0300,PAYE deductions,0.0
DC26,Zululand,2025,0400,VAT (output less input),0.0
DC26,Zululand,2025,0500,Pensions / Retirement deductions,0.0
DC26,Zululand,2025,0600,Loan repayments,0.0
DC26,Zululand,2025,0700,Trade Creditors,223311412.0
DC26,Zululand,2025,0800,Auditor General,0.0
DC26,Zululand,2025,0900,Other,65626100.0
DC26,Zululand,2025,0950,Medical Aid Deductions,0.0
DC26,Zululand,2025,1000,Total,315613755.0
DC27,Umkhanyakude,2025,0100,Bulk Electricity,0.0
DC27,Umkhanyakude,2025,0200,Bulk Water,17525310.0
DC27,Umkhanyakude,2025,0300,PAYE deductions,0.0
DC27,Umkhanyakude,2025,0400,VAT (output less input),0.0
DC27,Umkhanyakude,2025,0500,Pensions / Retirement deductions,0.0
DC27,Umkhanyakude,2025,0600,Loan repayments,-553381.0
DC27,Umkhanyakude,2025,0700,Trade Creditors,123152067.0
DC27,Umkhanyakude,2025,0800,Auditor General,4791.0
DC27,Umkhanyakude,2025,0900,Other,27226351.0
DC27,Umkhanyakude,2025,0950,Medical Aid Deductions,0.0
DC27,Umkhanyakude,2025,1000,Total,167355138.0
DC28,King Cetshwayo,2025,0100,Bulk Electricity,0.0
DC28,King Cetshwayo,2025,0200,Bulk Water,0.0
DC28,King Cetshwayo,2025,0300,PAYE deductions,0.0
DC28,King Cetshwayo,2025,0400,VAT (output less input),0.0
DC28,King Cetshwayo,2025,0500,Pensions / Retirement deductions,0.0
DC28,King Cetshwayo,2025,0600,Loan repayments,0.0
DC28,King Cetshwayo,2025,0700,Trade Creditors,120583083.0
DC28,King Cetshwayo,2025,0800,Auditor General,0.0
DC28,King Cetshwayo,2025,0900,Other,187821673.0
DC28,King Cetshwayo,2025,0950,Medical Aid Deductions,0.0
DC28,King Cetshwayo,2025,1000,Total,308404756.0
DC29,iLembe,2025,0100,Bulk Electricity,0.0
DC29,iLembe,2025,0200,Bulk Water,36972117.0
DC29,iLembe,2025,0300,PAYE deductions,0.0
DC29,iLembe,2025,0400,VAT (output less input),0.0
DC29,iLembe,2025,0500,Pensions / Retirement deductions,0.0
DC29,iLembe,2025,0600,Loan repayments,0.0
DC29,iLembe,2025,0700,Trade Creditors,45694558.0
DC29,iLembe,2025,0800,Auditor General,0.0
DC29,iLembe,2025,0900,Other,0.0
DC29,iLembe,2025,0950,Medical Aid Deductions,0.0
DC29,iLembe,2025,1000,Total,82666675.0
DC3,Overberg,2025,0100,Bulk Electricity,0.0
DC3,Overberg,2025,0200,Bulk Water,0.0
DC3,Overberg,2025,0300,PAYE deductions,0.0
DC3,Overberg,2025,0400,VAT (output less input),0.0
DC3,Overberg,2025,0500,Pensions / Retirement deductions,0.0
DC3,Overberg,2025,0600,Loan repayments,0.0
DC3,Overberg,2025,0700,Trade Creditors,0.0
DC3,Overberg,2025,0800,Auditor General,0.0
DC3,Overberg,2025,0900,Other,825.0
DC3,Overberg,2025,0950,Medical Aid Deductions,0.0
DC3,Overberg,2025,1000,Total,825.0
DC30,Gert Sibande,2025,0100,Bulk Electricity,0.0
DC30,Gert Sibande,2025,0200,Bulk Water,0.0
DC30,Gert Sibande,2025,0300,PAYE deductions,0.0
DC30,Gert Sibande,2025,0400,VAT (output less input),0.0
DC30,Gert Sibande,2025,0500,Pensions / Retirement deductions,0.0
DC30,Gert Sibande,2025,0600,Loan repayments,0.0
DC30,Gert Sibande,2025,0700,Trade Creditors,38563.0
DC30,Gert Sibande,2025,0800,Auditor General,0.0
DC30,Gert Sibande,2025,0900,Other,0.0
DC30,Gert Sibande,2025,0950,Medical Aid Deductions,0.0
DC30,Gert Sibande,2025,1000,Total,38563.0
DC31,Nkangala,2025,0100,Bulk Electricity,0.0
DC31,Nkangala,2025,0200,Bulk Water,0.0
DC31,Nkangala,2025,0300,PAYE deductions,0.0
DC31,Nkangala,2025,0400,VAT (output less input),0.0
DC31,Nkangala,2025,0500,Pensions / Retirement deductions,0.0
DC31,Nkangala,2025,0600,Loan repayments,0.0
DC31,Nkangala,2025,0700,Trade Creditors,0.0
DC31,Nkangala,2025,0800,Auditor General,0.0
DC31,Nkangala,2025,0900,Other,0.0
DC31,Nkangala,2025,0950,Medical Aid Deductions,0.0
DC31,Nkangala,2025,1000,Total,0.0
DC32,Ehlanzeni,2025,0100,Bulk Electricity,0.0
DC32,Ehlanzeni,2025,0200,Bulk Water,0.0
DC32,Ehlanzeni,2025,0300,PAYE deductions,0.0
DC32,Ehlanzeni,2025,0400,VAT (output less input),0.0
DC32,Ehlanzeni,2025,0500,Pensions / Retirement deductions,0.0
DC32,Ehlanzeni,2025,0600,Loan repayments,0.0
DC32,Ehlanzeni,2025,0700,Trade Creditors,0.0
DC32,Ehlanzeni,2025,0800,Auditor General,0.0
DC32,Ehlanzeni,2025,0900,Other,75931508.0
DC32,Ehlanzeni,2025,0950,Medical Aid Deductions,0.0
DC32,Ehlanzeni,2025,1000,Total,75931508.0
DC33,Mopani,2025,0100,Bulk Electricity,0.0
DC33,Mopani,2025,0200,Bulk Water,-12110074.0
DC33,Mopani,2025,0300,PAYE deductions,0.0
DC33,Mopani,2025,0400,VAT (output less input),0.0
DC33,Mopani,2025,0500,Pensions / Retirement deductions,0.0
DC33,Mopani,2025,0600,Loan repayments,0.0
DC33,Mopani,2025,0700,Trade Creditors,967695364.0
DC33,Mopani,2025,0800,Auditor General,0.0
DC33,Mopani,2025,0900,Other,0.0
DC33,Mopani,2025,0950,Medical Aid Deductions,0.0
DC33,Mopani,2025,1000,Total,955585290.0
DC35,Capricorn,2025,0100,Bulk Electricity,0.0
DC35,Capricorn,2025,0200,Bulk Water,0.0
DC35,Capricorn,2025,0300,PAYE deductions,0.0
DC35,Capricorn,2025,0400,VAT (output less input),0.0
DC35,Capricorn,2025,0500,Pensions / Retirement deductions,0.0
DC35,Capricorn,2025,0600,Loan repayments,0.0
DC35,Capricorn,2025,0700,Trade Creditors,5918224.0
DC35,Capricorn,2025,0800,Auditor General,0.0
DC35,Capricorn,2025,0900,Other,1350490.0
DC35,Capricorn,2025,0950,Medical Aid Deductions,0.0
DC35,Capricorn,2025,1000,Total,7268714.0
DC36,Waterberg,2025,0100,Bulk Electricity,0.0
DC36,Waterberg,2025,0200,Bulk Water,0.0
DC36,Waterberg,2025,0300,PAYE deductions,0.0
DC36,Waterberg,2025,0400,VAT (output less input),0.0
DC36,Waterberg,2025,0500,Pensions / Retirement deductions,0.0
DC36,Waterberg,2025,0600,Loan repayments,0.0
DC36,Waterberg,2025,0700,Trade Creditors,136290.0
DC36,Waterberg,2025,0800,Auditor General,0.0
DC36,Waterberg,2025,0900,Other,0.0
DC36,Waterberg,2025,0950,Medical Aid Deductions,0.0
DC36,Waterberg,2025,1000,Total,136290.0
DC38,Ngaka Modiri Molema,2025,0100,Bulk Electricity,0.0
DC38,Ngaka Modiri Molema,2025,0200,Bulk Water,0.0
DC38,Ngaka Modiri Molema,2025,0300,PAYE deductions,0.0
DC38,Ngaka Modiri Molema,2025,0400,VAT (output less input),0.0
DC38,Ngaka Modiri Molema,2025,0500,Pensions / Retirement deductions,0.0
DC38,Ngaka Modiri Molema,2025,0600,Loan repayments,0.0
DC38,Ngaka Modiri Molema,2025,0700,Trade Creditors,84290745.0
DC38,Ngaka Modiri Molema,2025,0800,Auditor General,0.0
DC38,Ngaka Modiri Molema,2025,0900,Other,454039231.0
DC38,Ngaka Modiri Molema,2025,0950,Medical Aid Deductions,0.0
DC38,Ngaka Modiri Molema,2025,1000,Total,538329976.0
DC39,Dr Ruth Segomotsi Mompati,2025,0100,Bulk Electricity,0.0
DC39,Dr Ruth Segomotsi Mompati,2025,0200,Bulk Water,616380931.0
DC39,Dr Ruth Segomotsi Mompati,2025,0300,PAYE deductions,0.0
DC39,Dr Ruth Segomotsi Mompati,2025,0400,VAT (output less input),0.0
DC39,Dr Ruth Segomotsi Mompati,2025,0500,Pensions / Retirement deductions,0.0
DC39,Dr Ruth Segomotsi Mompati,2025,0600,Loan repayments,0.0
DC39,Dr Ruth Segomotsi Mompati,2025,0700,Trade Creditors,0.0
DC39,Dr Ruth Segomotsi Mompati,2025,0800,Auditor General,-140.0
DC39,Dr Ruth Segomotsi Mompati,2025,0900,Other,61987114.0
DC39,Dr Ruth Segomotsi Mompati,2025,0950,Medical Aid Deductions,0.0
DC39,Dr Ruth Segomotsi Mompati,2025,1000,Total,678367905.0
DC4,Garden Route,2025,0100,Bulk Electricity,0.0
DC4,Garden Route,2025,0200,Bulk Water,0.0
DC4,Garden Route,2025,0300,PAYE deductions,0.0
DC4,Garden Route,2025,0400,VAT (output less input),0.0
DC4,Garden Route,2025,0500,Pensions / Retirement deductions,0.0
DC4,Garden Route,2025,0600,Loan repayments,0.0
DC4,Garden Route,2025,0700,Trade Creditors,7099984.0
DC4,Garden Route,2025,0800,Auditor General,0.0
DC4,Garden Route,2025,0900,Other,69002.0
DC4,Garden Route,2025,0950,Medical Aid Deductions,0.0
DC4,Garden Route,2025,1000,Total,7168986.0
DC40,Dr Kenneth Kaunda,2025,0100,Bulk Electricity,0.0
DC40,Dr Kenneth Kaunda,2025,0200,Bulk Water,0.0
DC40,Dr Kenneth Kaunda,2025,0300,PAYE deductions,0.0
DC40,Dr Kenneth Kaunda,2025,0400,VAT (output less input),0.0
DC40,Dr Kenneth Kaunda,2025,0500,Pensions / Retirement deductions,0.0
DC40,Dr Kenneth Kaunda,2025,0600,Loan repayments,0.0
DC40,Dr Kenneth Kaunda,2025,0700,Trade Creditors,9326354.0
DC40,Dr Kenneth Kaunda,2025,0800,Auditor General,0.0
DC40,Dr Kenneth Kaunda,2025,0900,Other,0.0
DC40,Dr Kenneth Kaunda,2025,0950,Medical Aid Deductions,0.0
DC40,Dr Kenneth Kaunda,2025,1000,Total,9326354.0
DC42,Sedibeng,2025,0100,Bulk Electricity,0.0
DC42,Sedibeng,2025,0200,Bulk Water,0.0
DC42,Sedibeng,2025,0300,PAYE deductions,0.0
DC42,Sedibeng,2025,0400,VAT (output less input),0.0
DC42,Sedibeng,2025,0500,Pensions / Retirement deductions,0.0
DC42,Sedibeng,2025,0600,Loan repayments,0.0
DC42,Sedibeng,2025,0700,Trade Creditors,3005783.0
DC42,Sedibeng,2025,0800,Auditor General,0.0
DC42,Sedibeng,2025,0900,Other,123657166.0
DC42,Sedibeng,2025,0950,Medical Aid Deductions,0.0
DC42,Sedibeng,2025,1000,Total,126662949.0
DC43,Harry Gwala,2025,0100,Bulk Electricity,0.0
DC43,Harry Gwala,2025,0200,Bulk Water,0.0
DC43,Harry Gwala,2025,0300,PAYE deductions,0.0
DC43,Harry Gwala,2025,0400,VAT (output less input),0.0
DC43,Harry Gwala,2025,0500,Pensions / Retirement deductions,0.0
DC43,Harry Gwala,2025,0600,Loan repayments,0.0
DC43,Harry Gwala,2025,0700,Trade Creditors,75807209.0
DC43,Harry Gwala,2025,0800,Auditor General,0.0
DC43,Harry Gwala,2025,0900,Other,0.0
DC43,Harry Gwala,2025,0950,Medical Aid Deductions,0.0
DC43,Harry Gwala,2025,1000,Total,75807209.0
DC44,Alfred Nzo,2025,0100,Bulk Electricity,0.0
DC44,Alfred Nzo,2025,0200,Bulk Water,0.0
DC44,Alfred Nzo,2025,0300,PAYE deductions,0.0
DC44,Alfred Nzo,2025,0400,VAT (output less input),0.0
DC44,Alfred Nzo,2025,0500,Pensions / Retirement deductions,0.0
DC44,Alfred Nzo,2025,0600,Loan repayments,0.0
DC44,Alfred Nzo,2025,0700,Trade Creditors,83359423.0
DC44,Alfred Nzo,2025,0800,Auditor General,-6365.0
DC44,Alfred Nzo,2025,0900,Other,0.0
DC44,Alfred Nzo,2025,0950,Medical Aid Deductions,0.0
DC44,Alfred Nzo,2025,1000,Total,83353058.0
DC45,John Taolo Gaetsewe,2025,0100,Bulk Electricity,4909.0
DC45,John Taolo Gaetsewe,2025,0200,Bulk Water,0.0
DC45,John Taolo Gaetsewe,2025,0300,PAYE deductions,0.0
DC45,John Taolo Gaetsewe,2025,0400,VAT (output less input),0.0
DC45,John Taolo Gaetsewe,2025,0500,Pensions / Retirement deductions,0.0
DC45,John Taolo Gaetsewe,2025,0600,Loan repayments,0.0
DC45,John Taolo Gaetsewe,2025,0700,Trade Creditors,946334.0
DC45,John Taolo Gaetsewe,2025,0800,Auditor General,4941.0
DC45,John Taolo Gaetsewe,2025,0900,Other,0.0
DC45,John Taolo Gaetsewe,2025,0950,Medical Aid Deductions,0.0
DC45,John Taolo Gaetsewe,2025,1000,Total,956184.0
DC47,Sekhukhune,2025,0100,Bulk Electricity,0.0
DC47,Sekhukhune,2025,0200,Bulk Water,164960510.0
DC47,Sekhukhune,2025,0300,PAYE deductions,0.0
DC47,Sekhukhune,2025,0400,VAT (output less input),0.0
DC47,Sekhukhune,2025,0500,Pensions / Retirement deductions,0.0
DC47,Sekhukhune,2025,0600,Loan repayments,0.0
DC47,Sekhukhune,2025,0700,Trade Creditors,105743649.0
DC47,Sekhukhune,2025,0800,Auditor General,0.0
DC47,Sekhukhune,2025,0900,Other,0.0
DC47,Sekhukhune,2025,0950,Medical Aid Deductions,0.0
DC47,Sekhukhune,2025,1000,Total,270704159.0
DC5,Central Karoo,2025,0100,Bulk Electricity,0.0
DC5,Central Karoo,2025,0200,Bulk Water,0.0
DC5,Central Karoo,2025,0300,PAYE deductions,0.0
DC5,Central Karoo,2025,0400,VAT (output less input),0.0
DC5,Central Karoo,2025,0500,Pensions / Retirement deductions,0.0
DC5,Central Karoo,2025,0600,Loan repayments,0.0
DC5,Central Karoo,2025,0700,Trade Creditors,2155206.0
DC5,Central Karoo,2025,0800,Auditor General,0.0
DC5,Central Karoo,2025,0900,Other,3450.0
DC5,Central Karoo,2025,0950,Medical Aid Deductions,0.0
DC5,Central Karoo,2025,1000,Total,2158656.0
DC6,Namakwa,2025,0100,Bulk Electricity,0.0
DC6,Namakwa,2025,0200,Bulk Water,0.0
DC6,Namakwa,2025,0300,PAYE deductions,0.0
DC6,Namakwa,2025,0400,VAT (output less input),0.0
DC6,Namakwa,2025,0500,Pensions / Retirement deductions,0.0
DC6,Namakwa,2025,0600,Loan repayments,0.0
DC6,Namakwa,2025,0700,Trade Creditors,0.0
DC6,Namakwa,2025,0800,Auditor General,0.0
DC6,Namakwa,2025,0900,Other,0.0
DC6,Namakwa,2025,0950,Medical Aid Deductions,0.0
DC6,Namakwa,2025,1000,Total,0.0
DC7,Pixley Ka Seme (NC),2025,0100,Bulk Electricity,0.0
DC7,Pixley Ka Seme (NC),2025,0200,Bulk Water,0.0
DC7,Pixley Ka Seme (NC),2025,0300,PAYE deductions,0.0
DC7,Pixley Ka Seme (NC),2025,0400,VAT (output less input),0.0
DC7,Pixley Ka Seme (NC),2025,0500,Pensions / Retirement deductions,0.0
DC7,Pixley Ka Seme (NC),2025,0600,Loan repayments,0.0
DC7,Pixley Ka Seme (NC),2025,0700,Trade Creditors,0.0
DC7,Pixley Ka Seme (NC),2025,0800,Auditor General,0.0
DC7,Pixley Ka Seme (NC),2025,0900,Other,6830279.0
DC7,Pixley Ka Seme (NC),2025,0950,Medical Aid Deductions,0.0
DC7,Pixley Ka Seme (NC),2025,1000,Total,6830279.0
DC8,Z F Mgcawu,2025,0100,Bulk Electricity,0.0
DC8,Z F Mgcawu,2025,0200,Bulk Water,0.0
DC8,Z F Mgcawu,2025,0300,PAYE deductions,2283637.0
DC8,Z F Mgcawu,2025,0400,VAT (output less input),125283.0
DC8,Z F Mgcawu,2025,0500,Pensions / Retirement deductions,1942916.0
DC8,Z F Mgcawu,2025,0600,Loan repayments,6002569.0
DC8,Z F Mgcawu,2025,0700,Trade Creditors,189453.0
DC8,Z F Mgcawu,2025,0800,Auditor General,0.0
DC8,Z F Mgcawu,2025,0900,Other,3271324.0
DC8,Z F Mgcawu,2025,0950,Medical Aid Deductions,0.0
DC8,Z F Mgcawu,2025,1000,Total,13815182.0
DC9,Frances Baard,2025,0100,Bulk Electricity,0.0
DC9,Frances Baard,2025,0200,Bulk Water,0.0
DC9,Frances Baard,2025,0300,PAYE deductions,0.0
DC9,Frances Baard,2025,0400,VAT (output less input),0.0
DC9,Frances Baard,2025,0500,Pensions / Retirement deductions,0.0
DC9,Frances Baard,2025,0600,Loan repayments,0.0
DC9,Frances Baard,2025,0700,Trade Creditors,0.0
DC9,Frances Baard,2025,0800,Auditor General,0.0
DC9,Frances Baard,2025,0900,Other,8118464.0
DC9,Frances Baard,2025,0950,Medical Aid Deductions,0.0
DC9,Frances Baard,2025,1000,Total,8118464.0
EC101,Dr Beyers Naude,2025,0100,Bulk Electricity,379650279.0
EC101,Dr Beyers Naude,2025,0200,Bulk Water,0.0
EC101,Dr Beyers Naude,2025,0300,PAYE deductions,7163063.0
EC101,Dr Beyers Naude,2025,0400,VAT (output less input),0.0
EC101,Dr Beyers Naude,2025,0500,Pensions / Retirement deductions,15395133.0
EC101,Dr Beyers Naude,2025,0600,Loan repayments,0.0
EC101,Dr Beyers Naude,2025,0700,Trade Creditors,78558739.0
EC101,Dr Beyers Naude,2025,0800,Auditor General,1767947.0
EC101,Dr Beyers Naude,2025,0900,Other,0.0
EC101,Dr Beyers Naude,2025,0950,Medical Aid Deductions,0.0
EC101,Dr Beyers Naude,2025,1000,Total,482535161.0
EC102,Blue Crane Route,2025,0100,Bulk Electricity,0.0
EC102,Blue Crane Route,2025,0200,Bulk Water,0.0
EC102,Blue Crane Route,2025,0300,PAYE deductions,0.0
EC102,Blue Crane Route,2025,0400,VAT (output less input),0.0
EC102,Blue Crane Route,2025,0500,Pensions / Retirement deductions,0.0
EC102,Blue Crane Route,2025,0600,Loan repayments,0.0
EC102,Blue Crane Route,2025,0700,Trade Creditors,7156554.0
EC102,Blue Crane Route,2025,0800,Auditor General,0.0
EC102,Blue Crane Route,2025,0900,Other,15909.0
EC102,Blue Crane Route,2025,0950,Medical Aid Deductions,0.0
EC102,Blue Crane Route,2025,1000,Total,7172463.0
EC105,Ndlambe,2025,0100,Bulk Electricity,-17580992.0
EC105,Ndlambe,2025,0200,Bulk Water,0.0
EC105,Ndlambe,2025,0300,PAYE deductions,0.0
EC105,Ndlambe,2025,0400,VAT (output less input),0.0
EC105,Ndlambe,2025,0500,Pensions / Retirement deductions,0.0
EC105,Ndlambe,2025,0600,Loan repayments,0.0
EC105,Ndlambe,2025,0700,Trade Creditors,63422631.0
EC105,Ndlambe,2025,0800,Auditor General,0.0
EC105,Ndlambe,2025,0900,Other,0.0
EC105,Ndlambe,2025,0950,Medical Aid Deductions,0.0
EC105,Ndlambe,2025,1000,Total,45841639.0
EC106,Sundays River Valley,2025,0100,Bulk Electricity,33351031.0
EC106,Sundays River Valley,2025,0200,Bulk Water,0.0
EC106,Sundays River Valley,2025,0300,PAYE deductions,0.0
EC106,Sundays River Valley,2025,0400,VAT (output less input),0.0
EC106,Sundays River Valley,2025,0500,Pensions / Retirement deductions,0.0
EC106,Sundays River Valley,2025,0600,Loan repayments,0.0
EC106,Sundays River Valley,2025,0700,Trade Creditors,81960376.0
EC106,Sundays River Valley,2025,0800,Auditor General,153249.0
EC106,Sundays River Valley,2025,0900,Other,0.0
EC106,Sundays River Valley,2025,0950,Medical Aid Deductions,0.0
EC106,Sundays River Valley,2025,1000,Total,115464656.0
EC108,Kouga,2025,0100,Bulk Electricity,49017342.0
EC108,Kouga,2025,0200,Bulk Water,2703958.0
EC108,Kouga,2025,0300,PAYE deductions,0.0
EC108,Kouga,2025,0400,VAT (output less input),0.0
EC108,Kouga,2025,0500,Pensions / Retirement deductions,0.0
EC108,Kouga,2025,0600,Loan repayments,0.0
EC108,Kouga,2025,0700,Trade Creditors,14175995.0
EC108,Kouga,2025,0800,Auditor General,0.0
EC108,Kouga,2025,0900,Other,2798968.0
EC108,Kouga,2025,0950,Medical Aid Deductions,0.0
EC108,Kouga,2025,1000,Total,68696263.0
EC121,Mbhashe,2025,0100,Bulk Electricity,0.0
EC121,Mbhashe,2025,0200,Bulk Water,0.0
EC121,Mbhashe,2025,0300,PAYE deductions,0.0
EC121,Mbhashe,2025,0400,VAT (output less input),0.0
EC121,Mbhashe,2025,0500,Pensions / Retirement deductions,0.0
EC121,Mbhashe,2025,0600,Loan repayments,0.0
EC121,Mbhashe,2025,0700,Trade Creditors,8988997.0
EC121,Mbhashe,2025,0800,Auditor General,0.0
EC121,Mbhashe,2025,0900,Other,8166381.0
EC121,Mbhashe,2025,0950,Medical Aid Deductions,0.0
EC121,Mbhashe,2025,1000,Total,17155378.0
EC122,Mnquma,2025,0100,Bulk Electricity,0.0
EC122,Mnquma,2025,0200,Bulk Water,0.0
EC122,Mnquma,2025,0300,PAYE deductions,0.0
EC122,Mnquma,2025,0400,VAT (output less input),0.0
EC122,Mnquma,2025,0500,Pensions / Retirement deductions,0.0
EC122,Mnquma,2025,0600,Loan repayments,0.0
EC122,Mnquma,2025,0700,Trade Creditors,2047118.0
EC122,Mnquma,2025,0800,Auditor General,0.0
EC122,Mnquma,2025,0900,Other,403118.0
EC122,Mnquma,2025,0950,Medical Aid Deductions,0.0
EC122,Mnquma,2025,1000,Total,2450236.0
EC123,Great Kei,2025,0100,Bulk Electricity,2003673.0
EC123,Great Kei,2025,0200,Bulk Water,0.0
EC123,Great Kei,2025,0300,PAYE deductions,0.0
EC123,Great Kei,2025,0400,VAT (output less input),0.0
EC123,Great Kei,2025,0500,Pensions / Retirement deductions,0.0
EC123,Great Kei,2025,0600,Loan repayments,0.0
EC123,Great Kei,2025,0700,Trade Creditors,14972332.0
EC123,Great Kei,2025,0800,Auditor General,57474.0
EC123,Great Kei,2025,0900,Other,8118579.0
EC123,Great Kei,2025,0950,Medical Aid Deductions,0.0
EC123,Great Kei,2025,1000,Total,25152058.0
EC126,Ngqushwa,2025,0100,Bulk Electricity,0.0
EC126,Ngqushwa,2025,0200,Bulk Water,0.0
EC126,Ngqushwa,2025,0300,PAYE deductions,0.0
EC126,Ngqushwa,2025,0400,VAT (output less input),0.0
EC126,Ngqushwa,2025,0500,Pensions / Retirement deductions,0.0
EC126,Ngqushwa,2025,0600,Loan repayments,0.0
EC126,Ngqushwa,2025,0700,Trade Creditors,3012168.0
EC126,Ngqushwa,2025,0800,Auditor General,177742.0
EC126,Ngqushwa,2025,0900,Other,3279816.0
EC126,Ngqushwa,2025,0950,Medical Aid Deductions,0.0
EC126,Ngqushwa,2025,1000,Total,6469726.0
EC129,Raymond Mhlaba,2025,0100,Bulk Electricity,0.0
EC129,Raymond Mhlaba,2025,0200,Bulk Water,0.0
EC129,Raymond Mhlaba,2025,0300,PAYE deductions,0.0
EC129,Raymond Mhlaba,2025,0400,VAT (output less input),0.0
EC129,Raymond Mhlaba,2025,0500,Pensions / Retirement deductions,0.0
EC129,Raymond Mhlaba,2025,0600,Loan repayments,0.0
EC129,Raymond Mhlaba,2025,0700,Trade Creditors,3023138.0
EC129,Raymond Mhlaba,2025,0800,Auditor General,0.0
EC129,Raymond Mhlaba,2025,0900,Other,421063043.0
EC129,Raymond Mhlaba,2025,0950,Medical Aid Deductions,0.0
EC129,Raymond Mhlaba,2025,1000,Total,424086181.0
EC131,Inxuba Yethemba,2025,0100,Bulk Electricity,754507023.0
EC131,Inxuba Yethemba,2025,0200,Bulk Water,0.0
EC131,Inxuba Yethemba,2025,0300,PAYE deductions,0.0
EC131,Inxuba Yethemba,2025,0400,VAT (output less input),0.0
EC131,Inxuba Yethemba,2025,0500,Pensions / Retirement deductions,0.0
EC131,Inxuba Yethemba,2025,0600,Loan repayments,0.0
EC131,Inxuba Yethemba,2025,0700,Trade Creditors,36208530.0
EC131,Inxuba Yethemba,2025,0800,Auditor General,13048041.0
EC131,Inxuba Yethemba,2025,0900,Other,0.0
EC131,Inxuba Yethemba,2025,0950,Medical Aid Deductions,0.0
EC131,Inxuba Yethemba,2025,1000,Total,803763594.0
EC135,Vuyisile Mini,2025,0100,Bulk Electricity,-101.0
EC135,Vuyisile Mini,2025,0200,Bulk Water,0.0
EC135,Vuyisile Mini,2025,0300,PAYE deductions,0.0
EC135,Vuyisile Mini,2025,0400,VAT (output less input),0.0
EC135,Vuyisile Mini,2025,0500,Pensions / Retirement deductions,0.0
EC135,Vuyisile Mini,2025,0600,Loan repayments,0.0
EC135,Vuyisile Mini,2025,0700,Trade Creditors,-2136923.0
EC135,Vuyisile Mini,2025,0800,Auditor General,0.0
EC135,Vuyisile Mini,2025,0900,Other,-2347003.0
EC135,Vuyisile Mini,2025,0950,Medical Aid Deductions,0.0
EC135,Vuyisile Mini,2025,1000,Total,-4484027.0
EC136,Emalahleni (EC),2025,0100,Bulk Electricity,2769852.0
EC136,Emalahleni (EC),2025,0200,Bulk Water,0.0
EC136,Emalahleni (EC),2025,0300,PAYE deductions,0.0
EC136,Emalahleni (EC),2025,0400,VAT (output less input),0.0
EC136,Emalahleni (EC),2025,0500,Pensions / Retirement deductions,0.0
EC136,Emalahleni (EC),2025,0600,Loan repayments,0.0
EC136,Emalahleni (EC),2025,0700,Trade Creditors,13002081.0
EC136,Emalahleni (EC),2025,0800,Auditor General,0.0
EC136,Emalahleni (EC),2025,0900,Other,4975.0
EC136,Emalahleni (EC),2025,0950,Medical Aid Deductions,0.0
EC136,Emalahleni (EC),2025,1000,Total,15776908.0
EC137,Dr. A.B. Xuma,2025,0100,Bulk Electricity,0.0
EC137,Dr. A.B. Xuma,2025,0200,Bulk Water,0.0
EC137,Dr. A.B. Xuma,2025,0300,PAYE deductions,0.0
EC137,Dr. A.B. Xuma,2025,0400,VAT (output less input),0.0
EC137,Dr. A.B. Xuma,2025,0500,Pensions / Retirement deductions,0.0
EC137,Dr. A.B. Xuma,2025,0600,Loan repayments,0.0
EC137,Dr. A.B. Xuma,2025,0700,Trade Creditors,5277365.0
EC137,Dr. A.B. Xuma,2025,0800,Auditor General,16409.0
EC137,Dr. A.B. Xuma,2025,0900,Other,0.0
EC137,Dr. A.B. Xuma,2025,0950,Medical Aid Deductions,0.0
EC137,Dr. A.B. Xuma,2025,1000,Total,5293774.0
EC138,Sakhisizwe,2025,0100,Bulk Electricity,0.0
EC138,Sakhisizwe,2025,0200,Bulk Water,0.0
EC138,Sakhisizwe,2025,0300,PAYE deductions,0.0
EC138,Sakhisizwe,2025,0400,VAT (output less input),0.0
EC138,Sakhisizwe,2025,0500,Pensions / Retirement deductions,0.0
EC138,Sakhisizwe,2025,0600,Loan repayments,0.0
EC138,Sakhisizwe,2025,0700,Trade Creditors,1762574.0
EC138,Sakhisizwe,2025,0800,Auditor General,0.0
EC138,Sakhisizwe,2025,0900,Other,0.0
EC138,Sakhisizwe,2025,0950,Medical Aid Deductions,0.0
EC138,Sakhisizwe,2025,1000,Total,1762574.0
EC139,Enoch Mgijima,2025,0100,Bulk Electricity,1728201261.0
EC139,Enoch Mgijima,2025,0200,Bulk Water,0.0
EC139,Enoch Mgijima,2025,0300,PAYE deductions,0.0
EC139,Enoch Mgijima,2025,0400,VAT (output less input),0.0
EC139,Enoch Mgijima,2025,0500,Pensions / Retirement deductions,0.0
EC139,Enoch Mgijima,2025,0600,Loan repayments,0.0
EC139,Enoch Mgijima,2025,0700,Trade Creditors,17563539.0
EC139,Enoch Mgijima,2025,0800,Auditor General,101480.0
EC139,Enoch Mgijima,2025,0900,Other,0.0
EC139,Enoch Mgijima,2025,0950,Medical Aid Deductions,0.0
EC139,Enoch Mgijima,2025,1000,Total,1745866280.0
EC141,Elundini,2025,0100,Bulk Electricity,4483808.0
EC141,Elundini,2025,0200,Bulk Water,0.0
EC141,Elundini,2025,0300,PAYE deductions,0.0
EC141,Elundini,2025,0400,VAT (output less input),0.0
EC141,Elundini,2025,0500,Pensions / Retirement deductions,0.0
EC141,Elundini,2025,0600,Loan repayments,0.0
EC141,Elundini,2025,0700,Trade Creditors,40997237.0
EC141,Elundini,2025,0800,Auditor General,0.0
EC141,Elundini,2025,0900,Other,0.0
EC141,Elundini,2025,0950,Medical Aid Deductions,0.0
EC141,Elundini,2025,1000,Total,45481045.0
EC145,Walter Sisulu,2025,0100,Bulk Electricity,790232344.0
EC145,Walter Sisulu,2025,0200,Bulk Water,0.0
EC145,Walter Sisulu,2025,0300,PAYE deductions,0.0
EC145,Walter Sisulu,2025,0400,VAT (output less input),0.0
EC145,Walter Sisulu,2025,0500,Pensions / Retirement deductions,0.0
EC145,Walter Sisulu,2025,0600,Loan repayments,0.0
EC145,Walter Sisulu,2025,0700,Trade Creditors,29596885.0
EC145,Walter Sisulu,2025,0800,Auditor General,7000.0
EC145,Walter Sisulu,2025,0900,Other,0.0
EC145,Walter Sisulu,2025,0950,Medical Aid Deductions,0.0
EC145,Walter Sisulu,2025,1000,Total,819836229.0
EC153,Ngquza Hills,2025,0100,Bulk Electricity,0.0
EC153,Ngquza Hills,2025,0200,Bulk Water,0.0
EC153,Ngquza Hills,2025,0300,PAYE deductions,0.0
EC153,Ngquza Hills,2025,0400,VAT (output less input),0.0
EC153,Ngquza Hills,2025,0500,Pensions / Retirement deductions,0.0
EC153,Ngquza Hills,2025,0600,Loan repayments,0.0
EC153,Ngquza Hills,2025,0700,Trade Creditors,8615961.0
EC153,Ngquza Hills,2025,0800,Auditor General,0.0
EC153,Ngquza Hills,2025,0900,Other,0.0
EC153,Ngquza Hills,2025,0950,Medical Aid Deductions,0.0
EC153,Ngquza Hills,2025,1000,Total,8615961.0
EC154,Port St Johns,2025,0100,Bulk Electricity,0.0
EC154,Port St Johns,2025,0200,Bulk Water,0.0
EC154,Port St Johns,2025,0300,PAYE deductions,0.0
EC154,Port St Johns,2025,0400,VAT (output less input),0.0
EC154,Port St Johns,2025,0500,Pensions / Retirement deductions,0.0
EC154,Port St Johns,2025,0600,Loan repayments,0.0
EC154,Port St Johns,2025,0700,Trade Creditors,24685036.0
EC154,Port St Johns,2025,0800,Auditor General,21394.0
EC154,Port St Johns,2025,0900,Other,0.0
EC154,Port St Johns,2025,0950,Medical Aid Deductions,0.0
EC154,Port St Johns,2025,1000,Total,24706430.0
EC155,Nyandeni,2025,0100,Bulk Electricity,0.0
EC155,Nyandeni,2025,0200,Bulk Water,0.0
EC155,Nyandeni,2025,0300,PAYE deductions,0.0
EC155,Nyandeni,2025,0400,VAT (output less input),0.0
EC155,Nyandeni,2025,0500,Pensions / Retirement deductions,0.0
EC155,Nyandeni,2025,0600,Loan repayments,0.0
EC155,Nyandeni,2025,0700,Trade Creditors,3898961.0
EC155,Nyandeni,2025,0800,Auditor General,86822.0
EC155,Nyandeni,2025,0900,Other,0.0
EC155,Nyandeni,2025,0950,Medical Aid Deductions,0.0
EC155,Nyandeni,2025,1000,Total,3985783.0
EC156,Kumkani Mhlontlo,2025,0100,Bulk Electricity,417867.0
EC156,Kumkani Mhlontlo,2025,0200,Bulk Water,0.0
EC156,Kumkani Mhlontlo,2025,0300,PAYE deductions,0.0
EC156,Kumkani Mhlontlo,2025,0400,VAT (output less input),0.0
EC156,Kumkani Mhlontlo,2025,0500,Pensions / Retirement deductions,0.0
EC156,Kumkani Mhlontlo,2025,0600,Loan repayments,0.0
EC156,Kumkani Mhlontlo,2025,0700,Trade Creditors,3795920.0
EC156,Kumkani Mhlontlo,2025,0800,Auditor General,-25136.0
EC156,Kumkani Mhlontlo,2025,0900,Other,0.0
EC156,Kumkani Mhlontlo,2025,0950,Medical Aid Deductions,0.0
EC156,Kumkani Mhlontlo,2025,1000,Total,4188651.0
EC157,King Sabata Dalindyebo,2025,0100,Bulk Electricity,0.0
EC157,King Sabata Dalindyebo,2025,0200,Bulk Water,0.0
EC157,King Sabata Dalindyebo,2025,0300,PAYE deductions,0.0
EC157,King Sabata Dalindyebo,2025,0400,VAT (output less input),0.0
EC157,King Sabata Dalindyebo,2025,0500,Pensions / Retirement deductions,0.0
EC157,King Sabata Dalindyebo,2025,0600,Loan repayments,0.0
EC157,King Sabata Dalindyebo,2025,0700,Trade Creditors,468458644.0
EC157,King Sabata Dalindyebo,2025,0800,Auditor General,985710.0
EC157,King Sabata Dalindyebo,2025,0900,Other,20041.0
EC157,King Sabata Dalindyebo,2025,0950,Medical Aid Deductions,0.0
EC157,King Sabata Dalindyebo,2025,1000,Total,469464395.0
EC441,Matatiele,2025,0100,Bulk Electricity,0.0
EC441,Matatiele,2025,0200,Bulk Water,0.0
EC441,Matatiele,2025,0300,PAYE deductions,0.0
EC441,Matatiele,2025,0400,VAT (output less input),0.0
EC441,Matatiele,2025,0500,Pensions / Retirement deductions,0.0
EC441,Matatiele,2025,0600,Loan repayments,0.0
EC441,Matatiele,2025,0700,Trade Creditors,0.0
EC441,Matatiele,2025,0800,Auditor General,0.0
EC441,Matatiele,2025,0900,Other,0.0
EC441,Matatiele,2025,0950,Medical Aid Deductions,0.0
EC441,Matatiele,2025,1000,Total,0.0
EC442,Umzimvubu,2025,0100,Bulk Electricity,0.0
EC442,Umzimvubu,2025,0200,Bulk Water,0.0
EC442,Umzimvubu,2025,0300,PAYE deductions,0.0
EC442,Umzimvubu,2025,0400,VAT (output less input),0.0
EC442,Umzimvubu,2025,0500,Pensions / Retirement deductions,0.0
EC442,Umzimvubu,2025,0600,Loan repayments,0.0
EC442,Umzimvubu,2025,0700,Trade Creditors,32924261.0
EC442,Umzimvubu,2025,0800,Auditor General,0.0
EC442,Umzimvubu,2025,0900,Other,0.0
EC442,Umzimvubu,2025,0950,Medical Aid Deductions,0.0
EC442,Umzimvubu,2025,1000,Total,32924261.0
EC443,Winnie Madikizela-Mandela,2025,0100,Bulk Electricity,0.0
EC443,Winnie Madikizela-Mandela,2025,0200,Bulk Water,0.0
EC443,Winnie Madikizela-Mandela,2025,0300,PAYE deductions,0.0
EC443,Winnie Madikizela-Mandela,2025,0400,VAT (output less input),0.0
EC443,Winnie Madikizela-Mandela,2025,0500,Pensions / Retirement deductions,0.0
EC443,Winnie Madikizela-Mandela,2025,0600,Loan repayments,0.0
EC443,Winnie Madikizela-Mandela,2025,0700,Trade Creditors,7158803.0
EC443,Winnie Madikizela-Mandela,2025,0800,Auditor General,-50918.0
EC443,Winnie Madikizela-Mandela,2025,0900,Other,0.0
EC443,Winnie Madikizela-Mandela,2025,0950,Medical Aid Deductions,0.0
EC443,Winnie Madikizela-Mandela,2025,1000,Total,7107885.0
EC444,Ntabankulu,2025,0100,Bulk Electricity,0.0
EC444,Ntabankulu,2025,0200,Bulk Water,0.0
EC444,Ntabankulu,2025,0300,PAYE deductions,0.0
EC444,Ntabankulu,2025,0400,VAT (output less input),0.0
EC444,Ntabankulu,2025,0500,Pensions / Retirement deductions,0.0
EC444,Ntabankulu,2025,0600,Loan repayments,0.0
EC444,Ntabankulu,2025,0700,Trade Creditors,55596.0
EC444,Ntabankulu,2025,0800,Auditor General,0.0
EC444,Ntabankulu,2025,0900,Other,4350771.0
EC444,Ntabankulu,2025,0950,Medical Aid Deductions,0.0
EC444,Ntabankulu,2025,1000,Total,4406367.0
EKU,City of Ekurhuleni,2025,0100,Bulk Electricity,2927134332.0
EKU,City of Ekurhuleni,2025,0200,Bulk Water,432952372.0
EKU,City of Ekurhuleni,2025,0300,PAYE deductions,0.0
EKU,City of Ekurhuleni,2025,0400,VAT (output less input),0.0
EKU,City of Ekurhuleni,2025,0500,Pensions / Retirement deductions,0.0
EKU,City of Ekurhuleni,2025,0600,Loan repayments,0.0
EKU,City of Ekurhuleni,2025,0700,Trade Creditors,0.0
EKU,City of Ekurhuleni,2025,0800,Auditor General,1308090.0
EKU,City of Ekurhuleni,2025,0900,Other,0.0
EKU,City of Ekurhuleni,2025,0950,Medical Aid Deductions,0.0
EKU,City of Ekurhuleni,2025,1000,Total,3361394794.0
ETH,eThekwini,2025,0100,Bulk Electricity,2087521245.0
ETH,eThekwini,2025,0200,Bulk Water,420892083.0
ETH,eThekwini,2025,0300,PAYE deductions,190765000.0
ETH,eThekwini,2025,0400,VAT (output less input),1251387000.0
ETH,eThekwini,2025,0500,Pensions / Retirement deductions,13290958.0
ETH,eThekwini,2025,0600,Loan repayments,0.0
ETH,eThekwini,2025,0700,Trade Creditors,2528885538.0
ETH,eThekwini,2025,0800,Auditor General,3006000.0
ETH,eThekwini,2025,0900,Other,0.0
ETH,eThekwini,2025,0950,Medical Aid Deductions,105478897.0
ETH,eThekwini,2025,1000,Total,6601226721.0
FS161,Letsemeng,2025,0100,Bulk Electricity,285827334.0
FS161,Letsemeng,2025,0200,Bulk Water,0.0
FS161,Letsemeng,2025,0300,PAYE deductions,0.0
FS161,Letsemeng,2025,0400,VAT (output less input),0.0
FS161,Letsemeng,2025,0500,Pensions / Retirement deductions,0.0
FS161,Letsemeng,2025,0600,Loan repayments,0.0
FS161,Letsemeng,2025,0700,Trade Creditors,39447939.0
FS161,Letsemeng,2025,0800,Auditor General,3228435.0
FS161,Letsemeng,2025,0900,Other,10503720.0
FS161,Letsemeng,2025,0950,Medical Aid Deductions,0.0
FS161,Letsemeng,2025,1000,Total,339007428.0
FS162,Kopanong,2025,0100,Bulk Electricity,0.0
FS162,Kopanong,2025,0200,Bulk Water,0.0
FS162,Kopanong,2025,0300,PAYE deductions,0.0
FS162,Kopanong,2025,0400,VAT (output less input),0.0
FS162,Kopanong,2025,0500,Pensions / Retirement deductions,0.0
FS162,Kopanong,2025,0600,Loan repayments,0.0
FS162,Kopanong,2025,0700,Trade Creditors,403746175.0
FS162,Kopanong,2025,0800,Auditor General,0.0
FS162,Kopanong,2025,0900,Other,38800.0
FS162,Kopanong,2025,0950,Medical Aid Deductions,0.0
FS162,Kopanong,2025,1000,Total,403784975.0
FS163,Mohokare,2025,0100,Bulk Electricity,0.0
FS163,Mohokare,2025,0200,Bulk Water,0.0
FS163,Mohokare,2025,0300,PAYE deductions,0.0
FS163,Mohokare,2025,0400,VAT (output less input),0.0
FS163,Mohokare,2025,0500,Pensions / Retirement deductions,0.0
FS163,Mohokare,2025,0600,Loan repayments,0.0
FS163,Mohokare,2025,0700,Trade Creditors,0.0
FS163,Mohokare,2025,0800,Auditor General,0.0
FS163,Mohokare,2025,0900,Other,0.0
FS163,Mohokare,2025,0950,Medical Aid Deductions,0.0
FS163,Mohokare,2025,1000,Total,0.0
FS181,Masilonyana,2025,0100,Bulk Electricity,0.0
FS181,Masilonyana,2025,0200,Bulk Water,89214526.0
FS181,Masilonyana,2025,0300,PAYE deductions,0.0
FS181,Masilonyana,2025,0400,VAT (output less input),0.0
FS181,Masilonyana,2025,0500,Pensions / Retirement deductions,0.0
FS181,Masilonyana,2025,0600,Loan repayments,0.0
FS181,Masilonyana,2025,0700,Trade Creditors,234057813.0
FS181,Masilonyana,2025,0800,Auditor General,-1059331.0
FS181,Masilonyana,2025,0900,Other,118081025.0
FS181,Masilonyana,2025,0950,Medical Aid Deductions,0.0
FS181,Masilonyana,2025,1000,Total,440294033.0
FS182,Tokologo,2025,0100,Bulk Electricity,0.0
FS182,Tokologo,2025,0200,Bulk Water,0.0
FS182,Tokologo,2025,0300,PAYE deductions,0.0
FS182,Tokologo,2025,0400,VAT (output less input),0.0
FS182,Tokologo,2025,0500,Pensions / Retirement deductions,0.0
FS182,Tokologo,2025,0600,Loan repayments,32188.0
FS182,Tokologo,2025,0700,Trade Creditors,217177649.0
FS182,Tokologo,2025,0800,Auditor General,198000.0
FS182,Tokologo,2025,0900,Other,12255345.0
FS182,Tokologo,2025,0950,Medical Aid Deductions,0.0
FS182,Tokologo,2025,1000,Total,229663182.0
FS183,Tswelopele,2025,0100,Bulk Electricity,114239823.0
FS183,Tswelopele,2025,0200,Bulk Water,11857809.0
FS183,Tswelopele,2025,0300,PAYE deductions,0.0
FS183,Tswelopele,2025,0400,VAT (output less input),0.0
FS183,Tswelopele,2025,0500,Pensions / Retirement deductions,0.0
FS183,Tswelopele,2025,0600,Loan repayments,0.0
FS183,Tswelopele,2025,0700,Trade Creditors,81318892.0
FS183,Tswelopele,2025,0800,Auditor General,14249.0
FS183,Tswelopele,2025,0900,Other,0.0
FS183,Tswelopele,2025,0950,Medical Aid Deductions,0.0
FS183,Tswelopele,2025,1000,Total,207430773.0
FS184,Matjhabeng,2025,0100,Bulk Electricity,1590193410.0
FS184,Matjhabeng,2025,0200,Bulk Water,6841210884.0
FS184,Matjhabeng,2025,0300,PAYE deductions,15781572.0
FS184,Matjhabeng,2025,0400,VAT (output less input),5392776.0
FS184,Matjhabeng,2025,0500,Pensions / Retirement deductions,140004280.0
FS184,Matjhabeng,2025,0600,Loan repayments,0.0
FS184,Matjhabeng,2025,0700,Trade Creditors,357378827.0
FS184,Matjhabeng,2025,0800,Auditor General,6355890.0
FS184,Matjhabeng,2025,0900,Other,527464280.0
FS184,Matjhabeng,2025,0950,Medical Aid Deductions,11863815.0
FS184,Matjhabeng,2025,1000,Total,9495645734.0
FS192,Dihlabeng,2025,0100,Bulk Electricity,1250741973.0
FS192,Dihlabeng,2025,0200,Bulk Water,0.0
FS192,Dihlabeng,2025,0300,PAYE deductions,0.0
FS192,Dihlabeng,2025,0400,VAT (output less input),0.0
FS192,Dihlabeng,2025,0500,Pensions / Retirement deductions,0.0
FS192,Dihlabeng,2025,0600,Loan repayments,0.0
FS192,Dihlabeng,2025,0700,Trade Creditors,8925030.0
FS192,Dihlabeng,2025,0800,Auditor General,0.0
FS192,Dihlabeng,2025,0900,Other,231433509.0
FS192,Dihlabeng,2025,0950,Medical Aid Deductions,0.0
FS192,Dihlabeng,2025,1000,Total,1491100512.0
FS193,Nketoana,2025,0100,Bulk Electricity,185509955.0
FS193,Nketoana,2025,0200,Bulk Water,0.0
FS193,Nketoana,2025,0300,PAYE deductions,0.0
FS193,Nketoana,2025,0400,VAT (output less input),0.0
FS193,Nketoana,2025,0500,Pensions / Retirement deductions,700.0
FS193,Nketoana,2025,0600,Loan repayments,0.0
FS193,Nketoana,2025,0700,Trade Creditors,749769866.0
FS193,Nketoana,2025,0800,Auditor General,0.0
FS193,Nketoana,2025,0900,Other,0.0
FS193,Nketoana,2025,0950,Medical Aid Deductions,0.0
FS193,Nketoana,2025,1000,Total,935280521.0
FS195,Phumelela,2025,0100,Bulk Electricity,305682336.0
FS195,Phumelela,2025,0200,Bulk Water,130233598.0
FS195,Phumelela,2025,0300,PAYE deductions,0.0
FS195,Phumelela,2025,0400,VAT (output less input),0.0
FS195,Phumelela,2025,0500,Pensions / Retirement deductions,0.0
FS195,Phumelela,2025,0600,Loan repayments,0.0
FS195,Phumelela,2025,0700,Trade Creditors,4157365.0
FS195,Phumelela,2025,0800,Auditor General,26045896.0
FS195,Phumelela,2025,0900,Other,22884741.0
FS195,Phumelela,2025,0950,Medical Aid Deductions,0.0
FS195,Phumelela,2025,1000,Total,489003936.0
FS196,Mantsopa,2025,0100,Bulk Electricity,484651980.0
FS196,Mantsopa,2025,0200,Bulk Water,2824167.0
FS196,Mantsopa,2025,0300,PAYE deductions,0.0
FS196,Mantsopa,2025,0400,VAT (output less input),0.0
FS196,Mantsopa,2025,0500,Pensions / Retirement deductions,2798718.0
FS196,Mantsopa,2025,0600,Loan repayments,0.0
FS196,Mantsopa,2025,0700,Trade Creditors,51900363.0
FS196,Mantsopa,2025,0800,Auditor General,-8840997.0
FS196,Mantsopa,2025,0900,Other,0.0
FS196,Mantsopa,2025,0950,Medical Aid Deductions,0.0
FS196,Mantsopa,2025,1000,Total,533334231.0
FS201,Moqhaka,2025,0100,Bulk Electricity,1825182729.0
FS201,Moqhaka,2025,0200,Bulk Water,0.0
FS201,Moqhaka,2025,0300,PAYE deductions,0.0
FS201,Moqhaka,2025,0400,VAT (output less input),0.0
FS201,Moqhaka,2025,0500,Pensions / Retirement deductions,0.0
FS201,Moqhaka,2025,0600,Loan repayments,9582422.0
FS201,Moqhaka,2025,0700,Trade Creditors,0.0
FS201,Moqhaka,2025,0800,Auditor General,169952.0
FS201,Moqhaka,2025,0900,Other,20590608.0
FS201,Moqhaka,2025,0950,Medical Aid Deductions,0.0
FS201,Moqhaka,2025,1000,Total,1855525711.0
FS203,Ngwathe,2025,0100,Bulk Electricity,2582140326.0
FS203,Ngwathe,2025,0200,Bulk Water,188890244.0
FS203,Ngwathe,2025,0300,PAYE deductions,8015712.0
FS203,Ngwathe,2025,0400,VAT (output less input),0.0
FS203,Ngwathe,2025,0500,Pensions / Retirement deductions,0.0
FS203,Ngwathe,2025,0600,Loan repayments,0.0
FS203,Ngwathe,2025,0700,Trade Creditors,250162151.0
FS203,Ngwathe,2025,0800,Auditor General,62983.0
FS203,Ngwathe,2025,0900,Other,0.0
FS203,Ngwathe,2025,0950,Medical Aid Deductions,0.0
FS203,Ngwathe,2025,1000,Total,3029271416.0
FS204,Metsimaholo,2025,0100,Bulk Electricity,0.0
FS204,Metsimaholo,2025,0200,Bulk Water,47349993.0
FS204,Metsimaholo,2025,0300,PAYE deductions,0.0
FS204,Metsimaholo,2025,0400,VAT (output less input),0.0
FS204,Metsimaholo,2025,0500,Pensions / Retirement deductions,0.0
FS204,Metsimaholo,2025,0600,Loan repayments,0.0
FS204,Metsimaholo,2025,0700,Trade Creditors,10573825.0
FS204,Metsimaholo,2025,0800,Auditor General,0.0
FS204,Metsimaholo,2025,0900,Other,7171663.0
FS204,Metsimaholo,2025,0950,Medical Aid Deductions,0.0
FS204,Metsimaholo,2025,1000,Total,65095481.0
FS205,Mafube,2025,0100,Bulk Electricity,57489403.0
FS205,Mafube,2025,0200,Bulk Water,36222019.0
FS205,Mafube,2025,0300,PAYE deductions,5099469.0
FS205,Mafube,2025,0400,VAT (output less input),0.0
FS205,Mafube,2025,0500,Pensions / Retirement deductions,264816576.0
FS205,Mafube,2025,0600,Loan repayments,0.0
FS205,Mafube,2025,0700,Trade Creditors,838828055.0
FS205,Mafube,2025,0800,Auditor General,4011566.0
FS205,Mafube,2025,0900,Other,23463744.0
FS205,Mafube,2025,0950,Medical Aid Deductions,2631233.0
FS205,Mafube,2025,1000,Total,1232562065.0
GT421,Emfuleni,2025,0100,Bulk Electricity,8859319853.0
GT421,Emfuleni,2025,0200,Bulk Water,1903234617.0
GT421,Emfuleni,2025,0300,PAYE deductions,0.0
GT421,Emfuleni,2025,0400,VAT (output less input),0.0
GT421,Emfuleni,2025,0500,Pensions / Retirement deductions,0.0
GT421,Emfuleni,2025,0600,Loan repayments,0.0
GT421,Emfuleni,2025,0700,Trade Creditors,1009551218.0
GT421,Emfuleni,2025,0800,Auditor General,0.0
GT421,Emfuleni,2025,0900,Other,0.0
GT421,Emfuleni,2025,0950,Medical Aid Deductions,0.0
GT421,Emfuleni,2025,1000,Total,11772105688.0
GT422,Midvaal,2025,0100,Bulk Electricity,62045931.0
GT422,Midvaal,2025,0200,Bulk Water,14349721.0
GT422,Midvaal,2025,0300,PAYE deductions,0.0
GT422,Midvaal,2025,0400,VAT (output less input),0.0
GT422,Midvaal,2025,0500,Pensions / Retirement deductions,0.0
GT422,Midvaal,2025,0600,Loan repayments,0.0
GT422,Midvaal,2025,0700,Trade Creditors,53538263.0
GT422,Midvaal,2025,0800,Auditor General,0.0
GT422,Midvaal,2025,0900,Other,0.0
GT422,Midvaal,2025,0950,Medical Aid Deductions,0.0
GT422,Midvaal,2025,1000,Total,129933915.0
GT423,Lesedi,2025,0100,Bulk Electricity,0.0
GT423,Lesedi,2025,0200,Bulk Water,0.0
GT423,Lesedi,2025,0300,PAYE deductions,0.0
GT423,Lesedi,2025,0400,VAT (output less input),0.0
GT423,Lesedi,2025,0500,Pensions / Retirement deductions,0.0
GT423,Lesedi,2025,0600,Loan repayments,0.0
GT423,Lesedi,2025,0700,Trade Creditors,0.0
GT423,Lesedi,2025,0800,Auditor General,0.0
GT423,Lesedi,2025,0900,Other,0.0
GT423,Lesedi,2025,0950,Medical Aid Deductions,0.0
GT423,Lesedi,2025,1000,Total,0.0
GT481,Mogale City,2025,0100,Bulk Electricity,366637505.0
GT481,Mogale City,2025,0200,Bulk Water,51839711.0
GT481,Mogale City,2025,0300,PAYE deductions,14766726.0
GT481,Mogale City,2025,0400,VAT (output less input),0.0
GT481,Mogale City,2025,0500,Pensions / Retirement deductions,14378309.0
GT481,Mogale City,2025,0600,Loan repayments,3880273.0
GT481,Mogale City,2025,0700,Trade Creditors,267736032.0
GT481,Mogale City,2025,0800,Auditor General,0.0
GT481,Mogale City,2025,0900,Other,262526.0
GT481,Mogale City,2025,0950,Medical Aid Deductions,0.0
GT481,Mogale City,2025,1000,Total,719501082.0
GT484,Merafong City,2025,0100,Bulk Electricity,1401788475.0
GT484,Merafong City,2025,0200,Bulk Water,1414684927.0
GT484,Merafong City,2025,0300,PAYE deductions,0.0
GT484,Merafong City,2025,0400,VAT (output less input),0.0
GT484,Merafong City,2025,0500,Pensions / Retirement deductions,0.0
GT484,Merafong City,2025,0600,Loan repayments,0.0
GT484,Merafong City,2025,0700,Trade Creditors,120950177.0
GT484,Merafong City,2025,0800,Auditor General,97446.0
GT484,Merafong City,2025,0900,Other,8035609.0
GT484,Merafong City,2025,0950,Medical Aid Deductions,0.0
GT484,Merafong City,2025,1000,Total,2945556634.0
GT485,Rand West City,2025,0100,Bulk Electricity,1227085927.0
GT485,Rand West City,2025,0200,Bulk Water,418742539.0
GT485,Rand West City,2025,0300,PAYE deductions,0.0
GT485,Rand West City,2025,0400,VAT (output less input),0.0
GT485,Rand West City,2025,0500,Pensions / Retirement deductions,0.0
GT485,Rand West City,2025,0600,Loan repayments,0.0
GT485,Rand West City,2025,0700,Trade Creditors,966292462.0
GT485,Rand West City,2025,0800,Auditor General,957600.0
GT485,Rand West City,2025,0900,Other,0.0
GT485,Rand West City,2025,0950,Medical Aid Deductions,0.0
GT485,Rand West City,2025,1000,Total,2613078528.0
KZN212,Umdoni,2025,0100,Bulk Electricity,0.0
KZN212,Umdoni,2025,0200,Bulk Water,0.0
KZN212,Umdoni,2025,0300,PAYE deductions,0.0
KZN212,Umdoni,2025,0400,VAT (output less input),0.0
KZN212,Umdoni,2025,0500,Pensions / Retirement deductions,0.0
KZN212,Umdoni,2025,0600,Loan repayments,0.0
KZN212,Umdoni,2025,0700,Trade Creditors,0.0
KZN212,Umdoni,2025,0800,Auditor General,0.0
KZN212,Umdoni,2025,0900,Other,0.0
KZN212,Umdoni,2025,0950,Medical Aid Deductions,0.0
KZN212,Umdoni,2025,1000,Total,0.0
KZN213,Umzumbe,2025,0100,Bulk Electricity,0.0
KZN213,Umzumbe,2025,0200,Bulk Water,0.0
KZN213,Umzumbe,2025,0300,PAYE deductions,0.0
KZN213,Umzumbe,2025,0400,VAT (output less input),0.0
KZN213,Umzumbe,2025,0500,Pensions / Retirement deductions,0.0
KZN213,Umzumbe,2025,0600,Loan repayments,0.0
KZN213,Umzumbe,2025,0700,Trade Creditors,3634206.0
KZN213,Umzumbe,2025,0800,Auditor General,0.0
KZN213,Umzumbe,2025,0900,Other,11340347.0
KZN213,Umzumbe,2025,0950,Medical Aid Deductions,0.0
KZN213,Umzumbe,2025,1000,Total,14974553.0
KZN214,uMuziwabantu,2025,0100,Bulk Electricity,0.0
KZN214,uMuziwabantu,2025,0200,Bulk Water,0.0
KZN214,uMuziwabantu,2025,0300,PAYE deductions,0.0
KZN214,uMuziwabantu,2025,0400,VAT (output less input),0.0
KZN214,uMuziwabantu,2025,0500,Pensions / Retirement deductions,0.0
KZN214,uMuziwabantu,2025,0600,Loan repayments,0.0
KZN214,uMuziwabantu,2025,0700,Trade Creditors,2774762.0
KZN214,uMuziwabantu,2025,0800,Auditor General,0.0
KZN214,uMuziwabantu,2025,0900,Other,0.0
KZN214,uMuziwabantu,2025,0950,Medical Aid Deductions,0.0
KZN214,uMuziwabantu,2025,1000,Total,2774762.0
KZN216,Ray Nkonyeni,2025,0100,Bulk Electricity,14878877.0
KZN216,Ray Nkonyeni,2025,0200,Bulk Water,0.0
KZN216,Ray Nkonyeni,2025,0300,PAYE deductions,0.0
KZN216,Ray Nkonyeni,2025,0400,VAT (output less input),0.0
KZN216,Ray Nkonyeni,2025,0500,Pensions / Retirement deductions,0.0
KZN216,Ray Nkonyeni,2025,0600,Loan repayments,0.0
KZN216,Ray Nkonyeni,2025,0700,Trade Creditors,24876874.0
KZN216,Ray Nkonyeni,2025,0800,Auditor General,0.0
KZN216,Ray Nkonyeni,2025,0900,Other,0.0
KZN216,Ray Nkonyeni,2025,0950,Medical Aid Deductions,0.0
KZN216,Ray Nkonyeni,2025,1000,Total,39755751.0
KZN221,uMshwathi,2025,0100,Bulk Electricity,0.0
KZN221,uMshwathi,2025,0200,Bulk Water,0.0
KZN221,uMshwathi,2025,0300,PAYE deductions,0.0
KZN221,uMshwathi,2025,0400,VAT (output less input),0.0
KZN221,uMshwathi,2025,0500,Pensions / Retirement deductions,0.0
KZN221,uMshwathi,2025,0600,Loan repayments,0.0
KZN221,uMshwathi,2025,0700,Trade Creditors,18360682.0
KZN221,uMshwathi,2025,0800,Auditor General,0.0
KZN221,uMshwathi,2025,0900,Other,0.0
KZN221,uMshwathi,2025,0950,Medical Aid Deductions,0.0
KZN221,uMshwathi,2025,1000,Total,18360682.0
KZN222,uMngeni,2025,0100,Bulk Electricity,0.0
KZN222,uMngeni,2025,0200,Bulk Water,0.0
KZN222,uMngeni,2025,0300,PAYE deductions,0.0
KZN222,uMngeni,2025,0400,VAT (output less input),-109639545.0
KZN222,uMngeni,2025,0500,Pensions / Retirement deductions,0.0
KZN222,uMngeni,2025,0600,Loan repayments,60446.0
KZN222,uMngeni,2025,0700,Trade Creditors,40764.0
KZN222,uMngeni,2025,0800,Auditor General,0.0
KZN222,uMngeni,2025,0900,Other,-295743.0
KZN222,uMngeni,2025,0950,Medical Aid Deductions,0.0
KZN222,uMngeni,2025,1000,Total,-109834078.0
KZN223,Mpofana,2025,0100,Bulk Electricity,0.0
KZN223,Mpofana,2025,0200,Bulk Water,0.0
KZN223,Mpofana,2025,0300,PAYE deductions,0.0
KZN223,Mpofana,2025,0400,VAT (output less input),0.0
KZN223,Mpofana,2025,0500,Pensions / Retirement deductions,0.0
KZN223,Mpofana,2025,0600,Loan repayments,0.0
KZN223,Mpofana,2025,0700,Trade Creditors,650199756.0
KZN223,Mpofana,2025,0800,Auditor General,2029967.0
KZN223,Mpofana,2025,0900,Other,12235082.0
KZN223,Mpofana,2025,0950,Medical Aid Deductions,0.0
KZN223,Mpofana,2025,1000,Total,664464805.0
KZN224,Impendle,2025,0100,Bulk Electricity,0.0
KZN224,Impendle,2025,0200,Bulk Water,0.0
KZN224,Impendle,2025,0300,PAYE deductions,0.0
KZN224,Impendle,2025,0400,VAT (output less input),0.0
KZN224,Impendle,2025,0500,Pensions / Retirement deductions,0.0
KZN224,Impendle,2025,0600,Loan repayments,0.0
KZN224,Impendle,2025,0700,Trade Creditors,369762.0
KZN224,Impendle,2025,0800,Auditor General,0.0
KZN224,Impendle,2025,0900,Other,0.0
KZN224,Impendle,2025,0950,Medical Aid Deductions,0.0
KZN224,Impendle,2025,1000,Total,369762.0
KZN225,Msunduzi,2025,0100,Bulk Electricity,1884513405.0
KZN225,Msunduzi,2025,0200,Bulk Water,1135262129.0
KZN225,Msunduzi,2025,0300,PAYE deductions,0.0
KZN225,Msunduzi,2025,0400,VAT (output less input),0.0
KZN225,Msunduzi,2025,0500,Pensions / Retirement deductions,0.0
KZN225,Msunduzi,2025,0600,Loan repayments,0.0
KZN225,Msunduzi,2025,0700,Trade Creditors,268575414.0
KZN225,Msunduzi,2025,0800,Auditor General,959571.0
KZN225,Msunduzi,2025,0900,Other,0.0
KZN225,Msunduzi,2025,0950,Medical Aid Deductions,0.0
KZN225,Msunduzi,2025,1000,Total,3289310519.0
KZN226,Mkhambathini,2025,0100,Bulk Electricity,0.0
KZN226,Mkhambathini,2025,0200,Bulk Water,0.0
KZN226,Mkhambathini,2025,0300,PAYE deductions,0.0
KZN226,Mkhambathini,2025,0400,VAT (output less input),0.0
KZN226,Mkhambathini,2025,0500,Pensions / Retirement deductions,0.0
KZN226,Mkhambathini,2025,0600,Loan repayments,0.0
KZN226,Mkhambathini,2025,0700,Trade Creditors,20122.0
KZN226,Mkhambathini,2025,0800,Auditor General,0.0
KZN226,Mkhambathini,2025,0900,Other,680820.0
KZN226,Mkhambathini,2025,0950,Medical Aid Deductions,0.0
KZN226,Mkhambathini,2025,1000,Total,700942.0
KZN227,Richmond,2025,0100,Bulk Electricity,0.0
KZN227,Richmond,2025,0200,Bulk Water,0.0
KZN227,Richmond,2025,0300,PAYE deductions,0.0
KZN227,Richmond,2025,0400,VAT (output less input),0.0
KZN227,Richmond,2025,0500,Pensions / Retirement deductions,0.0
KZN227,Richmond,2025,0600,Loan repayments,0.0
KZN227,Richmond,2025,0700,Trade Creditors,82100.0
KZN227,Richmond,2025,0800,Auditor General,0.0
KZN227,Richmond,2025,0900,Other,0.0
KZN227,Richmond,2025,0950,Medical Aid Deductions,0.0
KZN227,Richmond,2025,1000,Total,82100.0
KZN235,Okhahlamba,2025,0100,Bulk Electricity,0.0
KZN235,Okhahlamba,2025,0200,Bulk Water,0.0
KZN235,Okhahlamba,2025,0300,PAYE deductions,0.0
KZN235,Okhahlamba,2025,0400,VAT (output less input),0.0
KZN235,Okhahlamba,2025,0500,Pensions / Retirement deductions,0.0
KZN235,Okhahlamba,2025,0600,Loan repayments,0.0
KZN235,Okhahlamba,2025,0700,Trade Creditors,5363744.0
KZN235,Okhahlamba,2025,0800,Auditor General,18498.0
KZN235,Okhahlamba,2025,0900,Other,610952.0
KZN235,Okhahlamba,2025,0950,Medical Aid Deductions,0.0
KZN235,Okhahlamba,2025,1000,Total,5993194.0
KZN237,Inkosi Langalibalele,2025,0100,Bulk Electricity,37839786.0
KZN237,Inkosi Langalibalele,2025,0200,Bulk Water,0.0
KZN237,Inkosi Langalibalele,2025,0300,PAYE deductions,0.0
KZN237,Inkosi Langalibalele,2025,0400,VAT (output less input),0.0
KZN237,Inkosi Langalibalele,2025,0500,Pensions / Retirement deductions,0.0
KZN237,Inkosi Langalibalele,2025,0600,Loan repayments,0.0
KZN237,Inkosi Langalibalele,2025,0700,Trade Creditors,0.0
KZN237,Inkosi Langalibalele,2025,0800,Auditor General,0.0
KZN237,Inkosi Langalibalele,2025,0900,Other,0.0
KZN237,Inkosi Langalibalele,2025,0950,Medical Aid Deductions,0.0
KZN237,Inkosi Langalibalele,2025,1000,Total,37839786.0
KZN238,Alfred Duma,2025,0100,Bulk Electricity,0.0
KZN238,Alfred Duma,2025,0200,Bulk Water,0.0
KZN238,Alfred Duma,2025,0300,PAYE deductions,0.0
KZN238,Alfred Duma,2025,0400,VAT (output less input),0.0
KZN238,Alfred Duma,2025,0500,Pensions / Retirement deductions,0.0
KZN238,Alfred Duma,2025,0600,Loan repayments,0.0
KZN238,Alfred Duma,2025,0700,Trade Creditors,102646022.0
KZN238,Alfred Duma,2025,0800,Auditor General,0.0
KZN238,Alfred Duma,2025,0900,Other,0.0
KZN238,Alfred Duma,2025,0950,Medical Aid Deductions,0.0
KZN238,Alfred Duma,2025,1000,Total,102646022.0
KZN241,Endumeni,2025,0100,Bulk Electricity,260809458.0
KZN241,Endumeni,2025,0200,Bulk Water,0.0
KZN241,Endumeni,2025,0300,PAYE deductions,46841.0
KZN241,Endumeni,2025,0400,VAT (output less input),0.0
KZN241,Endumeni,2025,0500,Pensions / Retirement deductions,0.0
KZN241,Endumeni,2025,0600,Loan repayments,0.0
KZN241,Endumeni,2025,0700,Trade Creditors,45769343.0
KZN241,Endumeni,2025,0800,Auditor General,0.0
KZN241,Endumeni,2025,0900,Other,0.0
KZN241,Endumeni,2025,0950,Medical Aid Deductions,0.0
KZN241,Endumeni,2025,1000,Total,306625642.0
KZN242,Nquthu,2025,0100,Bulk Electricity,5241124.0
KZN242,Nquthu,2025,0200,Bulk Water,0.0
KZN242,Nquthu,2025,0300,PAYE deductions,0.0
KZN242,Nquthu,2025,0400,VAT (output less input),0.0
KZN242,Nquthu,2025,0500,Pensions / Retirement deductions,0.0
KZN242,Nquthu,2025,0600,Loan repayments,0.0
KZN242,Nquthu,2025,0700,Trade Creditors,18239303.0
KZN242,Nquthu,2025,0800,Auditor General,0.0
KZN242,Nquthu,2025,0900,Other,4438086.0
KZN242,Nquthu,2025,0950,Medical Aid Deductions,0.0
KZN242,Nquthu,2025,1000,Total,27918513.0
KZN244,Msinga,2025,0100,Bulk Electricity,0.0
KZN244,Msinga,2025,0200,Bulk Water,0.0
KZN244,Msinga,2025,0300,PAYE deductions,0.0
KZN244,Msinga,2025,0400,VAT (output less input),0.0
KZN244,Msinga,2025,0500,Pensions / Retirement deductions,0.0
KZN244,Msinga,2025,0600,Loan repayments,0.0
KZN244,Msinga,2025,0700,Trade Creditors,157301.0
KZN244,Msinga,2025,0800,Auditor General,0.0
KZN244,Msinga,2025,0900,Other,0.0
KZN244,Msinga,2025,0950,Medical Aid Deductions,0.0
KZN244,Msinga,2025,1000,Total,157301.0
KZN245,Umvoti,2025,0100,Bulk Electricity,15764480.0
KZN245,Umvoti,2025,0200,Bulk Water,0.0
KZN245,Umvoti,2025,0300,PAYE deductions,0.0
KZN245,Umvoti,2025,0400,VAT (output less input),0.0
KZN245,Umvoti,2025,0500,Pensions / Retirement deductions,0.0
KZN245,Umvoti,2025,0600,Loan repayments,0.0
KZN245,Umvoti,2025,0700,Trade Creditors,16537792.0
KZN245,Umvoti,2025,0800,Auditor General,0.0
KZN245,Umvoti,2025,0900,Other,3076423.0
KZN245,Umvoti,2025,0950,Medical Aid Deductions,0.0
KZN245,Umvoti,2025,1000,Total,35378695.0
KZN252,Newcastle,2025,0100,Bulk Electricity,557631623.0
KZN252,Newcastle,2025,0200,Bulk Water,322865134.0
KZN252,Newcastle,2025,0300,PAYE deductions,0.0
KZN252,Newcastle,2025,0400,VAT (output less input),0.0
KZN252,Newcastle,2025,0500,Pensions / Retirement deductions,0.0
KZN252,Newcastle,2025,0600,Loan repayments,0.0
KZN252,Newcastle,2025,0700,Trade Creditors,74864383.0
KZN252,Newcastle,2025,0800,Auditor General,0.0
KZN252,Newcastle,2025,0900,Other,29442832.0
KZN252,Newcastle,2025,0950,Medical Aid Deductions,0.0
KZN252,Newcastle,2025,1000,Total,984803972.0
KZN253,Emadlangeni,2025,0100,Bulk Electricity,12372452.0
KZN253,Emadlangeni,2025,0200,Bulk Water,0.0
KZN253,Emadlangeni,2025,0300,PAYE deductions,0.0
KZN253,Emadlangeni,2025,0400,VAT (output less input),0.0
KZN253,Emadlangeni,2025,0500,Pensions / Retirement deductions,0.0
KZN253,Emadlangeni,2025,0600,Loan repayments,0.0
KZN253,Emadlangeni,2025,0700,Trade Creditors,10801738.0
KZN253,Emadlangeni,2025,0800,Auditor General,1327464.0
KZN253,Emadlangeni,2025,0900,Other,3008016.0
KZN253,Emadlangeni,2025,0950,Medical Aid Deductions,0.0
KZN253,Emadlangeni,2025,1000,Total,27509670.0
KZN254,Dannhauser,2025,0100,Bulk Electricity,0.0
KZN254,Dannhauser,2025,0200,Bulk Water,0.0
KZN254,Dannhauser,2025,0300,PAYE deductions,0.0
KZN254,Dannhauser,2025,0400,VAT (output less input),0.0
KZN254,Dannhauser,2025,0500,Pensions / Retirement deductions,0.0
KZN254,Dannhauser,2025,0600,Loan repayments,0.0
KZN254,Dannhauser,2025,0700,Trade Creditors,0.0
KZN254,Dannhauser,2025,0800,Auditor General,0.0
KZN254,Dannhauser,2025,0900,Other,0.0
KZN254,Dannhauser,2025,0950,Medical Aid Deductions,0.0
KZN254,Dannhauser,2025,1000,Total,0.0
KZN261,eDumbe,2025,0100,Bulk Electricity,113166.0
KZN261,eDumbe,2025,0200,Bulk Water,590436.0
KZN261,eDumbe,2025,0300,PAYE deductions,0.0
KZN261,eDumbe,2025,0400,VAT (output less input),0.0
KZN261,eDumbe,2025,0500,Pensions / Retirement deductions,0.0
KZN261,eDumbe,2025,0600,Loan repayments,0.0
KZN261,eDumbe,2025,0700,Trade Creditors,5881138.0
KZN261,eDumbe,2025,0800,Auditor General,0.0
KZN261,eDumbe,2025,0900,Other,20333584.0
KZN261,eDumbe,2025,0950,Medical Aid Deductions,0.0
KZN261,eDumbe,2025,1000,Total,26918324.0
KZN262,uPhongolo,2025,0100,Bulk Electricity,10176637.0
KZN262,uPhongolo,2025,0200,Bulk Water,0.0
KZN262,uPhongolo,2025,0300,PAYE deductions,0.0
KZN262,uPhongolo,2025,0400,VAT (output less input),0.0
KZN262,uPhongolo,2025,0500,Pensions / Retirement deductions,0.0
KZN262,uPhongolo,2025,0600,Loan repayments,0.0
KZN262,uPhongolo,2025,0700,Trade Creditors,3139078.0
KZN262,uPhongolo,2025,0800,Auditor General,0.0
KZN262,uPhongolo,2025,0900,Other,7313229.0
KZN262,uPhongolo,2025,0950,Medical Aid Deductions,0.0
KZN262,uPhongolo,2025,1000,Total,20628944.0
KZN263,Abaqulusi,2025,0100,Bulk Electricity,229674458.0
KZN263,Abaqulusi,2025,0200,Bulk Water,0.0
KZN263,Abaqulusi,2025,0300,PAYE deductions,0.0
KZN263,Abaqulusi,2025,0400,VAT (output less input),0.0
KZN263,Abaqulusi,2025,0500,Pensions / Retirement deductions,0.0
KZN263,Abaqulusi,2025,0600,Loan repayments,0.0
KZN263,Abaqulusi,2025,0700,Trade Creditors,47600210.0
KZN263,Abaqulusi,2025,0800,Auditor General,0.0
KZN263,Abaqulusi,2025,0900,Other,0.0
KZN263,Abaqulusi,2025,0950,Medical Aid Deductions,0.0
KZN263,Abaqulusi,2025,1000,Total,277274668.0
KZN265,Nongoma,2025,0100,Bulk Electricity,0.0
KZN265,Nongoma,2025,0200,Bulk Water,0.0
KZN265,Nongoma,2025,0300,PAYE deductions,0.0
KZN265,Nongoma,2025,0400,VAT (output less input),0.0
KZN265,Nongoma,2025,0500,Pensions / Retirement deductions,0.0
KZN265,Nongoma,2025,0600,Loan repayments,0.0
KZN265,Nongoma,2025,0700,Trade Creditors,20823868.0
KZN265,Nongoma,2025,0800,Auditor General,3252.0
KZN265,Nongoma,2025,0900,Other,23062827.0
KZN265,Nongoma,2025,0950,Medical Aid Deductions,0.0
KZN265,Nongoma,2025,1000,Total,43889947.0
KZN266,Ulundi,2025,0100,Bulk Electricity,313269103.0
KZN266,Ulundi,2025,0200,Bulk Water,0.0
KZN266,Ulundi,2025,0300,PAYE deductions,0.0
KZN266,Ulundi,2025,0400,VAT (output less input),0.0
KZN266,Ulundi,2025,0500,Pensions / Retirement deductions,0.0
KZN266,Ulundi,2025,0600,Loan repayments,0.0
KZN266,Ulundi,2025,0700,Trade Creditors,0.0
KZN266,Ulundi,2025,0800,Auditor General,-259998.0
KZN266,Ulundi,2025,0900,Other,0.0
KZN266,Ulundi,2025,0950,Medical Aid Deductions,0.0
KZN266,Ulundi,2025,1000,Total,313009105.0
KZN271,Umhlabuyalingana,2025,0100,Bulk Electricity,0.0
KZN271,Umhlabuyalingana,2025,0200,Bulk Water,0.0
KZN271,Umhlabuyalingana,2025,0300,PAYE deductions,-68.0
KZN271,Umhlabuyalingana,2025,0400,VAT (output less input),0.0
KZN271,Umhlabuyalingana,2025,0500,Pensions / Retirement deductions,0.0
KZN271,Umhlabuyalingana,2025,0600,Loan repayments,0.0
KZN271,Umhlabuyalingana,2025,0700,Trade Creditors,2263889.0
KZN271,Umhlabuyalingana,2025,0800,Auditor General,0.0
KZN271,Umhlabuyalingana,2025,0900,Other,2761773.0
KZN271,Umhlabuyalingana,2025,0950,Medical Aid Deductions,0.0
KZN271,Umhlabuyalingana,2025,1000,Total,5025594.0
KZN272,Jozini,2025,0100,Bulk Electricity,0.0
KZN272,Jozini,2025,0200,Bulk Water,0.0
KZN272,Jozini,2025,0300,PAYE deductions,0.0
KZN272,Jozini,2025,0400,VAT (output less input),0.0
KZN272,Jozini,2025,0500,Pensions / Retirement deductions,0.0
KZN272,Jozini,2025,0600,Loan repayments,0.0
KZN272,Jozini,2025,0700,Trade Creditors,6269703.0
KZN272,Jozini,2025,0800,Auditor General,227746.0
KZN272,Jozini,2025,0900,Other,22560323.0
KZN272,Jozini,2025,0950,Medical Aid Deductions,0.0
KZN272,Jozini,2025,1000,Total,29057772.0
KZN275,Mtubatuba,2025,0100,Bulk Electricity,0.0
KZN275,Mtubatuba,2025,0200,Bulk Water,0.0
KZN275,Mtubatuba,2025,0300,PAYE deductions,0.0
KZN275,Mtubatuba,2025,0400,VAT (output less input),0.0
KZN275,Mtubatuba,2025,0500,Pensions / Retirement deductions,0.0
KZN275,Mtubatuba,2025,0600,Loan repayments,0.0
KZN275,Mtubatuba,2025,0700,Trade Creditors,14759550.0
KZN275,Mtubatuba,2025,0800,Auditor General,489522.0
KZN275,Mtubatuba,2025,0900,Other,34708517.0
KZN275,Mtubatuba,2025,0950,Medical Aid Deductions,0.0
KZN275,Mtubatuba,2025,1000,Total,49957589.0
KZN276,Hlabisa Big Five,2025,0100,Bulk Electricity,0.0
KZN276,Hlabisa Big Five,2025,0200,Bulk Water,0.0
KZN276,Hlabisa Big Five,2025,0300,PAYE deductions,0.0
KZN276,Hlabisa Big Five,2025,0400,VAT (output less input),0.0
KZN276,Hlabisa Big Five,2025,0500,Pensions / Retirement deductions,0.0
KZN276,Hlabisa Big Five,2025,0600,Loan repayments,0.0
KZN276,Hlabisa Big Five,2025,0700,Trade Creditors,1870020.0
KZN276,Hlabisa Big Five,2025,0800,Auditor General,0.0
KZN276,Hlabisa Big Five,2025,0900,Other,-260955.0
KZN276,Hlabisa Big Five,2025,0950,Medical Aid Deductions,0.0
KZN276,Hlabisa Big Five,2025,1000,Total,1609065.0
KZN281,Mfolozi,2025,0100,Bulk Electricity,0.0
KZN281,Mfolozi,2025,0200,Bulk Water,0.0
KZN281,Mfolozi,2025,0300,PAYE deductions,0.0
KZN281,Mfolozi,2025,0400,VAT (output less input),0.0
KZN281,Mfolozi,2025,0500,Pensions / Retirement deductions,0.0
KZN281,Mfolozi,2025,0600,Loan repayments,0.0
KZN281,Mfolozi,2025,0700,Trade Creditors,1619244.0
KZN281,Mfolozi,2025,0800,Auditor General,0.0
KZN281,Mfolozi,2025,0900,Other,5147757.0
KZN281,Mfolozi,2025,0950,Medical Aid Deductions,0.0
KZN281,Mfolozi,2025,1000,Total,6767001.0
KZN282,uMhlathuze,2025,0100,Bulk Electricity,200993522.0
KZN282,uMhlathuze,2025,0200,Bulk Water,0.0
KZN282,uMhlathuze,2025,0300,PAYE deductions,16865714.0
KZN282,uMhlathuze,2025,0400,VAT (output less input),0.0
KZN282,uMhlathuze,2025,0500,Pensions / Retirement deductions,14335864.0
KZN282,uMhlathuze,2025,0600,Loan repayments,0.0
KZN282,uMhlathuze,2025,0700,Trade Creditors,85031819.0
KZN282,uMhlathuze,2025,0800,Auditor General,31639.0
KZN282,uMhlathuze,2025,0900,Other,2005550.0
KZN282,uMhlathuze,2025,0950,Medical Aid Deductions,0.0
KZN282,uMhlathuze,2025,1000,Total,319264108.0
KZN284,uMlalazi,2025,0100,Bulk Electricity,0.0
KZN284,uMlalazi,2025,0200,Bulk Water,0.0
KZN284,uMlalazi,2025,0300,PAYE deductions,0.0
KZN284,uMlalazi,2025,0400,VAT (output less input),0.0
KZN284,uMlalazi,2025,0500,Pensions / Retirement deductions,0.0
KZN284,uMlalazi,2025,0600,Loan repayments,0.0
KZN284,uMlalazi,2025,0700,Trade Creditors,29597269.0
KZN284,uMlalazi,2025,0800,Auditor General,0.0
KZN284,uMlalazi,2025,0900,Other,1936552.0
KZN284,uMlalazi,2025,0950,Medical Aid Deductions,0.0
KZN284,uMlalazi,2025,1000,Total,31533821.0
KZN285,Mthonjaneni,2025,0100,Bulk Electricity,51833972.0
KZN285,Mthonjaneni,2025,0200,Bulk Water,0.0
KZN285,Mthonjaneni,2025,0300,PAYE deductions,0.0
KZN285,Mthonjaneni,2025,0400,VAT (output less input),0.0
KZN285,Mthonjaneni,2025,0500,Pensions / Retirement deductions,0.0
KZN285,Mthonjaneni,2025,0600,Loan repayments,0.0
KZN285,Mthonjaneni,2025,0700,Trade Creditors,18543516.0
KZN285,Mthonjaneni,2025,0800,Auditor General,2239858.0
KZN285,Mthonjaneni,2025,0900,Other,13462290.0
KZN285,Mthonjaneni,2025,0950,Medical Aid Deductions,0.0
KZN285,Mthonjaneni,2025,1000,Total,86079636.0
KZN286,Nkandla,2025,0100,Bulk Electricity,5460533.0
KZN286,Nkandla,2025,0200,Bulk Water,0.0
KZN286,Nkandla,2025,0300,PAYE deductions,0.0
KZN286,Nkandla,2025,0400,VAT (output less input),0.0
KZN286,Nkandla,2025,0500,Pensions / Retirement deductions,0.0
KZN286,Nkandla,2025,0600,Loan repayments,0.0
KZN286,Nkandla,2025,0700,Trade Creditors,10565531.0
KZN286,Nkandla,2025,0800,Auditor General,0.0
KZN286,Nkandla,2025,0900,Other,3210583.0
KZN286,Nkandla,2025,0950,Medical Aid Deductions,0.0
KZN286,Nkandla,2025,1000,Total,19236647.0
KZN291,Mandeni,2025,0100,Bulk Electricity,6293142.0
KZN291,Mandeni,2025,0200,Bulk Water,0.0
KZN291,Mandeni,2025,0300,PAYE deductions,0.0
KZN291,Mandeni,2025,0400,VAT (output less input),0.0
KZN291,Mandeni,2025,0500,Pensions / Retirement deductions,0.0
KZN291,Mandeni,2025,0600,Loan repayments,0.0
KZN291,Mandeni,2025,0700,Trade Creditors,9677615.0
KZN291,Mandeni,2025,0800,Auditor General,0.0
KZN291,Mandeni,2025,0900,Other,10739407.0
KZN291,Mandeni,2025,0950,Medical Aid Deductions,0.0
KZN291,Mandeni,2025,1000,Total,26710164.0
KZN292,KwaDukuza,2025,0100,Bulk Electricity,0.0
KZN292,KwaDukuza,2025,0200,Bulk Water,0.0
KZN292,KwaDukuza,2025,0300,PAYE deductions,0.0
KZN292,KwaDukuza,2025,0400,VAT (output less input),0.0
KZN292,KwaDukuza,2025,0500,Pensions / Retirement deductions,719565.0
KZN292,KwaDukuza,2025,0600,Loan repayments,0.0
KZN292,KwaDukuza,2025,0700,Trade Creditors,287685185.0
KZN292,KwaDukuza,2025,0800,Auditor General,0.0
KZN292,KwaDukuza,2025,0900,Other,0.0
KZN292,KwaDukuza,2025,0950,Medical Aid Deductions,0.0
KZN292,KwaDukuza,2025,1000,Total,288404750.0
KZN293,Ndwedwe,2025,0100,Bulk Electricity,0.0
KZN293,Ndwedwe,2025,0200,Bulk Water,0.0
KZN293,Ndwedwe,2025,0300,PAYE deductions,0.0
KZN293,Ndwedwe,2025,0400,VAT (output less input),0.0
KZN293,Ndwedwe,2025,0500,Pensions / Retirement deductions,0.0
KZN293,Ndwedwe,2025,0600,Loan repayments,0.0
KZN293,Ndwedwe,2025,0700,Trade Creditors,3316130.0
KZN293,Ndwedwe,2025,0800,Auditor General,1.0
KZN293,Ndwedwe,2025,0900,Other,4570173.0
KZN293,Ndwedwe,2025,0950,Medical Aid Deductions,0.0
KZN293,Ndwedwe,2025,1000,Total,7886304.0
KZN294,Maphumulo,2025,0100,Bulk Electricity,0.0
KZN294,Maphumulo,2025,0200,Bulk Water,0.0
KZN294,Maphumulo,2025,0300,PAYE deductions,0.0
KZN294,Maphumulo,2025,0400,VAT (output less input),0.0
KZN294,Maphumulo,2025,0500,Pensions / Retirement deductions,0.0
KZN294,Maphumulo,2025,0600,Loan repayments,0.0
KZN294,Maphumulo,2025,0700,Trade Creditors,1835934.0
KZN294,Maphumulo,2025,0800,Auditor General,6493.0
KZN294,Maphumulo,2025,0900,Other,941520.0
KZN294,Maphumulo,2025,0950,Medical Aid Deductions,0.0
KZN294,Maphumulo,2025,1000,Total,2783947.0
KZN433,Greater Kokstad,2025,0100,Bulk Electricity,0.0
KZN433,Greater Kokstad,2025,0200,Bulk Water,0.0
KZN433,Greater Kokstad,2025,0300,PAYE deductions,0.0
KZN433,Greater Kokstad,2025,0400,VAT (output less input),0.0
KZN433,Greater Kokstad,2025,0500,Pensions / Retirement deductions,0.0
KZN433,Greater Kokstad,2025,0600,Loan repayments,0.0
KZN433,Greater Kokstad,2025,0700,Trade Creditors,0.0
KZN433,Greater Kokstad,2025,0800,Auditor General,0.0
KZN433,Greater Kokstad,2025,0900,Other,0.0
KZN433,Greater Kokstad,2025,0950,Medical Aid Deductions,0.0
KZN433,Greater Kokstad,2025,1000,Total,0.0
KZN434,Johannes Phumani Phungula,2025,0100,Bulk Electricity,0.0
KZN434,Johannes Phumani Phungula,2025,0200,Bulk Water,0.0
KZN434,Johannes Phumani Phungula,2025,0300,PAYE deductions,0.0
KZN434,Johannes Phumani Phungula,2025,0400,VAT (output less input),0.0
KZN434,Johannes Phumani Phungula,2025,0500,Pensions / Retirement deductions,0.0
KZN434,Johannes Phumani Phungula,2025,0600,Loan repayments,0.0
KZN434,Johannes Phumani Phungula,2025,0700,Trade Creditors,300.0
KZN434,Johannes Phumani Phungula,2025,0800,Auditor General,0.0
KZN434,Johannes Phumani Phungula,2025,0900,Other,0.0
KZN434,Johannes Phumani Phungula,2025,0950,Medical Aid Deductions,0.0
KZN434,Johannes Phumani Phungula,2025,1000,Total,300.0
KZN435,Umzimkhulu,2025,0100,Bulk Electricity,0.0
KZN435,Umzimkhulu,2025,0200,Bulk Water,0.0
KZN435,Umzimkhulu,2025,0300,PAYE deductions,0.0
KZN435,Umzimkhulu,2025,0400,VAT (output less input),0.0
KZN435,Umzimkhulu,2025,0500,Pensions / Retirement deductions,0.0
KZN435,Umzimkhulu,2025,0600,Loan repayments,0.0
KZN435,Umzimkhulu,2025,0700,Trade Creditors,1190540.0
KZN435,Umzimkhulu,2025,0800,Auditor General,0.0
KZN435,Umzimkhulu,2025,0900,Other,0.0
KZN435,Umzimkhulu,2025,0950,Medical Aid Deductions,0.0
KZN435,Umzimkhulu,2025,1000,Total,1190540.0
KZN436,Dr Nkosazana Dlamini Zuma,2025,0100,Bulk Electricity,0.0
KZN436,Dr Nkosazana Dlamini Zuma,2025,0200,Bulk Water,0.0
KZN436,Dr Nkosazana Dlamini Zuma,2025,0300,PAYE deductions,0.0
KZN436,Dr Nkosazana Dlamini Zuma,2025,0400,VAT (output less input),17733174.0
KZN436,Dr Nkosazana Dlamini Zuma,2025,0500,Pensions / Retirement deductions,0.0
KZN436,Dr Nkosazana Dlamini Zuma,2025,0600,Loan repayments,0.0
KZN436,Dr Nkosazana Dlamini Zuma,2025,0700,Trade Creditors,0.0
KZN436,Dr Nkosazana Dlamini Zuma,2025,0800,Auditor General,0.0
KZN436,Dr Nkosazana Dlamini Zuma,2025,0900,Other,0.0
KZN436,Dr Nkosazana Dlamini Zuma,2025,0950,Medical Aid Deductions,0.0
KZN436,Dr Nkosazana Dlamini Zuma,2025,1000,Total,17733174.0
LIM331,Greater Giyani,2025,0100,Bulk Electricity,0.0
LIM331,Greater Giyani,2025,0200,Bulk Water,0.0
LIM331,Greater Giyani,2025,0300,PAYE deductions,0.0
LIM331,Greater Giyani,2025,0400,VAT (output less input),0.0
LIM331,Greater Giyani,2025,0500,Pensions / Retirement deductions,0.0
LIM331,Greater Giyani,2025,0600,Loan repayments,0.0
LIM331,Greater Giyani,2025,0700,Trade Creditors,14833565.0
LIM331,Greater Giyani,2025,0800,Auditor General,22168.0
LIM331,Greater Giyani,2025,0900,Other,25653323.0
LIM331,Greater Giyani,2025,0950,Medical Aid Deductions,0.0
LIM331,Greater Giyani,2025,1000,Total,40509056.0
LIM332,Greater Letaba,2025,0100,Bulk Electricity,4095597.0
LIM332,Greater Letaba,2025,0200,Bulk Water,0.0
LIM332,Greater Letaba,2025,0300,PAYE deductions,0.0
LIM332,Greater Letaba,2025,0400,VAT (output less input),0.0
LIM332,Greater Letaba,2025,0500,Pensions / Retirement deductions,678971.0
LIM332,Greater Letaba,2025,0600,Loan repayments,0.0
LIM332,Greater Letaba,2025,0700,Trade Creditors,10409898.0
LIM332,Greater Letaba,2025,0800,Auditor General,0.0
LIM332,Greater Letaba,2025,0900,Other,0.0
LIM332,Greater Letaba,2025,0950,Medical Aid Deductions,0.0
LIM332,Greater Letaba,2025,1000,Total,15184466.0
LIM333,Greater Tzaneen,2025,0100,Bulk Electricity,91934840.0
LIM333,Greater Tzaneen,2025,0200,Bulk Water,0.0
LIM333,Greater Tzaneen,2025,0300,PAYE deductions,0.0
LIM333,Greater Tzaneen,2025,0400,VAT (output less input),0.0
LIM333,Greater Tzaneen,2025,0500,Pensions / Retirement deductions,0.0
LIM333,Greater Tzaneen,2025,0600,Loan repayments,0.0
LIM333,Greater Tzaneen,2025,0700,Trade Creditors,23815472.0
LIM333,Greater Tzaneen,2025,0800,Auditor General,29082.0
LIM333,Greater Tzaneen,2025,0900,Other,174422.0
LIM333,Greater Tzaneen,2025,0950,Medical Aid Deductions,0.0
LIM333,Greater Tzaneen,2025,1000,Total,115953816.0
LIM334,Ba-Phalaborwa,2025,0100,Bulk Electricity,12910899.0
LIM334,Ba-Phalaborwa,2025,0200,Bulk Water,0.0
LIM334,Ba-Phalaborwa,2025,0300,PAYE deductions,0.0
LIM334,Ba-Phalaborwa,2025,0400,VAT (output less input),0.0
LIM334,Ba-Phalaborwa,2025,0500,Pensions / Retirement deductions,0.0
LIM334,Ba-Phalaborwa,2025,0600,Loan repayments,0.0
LIM334,Ba-Phalaborwa,2025,0700,Trade Creditors,7324761.0
LIM334,Ba-Phalaborwa,2025,0800,Auditor General,0.0
LIM334,Ba-Phalaborwa,2025,0900,Other,10301902.0
LIM334,Ba-Phalaborwa,2025,0950,Medical Aid Deductions,0.0
LIM334,Ba-Phalaborwa,2025,1000,Total,30537562.0
LIM335,Maruleng,2025,0100,Bulk Electricity,0.0
LIM335,Maruleng,2025,0200,Bulk Water,0.0
LIM335,Maruleng,2025,0300,PAYE deductions,0.0
LIM335,Maruleng,2025,0400,VAT (output less input),0.0
LIM335,Maruleng,2025,0500,Pensions / Retirement deductions,0.0
LIM335,Maruleng,2025,0600,Loan repayments,0.0
LIM335,Maruleng,2025,0700,Trade Creditors,24382.0
LIM335,Maruleng,2025,0800,Auditor General,0.0
LIM335,Maruleng,2025,0900,Other,0.0
LIM335,Maruleng,2025,0950,Medical Aid Deductions,0.0
LIM335,Maruleng,2025,1000,Total,24382.0
LIM341,Musina,2025,0100,Bulk Electricity,67241939.0
LIM341,Musina,2025,0200,Bulk Water,0.0
LIM341,Musina,2025,0300,PAYE deductions,0.0
LIM341,Musina,2025,0400,VAT (output less input),0.0
LIM341,Musina,2025,0500,Pensions / Retirement deductions,0.0
LIM341,Musina,2025,0600,Loan repayments,0.0
LIM341,Musina,2025,0700,Trade Creditors,47226212.0
LIM341,Musina,2025,0800,Auditor General,1047.0
LIM341,Musina,2025,0900,Other,0.0
LIM341,Musina,2025,0950,Medical Aid Deductions,0.0
LIM341,Musina,2025,1000,Total,114469198.0
LIM343,Thulamela,2025,0100,Bulk Electricity,0.0
LIM343,Thulamela,2025,0200,Bulk Water,0.0
LIM343,Thulamela,2025,0300,PAYE deductions,0.0
LIM343,Thulamela,2025,0400,VAT (output less input),0.0
LIM343,Thulamela,2025,0500,Pensions / Retirement deductions,0.0
LIM343,Thulamela,2025,0600,Loan repayments,0.0
LIM343,Thulamela,2025,0700,Trade Creditors,25017.0
LIM343,Thulamela,2025,0800,Auditor General,0.0
LIM343,Thulamela,2025,0900,Other,0.0
LIM343,Thulamela,2025,0950,Medical Aid Deductions,0.0
LIM343,Thulamela,2025,1000,Total,25017.0
LIM344,Makhado,2025,0100,Bulk Electricity,8803328.0
LIM344,Makhado,2025,0200,Bulk Water,0.0
LIM344,Makhado,2025,0300,PAYE deductions,0.0
LIM344,Makhado,2025,0400,VAT (output less input),0.0
LIM344,Makhado,2025,0500,Pensions / Retirement deductions,0.0
LIM344,Makhado,2025,0600,Loan repayments,0.0
LIM344,Makhado,2025,0700,Trade Creditors,112402792.0
LIM344,Makhado,2025,0800,Auditor General,0.0
LIM344,Makhado,2025,0900,Other,0.0
LIM344,Makhado,2025,0950,Medical Aid Deductions,0.0
LIM344,Makhado,2025,1000,Total,121206120.0
LIM351,Blouberg,2025,0100,Bulk Electricity,32525.0
LIM351,Blouberg,2025,0200,Bulk Water,0.0
LIM351,Blouberg,2025,0300,PAYE deductions,0.0
LIM351,Blouberg,2025,0400,VAT (output less input),0.0
LIM351,Blouberg,2025,0500,Pensions / Retirement deductions,0.0
LIM351,Blouberg,2025,0600,Loan repayments,0.0
LIM351,Blouberg,2025,0700,Trade Creditors,309273.0
LIM351,Blouberg,2025,0800,Auditor General,0.0
LIM351,Blouberg,2025,0900,Other,328732.0
LIM351,Blouberg,2025,0950,Medical Aid Deductions,0.0
LIM351,Blouberg,2025,1000,Total,670530.0
LIM353,Molemole,2025,0100,Bulk Electricity,0.0
LIM353,Molemole,2025,0200,Bulk Water,0.0
LIM353,Molemole,2025,0300,PAYE deductions,0.0
LIM353,Molemole,2025,0400,VAT (output less input),0.0
LIM353,Molemole,2025,0500,Pensions / Retirement deductions,0.0
LIM353,Molemole,2025,0600,Loan repayments,0.0
LIM353,Molemole,2025,0700,Trade Creditors,0.0
LIM353,Molemole,2025,0800,Auditor General,0.0
LIM353,Molemole,2025,0900,Other,3737216.0
LIM353,Molemole,2025,0950,Medical Aid Deductions,0.0
LIM353,Molemole,2025,1000,Total,3737216.0
LIM354,Polokwane,2025,0100,Bulk Electricity,153130200.0
LIM354,Polokwane,2025,0200,Bulk Water,31079118.0
LIM354,Polokwane,2025,0300,PAYE deductions,90000.0
LIM354,Polokwane,2025,0400,VAT (output less input),0.0
LIM354,Polokwane,2025,0500,Pensions / Retirement deductions,0.0
LIM354,Polokwane,2025,0600,Loan repayments,0.0
LIM354,Polokwane,2025,0700,Trade Creditors,137916979.0
LIM354,Polokwane,2025,0800,Auditor General,0.0
LIM354,Polokwane,2025,0900,Other,0.0
LIM354,Polokwane,2025,0950,Medical Aid Deductions,0.0
LIM354,Polokwane,2025,1000,Total,322216297.0
LIM355,Lepelle-Nkumpi,2025,0100,Bulk Electricity,0.0
LIM355,Lepelle-Nkumpi,2025,0200,Bulk Water,0.0
LIM355,Lepelle-Nkumpi,2025,0300,PAYE deductions,0.0
LIM355,Lepelle-Nkumpi,2025,0400,VAT (output less input),0.0
LIM355,Lepelle-Nkumpi,2025,0500,Pensions / Retirement deductions,0.0
LIM355,Lepelle-Nkumpi,2025,0600,Loan repayments,0.0
LIM355,Lepelle-Nkumpi,2025,0700,Trade Creditors,5159044.0
LIM355,Lepelle-Nkumpi,2025,0800,Auditor General,0.0
LIM355,Lepelle-Nkumpi,2025,0900,Other,0.0
LIM355,Lepelle-Nkumpi,2025,0950,Medical Aid Deductions,0.0
LIM355,Lepelle-Nkumpi,2025,1000,Total,5159044.0
LIM361,Thabazimbi,2025,0100,Bulk Electricity,0.0
LIM361,Thabazimbi,2025,0200,Bulk Water,0.0
LIM361,Thabazimbi,2025,0300,PAYE deductions,0.0
LIM361,Thabazimbi,2025,0400,VAT (output less input),0.0
LIM361,Thabazimbi,2025,0500,Pensions / Retirement deductions,0.0
LIM361,Thabazimbi,2025,0600,Loan repayments,0.0
LIM361,Thabazimbi,2025,0700,Trade Creditors,0.0
LIM361,Thabazimbi,2025,0800,Auditor General,0.0
LIM361,Thabazimbi,2025,0900,Other,0.0
LIM361,Thabazimbi,2025,0950,Medical Aid Deductions,0.0
LIM361,Thabazimbi,2025,1000,Total,0.0
LIM362,Lephalale,2025,0100,Bulk Electricity,-41789.0
LIM362,Lephalale,2025,0200,Bulk Water,0.0
LIM362,Lephalale,2025,0300,PAYE deductions,0.0
LIM362,Lephalale,2025,0400,VAT (output less input),0.0
LIM362,Lephalale,2025,0500,Pensions / Retirement deductions,0.0
LIM362,Lephalale,2025,0600,Loan repayments,0.0
LIM362,Lephalale,2025,0700,Trade Creditors,3545963.0
LIM362,Lephalale,2025,0800,Auditor General,0.0
LIM362,Lephalale,2025,0900,Other,4623350.0
LIM362,Lephalale,2025,0950,Medical Aid Deductions,0.0
LIM362,Lephalale,2025,1000,Total,8127524.0
LIM366,Bela Bela,2025,0100,Bulk Electricity,33347242.0
LIM366,Bela Bela,2025,0200,Bulk Water,326530.0
LIM366,Bela Bela,2025,0300,PAYE deductions,0.0
LIM366,Bela Bela,2025,0400,VAT (output less input),0.0
LIM366,Bela Bela,2025,0500,Pensions / Retirement deductions,0.0
LIM366,Bela Bela,2025,0600,Loan repayments,0.0
LIM366,Bela Bela,2025,0700,Trade Creditors,25137539.0
LIM366,Bela Bela,2025,0800,Auditor General,0.0
LIM366,Bela Bela,2025,0900,Other,0.0
LIM366,Bela Bela,2025,0950,Medical Aid Deductions,0.0
LIM366,Bela Bela,2025,1000,Total,58811311.0
LIM367,Mogalakwena,2025,0100,Bulk Electricity,79938682.0
LIM367,Mogalakwena,2025,0200,Bulk Water,13509465.0
LIM367,Mogalakwena,2025,0300,PAYE deductions,0.0
LIM367,Mogalakwena,2025,0400,VAT (output less input),0.0
LIM367,Mogalakwena,2025,0500,Pensions / Retirement deductions,0.0
LIM367,Mogalakwena,2025,0600,Loan repayments,0.0
LIM367,Mogalakwena,2025,0700,Trade Creditors,242560214.0
LIM367,Mogalakwena,2025,0800,Auditor General,57740.0
LIM367,Mogalakwena,2025,0900,Other,0.0
LIM367,Mogalakwena,2025,0950,Medical Aid Deductions,0.0
LIM367,Mogalakwena,2025,1000,Total,336066101.0
LIM368,Modimolle-Mookgopong,2025,0100,Bulk Electricity,1366138248.0
LIM368,Modimolle-Mookgopong,2025,0200,Bulk Water,28081253.0
LIM368,Modimolle-Mookgopong,2025,0300,PAYE deductions,0.0
LIM368,Modimolle-Mookgopong,2025,0400,VAT (output less input),0.0
LIM368,Modimolle-Mookgopong,2025,0500,Pensions / Retirement deductions,0.0
LIM368,Modimolle-Mookgopong,2025,0600,Loan repayments,0.0
LIM368,Modimolle-Mookgopong,2025,0700,Trade Creditors,90295783.0
LIM368,Modimolle-Mookgopong,2025,0800,Auditor General,0.0
LIM368,Modimolle-Mookgopong,2025,0900,Other,0.0
LIM368,Modimolle-Mookgopong,2025,0950,Medical Aid Deductions,0.0
LIM368,Modimolle-Mookgopong,2025,1000,Total,1484515284.0
LIM471,Ephraim Mogale,2025,0100,Bulk Electricity,0.0
LIM471,Ephraim Mogale,2025,0200,Bulk Water,0.0
LIM471,Ephraim Mogale,2025,0300,PAYE deductions,0.0
LIM471,Ephraim Mogale,2025,0400,VAT (output less input),0.0
LIM471,Ephraim Mogale,2025,0500,Pensions / Retirement deductions,0.0
LIM471,Ephraim Mogale,2025,0600,Loan repayments,0.0
LIM471,Ephraim Mogale,2025,0700,Trade Creditors,10264190.0
LIM471,Ephraim Mogale,2025,0800,Auditor General,0.0
LIM471,Ephraim Mogale,2025,0900,Other,0.0
LIM471,Ephraim Mogale,2025,0950,Medical Aid Deductions,0.0
LIM471,Ephraim Mogale,2025,1000,Total,10264190.0
LIM472,Elias Motsoaledi,2025,0100,Bulk Electricity,0.0
LIM472,Elias Motsoaledi,2025,0200,Bulk Water,0.0
LIM472,Elias Motsoaledi,2025,0300,PAYE deductions,0.0
LIM472,Elias Motsoaledi,2025,0400,VAT (output less input),0.0
LIM472,Elias Motsoaledi,2025,0500,Pensions / Retirement deductions,0.0
LIM472,Elias Motsoaledi,2025,0600,Loan repayments,0.0
LIM472,Elias Motsoaledi,2025,0700,Trade Creditors,1060680.0
LIM472,Elias Motsoaledi,2025,0800,Auditor General,0.0
LIM472,Elias Motsoaledi,2025,0900,Other,0.0
LIM472,Elias Motsoaledi,2025,0950,Medical Aid Deductions,0.0
LIM472,Elias Motsoaledi,2025,1000,Total,1060680.0
LIM473,Makhuduthamaga,2025,0100,Bulk Electricity,0.0
LIM473,Makhuduthamaga,2025,0200,Bulk Water,0.0
LIM473,Makhuduthamaga,2025,0300,PAYE deductions,0.0
LIM473,Makhuduthamaga,2025,0400,VAT (output less input),0.0
LIM473,Makhuduthamaga,2025,0500,Pensions / Retirement deductions,0.0
LIM473,Makhuduthamaga,2025,0600,Loan repayments,0.0
LIM473,Makhuduthamaga,2025,0700,Trade Creditors,24758767.0
LIM473,Makhuduthamaga,2025,0800,Auditor General,0.0
LIM473,Makhuduthamaga,2025,0900,Other,58060486.0
LIM473,Makhuduthamaga,2025,0950,Medical Aid Deductions,0.0
LIM473,Makhuduthamaga,2025,1000,Total,82819253.0
LIM476,Tubatse Fetakgomo,2025,0100,Bulk Electricity,0.0
LIM476,Tubatse Fetakgomo,2025,0200,Bulk Water,0.0
LIM476,Tubatse Fetakgomo,2025,0300,PAYE deductions,0.0
LIM476,Tubatse Fetakgomo,2025,0400,VAT (output less input),0.0
LIM476,Tubatse Fetakgomo,2025,0500,Pensions / Retirement deductions,0.0
LIM476,Tubatse Fetakgomo,2025,0600,Loan repayments,0.0
LIM476,Tubatse Fetakgomo,2025,0700,Trade Creditors,78527385.0
LIM476,Tubatse Fetakgomo,2025,0800,Auditor General,0.0
LIM476,Tubatse Fetakgomo,2025,0900,Other,0.0
LIM476,Tubatse Fetakgomo,2025,0950,Medical Aid Deductions,0.0
LIM476,Tubatse Fetakgomo,2025,1000,Total,78527385.0
MAN,Mangaung,2025,0100,Bulk Electricity,1670752648.0
MAN,Mangaung,2025,0200,Bulk Water,642048753.0
MAN,Mangaung,2025,0300,PAYE deductions,0.0
MAN,Mangaung,2025,0400,VAT (output less input),0.0
MAN,Mangaung,2025,0500,Pensions / Retirement deductions,8736382.0
MAN,Mangaung,2025,0600,Loan repayments,0.0
MAN,Mangaung,2025,0700,Trade Creditors,497758353.0
MAN,Mangaung,2025,0800,Auditor General,0.0
MAN,Mangaung,2025,0900,Other,0.0
MAN,Mangaung,2025,0950,Medical Aid Deductions,0.0
MAN,Mangaung,2025,1000,Total,2819296136.0
MP301,Albert Luthuli,2025,0100,Bulk Electricity,-609352.0
MP301,Albert Luthuli,2025,0200,Bulk Water,1541848.0
MP301,Albert Luthuli,2025,0300,PAYE deductions,0.0
MP301,Albert Luthuli,2025,0400,VAT (output less input),0.0
MP301,Albert Luthuli,2025,0500,Pensions / Retirement deductions,-651028.0
MP301,Albert Luthuli,2025,0600,Loan repayments,0.0
MP301,Albert Luthuli,2025,0700,Trade Creditors,20885224.0
MP301,Albert Luthuli,2025,0800,Auditor General,0.0
MP301,Albert Luthuli,2025,0900,Other,0.0
MP301,Albert Luthuli,2025,0950,Medical Aid Deductions,0.0
MP301,Albert Luthuli,2025,1000,Total,21166692.0
MP302,Msukaligwa,2025,0100,Bulk Electricity,895832014.0
MP302,Msukaligwa,2025,0200,Bulk Water,1120874562.0
MP302,Msukaligwa,2025,0300,PAYE deductions,0.0
MP302,Msukaligwa,2025,0400,VAT (output less input),0.0
MP302,Msukaligwa,2025,0500,Pensions / Retirement deductions,0.0
MP302,Msukaligwa,2025,0600,Loan repayments,0.0
MP302,Msukaligwa,2025,0700,Trade Creditors,27158276.0
MP302,Msukaligwa,2025,0800,Auditor General,2030.0
MP302,Msukaligwa,2025,0900,Other,0.0
MP302,Msukaligwa,2025,0950,Medical Aid Deductions,0.0
MP302,Msukaligwa,2025,1000,Total,2043866882.0
MP303,Mkhondo,2025,0100,Bulk Electricity,268757532.0
MP303,Mkhondo,2025,0200,Bulk Water,2976981.0
MP303,Mkhondo,2025,0300,PAYE deductions,0.0
MP303,Mkhondo,2025,0400,VAT (output less input),0.0
MP303,Mkhondo,2025,0500,Pensions / Retirement deductions,0.0
MP303,Mkhondo,2025,0600,Loan repayments,0.0
MP303,Mkhondo,2025,0700,Trade Creditors,779514630.0
MP303,Mkhondo,2025,0800,Auditor General,0.0
MP303,Mkhondo,2025,0900,Other,0.0
MP303,Mkhondo,2025,0950,Medical Aid Deductions,0.0
MP303,Mkhondo,2025,1000,Total,1051249143.0
MP304,Pixley Ka Seme (MP),2025,0100,Bulk Electricity,34696184.0
MP304,Pixley Ka Seme (MP),2025,0200,Bulk Water,0.0
MP304,Pixley Ka Seme (MP),2025,0300,PAYE deductions,0.0
MP304,Pixley Ka Seme (MP),2025,0400,VAT (output less input),0.0
MP304,Pixley Ka Seme (MP),2025,0500,Pensions / Retirement deductions,0.0
MP304,Pixley Ka Seme (MP),2025,0600,Loan repayments,0.0
MP304,Pixley Ka Seme (MP),2025,0700,Trade Creditors,29087309.0
MP304,Pixley Ka Seme (MP),2025,0800,Auditor General,0.0
MP304,Pixley Ka Seme (MP),2025,0900,Other,0.0
MP304,Pixley Ka Seme (MP),2025,0950,Medical Aid Deductions,0.0
MP304,Pixley Ka Seme (MP),2025,1000,Total,63783493.0
MP306,Dipaleseng,2025,0100,Bulk Electricity,177427669.0
MP306,Dipaleseng,2025,0200,Bulk Water,31013385.0
MP306,Dipaleseng,2025,0300,PAYE deductions,0.0
MP306,Dipaleseng,2025,0400,VAT (output less input),0.0
MP306,Dipaleseng,2025,0500,Pensions / Retirement deductions,0.0
MP306,Dipaleseng,2025,0600,Loan repayments,0.0
MP306,Dipaleseng,2025,0700,Trade Creditors,309589301.0
MP306,Dipaleseng,2025,0800,Auditor General,3175575.0
MP306,Dipaleseng,2025,0900,Other,0.0
MP306,Dipaleseng,2025,0950,Medical Aid Deductions,0.0
MP306,Dipaleseng,2025,1000,Total,521205930.0
MP307,Govan Mbeki,2025,0100,Bulk Electricity,2346800160.0
MP307,Govan Mbeki,2025,0200,Bulk Water,170031843.0
MP307,Govan Mbeki,2025,0300,PAYE deductions,0.0
MP307,Govan Mbeki,2025,0400,VAT (output less input),0.0
MP307,Govan Mbeki,2025,0500,Pensions / Retirement deductions,0.0
MP307,Govan Mbeki,2025,0600,Loan repayments,0.0
MP307,Govan Mbeki,2025,0700,Trade Creditors,4494079336.0
MP307,Govan Mbeki,2025,0800,Auditor General,0.0
MP307,Govan Mbeki,2025,0900,Other,0.0
MP307,Govan Mbeki,2025,0950,Medical Aid Deductions,0.0
MP307,Govan Mbeki,2025,1000,Total,7010911339.0
MP312,Emalahleni (MP),2025,0100,Bulk Electricity,7429138453.0
MP312,Emalahleni (MP),2025,0200,Bulk Water,60855298.0
MP312,Emalahleni (MP),2025,0300,PAYE deductions,0.0
MP312,Emalahleni (MP),2025,0400,VAT (output less input),0.0
MP312,Emalahleni (MP),2025,0500,Pensions / Retirement deductions,21877205.0
MP312,Emalahleni (MP),2025,0600,Loan repayments,0.0
MP312,Emalahleni (MP),2025,0700,Trade Creditors,2896027790.0
MP312,Emalahleni (MP),2025,0800,Auditor General,0.0
MP312,Emalahleni (MP),2025,0900,Other,0.0
MP312,Emalahleni (MP),2025,0950,Medical Aid Deductions,0.0
MP312,Emalahleni (MP),2025,1000,Total,10407898746.0
MP313,Steve Tshwete,2025,0100,Bulk Electricity,100800.0
MP313,Steve Tshwete,2025,0200,Bulk Water,0.0
MP313,Steve Tshwete,2025,0300,PAYE deductions,0.0
MP313,Steve Tshwete,2025,0400,VAT (output less input),0.0
MP313,Steve Tshwete,2025,0500,Pensions / Retirement deductions,0.0
MP313,Steve Tshwete,2025,0600,Loan repayments,0.0
MP313,Steve Tshwete,2025,0700,Trade Creditors,111023213.0
MP313,Steve Tshwete,2025,0800,Auditor General,0.0
MP313,Steve Tshwete,2025,0900,Other,0.0
MP313,Steve Tshwete,2025,0950,Medical Aid Deductions,0.0
MP313,Steve Tshwete,2025,1000,Total,111124013.0
MP314,Emakhazeni,2025,0100,Bulk Electricity,156171809.0
MP314,Emakhazeni,2025,0200,Bulk Water,0.0
MP314,Emakhazeni,2025,0300,PAYE deductions,0.0
MP314,Emakhazeni,2025,0400,VAT (output less input),0.0
MP314,Emakhazeni,2025,0500,Pensions / Retirement deductions,0.0
MP314,Emakhazeni,2025,0600,Loan repayments,0.0
MP314,Emakhazeni,2025,0700,Trade Creditors,244704262.0
MP314,Emakhazeni,2025,0800,Auditor General,0.0
MP314,Emakhazeni,2025,0900,Other,0.0
MP314,Emakhazeni,2025,0950,Medical Aid Deductions,0.0
MP314,Emakhazeni,2025,1000,Total,400876071.0
MP315,Thembisile Hani,2025,0100,Bulk Electricity,0.0
MP315,Thembisile Hani,2025,0200,Bulk Water,0.0
MP315,Thembisile Hani,2025,0300,PAYE deductions,0.0
MP315,Thembisile Hani,2025,0400,VAT (output less input),0.0
MP315,Thembisile Hani,2025,0500,Pensions / Retirement deductions,0.0
MP315,Thembisile Hani,2025,0600,Loan repayments,0.0
MP315,Thembisile Hani,2025,0700,Trade Creditors,0.0
MP315,Thembisile Hani,2025,0800,Auditor General,0.0
MP315,Thembisile Hani,2025,0900,Other,0.0
MP315,Thembisile Hani,2025,0950,Medical Aid Deductions,0.0
MP315,Thembisile Hani,2025,1000,Total,0.0
MP316,Dr J.S. Moroka,2025,0100,Bulk Electricity,0.0
MP316,Dr J.S. Moroka,2025,0200,Bulk Water,0.0
MP316,Dr J.S. Moroka,2025,0300,PAYE deductions,0.0
MP316,Dr J.S. Moroka,2025,0400,VAT (output less input),0.0
MP316,Dr J.S. Moroka,2025,0500,Pensions / Retirement deductions,3537551.0
MP316,Dr J.S. Moroka,2025,0600,Loan repayments,0.0
MP316,Dr J.S. Moroka,2025,0700,Trade Creditors,14189236.0
MP316,Dr J.S. Moroka,2025,0800,Auditor General,0.0
MP316,Dr J.S. Moroka,2025,0900,Other,0.0
MP316,Dr J.S. Moroka,2025,0950,Medical Aid Deductions,0.0
MP316,Dr J.S. Moroka,2025,1000,Total,17726787.0
MP321,Thaba Chweu,2025,0100,Bulk Electricity,983868265.0
MP321,Thaba Chweu,2025,0200,Bulk Water,0.0
MP321,Thaba Chweu,2025,0300,PAYE deductions,0.0
MP321,Thaba Chweu,2025,0400,VAT (output less input),0.0
MP321,Thaba Chweu,2025,0500,Pensions / Retirement deductions,0.0
MP321,Thaba Chweu,2025,0600,Loan repayments,0.0
MP321,Thaba Chweu,2025,0700,Trade Creditors,968739776.0
MP321,Thaba Chweu,2025,0800,Auditor General,0.0
MP321,Thaba Chweu,2025,0900,Other,0.0
MP321,Thaba Chweu,2025,0950,Medical Aid Deductions,0.0
MP321,Thaba Chweu,2025,1000,Total,1952608041.0
MP325,Bushbuckridge,2025,0100,Bulk Electricity,0.0
MP325,Bushbuckridge,2025,0200,Bulk Water,3580393.0
MP325,Bushbuckridge,2025,0300,PAYE deductions,14268401.0
MP325,Bushbuckridge,2025,0400,VAT (output less input),0.0
MP325,Bushbuckridge,2025,0500,Pensions / Retirement deductions,17535026.0
MP325,Bushbuckridge,2025,0600,Loan repayments,0.0
MP325,Bushbuckridge,2025,0700,Trade Creditors,163153647.0
MP325,Bushbuckridge,2025,0800,Auditor General,0.0
MP325,Bushbuckridge,2025,0900,Other,289371333.0
MP325,Bushbuckridge,2025,0950,Medical Aid Deductions,0.0
MP325,Bushbuckridge,2025,1000,Total,487908800.0
MP326,City of Mbombela,2025,0100,Bulk Electricity,1760474998.0
MP326,City of Mbombela,2025,0200,Bulk Water,326661377.0
MP326,City of Mbombela,2025,0300,PAYE deductions,23971014.0
MP326,City of Mbombela,2025,0400,VAT (output less input),0.0
MP326,City of Mbombela,2025,0500,Pensions / Retirement deductions,16286165.0
MP326,City of Mbombela,2025,0600,Loan repayments,0.0
MP326,City of Mbombela,2025,0700,Trade Creditors,1131525140.0
MP326,City of Mbombela,2025,0800,Auditor General,9271329.0
MP326,City of Mbombela,2025,0900,Other,412688411.0
MP326,City of Mbombela,2025,0950,Medical Aid Deductions,0.0
MP326,City of Mbombela,2025,1000,Total,3680878434.0
NC062,Nama Khoi,2025,0100,Bulk Electricity,241201297.0
NC062,Nama Khoi,2025,0200,Bulk Water,225737134.0
NC062,Nama Khoi,2025,0300,PAYE deductions,0.0
NC062,Nama Khoi,2025,0400,VAT (output less input),0.0
NC062,Nama Khoi,2025,0500,Pensions / Retirement deductions,0.0
NC062,Nama Khoi,2025,0600,Loan repayments,0.0
NC062,Nama Khoi,2025,0700,Trade Creditors,31920008.0
NC062,Nama Khoi,2025,0800,Auditor General,1057928.0
NC062,Nama Khoi,2025,0900,Other,6519.0
NC062,Nama Khoi,2025,0950,Medical Aid Deductions,617857.0
NC062,Nama Khoi,2025,1000,Total,500540743.0
NC064,Kamiesberg,2025,0100,Bulk Electricity,0.0
NC064,Kamiesberg,2025,0200,Bulk Water,0.0
NC064,Kamiesberg,2025,0300,PAYE deductions,0.0
NC064,Kamiesberg,2025,0400,VAT (output less input),0.0
NC064,Kamiesberg,2025,0500,Pensions / Retirement deductions,0.0
NC064,Kamiesberg,2025,0600,Loan repayments,0.0
NC064,Kamiesberg,2025,0700,Trade Creditors,0.0
NC064,Kamiesberg,2025,0800,Auditor General,0.0
NC064,Kamiesberg,2025,0900,Other,0.0
NC064,Kamiesberg,2025,0950,Medical Aid Deductions,0.0
NC064,Kamiesberg,2025,1000,Total,0.0
NC065,Hantam,2025,0100,Bulk Electricity,4717784.0
NC065,Hantam,2025,0200,Bulk Water,0.0
NC065,Hantam,2025,0300,PAYE deductions,761041.0
NC065,Hantam,2025,0400,VAT (output less input),0.0
NC065,Hantam,2025,0500,Pensions / Retirement deductions,0.0
NC065,Hantam,2025,0600,Loan repayments,0.0
NC065,Hantam,2025,0700,Trade Creditors,14748354.0
NC065,Hantam,2025,0800,Auditor General,0.0
NC065,Hantam,2025,0900,Other,19633904.0
NC065,Hantam,2025,0950,Medical Aid Deductions,0.0
NC065,Hantam,2025,1000,Total,39861083.0
NC067,Khai-Ma,2025,0100,Bulk Electricity,62065747.0
NC067,Khai-Ma,2025,0200,Bulk Water,32055198.0
NC067,Khai-Ma,2025,0300,PAYE deductions,505116.0
NC067,Khai-Ma,2025,0400,VAT (output less input),0.0
NC067,Khai-Ma,2025,0500,Pensions / Retirement deductions,333723.0
NC067,Khai-Ma,2025,0600,Loan repayments,0.0
NC067,Khai-Ma,2025,0700,Trade Creditors,468562.0
NC067,Khai-Ma,2025,0800,Auditor General,4659080.0
NC067,Khai-Ma,2025,0900,Other,19712169.0
NC067,Khai-Ma,2025,0950,Medical Aid Deductions,154441.0
NC067,Khai-Ma,2025,1000,Total,119954036.0
NC071,Ubuntu,2025,0100,Bulk Electricity,103010937.0
NC071,Ubuntu,2025,0200,Bulk Water,258591.0
NC071,Ubuntu,2025,0300,PAYE deductions,0.0
NC071,Ubuntu,2025,0400,VAT (output less input),0.0
NC071,Ubuntu,2025,0500,Pensions / Retirement deductions,328605.0
NC071,Ubuntu,2025,0600,Loan repayments,17448.0
NC071,Ubuntu,2025,0700,Trade Creditors,12906112.0
NC071,Ubuntu,2025,0800,Auditor General,18015209.0
NC071,Ubuntu,2025,0900,Other,1134168.0
NC071,Ubuntu,2025,0950,Medical Aid Deductions,0.0
NC071,Ubuntu,2025,1000,Total,135671070.0
NC072,Umsobomvu,2025,0100,Bulk Electricity,8897446.0
NC072,Umsobomvu,2025,0200,Bulk Water,0.0
NC072,Umsobomvu,2025,0300,PAYE deductions,0.0
NC072,Umsobomvu,2025,0400,VAT (output less input),0.0
NC072,Umsobomvu,2025,0500,Pensions / Retirement deductions,0.0
NC072,Umsobomvu,2025,0600,Loan repayments,0.0
NC072,Umsobomvu,2025,0700,Trade Creditors,419455.0
NC072,Umsobomvu,2025,0800,Auditor General,0.0
NC072,Umsobomvu,2025,0900,Other,12797615.0
NC072,Umsobomvu,2025,0950,Medical Aid Deductions,0.0
NC072,Umsobomvu,2025,1000,Total,22114516.0
NC073,Emthanjeni,2025,0100,Bulk Electricity,0.0
NC073,Emthanjeni,2025,0200,Bulk Water,0.0
NC073,Emthanjeni,2025,0300,PAYE deductions,0.0
NC073,Emthanjeni,2025,0400,VAT (output less input),0.0
NC073,Emthanjeni,2025,0500,Pensions / Retirement deductions,0.0
NC073,Emthanjeni,2025,0600,Loan repayments,0.0
NC073,Emthanjeni,2025,0700,Trade Creditors,0.0
NC073,Emthanjeni,2025,0800,Auditor General,0.0
NC073,Emthanjeni,2025,0900,Other,454798126.0
NC073,Emthanjeni,2025,0950,Medical Aid Deductions,0.0
NC073,Emthanjeni,2025,1000,Total,454798126.0
NC074,Kareeberg,2025,0100,Bulk Electricity,0.0
NC074,Kareeberg,2025,0200,Bulk Water,0.0
NC074,Kareeberg,2025,0300,PAYE deductions,0.0
NC074,Kareeberg,2025,0400,VAT (output less input),0.0
NC074,Kareeberg,2025,0500,Pensions / Retirement deductions,0.0
NC074,Kareeberg,2025,0600,Loan repayments,0.0
NC074,Kareeberg,2025,0700,Trade Creditors,0.0
NC074,Kareeberg,2025,0800,Auditor General,0.0
NC074,Kareeberg,2025,0900,Other,53502.0
NC074,Kareeberg,2025,0950,Medical Aid Deductions,0.0
NC074,Kareeberg,2025,1000,Total,53502.0
NC075,Renosterberg,2025,0100,Bulk Electricity,127656737.0
NC075,Renosterberg,2025,0200,Bulk Water,8682327.0
NC075,Renosterberg,2025,0300,PAYE deductions,331080.0
NC075,Renosterberg,2025,0400,VAT (output less input),0.0
NC075,Renosterberg,2025,0500,Pensions / Retirement deductions,0.0
NC075,Renosterberg,2025,0600,Loan repayments,0.0
NC075,Renosterberg,2025,0700,Trade Creditors,569190.0
NC075,Renosterberg,2025,0800,Auditor General,15271438.0
NC075,Renosterberg,2025,0900,Other,8419988.0
NC075,Renosterberg,2025,0950,Medical Aid Deductions,0.0
NC075,Renosterberg,2025,1000,Total,160930760.0
NC076,Thembelihle,2025,0100,Bulk Electricity,179747976.0
NC076,Thembelihle,2025,0200,Bulk Water,5547.0
NC076,Thembelihle,2025,0300,PAYE deductions,0.0
NC076,Thembelihle,2025,0400,VAT (output less input),0.0
NC076,Thembelihle,2025,0500,Pensions / Retirement deductions,0.0
NC076,Thembelihle,2025,0600,Loan repayments,0.0
NC076,Thembelihle,2025,0700,Trade Creditors,29327172.0
NC076,Thembelihle,2025,0800,Auditor General,24053739.0
NC076,Thembelihle,2025,0900,Other,7762319.0
NC076,Thembelihle,2025,0950,Medical Aid Deductions,0.0
NC076,Thembelihle,2025,1000,Total,240896753.0
NC082,!Kai! Garib,2025,0100,Bulk Electricity,696378937.0
NC082,!Kai! Garib,2025,0200,Bulk Water,19099135.0
NC082,!Kai! Garib,2025,0300,PAYE deductions,0.0
NC082,!Kai! Garib,2025,0400,VAT (output less input),0.0
NC082,!Kai! Garib,2025,0500,Pensions / Retirement deductions,0.0
NC082,!Kai! Garib,2025,0600,Loan repayments,0.0
NC082,!Kai! Garib,2025,0700,Trade Creditors,106964173.0
NC082,!Kai! Garib,2025,0800,Auditor General,10250942.0
NC082,!Kai! Garib,2025,0900,Other,11383453.0
NC082,!Kai! Garib,2025,0950,Medical Aid Deductions,0.0
NC082,!Kai! Garib,2025,1000,Total,844076640.0
NC085,Tsantsabane,2025,0100,Bulk Electricity,381857424.0
NC085,Tsantsabane,2025,0200,Bulk Water,137229310.0
NC085,Tsantsabane,2025,0300,PAYE deductions,1544519.0
NC085,Tsantsabane,2025,0400,VAT (output less input),2511.0
NC085,Tsantsabane,2025,0500,Pensions / Retirement deductions,0.0
NC085,Tsantsabane,2025,0600,Loan repayments,0.0
NC085,Tsantsabane,2025,0700,Trade Creditors,24416527.0
NC085,Tsantsabane,2025,0800,Auditor General,7276281.0
NC085,Tsantsabane,2025,0900,Other,2683612.0
NC085,Tsantsabane,2025,0950,Medical Aid Deductions,601448.0
NC085,Tsantsabane,2025,1000,Total,555611632.0
NC086,Kgatelopele,2025,0100,Bulk Electricity,42531312.0
NC086,Kgatelopele,2025,0200,Bulk Water,0.0
NC086,Kgatelopele,2025,0300,PAYE deductions,0.0
NC086,Kgatelopele,2025,0400,VAT (output less input),0.0
NC086,Kgatelopele,2025,0500,Pensions / Retirement deductions,0.0
NC086,Kgatelopele,2025,0600,Loan repayments,0.0
NC086,Kgatelopele,2025,0700,Trade Creditors,10343880.0
NC086,Kgatelopele,2025,0800,Auditor General,12123313.0
NC086,Kgatelopele,2025,0900,Other,1210491.0
NC086,Kgatelopele,2025,0950,Medical Aid Deductions,0.0
NC086,Kgatelopele,2025,1000,Total,66208996.0
NC087,Dawid Kruiper,2025,0100,Bulk Electricity,25529864.0
NC087,Dawid Kruiper,2025,0200,Bulk Water,11194861.0
NC087,Dawid Kruiper,2025,0300,PAYE deductions,0.0
NC087,Dawid Kruiper,2025,0400,VAT (output less input),0.0
NC087,Dawid Kruiper,2025,0500,Pensions / Retirement deductions,0.0
NC087,Dawid Kruiper,2025,0600,Loan repayments,0.0
NC087,Dawid Kruiper,2025,0700,Trade Creditors,71577629.0
NC087,Dawid Kruiper,2025,0800,Auditor General,-1709.0
NC087,Dawid Kruiper,2025,0900,Other,0.0
NC087,Dawid Kruiper,2025,0950,Medical Aid Deductions,0.0
NC087,Dawid Kruiper,2025,1000,Total,108300645.0
NC091,Sol Plaatje,2025,0100,Bulk Electricity,1168229049.0
NC091,Sol Plaatje,2025,0200,Bulk Water,128732386.0
NC091,Sol Plaatje,2025,0300,PAYE deductions,11717426.0
NC091,Sol Plaatje,2025,0400,VAT (output less input),0.0
NC091,Sol Plaatje,2025,0500,Pensions / Retirement deductions,8291426.0
NC091,Sol Plaatje,2025,0600,Loan repayments,0.0
NC091,Sol Plaatje,2025,0700,Trade Creditors,29109538.0
NC091,Sol Plaatje,2025,0800,Auditor General,31799.0
NC091,Sol Plaatje,2025,0900,Other,59832048.0
NC091,Sol Plaatje,2025,0950,Medical Aid Deductions,0.0
NC091,Sol Plaatje,2025,1000,Total,1405943672.0
NC092,Dikgatlong,2025,0100,Bulk Electricity,0.0
NC092,Dikgatlong,2025,0200,Bulk Water,16646706.0
NC092,Dikgatlong,2025,0300,PAYE deductions,0.0
NC092,Dikgatlong,2025,0400,VAT (output less input),0.0
NC092,Dikgatlong,2025,0500,Pensions / Retirement deductions,870.0
NC092,Dikgatlong,2025,0600,Loan repayments,0.0
NC092,Dikgatlong,2025,0700,Trade Creditors,8419600.0
NC092,Dikgatlong,2025,0800,Auditor General,0.0
NC092,Dikgatlong,2025,0900,Other,352222147.0
NC092,Dikgatlong,2025,0950,Medical Aid Deductions,1112000.0
NC092,Dikgatlong,2025,1000,Total,378401323.0
NC093,Magareng,2025,0100,Bulk Electricity,145622211.0
NC093,Magareng,2025,0200,Bulk Water,136286709.0
NC093,Magareng,2025,0300,PAYE deductions,0.0
NC093,Magareng,2025,0400,VAT (output less input),0.0
NC093,Magareng,2025,0500,Pensions / Retirement deductions,2826542.0
NC093,Magareng,2025,0600,Loan repayments,0.0
NC093,Magareng,2025,0700,Trade Creditors,5149641.0
NC093,Magareng,2025,0800,Auditor General,6844672.0
NC093,Magareng,2025,0900,Other,0.0
NC093,Magareng,2025,0950,Medical Aid Deductions,0.0
NC093,Magareng,2025,1000,Total,296729775.0
NC094,Phokwane,2025,0100,Bulk Electricity,29860078.0
NC094,Phokwane,2025,0200,Bulk Water,0.0
NC094,Phokwane,2025,0300,PAYE deductions,0.0
NC094,Phokwane,2025,0400,VAT (output less input),0.0
NC094,Phokwane,2025,0500,Pensions / Retirement deductions,0.0
NC094,Phokwane,2025,0600,Loan repayments,0.0
NC094,Phokwane,2025,0700,Trade Creditors,501897477.0
NC094,Phokwane,2025,0800,Auditor General,0.0
NC094,Phokwane,2025,0900,Other,0.0
NC094,Phokwane,2025,0950,Medical Aid Deductions,0.0
NC094,Phokwane,2025,1000,Total,531757555.0
NC451,Joe Morolong,2025,0100,Bulk Electricity,3423527.0
NC451,Joe Morolong,2025,0200,Bulk Water,1114439.0
NC451,Joe Morolong,2025,0300,PAYE deductions,0.0
NC451,Joe Morolong,2025,0400,VAT (output less input),0.0
NC451,Joe Morolong,2025,0500,Pensions / Retirement deductions,1619370.0
NC451,Joe Morolong,2025,0600,Loan repayments,0.0
NC451,Joe Morolong,2025,0700,Trade Creditors,32813738.0
NC451,Joe Morolong,2025,0800,Auditor General,0.0
NC451,Joe Morolong,2025,0900,Other,10388492.0
NC451,Joe Morolong,2025,0950,Medical Aid Deductions,1028647.0
NC451,Joe Morolong,2025,1000,Total,50388213.0
NC452,Ga-Segonyana,2025,0100,Bulk Electricity,175430284.0
NC452,Ga-Segonyana,2025,0200,Bulk Water,0.0
NC452,Ga-Segonyana,2025,0300,PAYE deductions,0.0
NC452,Ga-Segonyana,2025,0400,VAT (output less input),0.0
NC452,Ga-Segonyana,2025,0500,Pensions / Retirement deductions,0.0
NC452,Ga-Segonyana,2025,0600,Loan repayments,0.0
NC452,Ga-Segonyana,2025,0700,Trade Creditors,-173169969.0
NC452,Ga-Segonyana,2025,0800,Auditor General,0.0
NC452,Ga-Segonyana,2025,0900,Other,0.0
NC452,Ga-Segonyana,2025,0950,Medical Aid Deductions,0.0
NC452,Ga-Segonyana,2025,1000,Total,2260315.0
NC453,Gamagara,2025,0100,Bulk Electricity,618668232.0
NC453,Gamagara,2025,0200,Bulk Water,0.0
NC453,Gamagara,2025,0300,PAYE deductions,0.0
NC453,Gamagara,2025,0400,VAT (output less input),0.0
NC453,Gamagara,2025,0500,Pensions / Retirement deductions,0.0
NC453,Gamagara,2025,0600,Loan repayments,0.0
NC453,Gamagara,2025,0700,Trade Creditors,14055199.0
NC453,Gamagara,2025,0800,Auditor General,48721.0
NC453,Gamagara,2025,0900,Other,10900269.0
NC453,Gamagara,2025,0950,Medical Aid Deductions,0.0
NC453,Gamagara,2025,1000,Total,643672421.0
NMA,Nelson Mandela Bay,2025,0100,Bulk Electricity,0.0
NMA,Nelson Mandela Bay,2025,0200,Bulk Water,0.0
NMA,Nelson Mandela Bay,2025,0300,PAYE deductions,0.0
NMA,Nelson Mandela Bay,2025,0400,VAT (output less input),0.0
NMA,Nelson Mandela Bay,2025,0500,Pensions / Retirement deductions,0.0
NMA,Nelson Mandela Bay,2025,0600,Loan repayments,0.0
NMA,Nelson Mandela Bay,2025,0700,Trade Creditors,2656556104.0
NMA,Nelson Mandela Bay,2025,0800,Auditor General,0.0
NMA,Nelson Mandela Bay,2025,0900,Other,0.0
NMA,Nelson Mandela Bay,2025,0950,Medical Aid Deductions,0.0
NMA,Nelson Mandela Bay,2025,1000,Total,2656556104.0
NW371,Moretele,2025,0100,Bulk Electricity,0.0
NW371,Moretele,2025,0200,Bulk Water,0.0
NW371,Moretele,2025,0300,PAYE deductions,0.0
NW371,Moretele,2025,0400,VAT (output less input),0.0
NW371,Moretele,2025,0500,Pensions / Retirement deductions,0.0
NW371,Moretele,2025,0600,Loan repayments,0.0
NW371,Moretele,2025,0700,Trade Creditors,20155903.0
NW371,Moretele,2025,0800,Auditor General,0.0
NW371,Moretele,2025,0900,Other,11006288.0
NW371,Moretele,2025,0950,Medical Aid Deductions,0.0
NW371,Moretele,2025,1000,Total,31162191.0
NW372,Madibeng,2025,0100,Bulk Electricity,1506067757.0
NW372,Madibeng,2025,0200,Bulk Water,226724198.0
NW372,Madibeng,2025,0300,PAYE deductions,10760585.0
NW372,Madibeng,2025,0400,VAT (output less input),0.0
NW372,Madibeng,2025,0500,Pensions / Retirement deductions,10316161.0
NW372,Madibeng,2025,0600,Loan repayments,0.0
NW372,Madibeng,2025,0700,Trade Creditors,471270654.0
NW372,Madibeng,2025,0800,Auditor General,1586805.0
NW372,Madibeng,2025,0900,Other,618259430.0
NW372,Madibeng,2025,0950,Medical Aid Deductions,8029285.0
NW372,Madibeng,2025,1000,Total,2853014875.0
NW373,Rustenburg,2025,0100,Bulk Electricity,20123.0
NW373,Rustenburg,2025,0200,Bulk Water,220486252.0
NW373,Rustenburg,2025,0300,PAYE deductions,0.0
NW373,Rustenburg,2025,0400,VAT (output less input),0.0
NW373,Rustenburg,2025,0500,Pensions / Retirement deductions,0.0
NW373,Rustenburg,2025,0600,Loan repayments,643237.0
NW373,Rustenburg,2025,0700,Trade Creditors,895628136.0
NW373,Rustenburg,2025,0800,Auditor General,37069.0
NW373,Rustenburg,2025,0900,Other,23189652.0
NW373,Rustenburg,2025,0950,Medical Aid Deductions,0.0
NW373,Rustenburg,2025,1000,Total,1140004469.0
NW375,Moses Kotane,2025,0100,Bulk Electricity,1497297.0
NW375,Moses Kotane,2025,0200,Bulk Water,0.0
NW375,Moses Kotane,2025,0300,PAYE deductions,0.0
NW375,Moses Kotane,2025,0400,VAT (output less input),0.0
NW375,Moses Kotane,2025,0500,Pensions / Retirement deductions,0.0
NW375,Moses Kotane,2025,0600,Loan repayments,0.0
NW375,Moses Kotane,2025,0700,Trade Creditors,46517851.0
NW375,Moses Kotane,2025,0800,Auditor General,3427568.0
NW375,Moses Kotane,2025,0900,Other,0.0
NW375,Moses Kotane,2025,0950,Medical Aid Deductions,0.0
NW375,Moses Kotane,2025,1000,Total,51442716.0
NW381,Ratlou,2025,0100,Bulk Electricity,0.0
NW381,Ratlou,2025,0200,Bulk Water,0.0
NW381,Ratlou,2025,0300,PAYE deductions,0.0
NW381,Ratlou,2025,0400,VAT (output less input),0.0
NW381,Ratlou,2025,0500,Pensions / Retirement deductions,0.0
NW381,Ratlou,2025,0600,Loan repayments,0.0
NW381,Ratlou,2025,0700,Trade Creditors,-160144.0
NW381,Ratlou,2025,0800,Auditor General,0.0
NW381,Ratlou,2025,0900,Other,0.0
NW381,Ratlou,2025,0950,Medical Aid Deductions,0.0
NW381,Ratlou,2025,1000,Total,-160144.0
NW382,Tswaing,2025,0100,Bulk Electricity,105763748.0
NW382,Tswaing,2025,0200,Bulk Water,0.0
NW382,Tswaing,2025,0300,PAYE deductions,0.0
NW382,Tswaing,2025,0400,VAT (output less input),0.0
NW382,Tswaing,2025,0500,Pensions / Retirement deductions,0.0
NW382,Tswaing,2025,0600,Loan repayments,0.0
NW382,Tswaing,2025,0700,Trade Creditors,40299891.0
NW382,Tswaing,2025,0800,Auditor General,0.0
NW382,Tswaing,2025,0900,Other,28027345.0
NW382,Tswaing,2025,0950,Medical Aid Deductions,0.0
NW382,Tswaing,2025,1000,Total,174090984.0
NW383,Mafikeng,2025,0100,Bulk Electricity,0.0
NW383,Mafikeng,2025,0200,Bulk Water,0.0
NW383,Mafikeng,2025,0300,PAYE deductions,0.0
NW383,Mafikeng,2025,0400,VAT (output less input),0.0
NW383,Mafikeng,2025,0500,Pensions / Retirement deductions,0.0
NW383,Mafikeng,2025,0600,Loan repayments,0.0
NW383,Mafikeng,2025,0700,Trade Creditors,174281952.0
NW383,Mafikeng,2025,0800,Auditor General,0.0
NW383,Mafikeng,2025,0900,Other,0.0
NW383,Mafikeng,2025,0950,Medical Aid Deductions,0.0
NW383,Mafikeng,2025,1000,Total,174281952.0
NW384,Ditsobotla,2025,0100,Bulk Electricity,122716037.0
NW384,Ditsobotla,2025,0200,Bulk Water,0.0
NW384,Ditsobotla,2025,0300,PAYE deductions,0.0
NW384,Ditsobotla,2025,0400,VAT (output less input),0.0
NW384,Ditsobotla,2025,0500,Pensions / Retirement deductions,0.0
NW384,Ditsobotla,2025,0600,Loan repayments,0.0
NW384,Ditsobotla,2025,0700,Trade Creditors,-238953230.0
NW384,Ditsobotla,2025,0800,Auditor General,5653548.0
NW384,Ditsobotla,2025,0900,Other,1008889392.0
NW384,Ditsobotla,2025,0950,Medical Aid Deductions,0.0
NW384,Ditsobotla,2025,1000,Total,898305747.0
NW385,Ramotshere Moiloa,2025,0100,Bulk Electricity,0.0
NW385,Ramotshere Moiloa,2025,0200,Bulk Water,0.0
NW385,Ramotshere Moiloa,2025,0300,PAYE deductions,0.0
NW385,Ramotshere Moiloa,2025,0400,VAT (output less input),0.0
NW385,Ramotshere Moiloa,2025,0500,Pensions / Retirement deductions,0.0
NW385,Ramotshere Moiloa,2025,0600,Loan repayments,0.0
NW385,Ramotshere Moiloa,2025,0700,Trade Creditors,0.0
NW385,Ramotshere Moiloa,2025,0800,Auditor General,0.0
NW385,Ramotshere Moiloa,2025,0900,Other,119694666.0
NW385,Ramotshere Moiloa,2025,0950,Medical Aid Deductions,0.0
NW385,Ramotshere Moiloa,2025,1000,Total,119694666.0
NW392,Naledi (NW),2025,0100,Bulk Electricity,0.0
NW392,Naledi (NW),2025,0200,Bulk Water,0.0
NW392,Naledi (NW),2025,0300,PAYE deductions,2871383.0
NW392,Naledi (NW),2025,0400,VAT (output less input),0.0
NW392,Naledi (NW),2025,0500,Pensions / Retirement deductions,29527643.0
NW392,Naledi (NW),2025,0600,Loan repayments,157808687.0
NW392,Naledi (NW),2025,0700,Trade Creditors,34859479.0
NW392,Naledi (NW),2025,0800,Auditor General,1026606.0
NW392,Naledi (NW),2025,0900,Other,1322153.0
NW392,Naledi (NW),2025,0950,Medical Aid Deductions,0.0
NW392,Naledi (NW),2025,1000,Total,227415951.0
NW396,Lekwa-Teemane,2025,0100,Bulk Electricity,358256226.0
NW396,Lekwa-Teemane,2025,0200,Bulk Water,60.0
NW396,Lekwa-Teemane,2025,0300,PAYE deductions,0.0
NW396,Lekwa-Teemane,2025,0400,VAT (output less input),1586979.0
NW396,Lekwa-Teemane,2025,0500,Pensions / Retirement deductions,0.0
NW396,Lekwa-Teemane,2025,0600,Loan repayments,0.0
NW396,Lekwa-Teemane,2025,0700,Trade Creditors,8325167.0
NW396,Lekwa-Teemane,2025,0800,Auditor General,7587035.0
NW396,Lekwa-Teemane,2025,0900,Other,28299486.0
NW396,Lekwa-Teemane,2025,0950,Medical Aid Deductions,0.0
NW396,Lekwa-Teemane,2025,1000,Total,404054953.0
NW397,Kagisano-Molopo,2025,0100,Bulk Electricity,0.0
NW397,Kagisano-Molopo,2025,0200,Bulk Water,0.0
NW397,Kagisano-Molopo,2025,0300,PAYE deductions,0.0
NW397,Kagisano-Molopo,2025,0400,VAT (output less input),0.0
NW397,Kagisano-Molopo,2025,0500,Pensions / Retirement deductions,0.0
NW397,Kagisano-Molopo,2025,0600,Loan repayments,0.0
NW397,Kagisano-Molopo,2025,0700,Trade Creditors,12751628.0
NW397,Kagisano-Molopo,2025,0800,Auditor General,0.0
NW397,Kagisano-Molopo,2025,0900,Other,0.0
NW397,Kagisano-Molopo,2025,0950,Medical Aid Deductions,0.0
NW397,Kagisano-Molopo,2025,1000,Total,12751628.0
NW403,City of Matlosana,2025,0100,Bulk Electricity,2747309500.0
NW403,City of Matlosana,2025,0200,Bulk Water,2451859957.0
NW403,City of Matlosana,2025,0300,PAYE deductions,0.0
NW403,City of Matlosana,2025,0400,VAT (output less input),0.0
NW403,City of Matlosana,2025,0500,Pensions / Retirement deductions,0.0
NW403,City of Matlosana,2025,0600,Loan repayments,0.0
NW403,City of Matlosana,2025,0700,Trade Creditors,121423607.0
NW403,City of Matlosana,2025,0800,Auditor General,882981.0
NW403,City of Matlosana,2025,0900,Other,0.0
NW403,City of Matlosana,2025,0950,Medical Aid Deductions,0.0
NW403,City of Matlosana,2025,1000,Total,5321476045.0
NW404,Maquassi Hills,2025,0100,Bulk Electricity,350338306.0
NW404,Maquassi Hills,2025,0200,Bulk Water,280477953.0
NW404,Maquassi Hills,2025,0300,PAYE deductions,0.0
NW404,Maquassi Hills,2025,0400,VAT (output less input),0.0
NW404,Maquassi Hills,2025,0500,Pensions / Retirement deductions,0.0
NW404,Maquassi Hills,2025,0600,Loan repayments,0.0
NW404,Maquassi Hills,2025,0700,Trade Creditors,23920682.0
NW404,Maquassi Hills,2025,0800,Auditor General,7228726.0
NW404,Maquassi Hills,2025,0900,Other,419443825.0
NW404,Maquassi Hills,2025,0950,Medical Aid Deductions,0.0
NW404,Maquassi Hills,2025,1000,Total,1081409492.0
NW405,J B Marks,2025,0100,Bulk Electricity,639940287.0
NW405,J B Marks,2025,0200,Bulk Water,42821255.0
NW405,J B Marks,2025,0300,PAYE deductions,0.0
NW405,J B Marks,2025,0400,VAT (output less input),0.0
NW405,J B Marks,2025,0500,Pensions / Retirement deductions,0.0
NW405,J B Marks,2025,0600,Loan repayments,0.0
NW405,J B Marks,2025,0700,Trade Creditors,4684673.0
NW405,J B Marks,2025,0800,Auditor General,0.0
NW405,J B Marks,2025,0900,Other,18053749.0
NW405,J B Marks,2025,0950,Medical Aid Deductions,0.0
NW405,J B Marks,2025,1000,Total,705499964.0
TSH,City of Tshwane,2025,0100,Bulk Electricity,7673137217.0
TSH,City of Tshwane,2025,0200,Bulk Water,417528068.0
TSH,City of Tshwane,2025,0300,PAYE deductions,0.0
TSH,City of Tshwane,2025,0400,VAT (output less input),0.0
TSH,City of Tshwane,2025,0500,Pensions / Retirement deductions,0.0
TSH,City of Tshwane,2025,0600,Loan repayments,0.0
TSH,City of Tshwane,2025,0700,Trade Creditors,890506115.0
TSH,City of Tshwane,2025,0800,Auditor General,10761.0
TSH,City of Tshwane,2025,0900,Other,797225601.0
TSH,City of Tshwane,2025,0950,Medical Aid Deductions,0.0
TSH,City of Tshwane,2025,1000,Total,9778407762.0
WC011,Matzikama,2025,0100,Bulk Electricity,19165351.0
WC011,Matzikama,2025,0200,Bulk Water,661719.0
WC011,Matzikama,2025,0300,PAYE deductions,0.0
WC011,Matzikama,2025,0400,VAT (output less input),0.0
WC011,Matzikama,2025,0500,Pensions / Retirement deductions,0.0
WC011,Matzikama,2025,0600,Loan repayments,0.0
WC011,Matzikama,2025,0700,Trade Creditors,43175295.0
WC011,Matzikama,2025,0800,Auditor General,0.0
WC011,Matzikama,2025,0900,Other,5752602.0
WC011,Matzikama,2025,0950,Medical Aid Deductions,0.0
WC011,Matzikama,2025,1000,Total,68754967.0
WC012,Cederberg,2025,0100,Bulk Electricity,15233263.0
WC012,Cederberg,2025,0200,Bulk Water,0.0
WC012,Cederberg,2025,0300,PAYE deductions,0.0
WC012,Cederberg,2025,0400,VAT (output less input),0.0
WC012,Cederberg,2025,0500,Pensions / Retirement deductions,0.0
WC012,Cederberg,2025,0600,Loan repayments,0.0
WC012,Cederberg,2025,0700,Trade Creditors,200278.0
WC012,Cederberg,2025,0800,Auditor General,0.0
WC012,Cederberg,2025,0900,Other,1526395.0
WC012,Cederberg,2025,0950,Medical Aid Deductions,0.0
WC012,Cederberg,2025,1000,Total,16959936.0
WC013,Bergrivier,2025,0100,Bulk Electricity,19769794.0
WC013,Bergrivier,2025,0200,Bulk Water,808165.0
WC013,Bergrivier,2025,0300,PAYE deductions,0.0
WC013,Bergrivier,2025,0400,VAT (output less input),0.0
WC013,Bergrivier,2025,0500,Pensions / Retirement deductions,0.0
WC013,Bergrivier,2025,0600,Loan repayments,0.0
WC013,Bergrivier,2025,0700,Trade Creditors,1982639.0
WC013,Bergrivier,2025,0800,Auditor General,0.0
WC013,Bergrivier,2025,0900,Other,2489034.0
WC013,Bergrivier,2025,0950,Medical Aid Deductions,360.0
WC013,Bergrivier,2025,1000,Total,25049992.0
WC014,Saldanha Bay,2025,0100,Bulk Electricity,0.0
WC014,Saldanha Bay,2025,0200,Bulk Water,0.0
WC014,Saldanha Bay,2025,0300,PAYE deductions,0.0
WC014,Saldanha Bay,2025,0400,VAT (output less input),0.0
WC014,Saldanha Bay,2025,0500,Pensions / Retirement deductions,0.0
WC014,Saldanha Bay,2025,0600,Loan repayments,0.0
WC014,Saldanha Bay,2025,0700,Trade Creditors,120855720.0
WC014,Saldanha Bay,2025,0800,Auditor General,0.0
WC014,Saldanha Bay,2025,0900,Other,0.0
WC014,Saldanha Bay,2025,0950,Medical Aid Deductions,0.0
WC014,Saldanha Bay,2025,1000,Total,120855720.0
WC015,Swartland,2025,0100,Bulk Electricity,0.0
WC015,Swartland,2025,0200,Bulk Water,0.0
WC015,Swartland,2025,0300,PAYE deductions,0.0
WC015,Swartland,2025,0400,VAT (output less input),0.0
WC015,Swartland,2025,0500,Pensions / Retirement deductions,0.0
WC015,Swartland,2025,0600,Loan repayments,0.0
WC015,Swartland,2025,0700,Trade Creditors,2363740.0
WC015,Swartland,2025,0800,Auditor General,0.0
WC015,Swartland,2025,0900,Other,0.0
WC015,Swartland,2025,0950,Medical Aid Deductions,0.0
WC015,Swartland,2025,1000,Total,2363740.0
WC022,Witzenberg,2025,0100,Bulk Electricity,0.0
WC022,Witzenberg,2025,0200,Bulk Water,0.0
WC022,Witzenberg,2025,0300,PAYE deductions,0.0
WC022,Witzenberg,2025,0400,VAT (output less input),0.0
WC022,Witzenberg,2025,0500,Pensions / Retirement deductions,0.0
WC022,Witzenberg,2025,0600,Loan repayments,0.0
WC022,Witzenberg,2025,0700,Trade Creditors,16335549.0
WC022,Witzenberg,2025,0800,Auditor General,0.0
WC022,Witzenberg,2025,0900,Other,0.0
WC022,Witzenberg,2025,0950,Medical Aid Deductions,0.0
WC022,Witzenberg,2025,1000,Total,16335549.0
WC023,Drakenstein,2025,0100,Bulk Electricity,120107167.0
WC023,Drakenstein,2025,0200,Bulk Water,0.0
WC023,Drakenstein,2025,0300,PAYE deductions,0.0
WC023,Drakenstein,2025,0400,VAT (output less input),0.0
WC023,Drakenstein,2025,0500,Pensions / Retirement deductions,0.0
WC023,Drakenstein,2025,0600,Loan repayments,0.0
WC023,Drakenstein,2025,0700,Trade Creditors,0.0
WC023,Drakenstein,2025,0800,Auditor General,0.0
WC023,Drakenstein,2025,0900,Other,0.0
WC023,Drakenstein,2025,0950,Medical Aid Deductions,0.0
WC023,Drakenstein,2025,1000,Total,120107167.0
WC024,Stellenbosch,2025,0100,Bulk Electricity,0.0
WC024,Stellenbosch,2025,0200,Bulk Water,0.0
WC024,Stellenbosch,2025,0300,PAYE deductions,30435509.0
WC024,Stellenbosch,2025,0400,VAT (output less input),0.0
WC024,Stellenbosch,2025,0500,Pensions / Retirement deductions,0.0
WC024,Stellenbosch,2025,0600,Loan repayments,0.0
WC024,Stellenbosch,2025,0700,Trade Creditors,10217030.0
WC024,Stellenbosch,2025,0800,Auditor General,0.0
WC024,Stellenbosch,2025,0900,Other,0.0
WC024,Stellenbosch,2025,0950,Medical Aid Deductions,0.0
WC024,Stellenbosch,2025,1000,Total,40652539.0
WC025,Breede Valley,2025,0100,Bulk Electricity,0.0
WC025,Breede Valley,2025,0200,Bulk Water,0.0
WC025,Breede Valley,2025,0300,PAYE deductions,0.0
WC025,Breede Valley,2025,0400,VAT (output less input),0.0
WC025,Breede Valley,2025,0500,Pensions / Retirement deductions,0.0
WC025,Breede Valley,2025,0600,Loan repayments,1.0
WC025,Breede Valley,2025,0700,Trade Creditors,0.0
WC025,Breede Valley,2025,0800,Auditor General,0.0
WC025,Breede Valley,2025,0900,Other,0.0
WC025,Breede Valley,2025,0950,Medical Aid Deductions,0.0
WC025,Breede Valley,2025,1000,Total,1.0
WC026,Langeberg,2025,0100,Bulk Electricity,0.0
WC026,Langeberg,2025,0200,Bulk Water,0.0
WC026,Langeberg,2025,0300,PAYE deductions,0.0
WC026,Langeberg,2025,0400,VAT (output less input),0.0
WC026,Langeberg,2025,0500,Pensions / Retirement deductions,0.0
WC026,Langeberg,2025,0600,Loan repayments,0.0
WC026,Langeberg,2025,0700,Trade Creditors,0.0
WC026,Langeberg,2025,0800,Auditor General,0.0
WC026,Langeberg,2025,0900,Other,91729905.0
WC026,Langeberg,2025,0950,Medical Aid Deductions,0.0
WC026,Langeberg,2025,1000,Total,91729905.0
WC031,Theewaterskloof,2025,0100,Bulk Electricity,10000000.0
WC031,Theewaterskloof,2025,0200,Bulk Water,3061785.0
WC031,Theewaterskloof,2025,0300,PAYE deductions,0.0
WC031,Theewaterskloof,2025,0400,VAT (output less input),0.0
WC031,Theewaterskloof,2025,0500,Pensions / Retirement deductions,0.0
WC031,Theewaterskloof,2025,0600,Loan repayments,801791.0
WC031,Theewaterskloof,2025,0700,Trade Creditors,44800777.0
WC031,Theewaterskloof,2025,0800,Auditor General,9216506.0
WC031,Theewaterskloof,2025,0900,Other,1928386.0
WC031,Theewaterskloof,2025,0950,Medical Aid Deductions,0.0
WC031,Theewaterskloof,2025,1000,Total,69809245.0
WC032,Overstrand,2025,0100,Bulk Electricity,0.0
WC032,Overstrand,2025,0200,Bulk Water,0.0
WC032,Overstrand,2025,0300,PAYE deductions,0.0
WC032,Overstrand,2025,0400,VAT (output less input),0.0
WC032,Overstrand,2025,0500,Pensions / Retirement deductions,0.0
WC032,Overstrand,2025,0600,Loan repayments,203119233.0
WC032,Overstrand,2025,0700,Trade Creditors,0.0
WC032,Overstrand,2025,0800,Auditor General,0.0
WC032,Overstrand,2025,0900,Other,6114.0
WC032,Overstrand,2025,0950,Medical Aid Deductions,0.0
WC032,Overstrand,2025,1000,Total,203125347.0
WC034,Swellendam,2025,0100,Bulk Electricity,11778866.0
WC034,Swellendam,2025,0200,Bulk Water,0.0
WC034,Swellendam,2025,0300,PAYE deductions,1974242.0
WC034,Swellendam,2025,0400,VAT (output less input),3032179.0
WC034,Swellendam,2025,0500,Pensions / Retirement deductions,0.0
WC034,Swellendam,2025,0600,Loan repayments,0.0
WC034,Swellendam,2025,0700,Trade Creditors,18046903.0
WC034,Swellendam,2025,0800,Auditor General,67736.0
WC034,Swellendam,2025,0900,Other,0.0
WC034,Swellendam,2025,0950,Medical Aid Deductions,0.0
WC034,Swellendam,2025,1000,Total,34899926.0
WC041,Kannaland,2025,0100,Bulk Electricity,65517805.0
WC041,Kannaland,2025,0200,Bulk Water,0.0
WC041,Kannaland,2025,0300,PAYE deductions,0.0
WC041,Kannaland,2025,0400,VAT (output less input),0.0
WC041,Kannaland,2025,0500,Pensions / Retirement deductions,0.0
WC041,Kannaland,2025,0600,Loan repayments,0.0
WC041,Kannaland,2025,0700,Trade Creditors,2248121.0
WC041,Kannaland,2025,0800,Auditor General,19012314.0
WC041,Kannaland,2025,0900,Other,13783038.0
WC041,Kannaland,2025,0950,Medical Aid Deductions,0.0
WC041,Kannaland,2025,1000,Total,100561278.0
WC042,Hessequa,2025,0100,Bulk Electricity,0.0
WC042,Hessequa,2025,0200,Bulk Water,0.0
WC042,Hessequa,2025,0300,PAYE deductions,0.0
WC042,Hessequa,2025,0400,VAT (output less input),0.0
WC042,Hessequa,2025,0500,Pensions / Retirement deductions,0.0
WC042,Hessequa,2025,0600,Loan repayments,0.0
WC042,Hessequa,2025,0700,Trade Creditors,33543410.0
WC042,Hessequa,2025,0800,Auditor General,0.0
WC042,Hessequa,2025,0900,Other,31246569.0
WC042,Hessequa,2025,0950,Medical Aid Deductions,0.0
WC042,Hessequa,2025,1000,Total,64789979.0
WC043,Mossel Bay,2025,0100,Bulk Electricity,52086583.0
WC043,Mossel Bay,2025,0200,Bulk Water,0.0
WC043,Mossel Bay,2025,0300,PAYE deductions,0.0
WC043,Mossel Bay,2025,0400,VAT (output less input),0.0
WC043,Mossel Bay,2025,0500,Pensions / Retirement deductions,0.0
WC043,Mossel Bay,2025,0600,Loan repayments,0.0
WC043,Mossel Bay,2025,0700,Trade Creditors,79220144.0
WC043,Mossel Bay,2025,0800,Auditor General,0.0
WC043,Mossel Bay,2025,0900,Other,0.0
WC043,Mossel Bay,2025,0950,Medical Aid Deductions,0.0
WC043,Mossel Bay,2025,1000,Total,131306727.0
WC044,George,2025,0100,Bulk Electricity,0.0
WC044,George,2025,0200,Bulk Water,0.0
WC044,George,2025,0300,PAYE deductions,0.0
WC044,George,2025,0400,VAT (output less input),100424324.0
WC044,George,2025,0500,Pensions / Retirement deductions,0.0
WC044,George,2025,0600,Loan repayments,0.0
WC044,George,2025,0700,Trade Creditors,17609363.0
WC044,George,2025,0800,Auditor General,0.0
WC044,George,2025,0900,Other,1298244440.0
WC044,George,2025,0950,Medical Aid Deductions,0.0
WC044,George,2025,1000,Total,1416278127.0
WC045,Oudtshoorn,2025,0100,Bulk Electricity,0.0
WC045,Oudtshoorn,2025,0200,Bulk Water,0.0
WC045,Oudtshoorn,2025,0300,PAYE deductions,0.0
WC045,Oudtshoorn,2025,0400,VAT (output less input),0.0
WC045,Oudtshoorn,2025,0500,Pensions / Retirement deductions,0.0
WC045,Oudtshoorn,2025,0600,Loan repayments,0.0
WC045,Oudtshoorn,2025,0700,Trade Creditors,0.0
WC045,Oudtshoorn,2025,0800,Auditor General,0.0
WC045,Oudtshoorn,2025,0900,Other,0.0
WC045,Oudtshoorn,2025,0950,Medical Aid Deductions,0.0
WC045,Oudtshoorn,2025,1000,Total,0.0
WC047,Bitou,2025,0100,Bulk Electricity,0.0
WC047,Bitou,2025,0200,Bulk Water,0.0
WC047,Bitou,2025,0300,PAYE deductions,0.0
WC047,Bitou,2025,0400,VAT (output less input),0.0
WC047,Bitou,2025,0500,Pensions / Retirement deductions,0.0
WC047,Bitou,2025,0600,Loan repayments,0.0
WC047,Bitou,2025,0700,Trade Creditors,4229543.0
WC047,Bitou,2025,0800,Auditor General,0.0
WC047,Bitou,2025,0900,Other,0.0
WC047,Bitou,2025,0950,Medical Aid Deductions,0.0
WC047,Bitou,2025,1000,Total,4229543.0
WC048,Knysna,2025,0100,Bulk Electricity,0.0
WC048,Knysna,2025,0200,Bulk Water,0.0
WC048,Knysna,2025,0300,PAYE deductions,0.0
WC048,Knysna,2025,0400,VAT (output less input),0.0
WC048,Knysna,2025,0500,Pensions / Retirement deductions,0.0
WC048,Knysna,2025,0600,Loan repayments,0.0
WC048,Knysna,2025,0700,Trade Creditors,82573045.0
WC048,Knysna,2025,0800,Auditor General,0.0
WC048,Knysna,2025,0900,Other,0.0
WC048,Knysna,2025,0950,Medical Aid Deductions,0.0
WC048,Knysna,2025,1000,Total,82573045.0
WC051,Laingsburg,2025,0100,Bulk Electricity,1383700.0
WC051,Laingsburg,2025,0200,Bulk Water,0.0
WC051,Laingsburg,2025,0300,PAYE deductions,0.0
WC051,Laingsburg,2025,0400,VAT (output less input),0.0
WC051,Laingsburg,2025,0500,Pensions / Retirement deductions,0.0
WC051,Laingsburg,2025,0600,Loan repayments,0.0
WC051,Laingsburg,2025,0700,Trade Creditors,3174921.0
WC051,Laingsburg,2025,0800,Auditor General,0.0
WC051,Laingsburg,2025,0900,Other,0.0
WC051,Laingsburg,2025,0950,Medical Aid Deductions,0.0
WC051,Laingsburg,2025,1000,Total,4558621.0
WC052,Prince Albert,2025,0100,Bulk Electricity,0.0
WC052,Prince Albert,2025,0200,Bulk Water,0.0
WC052,Prince Albert,2025,0300,PAYE deductions,0.0
WC052,Prince Albert,2025,0400,VAT (output less input),0.0
WC052,Prince Albert,2025,0500,Pensions / Retirement deductions,0.0
WC052,Prince Albert,2025,0600,Loan repayments,0.0
WC052,Prince Albert,2025,0700,Trade Creditors,0.0
WC052,Prince Albert,2025,0800,Auditor General,0.0
WC052,Prince Albert,2025,0900,Other,0.0
WC052,Prince Albert,2025,0950,Medical Aid Deductions,0.0
WC052,Prince Albert,2025,1000,Total,0.0
WC053,Beaufort West,2025,0100,Bulk Electricity,71435082.0
WC053,Beaufort West,2025,0200,Bulk Water,16433415.0
WC053,Beaufort West,2025,0300,PAYE deductions,0.0
WC053,Beaufort West,2025,0400,VAT (output less input),0.0
WC053,Beaufort West,2025,0500,Pensions / Retirement deductions,0.0
WC053,Beaufort West,2025,0600,Loan repayments,0.0
WC053,Beaufort West,2025,0700,Trade Creditors,21926788.0
WC053,Beaufort West,2025,0800,Auditor General,11744579.0
WC053,Beaufort West,2025,0900,Other,145522.0
WC053,Beaufort West,2025,0950,Medical Aid Deductions,0.0
WC053,Beaufort West,2025,1000,Total,121685386.0
