demarcation.code,demarcation.label,financial_year_end.year,item.code,item.label,amount.sum
BUF,Buffalo City,2019,6002,Inventory Consumed,652370.0
BUF,Buffalo City,2019,6003,Contracted Services,387054556.0
CPT,Cape Town,2019,6002,Inventory Consumed,82611656.0
CPT,Cape Town,2019,6003,Contracted Services,952765810.0
CPT,Cape Town,2019,6004,Operational Costs,15272615.0
DC1,West Coast,2019,6002,Inventory Consumed,5185881.0
DC1,West Coast,2019,6003,Contracted Services,2975486.0
DC1,West Coast,2019,6004,Operational Costs,123026.0
DC10,Sarah Baartman,2019,6004,Operational Costs,776085.0
DC13,Chris Hani,2019,6003,Contracted Services,75690522.0
DC14,Joe Gqabi,2019,6002,Inventory Consumed,5492755.0
DC14,Joe Gqabi,2019,6003,Contracted Services,75510182.0
DC15,O R Tambo,2019,6003,Contracted Services,139541003.0
DC15,O R Tambo,2019,6004,Operational Costs,5603140.0
DC18,Lejweleputswa,2019,6003,Contracted Services,2351049.0
DC19,Thabo Mofutsanyana,2019,6003,Contracted Services,1775367.0
DC2,Cape Winelands DM,2019,6002,Inventory Consumed,4983006.0
DC2,Cape Winelands DM,2019,6003,Contracted Services,178110.0
DC20,Fezile Dabi,2019,6002,Inventory Consumed,32790.0
DC20,Fezile Dabi,2019,6003,Contracted Services,1597224.0
DC21,Ugu,2019,6002,Inventory Consumed,2741659.0
DC21,Ugu,2019,6003,Contracted Services,123926665.0
DC21,Ugu,2019,6004,Operational Costs,39455756.0
DC22,uMgungundlovu,2019,6003,Contracted Services,2484908.0
DC23,Uthukela,2019,6002,Inventory Consumed,115801.0
DC23,Uthukela,2019,6003,Contracted Services,14309964.0
DC24,Umzinyathi,2019,6002,Inventory Consumed,91624460.0
DC24,Umzinyathi,2019,6003,Contracted Services,100792394.0
DC24,Umzinyathi,2019,6004,Operational Costs,34091753.0
DC25,Amajuba,2019,6002,Inventory Consumed,1294274.0
DC26,Zululand,2019,6002,Inventory Consumed,2101569.0
DC26,Zululand,2019,6003,Contracted Services,74330138.0
DC26,Zululand,2019,6004,Operational Costs,263805.0
DC27,Umkhanyakude,2019,6003,Contracted Services,71836456.0
DC27,Umkhanyakude,2019,6004,Operational Costs,38473597.0
DC28,King Cetshwayo,2019,6002,Inventory Consumed,1151538.0
DC28,King Cetshwayo,2019,6003,Contracted Services,203491850.0
DC29,iLembe,2019,6002,Inventory Consumed,5980728.0
DC29,iLembe,2019,6003,Contracted Services,18009196.0
DC29,iLembe,2019,6004,Operational Costs,5295193.0
DC3,Overberg,2019,6001,Employee Related Costs,35734872.0
DC3,Overberg,2019,6002,Inventory Consumed,45633106.0
DC3,Overberg,2019,6003,Contracted Services,1938921.0
DC3,Overberg,2019,6004,Operational Costs,15189766.0
DC30,Gert Sibande,2019,6003,Contracted Services,32840229.0
DC31,Nkangala,2019,6003,Contracted Services,12310553.0
DC31,Nkangala,2019,6004,Operational Costs,2342709.0
DC32,Ehlanzeni,2019,6002,Inventory Consumed,763183.0
DC32,Ehlanzeni,2019,6003,Contracted Services,6530397.0
DC35,Capricorn,2019,6002,Inventory Consumed,482252.0
DC35,Capricorn,2019,6003,Contracted Services,17423320.0
DC36,Waterberg,2019,6003,Contracted Services,372388.0
DC38,Ngaka Modiri Molema,2019,6002,Inventory Consumed,-27274792.0
DC38,Ngaka Modiri Molema,2019,6003,Contracted Services,-15537070.0
DC39,Dr Ruth Segomotsi Mompati,2019,6003,Contracted Services,5494327.0
DC40,Dr Kenneth Kaunda,2019,6003,Contracted Services,1198439.0
DC42,Sedibeng,2019,6002,Inventory Consumed,3619250.0
DC42,Sedibeng,2019,6003,Contracted Services,6699107.0
DC42,Sedibeng,2019,6004,Operational Costs,1876589.0
DC43,Harry Gwala,2019,6002,Inventory Consumed,15942292.0
DC43,Harry Gwala,2019,6003,Contracted Services,17487668.0
DC44,Alfred Nzo,2019,6003,Contracted Services,38978975.0
DC47,Sekhukhune,2019,6002,Inventory Consumed,39287107.0
DC47,Sekhukhune,2019,6003,Contracted Services,79998352.0
DC48,West Rand,2019,6003,Contracted Services,581065.0
DC48,West Rand,2019,6004,Operational Costs,5213.0
DC5,Central Karoo,2019,6003,Contracted Services,7527516.0
DC6,Namakwa,2019,6003,Contracted Services,450794.0
DC6,Namakwa,2019,6004,Operational Costs,40051.0
DC8,Z F Mgcawu,2019,6003,Contracted Services,3571.0
DC9,Frances Baard,2019,6002,Inventory Consumed,3550.0
DC9,Frances Baard,2019,6003,Contracted Services,3573430.0
DC9,Frances Baard,2019,6004,Operational Costs,10596.0
EC101,Dr Beyers Naude,2019,6002,Inventory Consumed,8813.0
EC101,Dr Beyers Naude,2019,6003,Contracted Services,922325.0
EC101,Dr Beyers Naude,2019,6004,Operational Costs,-509904.0
EC102,Blue Crane Route,2019,6002,Inventory Consumed,147923.0
EC102,Blue Crane Route,2019,6003,Contracted Services,1146327.0
EC102,Blue Crane Route,2019,6004,Operational Costs,483425.0
EC104,Makana,2019,6002,Inventory Consumed,62395.0
EC104,Makana,2019,6003,Contracted Services,28426315.0
EC104,Makana,2019,6004,Operational Costs,34034.0
EC105,Ndlambe,2019,6002,Inventory Consumed,740600.0
EC105,Ndlambe,2019,6003,Contracted Services,13199241.0
EC105,Ndlambe,2019,6004,Operational Costs,35107.0
EC106,Sundays River Valley,2019,6002,Inventory Consumed,320967.0
EC106,Sundays River Valley,2019,6003,Contracted Services,3637848.0
EC108,Kouga,2019,6002,Inventory Consumed,11418020.0
EC108,Kouga,2019,6003,Contracted Services,32969547.0
EC108,Kouga,2019,6004,Operational Costs,1871578.0
EC109,Kou-Kamma,2019,6002,Inventory Consumed,97870.0
EC109,Kou-Kamma,2019,6003,Contracted Services,4465874.0
EC109,Kou-Kamma,2019,6004,Operational Costs,20599.0
EC121,Mbhashe,2019,6003,Contracted Services,8918103.0
EC121,Mbhashe,2019,6004,Operational Costs,3126802.0
EC123,Great Kei,2019,6002,Inventory Consumed,1122033.0
EC123,Great Kei,2019,6003,Contracted Services,496886.0
EC123,Great Kei,2019,6004,Operational Costs,14490.0
EC126,Ngqushwa,2019,6002,Inventory Consumed,351304.0
EC126,Ngqushwa,2019,6003,Contracted Services,2226365.0
EC126,Ngqushwa,2019,6004,Operational Costs,12318.0
EC131,Inxuba Yethemba,2019,6002,Inventory Consumed,531155.0
EC135,Vuyisile Mini,2019,6002,Inventory Consumed,773281.0
EC135,Vuyisile Mini,2019,6003,Contracted Services,440117.0
EC136,Emalahleni (EC),2019,6001,Employee Related Costs,6330.0
EC136,Emalahleni (EC),2019,6002,Inventory Consumed,219736.0
EC136,Emalahleni (EC),2019,6003,Contracted Services,3015571.0
EC136,Emalahleni (EC),2019,6004,Operational Costs,85066.0
EC137,Dr. A.B. Xuma,2019,6003,Contracted Services,-380649.0
EC137,Dr. A.B. Xuma,2019,6004,Operational Costs,35560.0
EC138,Sakhisizwe,2019,6003,Contracted Services,258863.0
EC139,Enoch Mgijima,2019,6002,Inventory Consumed,1660954.0
EC139,Enoch Mgijima,2019,6003,Contracted Services,16317249.0
EC141,Elundini,2019,6003,Contracted Services,6640390.0
EC142,Senqu,2019,6002,Inventory Consumed,3999242.0
EC142,Senqu,2019,6003,Contracted Services,5018687.0
EC142,Senqu,2019,6004,Operational Costs,67085.0
EC153,Ngquza Hills,2019,6003,Contracted Services,6649190.0
EC153,Ngquza Hills,2019,6004,Operational Costs,198753.0
EC155,Nyandeni,2019,6002,Inventory Consumed,1515711.0
EC155,Nyandeni,2019,6003,Contracted Services,10006062.0
EC155,Nyandeni,2019,6004,Operational Costs,704018.0
EC156,Kumkani Mhlontlo,2019,6003,Contracted Services,291714.0
EC156,Kumkani Mhlontlo,2019,6004,Operational Costs,1759427.0
EC157,King Sabata Dalindyebo,2019,6002,Inventory Consumed,10396358.0
EC157,King Sabata Dalindyebo,2019,6003,Contracted Services,13837783.0
EC157,King Sabata Dalindyebo,2019,6004,Operational Costs,5374602.0
EC441,Matatiele,2019,6003,Contracted Services,10641978.0
EC442,Umzimvubu,2019,6003,Contracted Services,6873068.0
EC443,Winnie Madikizela-Mandela,2019,6002,Inventory Consumed,12089.0
EC443,Winnie Madikizela-Mandela,2019,6003,Contracted Services,5796440.0
EC444,Ntabankulu,2019,6003,Contracted Services,2828954.0
EC444,Ntabankulu,2019,6004,Operational Costs,17787.0
EKU,City of Ekurhuleni,2019,6002,Inventory Consumed,1470419589.0
EKU,City of Ekurhuleni,2019,6003,Contracted Services,985001307.0
ETH,eThekwini,2019,6003,Contracted Services,1419730.0
FS161,Letsemeng,2019,6003,Contracted Services,-192817.0
FS163,Mohokare,2019,6002,Inventory Consumed,2350702.0
FS163,Mohokare,2019,6003,Contracted Services,2622153.0
FS182,Tokologo,2019,6002,Inventory Consumed,-11620.0
FS182,Tokologo,2019,6003,Contracted Services,396836.0
FS183,Tswelopele,2019,6002,Inventory Consumed,76786.0
FS183,Tswelopele,2019,6003,Contracted Services,4444545.0
FS184,Matjhabeng,2019,6002,Inventory Consumed,30652.0
FS184,Matjhabeng,2019,6003,Contracted Services,31436547.0
FS191,Setsoto,2019,6002,Inventory Consumed,12661526.0
FS191,Setsoto,2019,6003,Contracted Services,3154546.0
FS191,Setsoto,2019,6004,Operational Costs,846638.0
FS192,Dihlabeng,2019,6002,Inventory Consumed,1916591.0
FS192,Dihlabeng,2019,6003,Contracted Services,5325819.0
FS192,Dihlabeng,2019,6004,Operational Costs,793632.0
FS193,Nketoana,2019,6003,Contracted Services,7370223.0
FS194,Maluti-a-Phofung,2019,6002,Inventory Consumed,6983856.0
FS194,Maluti-a-Phofung,2019,6003,Contracted Services,33313956.0
FS201,Moqhaka,2019,6003,Contracted Services,24088323.0
FS201,Moqhaka,2019,6004,Operational Costs,13668347.0
FS203,Ngwathe,2019,6002,Inventory Consumed,34933797.0
FS203,Ngwathe,2019,6003,Contracted Services,-392545.0
FS204,Metsimaholo,2019,6002,Inventory Consumed,8895532.0
FS204,Metsimaholo,2019,6003,Contracted Services,10595418.0
FS204,Metsimaholo,2019,6004,Operational Costs,2284848.0
FS205,Mafube,2019,6002,Inventory Consumed,2373104.0
FS205,Mafube,2019,6003,Contracted Services,4535386.0
FS205,Mafube,2019,6004,Operational Costs,61850.0
GT421,Emfuleni,2019,6002,Inventory Consumed,7171950.0
GT421,Emfuleni,2019,6003,Contracted Services,117195695.0
GT421,Emfuleni,2019,6004,Operational Costs,49321768.0
GT422,Midvaal,2019,6001,Employee Related Costs,58011171.0
GT422,Midvaal,2019,6002,Inventory Consumed,744220.0
GT422,Midvaal,2019,6003,Contracted Services,34777358.0
GT422,Midvaal,2019,6004,Operational Costs,6041771.0
GT423,Lesedi,2019,6002,Inventory Consumed,6749751.0
GT423,Lesedi,2019,6003,Contracted Services,22471426.0
GT423,Lesedi,2019,6004,Operational Costs,260566.0
GT481,Mogale City,2019,6001,Employee Related Costs,25717859.0
GT481,Mogale City,2019,6002,Inventory Consumed,961915.0
GT481,Mogale City,2019,6003,Contracted Services,105730816.0
GT481,Mogale City,2019,6004,Operational Costs,57786478.0
GT484,Merafong City,2019,6002,Inventory Consumed,163466.0
GT484,Merafong City,2019,6003,Contracted Services,8295411.0
GT484,Merafong City,2019,6004,Operational Costs,1801839.0
KZN212,Umdoni,2019,6003,Contracted Services,22182659.0
KZN212,Umdoni,2019,6004,Operational Costs,1205881.0
KZN213,Umzumbe,2019,6003,Contracted Services,5812345.0
KZN214,uMuziwabantu,2019,6004,Operational Costs,391918.0
KZN221,uMshwathi,2019,6002,Inventory Consumed,1518.0
KZN221,uMshwathi,2019,6003,Contracted Services,10692408.0
KZN221,uMshwathi,2019,6004,Operational Costs,1100.0
KZN222,uMngeni,2019,6002,Inventory Consumed,145266.0
KZN222,uMngeni,2019,6004,Operational Costs,29500.0
KZN223,Mpofana,2019,6003,Contracted Services,1042309.0
KZN224,Impendle,2019,6004,Operational Costs,521586.0
KZN226,Mkhambathini,2019,6002,Inventory Consumed,475.0
KZN226,Mkhambathini,2019,6003,Contracted Services,6371798.0
KZN227,Richmond,2019,6002,Inventory Consumed,4575361.0
KZN227,Richmond,2019,6003,Contracted Services,2127438.0
KZN227,Richmond,2019,6004,Operational Costs,398265.0
KZN235,Okhahlamba,2019,6003,Contracted Services,6335955.0
KZN235,Okhahlamba,2019,6004,Operational Costs,133663.0
KZN237,Inkosi Langalibalele,2019,6002,Inventory Consumed,4709616.0
KZN237,Inkosi Langalibalele,2019,6003,Contracted Services,9806299.0
KZN238,Alfred Duma,2019,6001,Employee Related Costs,40485500.0
KZN238,Alfred Duma,2019,6002,Inventory Consumed,18986252.0
KZN238,Alfred Duma,2019,6003,Contracted Services,19485345.0
KZN238,Alfred Duma,2019,6004,Operational Costs,535535.0
KZN241,Endumeni,2019,6003,Contracted Services,962873.0
KZN242,Nquthu,2019,6002,Inventory Consumed,99884.0
KZN244,Msinga,2019,6002,Inventory Consumed,47366.0
KZN244,Msinga,2019,6003,Contracted Services,6941851.0
KZN244,Msinga,2019,6004,Operational Costs,337463.0
KZN245,Umvoti,2019,6003,Contracted Services,4508065.0
KZN245,Umvoti,2019,6004,Operational Costs,22814.0
KZN252,Newcastle,2019,6003,Contracted Services,131199.0
KZN252,Newcastle,2019,6004,Operational Costs,7034944.0
KZN253,Emadlangeni,2019,6002,Inventory Consumed,101982.0
KZN253,Emadlangeni,2019,6003,Contracted Services,1333356.0
KZN254,Dannhauser,2019,6003,Contracted Services,24009217.0
KZN254,Dannhauser,2019,6004,Operational Costs,-1560.0
KZN261,eDumbe,2019,6002,Inventory Consumed,575708.0
KZN261,eDumbe,2019,6003,Contracted Services,244238.0
KZN263,Abaqulusi,2019,6002,Inventory Consumed,6436971.0
KZN263,Abaqulusi,2019,6003,Contracted Services,8542682.0
KZN263,Abaqulusi,2019,6004,Operational Costs,1448996.0
KZN265,Nongoma,2019,6003,Contracted Services,10232044.0
KZN265,Nongoma,2019,6004,Operational Costs,-92.0
KZN266,Ulundi,2019,6002,Inventory Consumed,2269445.0
KZN266,Ulundi,2019,6003,Contracted Services,18894791.0
KZN266,Ulundi,2019,6004,Operational Costs,3374905.0
KZN271,Umhlabuyalingana,2019,6002,Inventory Consumed,362050.0
KZN271,Umhlabuyalingana,2019,6003,Contracted Services,4339228.0
KZN272,Jozini,2019,6002,Inventory Consumed,25570.0
KZN272,Jozini,2019,6003,Contracted Services,-1495379.0
KZN272,Jozini,2019,6004,Operational Costs,10300.0
KZN275,Mtubatuba,2019,6003,Contracted Services,7510241.0
KZN275,Mtubatuba,2019,6004,Operational Costs,1587136.0
KZN276,Hlabisa Big Five,2019,6003,Contracted Services,3670284.0
KZN276,Hlabisa Big Five,2019,6004,Operational Costs,11008.0
KZN281,Mfolozi,2019,6003,Contracted Services,3161025.0
KZN281,Mfolozi,2019,6004,Operational Costs,231297.0
KZN282,uMhlathuze,2019,6002,Inventory Consumed,74844358.0
KZN282,uMhlathuze,2019,6003,Contracted Services,136454224.0
KZN284,uMlalazi,2019,6002,Inventory Consumed,2492898.0
KZN284,uMlalazi,2019,6003,Contracted Services,5074720.0
KZN285,Mthonjaneni,2019,6003,Contracted Services,4035582.0
KZN285,Mthonjaneni,2019,6004,Operational Costs,331642.0
KZN286,Nkandla,2019,6002,Inventory Consumed,773989.0
KZN286,Nkandla,2019,6003,Contracted Services,4741825.0
KZN286,Nkandla,2019,6004,Operational Costs,397119.0
KZN291,Mandeni,2019,6002,Inventory Consumed,9852282.0
KZN291,Mandeni,2019,6003,Contracted Services,6450049.0
KZN291,Mandeni,2019,6004,Operational Costs,175534.0
KZN292,KwaDukuza,2019,6002,Inventory Consumed,11335519.0
KZN292,KwaDukuza,2019,6003,Contracted Services,32958822.0
KZN293,Ndwedwe,2019,6003,Contracted Services,982702.0
KZN294,Maphumulo,2019,6003,Contracted Services,458320.0
KZN433,Greater Kokstad,2019,6003,Contracted Services,17225145.0
KZN433,Greater Kokstad,2019,6004,Operational Costs,5280.0
KZN434,Johannes Phumani Phungula,2019,6003,Contracted Services,-512956.0
KZN435,Umzimkhulu,2019,6003,Contracted Services,11490472.0
KZN436,Dr Nkosazana Dlamini Zuma,2019,6003,Contracted Services,7432255.0
LIM331,Greater Giyani,2019,6002,Inventory Consumed,1703706.0
LIM331,Greater Giyani,2019,6003,Contracted Services,339703.0
LIM333,Greater Tzaneen,2019,6002,Inventory Consumed,61351842.0
LIM334,Ba-Phalaborwa,2019,6004,Operational Costs,16014648.0
LIM335,Maruleng,2019,6003,Contracted Services,2511201.0
LIM343,Thulamela,2019,6002,Inventory Consumed,2857336.0
LIM343,Thulamela,2019,6003,Contracted Services,11628498.0
LIM344,Makhado,2019,6002,Inventory Consumed,17008799.0
LIM344,Makhado,2019,6003,Contracted Services,7556859.0
LIM345,Collins Chabane,2019,6003,Contracted Services,3687328.0
LIM351,Blouberg,2019,6002,Inventory Consumed,166883.0
LIM351,Blouberg,2019,6003,Contracted Services,1685921.0
LIM353,Molemole,2019,6002,Inventory Consumed,170283.0
LIM353,Molemole,2019,6003,Contracted Services,7692031.0
LIM361,Thabazimbi,2019,6003,Contracted Services,9952810.0
LIM362,Lephalale,2019,6002,Inventory Consumed,52715.0
LIM362,Lephalale,2019,6003,Contracted Services,50887.0
LIM362,Lephalale,2019,6004,Operational Costs,33587381.0
LIM366,Bela Bela,2019,6002,Inventory Consumed,16373068.0
LIM367,Mogalakwena,2019,6002,Inventory Consumed,1646676.0
LIM367,Mogalakwena,2019,6003,Contracted Services,80052244.0
LIM368,Modimolle-Mookgopong,2019,6002,Inventory Consumed,4726568.0
LIM368,Modimolle-Mookgopong,2019,6003,Contracted Services,9955390.0
LIM471,Ephraim Mogale,2019,6003,Contracted Services,6230564.0
LIM472,Elias Motsoaledi,2019,6002,Inventory Consumed,8800575.0
LIM472,Elias Motsoaledi,2019,6003,Contracted Services,3286956.0
LIM473,Makhuduthamaga,2019,6003,Contracted Services,12882260.0
LIM476,Tubatse Fetakgomo,2019,6002,Inventory Consumed,916213.0
LIM476,Tubatse Fetakgomo,2019,6003,Contracted Services,3368979.0
MAN,Mangaung,2019,6001,Employee Related Costs,351218957.0
MAN,Mangaung,2019,6002,Inventory Consumed,22377711.0
MAN,Mangaung,2019,6003,Contracted Services,226592816.0
MAN,Mangaung,2019,6004,Operational Costs,7690010.0
MP301,Albert Luthuli,2019,6002,Inventory Consumed,11109368.0
MP301,Albert Luthuli,2019,6003,Contracted Services,3556634.0
MP301,Albert Luthuli,2019,6004,Operational Costs,6399102.0
MP302,Msukaligwa,2019,6002,Inventory Consumed,17911160.0
MP302,Msukaligwa,2019,6003,Contracted Services,7107762.0
MP303,Mkhondo,2019,6002,Inventory Consumed,11128264.0
MP303,Mkhondo,2019,6003,Contracted Services,56217291.0
MP303,Mkhondo,2019,6004,Operational Costs,125375610.0
MP304,Pixley Ka Seme (MP),2019,6003,Contracted Services,13711755.0
MP305,Lekwa,2019,6002,Inventory Consumed,531965.0
MP305,Lekwa,2019,6003,Contracted Services,14843362.0
MP306,Dipaleseng,2019,6003,Contracted Services,18368358.0
MP307,Govan Mbeki,2019,6002,Inventory Consumed,13324499.0
MP307,Govan Mbeki,2019,6003,Contracted Services,69777947.0
MP307,Govan Mbeki,2019,6004,Operational Costs,98399.0
MP312,Emalahleni (MP),2019,6003,Contracted Services,1661698.0
MP312,Emalahleni (MP),2019,6004,Operational Costs,135680.0
MP313,Steve Tshwete,2019,6002,Inventory Consumed,10868209.0
MP313,Steve Tshwete,2019,6003,Contracted Services,61312286.0
MP313,Steve Tshwete,2019,6004,Operational Costs,1889448.0
MP314,Emakhazeni,2019,6002,Inventory Consumed,4637147.0
MP314,Emakhazeni,2019,6003,Contracted Services,3063205.0
MP314,Emakhazeni,2019,6004,Operational Costs,60.0
MP315,Thembisile Hani,2019,6002,Inventory Consumed,2765861.0
MP315,Thembisile Hani,2019,6003,Contracted Services,25859135.0
MP316,Dr J.S. Moroka,2019,6003,Contracted Services,30554217.0
MP316,Dr J.S. Moroka,2019,6004,Operational Costs,369681.0
MP324,Nkomazi,2019,6002,Inventory Consumed,8689672.0
MP324,Nkomazi,2019,6003,Contracted Services,23348027.0
MP324,Nkomazi,2019,6004,Operational Costs,391165.0
MP325,Bushbuckridge,2019,6003,Contracted Services,276062634.0
MP325,Bushbuckridge,2019,6004,Operational Costs,96088283.0
MP326,City of Mbombela,2019,6002,Inventory Consumed,269630.0
MP326,City of Mbombela,2019,6003,Contracted Services,3632261.0
NC061,Richtersveld,2019,6003,Contracted Services,842116.0
NC061,Richtersveld,2019,6004,Operational Costs,242805.0
NC062,Nama Khoi,2019,6002,Inventory Consumed,1730213.0
NC062,Nama Khoi,2019,6003,Contracted Services,9915598.0
NC064,Kamiesberg,2019,6002,Inventory Consumed,371978.0
NC064,Kamiesberg,2019,6003,Contracted Services,372191.0
NC065,Hantam,2019,6002,Inventory Consumed,1218834.0
NC065,Hantam,2019,6003,Contracted Services,8745985.0
NC065,Hantam,2019,6004,Operational Costs,52314.0
NC066,Karoo Hoogland,2019,6003,Contracted Services,344442.0
NC067,Khai-Ma,2019,6003,Contracted Services,1242190.0
NC067,Khai-Ma,2019,6004,Operational Costs,219973.0
NC072,Umsobomvu,2019,6003,Contracted Services,1993618.0
NC073,Emthanjeni,2019,6003,Contracted Services,2077532.0
NC074,Kareeberg,2019,6003,Contracted Services,365221.0
NC075,Renosterberg,2019,6002,Inventory Consumed,1347785.0
NC075,Renosterberg,2019,6004,Operational Costs,5252439.0
NC076,Thembelihle,2019,6002,Inventory Consumed,683090.0
NC076,Thembelihle,2019,6004,Operational Costs,20846.0
NC078,Siyancuma,2019,6004,Operational Costs,1501616.0
NC082,!Kai! Garib,2019,6002,Inventory Consumed,3801393.0
NC084,!Kheis,2019,6003,Contracted Services,1889489.0
NC084,!Kheis,2019,6004,Operational Costs,6504.0
NC091,Sol Plaatje,2019,6001,Employee Related Costs,109912999.0
NC091,Sol Plaatje,2019,6002,Inventory Consumed,110562591.0
NC091,Sol Plaatje,2019,6003,Contracted Services,7597185.0
NC091,Sol Plaatje,2019,6004,Operational Costs,4373366.0
NC093,Magareng,2019,6002,Inventory Consumed,281368.0
NC094,Phokwane,2019,6002,Inventory Consumed,5309492.0
NC451,Joe Morolong,2019,6003,Contracted Services,762665.0
NC452,Ga-Segonyana,2019,6002,Inventory Consumed,6780884.0
NC453,Gamagara,2019,6003,Contracted Services,7734192.0
NC453,Gamagara,2019,6004,Operational Costs,59275.0
NW372,Madibeng,2019,6003,Contracted Services,95906098.0
NW375,Moses Kotane,2019,6002,Inventory Consumed,93483.0
NW375,Moses Kotane,2019,6003,Contracted Services,62286592.0
NW375,Moses Kotane,2019,6004,Operational Costs,496685.0
NW383,Mafikeng,2019,6002,Inventory Consumed,6316969.0
NW383,Mafikeng,2019,6003,Contracted Services,10964528.0
NW383,Mafikeng,2019,6004,Operational Costs,158240.0
NW385,Ramotshere Moiloa,2019,6003,Contracted Services,5444045.0
NW385,Ramotshere Moiloa,2019,6004,Operational Costs,15193.0
NW396,Lekwa-Teemane,2019,6003,Contracted Services,925000.0
NW403,City of Matlosana,2019,6002,Inventory Consumed,36784384.0
NW403,City of Matlosana,2019,6003,Contracted Services,61241974.0
NW404,Maquassi Hills,2019,6002,Inventory Consumed,375906.0
NW404,Maquassi Hills,2019,6003,Contracted Services,104958031.0
NW405,J B Marks,2019,6003,Contracted Services,218766.0
TSH,City of Tshwane,2019,6002,Inventory Consumed,303781607.0
TSH,City of Tshwane,2019,6003,Contracted Services,918903923.0
TSH,City of Tshwane,2019,6004,Operational Costs,35285906.0
WC011,Matzikama,2019,6002,Inventory Consumed,7380389.0
WC011,Matzikama,2019,6003,Contracted Services,1344167.0
WC011,Matzikama,2019,6004,Operational Costs,638303.0
WC012,Cederberg,2019,6001,Employee Related Costs,14244006.0
WC012,Cederberg,2019,6002,Inventory Consumed,5661680.0
WC012,Cederberg,2019,6003,Contracted Services,7889357.0
WC012,Cederberg,2019,6004,Operational Costs,4500634.0
WC013,Bergrivier,2019,6001,Employee Related Costs,13498845.0
WC013,Bergrivier,2019,6002,Inventory Consumed,4312011.0
WC013,Bergrivier,2019,6003,Contracted Services,4305672.0
WC013,Bergrivier,2019,6004,Operational Costs,1428695.0
WC014,Saldanha Bay,2019,6002,Inventory Consumed,10792051.0
WC014,Saldanha Bay,2019,6003,Contracted Services,43537775.0
WC014,Saldanha Bay,2019,6004,Operational Costs,100663.0
WC015,Swartland,2019,6001,Employee Related Costs,15603278.0
WC015,Swartland,2019,6002,Inventory Consumed,1325696.0
WC015,Swartland,2019,6003,Contracted Services,33649592.0
WC015,Swartland,2019,6004,Operational Costs,2622207.0
WC022,Witzenberg,2019,6001,Employee Related Costs,1451382.0
WC022,Witzenberg,2019,6002,Inventory Consumed,3999952.0
WC022,Witzenberg,2019,6003,Contracted Services,11333828.0
WC022,Witzenberg,2019,6004,Operational Costs,1479189.0
WC023,Drakenstein,2019,6001,Employee Related Costs,157880172.0
WC023,Drakenstein,2019,6002,Inventory Consumed,22064196.0
WC023,Drakenstein,2019,6003,Contracted Services,62702670.0
WC023,Drakenstein,2019,6004,Operational Costs,21495113.0
WC024,Stellenbosch,2019,6001,Employee Related Costs,-35034079.0
WC024,Stellenbosch,2019,6002,Inventory Consumed,39632.0
WC024,Stellenbosch,2019,6003,Contracted Services,42394391.0
WC025,Breede Valley,2019,6001,Employee Related Costs,396.0
WC025,Breede Valley,2019,6002,Inventory Consumed,13427518.0
WC025,Breede Valley,2019,6003,Contracted Services,34440344.0
WC025,Breede Valley,2019,6004,Operational Costs,2868976.0
WC026,Langeberg,2019,6001,Employee Related Costs,8627304.0
WC026,Langeberg,2019,6002,Inventory Consumed,7769134.0
WC026,Langeberg,2019,6003,Contracted Services,10313408.0
WC026,Langeberg,2019,6004,Operational Costs,4590791.0
WC031,Theewaterskloof,2019,6001,Employee Related Costs,51476438.0
WC031,Theewaterskloof,2019,6002,Inventory Consumed,12047726.0
WC031,Theewaterskloof,2019,6003,Contracted Services,16978697.0
WC031,Theewaterskloof,2019,6004,Operational Costs,13461862.0
WC033,Cape Agulhas,2019,6001,Employee Related Costs,39053667.0
WC033,Cape Agulhas,2019,6002,Inventory Consumed,14739062.0
WC033,Cape Agulhas,2019,6003,Contracted Services,257902.0
WC033,Cape Agulhas,2019,6004,Operational Costs,5388228.0
WC034,Swellendam,2019,6002,Inventory Consumed,14860218.0
WC034,Swellendam,2019,6003,Contracted Services,736087.0
WC041,Kannaland,2019,6001,Employee Related Costs,17835063.0
WC041,Kannaland,2019,6002,Inventory Consumed,908966.0
WC041,Kannaland,2019,6003,Contracted Services,672045.0
WC041,Kannaland,2019,6004,Operational Costs,5070526.0
WC042,Hessequa,2019,6001,Employee Related Costs,54651320.0
WC042,Hessequa,2019,6002,Inventory Consumed,4533768.0
WC042,Hessequa,2019,6003,Contracted Services,10474648.0
WC042,Hessequa,2019,6004,Operational Costs,1074576.0
WC043,Mossel Bay,2019,6001,Employee Related Costs,42512912.0
WC043,Mossel Bay,2019,6002,Inventory Consumed,13663468.0
WC043,Mossel Bay,2019,6003,Contracted Services,40867096.0
WC043,Mossel Bay,2019,6004,Operational Costs,761003.0
WC045,Oudtshoorn,2019,6002,Inventory Consumed,13096653.0
WC045,Oudtshoorn,2019,6003,Contracted Services,3765620.0
WC045,Oudtshoorn,2019,6004,Operational Costs,178257.0
WC047,Bitou,2019,6002,Inventory Consumed,5464651.0
WC047,Bitou,2019,6003,Contracted Services,22370022.0
WC047,Bitou,2019,6004,Operational Costs,9931663.0
WC048,Knysna,2019,6002,Inventory Consumed,2430794.0
WC048,Knysna,2019,6003,Contracted Services,56620172.0
WC048,Knysna,2019,6004,Operational Costs,2130219.0
WC051,Laingsburg,2019,6002,Inventory Consumed,22636.0
WC051,Laingsburg,2019,6003,Contracted Services,1337354.0
WC052,Prince Albert,2019,6001,Employee Related Costs,4186047.0
WC052,Prince Albert,2019,6002,Inventory Consumed,49881.0
WC052,Prince Albert,2019,6003,Contracted Services,185194.0
WC052,Prince Albert,2019,6004,Operational Costs,2193276.0
WC053,Beaufort West,2019,6002,Inventory Consumed,42080.0
WC053,Beaufort West,2019,6003,Contracted Services,416968.0
BUF,Buffalo City,2020,6002,Inventory Consumed,371955.0
CPT,Cape Town,2020,6002,Inventory Consumed,129996671.0
CPT,Cape Town,2020,6003,Contracted Services,1023759322.0
CPT,Cape Town,2020,6004,Operational Costs,16677329.0
DC1,West Coast,2020,6002,Inventory Consumed,5638273.0
DC1,West Coast,2020,6003,Contracted Services,2575534.0
DC1,West Coast,2020,6004,Operational Costs,199665.0
DC10,Sarah Baartman,2020,6004,Operational Costs,272532.0
DC12,Amathole,2020,6002,Inventory Consumed,-25000.0
DC12,Amathole,2020,6003,Contracted Services,15393009.0
DC12,Amathole,2020,6004,Operational Costs,-808724.0
DC13,Chris Hani,2020,6003,Contracted Services,41503602.0
DC14,Joe Gqabi,2020,6002,Inventory Consumed,2919906.0
DC14,Joe Gqabi,2020,6003,Contracted Services,74892758.0
DC15,O R Tambo,2020,6003,Contracted Services,57110115.0
DC15,O R Tambo,2020,6004,Operational Costs,5251739.0
DC18,Lejweleputswa,2020,6003,Contracted Services,2441888.0
DC19,Thabo Mofutsanyana,2020,6003,Contracted Services,1523170.0
DC2,Cape Winelands DM,2020,6001,Employee Related Costs,108409.0
DC2,Cape Winelands DM,2020,6002,Inventory Consumed,751085.0
DC2,Cape Winelands DM,2020,6003,Contracted Services,2607157.0
DC2,Cape Winelands DM,2020,6004,Operational Costs,796935.0
DC20,Fezile Dabi,2020,6002,Inventory Consumed,42766.0
DC20,Fezile Dabi,2020,6003,Contracted Services,5624258.0
DC21,Ugu,2020,6003,Contracted Services,636176.0
DC21,Ugu,2020,6004,Operational Costs,2604857.0
DC22,uMgungundlovu,2020,6003,Contracted Services,26472272.0
DC23,Uthukela,2020,6003,Contracted Services,16270436.0
DC24,Umzinyathi,2020,6002,Inventory Consumed,58813460.0
DC24,Umzinyathi,2020,6003,Contracted Services,124311771.0
DC24,Umzinyathi,2020,6004,Operational Costs,56444563.0
DC26,Zululand,2020,6002,Inventory Consumed,2536276.0
DC26,Zululand,2020,6003,Contracted Services,75131141.0
DC26,Zululand,2020,6004,Operational Costs,2848696.0
DC27,Umkhanyakude,2020,6003,Contracted Services,35781718.0
DC27,Umkhanyakude,2020,6004,Operational Costs,212369.0
DC28,King Cetshwayo,2020,6002,Inventory Consumed,355051.0
DC28,King Cetshwayo,2020,6003,Contracted Services,183723514.0
DC29,iLembe,2020,6002,Inventory Consumed,5651798.0
DC29,iLembe,2020,6003,Contracted Services,30648297.0
DC29,iLembe,2020,6004,Operational Costs,5265440.0
DC3,Overberg,2020,6001,Employee Related Costs,39291091.0
DC3,Overberg,2020,6002,Inventory Consumed,39156479.0
DC3,Overberg,2020,6003,Contracted Services,7104750.0
DC3,Overberg,2020,6004,Operational Costs,14946187.0
DC30,Gert Sibande,2020,6003,Contracted Services,24592949.0
DC30,Gert Sibande,2020,6004,Operational Costs,9075491.0
DC31,Nkangala,2020,6003,Contracted Services,13628304.0
DC31,Nkangala,2020,6004,Operational Costs,9843531.0
DC32,Ehlanzeni,2020,6002,Inventory Consumed,418061.0
DC32,Ehlanzeni,2020,6003,Contracted Services,8896294.0
DC33,Mopani,2020,6002,Inventory Consumed,16617470.0
DC33,Mopani,2020,6003,Contracted Services,66503087.0
DC33,Mopani,2020,6004,Operational Costs,32207590.0
DC34,Vhembe,2020,6003,Contracted Services,928810.0
DC35,Capricorn,2020,6002,Inventory Consumed,733322.0
DC35,Capricorn,2020,6003,Contracted Services,25010744.0
DC36,Waterberg,2020,6003,Contracted Services,1018170.0
DC38,Ngaka Modiri Molema,2020,6002,Inventory Consumed,50449142.0
DC38,Ngaka Modiri Molema,2020,6003,Contracted Services,4532584.0
DC39,Dr Ruth Segomotsi Mompati,2020,6003,Contracted Services,-543544.0
DC4,Garden Route,2020,6003,Contracted Services,6896858.0
DC40,Dr Kenneth Kaunda,2020,6003,Contracted Services,1535099.0
DC42,Sedibeng,2020,6002,Inventory Consumed,2626483.0
DC42,Sedibeng,2020,6003,Contracted Services,4901176.0
DC42,Sedibeng,2020,6004,Operational Costs,989555.0
DC43,Harry Gwala,2020,6002,Inventory Consumed,195785.0
DC43,Harry Gwala,2020,6003,Contracted Services,20283643.0
DC44,Alfred Nzo,2020,6002,Inventory Consumed,163518.0
DC44,Alfred Nzo,2020,6003,Contracted Services,42944067.0
DC47,Sekhukhune,2020,6002,Inventory Consumed,22856396.0
DC47,Sekhukhune,2020,6003,Contracted Services,76449539.0
DC5,Central Karoo,2020,6003,Contracted Services,152714.0
DC5,Central Karoo,2020,6004,Operational Costs,76407.0
DC6,Namakwa,2020,6003,Contracted Services,452020.0
DC6,Namakwa,2020,6004,Operational Costs,33904.0
DC8,Z F Mgcawu,2020,6003,Contracted Services,660813.0
DC9,Frances Baard,2020,6003,Contracted Services,4811805.0
DC9,Frances Baard,2020,6004,Operational Costs,11030.0
EC101,Dr Beyers Naude,2020,6002,Inventory Consumed,12745.0
EC101,Dr Beyers Naude,2020,6003,Contracted Services,21106.0
EC101,Dr Beyers Naude,2020,6004,Operational Costs,3180455.0
EC102,Blue Crane Route,2020,6002,Inventory Consumed,71922.0
EC102,Blue Crane Route,2020,6003,Contracted Services,852480.0
EC102,Blue Crane Route,2020,6004,Operational Costs,641166.0
EC104,Makana,2020,6002,Inventory Consumed,22461.0
EC104,Makana,2020,6003,Contracted Services,9443141.0
EC105,Ndlambe,2020,6002,Inventory Consumed,254.0
EC105,Ndlambe,2020,6003,Contracted Services,13713591.0
EC106,Sundays River Valley,2020,6002,Inventory Consumed,9768.0
EC106,Sundays River Valley,2020,6003,Contracted Services,1484612.0
EC108,Kouga,2020,6002,Inventory Consumed,18539154.0
EC108,Kouga,2020,6003,Contracted Services,39155573.0
EC108,Kouga,2020,6004,Operational Costs,2594340.0
EC109,Kou-Kamma,2020,6002,Inventory Consumed,1070056.0
EC109,Kou-Kamma,2020,6003,Contracted Services,2116760.0
EC121,Mbhashe,2020,6003,Contracted Services,498672.0
EC121,Mbhashe,2020,6004,Operational Costs,749404.0
EC123,Great Kei,2020,6002,Inventory Consumed,64813.0
EC123,Great Kei,2020,6003,Contracted Services,106932.0
EC124,Amahlathi,2020,6003,Contracted Services,1655369.0
EC126,Ngqushwa,2020,6002,Inventory Consumed,214450.0
EC126,Ngqushwa,2020,6003,Contracted Services,1583356.0
EC126,Ngqushwa,2020,6004,Operational Costs,200.0
EC131,Inxuba Yethemba,2020,6002,Inventory Consumed,1099918.0
EC135,Vuyisile Mini,2020,6002,Inventory Consumed,29200.0
EC135,Vuyisile Mini,2020,6003,Contracted Services,1690382.0
EC135,Vuyisile Mini,2020,6004,Operational Costs,990.0
EC136,Emalahleni (EC),2020,6001,Employee Related Costs,2017953.0
EC136,Emalahleni (EC),2020,6002,Inventory Consumed,113231.0
EC136,Emalahleni (EC),2020,6003,Contracted Services,-623964.0
EC136,Emalahleni (EC),2020,6004,Operational Costs,93124.0
EC137,Dr. A.B. Xuma,2020,6002,Inventory Consumed,46748.0
EC137,Dr. A.B. Xuma,2020,6003,Contracted Services,4875704.0
EC138,Sakhisizwe,2020,6003,Contracted Services,1404216.0
EC138,Sakhisizwe,2020,6004,Operational Costs,880100.0
EC139,Enoch Mgijima,2020,6002,Inventory Consumed,1265312.0
EC139,Enoch Mgijima,2020,6003,Contracted Services,12990958.0
EC141,Elundini,2020,6003,Contracted Services,4615162.0
EC142,Senqu,2020,6002,Inventory Consumed,3769521.0
EC142,Senqu,2020,6003,Contracted Services,4619020.0
EC142,Senqu,2020,6004,Operational Costs,81138.0
EC145,Walter Sisulu,2020,6003,Contracted Services,3615270.0
EC153,Ngquza Hills,2020,6003,Contracted Services,6011061.0
EC155,Nyandeni,2020,6002,Inventory Consumed,2514167.0
EC155,Nyandeni,2020,6003,Contracted Services,10200973.0
EC155,Nyandeni,2020,6004,Operational Costs,2018825.0
EC156,Kumkani Mhlontlo,2020,6003,Contracted Services,68270.0
EC156,Kumkani Mhlontlo,2020,6004,Operational Costs,1162513.0
EC157,King Sabata Dalindyebo,2020,6002,Inventory Consumed,9520068.0
EC157,King Sabata Dalindyebo,2020,6003,Contracted Services,28245586.0
EC157,King Sabata Dalindyebo,2020,6004,Operational Costs,27513281.0
EC441,Matatiele,2020,6002,Inventory Consumed,526004.0
EC441,Matatiele,2020,6003,Contracted Services,17617124.0
EC442,Umzimvubu,2020,6003,Contracted Services,5172949.0
EC443,Winnie Madikizela-Mandela,2020,6002,Inventory Consumed,377405.0
EC443,Winnie Madikizela-Mandela,2020,6003,Contracted Services,12421903.0
EC444,Ntabankulu,2020,6003,Contracted Services,14815094.0
EC444,Ntabankulu,2020,6004,Operational Costs,17787.0
EKU,City of Ekurhuleni,2020,6002,Inventory Consumed,1556050183.0
EKU,City of Ekurhuleni,2020,6003,Contracted Services,1258075247.0
ETH,eThekwini,2020,6002,Inventory Consumed,538177995.0
ETH,eThekwini,2020,6003,Contracted Services,2404699940.0
ETH,eThekwini,2020,6004,Operational Costs,85810887.0
FS161,Letsemeng,2020,6003,Contracted Services,39980.0
FS163,Mohokare,2020,6002,Inventory Consumed,5735181.0
FS163,Mohokare,2020,6003,Contracted Services,2556068.0
FS163,Mohokare,2020,6004,Operational Costs,500.0
FS183,Tswelopele,2020,6002,Inventory Consumed,405811.0
FS183,Tswelopele,2020,6003,Contracted Services,7034891.0
FS184,Matjhabeng,2020,6002,Inventory Consumed,29977.0
FS184,Matjhabeng,2020,6003,Contracted Services,22704304.0
FS191,Setsoto,2020,6002,Inventory Consumed,349906.0
FS191,Setsoto,2020,6003,Contracted Services,2941410.0
FS191,Setsoto,2020,6004,Operational Costs,756211.0
FS192,Dihlabeng,2020,6002,Inventory Consumed,3326859.0
FS192,Dihlabeng,2020,6003,Contracted Services,553763.0
FS192,Dihlabeng,2020,6004,Operational Costs,1093368.0
FS194,Maluti-a-Phofung,2020,6002,Inventory Consumed,1564639.0
FS194,Maluti-a-Phofung,2020,6003,Contracted Services,53340943.0
FS195,Phumelela,2020,6003,Contracted Services,7577042.0
FS195,Phumelela,2020,6004,Operational Costs,221466.0
FS201,Moqhaka,2020,6003,Contracted Services,25367946.0
FS201,Moqhaka,2020,6004,Operational Costs,37043460.0
FS203,Ngwathe,2020,6002,Inventory Consumed,66507007.0
FS204,Metsimaholo,2020,6002,Inventory Consumed,36638641.0
FS204,Metsimaholo,2020,6003,Contracted Services,7619240.0
FS204,Metsimaholo,2020,6004,Operational Costs,3115628.0
FS205,Mafube,2020,6002,Inventory Consumed,840347.0
FS205,Mafube,2020,6003,Contracted Services,6702185.0
GT421,Emfuleni,2020,6002,Inventory Consumed,1000147.0
GT421,Emfuleni,2020,6003,Contracted Services,126801295.0
GT421,Emfuleni,2020,6004,Operational Costs,55171174.0
GT422,Midvaal,2020,6001,Employee Related Costs,64104532.0
GT422,Midvaal,2020,6002,Inventory Consumed,52591.0
GT422,Midvaal,2020,6003,Contracted Services,35879935.0
GT422,Midvaal,2020,6004,Operational Costs,3571460.0
GT423,Lesedi,2020,6002,Inventory Consumed,10578430.0
GT423,Lesedi,2020,6003,Contracted Services,19051925.0
GT423,Lesedi,2020,6004,Operational Costs,321951.0
GT481,Mogale City,2020,6001,Employee Related Costs,190174817.0
GT481,Mogale City,2020,6002,Inventory Consumed,1850803.0
GT481,Mogale City,2020,6003,Contracted Services,117661231.0
GT481,Mogale City,2020,6004,Operational Costs,88834079.0
GT484,Merafong City,2020,6002,Inventory Consumed,50658.0
GT484,Merafong City,2020,6003,Contracted Services,6181838.0
GT484,Merafong City,2020,6004,Operational Costs,1521266.0
GT485,Rand West City,2020,6003,Contracted Services,38115521.0
JHB,City of Johannesburg,2020,6002,Inventory Consumed,100380032.0
JHB,City of Johannesburg,2020,6003,Contracted Services,1567946905.0
JHB,City of Johannesburg,2020,6004,Operational Costs,79139390.0
KZN212,Umdoni,2020,6002,Inventory Consumed,1409716.0
KZN212,Umdoni,2020,6003,Contracted Services,45576108.0
KZN212,Umdoni,2020,6004,Operational Costs,1731.0
KZN213,Umzumbe,2020,6003,Contracted Services,5832135.0
KZN214,uMuziwabantu,2020,6003,Contracted Services,7152988.0
KZN214,uMuziwabantu,2020,6004,Operational Costs,871807.0
KZN216,Ray Nkonyeni,2020,6003,Contracted Services,46446334.0
KZN221,uMshwathi,2020,6003,Contracted Services,8948807.0
KZN222,uMngeni,2020,6002,Inventory Consumed,80287.0
KZN222,uMngeni,2020,6004,Operational Costs,38000.0
KZN223,Mpofana,2020,6003,Contracted Services,29087.0
KZN224,Impendle,2020,6004,Operational Costs,539570.0
KZN225,Msunduzi,2020,6002,Inventory Consumed,28245508.0
KZN225,Msunduzi,2020,6003,Contracted Services,218141172.0
KZN225,Msunduzi,2020,6004,Operational Costs,3241800.0
KZN226,Mkhambathini,2020,6002,Inventory Consumed,1036.0
KZN226,Mkhambathini,2020,6003,Contracted Services,10745925.0
KZN227,Richmond,2020,6002,Inventory Consumed,3234121.0
KZN227,Richmond,2020,6003,Contracted Services,1230640.0
KZN227,Richmond,2020,6004,Operational Costs,426602.0
KZN235,Okhahlamba,2020,6003,Contracted Services,4150503.0
KZN235,Okhahlamba,2020,6004,Operational Costs,242133.0
KZN237,Inkosi Langalibalele,2020,6002,Inventory Consumed,1460898.0
KZN237,Inkosi Langalibalele,2020,6003,Contracted Services,10559700.0
KZN238,Alfred Duma,2020,6001,Employee Related Costs,45700367.0
KZN238,Alfred Duma,2020,6002,Inventory Consumed,10297440.0
KZN238,Alfred Duma,2020,6003,Contracted Services,25936084.0
KZN241,Endumeni,2020,6003,Contracted Services,2967941.0
KZN242,Nquthu,2020,6002,Inventory Consumed,1502812.0
KZN242,Nquthu,2020,6003,Contracted Services,3741960.0
KZN242,Nquthu,2020,6004,Operational Costs,12434.0
KZN244,Msinga,2020,6003,Contracted Services,15191725.0
KZN245,Umvoti,2020,6003,Contracted Services,5009084.0
KZN252,Newcastle,2020,6003,Contracted Services,84745.0
KZN252,Newcastle,2020,6004,Operational Costs,12115199.0
KZN253,Emadlangeni,2020,6002,Inventory Consumed,269470.0
KZN253,Emadlangeni,2020,6003,Contracted Services,857514.0
KZN254,Dannhauser,2020,6003,Contracted Services,25790719.0
KZN261,eDumbe,2020,6002,Inventory Consumed,2695914.0
KZN261,eDumbe,2020,6003,Contracted Services,28610.0
KZN262,uPhongolo,2020,6002,Inventory Consumed,11377557.0
KZN263,Abaqulusi,2020,6002,Inventory Consumed,3540831.0
KZN263,Abaqulusi,2020,6003,Contracted Services,10671004.0
KZN263,Abaqulusi,2020,6004,Operational Costs,6600.0
KZN265,Nongoma,2020,6002,Inventory Consumed,808427.0
KZN265,Nongoma,2020,6003,Contracted Services,11604508.0
KZN265,Nongoma,2020,6004,Operational Costs,395792.0
KZN266,Ulundi,2020,6002,Inventory Consumed,2062521.0
KZN266,Ulundi,2020,6003,Contracted Services,15635452.0
KZN266,Ulundi,2020,6004,Operational Costs,3476934.0
KZN271,Umhlabuyalingana,2020,6003,Contracted Services,4983856.0
KZN272,Jozini,2020,6002,Inventory Consumed,30310.0
KZN272,Jozini,2020,6003,Contracted Services,3848432.0
KZN272,Jozini,2020,6004,Operational Costs,-90965.0
KZN275,Mtubatuba,2020,6003,Contracted Services,5794810.0
KZN275,Mtubatuba,2020,6004,Operational Costs,716674.0
KZN276,Hlabisa Big Five,2020,6003,Contracted Services,1964626.0
KZN281,Mfolozi,2020,6003,Contracted Services,8072454.0
KZN281,Mfolozi,2020,6004,Operational Costs,1599.0
KZN282,uMhlathuze,2020,6002,Inventory Consumed,58729093.0
KZN282,uMhlathuze,2020,6003,Contracted Services,68136260.0
KZN282,uMhlathuze,2020,6004,Operational Costs,780979.0
KZN284,uMlalazi,2020,6001,Employee Related Costs,23649397.0
KZN284,uMlalazi,2020,6002,Inventory Consumed,3277623.0
KZN284,uMlalazi,2020,6003,Contracted Services,3559798.0
KZN285,Mthonjaneni,2020,6003,Contracted Services,4152208.0
KZN285,Mthonjaneni,2020,6004,Operational Costs,578120.0
KZN286,Nkandla,2020,6002,Inventory Consumed,3104411.0
KZN286,Nkandla,2020,6003,Contracted Services,351371.0
KZN286,Nkandla,2020,6004,Operational Costs,102912.0
KZN291,Mandeni,2020,6002,Inventory Consumed,1951437.0
KZN291,Mandeni,2020,6003,Contracted Services,7029494.0
KZN291,Mandeni,2020,6004,Operational Costs,62415.0
KZN292,KwaDukuza,2020,6002,Inventory Consumed,7053531.0
KZN292,KwaDukuza,2020,6003,Contracted Services,31863548.0
KZN293,Ndwedwe,2020,6003,Contracted Services,8403163.0
KZN293,Ndwedwe,2020,6004,Operational Costs,-237388.0
KZN294,Maphumulo,2020,6002,Inventory Consumed,138.0
KZN294,Maphumulo,2020,6003,Contracted Services,4099268.0
KZN433,Greater Kokstad,2020,6003,Contracted Services,21849010.0
KZN434,Johannes Phumani Phungula,2020,6003,Contracted Services,488412.0
KZN435,Umzimkhulu,2020,6003,Contracted Services,9768724.0
KZN436,Dr Nkosazana Dlamini Zuma,2020,6003,Contracted Services,4510042.0
LIM331,Greater Giyani,2020,6002,Inventory Consumed,3414251.0
LIM331,Greater Giyani,2020,6003,Contracted Services,5113148.0
LIM332,Greater Letaba,2020,6002,Inventory Consumed,6061.0
LIM332,Greater Letaba,2020,6003,Contracted Services,14599514.0
LIM332,Greater Letaba,2020,6004,Operational Costs,366987.0
LIM333,Greater Tzaneen,2020,6002,Inventory Consumed,36103874.0
LIM343,Thulamela,2020,6002,Inventory Consumed,2770857.0
LIM343,Thulamela,2020,6003,Contracted Services,7971774.0
LIM344,Makhado,2020,6002,Inventory Consumed,12226462.0
LIM344,Makhado,2020,6003,Contracted Services,9208324.0
LIM344,Makhado,2020,6004,Operational Costs,114680.0
LIM345,Collins Chabane,2020,6003,Contracted Services,1812675.0
LIM345,Collins Chabane,2020,6004,Operational Costs,194256.0
LIM351,Blouberg,2020,6003,Contracted Services,3348362.0
LIM353,Molemole,2020,6003,Contracted Services,6280210.0
LIM354,Polokwane,2020,6001,Employee Related Costs,63111008.0
LIM354,Polokwane,2020,6002,Inventory Consumed,36537607.0
LIM354,Polokwane,2020,6003,Contracted Services,343314505.0
LIM354,Polokwane,2020,6004,Operational Costs,13372723.0
LIM361,Thabazimbi,2020,6002,Inventory Consumed,4858084.0
LIM361,Thabazimbi,2020,6003,Contracted Services,11558326.0
LIM361,Thabazimbi,2020,6004,Operational Costs,-4521719.0
LIM362,Lephalale,2020,6002,Inventory Consumed,270993.0
LIM362,Lephalale,2020,6003,Contracted Services,7016520.0
LIM362,Lephalale,2020,6004,Operational Costs,2367892.0
LIM367,Mogalakwena,2020,6002,Inventory Consumed,1983224.0
LIM367,Mogalakwena,2020,6003,Contracted Services,81153218.0
LIM368,Modimolle-Mookgopong,2020,6002,Inventory Consumed,379752.0
LIM368,Modimolle-Mookgopong,2020,6003,Contracted Services,5895154.0
LIM471,Ephraim Mogale,2020,6003,Contracted Services,5683456.0
LIM472,Elias Motsoaledi,2020,6002,Inventory Consumed,7850764.0
LIM472,Elias Motsoaledi,2020,6003,Contracted Services,4040003.0
LIM473,Makhuduthamaga,2020,6003,Contracted Services,60624351.0
LIM476,Tubatse Fetakgomo,2020,6002,Inventory Consumed,447719.0
LIM476,Tubatse Fetakgomo,2020,6003,Contracted Services,9784782.0
MAN,Mangaung,2020,6001,Employee Related Costs,355240797.0
MAN,Mangaung,2020,6002,Inventory Consumed,19240739.0
MAN,Mangaung,2020,6003,Contracted Services,172433108.0
MAN,Mangaung,2020,6004,Operational Costs,7780406.0
MP301,Albert Luthuli,2020,6002,Inventory Consumed,14632393.0
MP301,Albert Luthuli,2020,6003,Contracted Services,4814268.0
MP301,Albert Luthuli,2020,6004,Operational Costs,1937967.0
MP302,Msukaligwa,2020,6002,Inventory Consumed,14483661.0
MP302,Msukaligwa,2020,6003,Contracted Services,8599287.0
MP303,Mkhondo,2020,6002,Inventory Consumed,6777487.0
MP303,Mkhondo,2020,6003,Contracted Services,33965174.0
MP303,Mkhondo,2020,6004,Operational Costs,98081402.0
MP304,Pixley Ka Seme (MP),2020,6003,Contracted Services,5877803.0
MP305,Lekwa,2020,6002,Inventory Consumed,1492398.0
MP305,Lekwa,2020,6003,Contracted Services,15924744.0
MP306,Dipaleseng,2020,6003,Contracted Services,4703805.0
MP307,Govan Mbeki,2020,6002,Inventory Consumed,16198807.0
MP307,Govan Mbeki,2020,6003,Contracted Services,52006080.0
MP307,Govan Mbeki,2020,6004,Operational Costs,404296.0
MP312,Emalahleni (MP),2020,6003,Contracted Services,1731225.0
MP312,Emalahleni (MP),2020,6004,Operational Costs,828728.0
MP313,Steve Tshwete,2020,6002,Inventory Consumed,8375941.0
MP313,Steve Tshwete,2020,6003,Contracted Services,73703808.0
MP313,Steve Tshwete,2020,6004,Operational Costs,1398477.0
MP314,Emakhazeni,2020,6002,Inventory Consumed,3032688.0
MP314,Emakhazeni,2020,6003,Contracted Services,5672349.0
MP314,Emakhazeni,2020,6004,Operational Costs,33394.0
MP315,Thembisile Hani,2020,6002,Inventory Consumed,2301337.0
MP315,Thembisile Hani,2020,6003,Contracted Services,23137290.0
MP316,Dr J.S. Moroka,2020,6003,Contracted Services,14559341.0
MP316,Dr J.S. Moroka,2020,6004,Operational Costs,5927763.0
MP321,Thaba Chweu,2020,6003,Contracted Services,18991906.0
MP324,Nkomazi,2020,6002,Inventory Consumed,11241432.0
MP324,Nkomazi,2020,6003,Contracted Services,27397273.0
MP324,Nkomazi,2020,6004,Operational Costs,1218603.0
MP325,Bushbuckridge,2020,6003,Contracted Services,33417008.0
MP325,Bushbuckridge,2020,6004,Operational Costs,69450633.0
MP326,City of Mbombela,2020,6002,Inventory Consumed,3518167.0
MP326,City of Mbombela,2020,6003,Contracted Services,11395629.0
NC061,Richtersveld,2020,6003,Contracted Services,1061460.0
NC062,Nama Khoi,2020,6001,Employee Related Costs,101641.0
NC062,Nama Khoi,2020,6002,Inventory Consumed,1558023.0
NC062,Nama Khoi,2020,6003,Contracted Services,7640304.0
NC062,Nama Khoi,2020,6004,Operational Costs,44810.0
NC064,Kamiesberg,2020,6002,Inventory Consumed,573834.0
NC064,Kamiesberg,2020,6003,Contracted Services,360777.0
NC065,Hantam,2020,6002,Inventory Consumed,1599622.0
NC065,Hantam,2020,6003,Contracted Services,8304595.0
NC065,Hantam,2020,6004,Operational Costs,37538.0
NC066,Karoo Hoogland,2020,6003,Contracted Services,899262.0
NC067,Khai-Ma,2020,6003,Contracted Services,543390.0
NC067,Khai-Ma,2020,6004,Operational Costs,317929.0
NC072,Umsobomvu,2020,6003,Contracted Services,1689778.0
NC073,Emthanjeni,2020,6003,Contracted Services,2406189.0
NC074,Kareeberg,2020,6003,Contracted Services,2872800.0
NC075,Renosterberg,2020,6002,Inventory Consumed,2367027.0
NC075,Renosterberg,2020,6004,Operational Costs,2328983.0
NC076,Thembelihle,2020,6002,Inventory Consumed,1392861.0
NC076,Thembelihle,2020,6004,Operational Costs,54059.0
NC082,!Kai! Garib,2020,6002,Inventory Consumed,3542732.0
NC084,!Kheis,2020,6002,Inventory Consumed,7330.0
NC084,!Kheis,2020,6003,Contracted Services,298023.0
NC091,Sol Plaatje,2020,6001,Employee Related Costs,109284536.0
NC091,Sol Plaatje,2020,6002,Inventory Consumed,103941876.0
NC091,Sol Plaatje,2020,6003,Contracted Services,868904.0
NC091,Sol Plaatje,2020,6004,Operational Costs,3738305.0
NC092,Dikgatlong,2020,6002,Inventory Consumed,32503.0
NC092,Dikgatlong,2020,6003,Contracted Services,1382841.0
NC093,Magareng,2020,6002,Inventory Consumed,894088.0
NC094,Phokwane,2020,6002,Inventory Consumed,6910887.0
NC452,Ga-Segonyana,2020,6002,Inventory Consumed,5951506.0
NC453,Gamagara,2020,6003,Contracted Services,4955622.0
NC453,Gamagara,2020,6004,Operational Costs,-7438976.0
NMA,Nelson Mandela Bay,2020,6001,Employee Related Costs,6734.0
NMA,Nelson Mandela Bay,2020,6002,Inventory Consumed,41683576.0
NMA,Nelson Mandela Bay,2020,6003,Contracted Services,236920356.0
NMA,Nelson Mandela Bay,2020,6004,Operational Costs,-98116.0
NW371,Moretele,2020,6003,Contracted Services,12005795.0
NW372,Madibeng,2020,6002,Inventory Consumed,5009.0
NW372,Madibeng,2020,6003,Contracted Services,108117344.0
NW372,Madibeng,2020,6004,Operational Costs,167391.0
NW373,Rustenburg,2020,6003,Contracted Services,80714216.0
NW375,Moses Kotane,2020,6002,Inventory Consumed,3562.0
NW375,Moses Kotane,2020,6003,Contracted Services,45038688.0
NW375,Moses Kotane,2020,6004,Operational Costs,762340.0
NW381,Ratlou,2020,6003,Contracted Services,4161.0
NW382,Tswaing,2020,6002,Inventory Consumed,286099.0
NW382,Tswaing,2020,6003,Contracted Services,8894834.0
NW382,Tswaing,2020,6004,Operational Costs,40164149.0
NW383,Mafikeng,2020,6002,Inventory Consumed,16357491.0
NW383,Mafikeng,2020,6003,Contracted Services,6393561.0
NW383,Mafikeng,2020,6004,Operational Costs,265913.0
NW385,Ramotshere Moiloa,2020,6003,Contracted Services,6073206.0
NW385,Ramotshere Moiloa,2020,6004,Operational Costs,17678.0
NW392,Naledi (NW),2020,6003,Contracted Services,1099780.0
NW393,Mamusa,2020,6002,Inventory Consumed,5892458.0
NW393,Mamusa,2020,6003,Contracted Services,2897.0
NW394,Greater Taung,2020,6003,Contracted Services,14678221.0
NW394,Greater Taung,2020,6004,Operational Costs,357111.0
NW396,Lekwa-Teemane,2020,6003,Contracted Services,1461149.0
NW397,Kagisano-Molopo,2020,6003,Contracted Services,652515.0
NW397,Kagisano-Molopo,2020,6004,Operational Costs,1029879.0
NW403,City of Matlosana,2020,6002,Inventory Consumed,59290782.0
NW403,City of Matlosana,2020,6003,Contracted Services,81932566.0
NW404,Maquassi Hills,2020,6002,Inventory Consumed,7642077.0
NW404,Maquassi Hills,2020,6003,Contracted Services,60540078.0
NW405,J B Marks,2020,6003,Contracted Services,425696.0
NW405,J B Marks,2020,6004,Operational Costs,135226.0
TSH,City of Tshwane,2020,6002,Inventory Consumed,326043395.0
TSH,City of Tshwane,2020,6003,Contracted Services,951265710.0
TSH,City of Tshwane,2020,6004,Operational Costs,34653872.0
WC011,Matzikama,2020,6002,Inventory Consumed,5303871.0
WC011,Matzikama,2020,6003,Contracted Services,1045564.0
WC011,Matzikama,2020,6004,Operational Costs,926805.0
WC012,Cederberg,2020,6001,Employee Related Costs,15417341.0
WC012,Cederberg,2020,6002,Inventory Consumed,3746263.0
WC012,Cederberg,2020,6003,Contracted Services,6792532.0
WC012,Cederberg,2020,6004,Operational Costs,5892464.0
WC013,Bergrivier,2020,6001,Employee Related Costs,13493623.0
WC013,Bergrivier,2020,6002,Inventory Consumed,4618362.0
WC013,Bergrivier,2020,6003,Contracted Services,3483160.0
WC013,Bergrivier,2020,6004,Operational Costs,876096.0
WC014,Saldanha Bay,2020,6002,Inventory Consumed,9075224.0
WC014,Saldanha Bay,2020,6003,Contracted Services,42985757.0
WC014,Saldanha Bay,2020,6004,Operational Costs,104786.0
WC015,Swartland,2020,6001,Employee Related Costs,16473707.0
WC015,Swartland,2020,6002,Inventory Consumed,1222343.0
WC015,Swartland,2020,6003,Contracted Services,33307827.0
WC015,Swartland,2020,6004,Operational Costs,2123452.0
WC022,Witzenberg,2020,6001,Employee Related Costs,1563814.0
WC022,Witzenberg,2020,6002,Inventory Consumed,2921304.0
WC022,Witzenberg,2020,6003,Contracted Services,9343272.0
WC022,Witzenberg,2020,6004,Operational Costs,641638.0
WC023,Drakenstein,2020,6001,Employee Related Costs,165855909.0
WC023,Drakenstein,2020,6002,Inventory Consumed,23546937.0
WC023,Drakenstein,2020,6003,Contracted Services,58165582.0
WC023,Drakenstein,2020,6004,Operational Costs,4240692.0
WC024,Stellenbosch,2020,6001,Employee Related Costs,564455.0
WC024,Stellenbosch,2020,6002,Inventory Consumed,2491872.0
WC024,Stellenbosch,2020,6003,Contracted Services,46168931.0
WC024,Stellenbosch,2020,6004,Operational Costs,383103.0
WC025,Breede Valley,2020,6002,Inventory Consumed,11909084.0
WC025,Breede Valley,2020,6003,Contracted Services,27440564.0
WC025,Breede Valley,2020,6004,Operational Costs,781271.0
WC026,Langeberg,2020,6002,Inventory Consumed,6846630.0
WC026,Langeberg,2020,6003,Contracted Services,13331183.0
WC026,Langeberg,2020,6004,Operational Costs,276.0
WC031,Theewaterskloof,2020,6001,Employee Related Costs,52834496.0
WC031,Theewaterskloof,2020,6002,Inventory Consumed,9913765.0
WC031,Theewaterskloof,2020,6003,Contracted Services,15196254.0
WC031,Theewaterskloof,2020,6004,Operational Costs,12352818.0
WC032,Overstrand,2020,6001,Employee Related Costs,96517150.0
WC032,Overstrand,2020,6002,Inventory Consumed,18430494.0
WC032,Overstrand,2020,6003,Contracted Services,59183872.0
WC032,Overstrand,2020,6004,Operational Costs,15683972.0
WC033,Cape Agulhas,2020,6001,Employee Related Costs,41512332.0
WC033,Cape Agulhas,2020,6002,Inventory Consumed,7158100.0
WC033,Cape Agulhas,2020,6003,Contracted Services,8489485.0
WC033,Cape Agulhas,2020,6004,Operational Costs,2574868.0
WC034,Swellendam,2020,6002,Inventory Consumed,5322370.0
WC034,Swellendam,2020,6003,Contracted Services,6028478.0
WC034,Swellendam,2020,6004,Operational Costs,298354.0
WC041,Kannaland,2020,6001,Employee Related Costs,18218943.0
WC041,Kannaland,2020,6002,Inventory Consumed,1676457.0
WC041,Kannaland,2020,6003,Contracted Services,492415.0
WC041,Kannaland,2020,6004,Operational Costs,2576453.0
WC042,Hessequa,2020,6001,Employee Related Costs,58739916.0
WC042,Hessequa,2020,6002,Inventory Consumed,5214630.0
WC042,Hessequa,2020,6003,Contracted Services,11653694.0
WC042,Hessequa,2020,6004,Operational Costs,904899.0
WC043,Mossel Bay,2020,6001,Employee Related Costs,59689923.0
WC043,Mossel Bay,2020,6002,Inventory Consumed,10145334.0
WC043,Mossel Bay,2020,6003,Contracted Services,39988466.0
WC043,Mossel Bay,2020,6004,Operational Costs,685378.0
WC044,George,2020,6002,Inventory Consumed,22586475.0
WC044,George,2020,6003,Contracted Services,50005543.0
WC045,Oudtshoorn,2020,6002,Inventory Consumed,12126647.0
WC045,Oudtshoorn,2020,6003,Contracted Services,899910.0
WC045,Oudtshoorn,2020,6004,Operational Costs,124368.0
WC047,Bitou,2020,6002,Inventory Consumed,2286136.0
WC047,Bitou,2020,6003,Contracted Services,39197263.0
WC047,Bitou,2020,6004,Operational Costs,3117776.0
WC048,Knysna,2020,6003,Contracted Services,61402557.0
WC048,Knysna,2020,6004,Operational Costs,1220481.0
WC051,Laingsburg,2020,6003,Contracted Services,1036552.0
WC052,Prince Albert,2020,6001,Employee Related Costs,6719946.0
WC052,Prince Albert,2020,6002,Inventory Consumed,454102.0
WC052,Prince Albert,2020,6003,Contracted Services,3102002.0
WC052,Prince Albert,2020,6004,Operational Costs,2514524.0
WC053,Beaufort West,2020,6002,Inventory Consumed,4333100.0
WC053,Beaufort West,2020,6003,Contracted Services,686908.0
WC053,Beaufort West,2020,6004,Operational Costs,575173.0
BUF,Buffalo City,2021,6002,Inventory Consumed,320284.0
BUF,Buffalo City,2021,6003,Contracted Services,385549176.0
CPT,Cape Town,2021,6002,Inventory Consumed,144989484.0
CPT,Cape Town,2021,6003,Contracted Services,1242266781.0
CPT,Cape Town,2021,6004,Operational Costs,21564916.0
DC1,West Coast,2021,6002,Inventory Consumed,7376217.0
DC1,West Coast,2021,6003,Contracted Services,3489085.0
DC1,West Coast,2021,6004,Operational Costs,182821.0
DC10,Sarah Baartman,2021,6004,Operational Costs,331977.0
DC12,Amathole,2021,6002,Inventory Consumed,175000.0
DC12,Amathole,2021,6003,Contracted Services,18853933.0
DC12,Amathole,2021,6004,Operational Costs,19753.0
DC13,Chris Hani,2021,6003,Contracted Services,43029069.0
DC14,Joe Gqabi,2021,6002,Inventory Consumed,6317761.0
DC14,Joe Gqabi,2021,6003,Contracted Services,29272599.0
DC15,O R Tambo,2021,6003,Contracted Services,79798755.0
DC15,O R Tambo,2021,6004,Operational Costs,5286433.0
DC16,Xhariep,2021,6003,Contracted Services,378750.0
DC18,Lejweleputswa,2021,6003,Contracted Services,2342020.0
DC19,Thabo Mofutsanyana,2021,6003,Contracted Services,401291.0
DC2,Cape Winelands DM,2021,6001,Employee Related Costs,2048695.0
DC2,Cape Winelands DM,2021,6002,Inventory Consumed,793523.0
DC2,Cape Winelands DM,2021,6003,Contracted Services,2916819.0
DC2,Cape Winelands DM,2021,6004,Operational Costs,700180.0
DC20,Fezile Dabi,2021,6002,Inventory Consumed,59560.0
DC20,Fezile Dabi,2021,6003,Contracted Services,3647601.0
DC21,Ugu,2021,6002,Inventory Consumed,2438279.0
DC21,Ugu,2021,6003,Contracted Services,75063778.0
DC21,Ugu,2021,6004,Operational Costs,4225038.0
DC22,uMgungundlovu,2021,6003,Contracted Services,19962771.0
DC23,Uthukela,2021,6003,Contracted Services,46735898.0
DC24,Umzinyathi,2021,6002,Inventory Consumed,17612545.0
DC24,Umzinyathi,2021,6003,Contracted Services,136566185.0
DC24,Umzinyathi,2021,6004,Operational Costs,13592430.0
DC25,Amajuba,2021,6003,Contracted Services,9513288.0
DC26,Zululand,2021,6002,Inventory Consumed,342977.0
DC26,Zululand,2021,6003,Contracted Services,75458989.0
DC26,Zululand,2021,6004,Operational Costs,3967908.0
DC27,Umkhanyakude,2021,6003,Contracted Services,39206540.0
DC27,Umkhanyakude,2021,6004,Operational Costs,32180612.0
DC28,King Cetshwayo,2021,6001,Employee Related Costs,38287251.0
DC28,King Cetshwayo,2021,6002,Inventory Consumed,2322511.0
DC28,King Cetshwayo,2021,6003,Contracted Services,140748574.0
DC28,King Cetshwayo,2021,6004,Operational Costs,1028429.0
DC29,iLembe,2021,6002,Inventory Consumed,6456736.0
DC29,iLembe,2021,6003,Contracted Services,41333934.0
DC29,iLembe,2021,6004,Operational Costs,8630381.0
DC3,Overberg,2021,6002,Inventory Consumed,222814.0
DC3,Overberg,2021,6003,Contracted Services,8363519.0
DC3,Overberg,2021,6004,Operational Costs,1146857.0
DC30,Gert Sibande,2021,6003,Contracted Services,17610826.0
DC30,Gert Sibande,2021,6004,Operational Costs,8116168.0
DC31,Nkangala,2021,6003,Contracted Services,14037267.0
DC31,Nkangala,2021,6004,Operational Costs,7577929.0
DC32,Ehlanzeni,2021,6002,Inventory Consumed,865722.0
DC32,Ehlanzeni,2021,6003,Contracted Services,6275202.0
DC33,Mopani,2021,6002,Inventory Consumed,66664852.0
DC33,Mopani,2021,6003,Contracted Services,9543909.0
DC33,Mopani,2021,6004,Operational Costs,31048068.0
DC34,Vhembe,2021,6003,Contracted Services,10615531.0
DC35,Capricorn,2021,6002,Inventory Consumed,818544.0
DC35,Capricorn,2021,6003,Contracted Services,11826116.0
DC37,Bojanala Platinum,2021,6003,Contracted Services,2541558.0
DC38,Ngaka Modiri Molema,2021,6002,Inventory Consumed,15324874.0
DC38,Ngaka Modiri Molema,2021,6003,Contracted Services,32748111.0
DC39,Dr Ruth Segomotsi Mompati,2021,6003,Contracted Services,4703273.0
DC4,Garden Route,2021,6003,Contracted Services,3152407.0
DC40,Dr Kenneth Kaunda,2021,6003,Contracted Services,2500802.0
DC42,Sedibeng,2021,6002,Inventory Consumed,2487682.0
DC42,Sedibeng,2021,6003,Contracted Services,4432678.0
DC42,Sedibeng,2021,6004,Operational Costs,985001.0
DC43,Harry Gwala,2021,6002,Inventory Consumed,319282.0
DC43,Harry Gwala,2021,6003,Contracted Services,34962910.0
DC44,Alfred Nzo,2021,6002,Inventory Consumed,44400.0
DC44,Alfred Nzo,2021,6003,Contracted Services,75071940.0
DC44,Alfred Nzo,2021,6004,Operational Costs,29450.0
DC47,Sekhukhune,2021,6002,Inventory Consumed,8292026.0
DC47,Sekhukhune,2021,6003,Contracted Services,78998431.0
DC48,West Rand,2021,6003,Contracted Services,88756.0
DC5,Central Karoo,2021,6003,Contracted Services,1573606.0
DC5,Central Karoo,2021,6004,Operational Costs,4779.0
DC6,Namakwa,2021,6003,Contracted Services,583382.0
DC6,Namakwa,2021,6004,Operational Costs,3332.0
DC8,Z F Mgcawu,2021,6003,Contracted Services,99492.0
DC9,Frances Baard,2021,6003,Contracted Services,4815932.0
EC101,Dr Beyers Naude,2021,6002,Inventory Consumed,4039.0
EC101,Dr Beyers Naude,2021,6003,Contracted Services,140493.0
EC101,Dr Beyers Naude,2021,6004,Operational Costs,22692084.0
EC102,Blue Crane Route,2021,6002,Inventory Consumed,107717.0
EC102,Blue Crane Route,2021,6003,Contracted Services,886390.0
EC102,Blue Crane Route,2021,6004,Operational Costs,753888.0
EC104,Makana,2021,6002,Inventory Consumed,-13927.0
EC104,Makana,2021,6003,Contracted Services,8717878.0
EC105,Ndlambe,2021,6002,Inventory Consumed,8990.0
EC105,Ndlambe,2021,6003,Contracted Services,19808680.0
EC106,Sundays River Valley,2021,6002,Inventory Consumed,81328.0
EC106,Sundays River Valley,2021,6003,Contracted Services,4732191.0
EC108,Kouga,2021,6002,Inventory Consumed,9540333.0
EC108,Kouga,2021,6003,Contracted Services,51465044.0
EC108,Kouga,2021,6004,Operational Costs,7507587.0
EC109,Kou-Kamma,2021,6002,Inventory Consumed,479358.0
EC109,Kou-Kamma,2021,6003,Contracted Services,2203327.0
EC121,Mbhashe,2021,6003,Contracted Services,5336118.0
EC121,Mbhashe,2021,6004,Operational Costs,1500548.0
EC123,Great Kei,2021,6002,Inventory Consumed,287504.0
EC123,Great Kei,2021,6003,Contracted Services,63045.0
EC124,Amahlathi,2021,6003,Contracted Services,2302799.0
EC126,Ngqushwa,2021,6003,Contracted Services,2478104.0
EC126,Ngqushwa,2021,6004,Operational Costs,2000.0
EC129,Raymond Mhlaba,2021,6003,Contracted Services,22698905.0
EC131,Inxuba Yethemba,2021,6002,Inventory Consumed,2978850.0
EC135,Vuyisile Mini,2021,6002,Inventory Consumed,757023.0
EC135,Vuyisile Mini,2021,6003,Contracted Services,4081659.0
EC135,Vuyisile Mini,2021,6004,Operational Costs,1876733.0
EC136,Emalahleni (EC),2021,6002,Inventory Consumed,219021.0
EC136,Emalahleni (EC),2021,6003,Contracted Services,1332364.0
EC137,Dr. A.B. Xuma,2021,6002,Inventory Consumed,46748.0
EC137,Dr. A.B. Xuma,2021,6003,Contracted Services,3926773.0
EC138,Sakhisizwe,2021,6003,Contracted Services,867226.0
EC139,Enoch Mgijima,2021,6002,Inventory Consumed,1544424.0
EC139,Enoch Mgijima,2021,6003,Contracted Services,8926844.0
EC141,Elundini,2021,6003,Contracted Services,4516730.0
EC142,Senqu,2021,6002,Inventory Consumed,3940592.0
EC142,Senqu,2021,6003,Contracted Services,6325791.0
EC142,Senqu,2021,6004,Operational Costs,105352.0
EC145,Walter Sisulu,2021,6003,Contracted Services,5061909.0
EC153,Ngquza Hills,2021,6003,Contracted Services,21520889.0
EC153,Ngquza Hills,2021,6004,Operational Costs,5950.0
EC154,Port St Johns,2021,6004,Operational Costs,4824069.0
EC155,Nyandeni,2021,6002,Inventory Consumed,3234862.0
EC155,Nyandeni,2021,6003,Contracted Services,11846474.0
EC155,Nyandeni,2021,6004,Operational Costs,86535.0
EC156,Kumkani Mhlontlo,2021,6003,Contracted Services,1271749.0
EC156,Kumkani Mhlontlo,2021,6004,Operational Costs,4516201.0
EC157,King Sabata Dalindyebo,2021,6002,Inventory Consumed,6263470.0
EC157,King Sabata Dalindyebo,2021,6003,Contracted Services,19980611.0
EC157,King Sabata Dalindyebo,2021,6004,Operational Costs,26278729.0
EC441,Matatiele,2021,6003,Contracted Services,20803522.0
EC442,Umzimvubu,2021,6003,Contracted Services,6067578.0
EC443,Winnie Madikizela-Mandela,2021,6002,Inventory Consumed,49760.0
EC443,Winnie Madikizela-Mandela,2021,6003,Contracted Services,5563936.0
EC444,Ntabankulu,2021,6003,Contracted Services,6358413.0
EKU,City of Ekurhuleni,2021,6002,Inventory Consumed,1392888154.0
EKU,City of Ekurhuleni,2021,6003,Contracted Services,1157779283.0
ETH,eThekwini,2021,6001,Employee Related Costs,1908.0
ETH,eThekwini,2021,6002,Inventory Consumed,657263633.0
ETH,eThekwini,2021,6003,Contracted Services,1906397175.0
ETH,eThekwini,2021,6004,Operational Costs,65098598.0
FS161,Letsemeng,2021,6003,Contracted Services,769856.0
FS163,Mohokare,2021,6002,Inventory Consumed,4503204.0
FS163,Mohokare,2021,6003,Contracted Services,2192437.0
FS163,Mohokare,2021,6004,Operational Costs,244716.0
FS183,Tswelopele,2021,6002,Inventory Consumed,2209294.0
FS183,Tswelopele,2021,6003,Contracted Services,10017722.0
FS184,Matjhabeng,2021,6002,Inventory Consumed,53022.0
FS184,Matjhabeng,2021,6003,Contracted Services,31309249.0
FS185,Nala,2021,6001,Employee Related Costs,-343665.0
FS185,Nala,2021,6002,Inventory Consumed,-22917365.0
FS185,Nala,2021,6003,Contracted Services,3575455.0
FS185,Nala,2021,6004,Operational Costs,15222347.0
FS191,Setsoto,2021,6002,Inventory Consumed,3433565.0
FS191,Setsoto,2021,6003,Contracted Services,3662420.0
FS192,Dihlabeng,2021,6002,Inventory Consumed,2551803.0
FS192,Dihlabeng,2021,6003,Contracted Services,5932166.0
FS192,Dihlabeng,2021,6004,Operational Costs,1153431.0
FS195,Phumelela,2021,6003,Contracted Services,5538790.0
FS201,Moqhaka,2021,6003,Contracted Services,43152920.0
FS201,Moqhaka,2021,6004,Operational Costs,28318352.0
FS203,Ngwathe,2021,6002,Inventory Consumed,53183212.0
FS204,Metsimaholo,2021,6002,Inventory Consumed,11359464.0
FS204,Metsimaholo,2021,6003,Contracted Services,6705245.0
FS204,Metsimaholo,2021,6004,Operational Costs,4276927.0
GT421,Emfuleni,2021,6001,Employee Related Costs,238694012.0
GT421,Emfuleni,2021,6002,Inventory Consumed,11827302.0
GT421,Emfuleni,2021,6003,Contracted Services,475856163.0
GT421,Emfuleni,2021,6004,Operational Costs,51433013.0
GT422,Midvaal,2021,6001,Employee Related Costs,65495499.0
GT422,Midvaal,2021,6002,Inventory Consumed,149612.0
GT422,Midvaal,2021,6003,Contracted Services,30770671.0
GT422,Midvaal,2021,6004,Operational Costs,2585552.0
GT423,Lesedi,2021,6002,Inventory Consumed,13578893.0
GT423,Lesedi,2021,6003,Contracted Services,21336904.0
GT423,Lesedi,2021,6004,Operational Costs,1711525.0
GT481,Mogale City,2021,6001,Employee Related Costs,149013591.0
GT481,Mogale City,2021,6003,Contracted Services,163372903.0
GT481,Mogale City,2021,6004,Operational Costs,195013189.0
GT485,Rand West City,2021,6003,Contracted Services,62427833.0
JHB,City of Johannesburg,2021,6001,Employee Related Costs,706388.0
JHB,City of Johannesburg,2021,6002,Inventory Consumed,104099944.0
JHB,City of Johannesburg,2021,6003,Contracted Services,1636989438.0
JHB,City of Johannesburg,2021,6004,Operational Costs,81655755.0
KZN212,Umdoni,2021,6001,Employee Related Costs,3554.0
KZN212,Umdoni,2021,6002,Inventory Consumed,4478919.0
KZN212,Umdoni,2021,6003,Contracted Services,40561031.0
KZN212,Umdoni,2021,6004,Operational Costs,2405022.0
KZN213,Umzumbe,2021,6003,Contracted Services,9894968.0
KZN214,uMuziwabantu,2021,6003,Contracted Services,7628792.0
KZN214,uMuziwabantu,2021,6004,Operational Costs,372291.0
KZN216,Ray Nkonyeni,2021,6003,Contracted Services,43377052.0
KZN221,uMshwathi,2021,6002,Inventory Consumed,925.0
KZN221,uMshwathi,2021,6003,Contracted Services,17116856.0
KZN222,uMngeni,2021,6002,Inventory Consumed,81584.0
KZN222,uMngeni,2021,6003,Contracted Services,17026409.0
KZN222,uMngeni,2021,6004,Operational Costs,65120.0
KZN223,Mpofana,2021,6004,Operational Costs,102309.0
KZN224,Impendle,2021,6002,Inventory Consumed,60475.0
KZN224,Impendle,2021,6004,Operational Costs,705786.0
KZN225,Msunduzi,2021,6002,Inventory Consumed,25106815.0
KZN225,Msunduzi,2021,6003,Contracted Services,294155393.0
KZN225,Msunduzi,2021,6004,Operational Costs,3648855.0
KZN226,Mkhambathini,2021,6002,Inventory Consumed,553630.0
KZN226,Mkhambathini,2021,6003,Contracted Services,27117417.0
KZN227,Richmond,2021,6002,Inventory Consumed,2817948.0
KZN227,Richmond,2021,6003,Contracted Services,1472500.0
KZN227,Richmond,2021,6004,Operational Costs,1849039.0
KZN235,Okhahlamba,2021,6003,Contracted Services,6919871.0
KZN235,Okhahlamba,2021,6004,Operational Costs,298598.0
KZN237,Inkosi Langalibalele,2021,6002,Inventory Consumed,1226285.0
KZN237,Inkosi Langalibalele,2021,6003,Contracted Services,12902553.0
KZN238,Alfred Duma,2021,6001,Employee Related Costs,29250748.0
KZN238,Alfred Duma,2021,6002,Inventory Consumed,12134071.0
KZN238,Alfred Duma,2021,6003,Contracted Services,23139615.0
KZN238,Alfred Duma,2021,6004,Operational Costs,5080.0
KZN241,Endumeni,2021,6003,Contracted Services,2670884.0
KZN242,Nquthu,2021,6002,Inventory Consumed,3721156.0
KZN242,Nquthu,2021,6003,Contracted Services,253848.0
KZN242,Nquthu,2021,6004,Operational Costs,4310.0
KZN244,Msinga,2021,6002,Inventory Consumed,199893.0
KZN244,Msinga,2021,6003,Contracted Services,16772351.0
KZN245,Umvoti,2021,6003,Contracted Services,8301378.0
KZN245,Umvoti,2021,6004,Operational Costs,145396.0
KZN252,Newcastle,2021,6003,Contracted Services,321107.0
KZN252,Newcastle,2021,6004,Operational Costs,6233797.0
KZN253,Emadlangeni,2021,6002,Inventory Consumed,1740.0
KZN253,Emadlangeni,2021,6003,Contracted Services,840198.0
KZN254,Dannhauser,2021,6003,Contracted Services,24178675.0
KZN261,eDumbe,2021,6003,Contracted Services,13629756.0
KZN262,uPhongolo,2021,6002,Inventory Consumed,1059506.0
KZN262,uPhongolo,2021,6003,Contracted Services,690139.0
KZN263,Abaqulusi,2021,6002,Inventory Consumed,5517195.0
KZN263,Abaqulusi,2021,6003,Contracted Services,18477677.0
KZN263,Abaqulusi,2021,6004,Operational Costs,909510.0
KZN265,Nongoma,2021,6002,Inventory Consumed,159920.0
KZN265,Nongoma,2021,6003,Contracted Services,14104541.0
KZN265,Nongoma,2021,6004,Operational Costs,1918359.0
KZN266,Ulundi,2021,6002,Inventory Consumed,4156553.0
KZN266,Ulundi,2021,6003,Contracted Services,5928317.0
KZN271,Umhlabuyalingana,2021,6003,Contracted Services,6446783.0
KZN272,Jozini,2021,6002,Inventory Consumed,22193.0
KZN272,Jozini,2021,6003,Contracted Services,6562502.0
KZN272,Jozini,2021,6004,Operational Costs,364156.0
KZN275,Mtubatuba,2021,6002,Inventory Consumed,204188.0
KZN275,Mtubatuba,2021,6003,Contracted Services,6028832.0
KZN275,Mtubatuba,2021,6004,Operational Costs,1268289.0
KZN276,Hlabisa Big Five,2021,6003,Contracted Services,5886848.0
KZN281,Mfolozi,2021,6003,Contracted Services,8622274.0
KZN281,Mfolozi,2021,6004,Operational Costs,84783.0
KZN282,uMhlathuze,2021,6002,Inventory Consumed,76079525.0
KZN282,uMhlathuze,2021,6003,Contracted Services,84360838.0
KZN282,uMhlathuze,2021,6004,Operational Costs,2239170.0
KZN284,uMlalazi,2021,6001,Employee Related Costs,23679059.0
KZN284,uMlalazi,2021,6002,Inventory Consumed,3562885.0
KZN284,uMlalazi,2021,6003,Contracted Services,4581533.0
KZN285,Mthonjaneni,2021,6003,Contracted Services,10165641.0
KZN286,Nkandla,2021,6002,Inventory Consumed,3852254.0
KZN286,Nkandla,2021,6003,Contracted Services,1763087.0
KZN291,Mandeni,2021,6002,Inventory Consumed,211.0
KZN291,Mandeni,2021,6003,Contracted Services,21349694.0
KZN291,Mandeni,2021,6004,Operational Costs,59930.0
KZN292,KwaDukuza,2021,6002,Inventory Consumed,6086454.0
KZN292,KwaDukuza,2021,6003,Contracted Services,37380489.0
KZN293,Ndwedwe,2021,6003,Contracted Services,22476057.0
KZN293,Ndwedwe,2021,6004,Operational Costs,52336.0
KZN294,Maphumulo,2021,6002,Inventory Consumed,295277.0
KZN294,Maphumulo,2021,6003,Contracted Services,6033305.0
KZN294,Maphumulo,2021,6004,Operational Costs,246842.0
KZN433,Greater Kokstad,2021,6003,Contracted Services,22289424.0
KZN434,Johannes Phumani Phungula,2021,6003,Contracted Services,879702.0
KZN435,Umzimkhulu,2021,6003,Contracted Services,11000353.0
KZN436,Dr Nkosazana Dlamini Zuma,2021,6003,Contracted Services,5819663.0
LIM331,Greater Giyani,2021,6002,Inventory Consumed,4726509.0
LIM331,Greater Giyani,2021,6003,Contracted Services,7221090.0
LIM332,Greater Letaba,2021,6002,Inventory Consumed,32824.0
LIM332,Greater Letaba,2021,6003,Contracted Services,26778645.0
LIM332,Greater Letaba,2021,6004,Operational Costs,65715.0
LIM333,Greater Tzaneen,2021,6002,Inventory Consumed,45201318.0
LIM334,Ba-Phalaborwa,2021,6002,Inventory Consumed,11875059.0
LIM334,Ba-Phalaborwa,2021,6004,Operational Costs,11920914.0
LIM335,Maruleng,2021,6002,Inventory Consumed,592510.0
LIM335,Maruleng,2021,6003,Contracted Services,2009199.0
LIM341,Musina,2021,6002,Inventory Consumed,173921.0
LIM343,Thulamela,2021,6002,Inventory Consumed,2874269.0
LIM343,Thulamela,2021,6003,Contracted Services,19095249.0
LIM344,Makhado,2021,6002,Inventory Consumed,9878263.0
LIM344,Makhado,2021,6003,Contracted Services,8511606.0
LIM344,Makhado,2021,6004,Operational Costs,339906.0
LIM345,Collins Chabane,2021,6003,Contracted Services,645839.0
LIM345,Collins Chabane,2021,6004,Operational Costs,18752403.0
LIM351,Blouberg,2021,6003,Contracted Services,15813896.0
LIM351,Blouberg,2021,6004,Operational Costs,250840.0
LIM353,Molemole,2021,6002,Inventory Consumed,5353.0
LIM353,Molemole,2021,6003,Contracted Services,18193948.0
LIM354,Polokwane,2021,6001,Employee Related Costs,209530348.0
LIM354,Polokwane,2021,6002,Inventory Consumed,49193653.0
LIM354,Polokwane,2021,6003,Contracted Services,360305583.0
LIM354,Polokwane,2021,6004,Operational Costs,8547083.0
LIM355,Lepelle-Nkumpi,2021,6002,Inventory Consumed,475682.0
LIM355,Lepelle-Nkumpi,2021,6003,Contracted Services,2116515.0
LIM361,Thabazimbi,2021,6002,Inventory Consumed,470292.0
LIM361,Thabazimbi,2021,6003,Contracted Services,18633309.0
LIM362,Lephalale,2021,6002,Inventory Consumed,466123.0
LIM362,Lephalale,2021,6003,Contracted Services,2945131.0
LIM362,Lephalale,2021,6004,Operational Costs,338465.0
LIM366,Bela Bela,2021,6002,Inventory Consumed,5774699.0
LIM366,Bela Bela,2021,6003,Contracted Services,11600135.0
LIM367,Mogalakwena,2021,6002,Inventory Consumed,1484711.0
LIM367,Mogalakwena,2021,6003,Contracted Services,49134176.0
LIM368,Modimolle-Mookgopong,2021,6002,Inventory Consumed,234262.0
LIM368,Modimolle-Mookgopong,2021,6003,Contracted Services,8709843.0
LIM471,Ephraim Mogale,2021,6003,Contracted Services,7570808.0
LIM471,Ephraim Mogale,2021,6004,Operational Costs,5485.0
LIM472,Elias Motsoaledi,2021,6002,Inventory Consumed,15018605.0
LIM472,Elias Motsoaledi,2021,6003,Contracted Services,3123972.0
LIM473,Makhuduthamaga,2021,6003,Contracted Services,68876161.0
LIM476,Tubatse Fetakgomo,2021,6002,Inventory Consumed,205408.0
LIM476,Tubatse Fetakgomo,2021,6003,Contracted Services,30061164.0
MAN,Mangaung,2021,6001,Employee Related Costs,369273376.0
MAN,Mangaung,2021,6002,Inventory Consumed,16462592.0
MAN,Mangaung,2021,6003,Contracted Services,165899720.0
MAN,Mangaung,2021,6004,Operational Costs,8631765.0
MP301,Albert Luthuli,2021,6002,Inventory Consumed,18921208.0
MP301,Albert Luthuli,2021,6003,Contracted Services,6422829.0
MP301,Albert Luthuli,2021,6004,Operational Costs,10246362.0
MP302,Msukaligwa,2021,6002,Inventory Consumed,16482687.0
MP302,Msukaligwa,2021,6003,Contracted Services,6727978.0
MP304,Pixley Ka Seme (MP),2021,6003,Contracted Services,11893141.0
MP305,Lekwa,2021,6002,Inventory Consumed,987292.0
MP305,Lekwa,2021,6003,Contracted Services,13833180.0
MP306,Dipaleseng,2021,6003,Contracted Services,6251028.0
MP307,Govan Mbeki,2021,6002,Inventory Consumed,4522514.0
MP307,Govan Mbeki,2021,6003,Contracted Services,64136393.0
MP307,Govan Mbeki,2021,6004,Operational Costs,343504.0
MP311,Victor Khanye,2021,6003,Contracted Services,179000.0
MP312,Emalahleni (MP),2021,6001,Employee Related Costs,72562.0
MP312,Emalahleni (MP),2021,6003,Contracted Services,102571688.0
MP312,Emalahleni (MP),2021,6004,Operational Costs,39762.0
MP313,Steve Tshwete,2021,6002,Inventory Consumed,12308631.0
MP313,Steve Tshwete,2021,6003,Contracted Services,78217652.0
MP313,Steve Tshwete,2021,6004,Operational Costs,1610283.0
MP314,Emakhazeni,2021,6002,Inventory Consumed,7372968.0
MP314,Emakhazeni,2021,6003,Contracted Services,2771441.0
MP314,Emakhazeni,2021,6004,Operational Costs,28800.0
MP315,Thembisile Hani,2021,6002,Inventory Consumed,10073932.0
MP315,Thembisile Hani,2021,6003,Contracted Services,14766969.0
MP316,Dr J.S. Moroka,2021,6003,Contracted Services,59623690.0
MP316,Dr J.S. Moroka,2021,6004,Operational Costs,5157811.0
MP321,Thaba Chweu,2021,6002,Inventory Consumed,251203.0
MP321,Thaba Chweu,2021,6003,Contracted Services,47953730.0
MP324,Nkomazi,2021,6002,Inventory Consumed,13312210.0
MP324,Nkomazi,2021,6003,Contracted Services,37904646.0
MP324,Nkomazi,2021,6004,Operational Costs,1036365.0
MP326,City of Mbombela,2021,6002,Inventory Consumed,7118989.0
MP326,City of Mbombela,2021,6003,Contracted Services,247500949.0
MP326,City of Mbombela,2021,6004,Operational Costs,29450.0
NC061,Richtersveld,2021,6003,Contracted Services,1961886.0
NC062,Nama Khoi,2021,6001,Employee Related Costs,292213.0
NC062,Nama Khoi,2021,6002,Inventory Consumed,932326.0
NC062,Nama Khoi,2021,6003,Contracted Services,6524791.0
NC062,Nama Khoi,2021,6004,Operational Costs,364.0
NC064,Kamiesberg,2021,6002,Inventory Consumed,504903.0
NC064,Kamiesberg,2021,6003,Contracted Services,470052.0
NC065,Hantam,2021,6002,Inventory Consumed,1168709.0
NC065,Hantam,2021,6003,Contracted Services,7314819.0
NC065,Hantam,2021,6004,Operational Costs,11170.0
NC066,Karoo Hoogland,2021,6003,Contracted Services,1178422.0
NC066,Karoo Hoogland,2021,6004,Operational Costs,92398.0
NC067,Khai-Ma,2021,6003,Contracted Services,446958.0
NC067,Khai-Ma,2021,6004,Operational Costs,76247.0
NC072,Umsobomvu,2021,6003,Contracted Services,1977476.0
NC073,Emthanjeni,2021,6003,Contracted Services,2688220.0
NC074,Kareeberg,2021,6003,Contracted Services,-1064691.0
NC076,Thembelihle,2021,6002,Inventory Consumed,123599.0
NC076,Thembelihle,2021,6003,Contracted Services,605728.0
NC076,Thembelihle,2021,6004,Operational Costs,816040.0
NC078,Siyancuma,2021,6003,Contracted Services,30792.0
NC082,!Kai! Garib,2021,6002,Inventory Consumed,8198.0
NC084,!Kheis,2021,6003,Contracted Services,169559.0
NC084,!Kheis,2021,6004,Operational Costs,62962.0
NC087,Dawid Kruiper,2021,6001,Employee Related Costs,1733131.0
NC087,Dawid Kruiper,2021,6002,Inventory Consumed,4218636.0
NC087,Dawid Kruiper,2021,6003,Contracted Services,7414964.0
NC087,Dawid Kruiper,2021,6004,Operational Costs,63961.0
NC091,Sol Plaatje,2021,6001,Employee Related Costs,116745332.0
NC091,Sol Plaatje,2021,6002,Inventory Consumed,117421328.0
NC091,Sol Plaatje,2021,6003,Contracted Services,3909541.0
NC091,Sol Plaatje,2021,6004,Operational Costs,4947539.0
NC092,Dikgatlong,2021,6003,Contracted Services,155359.0
NC451,Joe Morolong,2021,6003,Contracted Services,685103.0
NC451,Joe Morolong,2021,6004,Operational Costs,479138.0
NC452,Ga-Segonyana,2021,6002,Inventory Consumed,12893573.0
NC452,Ga-Segonyana,2021,6003,Contracted Services,4930381.0
NC452,Ga-Segonyana,2021,6004,Operational Costs,3008591.0
NC453,Gamagara,2021,6002,Inventory Consumed,45522.0
NC453,Gamagara,2021,6003,Contracted Services,9023005.0
NMA,Nelson Mandela Bay,2021,6001,Employee Related Costs,41817.0
NMA,Nelson Mandela Bay,2021,6002,Inventory Consumed,43374135.0
NMA,Nelson Mandela Bay,2021,6003,Contracted Services,288672480.0
NMA,Nelson Mandela Bay,2021,6004,Operational Costs,220083.0
NW371,Moretele,2021,6003,Contracted Services,16906214.0
NW372,Madibeng,2021,6003,Contracted Services,97012070.0
NW373,Rustenburg,2021,6003,Contracted Services,40983701.0
NW375,Moses Kotane,2021,6002,Inventory Consumed,59807.0
NW375,Moses Kotane,2021,6003,Contracted Services,53428806.0
NW375,Moses Kotane,2021,6004,Operational Costs,18990.0
NW381,Ratlou,2021,6003,Contracted Services,30881.0
NW382,Tswaing,2021,6002,Inventory Consumed,62184.0
NW382,Tswaing,2021,6003,Contracted Services,8905295.0
NW382,Tswaing,2021,6004,Operational Costs,63328489.0
NW383,Mafikeng,2021,6002,Inventory Consumed,5016768.0
NW383,Mafikeng,2021,6003,Contracted Services,33862427.0
NW384,Ditsobotla,2021,6003,Contracted Services,4698071.0
NW385,Ramotshere Moiloa,2021,6003,Contracted Services,7683642.0
NW385,Ramotshere Moiloa,2021,6004,Operational Costs,22962.0
NW392,Naledi (NW),2021,6003,Contracted Services,2305618.0
NW393,Mamusa,2021,6002,Inventory Consumed,10158377.0
NW393,Mamusa,2021,6003,Contracted Services,1602849.0
NW394,Greater Taung,2021,6003,Contracted Services,21278926.0
NW396,Lekwa-Teemane,2021,6003,Contracted Services,3094310.0
NW397,Kagisano-Molopo,2021,6003,Contracted Services,1520168.0
NW397,Kagisano-Molopo,2021,6004,Operational Costs,645680.0
NW403,City of Matlosana,2021,6002,Inventory Consumed,46919023.0
NW403,City of Matlosana,2021,6003,Contracted Services,78464062.0
NW404,Maquassi Hills,2021,6002,Inventory Consumed,5116064.0
NW404,Maquassi Hills,2021,6003,Contracted Services,61842435.0
NW405,J B Marks,2021,6002,Inventory Consumed,2310870.0
NW405,J B Marks,2021,6003,Contracted Services,28146987.0
NW405,J B Marks,2021,6004,Operational Costs,-64454.0
WC011,Matzikama,2021,6002,Inventory Consumed,3411343.0
WC011,Matzikama,2021,6003,Contracted Services,944630.0
WC011,Matzikama,2021,6004,Operational Costs,401589.0
WC012,Cederberg,2021,6001,Employee Related Costs,16373888.0
WC012,Cederberg,2021,6002,Inventory Consumed,2705454.0
WC012,Cederberg,2021,6003,Contracted Services,3971592.0
WC012,Cederberg,2021,6004,Operational Costs,7615938.0
WC013,Bergrivier,2021,6001,Employee Related Costs,11680229.0
WC013,Bergrivier,2021,6002,Inventory Consumed,4195805.0
WC013,Bergrivier,2021,6003,Contracted Services,4601156.0
WC013,Bergrivier,2021,6004,Operational Costs,1781414.0
WC014,Saldanha Bay,2021,6002,Inventory Consumed,8868733.0
WC014,Saldanha Bay,2021,6003,Contracted Services,40747102.0
WC014,Saldanha Bay,2021,6004,Operational Costs,80310.0
WC015,Swartland,2021,6001,Employee Related Costs,18473483.0
WC015,Swartland,2021,6002,Inventory Consumed,1256610.0
WC015,Swartland,2021,6003,Contracted Services,25977900.0
WC015,Swartland,2021,6004,Operational Costs,4578758.0
WC022,Witzenberg,2021,6001,Employee Related Costs,1430447.0
WC022,Witzenberg,2021,6002,Inventory Consumed,3243951.0
WC022,Witzenberg,2021,6003,Contracted Services,14571981.0
WC022,Witzenberg,2021,6004,Operational Costs,1106220.0
WC023,Drakenstein,2021,6001,Employee Related Costs,171361412.0
WC023,Drakenstein,2021,6002,Inventory Consumed,12085595.0
WC023,Drakenstein,2021,6003,Contracted Services,62031478.0
WC023,Drakenstein,2021,6004,Operational Costs,4526456.0
WC024,Stellenbosch,2021,6001,Employee Related Costs,-9644944.0
WC024,Stellenbosch,2021,6002,Inventory Consumed,1198389.0
WC024,Stellenbosch,2021,6003,Contracted Services,69051003.0
WC024,Stellenbosch,2021,6004,Operational Costs,5697361.0
WC025,Breede Valley,2021,6002,Inventory Consumed,11633999.0
WC025,Breede Valley,2021,6003,Contracted Services,33574574.0
WC025,Breede Valley,2021,6004,Operational Costs,1309808.0
WC026,Langeberg,2021,6002,Inventory Consumed,8108819.0
WC026,Langeberg,2021,6003,Contracted Services,14266690.0
WC026,Langeberg,2021,6004,Operational Costs,1188.0
WC031,Theewaterskloof,2021,6001,Employee Related Costs,60837805.0
WC031,Theewaterskloof,2021,6002,Inventory Consumed,12878741.0
WC031,Theewaterskloof,2021,6003,Contracted Services,20130156.0
WC031,Theewaterskloof,2021,6004,Operational Costs,16686119.0
WC032,Overstrand,2021,6001,Employee Related Costs,101119190.0
WC032,Overstrand,2021,6002,Inventory Consumed,19461511.0
WC032,Overstrand,2021,6003,Contracted Services,80996364.0
WC032,Overstrand,2021,6004,Operational Costs,9941268.0
WC033,Cape Agulhas,2021,6001,Employee Related Costs,45365956.0
WC033,Cape Agulhas,2021,6002,Inventory Consumed,8254860.0
WC033,Cape Agulhas,2021,6003,Contracted Services,11520387.0
WC033,Cape Agulhas,2021,6004,Operational Costs,3250981.0
WC034,Swellendam,2021,6001,Employee Related Costs,8266996.0
WC034,Swellendam,2021,6002,Inventory Consumed,6996635.0
WC034,Swellendam,2021,6003,Contracted Services,8540828.0
WC034,Swellendam,2021,6004,Operational Costs,993748.0
WC041,Kannaland,2021,6001,Employee Related Costs,23754116.0
WC041,Kannaland,2021,6002,Inventory Consumed,3429408.0
WC041,Kannaland,2021,6003,Contracted Services,393326.0
WC041,Kannaland,2021,6004,Operational Costs,2053970.0
WC042,Hessequa,2021,6001,Employee Related Costs,63583785.0
WC042,Hessequa,2021,6002,Inventory Consumed,5757057.0
WC042,Hessequa,2021,6003,Contracted Services,11962917.0
WC042,Hessequa,2021,6004,Operational Costs,968983.0
WC043,Mossel Bay,2021,6001,Employee Related Costs,64867207.0
WC043,Mossel Bay,2021,6002,Inventory Consumed,10533776.0
WC043,Mossel Bay,2021,6003,Contracted Services,43891626.0
WC043,Mossel Bay,2021,6004,Operational Costs,1006905.0
WC044,George,2021,6002,Inventory Consumed,15820933.0
WC044,George,2021,6003,Contracted Services,50412011.0
WC045,Oudtshoorn,2021,6002,Inventory Consumed,14865052.0
WC045,Oudtshoorn,2021,6003,Contracted Services,166966.0
WC045,Oudtshoorn,2021,6004,Operational Costs,389858.0
WC047,Bitou,2021,6002,Inventory Consumed,4576989.0
WC047,Bitou,2021,6003,Contracted Services,27571317.0
WC047,Bitou,2021,6004,Operational Costs,3989517.0
WC048,Knysna,2021,6003,Contracted Services,45793991.0
WC048,Knysna,2021,6004,Operational Costs,48799.0
WC051,Laingsburg,2021,6003,Contracted Services,2665667.0
WC052,Prince Albert,2021,6001,Employee Related Costs,7688810.0
WC052,Prince Albert,2021,6002,Inventory Consumed,544669.0
WC052,Prince Albert,2021,6003,Contracted Services,2935656.0
WC052,Prince Albert,2021,6004,Operational Costs,3520662.0
WC053,Beaufort West,2021,6002,Inventory Consumed,365260.0
WC053,Beaufort West,2021,6003,Contracted Services,2612887.0
WC053,Beaufort West,2021,6004,Operational Costs,-23988.0
BUF,Buffalo City,2022,6002,Inventory Consumed,12271292.0
BUF,Buffalo City,2022,6003,Contracted Services,369832820.0
BUF,Buffalo City,2022,6004,Operational Costs,19294619.0
CPT,Cape Town,2022,6002,Inventory Consumed,198991585.0
CPT,Cape Town,2022,6003,Contracted Services,1291615833.0
CPT,Cape Town,2022,6004,Operational Costs,12786894.0
DC1,West Coast,2022,6002,Inventory Consumed,7733006.0
DC1,West Coast,2022,6003,Contracted Services,5373813.0
DC1,West Coast,2022,6004,Operational Costs,208649.0
DC12,Amathole,2022,6002,Inventory Consumed,-210000.0
DC12,Amathole,2022,6003,Contracted Services,20545771.0
DC12,Amathole,2022,6004,Operational Costs,13963231.0
DC13,Chris Hani,2022,6003,Contracted Services,43925724.0
DC14,Joe Gqabi,2022,6002,Inventory Consumed,2987493.0
DC14,Joe Gqabi,2022,6003,Contracted Services,39348980.0
DC15,O R Tambo,2022,6003,Contracted Services,18261546.0
DC15,O R Tambo,2022,6004,Operational Costs,6983169.0
DC16,Xhariep,2022,6003,Contracted Services,348184.0
DC18,Lejweleputswa,2022,6003,Contracted Services,2627296.0
DC19,Thabo Mofutsanyana,2022,6003,Contracted Services,109980.0
DC2,Cape Winelands DM,2022,6001,Employee Related Costs,1635473.0
DC2,Cape Winelands DM,2022,6002,Inventory Consumed,569194.0
DC2,Cape Winelands DM,2022,6003,Contracted Services,3590977.0
DC2,Cape Winelands DM,2022,6004,Operational Costs,260099.0
DC20,Fezile Dabi,2022,6002,Inventory Consumed,66927.0
DC20,Fezile Dabi,2022,6003,Contracted Services,3466051.0
DC21,Ugu,2022,6002,Inventory Consumed,1760576.0
DC21,Ugu,2022,6003,Contracted Services,112625560.0
DC21,Ugu,2022,6004,Operational Costs,3558116.0
DC22,uMgungundlovu,2022,6002,Inventory Consumed,1470045.0
DC22,uMgungundlovu,2022,6003,Contracted Services,12724935.0
DC23,Uthukela,2022,6003,Contracted Services,59230805.0
DC24,Umzinyathi,2022,6002,Inventory Consumed,65400154.0
DC24,Umzinyathi,2022,6003,Contracted Services,100748000.0
DC24,Umzinyathi,2022,6004,Operational Costs,15236274.0
DC25,Amajuba,2022,6003,Contracted Services,6887759.0
DC26,Zululand,2022,6002,Inventory Consumed,45590.0
DC26,Zululand,2022,6003,Contracted Services,131909056.0
DC26,Zululand,2022,6004,Operational Costs,5880520.0
DC28,King Cetshwayo,2022,6001,Employee Related Costs,47090425.0
DC28,King Cetshwayo,2022,6002,Inventory Consumed,2149248.0
DC28,King Cetshwayo,2022,6003,Contracted Services,125008529.0
DC28,King Cetshwayo,2022,6004,Operational Costs,1183835.0
DC29,iLembe,2022,6002,Inventory Consumed,9397664.0
DC29,iLembe,2022,6003,Contracted Services,69292529.0
DC29,iLembe,2022,6004,Operational Costs,8602370.0
DC3,Overberg,2022,6002,Inventory Consumed,432363.0
DC3,Overberg,2022,6003,Contracted Services,9337905.0
DC3,Overberg,2022,6004,Operational Costs,143403.0
DC30,Gert Sibande,2022,6003,Contracted Services,17919826.0
DC30,Gert Sibande,2022,6004,Operational Costs,6989036.0
DC31,Nkangala,2022,6003,Contracted Services,16362708.0
DC31,Nkangala,2022,6004,Operational Costs,5564530.0
DC32,Ehlanzeni,2022,6002,Inventory Consumed,2364626.0
DC32,Ehlanzeni,2022,6003,Contracted Services,8646363.0
DC33,Mopani,2022,6002,Inventory Consumed,80642240.0
DC33,Mopani,2022,6003,Contracted Services,29275620.0
DC33,Mopani,2022,6004,Operational Costs,1243058.0
DC34,Vhembe,2022,6003,Contracted Services,167038627.0
DC35,Capricorn,2022,6003,Contracted Services,18472711.0
DC37,Bojanala Platinum,2022,6003,Contracted Services,3848508.0
DC38,Ngaka Modiri Molema,2022,6002,Inventory Consumed,129474974.0
DC38,Ngaka Modiri Molema,2022,6003,Contracted Services,90525494.0
DC39,Dr Ruth Segomotsi Mompati,2022,6003,Contracted Services,11444884.0
DC4,Garden Route,2022,6003,Contracted Services,2676184.0
DC40,Dr Kenneth Kaunda,2022,6003,Contracted Services,2281872.0
DC42,Sedibeng,2022,6002,Inventory Consumed,1228657.0
DC42,Sedibeng,2022,6003,Contracted Services,3079239.0
DC42,Sedibeng,2022,6004,Operational Costs,668690.0
DC43,Harry Gwala,2022,6002,Inventory Consumed,15329045.0
DC43,Harry Gwala,2022,6003,Contracted Services,29959638.0
DC44,Alfred Nzo,2022,6002,Inventory Consumed,-5475922.0
DC44,Alfred Nzo,2022,6003,Contracted Services,46711938.0
DC47,Sekhukhune,2022,6002,Inventory Consumed,36805345.0
DC47,Sekhukhune,2022,6003,Contracted Services,104931182.0
DC48,West Rand,2022,6003,Contracted Services,262987.0
DC5,Central Karoo,2022,6002,Inventory Consumed,989039.0
DC5,Central Karoo,2022,6003,Contracted Services,894379.0
DC5,Central Karoo,2022,6004,Operational Costs,26034.0
DC6,Namakwa,2022,6003,Contracted Services,667863.0
DC6,Namakwa,2022,6004,Operational Costs,5972.0
DC8,Z F Mgcawu,2022,6003,Contracted Services,456416.0
DC9,Frances Baard,2022,6003,Contracted Services,5192996.0
EC101,Dr Beyers Naude,2022,6002,Inventory Consumed,4212.0
EC101,Dr Beyers Naude,2022,6003,Contracted Services,91513.0
EC101,Dr Beyers Naude,2022,6004,Operational Costs,19143651.0
EC102,Blue Crane Route,2022,6002,Inventory Consumed,115125.0
EC102,Blue Crane Route,2022,6003,Contracted Services,1320759.0
EC102,Blue Crane Route,2022,6004,Operational Costs,724067.0
EC104,Makana,2022,6002,Inventory Consumed,1319.0
EC104,Makana,2022,6003,Contracted Services,9908794.0
EC105,Ndlambe,2022,6001,Employee Related Costs,796.0
EC105,Ndlambe,2022,6002,Inventory Consumed,77014.0
EC105,Ndlambe,2022,6003,Contracted Services,30947755.0
EC105,Ndlambe,2022,6004,Operational Costs,3022.0
EC106,Sundays River Valley,2022,6002,Inventory Consumed,171917.0
EC106,Sundays River Valley,2022,6003,Contracted Services,2344772.0
EC106,Sundays River Valley,2022,6004,Operational Costs,33172.0
EC108,Kouga,2022,6002,Inventory Consumed,13136325.0
EC108,Kouga,2022,6003,Contracted Services,27674286.0
EC108,Kouga,2022,6004,Operational Costs,5940268.0
EC109,Kou-Kamma,2022,6002,Inventory Consumed,665583.0
EC109,Kou-Kamma,2022,6003,Contracted Services,2259533.0
EC121,Mbhashe,2022,6003,Contracted Services,11318655.0
EC123,Great Kei,2022,6002,Inventory Consumed,47859.0
EC123,Great Kei,2022,6003,Contracted Services,149472.0
EC124,Amahlathi,2022,6003,Contracted Services,2326681.0
EC126,Ngqushwa,2022,6003,Contracted Services,2056935.0
EC126,Ngqushwa,2022,6004,Operational Costs,10500.0
EC129,Raymond Mhlaba,2022,6003,Contracted Services,34160943.0
EC131,Inxuba Yethemba,2022,6002,Inventory Consumed,16026470.0
EC131,Inxuba Yethemba,2022,6004,Operational Costs,663397.0
EC135,Vuyisile Mini,2022,6002,Inventory Consumed,1.0
EC135,Vuyisile Mini,2022,6003,Contracted Services,4836310.0
EC136,Emalahleni (EC),2022,6002,Inventory Consumed,462939.0
EC136,Emalahleni (EC),2022,6003,Contracted Services,1835272.0
EC136,Emalahleni (EC),2022,6004,Operational Costs,49650.0
EC137,Dr. A.B. Xuma,2022,6002,Inventory Consumed,83314.0
EC137,Dr. A.B. Xuma,2022,6003,Contracted Services,4460899.0
EC138,Sakhisizwe,2022,6003,Contracted Services,1093708.0
EC139,Enoch Mgijima,2022,6002,Inventory Consumed,25721.0
EC139,Enoch Mgijima,2022,6003,Contracted Services,13582461.0
EC139,Enoch Mgijima,2022,6004,Operational Costs,65417599.0
EC141,Elundini,2022,6003,Contracted Services,13264913.0
EC145,Walter Sisulu,2022,6003,Contracted Services,4010425.0
EC153,Ngquza Hills,2022,6003,Contracted Services,36849344.0
EC153,Ngquza Hills,2022,6004,Operational Costs,162124.0
EC154,Port St Johns,2022,6004,Operational Costs,5937930.0
EC155,Nyandeni,2022,6002,Inventory Consumed,2761900.0
EC155,Nyandeni,2022,6003,Contracted Services,12940318.0
EC155,Nyandeni,2022,6004,Operational Costs,158380.0
EC156,Kumkani Mhlontlo,2022,6003,Contracted Services,4617632.0
EC156,Kumkani Mhlontlo,2022,6004,Operational Costs,13169925.0
EC157,King Sabata Dalindyebo,2022,6001,Employee Related Costs,80550.0
EC157,King Sabata Dalindyebo,2022,6002,Inventory Consumed,26681515.0
EC157,King Sabata Dalindyebo,2022,6003,Contracted Services,28681025.0
EC157,King Sabata Dalindyebo,2022,6004,Operational Costs,50073467.0
EC441,Matatiele,2022,6003,Contracted Services,19036681.0
EC441,Matatiele,2022,6004,Operational Costs,51833.0
EC442,Umzimvubu,2022,6003,Contracted Services,9109303.0
EC443,Winnie Madikizela-Mandela,2022,6002,Inventory Consumed,52426.0
EC443,Winnie Madikizela-Mandela,2022,6003,Contracted Services,13789034.0
EC444,Ntabankulu,2022,6003,Contracted Services,1663506.0
EKU,City of Ekurhuleni,2022,6001,Employee Related Costs,30431.0
EKU,City of Ekurhuleni,2022,6002,Inventory Consumed,1101274710.0
EKU,City of Ekurhuleni,2022,6003,Contracted Services,1079920932.0
ETH,eThekwini,2022,6001,Employee Related Costs,14439.0
ETH,eThekwini,2022,6002,Inventory Consumed,965038888.0
ETH,eThekwini,2022,6003,Contracted Services,2261371039.0
ETH,eThekwini,2022,6004,Operational Costs,60538671.0
FS161,Letsemeng,2022,6003,Contracted Services,892688.0
FS163,Mohokare,2022,6002,Inventory Consumed,1700520.0
FS163,Mohokare,2022,6003,Contracted Services,3379856.0
FS163,Mohokare,2022,6004,Operational Costs,736059.0
FS182,Tokologo,2022,6002,Inventory Consumed,39797.0
FS182,Tokologo,2022,6003,Contracted Services,3485722.0
FS183,Tswelopele,2022,6002,Inventory Consumed,423219.0
FS183,Tswelopele,2022,6003,Contracted Services,13275820.0
FS184,Matjhabeng,2022,6002,Inventory Consumed,232344.0
FS184,Matjhabeng,2022,6003,Contracted Services,32178591.0
FS184,Matjhabeng,2022,6004,Operational Costs,234924.0
FS191,Setsoto,2022,6002,Inventory Consumed,4684761.0
FS191,Setsoto,2022,6003,Contracted Services,4789544.0
FS192,Dihlabeng,2022,6002,Inventory Consumed,2279568.0
FS192,Dihlabeng,2022,6003,Contracted Services,15075839.0
FS192,Dihlabeng,2022,6004,Operational Costs,627819.0
FS193,Nketoana,2022,6003,Contracted Services,21642573.0
FS194,Maluti-a-Phofung,2022,6002,Inventory Consumed,7733695.0
FS194,Maluti-a-Phofung,2022,6003,Contracted Services,53604333.0
FS195,Phumelela,2022,6003,Contracted Services,5657743.0
FS201,Moqhaka,2022,6003,Contracted Services,44008744.0
FS201,Moqhaka,2022,6004,Operational Costs,50034292.0
FS203,Ngwathe,2022,6002,Inventory Consumed,66856611.0
FS204,Metsimaholo,2022,6002,Inventory Consumed,30242206.0
FS204,Metsimaholo,2022,6003,Contracted Services,16491425.0
FS204,Metsimaholo,2022,6004,Operational Costs,5699429.0
FS205,Mafube,2022,6002,Inventory Consumed,1500334.0
FS205,Mafube,2022,6003,Contracted Services,2885927.0
FS205,Mafube,2022,6004,Operational Costs,11710.0
GT421,Emfuleni,2022,6001,Employee Related Costs,221829603.0
GT421,Emfuleni,2022,6002,Inventory Consumed,12188122.0
GT421,Emfuleni,2022,6003,Contracted Services,193094571.0
GT421,Emfuleni,2022,6004,Operational Costs,76442594.0
GT422,Midvaal,2022,6001,Employee Related Costs,78134276.0
GT422,Midvaal,2022,6002,Inventory Consumed,146477.0
GT422,Midvaal,2022,6003,Contracted Services,52305558.0
GT422,Midvaal,2022,6004,Operational Costs,3956478.0
GT423,Lesedi,2022,6002,Inventory Consumed,20295023.0
GT423,Lesedi,2022,6003,Contracted Services,33134710.0
GT423,Lesedi,2022,6004,Operational Costs,60311.0
GT485,Rand West City,2022,6003,Contracted Services,75812427.0
JHB,City of Johannesburg,2022,6001,Employee Related Costs,2931249.0
JHB,City of Johannesburg,2022,6002,Inventory Consumed,26430835.0
JHB,City of Johannesburg,2022,6003,Contracted Services,1415990072.0
JHB,City of Johannesburg,2022,6004,Operational Costs,44498612.0
KZN212,Umdoni,2022,6002,Inventory Consumed,626134.0
KZN212,Umdoni,2022,6003,Contracted Services,11286898.0
KZN212,Umdoni,2022,6004,Operational Costs,4750997.0
KZN213,Umzumbe,2022,6003,Contracted Services,7645132.0
KZN214,uMuziwabantu,2022,6003,Contracted Services,7448794.0
KZN214,uMuziwabantu,2022,6004,Operational Costs,557422.0
KZN216,Ray Nkonyeni,2022,6003,Contracted Services,44345292.0
KZN221,uMshwathi,2022,6003,Contracted Services,14716966.0
KZN222,uMngeni,2022,6002,Inventory Consumed,153734.0
KZN222,uMngeni,2022,6003,Contracted Services,29357933.0
KZN222,uMngeni,2022,6004,Operational Costs,115185.0
KZN223,Mpofana,2022,6004,Operational Costs,194759.0
KZN224,Impendle,2022,6002,Inventory Consumed,4715.0
KZN224,Impendle,2022,6003,Contracted Services,566302.0
KZN224,Impendle,2022,6004,Operational Costs,209838.0
KZN225,Msunduzi,2022,6002,Inventory Consumed,35822182.0
KZN225,Msunduzi,2022,6003,Contracted Services,190800409.0
KZN225,Msunduzi,2022,6004,Operational Costs,22618402.0
KZN226,Mkhambathini,2022,6002,Inventory Consumed,7520.0
KZN226,Mkhambathini,2022,6003,Contracted Services,33258458.0
KZN227,Richmond,2022,6002,Inventory Consumed,3687650.0
KZN227,Richmond,2022,6003,Contracted Services,2541677.0
KZN227,Richmond,2022,6004,Operational Costs,721091.0
KZN235,Okhahlamba,2022,6003,Contracted Services,5873842.0
KZN237,Inkosi Langalibalele,2022,6002,Inventory Consumed,935532.0
KZN237,Inkosi Langalibalele,2022,6003,Contracted Services,18340679.0
KZN238,Alfred Duma,2022,6001,Employee Related Costs,32376965.0
KZN238,Alfred Duma,2022,6002,Inventory Consumed,10078030.0
KZN238,Alfred Duma,2022,6003,Contracted Services,38769167.0
KZN238,Alfred Duma,2022,6004,Operational Costs,189149.0
KZN241,Endumeni,2022,6003,Contracted Services,2205832.0
KZN242,Nquthu,2022,6002,Inventory Consumed,3659821.0
KZN242,Nquthu,2022,6003,Contracted Services,26363808.0
KZN242,Nquthu,2022,6004,Operational Costs,7278788.0
KZN244,Msinga,2022,6002,Inventory Consumed,52216.0
KZN244,Msinga,2022,6003,Contracted Services,26258925.0
KZN245,Umvoti,2022,6003,Contracted Services,9944782.0
KZN245,Umvoti,2022,6004,Operational Costs,876882.0
KZN252,Newcastle,2022,6003,Contracted Services,96053153.0
KZN252,Newcastle,2022,6004,Operational Costs,7566889.0
KZN253,Emadlangeni,2022,6003,Contracted Services,869058.0
KZN254,Dannhauser,2022,6003,Contracted Services,19418776.0
KZN261,eDumbe,2022,6003,Contracted Services,10679579.0
KZN262,uPhongolo,2022,6002,Inventory Consumed,1853676.0
KZN263,Abaqulusi,2022,6002,Inventory Consumed,9563313.0
KZN263,Abaqulusi,2022,6003,Contracted Services,35202948.0
KZN263,Abaqulusi,2022,6004,Operational Costs,72043.0
KZN265,Nongoma,2022,6002,Inventory Consumed,108943.0
KZN265,Nongoma,2022,6003,Contracted Services,15770891.0
KZN265,Nongoma,2022,6004,Operational Costs,2068684.0
KZN266,Ulundi,2022,6002,Inventory Consumed,2347984.0
KZN266,Ulundi,2022,6003,Contracted Services,6506891.0
KZN271,Umhlabuyalingana,2022,6003,Contracted Services,16449231.0
KZN272,Jozini,2022,6003,Contracted Services,6632811.0
KZN272,Jozini,2022,6004,Operational Costs,94766.0
KZN275,Mtubatuba,2022,6003,Contracted Services,11309407.0
KZN275,Mtubatuba,2022,6004,Operational Costs,103535.0
KZN276,Hlabisa Big Five,2022,6003,Contracted Services,2749753.0
KZN276,Hlabisa Big Five,2022,6004,Operational Costs,1411739.0
KZN281,Mfolozi,2022,6003,Contracted Services,9792671.0
KZN282,uMhlathuze,2022,6002,Inventory Consumed,74449387.0
KZN282,uMhlathuze,2022,6003,Contracted Services,131383179.0
KZN282,uMhlathuze,2022,6004,Operational Costs,207490.0
KZN284,uMlalazi,2022,6001,Employee Related Costs,25857043.0
KZN284,uMlalazi,2022,6002,Inventory Consumed,4778348.0
KZN284,uMlalazi,2022,6003,Contracted Services,3842658.0
KZN285,Mthonjaneni,2022,6003,Contracted Services,6944093.0
KZN285,Mthonjaneni,2022,6004,Operational Costs,6272619.0
KZN286,Nkandla,2022,6002,Inventory Consumed,5403455.0
KZN286,Nkandla,2022,6003,Contracted Services,10859212.0
KZN286,Nkandla,2022,6004,Operational Costs,174857.0
KZN291,Mandeni,2022,6003,Contracted Services,18319660.0
KZN292,KwaDukuza,2022,6002,Inventory Consumed,9018002.0
KZN292,KwaDukuza,2022,6003,Contracted Services,47963831.0
KZN293,Ndwedwe,2022,6003,Contracted Services,5398696.0
KZN293,Ndwedwe,2022,6004,Operational Costs,65890.0
KZN294,Maphumulo,2022,6002,Inventory Consumed,18375.0
KZN294,Maphumulo,2022,6003,Contracted Services,4165167.0
KZN294,Maphumulo,2022,6004,Operational Costs,1260705.0
KZN433,Greater Kokstad,2022,6002,Inventory Consumed,1352530.0
KZN433,Greater Kokstad,2022,6003,Contracted Services,16472480.0
KZN434,Johannes Phumani Phungula,2022,6002,Inventory Consumed,150000.0
KZN434,Johannes Phumani Phungula,2022,6003,Contracted Services,2475719.0
KZN435,Umzimkhulu,2022,6003,Contracted Services,10522093.0
KZN436,Dr Nkosazana Dlamini Zuma,2022,6003,Contracted Services,14595965.0
LIM331,Greater Giyani,2022,6002,Inventory Consumed,5408309.0
LIM331,Greater Giyani,2022,6003,Contracted Services,20859033.0
LIM332,Greater Letaba,2022,6003,Contracted Services,15064755.0
LIM333,Greater Tzaneen,2022,6002,Inventory Consumed,43950684.0
LIM333,Greater Tzaneen,2022,6004,Operational Costs,52222363.0
LIM334,Ba-Phalaborwa,2022,6002,Inventory Consumed,7367304.0
LIM334,Ba-Phalaborwa,2022,6003,Contracted Services,9395537.0
LIM335,Maruleng,2022,6002,Inventory Consumed,101189.0
LIM335,Maruleng,2022,6003,Contracted Services,2220997.0
LIM341,Musina,2022,6002,Inventory Consumed,366470.0
LIM341,Musina,2022,6003,Contracted Services,146454.0
LIM343,Thulamela,2022,6002,Inventory Consumed,7158512.0
LIM343,Thulamela,2022,6003,Contracted Services,30054054.0
LIM344,Makhado,2022,6002,Inventory Consumed,13965722.0
LIM344,Makhado,2022,6003,Contracted Services,24535732.0
LIM344,Makhado,2022,6004,Operational Costs,159438.0
LIM345,Collins Chabane,2022,6003,Contracted Services,2952482.0
LIM345,Collins Chabane,2022,6004,Operational Costs,19080311.0
LIM351,Blouberg,2022,6003,Contracted Services,16552287.0
LIM351,Blouberg,2022,6004,Operational Costs,195632.0
LIM353,Molemole,2022,6003,Contracted Services,15760046.0
LIM354,Polokwane,2022,6001,Employee Related Costs,233064329.0
LIM354,Polokwane,2022,6002,Inventory Consumed,46126153.0
LIM354,Polokwane,2022,6003,Contracted Services,533851657.0
LIM354,Polokwane,2022,6004,Operational Costs,15344913.0
LIM355,Lepelle-Nkumpi,2022,6002,Inventory Consumed,400359.0
LIM355,Lepelle-Nkumpi,2022,6003,Contracted Services,1558023.0
LIM361,Thabazimbi,2022,6002,Inventory Consumed,9111252.0
LIM361,Thabazimbi,2022,6003,Contracted Services,24983173.0
LIM362,Lephalale,2022,6002,Inventory Consumed,6307200.0
LIM362,Lephalale,2022,6003,Contracted Services,465649.0
LIM362,Lephalale,2022,6004,Operational Costs,2834744.0
LIM366,Bela Bela,2022,6002,Inventory Consumed,3528984.0
LIM366,Bela Bela,2022,6003,Contracted Services,4329813.0
LIM366,Bela Bela,2022,6004,Operational Costs,29337.0
LIM367,Mogalakwena,2022,6002,Inventory Consumed,1978525.0
LIM367,Mogalakwena,2022,6003,Contracted Services,20968376.0
LIM368,Modimolle-Mookgopong,2022,6002,Inventory Consumed,167683.0
LIM368,Modimolle-Mookgopong,2022,6003,Contracted Services,3506210.0
LIM471,Ephraim Mogale,2022,6003,Contracted Services,11699583.0
LIM472,Elias Motsoaledi,2022,6002,Inventory Consumed,32727531.0
LIM472,Elias Motsoaledi,2022,6003,Contracted Services,4508804.0
LIM473,Makhuduthamaga,2022,6003,Contracted Services,72517236.0
LIM476,Tubatse Fetakgomo,2022,6003,Contracted Services,50520040.0
MAN,Mangaung,2022,6001,Employee Related Costs,393752473.0
MAN,Mangaung,2022,6002,Inventory Consumed,19788271.0
MAN,Mangaung,2022,6003,Contracted Services,201889473.0
MAN,Mangaung,2022,6004,Operational Costs,11542428.0
MP301,Albert Luthuli,2022,6002,Inventory Consumed,9736940.0
MP301,Albert Luthuli,2022,6003,Contracted Services,107154220.0
MP301,Albert Luthuli,2022,6004,Operational Costs,3349631.0
MP302,Msukaligwa,2022,6002,Inventory Consumed,15946263.0
MP302,Msukaligwa,2022,6003,Contracted Services,5032525.0
MP303,Mkhondo,2022,6002,Inventory Consumed,8252847.0
MP303,Mkhondo,2022,6003,Contracted Services,33004240.0
MP304,Pixley Ka Seme (MP),2022,6003,Contracted Services,20378202.0
MP304,Pixley Ka Seme (MP),2022,6004,Operational Costs,21267.0
MP305,Lekwa,2022,6002,Inventory Consumed,1018764.0
MP305,Lekwa,2022,6003,Contracted Services,14687236.0
MP305,Lekwa,2022,6004,Operational Costs,834000.0
MP306,Dipaleseng,2022,6003,Contracted Services,9622429.0
MP307,Govan Mbeki,2022,6002,Inventory Consumed,12917491.0
MP307,Govan Mbeki,2022,6003,Contracted Services,51824955.0
MP307,Govan Mbeki,2022,6004,Operational Costs,458215.0
MP311,Victor Khanye,2022,6003,Contracted Services,2144908.0
MP312,Emalahleni (MP),2022,6001,Employee Related Costs,85018.0
MP312,Emalahleni (MP),2022,6003,Contracted Services,189366015.0
MP313,Steve Tshwete,2022,6002,Inventory Consumed,12957543.0
MP313,Steve Tshwete,2022,6003,Contracted Services,109914317.0
MP313,Steve Tshwete,2022,6004,Operational Costs,12061730.0
MP314,Emakhazeni,2022,6002,Inventory Consumed,5983366.0
MP314,Emakhazeni,2022,6003,Contracted Services,5205945.0
MP314,Emakhazeni,2022,6004,Operational Costs,257372.0
MP315,Thembisile Hani,2022,6002,Inventory Consumed,239726.0
MP315,Thembisile Hani,2022,6003,Contracted Services,25382662.0
MP316,Dr J.S. Moroka,2022,6003,Contracted Services,72282507.0
MP321,Thaba Chweu,2022,6003,Contracted Services,63650308.0
MP324,Nkomazi,2022,6002,Inventory Consumed,11276492.0
MP324,Nkomazi,2022,6003,Contracted Services,25438462.0
MP324,Nkomazi,2022,6004,Operational Costs,1242616.0
MP325,Bushbuckridge,2022,6003,Contracted Services,60899687.0
MP325,Bushbuckridge,2022,6004,Operational Costs,67024420.0
MP326,City of Mbombela,2022,6001,Employee Related Costs,200307230.0
MP326,City of Mbombela,2022,6002,Inventory Consumed,13125704.0
MP326,City of Mbombela,2022,6003,Contracted Services,288495305.0
NC061,Richtersveld,2022,6003,Contracted Services,3675826.0
NC062,Nama Khoi,2022,6001,Employee Related Costs,124869.0
NC062,Nama Khoi,2022,6002,Inventory Consumed,842281.0
NC062,Nama Khoi,2022,6003,Contracted Services,9257634.0
NC064,Kamiesberg,2022,6002,Inventory Consumed,586825.0
NC064,Kamiesberg,2022,6003,Contracted Services,1603684.0
NC065,Hantam,2022,6002,Inventory Consumed,1123584.0
NC065,Hantam,2022,6003,Contracted Services,7810371.0
NC066,Karoo Hoogland,2022,6003,Contracted Services,736916.0
NC066,Karoo Hoogland,2022,6004,Operational Costs,72026.0
NC067,Khai-Ma,2022,6003,Contracted Services,708415.0
NC067,Khai-Ma,2022,6004,Operational Costs,176293.0
NC072,Umsobomvu,2022,6003,Contracted Services,3271561.0
NC073,Emthanjeni,2022,6004,Operational Costs,2325803.0
NC074,Kareeberg,2022,6003,Contracted Services,6083914.0
NC075,Renosterberg,2022,6002,Inventory Consumed,491532.0
NC075,Renosterberg,2022,6004,Operational Costs,2964016.0
NC076,Thembelihle,2022,6002,Inventory Consumed,1401649.0
NC076,Thembelihle,2022,6003,Contracted Services,-64125.0
NC076,Thembelihle,2022,6004,Operational Costs,127424.0
NC077,Siyathemba,2022,6004,Operational Costs,6776335.0
NC078,Siyancuma,2022,6003,Contracted Services,509605.0
NC084,!Kheis,2022,6003,Contracted Services,154264.0
NC084,!Kheis,2022,6004,Operational Costs,56741.0
NC085,Tsantsabane,2022,6002,Inventory Consumed,19736163.0
NC085,Tsantsabane,2022,6003,Contracted Services,6891130.0
NC085,Tsantsabane,2022,6004,Operational Costs,82800400.0
NC087,Dawid Kruiper,2022,6002,Inventory Consumed,2419573.0
NC087,Dawid Kruiper,2022,6003,Contracted Services,3111423.0
NC091,Sol Plaatje,2022,6001,Employee Related Costs,130190196.0
NC091,Sol Plaatje,2022,6002,Inventory Consumed,137458708.0
NC091,Sol Plaatje,2022,6003,Contracted Services,75321.0
NC091,Sol Plaatje,2022,6004,Operational Costs,5705369.0
NC092,Dikgatlong,2022,6002,Inventory Consumed,1363380.0
NC092,Dikgatlong,2022,6003,Contracted Services,4823348.0
NC093,Magareng,2022,6002,Inventory Consumed,6372995.0
NC093,Magareng,2022,6003,Contracted Services,397471.0
NC094,Phokwane,2022,6002,Inventory Consumed,47228491.0
NC451,Joe Morolong,2022,6003,Contracted Services,4940662.0
NC451,Joe Morolong,2022,6004,Operational Costs,196235.0
NC452,Ga-Segonyana,2022,6002,Inventory Consumed,26949461.0
NC452,Ga-Segonyana,2022,6004,Operational Costs,4000184.0
NC453,Gamagara,2022,6002,Inventory Consumed,1375633.0
NC453,Gamagara,2022,6003,Contracted Services,10581893.0
NC453,Gamagara,2022,6004,Operational Costs,10672834.0
NMA,Nelson Mandela Bay,2022,6001,Employee Related Costs,63592.0
NMA,Nelson Mandela Bay,2022,6002,Inventory Consumed,49868640.0
NMA,Nelson Mandela Bay,2022,6003,Contracted Services,331559624.0
NMA,Nelson Mandela Bay,2022,6004,Operational Costs,281002.0
NW371,Moretele,2022,6003,Contracted Services,22806588.0
NW372,Madibeng,2022,6003,Contracted Services,74308566.0
NW372,Madibeng,2022,6004,Operational Costs,782.0
NW373,Rustenburg,2022,6003,Contracted Services,34552265.0
NW375,Moses Kotane,2022,6002,Inventory Consumed,923645.0
NW375,Moses Kotane,2022,6003,Contracted Services,43571936.0
NW375,Moses Kotane,2022,6004,Operational Costs,779460.0
NW381,Ratlou,2022,6003,Contracted Services,30881.0
NW382,Tswaing,2022,6002,Inventory Consumed,698237.0
NW382,Tswaing,2022,6003,Contracted Services,7009605.0
NW382,Tswaing,2022,6004,Operational Costs,-170861105.0
NW383,Mafikeng,2022,6002,Inventory Consumed,8407990.0
NW383,Mafikeng,2022,6003,Contracted Services,49687046.0
NW383,Mafikeng,2022,6004,Operational Costs,673726.0
NW385,Ramotshere Moiloa,2022,6003,Contracted Services,9368619.0
NW385,Ramotshere Moiloa,2022,6004,Operational Costs,200558.0
NW392,Naledi (NW),2022,6003,Contracted Services,13143165.0
NW393,Mamusa,2022,6002,Inventory Consumed,21825.0
NW393,Mamusa,2022,6003,Contracted Services,677049.0
NW393,Mamusa,2022,6004,Operational Costs,1586036.0
NW394,Greater Taung,2022,6003,Contracted Services,22556666.0
NW394,Greater Taung,2022,6004,Operational Costs,24893.0
NW396,Lekwa-Teemane,2022,6003,Contracted Services,2717392.0
NW397,Kagisano-Molopo,2022,6003,Contracted Services,1370664.0
NW397,Kagisano-Molopo,2022,6004,Operational Costs,1447991.0
NW403,City of Matlosana,2022,6002,Inventory Consumed,94181495.0
NW403,City of Matlosana,2022,6003,Contracted Services,19842553.0
NW403,City of Matlosana,2022,6004,Operational Costs,1595314.0
NW404,Maquassi Hills,2022,6002,Inventory Consumed,5957896.0
NW404,Maquassi Hills,2022,6003,Contracted Services,2889647.0
NW405,J B Marks,2022,6002,Inventory Consumed,13032745.0
NW405,J B Marks,2022,6003,Contracted Services,81821521.0
NW405,J B Marks,2022,6004,Operational Costs,1188335.0
WC011,Matzikama,2022,6002,Inventory Consumed,4690924.0
WC011,Matzikama,2022,6003,Contracted Services,1307382.0
WC011,Matzikama,2022,6004,Operational Costs,507400.0
WC012,Cederberg,2022,6001,Employee Related Costs,17547100.0
WC012,Cederberg,2022,6002,Inventory Consumed,3624172.0
WC012,Cederberg,2022,6003,Contracted Services,6427166.0
WC012,Cederberg,2022,6004,Operational Costs,8094110.0
WC013,Bergrivier,2022,6001,Employee Related Costs,12060409.0
WC013,Bergrivier,2022,6002,Inventory Consumed,4689808.0
WC013,Bergrivier,2022,6003,Contracted Services,6825086.0
WC013,Bergrivier,2022,6004,Operational Costs,2184796.0
WC014,Saldanha Bay,2022,6002,Inventory Consumed,9372243.0
WC014,Saldanha Bay,2022,6003,Contracted Services,41567963.0
WC014,Saldanha Bay,2022,6004,Operational Costs,70286.0
WC015,Swartland,2022,6001,Employee Related Costs,19907625.0
WC015,Swartland,2022,6002,Inventory Consumed,1525969.0
WC015,Swartland,2022,6003,Contracted Services,32278780.0
WC015,Swartland,2022,6004,Operational Costs,3641611.0
WC022,Witzenberg,2022,6001,Employee Related Costs,1452480.0
WC022,Witzenberg,2022,6002,Inventory Consumed,3322880.0
WC022,Witzenberg,2022,6003,Contracted Services,8251976.0
WC022,Witzenberg,2022,6004,Operational Costs,1205782.0
WC023,Drakenstein,2022,6001,Employee Related Costs,179758366.0
WC023,Drakenstein,2022,6002,Inventory Consumed,17581191.0
WC023,Drakenstein,2022,6003,Contracted Services,71917211.0
WC023,Drakenstein,2022,6004,Operational Costs,266196.0
WC024,Stellenbosch,2022,6001,Employee Related Costs,-1757.0
WC024,Stellenbosch,2022,6002,Inventory Consumed,1162118.0
WC024,Stellenbosch,2022,6003,Contracted Services,62715830.0
WC024,Stellenbosch,2022,6004,Operational Costs,28697.0
WC025,Breede Valley,2022,6002,Inventory Consumed,22090009.0
WC025,Breede Valley,2022,6003,Contracted Services,50713053.0
WC025,Breede Valley,2022,6004,Operational Costs,3031418.0
WC026,Langeberg,2022,6002,Inventory Consumed,9520053.0
WC026,Langeberg,2022,6003,Contracted Services,13927835.0
WC026,Langeberg,2022,6004,Operational Costs,817.0
WC031,Theewaterskloof,2022,6001,Employee Related Costs,62613136.0
WC031,Theewaterskloof,2022,6002,Inventory Consumed,10889632.0
WC031,Theewaterskloof,2022,6003,Contracted Services,19450700.0
WC031,Theewaterskloof,2022,6004,Operational Costs,29731769.0
WC032,Overstrand,2022,6001,Employee Related Costs,113770963.0
WC032,Overstrand,2022,6002,Inventory Consumed,22088905.0
WC032,Overstrand,2022,6003,Contracted Services,99097823.0
WC032,Overstrand,2022,6004,Operational Costs,10428357.0
WC033,Cape Agulhas,2022,6001,Employee Related Costs,48064909.0
WC033,Cape Agulhas,2022,6002,Inventory Consumed,9467356.0
WC033,Cape Agulhas,2022,6003,Contracted Services,11248330.0
WC033,Cape Agulhas,2022,6004,Operational Costs,4442681.0
WC034,Swellendam,2022,6001,Employee Related Costs,8520136.0
WC034,Swellendam,2022,6002,Inventory Consumed,7397327.0
WC034,Swellendam,2022,6003,Contracted Services,8059810.0
WC034,Swellendam,2022,6004,Operational Costs,1252152.0
WC041,Kannaland,2022,6001,Employee Related Costs,20746799.0
WC041,Kannaland,2022,6002,Inventory Consumed,3062852.0
WC041,Kannaland,2022,6003,Contracted Services,1909361.0
WC041,Kannaland,2022,6004,Operational Costs,6570768.0
WC042,Hessequa,2022,6001,Employee Related Costs,67705809.0
WC042,Hessequa,2022,6002,Inventory Consumed,6466323.0
WC042,Hessequa,2022,6003,Contracted Services,13154642.0
WC042,Hessequa,2022,6004,Operational Costs,1361538.0
WC043,Mossel Bay,2022,6001,Employee Related Costs,52392267.0
WC043,Mossel Bay,2022,6002,Inventory Consumed,10469551.0
WC043,Mossel Bay,2022,6003,Contracted Services,48639624.0
WC043,Mossel Bay,2022,6004,Operational Costs,704655.0
WC044,George,2022,6002,Inventory Consumed,26874168.0
WC044,George,2022,6003,Contracted Services,125504031.0
WC044,George,2022,6004,Operational Costs,563980.0
WC045,Oudtshoorn,2022,6002,Inventory Consumed,16380074.0
WC045,Oudtshoorn,2022,6003,Contracted Services,313898.0
WC045,Oudtshoorn,2022,6004,Operational Costs,306712.0
WC048,Knysna,2022,6003,Contracted Services,49542351.0
WC048,Knysna,2022,6004,Operational Costs,3307.0
WC051,Laingsburg,2022,6003,Contracted Services,1639888.0
WC052,Prince Albert,2022,6001,Employee Related Costs,7962874.0
WC052,Prince Albert,2022,6002,Inventory Consumed,418280.0
WC052,Prince Albert,2022,6003,Contracted Services,2845029.0
WC052,Prince Albert,2022,6004,Operational Costs,5717540.0
WC053,Beaufort West,2022,6001,Employee Related Costs,3761954.0
WC053,Beaufort West,2022,6002,Inventory Consumed,35632.0
WC053,Beaufort West,2022,6003,Contracted Services,1329574.0
WC053,Beaufort West,2022,6004,Operational Costs,739209.0
BUF,Buffalo City,2023,6002,Inventory Consumed,12330716.0
BUF,Buffalo City,2023,6003,Contracted Services,412519426.0
BUF,Buffalo City,2023,6004,Operational Costs,20458114.0
CPT,Cape Town,2023,6002,Inventory Consumed,233851838.0
CPT,Cape Town,2023,6003,Contracted Services,1530383360.0
CPT,Cape Town,2023,6004,Operational Costs,27766843.0
DC1,West Coast,2023,6002,Inventory Consumed,7877081.0
DC1,West Coast,2023,6003,Contracted Services,7928378.0
DC1,West Coast,2023,6004,Operational Costs,253971.0
DC10,Sarah Baartman,2023,6004,Operational Costs,221284.0
DC12,Amathole,2023,6003,Contracted Services,24887731.0
DC12,Amathole,2023,6004,Operational Costs,-9751.0
DC13,Chris Hani,2023,6003,Contracted Services,66716935.0
DC14,Joe Gqabi,2023,6002,Inventory Consumed,4410496.0
DC14,Joe Gqabi,2023,6003,Contracted Services,19005194.0
DC15,O R Tambo,2023,6003,Contracted Services,85281694.0
DC15,O R Tambo,2023,6004,Operational Costs,1791550.0
DC16,Xhariep,2023,6003,Contracted Services,147245.0
DC18,Lejweleputswa,2023,6003,Contracted Services,1947294.0
DC2,Cape Winelands DM,2023,6001,Employee Related Costs,1757899.0
DC2,Cape Winelands DM,2023,6002,Inventory Consumed,109253.0
DC2,Cape Winelands DM,2023,6003,Contracted Services,6952175.0
DC2,Cape Winelands DM,2023,6004,Operational Costs,979662.0
DC20,Fezile Dabi,2023,6002,Inventory Consumed,65090.0
DC20,Fezile Dabi,2023,6003,Contracted Services,3831120.0
DC21,Ugu,2023,6002,Inventory Consumed,615068.0
DC21,Ugu,2023,6003,Contracted Services,100180343.0
DC21,Ugu,2023,6004,Operational Costs,2118668.0
DC22,uMgungundlovu,2023,6002,Inventory Consumed,2520827.0
DC22,uMgungundlovu,2023,6003,Contracted Services,19924735.0
DC23,Uthukela,2023,6003,Contracted Services,62556499.0
DC24,Umzinyathi,2023,6002,Inventory Consumed,36131382.0
DC24,Umzinyathi,2023,6003,Contracted Services,109464432.0
DC24,Umzinyathi,2023,6004,Operational Costs,16718075.0
DC25,Amajuba,2023,6003,Contracted Services,2750448.0
DC26,Zululand,2023,6002,Inventory Consumed,5620845.0
DC26,Zululand,2023,6003,Contracted Services,126774785.0
DC26,Zululand,2023,6004,Operational Costs,5601631.0
DC27,Umkhanyakude,2023,6003,Contracted Services,26142026.0
DC27,Umkhanyakude,2023,6004,Operational Costs,3334103.0
DC28,King Cetshwayo,2023,6001,Employee Related Costs,55862463.0
DC28,King Cetshwayo,2023,6002,Inventory Consumed,4242786.0
DC28,King Cetshwayo,2023,6003,Contracted Services,95340021.0
DC28,King Cetshwayo,2023,6004,Operational Costs,1480994.0
DC29,iLembe,2023,6002,Inventory Consumed,10277029.0
DC29,iLembe,2023,6003,Contracted Services,101025068.0
DC29,iLembe,2023,6004,Operational Costs,8132768.0
DC3,Overberg,2023,6002,Inventory Consumed,562887.0
DC3,Overberg,2023,6003,Contracted Services,8682739.0
DC3,Overberg,2023,6004,Operational Costs,164828.0
DC30,Gert Sibande,2023,6003,Contracted Services,17082805.0
DC30,Gert Sibande,2023,6004,Operational Costs,5334276.0
DC31,Nkangala,2023,6003,Contracted Services,16735036.0
DC31,Nkangala,2023,6004,Operational Costs,5489603.0
DC32,Ehlanzeni,2023,6002,Inventory Consumed,2512707.0
DC32,Ehlanzeni,2023,6003,Contracted Services,12166687.0
DC33,Mopani,2023,6002,Inventory Consumed,41873308.0
DC33,Mopani,2023,6003,Contracted Services,17756713.0
DC33,Mopani,2023,6004,Operational Costs,3099786.0
DC34,Vhembe,2023,6003,Contracted Services,91271160.0
DC35,Capricorn,2023,6003,Contracted Services,20219589.0
DC38,Ngaka Modiri Molema,2023,6002,Inventory Consumed,300414391.0
DC38,Ngaka Modiri Molema,2023,6003,Contracted Services,227314018.0
DC4,Garden Route,2023,6003,Contracted Services,2559488.0
DC40,Dr Kenneth Kaunda,2023,6003,Contracted Services,3037717.0
DC42,Sedibeng,2023,6003,Contracted Services,1688083.0
DC42,Sedibeng,2023,6004,Operational Costs,478349.0
DC43,Harry Gwala,2023,6002,Inventory Consumed,3055050.0
DC43,Harry Gwala,2023,6003,Contracted Services,49412463.0
DC44,Alfred Nzo,2023,6003,Contracted Services,71469020.0
DC47,Sekhukhune,2023,6002,Inventory Consumed,23099828.0
DC47,Sekhukhune,2023,6003,Contracted Services,22877025.0
DC47,Sekhukhune,2023,6004,Operational Costs,143477.0
DC48,West Rand,2023,6003,Contracted Services,1188804.0
DC48,West Rand,2023,6004,Operational Costs,15600.0
DC5,Central Karoo,2023,6002,Inventory Consumed,1176899.0
DC5,Central Karoo,2023,6003,Contracted Services,1096267.0
DC5,Central Karoo,2023,6004,Operational Costs,65724.0
DC6,Namakwa,2023,6002,Inventory Consumed,376.0
DC6,Namakwa,2023,6003,Contracted Services,336743.0
DC6,Namakwa,2023,6004,Operational Costs,5631.0
DC7,Pixley Ka Seme (NC),2023,6003,Contracted Services,502206.0
DC8,Z F Mgcawu,2023,6003,Contracted Services,659508.0
DC9,Frances Baard,2023,6003,Contracted Services,4523419.0
EC101,Dr Beyers Naude,2023,6002,Inventory Consumed,429.0
EC101,Dr Beyers Naude,2023,6003,Contracted Services,76056.0
EC101,Dr Beyers Naude,2023,6004,Operational Costs,21463910.0
EC104,Makana,2023,6002,Inventory Consumed,163191.0
EC104,Makana,2023,6003,Contracted Services,9744907.0
EC105,Ndlambe,2023,6003,Contracted Services,25375726.0
EC106,Sundays River Valley,2023,6002,Inventory Consumed,130488.0
EC106,Sundays River Valley,2023,6003,Contracted Services,3612017.0
EC106,Sundays River Valley,2023,6004,Operational Costs,340320.0
EC108,Kouga,2023,6002,Inventory Consumed,14807475.0
EC108,Kouga,2023,6003,Contracted Services,30921137.0
EC108,Kouga,2023,6004,Operational Costs,1943851.0
EC109,Kou-Kamma,2023,6002,Inventory Consumed,587793.0
EC109,Kou-Kamma,2023,6003,Contracted Services,2296051.0
EC121,Mbhashe,2023,6001,Employee Related Costs,35523.0
EC121,Mbhashe,2023,6003,Contracted Services,47159672.0
EC121,Mbhashe,2023,6004,Operational Costs,6989922.0
EC123,Great Kei,2023,6002,Inventory Consumed,90583.0
EC123,Great Kei,2023,6003,Contracted Services,94554.0
EC124,Amahlathi,2023,6003,Contracted Services,2807504.0
EC126,Ngqushwa,2023,6003,Contracted Services,3081072.0
EC126,Ngqushwa,2023,6004,Operational Costs,530590.0
EC129,Raymond Mhlaba,2023,6003,Contracted Services,5289467.0
EC131,Inxuba Yethemba,2023,6002,Inventory Consumed,15153764.0
EC131,Inxuba Yethemba,2023,6004,Operational Costs,-943904.0
EC135,Vuyisile Mini,2023,6003,Contracted Services,5285823.0
EC136,Emalahleni (EC),2023,6001,Employee Related Costs,101450.0
EC136,Emalahleni (EC),2023,6003,Contracted Services,3910625.0
EC136,Emalahleni (EC),2023,6004,Operational Costs,72000.0
EC137,Dr. A.B. Xuma,2023,6002,Inventory Consumed,110635.0
EC137,Dr. A.B. Xuma,2023,6003,Contracted Services,6742374.0
EC138,Sakhisizwe,2023,6003,Contracted Services,1564634.0
EC139,Enoch Mgijima,2023,6002,Inventory Consumed,2569876.0
EC139,Enoch Mgijima,2023,6003,Contracted Services,30783827.0
EC139,Enoch Mgijima,2023,6004,Operational Costs,48336540.0
EC141,Elundini,2023,6003,Contracted Services,8261413.0
EC142,Senqu,2023,6002,Inventory Consumed,4244781.0
EC142,Senqu,2023,6003,Contracted Services,7244122.0
EC142,Senqu,2023,6004,Operational Costs,129668.0
EC145,Walter Sisulu,2023,6003,Contracted Services,2890926.0
EC153,Ngquza Hills,2023,6003,Contracted Services,26159169.0
EC153,Ngquza Hills,2023,6004,Operational Costs,2502222.0
EC154,Port St Johns,2023,6004,Operational Costs,7451143.0
EC155,Nyandeni,2023,6002,Inventory Consumed,2700261.0
EC155,Nyandeni,2023,6003,Contracted Services,32425447.0
EC155,Nyandeni,2023,6004,Operational Costs,639038.0
EC156,Kumkani Mhlontlo,2023,6003,Contracted Services,5215622.0
EC156,Kumkani Mhlontlo,2023,6004,Operational Costs,9989689.0
EC157,King Sabata Dalindyebo,2023,6002,Inventory Consumed,17283038.0
EC157,King Sabata Dalindyebo,2023,6003,Contracted Services,65534020.0
EC157,King Sabata Dalindyebo,2023,6004,Operational Costs,31982460.0
EC441,Matatiele,2023,6003,Contracted Services,14538059.0
EC441,Matatiele,2023,6004,Operational Costs,204635.0
EC442,Umzimvubu,2023,6003,Contracted Services,20112288.0
EC443,Winnie Madikizela-Mandela,2023,6002,Inventory Consumed,6817.0
EC443,Winnie Madikizela-Mandela,2023,6003,Contracted Services,11280247.0
EC444,Ntabankulu,2023,6003,Contracted Services,3248308.0
EKU,City of Ekurhuleni,2023,6002,Inventory Consumed,1346168163.0
EKU,City of Ekurhuleni,2023,6003,Contracted Services,1235323215.0
ETH,eThekwini,2023,6001,Employee Related Costs,7067.0
ETH,eThekwini,2023,6002,Inventory Consumed,1215028711.0
ETH,eThekwini,2023,6003,Contracted Services,2239567307.0
ETH,eThekwini,2023,6004,Operational Costs,75997184.0
FS161,Letsemeng,2023,6003,Contracted Services,2114606.0
FS181,Masilonyana,2023,6002,Inventory Consumed,25835.0
FS181,Masilonyana,2023,6004,Operational Costs,-407700.0
FS182,Tokologo,2023,6002,Inventory Consumed,1040170.0
FS182,Tokologo,2023,6003,Contracted Services,4944750.0
FS183,Tswelopele,2023,6002,Inventory Consumed,95132.0
FS183,Tswelopele,2023,6003,Contracted Services,15259978.0
FS184,Matjhabeng,2023,6002,Inventory Consumed,23132691.0
FS184,Matjhabeng,2023,6003,Contracted Services,15879286.0
FS184,Matjhabeng,2023,6004,Operational Costs,1227937.0
FS191,Setsoto,2023,6002,Inventory Consumed,2248401.0
FS191,Setsoto,2023,6003,Contracted Services,7718591.0
FS191,Setsoto,2023,6004,Operational Costs,114325.0
FS192,Dihlabeng,2023,6002,Inventory Consumed,2504640.0
FS192,Dihlabeng,2023,6003,Contracted Services,7345332.0
FS192,Dihlabeng,2023,6004,Operational Costs,935388.0
FS193,Nketoana,2023,6003,Contracted Services,3431989.0
FS194,Maluti-a-Phofung,2023,6002,Inventory Consumed,19206408.0
FS194,Maluti-a-Phofung,2023,6003,Contracted Services,30986541.0
FS195,Phumelela,2023,6002,Inventory Consumed,105490.0
FS195,Phumelela,2023,6003,Contracted Services,6132280.0
FS195,Phumelela,2023,6004,Operational Costs,783705.0
FS201,Moqhaka,2023,6003,Contracted Services,42845389.0
FS201,Moqhaka,2023,6004,Operational Costs,77400836.0
FS203,Ngwathe,2023,6002,Inventory Consumed,63953357.0
FS203,Ngwathe,2023,6003,Contracted Services,386741.0
FS204,Metsimaholo,2023,6002,Inventory Consumed,13549009.0
FS204,Metsimaholo,2023,6003,Contracted Services,12948592.0
FS204,Metsimaholo,2023,6004,Operational Costs,3115824.0
GT421,Emfuleni,2023,6001,Employee Related Costs,225807322.0
GT421,Emfuleni,2023,6002,Inventory Consumed,14785884.0
GT421,Emfuleni,2023,6003,Contracted Services,214070614.0
GT421,Emfuleni,2023,6004,Operational Costs,104129134.0
GT422,Midvaal,2023,6001,Employee Related Costs,86034589.0
GT422,Midvaal,2023,6002,Inventory Consumed,73470.0
GT422,Midvaal,2023,6003,Contracted Services,69792496.0
GT422,Midvaal,2023,6004,Operational Costs,7455305.0
GT423,Lesedi,2023,6002,Inventory Consumed,21218819.0
GT423,Lesedi,2023,6003,Contracted Services,14975556.0
GT423,Lesedi,2023,6004,Operational Costs,2397402.0
GT481,Mogale City,2023,6001,Employee Related Costs,571931.0
GT481,Mogale City,2023,6003,Contracted Services,76366205.0
GT481,Mogale City,2023,6004,Operational Costs,8446053.0
GT484,Merafong City,2023,6002,Inventory Consumed,61055.0
GT484,Merafong City,2023,6003,Contracted Services,22045185.0
GT484,Merafong City,2023,6004,Operational Costs,137113852.0
GT485,Rand West City,2023,6003,Contracted Services,44053684.0
JHB,City of Johannesburg,2023,6001,Employee Related Costs,2931249.0
JHB,City of Johannesburg,2023,6002,Inventory Consumed,26430835.0
JHB,City of Johannesburg,2023,6003,Contracted Services,1415990072.0
JHB,City of Johannesburg,2023,6004,Operational Costs,44498612.0
KZN212,Umdoni,2023,6002,Inventory Consumed,815943.0
KZN212,Umdoni,2023,6003,Contracted Services,70819635.0
KZN212,Umdoni,2023,6004,Operational Costs,26087.0
KZN213,Umzumbe,2023,6003,Contracted Services,35440023.0
KZN214,uMuziwabantu,2023,6003,Contracted Services,14462594.0
KZN214,uMuziwabantu,2023,6004,Operational Costs,86953.0
KZN216,Ray Nkonyeni,2023,6003,Contracted Services,57885078.0
KZN221,uMshwathi,2023,6002,Inventory Consumed,158206.0
KZN221,uMshwathi,2023,6003,Contracted Services,8947405.0
KZN222,uMngeni,2023,6002,Inventory Consumed,340590.0
KZN222,uMngeni,2023,6003,Contracted Services,28298731.0
KZN222,uMngeni,2023,6004,Operational Costs,70503.0
KZN223,Mpofana,2023,6002,Inventory Consumed,15470245.0
KZN223,Mpofana,2023,6004,Operational Costs,1030367.0
KZN224,Impendle,2023,6003,Contracted Services,1477777.0
KZN224,Impendle,2023,6004,Operational Costs,681654.0
KZN225,Msunduzi,2023,6002,Inventory Consumed,47315092.0
KZN225,Msunduzi,2023,6003,Contracted Services,131399697.0
KZN225,Msunduzi,2023,6004,Operational Costs,925000.0
KZN226,Mkhambathini,2023,6003,Contracted Services,23338223.0
KZN227,Richmond,2023,6002,Inventory Consumed,5204567.0
KZN227,Richmond,2023,6003,Contracted Services,4202035.0
KZN227,Richmond,2023,6004,Operational Costs,3512158.0
KZN235,Okhahlamba,2023,6003,Contracted Services,8984941.0
KZN237,Inkosi Langalibalele,2023,6002,Inventory Consumed,1327944.0
KZN237,Inkosi Langalibalele,2023,6003,Contracted Services,21611058.0
KZN238,Alfred Duma,2023,6001,Employee Related Costs,13000417.0
KZN238,Alfred Duma,2023,6002,Inventory Consumed,19503780.0
KZN238,Alfred Duma,2023,6003,Contracted Services,39973749.0
KZN238,Alfred Duma,2023,6004,Operational Costs,818901.0
KZN241,Endumeni,2023,6003,Contracted Services,5628908.0
KZN242,Nquthu,2023,6002,Inventory Consumed,-229322.0
KZN242,Nquthu,2023,6003,Contracted Services,10999776.0
KZN242,Nquthu,2023,6004,Operational Costs,7224153.0
KZN244,Msinga,2023,6003,Contracted Services,24513665.0
KZN245,Umvoti,2023,6003,Contracted Services,13150384.0
KZN245,Umvoti,2023,6004,Operational Costs,153712.0
KZN252,Newcastle,2023,6003,Contracted Services,68976904.0
KZN253,Emadlangeni,2023,6002,Inventory Consumed,462700.0
KZN253,Emadlangeni,2023,6003,Contracted Services,491930.0
KZN254,Dannhauser,2023,6003,Contracted Services,29905955.0
KZN261,eDumbe,2023,6003,Contracted Services,6338076.0
KZN262,uPhongolo,2023,6002,Inventory Consumed,2277902.0
KZN263,Abaqulusi,2023,6002,Inventory Consumed,18962243.0
KZN263,Abaqulusi,2023,6003,Contracted Services,25157240.0
KZN265,Nongoma,2023,6002,Inventory Consumed,563611.0
KZN265,Nongoma,2023,6003,Contracted Services,22834300.0
KZN265,Nongoma,2023,6004,Operational Costs,1045747.0
KZN266,Ulundi,2023,6002,Inventory Consumed,2337381.0
KZN266,Ulundi,2023,6003,Contracted Services,6178132.0
KZN266,Ulundi,2023,6004,Operational Costs,200371.0
KZN271,Umhlabuyalingana,2023,6003,Contracted Services,22569003.0
KZN272,Jozini,2023,6003,Contracted Services,15739546.0
KZN272,Jozini,2023,6004,Operational Costs,175245.0
KZN275,Mtubatuba,2023,6003,Contracted Services,10800342.0
KZN276,Hlabisa Big Five,2023,6003,Contracted Services,4418530.0
KZN276,Hlabisa Big Five,2023,6004,Operational Costs,3078828.0
KZN281,Mfolozi,2023,6003,Contracted Services,12948261.0
KZN282,uMhlathuze,2023,6002,Inventory Consumed,98705647.0
KZN282,uMhlathuze,2023,6003,Contracted Services,144662979.0
KZN282,uMhlathuze,2023,6004,Operational Costs,5960807.0
KZN284,uMlalazi,2023,6001,Employee Related Costs,26261151.0
KZN284,uMlalazi,2023,6002,Inventory Consumed,5310200.0
KZN284,uMlalazi,2023,6003,Contracted Services,5389058.0
KZN285,Mthonjaneni,2023,6003,Contracted Services,4963021.0
KZN285,Mthonjaneni,2023,6004,Operational Costs,7991968.0
KZN286,Nkandla,2023,6002,Inventory Consumed,6098797.0
KZN286,Nkandla,2023,6003,Contracted Services,3661460.0
KZN286,Nkandla,2023,6004,Operational Costs,1568446.0
KZN291,Mandeni,2023,6003,Contracted Services,18676962.0
KZN292,KwaDukuza,2023,6002,Inventory Consumed,7876485.0
KZN292,KwaDukuza,2023,6003,Contracted Services,58632043.0
KZN293,Ndwedwe,2023,6003,Contracted Services,6328055.0
KZN294,Maphumulo,2023,6002,Inventory Consumed,9761.0
KZN294,Maphumulo,2023,6003,Contracted Services,4560314.0
KZN294,Maphumulo,2023,6004,Operational Costs,117614.0
KZN433,Greater Kokstad,2023,6002,Inventory Consumed,1000000.0
KZN433,Greater Kokstad,2023,6003,Contracted Services,22631452.0
KZN434,Johannes Phumani Phungula,2023,6003,Contracted Services,3038954.0
KZN435,Umzimkhulu,2023,6003,Contracted Services,19756872.0
KZN436,Dr Nkosazana Dlamini Zuma,2023,6003,Contracted Services,16354932.0
LIM331,Greater Giyani,2023,6002,Inventory Consumed,6127581.0
LIM331,Greater Giyani,2023,6003,Contracted Services,5490129.0
LIM332,Greater Letaba,2023,6002,Inventory Consumed,49136.0
LIM332,Greater Letaba,2023,6003,Contracted Services,21899923.0
LIM332,Greater Letaba,2023,6004,Operational Costs,5814.0
LIM333,Greater Tzaneen,2023,6002,Inventory Consumed,56758710.0
LIM333,Greater Tzaneen,2023,6004,Operational Costs,9106597.0
LIM334,Ba-Phalaborwa,2023,6002,Inventory Consumed,11767614.0
LIM334,Ba-Phalaborwa,2023,6003,Contracted Services,13739379.0
LIM334,Ba-Phalaborwa,2023,6004,Operational Costs,385600.0
LIM335,Maruleng,2023,6002,Inventory Consumed,22499.0
LIM335,Maruleng,2023,6003,Contracted Services,4241392.0
LIM341,Musina,2023,6002,Inventory Consumed,430347.0
LIM341,Musina,2023,6003,Contracted Services,6087529.0
LIM343,Thulamela,2023,6002,Inventory Consumed,8303436.0
LIM343,Thulamela,2023,6003,Contracted Services,115537228.0
LIM344,Makhado,2023,6002,Inventory Consumed,17206673.0
LIM344,Makhado,2023,6003,Contracted Services,15027023.0
LIM344,Makhado,2023,6004,Operational Costs,446848.0
LIM345,Collins Chabane,2023,6003,Contracted Services,998582.0
LIM345,Collins Chabane,2023,6004,Operational Costs,10838641.0
LIM351,Blouberg,2023,6003,Contracted Services,5640543.0
LIM351,Blouberg,2023,6004,Operational Costs,190914.0
LIM353,Molemole,2023,6003,Contracted Services,12946117.0
LIM354,Polokwane,2023,6001,Employee Related Costs,252770842.0
LIM354,Polokwane,2023,6002,Inventory Consumed,46456488.0
LIM354,Polokwane,2023,6003,Contracted Services,433680839.0
LIM354,Polokwane,2023,6004,Operational Costs,10493924.0
LIM355,Lepelle-Nkumpi,2023,6002,Inventory Consumed,580335.0
LIM355,Lepelle-Nkumpi,2023,6003,Contracted Services,7953195.0
LIM361,Thabazimbi,2023,6002,Inventory Consumed,1493082.0
LIM361,Thabazimbi,2023,6003,Contracted Services,19556908.0
LIM361,Thabazimbi,2023,6004,Operational Costs,6881572.0
LIM362,Lephalale,2023,6002,Inventory Consumed,6030888.0
LIM362,Lephalale,2023,6003,Contracted Services,4399863.0
LIM362,Lephalale,2023,6004,Operational Costs,2244498.0
LIM366,Bela Bela,2023,6002,Inventory Consumed,5703712.0
LIM366,Bela Bela,2023,6003,Contracted Services,1658324.0
LIM366,Bela Bela,2023,6004,Operational Costs,55925.0
LIM367,Mogalakwena,2023,6002,Inventory Consumed,1229455.0
LIM367,Mogalakwena,2023,6003,Contracted Services,28575906.0
LIM471,Ephraim Mogale,2023,6003,Contracted Services,14966808.0
LIM471,Ephraim Mogale,2023,6004,Operational Costs,666.0
LIM472,Elias Motsoaledi,2023,6002,Inventory Consumed,32520190.0
LIM472,Elias Motsoaledi,2023,6003,Contracted Services,4936785.0
LIM473,Makhuduthamaga,2023,6003,Contracted Services,35452813.0
LIM476,Tubatse Fetakgomo,2023,6003,Contracted Services,51405306.0
MAN,Mangaung,2023,6001,Employee Related Costs,398355965.0
MAN,Mangaung,2023,6002,Inventory Consumed,25710495.0
MAN,Mangaung,2023,6003,Contracted Services,138620839.0
MAN,Mangaung,2023,6004,Operational Costs,6258592.0
MP301,Albert Luthuli,2023,6002,Inventory Consumed,10120156.0
MP301,Albert Luthuli,2023,6003,Contracted Services,45235637.0
MP301,Albert Luthuli,2023,6004,Operational Costs,2907530.0
MP302,Msukaligwa,2023,6002,Inventory Consumed,26492703.0
MP302,Msukaligwa,2023,6003,Contracted Services,9698237.0
MP303,Mkhondo,2023,6002,Inventory Consumed,6005939.0
MP303,Mkhondo,2023,6003,Contracted Services,25683663.0
MP303,Mkhondo,2023,6004,Operational Costs,23688506.0
MP304,Pixley Ka Seme (MP),2023,6003,Contracted Services,24289304.0
MP305,Lekwa,2023,6002,Inventory Consumed,1152567.0
MP305,Lekwa,2023,6003,Contracted Services,42293061.0
MP305,Lekwa,2023,6004,Operational Costs,1264780.0
MP306,Dipaleseng,2023,6003,Contracted Services,18909048.0
MP307,Govan Mbeki,2023,6002,Inventory Consumed,14264843.0
MP307,Govan Mbeki,2023,6003,Contracted Services,59967597.0
MP307,Govan Mbeki,2023,6004,Operational Costs,584623.0
MP311,Victor Khanye,2023,6003,Contracted Services,50466983.0
MP312,Emalahleni (MP),2023,6001,Employee Related Costs,82715.0
MP312,Emalahleni (MP),2023,6003,Contracted Services,188282886.0
MP312,Emalahleni (MP),2023,6004,Operational Costs,516745.0
MP313,Steve Tshwete,2023,6002,Inventory Consumed,24027632.0
MP313,Steve Tshwete,2023,6003,Contracted Services,93819989.0
MP313,Steve Tshwete,2023,6004,Operational Costs,13960337.0
MP314,Emakhazeni,2023,6002,Inventory Consumed,8003023.0
MP314,Emakhazeni,2023,6003,Contracted Services,2160145.0
MP314,Emakhazeni,2023,6004,Operational Costs,2182466.0
MP315,Thembisile Hani,2023,6002,Inventory Consumed,311149.0
MP315,Thembisile Hani,2023,6003,Contracted Services,57508840.0
MP316,Dr J.S. Moroka,2023,6003,Contracted Services,65658171.0
MP316,Dr J.S. Moroka,2023,6004,Operational Costs,1781583.0
MP321,Thaba Chweu,2023,6003,Contracted Services,70932461.0
MP324,Nkomazi,2023,6002,Inventory Consumed,16543643.0
MP324,Nkomazi,2023,6003,Contracted Services,29213248.0
MP324,Nkomazi,2023,6004,Operational Costs,1056816.0
MP325,Bushbuckridge,2023,6003,Contracted Services,62484425.0
MP325,Bushbuckridge,2023,6004,Operational Costs,77791177.0
MP326,City of Mbombela,2023,6001,Employee Related Costs,208632756.0
MP326,City of Mbombela,2023,6002,Inventory Consumed,15933751.0
MP326,City of Mbombela,2023,6003,Contracted Services,159067396.0
MP326,City of Mbombela,2023,6004,Operational Costs,40391.0
NC061,Richtersveld,2023,6003,Contracted Services,3701503.0
NC062,Nama Khoi,2023,6002,Inventory Consumed,629237.0
NC062,Nama Khoi,2023,6003,Contracted Services,6517175.0
NC064,Kamiesberg,2023,6002,Inventory Consumed,225879.0
NC064,Kamiesberg,2023,6003,Contracted Services,398023.0
NC065,Hantam,2023,6002,Inventory Consumed,2927207.0
NC065,Hantam,2023,6003,Contracted Services,10113611.0
NC065,Hantam,2023,6004,Operational Costs,6556.0
NC066,Karoo Hoogland,2023,6003,Contracted Services,1211614.0
NC066,Karoo Hoogland,2023,6004,Operational Costs,10464.0
NC067,Khai-Ma,2023,6002,Inventory Consumed,1800.0
NC067,Khai-Ma,2023,6003,Contracted Services,755100.0
NC067,Khai-Ma,2023,6004,Operational Costs,92686.0
NC071,Ubuntu,2023,6003,Contracted Services,3509194.0
NC072,Umsobomvu,2023,6003,Contracted Services,3306093.0
NC075,Renosterberg,2023,6002,Inventory Consumed,1023920.0
NC075,Renosterberg,2023,6004,Operational Costs,348711.0
NC076,Thembelihle,2023,6002,Inventory Consumed,-77112.0
NC076,Thembelihle,2023,6003,Contracted Services,1448264.0
NC076,Thembelihle,2023,6004,Operational Costs,393685.0
NC077,Siyathemba,2023,6001,Employee Related Costs,23314.0
NC077,Siyathemba,2023,6004,Operational Costs,5968154.0
NC078,Siyancuma,2023,6003,Contracted Services,504340.0
NC084,!Kheis,2023,6003,Contracted Services,58971.0
NC084,!Kheis,2023,6004,Operational Costs,23828.0
NC085,Tsantsabane,2023,6002,Inventory Consumed,23520329.0
NC085,Tsantsabane,2023,6003,Contracted Services,13840148.0
NC085,Tsantsabane,2023,6004,Operational Costs,57953885.0
NC087,Dawid Kruiper,2023,6002,Inventory Consumed,3420000.0
NC087,Dawid Kruiper,2023,6003,Contracted Services,2819695.0
NC087,Dawid Kruiper,2023,6004,Operational Costs,361.0
NC091,Sol Plaatje,2023,6001,Employee Related Costs,146482961.0
NC091,Sol Plaatje,2023,6002,Inventory Consumed,154393460.0
NC091,Sol Plaatje,2023,6003,Contracted Services,6391039.0
NC091,Sol Plaatje,2023,6004,Operational Costs,5301978.0
NC092,Dikgatlong,2023,6002,Inventory Consumed,1363380.0
NC092,Dikgatlong,2023,6003,Contracted Services,4823348.0
NC093,Magareng,2023,6002,Inventory Consumed,4421934.0
NC094,Phokwane,2023,6002,Inventory Consumed,60878959.0
NC451,Joe Morolong,2023,6002,Inventory Consumed,5671793.0
NC451,Joe Morolong,2023,6003,Contracted Services,7246214.0
NC452,Ga-Segonyana,2023,6002,Inventory Consumed,31163140.0
NC452,Ga-Segonyana,2023,6004,Operational Costs,4286602.0
NMA,Nelson Mandela Bay,2023,6001,Employee Related Costs,7356.0
NMA,Nelson Mandela Bay,2023,6002,Inventory Consumed,64051507.0
NMA,Nelson Mandela Bay,2023,6003,Contracted Services,388379327.0
NMA,Nelson Mandela Bay,2023,6004,Operational Costs,190038.0
NW371,Moretele,2023,6003,Contracted Services,15799464.0
NW372,Madibeng,2023,6003,Contracted Services,127213466.0
NW372,Madibeng,2023,6004,Operational Costs,160412.0
NW373,Rustenburg,2023,6003,Contracted Services,57415653.0
NW375,Moses Kotane,2023,6003,Contracted Services,50655502.0
NW375,Moses Kotane,2023,6004,Operational Costs,-31305.0
NW382,Tswaing,2023,6002,Inventory Consumed,2984189.0
NW382,Tswaing,2023,6003,Contracted Services,6016936.0
NW382,Tswaing,2023,6004,Operational Costs,11397474.0
NW383,Mafikeng,2023,6002,Inventory Consumed,2050941.0
NW383,Mafikeng,2023,6003,Contracted Services,25278693.0
NW383,Mafikeng,2023,6004,Operational Costs,860259.0
NW384,Ditsobotla,2023,6003,Contracted Services,1345484.0
NW392,Naledi (NW),2023,6002,Inventory Consumed,297751.0
NW392,Naledi (NW),2023,6003,Contracted Services,5744490.0
NW394,Greater Taung,2023,6003,Contracted Services,29428221.0
NW394,Greater Taung,2023,6004,Operational Costs,67159.0
NW396,Lekwa-Teemane,2023,6003,Contracted Services,9918111.0
NW397,Kagisano-Molopo,2023,6003,Contracted Services,2261569.0
NW397,Kagisano-Molopo,2023,6004,Operational Costs,957029.0
NW403,City of Matlosana,2023,6002,Inventory Consumed,116837972.0
NW403,City of Matlosana,2023,6003,Contracted Services,20687561.0
NW404,Maquassi Hills,2023,6002,Inventory Consumed,18084235.0
NW404,Maquassi Hills,2023,6003,Contracted Services,2450626.0
NW405,J B Marks,2023,6002,Inventory Consumed,47649781.0
NW405,J B Marks,2023,6003,Contracted Services,96037600.0
NW405,J B Marks,2023,6004,Operational Costs,711086.0
TSH,City of Tshwane,2023,6002,Inventory Consumed,383402093.0
TSH,City of Tshwane,2023,6003,Contracted Services,782978602.0
TSH,City of Tshwane,2023,6004,Operational Costs,56193311.0
WC011,Matzikama,2023,6002,Inventory Consumed,6925031.0
WC011,Matzikama,2023,6003,Contracted Services,2144868.0
WC011,Matzikama,2023,6004,Operational Costs,504500.0
WC012,Cederberg,2023,6001,Employee Related Costs,16740376.0
WC012,Cederberg,2023,6002,Inventory Consumed,3819789.0
WC012,Cederberg,2023,6003,Contracted Services,5105476.0
WC012,Cederberg,2023,6004,Operational Costs,8198472.0
WC013,Bergrivier,2023,6001,Employee Related Costs,12109342.0
WC013,Bergrivier,2023,6002,Inventory Consumed,4321158.0
WC013,Bergrivier,2023,6003,Contracted Services,7252469.0
WC013,Bergrivier,2023,6004,Operational Costs,2995394.0
WC014,Saldanha Bay,2023,6002,Inventory Consumed,10799697.0
WC014,Saldanha Bay,2023,6003,Contracted Services,47292894.0
WC014,Saldanha Bay,2023,6004,Operational Costs,237049.0
WC015,Swartland,2023,6001,Employee Related Costs,20308332.0
WC015,Swartland,2023,6002,Inventory Consumed,2427358.0
WC015,Swartland,2023,6003,Contracted Services,37691986.0
WC015,Swartland,2023,6004,Operational Costs,4653815.0
WC022,Witzenberg,2023,6001,Employee Related Costs,574931.0
WC022,Witzenberg,2023,6002,Inventory Consumed,3063011.0
WC022,Witzenberg,2023,6003,Contracted Services,21094556.0
WC022,Witzenberg,2023,6004,Operational Costs,2306662.0
WC023,Drakenstein,2023,6001,Employee Related Costs,182915321.0
WC023,Drakenstein,2023,6002,Inventory Consumed,17807533.0
WC023,Drakenstein,2023,6003,Contracted Services,77555880.0
WC023,Drakenstein,2023,6004,Operational Costs,316215.0
WC024,Stellenbosch,2023,6002,Inventory Consumed,22903491.0
WC024,Stellenbosch,2023,6003,Contracted Services,62088827.0
WC025,Breede Valley,2023,6002,Inventory Consumed,16993667.0
WC025,Breede Valley,2023,6003,Contracted Services,56746589.0
WC025,Breede Valley,2023,6004,Operational Costs,3093369.0
WC026,Langeberg,2023,6002,Inventory Consumed,10244222.0
WC026,Langeberg,2023,6003,Contracted Services,19565243.0
WC031,Theewaterskloof,2023,6001,Employee Related Costs,65480158.0
WC031,Theewaterskloof,2023,6002,Inventory Consumed,9144909.0
WC031,Theewaterskloof,2023,6003,Contracted Services,26345290.0
WC031,Theewaterskloof,2023,6004,Operational Costs,28400965.0
WC033,Cape Agulhas,2023,6001,Employee Related Costs,51350035.0
WC033,Cape Agulhas,2023,6002,Inventory Consumed,9275711.0
WC033,Cape Agulhas,2023,6003,Contracted Services,12986851.0
WC033,Cape Agulhas,2023,6004,Operational Costs,9184062.0
WC034,Swellendam,2023,6001,Employee Related Costs,9742364.0
WC034,Swellendam,2023,6002,Inventory Consumed,5002242.0
WC034,Swellendam,2023,6003,Contracted Services,12140054.0
WC034,Swellendam,2023,6004,Operational Costs,551857.0
WC042,Hessequa,2023,6001,Employee Related Costs,71240035.0
WC042,Hessequa,2023,6002,Inventory Consumed,7653005.0
WC042,Hessequa,2023,6003,Contracted Services,14497021.0
WC042,Hessequa,2023,6004,Operational Costs,1379243.0
WC043,Mossel Bay,2023,6001,Employee Related Costs,54707474.0
WC043,Mossel Bay,2023,6002,Inventory Consumed,12390576.0
WC043,Mossel Bay,2023,6003,Contracted Services,47867433.0
WC043,Mossel Bay,2023,6004,Operational Costs,888736.0
WC044,George,2023,6002,Inventory Consumed,29519254.0
WC044,George,2023,6003,Contracted Services,191669839.0
WC045,Oudtshoorn,2023,6002,Inventory Consumed,21772379.0
WC045,Oudtshoorn,2023,6003,Contracted Services,706368.0
WC045,Oudtshoorn,2023,6004,Operational Costs,835331.0
WC047,Bitou,2023,6002,Inventory Consumed,5374502.0
WC047,Bitou,2023,6003,Contracted Services,29072116.0
WC047,Bitou,2023,6004,Operational Costs,5946594.0
WC048,Knysna,2023,6003,Contracted Services,57319175.0
WC048,Knysna,2023,6004,Operational Costs,77999.0
WC051,Laingsburg,2023,6003,Contracted Services,1915694.0
WC052,Prince Albert,2023,6001,Employee Related Costs,9382074.0
WC052,Prince Albert,2023,6002,Inventory Consumed,319056.0
WC052,Prince Albert,2023,6003,Contracted Services,4056208.0
WC052,Prince Albert,2023,6004,Operational Costs,6645260.0
WC053,Beaufort West,2023,6001,Employee Related Costs,1861590.0
WC053,Beaufort West,2023,6002,Inventory Consumed,37566.0
WC053,Beaufort West,2023,6003,Contracted Services,1836913.0
WC053,Beaufort West,2023,6004,Operational Costs,339747.0
BUF,Buffalo City,2024,6002,Inventory Consumed,6100817.0
BUF,Buffalo City,2024,6003,Contracted Services,465778492.0
BUF,Buffalo City,2024,6004,Operational Costs,19327010.0
CPT,Cape Town,2024,6002,Inventory Consumed,186455408.0
CPT,Cape Town,2024,6003,Contracted Services,1104659947.0
CPT,Cape Town,2024,6004,Operational Costs,41088454.0
DC1,West Coast,2024,6002,Inventory Consumed,3707998.0
DC1,West Coast,2024,6003,Contracted Services,10121284.0
DC1,West Coast,2024,6004,Operational Costs,68348.0
DC10,Sarah Baartman,2024,6003,Contracted Services,576900.0
DC10,Sarah Baartman,2024,6004,Operational Costs,346085.0
DC12,Amathole,2024,6002,Inventory Consumed,9793209.0
DC12,Amathole,2024,6003,Contracted Services,36096260.0
DC12,Amathole,2024,6004,Operational Costs,970673.0
DC13,Chris Hani,2024,6003,Contracted Services,69923431.0
DC14,Joe Gqabi,2024,6002,Inventory Consumed,3041047.0
DC14,Joe Gqabi,2024,6003,Contracted Services,16712774.0
DC14,Joe Gqabi,2024,6004,Operational Costs,51946.0
DC15,O R Tambo,2024,6003,Contracted Services,64934556.0
DC15,O R Tambo,2024,6004,Operational Costs,21790679.0
DC16,Xhariep,2024,6003,Contracted Services,633070.0
DC18,Lejweleputswa,2024,6003,Contracted Services,3889806.0
DC2,Cape Winelands DM,2024,6001,Employee Related Costs,2004862.0
DC2,Cape Winelands DM,2024,6002,Inventory Consumed,18992.0
DC2,Cape Winelands DM,2024,6003,Contracted Services,8447703.0
DC2,Cape Winelands DM,2024,6004,Operational Costs,61063.0
DC20,Fezile Dabi,2024,6002,Inventory Consumed,32119.0
DC20,Fezile Dabi,2024,6003,Contracted Services,1004829.0
DC21,Ugu,2024,6002,Inventory Consumed,39620.0
DC21,Ugu,2024,6003,Contracted Services,130042985.0
DC21,Ugu,2024,6004,Operational Costs,2076386.0
DC22,uMgungundlovu,2024,6002,Inventory Consumed,4313880.0
DC22,uMgungundlovu,2024,6003,Contracted Services,23538764.0
DC22,uMgungundlovu,2024,6004,Operational Costs,4122197.0
DC23,Uthukela,2024,6003,Contracted Services,105174466.0
DC24,Umzinyathi,2024,6002,Inventory Consumed,20122753.0
DC24,Umzinyathi,2024,6003,Contracted Services,62244254.0
DC24,Umzinyathi,2024,6004,Operational Costs,1524821.0
DC25,Amajuba,2024,6003,Contracted Services,2483725.0
DC26,Zululand,2024,6002,Inventory Consumed,4509421.0
DC26,Zululand,2024,6003,Contracted Services,125010109.0
DC26,Zululand,2024,6004,Operational Costs,35285245.0
DC27,Umkhanyakude,2024,6003,Contracted Services,34641794.0
DC27,Umkhanyakude,2024,6004,Operational Costs,3799971.0
DC28,King Cetshwayo,2024,6001,Employee Related Costs,88147038.0
DC28,King Cetshwayo,2024,6002,Inventory Consumed,6376251.0
DC28,King Cetshwayo,2024,6003,Contracted Services,88368690.0
DC28,King Cetshwayo,2024,6004,Operational Costs,2579697.0
DC29,iLembe,2024,6002,Inventory Consumed,11705627.0
DC29,iLembe,2024,6003,Contracted Services,110047617.0
DC29,iLembe,2024,6004,Operational Costs,2355989.0
DC3,Overberg,2024,6001,Employee Related Costs,137681.0
DC3,Overberg,2024,6002,Inventory Consumed,546905.0
DC3,Overberg,2024,6003,Contracted Services,12409411.0
DC3,Overberg,2024,6004,Operational Costs,180459.0
DC30,Gert Sibande,2024,6003,Contracted Services,15390221.0
DC30,Gert Sibande,2024,6004,Operational Costs,52556715.0
DC31,Nkangala,2024,6003,Contracted Services,20115509.0
DC31,Nkangala,2024,6004,Operational Costs,18916950.0
DC32,Ehlanzeni,2024,6002,Inventory Consumed,1810872.0
DC32,Ehlanzeni,2024,6003,Contracted Services,13196150.0
DC33,Mopani,2024,6002,Inventory Consumed,69301080.0
DC33,Mopani,2024,6003,Contracted Services,19170428.0
DC33,Mopani,2024,6004,Operational Costs,699330.0
DC34,Vhembe,2024,6003,Contracted Services,135125004.0
DC34,Vhembe,2024,6004,Operational Costs,338771.0
DC35,Capricorn,2024,6003,Contracted Services,25546195.0
DC37,Bojanala Platinum,2024,6003,Contracted Services,812494.0
DC38,Ngaka Modiri Molema,2024,6002,Inventory Consumed,17032705.0
DC38,Ngaka Modiri Molema,2024,6003,Contracted Services,84301739.0
DC39,Dr Ruth Segomotsi Mompati,2024,6003,Contracted Services,13520479.0
DC4,Garden Route,2024,6002,Inventory Consumed,55017.0
DC4,Garden Route,2024,6003,Contracted Services,2322814.0
DC4,Garden Route,2024,6004,Operational Costs,374539.0
DC40,Dr Kenneth Kaunda,2024,6003,Contracted Services,1084873.0
DC42,Sedibeng,2024,6003,Contracted Services,2260817.0
DC42,Sedibeng,2024,6004,Operational Costs,570623.0
DC43,Harry Gwala,2024,6003,Contracted Services,43781492.0
DC44,Alfred Nzo,2024,6002,Inventory Consumed,656309.0
DC44,Alfred Nzo,2024,6003,Contracted Services,99794690.0
DC45,John Taolo Gaetsewe,2024,6003,Contracted Services,158370.0
DC47,Sekhukhune,2024,6002,Inventory Consumed,14231767.0
DC47,Sekhukhune,2024,6003,Contracted Services,28740913.0
DC47,Sekhukhune,2024,6004,Operational Costs,10023733.0
DC48,West Rand,2024,6003,Contracted Services,4278749.0
DC5,Central Karoo,2024,6002,Inventory Consumed,1680152.0
DC5,Central Karoo,2024,6003,Contracted Services,1668974.0
DC5,Central Karoo,2024,6004,Operational Costs,405770.0
DC6,Namakwa,2024,6003,Contracted Services,363464.0
DC6,Namakwa,2024,6004,Operational Costs,11584.0
DC7,Pixley Ka Seme (NC),2024,6003,Contracted Services,356507.0
DC8,Z F Mgcawu,2024,6003,Contracted Services,490614.0
DC9,Frances Baard,2024,6003,Contracted Services,4108024.0
EC101,Dr Beyers Naude,2024,6003,Contracted Services,16899955.0
EC101,Dr Beyers Naude,2024,6004,Operational Costs,20436878.0
EC102,Blue Crane Route,2024,6002,Inventory Consumed,178833.0
EC102,Blue Crane Route,2024,6003,Contracted Services,3599504.0
EC102,Blue Crane Route,2024,6004,Operational Costs,142712.0
EC104,Makana,2024,6002,Inventory Consumed,405448.0
EC104,Makana,2024,6003,Contracted Services,10907323.0
EC105,Ndlambe,2024,6003,Contracted Services,32587693.0
EC106,Sundays River Valley,2024,6002,Inventory Consumed,257449.0
EC106,Sundays River Valley,2024,6003,Contracted Services,18697255.0
EC106,Sundays River Valley,2024,6004,Operational Costs,302858.0
EC108,Kouga,2024,6002,Inventory Consumed,21195749.0
EC108,Kouga,2024,6003,Contracted Services,26464452.0
EC108,Kouga,2024,6004,Operational Costs,6709055.0
EC121,Mbhashe,2024,6001,Employee Related Costs,57869.0
EC121,Mbhashe,2024,6003,Contracted Services,39615561.0
EC121,Mbhashe,2024,6004,Operational Costs,5764973.0
EC123,Great Kei,2024,6002,Inventory Consumed,92566.0
EC123,Great Kei,2024,6003,Contracted Services,246886.0
EC124,Amahlathi,2024,6003,Contracted Services,3716751.0
EC126,Ngqushwa,2024,6003,Contracted Services,18842833.0
EC126,Ngqushwa,2024,6004,Operational Costs,5989.0
EC129,Raymond Mhlaba,2024,6003,Contracted Services,13719465.0
EC131,Inxuba Yethemba,2024,6002,Inventory Consumed,4017270.0
EC131,Inxuba Yethemba,2024,6004,Operational Costs,564728.0
EC135,Vuyisile Mini,2024,6002,Inventory Consumed,328270.0
EC135,Vuyisile Mini,2024,6003,Contracted Services,7032647.0
EC135,Vuyisile Mini,2024,6004,Operational Costs,42300.0
EC136,Emalahleni (EC),2024,6002,Inventory Consumed,1285694.0
EC136,Emalahleni (EC),2024,6003,Contracted Services,23690015.0
EC136,Emalahleni (EC),2024,6004,Operational Costs,6566819.0
EC137,Dr. A.B. Xuma,2024,6003,Contracted Services,6254084.0
EC138,Sakhisizwe,2024,6003,Contracted Services,5962516.0
EC138,Sakhisizwe,2024,6004,Operational Costs,225703.0
EC139,Enoch Mgijima,2024,6002,Inventory Consumed,7087567.0
EC139,Enoch Mgijima,2024,6003,Contracted Services,22038676.0
EC139,Enoch Mgijima,2024,6004,Operational Costs,92248518.0
EC141,Elundini,2024,6003,Contracted Services,8823353.0
EC142,Senqu,2024,6002,Inventory Consumed,3649083.0
EC142,Senqu,2024,6003,Contracted Services,6960124.0
EC142,Senqu,2024,6004,Operational Costs,258872.0
EC145,Walter Sisulu,2024,6003,Contracted Services,2296779.0
EC153,Ngquza Hills,2024,6003,Contracted Services,19842030.0
EC153,Ngquza Hills,2024,6004,Operational Costs,5167849.0
EC154,Port St Johns,2024,6002,Inventory Consumed,597102.0
EC154,Port St Johns,2024,6003,Contracted Services,9494514.0
EC154,Port St Johns,2024,6004,Operational Costs,40090.0
EC155,Nyandeni,2024,6002,Inventory Consumed,2341604.0
EC155,Nyandeni,2024,6003,Contracted Services,32113557.0
EC155,Nyandeni,2024,6004,Operational Costs,327905.0
EC156,Kumkani Mhlontlo,2024,6003,Contracted Services,2182544.0
EC156,Kumkani Mhlontlo,2024,6004,Operational Costs,59938490.0
EC157,King Sabata Dalindyebo,2024,6002,Inventory Consumed,19746771.0
EC157,King Sabata Dalindyebo,2024,6003,Contracted Services,72299077.0
EC157,King Sabata Dalindyebo,2024,6004,Operational Costs,910993.0
EC441,Matatiele,2024,6002,Inventory Consumed,2501023.0
EC441,Matatiele,2024,6003,Contracted Services,15803509.0
EC442,Umzimvubu,2024,6003,Contracted Services,17724840.0
EC442,Umzimvubu,2024,6004,Operational Costs,3355750.0
EC443,Winnie Madikizela-Mandela,2024,6001,Employee Related Costs,8396.0
EC443,Winnie Madikizela-Mandela,2024,6002,Inventory Consumed,52211.0
EC443,Winnie Madikizela-Mandela,2024,6003,Contracted Services,21305804.0
EC444,Ntabankulu,2024,6003,Contracted Services,4240398.0
EKU,City of Ekurhuleni,2024,6002,Inventory Consumed,1387184034.0
EKU,City of Ekurhuleni,2024,6003,Contracted Services,2116158590.0
ETH,eThekwini,2024,6001,Employee Related Costs,11258.0
ETH,eThekwini,2024,6002,Inventory Consumed,1122092420.0
ETH,eThekwini,2024,6003,Contracted Services,2848533791.0
ETH,eThekwini,2024,6004,Operational Costs,90864618.0
FS161,Letsemeng,2024,6003,Contracted Services,2173357.0
FS161,Letsemeng,2024,6004,Operational Costs,321500.0
FS162,Kopanong,2024,6003,Contracted Services,304131.0
FS163,Mohokare,2024,6002,Inventory Consumed,61526.0
FS163,Mohokare,2024,6003,Contracted Services,1511828.0
FS182,Tokologo,2024,6002,Inventory Consumed,4240891.0
FS182,Tokologo,2024,6003,Contracted Services,1542698.0
FS183,Tswelopele,2024,6002,Inventory Consumed,151754.0
FS183,Tswelopele,2024,6003,Contracted Services,15749837.0
FS184,Matjhabeng,2024,6002,Inventory Consumed,30252953.0
FS184,Matjhabeng,2024,6003,Contracted Services,17280213.0
FS184,Matjhabeng,2024,6004,Operational Costs,78826.0
FS191,Setsoto,2024,6002,Inventory Consumed,5157170.0
FS191,Setsoto,2024,6003,Contracted Services,14892208.0
FS191,Setsoto,2024,6004,Operational Costs,337260.0
FS192,Dihlabeng,2024,6002,Inventory Consumed,2633990.0
FS192,Dihlabeng,2024,6003,Contracted Services,13872929.0
FS192,Dihlabeng,2024,6004,Operational Costs,733176.0
FS193,Nketoana,2024,6001,Employee Related Costs,1100330.0
FS193,Nketoana,2024,6003,Contracted Services,6309332.0
FS194,Maluti-a-Phofung,2024,6002,Inventory Consumed,8376583.0
FS194,Maluti-a-Phofung,2024,6003,Contracted Services,37692113.0
FS195,Phumelela,2024,6002,Inventory Consumed,59370.0
FS195,Phumelela,2024,6003,Contracted Services,6398552.0
FS195,Phumelela,2024,6004,Operational Costs,-7065148.0
FS201,Moqhaka,2024,6003,Contracted Services,51875570.0
FS201,Moqhaka,2024,6004,Operational Costs,44460171.0
FS203,Ngwathe,2024,6002,Inventory Consumed,58057843.0
FS204,Metsimaholo,2024,6002,Inventory Consumed,13640189.0
FS204,Metsimaholo,2024,6003,Contracted Services,20720029.0
FS204,Metsimaholo,2024,6004,Operational Costs,10216025.0
GT421,Emfuleni,2024,6001,Employee Related Costs,233221751.0
GT421,Emfuleni,2024,6002,Inventory Consumed,17094167.0
GT421,Emfuleni,2024,6003,Contracted Services,438528732.0
GT421,Emfuleni,2024,6004,Operational Costs,54254425.0
GT422,Midvaal,2024,6001,Employee Related Costs,90515077.0
GT422,Midvaal,2024,6002,Inventory Consumed,142835.0
GT422,Midvaal,2024,6003,Contracted Services,84297524.0
GT422,Midvaal,2024,6004,Operational Costs,11362985.0
GT423,Lesedi,2024,6002,Inventory Consumed,34948611.0
GT423,Lesedi,2024,6003,Contracted Services,11700004.0
GT423,Lesedi,2024,6004,Operational Costs,6302627.0
GT481,Mogale City,2024,6001,Employee Related Costs,194082409.0
GT481,Mogale City,2024,6002,Inventory Consumed,586399.0
GT481,Mogale City,2024,6003,Contracted Services,37395530.0
GT481,Mogale City,2024,6004,Operational Costs,64771025.0
GT484,Merafong City,2024,6003,Contracted Services,2872476.0
GT485,Rand West City,2024,6003,Contracted Services,78231625.0
JHB,City of Johannesburg,2024,6001,Employee Related Costs,9975336.0
JHB,City of Johannesburg,2024,6004,Operational Costs,1670904096.0
KZN212,Umdoni,2024,6002,Inventory Consumed,2557527.0
KZN212,Umdoni,2024,6003,Contracted Services,49582478.0
KZN213,Umzumbe,2024,6003,Contracted Services,10195001.0
KZN214,uMuziwabantu,2024,6003,Contracted Services,17649188.0
KZN214,uMuziwabantu,2024,6004,Operational Costs,2536661.0
KZN216,Ray Nkonyeni,2024,6001,Employee Related Costs,27077931.0
KZN216,Ray Nkonyeni,2024,6002,Inventory Consumed,244943.0
KZN216,Ray Nkonyeni,2024,6003,Contracted Services,66153272.0
KZN216,Ray Nkonyeni,2024,6004,Operational Costs,14735369.0
KZN221,uMshwathi,2024,6002,Inventory Consumed,169057.0
KZN221,uMshwathi,2024,6003,Contracted Services,18890311.0
KZN221,uMshwathi,2024,6004,Operational Costs,4930.0
KZN222,uMngeni,2024,6002,Inventory Consumed,496640.0
KZN222,uMngeni,2024,6003,Contracted Services,21480750.0
KZN222,uMngeni,2024,6004,Operational Costs,98960.0
KZN223,Mpofana,2024,6002,Inventory Consumed,19865640.0
KZN223,Mpofana,2024,6004,Operational Costs,1417916.0
KZN224,Impendle,2024,6003,Contracted Services,745759.0
KZN224,Impendle,2024,6004,Operational Costs,906960.0
KZN226,Mkhambathini,2024,6003,Contracted Services,22384781.0
KZN227,Richmond,2024,6002,Inventory Consumed,1226946.0
KZN227,Richmond,2024,6003,Contracted Services,4254653.0
KZN227,Richmond,2024,6004,Operational Costs,7790083.0
KZN235,Okhahlamba,2024,6003,Contracted Services,16590989.0
KZN237,Inkosi Langalibalele,2024,6002,Inventory Consumed,5767108.0
KZN237,Inkosi Langalibalele,2024,6003,Contracted Services,28475462.0
KZN238,Alfred Duma,2024,6001,Employee Related Costs,9685504.0
KZN238,Alfred Duma,2024,6002,Inventory Consumed,26457189.0
KZN238,Alfred Duma,2024,6003,Contracted Services,40264504.0
KZN238,Alfred Duma,2024,6004,Operational Costs,821159.0
KZN241,Endumeni,2024,6003,Contracted Services,14873715.0
KZN242,Nquthu,2024,6002,Inventory Consumed,3145561.0
KZN242,Nquthu,2024,6003,Contracted Services,29695401.0
KZN242,Nquthu,2024,6004,Operational Costs,7211305.0
KZN244,Msinga,2024,6003,Contracted Services,21110774.0
KZN245,Umvoti,2024,6002,Inventory Consumed,20784.0
KZN245,Umvoti,2024,6003,Contracted Services,11161853.0
KZN252,Newcastle,2024,6003,Contracted Services,60090279.0
KZN252,Newcastle,2024,6004,Operational Costs,8274223.0
KZN253,Emadlangeni,2024,6002,Inventory Consumed,307547.0
KZN253,Emadlangeni,2024,6003,Contracted Services,920238.0
KZN254,Dannhauser,2024,6003,Contracted Services,26705571.0
KZN261,eDumbe,2024,6003,Contracted Services,7410028.0
KZN262,uPhongolo,2024,6002,Inventory Consumed,3242288.0
KZN263,Abaqulusi,2024,6002,Inventory Consumed,27592238.0
KZN263,Abaqulusi,2024,6003,Contracted Services,53106140.0
KZN265,Nongoma,2024,6002,Inventory Consumed,459226.0
KZN265,Nongoma,2024,6003,Contracted Services,25007351.0
KZN265,Nongoma,2024,6004,Operational Costs,3600.0
KZN266,Ulundi,2024,6002,Inventory Consumed,172125.0
KZN266,Ulundi,2024,6003,Contracted Services,12122951.0
KZN266,Ulundi,2024,6004,Operational Costs,5553.0
KZN271,Umhlabuyalingana,2024,6003,Contracted Services,36706720.0
KZN272,Jozini,2024,6003,Contracted Services,4215421.0
KZN275,Mtubatuba,2024,6003,Contracted Services,4743084.0
KZN276,Hlabisa Big Five,2024,6003,Contracted Services,13655869.0
KZN276,Hlabisa Big Five,2024,6004,Operational Costs,1043765.0
KZN281,Mfolozi,2024,6003,Contracted Services,16801948.0
KZN282,uMhlathuze,2024,6002,Inventory Consumed,89872326.0
KZN282,uMhlathuze,2024,6003,Contracted Services,122183231.0
KZN282,uMhlathuze,2024,6004,Operational Costs,5158924.0
KZN284,uMlalazi,2024,6001,Employee Related Costs,25971869.0
KZN284,uMlalazi,2024,6002,Inventory Consumed,5779297.0
KZN284,uMlalazi,2024,6003,Contracted Services,7174301.0
KZN285,Mthonjaneni,2024,6003,Contracted Services,3753464.0
KZN285,Mthonjaneni,2024,6004,Operational Costs,6687680.0
KZN286,Nkandla,2024,6002,Inventory Consumed,3271176.0
KZN286,Nkandla,2024,6003,Contracted Services,2315884.0
KZN286,Nkandla,2024,6004,Operational Costs,16626.0
KZN291,Mandeni,2024,6003,Contracted Services,21486098.0
KZN292,KwaDukuza,2024,6002,Inventory Consumed,7931855.0
KZN292,KwaDukuza,2024,6003,Contracted Services,81106326.0
KZN293,Ndwedwe,2024,6003,Contracted Services,7133825.0
KZN294,Maphumulo,2024,6002,Inventory Consumed,44679.0
KZN294,Maphumulo,2024,6003,Contracted Services,7470166.0
KZN294,Maphumulo,2024,6004,Operational Costs,383158.0
KZN433,Greater Kokstad,2024,6002,Inventory Consumed,537076.0
KZN433,Greater Kokstad,2024,6003,Contracted Services,30190101.0
KZN434,Johannes Phumani Phungula,2024,6001,Employee Related Costs,2466189.0
KZN434,Johannes Phumani Phungula,2024,6003,Contracted Services,6134784.0
KZN434,Johannes Phumani Phungula,2024,6004,Operational Costs,1701566.0
KZN435,Umzimkhulu,2024,6003,Contracted Services,15337343.0
KZN436,Dr Nkosazana Dlamini Zuma,2024,6003,Contracted Services,17808399.0
LIM331,Greater Giyani,2024,6002,Inventory Consumed,7598425.0
LIM331,Greater Giyani,2024,6003,Contracted Services,18214232.0
LIM332,Greater Letaba,2024,6003,Contracted Services,31764924.0
LIM333,Greater Tzaneen,2024,6002,Inventory Consumed,79081640.0
LIM333,Greater Tzaneen,2024,6003,Contracted Services,2670906.0
LIM333,Greater Tzaneen,2024,6004,Operational Costs,50015200.0
LIM334,Ba-Phalaborwa,2024,6002,Inventory Consumed,14635512.0
LIM334,Ba-Phalaborwa,2024,6003,Contracted Services,13084495.0
LIM335,Maruleng,2024,6002,Inventory Consumed,141843.0
LIM335,Maruleng,2024,6003,Contracted Services,6743999.0
LIM341,Musina,2024,6002,Inventory Consumed,742128.0
LIM341,Musina,2024,6003,Contracted Services,8519467.0
LIM343,Thulamela,2024,6002,Inventory Consumed,11452179.0
LIM343,Thulamela,2024,6003,Contracted Services,110928535.0
LIM344,Makhado,2024,6002,Inventory Consumed,21917791.0
LIM344,Makhado,2024,6003,Contracted Services,15262881.0
LIM344,Makhado,2024,6004,Operational Costs,366378.0
LIM345,Collins Chabane,2024,6003,Contracted Services,31564343.0
LIM351,Blouberg,2024,6003,Contracted Services,9886443.0
LIM351,Blouberg,2024,6004,Operational Costs,190338.0
LIM353,Molemole,2024,6003,Contracted Services,14636289.0
LIM354,Polokwane,2024,6001,Employee Related Costs,251183378.0
LIM354,Polokwane,2024,6002,Inventory Consumed,41256783.0
LIM354,Polokwane,2024,6003,Contracted Services,434293392.0
LIM354,Polokwane,2024,6004,Operational Costs,15669692.0
LIM355,Lepelle-Nkumpi,2024,6002,Inventory Consumed,233709.0
LIM355,Lepelle-Nkumpi,2024,6003,Contracted Services,4439526.0
LIM361,Thabazimbi,2024,6002,Inventory Consumed,12695518.0
LIM361,Thabazimbi,2024,6003,Contracted Services,28441154.0
LIM362,Lephalale,2024,6002,Inventory Consumed,10155344.0
LIM362,Lephalale,2024,6003,Contracted Services,7551043.0
LIM362,Lephalale,2024,6004,Operational Costs,812320.0
LIM366,Bela Bela,2024,6002,Inventory Consumed,4036708.0
LIM366,Bela Bela,2024,6003,Contracted Services,5332886.0
LIM367,Mogalakwena,2024,6002,Inventory Consumed,5224442.0
LIM367,Mogalakwena,2024,6003,Contracted Services,36513962.0
LIM368,Modimolle-Mookgopong,2024,6001,Employee Related Costs,78914.0
LIM368,Modimolle-Mookgopong,2024,6002,Inventory Consumed,3114354.0
LIM368,Modimolle-Mookgopong,2024,6003,Contracted Services,29920477.0
LIM368,Modimolle-Mookgopong,2024,6004,Operational Costs,28883.0
LIM471,Ephraim Mogale,2024,6003,Contracted Services,19173047.0
LIM472,Elias Motsoaledi,2024,6002,Inventory Consumed,27411515.0
LIM472,Elias Motsoaledi,2024,6003,Contracted Services,10260000.0
LIM473,Makhuduthamaga,2024,6003,Contracted Services,38834166.0
LIM476,Tubatse Fetakgomo,2024,6003,Contracted Services,46278352.0
MAN,Mangaung,2024,6001,Employee Related Costs,411652127.0
MAN,Mangaung,2024,6002,Inventory Consumed,27261132.0
MAN,Mangaung,2024,6003,Contracted Services,148478705.0
MAN,Mangaung,2024,6004,Operational Costs,8060517.0
MP301,Albert Luthuli,2024,6002,Inventory Consumed,7189289.0
MP301,Albert Luthuli,2024,6003,Contracted Services,38776649.0
MP301,Albert Luthuli,2024,6004,Operational Costs,1501729.0
MP302,Msukaligwa,2024,6002,Inventory Consumed,62217651.0
MP302,Msukaligwa,2024,6003,Contracted Services,9729035.0
MP303,Mkhondo,2024,6002,Inventory Consumed,37806968.0
MP303,Mkhondo,2024,6003,Contracted Services,54522528.0
MP303,Mkhondo,2024,6004,Operational Costs,3881010.0
MP304,Pixley Ka Seme (MP),2024,6003,Contracted Services,26757732.0
MP305,Lekwa,2024,6002,Inventory Consumed,434847.0
MP305,Lekwa,2024,6003,Contracted Services,39751353.0
MP306,Dipaleseng,2024,6003,Contracted Services,31198758.0
MP307,Govan Mbeki,2024,6002,Inventory Consumed,11855573.0
MP307,Govan Mbeki,2024,6003,Contracted Services,93511197.0
MP307,Govan Mbeki,2024,6004,Operational Costs,265957.0
MP311,Victor Khanye,2024,6003,Contracted Services,41185813.0
MP313,Steve Tshwete,2024,6002,Inventory Consumed,31615237.0
MP313,Steve Tshwete,2024,6003,Contracted Services,127356284.0
MP313,Steve Tshwete,2024,6004,Operational Costs,25944216.0
MP314,Emakhazeni,2024,6002,Inventory Consumed,6385957.0
MP314,Emakhazeni,2024,6003,Contracted Services,5307703.0
MP315,Thembisile Hani,2024,6002,Inventory Consumed,541511.0
MP315,Thembisile Hani,2024,6003,Contracted Services,79143829.0
MP316,Dr J.S. Moroka,2024,6003,Contracted Services,69683252.0
MP316,Dr J.S. Moroka,2024,6004,Operational Costs,4696059.0
MP321,Thaba Chweu,2024,6003,Contracted Services,79250985.0
MP324,Nkomazi,2024,6002,Inventory Consumed,19761545.0
MP324,Nkomazi,2024,6003,Contracted Services,40986696.0
MP324,Nkomazi,2024,6004,Operational Costs,3018172.0
MP325,Bushbuckridge,2024,6002,Inventory Consumed,69942.0
MP325,Bushbuckridge,2024,6003,Contracted Services,69081067.0
MP325,Bushbuckridge,2024,6004,Operational Costs,107031772.0
MP326,City of Mbombela,2024,6001,Employee Related Costs,131448236.0
MP326,City of Mbombela,2024,6002,Inventory Consumed,39462496.0
MP326,City of Mbombela,2024,6003,Contracted Services,292564882.0
MP326,City of Mbombela,2024,6004,Operational Costs,8613.0
NC061,Richtersveld,2024,6003,Contracted Services,3407843.0
NC062,Nama Khoi,2024,6002,Inventory Consumed,3733313.0
NC062,Nama Khoi,2024,6003,Contracted Services,9931314.0
NC064,Kamiesberg,2024,6002,Inventory Consumed,217250.0
NC065,Hantam,2024,6002,Inventory Consumed,2690529.0
NC065,Hantam,2024,6003,Contracted Services,6697758.0
NC065,Hantam,2024,6004,Operational Costs,483.0
NC066,Karoo Hoogland,2024,6003,Contracted Services,1269050.0
NC066,Karoo Hoogland,2024,6004,Operational Costs,-56292.0
NC067,Khai-Ma,2024,6003,Contracted Services,1289259.0
NC067,Khai-Ma,2024,6004,Operational Costs,156773.0
NC071,Ubuntu,2024,6003,Contracted Services,3032708.0
NC072,Umsobomvu,2024,6003,Contracted Services,5253604.0
NC073,Emthanjeni,2024,6003,Contracted Services,957929.0
NC075,Renosterberg,2024,6002,Inventory Consumed,1493234.0
NC075,Renosterberg,2024,6004,Operational Costs,150950.0
NC076,Thembelihle,2024,6002,Inventory Consumed,1130482.0
NC076,Thembelihle,2024,6003,Contracted Services,649328.0
NC076,Thembelihle,2024,6004,Operational Costs,2604.0
NC077,Siyathemba,2024,6004,Operational Costs,5798703.0
NC078,Siyancuma,2024,6002,Inventory Consumed,1279666.0
NC078,Siyancuma,2024,6003,Contracted Services,2299093.0
NC084,!Kheis,2024,6003,Contracted Services,265193.0
NC084,!Kheis,2024,6004,Operational Costs,29878.0
NC085,Tsantsabane,2024,6002,Inventory Consumed,25271753.0
NC085,Tsantsabane,2024,6003,Contracted Services,5960097.0
NC085,Tsantsabane,2024,6004,Operational Costs,81768613.0
NC087,Dawid Kruiper,2024,6002,Inventory Consumed,3324598.0
NC087,Dawid Kruiper,2024,6003,Contracted Services,2936065.0
NC087,Dawid Kruiper,2024,6004,Operational Costs,5123.0
NC091,Sol Plaatje,2024,6001,Employee Related Costs,170575496.0
NC091,Sol Plaatje,2024,6002,Inventory Consumed,156327167.0
NC091,Sol Plaatje,2024,6003,Contracted Services,-929057.0
NC091,Sol Plaatje,2024,6004,Operational Costs,5951620.0
NC093,Magareng,2024,6002,Inventory Consumed,2719463.0
NC093,Magareng,2024,6003,Contracted Services,2086.0
NC451,Joe Morolong,2024,6002,Inventory Consumed,8606385.0
NC451,Joe Morolong,2024,6003,Contracted Services,4917548.0
NC452,Ga-Segonyana,2024,6002,Inventory Consumed,17989092.0
NC452,Ga-Segonyana,2024,6004,Operational Costs,381136.0
NC453,Gamagara,2024,6002,Inventory Consumed,3000202.0
NC453,Gamagara,2024,6003,Contracted Services,18975385.0
NC453,Gamagara,2024,6004,Operational Costs,28158748.0
NMA,Nelson Mandela Bay,2024,6001,Employee Related Costs,3383.0
NMA,Nelson Mandela Bay,2024,6002,Inventory Consumed,106707089.0
NMA,Nelson Mandela Bay,2024,6003,Contracted Services,351061416.0
NMA,Nelson Mandela Bay,2024,6004,Operational Costs,183789.0
NW371,Moretele,2024,6003,Contracted Services,17121569.0
NW372,Madibeng,2024,6002,Inventory Consumed,96012.0
NW372,Madibeng,2024,6003,Contracted Services,192946628.0
NW372,Madibeng,2024,6004,Operational Costs,1722.0
NW373,Rustenburg,2024,6003,Contracted Services,90004863.0
NW374,Kgetlengrivier,2024,6002,Inventory Consumed,6272444.0
NW374,Kgetlengrivier,2024,6003,Contracted Services,16560538.0
NW375,Moses Kotane,2024,6003,Contracted Services,48592985.0
NW375,Moses Kotane,2024,6004,Operational Costs,4469541.0
NW382,Tswaing,2024,6002,Inventory Consumed,574223.0
NW382,Tswaing,2024,6003,Contracted Services,10724547.0
NW382,Tswaing,2024,6004,Operational Costs,910.0
NW383,Mafikeng,2024,6002,Inventory Consumed,949669.0
NW383,Mafikeng,2024,6003,Contracted Services,30850318.0
NW383,Mafikeng,2024,6004,Operational Costs,738754.0
NW384,Ditsobotla,2024,6003,Contracted Services,7999522.0
NW392,Naledi (NW),2024,6002,Inventory Consumed,782609.0
NW392,Naledi (NW),2024,6003,Contracted Services,3262734.0
NW393,Mamusa,2024,6002,Inventory Consumed,25371.0
NW393,Mamusa,2024,6003,Contracted Services,1006875.0
NW396,Lekwa-Teemane,2024,6003,Contracted Services,8790043.0
NW397,Kagisano-Molopo,2024,6001,Employee Related Costs,15490.0
NW397,Kagisano-Molopo,2024,6004,Operational Costs,108139.0
NW403,City of Matlosana,2024,6002,Inventory Consumed,98548884.0
NW403,City of Matlosana,2024,6003,Contracted Services,6307153.0
NW404,Maquassi Hills,2024,6002,Inventory Consumed,34220226.0
NW404,Maquassi Hills,2024,6003,Contracted Services,6216169.0
NW405,J B Marks,2024,6002,Inventory Consumed,24691408.0
NW405,J B Marks,2024,6003,Contracted Services,84541126.0
NW405,J B Marks,2024,6004,Operational Costs,235136.0
TSH,City of Tshwane,2024,6002,Inventory Consumed,374833687.0
TSH,City of Tshwane,2024,6003,Contracted Services,524824244.0
TSH,City of Tshwane,2024,6004,Operational Costs,45651120.0
WC011,Matzikama,2024,6002,Inventory Consumed,4624348.0
WC011,Matzikama,2024,6003,Contracted Services,1956132.0
WC011,Matzikama,2024,6004,Operational Costs,325380.0
WC012,Cederberg,2024,6001,Employee Related Costs,16935708.0
WC012,Cederberg,2024,6002,Inventory Consumed,4958548.0
WC012,Cederberg,2024,6003,Contracted Services,6716693.0
WC012,Cederberg,2024,6004,Operational Costs,8116895.0
WC013,Bergrivier,2024,6001,Employee Related Costs,13608254.0
WC013,Bergrivier,2024,6002,Inventory Consumed,5009223.0
WC013,Bergrivier,2024,6003,Contracted Services,6576489.0
WC013,Bergrivier,2024,6004,Operational Costs,1928157.0
WC014,Saldanha Bay,2024,6002,Inventory Consumed,10610880.0
WC014,Saldanha Bay,2024,6003,Contracted Services,61762816.0
WC014,Saldanha Bay,2024,6004,Operational Costs,629988.0
WC015,Swartland,2024,6001,Employee Related Costs,21582046.0
WC015,Swartland,2024,6002,Inventory Consumed,2818422.0
WC015,Swartland,2024,6003,Contracted Services,36721480.0
WC015,Swartland,2024,6004,Operational Costs,5742376.0
WC022,Witzenberg,2024,6002,Inventory Consumed,5870105.0
WC022,Witzenberg,2024,6003,Contracted Services,13960261.0
WC022,Witzenberg,2024,6004,Operational Costs,3503204.0
WC023,Drakenstein,2024,6001,Employee Related Costs,198563708.0
WC023,Drakenstein,2024,6002,Inventory Consumed,22170381.0
WC023,Drakenstein,2024,6003,Contracted Services,94872528.0
WC023,Drakenstein,2024,6004,Operational Costs,319799.0
WC024,Stellenbosch,2024,6002,Inventory Consumed,27957378.0
WC024,Stellenbosch,2024,6003,Contracted Services,97928796.0
WC025,Breede Valley,2024,6002,Inventory Consumed,18350165.0
WC025,Breede Valley,2024,6003,Contracted Services,62472170.0
WC025,Breede Valley,2024,6004,Operational Costs,4460959.0
WC026,Langeberg,2024,6002,Inventory Consumed,14768158.0
WC026,Langeberg,2024,6003,Contracted Services,21126525.0
WC031,Theewaterskloof,2024,6001,Employee Related Costs,72433439.0
WC031,Theewaterskloof,2024,6002,Inventory Consumed,13392482.0
WC031,Theewaterskloof,2024,6003,Contracted Services,31844052.0
WC031,Theewaterskloof,2024,6004,Operational Costs,47451779.0
WC032,Overstrand,2024,6001,Employee Related Costs,122183110.0
WC032,Overstrand,2024,6002,Inventory Consumed,28196141.0
WC032,Overstrand,2024,6003,Contracted Services,114352057.0
WC032,Overstrand,2024,6004,Operational Costs,15725943.0
WC033,Cape Agulhas,2024,6001,Employee Related Costs,60087166.0
WC033,Cape Agulhas,2024,6002,Inventory Consumed,6169042.0
WC033,Cape Agulhas,2024,6003,Contracted Services,11748004.0
WC033,Cape Agulhas,2024,6004,Operational Costs,8365491.0
WC034,Swellendam,2024,6001,Employee Related Costs,11643145.0
WC034,Swellendam,2024,6002,Inventory Consumed,5247963.0
WC034,Swellendam,2024,6003,Contracted Services,15027973.0
WC034,Swellendam,2024,6004,Operational Costs,806285.0
WC041,Kannaland,2024,6001,Employee Related Costs,25259252.0
WC041,Kannaland,2024,6002,Inventory Consumed,4313671.0
WC041,Kannaland,2024,6003,Contracted Services,1480469.0
WC041,Kannaland,2024,6004,Operational Costs,4502411.0
WC042,Hessequa,2024,6001,Employee Related Costs,76785075.0
WC042,Hessequa,2024,6002,Inventory Consumed,9643473.0
WC042,Hessequa,2024,6003,Contracted Services,20183046.0
WC042,Hessequa,2024,6004,Operational Costs,1123490.0
WC043,Mossel Bay,2024,6001,Employee Related Costs,66555977.0
WC043,Mossel Bay,2024,6002,Inventory Consumed,12726009.0
WC043,Mossel Bay,2024,6003,Contracted Services,61446311.0
WC043,Mossel Bay,2024,6004,Operational Costs,2221010.0
WC044,George,2024,6002,Inventory Consumed,23173527.0
WC044,George,2024,6003,Contracted Services,172602931.0
WC044,George,2024,6004,Operational Costs,438234.0
WC045,Oudtshoorn,2024,6002,Inventory Consumed,49186456.0
WC045,Oudtshoorn,2024,6003,Contracted Services,579442.0
WC045,Oudtshoorn,2024,6004,Operational Costs,375702.0
WC047,Bitou,2024,6002,Inventory Consumed,3955359.0
WC047,Bitou,2024,6003,Contracted Services,27978361.0
WC047,Bitou,2024,6004,Operational Costs,7203057.0
WC048,Knysna,2024,6003,Contracted Services,48584255.0
WC051,Laingsburg,2024,6003,Contracted Services,1290436.0
WC052,Prince Albert,2024,6001,Employee Related Costs,10245496.0
WC052,Prince Albert,2024,6002,Inventory Consumed,541519.0
WC052,Prince Albert,2024,6003,Contracted Services,3857451.0
WC052,Prince Albert,2024,6004,Operational Costs,6721265.0
WC053,Beaufort West,2024,6001,Employee Related Costs,1670035.0
WC053,Beaufort West,2024,6002,Inventory Consumed,45842.0
WC053,Beaufort West,2024,6003,Contracted Services,3420816.0
WC053,Beaufort West,2024,6004,Operational Costs,15231.0
BUF,Buffalo City,2025,6002,Inventory Consumed,6797331.0
BUF,Buffalo City,2025,6003,Contracted Services,342806680.0
BUF,Buffalo City,2025,6004,Operational Costs,30333747.0
CPT,Cape Town,2025,6002,Inventory Consumed,88861838.0
CPT,Cape Town,2025,6003,Contracted Services,687938727.0
CPT,Cape Town,2025,6004,Operational Costs,28003237.0
DC1,West Coast,2025,6002,Inventory Consumed,9502617.0
DC1,West Coast,2025,6003,Contracted Services,4157931.0
DC1,West Coast,2025,6004,Operational Costs,175113.0
DC10,Sarah Baartman,2025,6003,Contracted Services,547583.0
DC10,Sarah Baartman,2025,6004,Operational Costs,534854.0
DC13,Chris Hani,2025,6003,Contracted Services,90707180.0
DC14,Joe Gqabi,2025,6002,Inventory Consumed,5636721.0
DC14,Joe Gqabi,2025,6003,Contracted Services,24974100.0
DC14,Joe Gqabi,2025,6004,Operational Costs,93631.0
DC15,O R Tambo,2025,6003,Contracted Services,116000326.0
DC15,O R Tambo,2025,6004,Operational Costs,11780450.0
DC16,Xhariep,2025,6003,Contracted Services,1253372.0
DC18,Lejweleputswa,2025,6003,Contracted Services,2884034.0
DC2,Cape Winelands DM,2025,6001,Employee Related Costs,2430576.0
DC2,Cape Winelands DM,2025,6002,Inventory Consumed,113631.0
DC2,Cape Winelands DM,2025,6003,Contracted Services,6085554.0
DC2,Cape Winelands DM,2025,6004,Operational Costs,13423.0
DC20,Fezile Dabi,2025,6002,Inventory Consumed,88675.0
DC20,Fezile Dabi,2025,6003,Contracted Services,836841.0
DC21,Ugu,2025,6002,Inventory Consumed,-27856.0
DC21,Ugu,2025,6003,Contracted Services,61277758.0
DC21,Ugu,2025,6004,Operational Costs,3283612.0
DC22,uMgungundlovu,2025,6002,Inventory Consumed,3796798.0
DC22,uMgungundlovu,2025,6003,Contracted Services,40675052.0
DC22,uMgungundlovu,2025,6004,Operational Costs,541771.0
DC23,Uthukela,2025,6003,Contracted Services,159215392.0
DC24,Umzinyathi,2025,6002,Inventory Consumed,5969130.0
DC24,Umzinyathi,2025,6003,Contracted Services,20211113.0
DC25,Amajuba,2025,6003,Contracted Services,42549635.0
DC26,Zululand,2025,6002,Inventory Consumed,3732704.0
DC26,Zululand,2025,6003,Contracted Services,121876613.0
DC26,Zululand,2025,6004,Operational Costs,55848542.0
DC27,Umkhanyakude,2025,6003,Contracted Services,16405317.0
DC27,Umkhanyakude,2025,6004,Operational Costs,2448497.0
DC28,King Cetshwayo,2025,6001,Employee Related Costs,92379280.0
DC28,King Cetshwayo,2025,6002,Inventory Consumed,7303651.0
DC28,King Cetshwayo,2025,6003,Contracted Services,101297576.0
DC28,King Cetshwayo,2025,6004,Operational Costs,2698900.0
DC29,iLembe,2025,6002,Inventory Consumed,15224146.0
DC29,iLembe,2025,6003,Contracted Services,83616306.0
DC29,iLembe,2025,6004,Operational Costs,2544399.0
DC3,Overberg,2025,6001,Employee Related Costs,194955.0
DC3,Overberg,2025,6002,Inventory Consumed,479463.0
DC3,Overberg,2025,6003,Contracted Services,9505495.0
DC3,Overberg,2025,6004,Operational Costs,189570.0
DC30,Gert Sibande,2025,6003,Contracted Services,11455468.0
DC30,Gert Sibande,2025,6004,Operational Costs,9986425.0
DC31,Nkangala,2025,6003,Contracted Services,17860728.0
DC31,Nkangala,2025,6004,Operational Costs,45117457.0
DC32,Ehlanzeni,2025,6002,Inventory Consumed,272548.0
DC32,Ehlanzeni,2025,6003,Contracted Services,20219129.0
DC33,Mopani,2025,6002,Inventory Consumed,104277165.0
DC33,Mopani,2025,6003,Contracted Services,13646483.0
DC33,Mopani,2025,6004,Operational Costs,2811337.0
DC34,Vhembe,2025,6003,Contracted Services,114436272.0
DC34,Vhembe,2025,6004,Operational Costs,51689.0
DC35,Capricorn,2025,6001,Employee Related Costs,91410657.0
DC35,Capricorn,2025,6002,Inventory Consumed,8326776.0
DC35,Capricorn,2025,6003,Contracted Services,37268712.0
DC35,Capricorn,2025,6004,Operational Costs,5796055.0
DC38,Ngaka Modiri Molema,2025,6002,Inventory Consumed,26799288.0
DC38,Ngaka Modiri Molema,2025,6003,Contracted Services,7199128.0
DC39,Dr Ruth Segomotsi Mompati,2025,6003,Contracted Services,35196387.0
DC4,Garden Route,2025,6001,Employee Related Costs,7668742.0
DC4,Garden Route,2025,6002,Inventory Consumed,596212.0
DC4,Garden Route,2025,6003,Contracted Services,1955697.0
DC4,Garden Route,2025,6004,Operational Costs,1222115.0
DC40,Dr Kenneth Kaunda,2025,6003,Contracted Services,2101764.0
DC42,Sedibeng,2025,6003,Contracted Services,3900585.0
DC42,Sedibeng,2025,6004,Operational Costs,3936648.0
DC43,Harry Gwala,2025,6003,Contracted Services,40466353.0
DC44,Alfred Nzo,2025,6002,Inventory Consumed,14236039.0
DC44,Alfred Nzo,2025,6003,Contracted Services,100773562.0
DC45,John Taolo Gaetsewe,2025,6003,Contracted Services,371768.0
DC47,Sekhukhune,2025,6002,Inventory Consumed,21481533.0
DC47,Sekhukhune,2025,6003,Contracted Services,47020291.0
DC47,Sekhukhune,2025,6004,Operational Costs,88048.0
DC48,West Rand,2025,6003,Contracted Services,643682.0
DC5,Central Karoo,2025,6002,Inventory Consumed,2725973.0
DC5,Central Karoo,2025,6003,Contracted Services,839998.0
DC5,Central Karoo,2025,6004,Operational Costs,328392.0
DC6,Namakwa,2025,6003,Contracted Services,437938.0
DC6,Namakwa,2025,6004,Operational Costs,4086.0
DC7,Pixley Ka Seme (NC),2025,6003,Contracted Services,230506.0
DC8,Z F Mgcawu,2025,6003,Contracted Services,595886.0
DC9,Frances Baard,2025,6003,Contracted Services,4975483.0
EC101,Dr Beyers Naude,2025,6003,Contracted Services,1777447.0
EC101,Dr Beyers Naude,2025,6004,Operational Costs,51720362.0
EC102,Blue Crane Route,2025,6002,Inventory Consumed,166486.0
EC102,Blue Crane Route,2025,6003,Contracted Services,5190954.0
EC102,Blue Crane Route,2025,6004,Operational Costs,1145447.0
EC105,Ndlambe,2025,6002,Inventory Consumed,4440925.0
EC105,Ndlambe,2025,6003,Contracted Services,29906568.0
EC105,Ndlambe,2025,6004,Operational Costs,918436.0
EC106,Sundays River Valley,2025,6002,Inventory Consumed,278781.0
EC106,Sundays River Valley,2025,6003,Contracted Services,7019822.0
EC106,Sundays River Valley,2025,6004,Operational Costs,193515.0
EC108,Kouga,2025,6001,Employee Related Costs,117864347.0
EC108,Kouga,2025,6002,Inventory Consumed,21006214.0
EC108,Kouga,2025,6003,Contracted Services,26839762.0
EC108,Kouga,2025,6004,Operational Costs,5699270.0
EC109,Kou-Kamma,2025,6002,Inventory Consumed,619771.0
EC109,Kou-Kamma,2025,6003,Contracted Services,6060661.0
EC109,Kou-Kamma,2025,6004,Operational Costs,29200.0
EC121,Mbhashe,2025,6001,Employee Related Costs,337049.0
EC121,Mbhashe,2025,6003,Contracted Services,54630266.0
EC121,Mbhashe,2025,6004,Operational Costs,16779726.0
EC123,Great Kei,2025,6002,Inventory Consumed,-127102.0
EC123,Great Kei,2025,6004,Operational Costs,228966.0
EC124,Amahlathi,2025,6003,Contracted Services,2608223.0
EC126,Ngqushwa,2025,6003,Contracted Services,29072744.0
EC129,Raymond Mhlaba,2025,6003,Contracted Services,10310140.0
EC131,Inxuba Yethemba,2025,6002,Inventory Consumed,3441607.0
EC131,Inxuba Yethemba,2025,6004,Operational Costs,5328998.0
EC135,Vuyisile Mini,2025,6003,Contracted Services,5519097.0
EC135,Vuyisile Mini,2025,6004,Operational Costs,21695.0
EC136,Emalahleni (EC),2025,6002,Inventory Consumed,881533.0
EC136,Emalahleni (EC),2025,6003,Contracted Services,40140449.0
EC136,Emalahleni (EC),2025,6004,Operational Costs,2668710.0
EC137,Dr. A.B. Xuma,2025,6003,Contracted Services,6605424.0
EC138,Sakhisizwe,2025,6003,Contracted Services,2712906.0
EC138,Sakhisizwe,2025,6004,Operational Costs,4875274.0
EC139,Enoch Mgijima,2025,6002,Inventory Consumed,7323242.0
EC139,Enoch Mgijima,2025,6003,Contracted Services,60107667.0
EC139,Enoch Mgijima,2025,6004,Operational Costs,20618564.0
EC141,Elundini,2025,6003,Contracted Services,9391641.0
EC142,Senqu,2025,6002,Inventory Consumed,4520018.0
EC142,Senqu,2025,6003,Contracted Services,12278301.0
EC142,Senqu,2025,6004,Operational Costs,190983.0
EC145,Walter Sisulu,2025,6003,Contracted Services,11314952.0
EC153,Ngquza Hills,2025,6003,Contracted Services,25285682.0
EC153,Ngquza Hills,2025,6004,Operational Costs,1215009.0
EC154,Port St Johns,2025,6003,Contracted Services,16157417.0
EC155,Nyandeni,2025,6002,Inventory Consumed,1345438.0
EC155,Nyandeni,2025,6003,Contracted Services,9591956.0
EC155,Nyandeni,2025,6004,Operational Costs,891076.0
EC156,Kumkani Mhlontlo,2025,6003,Contracted Services,2321701.0
EC156,Kumkani Mhlontlo,2025,6004,Operational Costs,35950484.0
EC157,King Sabata Dalindyebo,2025,6002,Inventory Consumed,19658716.0
EC157,King Sabata Dalindyebo,2025,6003,Contracted Services,30233400.0
EC157,King Sabata Dalindyebo,2025,6004,Operational Costs,55174563.0
EC441,Matatiele,2025,6002,Inventory Consumed,1901309.0
EC441,Matatiele,2025,6003,Contracted Services,15071502.0
EC442,Umzimvubu,2025,6003,Contracted Services,16685668.0
EC443,Winnie Madikizela-Mandela,2025,6001,Employee Related Costs,6733250.0
EC443,Winnie Madikizela-Mandela,2025,6002,Inventory Consumed,336270.0
EC443,Winnie Madikizela-Mandela,2025,6003,Contracted Services,24959829.0
EC443,Winnie Madikizela-Mandela,2025,6004,Operational Costs,1250947.0
EC444,Ntabankulu,2025,6003,Contracted Services,3237031.0
EC444,Ntabankulu,2025,6004,Operational Costs,17750.0
EKU,City of Ekurhuleni,2025,6002,Inventory Consumed,1449229274.0
EKU,City of Ekurhuleni,2025,6003,Contracted Services,2068460848.0
ETH,eThekwini,2025,6001,Employee Related Costs,421.0
ETH,eThekwini,2025,6002,Inventory Consumed,1223915836.0
ETH,eThekwini,2025,6003,Contracted Services,3516951676.0
ETH,eThekwini,2025,6004,Operational Costs,18837485.0
FS161,Letsemeng,2025,6003,Contracted Services,2411199.0
FS162,Kopanong,2025,6003,Contracted Services,632475.0
FS163,Mohokare,2025,6002,Inventory Consumed,1042668.0
FS163,Mohokare,2025,6003,Contracted Services,900247.0
FS181,Masilonyana,2025,6004,Operational Costs,40710.0
FS182,Tokologo,2025,6002,Inventory Consumed,2180301.0
FS182,Tokologo,2025,6003,Contracted Services,5174794.0
FS183,Tswelopele,2025,6002,Inventory Consumed,160763.0
FS183,Tswelopele,2025,6003,Contracted Services,7257598.0
FS184,Matjhabeng,2025,6002,Inventory Consumed,62812974.0
FS184,Matjhabeng,2025,6003,Contracted Services,25300460.0
FS184,Matjhabeng,2025,6004,Operational Costs,817947.0
FS191,Setsoto,2025,6002,Inventory Consumed,7683984.0
FS191,Setsoto,2025,6003,Contracted Services,13753893.0
FS191,Setsoto,2025,6004,Operational Costs,302244.0
FS192,Dihlabeng,2025,6002,Inventory Consumed,3304206.0
FS192,Dihlabeng,2025,6003,Contracted Services,34201862.0
FS192,Dihlabeng,2025,6004,Operational Costs,477771.0
FS193,Nketoana,2025,6001,Employee Related Costs,119695.0
FS193,Nketoana,2025,6003,Contracted Services,8993416.0
FS195,Phumelela,2025,6003,Contracted Services,6715126.0
FS195,Phumelela,2025,6004,Operational Costs,414409.0
FS196,Mantsopa,2025,6001,Employee Related Costs,3254785.0
FS196,Mantsopa,2025,6003,Contracted Services,3192380.0
FS196,Mantsopa,2025,6004,Operational Costs,72004.0
FS201,Moqhaka,2025,6003,Contracted Services,60875972.0
FS201,Moqhaka,2025,6004,Operational Costs,94929128.0
FS203,Ngwathe,2025,6002,Inventory Consumed,15864135.0
FS204,Metsimaholo,2025,6002,Inventory Consumed,15999504.0
FS204,Metsimaholo,2025,6003,Contracted Services,9070235.0
FS204,Metsimaholo,2025,6004,Operational Costs,8668199.0
FS205,Mafube,2025,6002,Inventory Consumed,1262101.0
FS205,Mafube,2025,6003,Contracted Services,681449.0
GT421,Emfuleni,2025,6001,Employee Related Costs,21513166.0
GT421,Emfuleni,2025,6002,Inventory Consumed,24213873.0
GT421,Emfuleni,2025,6003,Contracted Services,338511301.0
GT421,Emfuleni,2025,6004,Operational Costs,75030827.0
GT422,Midvaal,2025,6001,Employee Related Costs,100896908.0
GT422,Midvaal,2025,6002,Inventory Consumed,863.0
GT422,Midvaal,2025,6003,Contracted Services,81725813.0
GT422,Midvaal,2025,6004,Operational Costs,7549725.0
GT423,Lesedi,2025,6002,Inventory Consumed,32910508.0
GT423,Lesedi,2025,6003,Contracted Services,22233554.0
GT423,Lesedi,2025,6004,Operational Costs,5688036.0
GT481,Mogale City,2025,6001,Employee Related Costs,191241859.0
GT481,Mogale City,2025,6002,Inventory Consumed,528055.0
GT481,Mogale City,2025,6003,Contracted Services,17732818.0
GT481,Mogale City,2025,6004,Operational Costs,130380813.0
GT484,Merafong City,2025,6003,Contracted Services,30732244.0
GT485,Rand West City,2025,6003,Contracted Services,123642744.0
KZN212,Umdoni,2025,6002,Inventory Consumed,2285085.0
KZN212,Umdoni,2025,6003,Contracted Services,48914886.0
KZN213,Umzumbe,2025,6003,Contracted Services,9279458.0
KZN214,uMuziwabantu,2025,6003,Contracted Services,15668855.0
KZN214,uMuziwabantu,2025,6004,Operational Costs,1345212.0
KZN216,Ray Nkonyeni,2025,6001,Employee Related Costs,48691431.0
KZN216,Ray Nkonyeni,2025,6002,Inventory Consumed,2363602.0
KZN216,Ray Nkonyeni,2025,6003,Contracted Services,75110458.0
KZN216,Ray Nkonyeni,2025,6004,Operational Costs,11296762.0
KZN221,uMshwathi,2025,6003,Contracted Services,21000552.0
KZN221,uMshwathi,2025,6004,Operational Costs,571170.0
KZN222,uMngeni,2025,6002,Inventory Consumed,1407876.0
KZN222,uMngeni,2025,6003,Contracted Services,31384875.0
KZN223,Mpofana,2025,6002,Inventory Consumed,10847115.0
KZN223,Mpofana,2025,6004,Operational Costs,879025.0
KZN224,Impendle,2025,6003,Contracted Services,938464.0
KZN224,Impendle,2025,6004,Operational Costs,906140.0
KZN226,Mkhambathini,2025,6003,Contracted Services,24543633.0
KZN227,Richmond,2025,6002,Inventory Consumed,1467879.0
KZN227,Richmond,2025,6003,Contracted Services,3677497.0
KZN227,Richmond,2025,6004,Operational Costs,4101856.0
KZN235,Okhahlamba,2025,6003,Contracted Services,7011256.0
KZN238,Alfred Duma,2025,6001,Employee Related Costs,7018806.0
KZN238,Alfred Duma,2025,6002,Inventory Consumed,31534903.0
KZN238,Alfred Duma,2025,6003,Contracted Services,36474902.0
KZN238,Alfred Duma,2025,6004,Operational Costs,839539.0
KZN241,Endumeni,2025,6003,Contracted Services,15727175.0
KZN242,Nquthu,2025,6002,Inventory Consumed,3391.0
KZN242,Nquthu,2025,6003,Contracted Services,9395352.0
KZN242,Nquthu,2025,6004,Operational Costs,4568418.0
KZN244,Msinga,2025,6003,Contracted Services,33215702.0
KZN245,Umvoti,2025,6002,Inventory Consumed,16.0
KZN245,Umvoti,2025,6003,Contracted Services,11098544.0
KZN252,Newcastle,2025,6002,Inventory Consumed,11850.0
KZN252,Newcastle,2025,6003,Contracted Services,108623552.0
KZN252,Newcastle,2025,6004,Operational Costs,11206509.0
KZN253,Emadlangeni,2025,6003,Contracted Services,584622.0
KZN254,Dannhauser,2025,6003,Contracted Services,30546198.0
KZN261,eDumbe,2025,6003,Contracted Services,10942065.0
KZN262,uPhongolo,2025,6002,Inventory Consumed,3184650.0
KZN263,Abaqulusi,2025,6001,Employee Related Costs,63799.0
KZN263,Abaqulusi,2025,6002,Inventory Consumed,24135865.0
KZN263,Abaqulusi,2025,6003,Contracted Services,73523669.0
KZN263,Abaqulusi,2025,6004,Operational Costs,130511.0
KZN265,Nongoma,2025,6003,Contracted Services,12793159.0
KZN266,Ulundi,2025,6002,Inventory Consumed,64657.0
KZN266,Ulundi,2025,6003,Contracted Services,31095054.0
KZN266,Ulundi,2025,6004,Operational Costs,999.0
KZN271,Umhlabuyalingana,2025,6003,Contracted Services,26620338.0
KZN272,Jozini,2025,6003,Contracted Services,1463483.0
KZN275,Mtubatuba,2025,6003,Contracted Services,5368768.0
KZN276,Hlabisa Big Five,2025,6003,Contracted Services,15203343.0
KZN281,Mfolozi,2025,6003,Contracted Services,14342690.0
KZN282,uMhlathuze,2025,6002,Inventory Consumed,96537721.0
KZN282,uMhlathuze,2025,6003,Contracted Services,127491920.0
KZN282,uMhlathuze,2025,6004,Operational Costs,8899131.0
KZN284,uMlalazi,2025,6001,Employee Related Costs,27394917.0
KZN284,uMlalazi,2025,6002,Inventory Consumed,10361625.0
KZN284,uMlalazi,2025,6003,Contracted Services,10576870.0
KZN285,Mthonjaneni,2025,6003,Contracted Services,7535046.0
KZN285,Mthonjaneni,2025,6004,Operational Costs,5956820.0
KZN286,Nkandla,2025,6002,Inventory Consumed,5107.0
KZN286,Nkandla,2025,6003,Contracted Services,4568670.0
KZN286,Nkandla,2025,6004,Operational Costs,3773972.0
KZN291,Mandeni,2025,6002,Inventory Consumed,36496.0
KZN291,Mandeni,2025,6003,Contracted Services,28275344.0
KZN292,KwaDukuza,2025,6002,Inventory Consumed,9527296.0
KZN292,KwaDukuza,2025,6003,Contracted Services,84009572.0
KZN293,Ndwedwe,2025,6003,Contracted Services,12874720.0
KZN294,Maphumulo,2025,6002,Inventory Consumed,798.0
KZN294,Maphumulo,2025,6003,Contracted Services,6283817.0
KZN294,Maphumulo,2025,6004,Operational Costs,520053.0
KZN433,Greater Kokstad,2025,6002,Inventory Consumed,326951.0
KZN433,Greater Kokstad,2025,6003,Contracted Services,18222613.0
KZN434,Johannes Phumani Phungula,2025,6001,Employee Related Costs,6537284.0
KZN434,Johannes Phumani Phungula,2025,6003,Contracted Services,5452493.0
KZN434,Johannes Phumani Phungula,2025,6004,Operational Costs,1093718.0
KZN435,Umzimkhulu,2025,6003,Contracted Services,7227532.0
KZN436,Dr Nkosazana Dlamini Zuma,2025,6003,Contracted Services,13380363.0
LIM331,Greater Giyani,2025,6002,Inventory Consumed,733132.0
LIM331,Greater Giyani,2025,6003,Contracted Services,13403263.0
LIM332,Greater Letaba,2025,6002,Inventory Consumed,316754.0
LIM332,Greater Letaba,2025,6003,Contracted Services,23800809.0
LIM333,Greater Tzaneen,2025,6002,Inventory Consumed,84308087.0
LIM333,Greater Tzaneen,2025,6003,Contracted Services,11204840.0
LIM333,Greater Tzaneen,2025,6004,Operational Costs,1703327.0
LIM334,Ba-Phalaborwa,2025,6002,Inventory Consumed,13446116.0
LIM334,Ba-Phalaborwa,2025,6003,Contracted Services,8887858.0
LIM335,Maruleng,2025,6002,Inventory Consumed,220740.0
LIM335,Maruleng,2025,6003,Contracted Services,13020794.0
LIM341,Musina,2025,6002,Inventory Consumed,1229802.0
LIM341,Musina,2025,6003,Contracted Services,8589447.0
LIM343,Thulamela,2025,6002,Inventory Consumed,17159518.0
LIM343,Thulamela,2025,6003,Contracted Services,28495541.0
LIM344,Makhado,2025,6002,Inventory Consumed,29007804.0
LIM344,Makhado,2025,6003,Contracted Services,10269029.0
LIM344,Makhado,2025,6004,Operational Costs,582007.0
LIM345,Collins Chabane,2025,6003,Contracted Services,23510218.0
LIM351,Blouberg,2025,6003,Contracted Services,1036683.0
LIM351,Blouberg,2025,6004,Operational Costs,212183.0
LIM353,Molemole,2025,6003,Contracted Services,14450285.0
LIM354,Polokwane,2025,6001,Employee Related Costs,206742256.0
LIM354,Polokwane,2025,6002,Inventory Consumed,29753170.0
LIM354,Polokwane,2025,6003,Contracted Services,544060306.0
LIM354,Polokwane,2025,6004,Operational Costs,14668790.0
LIM355,Lepelle-Nkumpi,2025,6002,Inventory Consumed,150095.0
LIM355,Lepelle-Nkumpi,2025,6003,Contracted Services,24479399.0
LIM361,Thabazimbi,2025,6002,Inventory Consumed,4833320.0
LIM361,Thabazimbi,2025,6003,Contracted Services,1203975.0
LIM362,Lephalale,2025,6002,Inventory Consumed,11203485.0
LIM362,Lephalale,2025,6003,Contracted Services,4689501.0
LIM362,Lephalale,2025,6004,Operational Costs,9715602.0
LIM366,Bela Bela,2025,6002,Inventory Consumed,4116585.0
LIM366,Bela Bela,2025,6003,Contracted Services,3794563.0
LIM367,Mogalakwena,2025,6002,Inventory Consumed,6717126.0
LIM367,Mogalakwena,2025,6003,Contracted Services,63839138.0
LIM368,Modimolle-Mookgopong,2025,6001,Employee Related Costs,261137.0
LIM368,Modimolle-Mookgopong,2025,6002,Inventory Consumed,595105.0
LIM368,Modimolle-Mookgopong,2025,6003,Contracted Services,49784899.0
LIM471,Ephraim Mogale,2025,6003,Contracted Services,17185134.0
LIM472,Elias Motsoaledi,2025,6002,Inventory Consumed,22551243.0
LIM472,Elias Motsoaledi,2025,6003,Contracted Services,12159328.0
LIM473,Makhuduthamaga,2025,6003,Contracted Services,70027762.0
LIM476,Tubatse Fetakgomo,2025,6003,Contracted Services,38834195.0
MAN,Mangaung,2025,6001,Employee Related Costs,422529805.0
MAN,Mangaung,2025,6002,Inventory Consumed,30548011.0
MAN,Mangaung,2025,6003,Contracted Services,246485277.0
MAN,Mangaung,2025,6004,Operational Costs,8238921.0
MP301,Albert Luthuli,2025,6002,Inventory Consumed,13854240.0
MP301,Albert Luthuli,2025,6003,Contracted Services,23739805.0
MP302,Msukaligwa,2025,6002,Inventory Consumed,74786581.0
MP302,Msukaligwa,2025,6003,Contracted Services,10769760.0
MP302,Msukaligwa,2025,6004,Operational Costs,-247000.0
MP303,Mkhondo,2025,6002,Inventory Consumed,71396315.0
MP303,Mkhondo,2025,6003,Contracted Services,39048206.0
MP303,Mkhondo,2025,6004,Operational Costs,3148018.0
MP304,Pixley Ka Seme (MP),2025,6003,Contracted Services,24376570.0
MP305,Lekwa,2025,6002,Inventory Consumed,452749.0
MP305,Lekwa,2025,6003,Contracted Services,40345921.0
MP306,Dipaleseng,2025,6003,Contracted Services,65264259.0
MP307,Govan Mbeki,2025,6002,Inventory Consumed,16642104.0
MP307,Govan Mbeki,2025,6003,Contracted Services,113081559.0
MP307,Govan Mbeki,2025,6004,Operational Costs,363024.0
MP312,Emalahleni (MP),2025,6001,Employee Related Costs,88560.0
MP312,Emalahleni (MP),2025,6003,Contracted Services,394405343.0
MP313,Steve Tshwete,2025,6002,Inventory Consumed,22633357.0
MP313,Steve Tshwete,2025,6003,Contracted Services,94582385.0
MP313,Steve Tshwete,2025,6004,Operational Costs,32115344.0
MP314,Emakhazeni,2025,6002,Inventory Consumed,5156093.0
MP314,Emakhazeni,2025,6003,Contracted Services,6868687.0
MP314,Emakhazeni,2025,6004,Operational Costs,1183714.0
MP316,Dr J.S. Moroka,2025,6003,Contracted Services,56561505.0
MP316,Dr J.S. Moroka,2025,6004,Operational Costs,1898176.0
MP321,Thaba Chweu,2025,6003,Contracted Services,82746340.0
MP324,Nkomazi,2025,6002,Inventory Consumed,17484886.0
MP324,Nkomazi,2025,6003,Contracted Services,35216761.0
MP324,Nkomazi,2025,6004,Operational Costs,1097413.0
MP325,Bushbuckridge,2025,6003,Contracted Services,61928985.0
MP325,Bushbuckridge,2025,6004,Operational Costs,112938643.0
MP326,City of Mbombela,2025,6002,Inventory Consumed,39167369.0
MP326,City of Mbombela,2025,6003,Contracted Services,274818387.0
NC061,Richtersveld,2025,6003,Contracted Services,1522087.0
NC062,Nama Khoi,2025,6002,Inventory Consumed,2640758.0
NC062,Nama Khoi,2025,6003,Contracted Services,14918470.0
NC064,Kamiesberg,2025,6002,Inventory Consumed,1774877.0
NC064,Kamiesberg,2025,6003,Contracted Services,785985.0
NC065,Hantam,2025,6002,Inventory Consumed,18596409.0
NC065,Hantam,2025,6003,Contracted Services,9781912.0
NC065,Hantam,2025,6004,Operational Costs,8628.0
NC066,Karoo Hoogland,2025,6003,Contracted Services,837599.0
NC066,Karoo Hoogland,2025,6004,Operational Costs,
NC067,Khai-Ma,2025,6003,Contracted Services,1130497.0
NC067,Khai-Ma,2025,6004,Operational Costs,247783.0
NC071,Ubuntu,2025,6003,Contracted Services,2759108.0
NC072,Umsobomvu,2025,6003,Contracted Services,5338592.0
NC073,Emthanjeni,2025,6003,Contracted Services,7812085.0
NC074,Kareeberg,2025,6001,Employee Related Costs,3996833.0
NC074,Kareeberg,2025,6003,Contracted Services,854855.0
NC075,Renosterberg,2025,6002,Inventory Consumed,1925101.0
NC075,Renosterberg,2025,6004,Operational Costs,11190354.0
NC076,Thembelihle,2025,6002,Inventory Consumed,787770.0
NC076,Thembelihle,2025,6003,Contracted Services,1505704.0
NC076,Thembelihle,2025,6004,Operational Costs,9528.0
NC077,Siyathemba,2025,6003,Contracted Services,1031406.0
NC077,Siyathemba,2025,6004,Operational Costs,6414797.0
NC078,Siyancuma,2025,6002,Inventory Consumed,2894545.0
NC078,Siyancuma,2025,6003,Contracted Services,2231684.0
NC085,Tsantsabane,2025,6002,Inventory Consumed,-7448485.0
NC085,Tsantsabane,2025,6003,Contracted Services,6124448.0
NC085,Tsantsabane,2025,6004,Operational Costs,3706132.0
NC086,Kgatelopele,2025,6003,Contracted Services,2266480.0
NC087,Dawid Kruiper,2025,6002,Inventory Consumed,5572911.0
NC087,Dawid Kruiper,2025,6003,Contracted Services,8675325.0
NC091,Sol Plaatje,2025,6001,Employee Related Costs,168743283.0
NC091,Sol Plaatje,2025,6002,Inventory Consumed,164153822.0
NC091,Sol Plaatje,2025,6003,Contracted Services,72337276.0
NC091,Sol Plaatje,2025,6004,Operational Costs,5451805.0
NC092,Dikgatlong,2025,6003,Contracted Services,385515.0
NC093,Magareng,2025,6002,Inventory Consumed,1687351.0
NC094,Phokwane,2025,6002,Inventory Consumed,62977939.0
NC451,Joe Morolong,2025,6002,Inventory Consumed,6438612.0
NC451,Joe Morolong,2025,6003,Contracted Services,4065807.0
NC452,Ga-Segonyana,2025,6002,Inventory Consumed,24046716.0
NC452,Ga-Segonyana,2025,6004,Operational Costs,4303605.0
NC453,Gamagara,2025,6002,Inventory Consumed,2488370.0
NC453,Gamagara,2025,6003,Contracted Services,19164216.0
NC453,Gamagara,2025,6004,Operational Costs,35626429.0
NMA,Nelson Mandela Bay,2025,6001,Employee Related Costs,1850437.0
NMA,Nelson Mandela Bay,2025,6002,Inventory Consumed,81133929.0
NMA,Nelson Mandela Bay,2025,6003,Contracted Services,433530824.0
NMA,Nelson Mandela Bay,2025,6004,Operational Costs,22028.0
NW371,Moretele,2025,6003,Contracted Services,26653296.0
NW372,Madibeng,2025,6002,Inventory Consumed,78308.0
NW372,Madibeng,2025,6003,Contracted Services,248663796.0
NW372,Madibeng,2025,6004,Operational Costs,12546.0
NW373,Rustenburg,2025,6002,Inventory Consumed,33287025.0
NW373,Rustenburg,2025,6003,Contracted Services,154973254.0
NW374,Kgetlengrivier,2025,6002,Inventory Consumed,12676391.0
NW374,Kgetlengrivier,2025,6003,Contracted Services,11978319.0
NW375,Moses Kotane,2025,6003,Contracted Services,59203124.0
NW375,Moses Kotane,2025,6004,Operational Costs,7158657.0
NW381,Ratlou,2025,6003,Contracted Services,2645163.0
NW382,Tswaing,2025,6002,Inventory Consumed,933999.0
NW382,Tswaing,2025,6003,Contracted Services,4917157.0
NW382,Tswaing,2025,6004,Operational Costs,842193.0
NW383,Mafikeng,2025,6002,Inventory Consumed,4166140.0
NW383,Mafikeng,2025,6003,Contracted Services,40532611.0
NW383,Mafikeng,2025,6004,Operational Costs,986216.0
NW384,Ditsobotla,2025,6003,Contracted Services,12581643.0
NW385,Ramotshere Moiloa,2025,6002,Inventory Consumed,148815.0
NW385,Ramotshere Moiloa,2025,6003,Contracted Services,3522108.0
NW385,Ramotshere Moiloa,2025,6004,Operational Costs,29467.0
NW392,Naledi (NW),2025,6003,Contracted Services,5130944.0
NW393,Mamusa,2025,6002,Inventory Consumed,112244.0
NW393,Mamusa,2025,6003,Contracted Services,2664448.0
NW396,Lekwa-Teemane,2025,6003,Contracted Services,14587631.0
NW397,Kagisano-Molopo,2025,6003,Contracted Services,715380.0
NW403,City of Matlosana,2025,6002,Inventory Consumed,77995577.0
NW403,City of Matlosana,2025,6003,Contracted Services,43020527.0
NW404,Maquassi Hills,2025,6002,Inventory Consumed,19329147.0
NW404,Maquassi Hills,2025,6003,Contracted Services,21197177.0
NW405,J B Marks,2025,6002,Inventory Consumed,27487969.0
NW405,J B Marks,2025,6003,Contracted Services,78082351.0
NW405,J B Marks,2025,6004,Operational Costs,5971502.0
TSH,City of Tshwane,2025,6001,Employee Related Costs,-49560.0
TSH,City of Tshwane,2025,6002,Inventory Consumed,169668298.0
TSH,City of Tshwane,2025,6003,Contracted Services,795058814.0
TSH,City of Tshwane,2025,6004,Operational Costs,75662388.0
WC011,Matzikama,2025,6002,Inventory Consumed,6529615.0
WC011,Matzikama,2025,6003,Contracted Services,2834014.0
WC011,Matzikama,2025,6004,Operational Costs,29420.0
WC012,Cederberg,2025,6001,Employee Related Costs,17240081.0
WC012,Cederberg,2025,6002,Inventory Consumed,5745323.0
WC012,Cederberg,2025,6003,Contracted Services,6435796.0
WC012,Cederberg,2025,6004,Operational Costs,8552766.0
WC013,Bergrivier,2025,6001,Employee Related Costs,15606847.0
WC013,Bergrivier,2025,6002,Inventory Consumed,7752353.0
WC013,Bergrivier,2025,6003,Contracted Services,8006021.0
WC013,Bergrivier,2025,6004,Operational Costs,3111407.0
WC014,Saldanha Bay,2025,6002,Inventory Consumed,16996154.0
WC014,Saldanha Bay,2025,6003,Contracted Services,90089856.0
WC014,Saldanha Bay,2025,6004,Operational Costs,1246943.0
WC015,Swartland,2025,6001,Employee Related Costs,25190137.0
WC015,Swartland,2025,6002,Inventory Consumed,4873708.0
WC015,Swartland,2025,6003,Contracted Services,34388797.0
WC015,Swartland,2025,6004,Operational Costs,6011443.0
WC022,Witzenberg,2025,6001,Employee Related Costs,-15400.0
WC022,Witzenberg,2025,6002,Inventory Consumed,5362271.0
WC022,Witzenberg,2025,6003,Contracted Services,6947202.0
WC022,Witzenberg,2025,6004,Operational Costs,4804727.0
WC023,Drakenstein,2025,6001,Employee Related Costs,208570030.0
WC023,Drakenstein,2025,6002,Inventory Consumed,22106239.0
WC023,Drakenstein,2025,6003,Contracted Services,98054968.0
WC023,Drakenstein,2025,6004,Operational Costs,12824787.0
WC024,Stellenbosch,2025,6002,Inventory Consumed,27220783.0
WC024,Stellenbosch,2025,6003,Contracted Services,80006163.0
WC025,Breede Valley,2025,6001,Employee Related Costs,15821.0
WC025,Breede Valley,2025,6002,Inventory Consumed,17271665.0
WC025,Breede Valley,2025,6003,Contracted Services,66008237.0
WC025,Breede Valley,2025,6004,Operational Costs,9903863.0
WC026,Langeberg,2025,6002,Inventory Consumed,11704675.0
WC026,Langeberg,2025,6003,Contracted Services,22074974.0
WC031,Theewaterskloof,2025,6001,Employee Related Costs,72377116.0
WC031,Theewaterskloof,2025,6002,Inventory Consumed,7142743.0
WC031,Theewaterskloof,2025,6003,Contracted Services,15109389.0
WC031,Theewaterskloof,2025,6004,Operational Costs,31385843.0
WC032,Overstrand,2025,6001,Employee Related Costs,131702410.0
WC032,Overstrand,2025,6002,Inventory Consumed,20959529.0
WC032,Overstrand,2025,6003,Contracted Services,134525979.0
WC032,Overstrand,2025,6004,Operational Costs,13678783.0
WC033,Cape Agulhas,2025,6001,Employee Related Costs,62312247.0
WC033,Cape Agulhas,2025,6002,Inventory Consumed,-493978.0
WC033,Cape Agulhas,2025,6003,Contracted Services,19921617.0
WC033,Cape Agulhas,2025,6004,Operational Costs,4906372.0
WC034,Swellendam,2025,6001,Employee Related Costs,21816383.0
WC034,Swellendam,2025,6002,Inventory Consumed,5873151.0
WC034,Swellendam,2025,6003,Contracted Services,24149931.0
WC034,Swellendam,2025,6004,Operational Costs,669467.0
WC041,Kannaland,2025,6001,Employee Related Costs,22707375.0
WC041,Kannaland,2025,6002,Inventory Consumed,2740187.0
WC041,Kannaland,2025,6003,Contracted Services,166982.0
WC041,Kannaland,2025,6004,Operational Costs,3671407.0
WC042,Hessequa,2025,6001,Employee Related Costs,82681399.0
WC042,Hessequa,2025,6002,Inventory Consumed,11777015.0
WC042,Hessequa,2025,6003,Contracted Services,23606118.0
WC042,Hessequa,2025,6004,Operational Costs,1572024.0
WC043,Mossel Bay,2025,6001,Employee Related Costs,70546329.0
WC043,Mossel Bay,2025,6002,Inventory Consumed,12468978.0
WC043,Mossel Bay,2025,6003,Contracted Services,61848220.0
WC043,Mossel Bay,2025,6004,Operational Costs,3243649.0
WC044,George,2025,6002,Inventory Consumed,27049113.0
WC044,George,2025,6003,Contracted Services,216760911.0
WC044,George,2025,6004,Operational Costs,296001.0
WC045,Oudtshoorn,2025,6002,Inventory Consumed,13222421.0
WC045,Oudtshoorn,2025,6003,Contracted Services,9070833.0
WC045,Oudtshoorn,2025,6004,Operational Costs,278526.0
WC047,Bitou,2025,6002,Inventory Consumed,3256572.0
WC047,Bitou,2025,6003,Contracted Services,21791056.0
WC047,Bitou,2025,6004,Operational Costs,7888637.0
WC048,Knysna,2025,6003,Contracted Services,33385738.0
WC048,Knysna,2025,6004,Operational Costs,3500.0
WC051,Laingsburg,2025,6003,Contracted Services,1434680.0
WC052,Prince Albert,2025,6001,Employee Related Costs,12388557.0
WC052,Prince Albert,2025,6002,Inventory Consumed,450606.0
WC052,Prince Albert,2025,6003,Contracted Services,3239481.0
WC052,Prince Albert,2025,6004,Operational Costs,10330352.0
WC053,Beaufort West,2025,6001,Employee Related Costs,1579640.0
WC053,Beaufort West,2025,6002,Inventory Consumed,54213.0
WC053,Beaufort West,2025,6003,Contracted Services,2215129.0
WC053,Beaufort West,2025,6004,Operational Costs,164576.0
