demarcation.code,demarcation.label,financial_year_end.year,item.code,item.label,amount.sum
BUF,Buffalo City,2018,fruitless,Fruitless and Wasteful Expenditure,489995.0
BUF,Buffalo City,2018,irregular,Irregular Expenditure,213320576.0
BUF,Buffalo City,2018,unauthorised,Unauthorised Expenditure,160458700.0
CPT,Cape Town,2018,fruitless,Fruitless and Wasteful Expenditure,309000.0
CPT,Cape Town,2018,irregular,Irregular Expenditure,236019000.0
CPT,Cape Town,2018,unauthorised,Unauthorised Expenditure,0.0
DC1,West Coast,2018,fruitless,Fruitless and Wasteful Expenditure,380275.0
DC1,West Coast,2018,irregular,Irregular Expenditure,1066849.0
DC1,West Coast,2018,unauthorised,Unauthorised Expenditure,0.0
DC10,Sarah Baartman,2018,fruitless,Fruitless and Wasteful Expenditure,0.0
DC10,Sarah Baartman,2018,irregular,Irregular Expenditure,308518.0
DC10,Sarah Baartman,2018,unauthorised,Unauthorised Expenditure,0.0
DC12,Amathole,2018,fruitless,Fruitless and Wasteful Expenditure,1848955.0
DC12,Amathole,2018,irregular,Irregular Expenditure,100397901.0
DC12,Amathole,2018,unauthorised,Unauthorised Expenditure,50777541.0
DC13,Chris Hani,2018,fruitless,Fruitless and Wasteful Expenditure,257016.0
DC13,Chris Hani,2018,irregular,Irregular Expenditure,229471667.0
DC13,Chris Hani,2018,unauthorised,Unauthorised Expenditure,657381.0
DC14,Joe Gqabi,2018,fruitless,Fruitless and Wasteful Expenditure,0.0
DC14,Joe Gqabi,2018,irregular,Irregular Expenditure,63219408.0
DC14,Joe Gqabi,2018,unauthorised,Unauthorised Expenditure,0.0
DC15,O R Tambo,2018,fruitless,Fruitless and Wasteful Expenditure,3079316.0
DC15,O R Tambo,2018,irregular,Irregular Expenditure,1355033177.0
DC15,O R Tambo,2018,unauthorised,Unauthorised Expenditure,0.0
DC16,Xhariep,2018,fruitless,Fruitless and Wasteful Expenditure,753986.0
DC16,Xhariep,2018,irregular,Irregular Expenditure,1745547.0
DC16,Xhariep,2018,unauthorised,Unauthorised Expenditure,1830760.0
DC18,Lejweleputswa,2018,fruitless,Fruitless and Wasteful Expenditure,0.0
DC18,Lejweleputswa,2018,irregular,Irregular Expenditure,5982008.0
DC18,Lejweleputswa,2018,unauthorised,Unauthorised Expenditure,0.0
DC19,Thabo Mofutsanyana,2018,fruitless,Fruitless and Wasteful Expenditure,222545.0
DC19,Thabo Mofutsanyana,2018,irregular,Irregular Expenditure,13973588.0
DC19,Thabo Mofutsanyana,2018,unauthorised,Unauthorised Expenditure,617294.0
DC2,Cape Winelands DM,2018,fruitless,Fruitless and Wasteful Expenditure,434551.0
DC2,Cape Winelands DM,2018,irregular,Irregular Expenditure,161465.0
DC2,Cape Winelands DM,2018,unauthorised,Unauthorised Expenditure,0.0
DC20,Fezile Dabi,2018,fruitless,Fruitless and Wasteful Expenditure,36462.0
DC20,Fezile Dabi,2018,irregular,Irregular Expenditure,14177576.0
DC20,Fezile Dabi,2018,unauthorised,Unauthorised Expenditure,315166.0
DC21,Ugu,2018,fruitless,Fruitless and Wasteful Expenditure,1214225.0
DC21,Ugu,2018,irregular,Irregular Expenditure,131307670.0
DC21,Ugu,2018,unauthorised,Unauthorised Expenditure,243819267.0
DC22,uMgungundlovu,2018,fruitless,Fruitless and Wasteful Expenditure,335865.0
DC22,uMgungundlovu,2018,irregular,Irregular Expenditure,7039322.0
DC22,uMgungundlovu,2018,unauthorised,Unauthorised Expenditure,0.0
DC23,Uthukela,2018,fruitless,Fruitless and Wasteful Expenditure,206065.0
DC23,Uthukela,2018,irregular,Irregular Expenditure,399834102.0
DC23,Uthukela,2018,unauthorised,Unauthorised Expenditure,70971243.0
DC24,Umzinyathi,2018,fruitless,Fruitless and Wasteful Expenditure,42716.0
DC24,Umzinyathi,2018,irregular,Irregular Expenditure,267768328.0
DC24,Umzinyathi,2018,unauthorised,Unauthorised Expenditure,176630139.0
DC25,Amajuba,2018,fruitless,Fruitless and Wasteful Expenditure,205176.0
DC25,Amajuba,2018,irregular,Irregular Expenditure,2717002.0
DC25,Amajuba,2018,unauthorised,Unauthorised Expenditure,40556705.0
DC26,Zululand,2018,fruitless,Fruitless and Wasteful Expenditure,38682.0
DC26,Zululand,2018,irregular,Irregular Expenditure,122883183.0
DC26,Zululand,2018,unauthorised,Unauthorised Expenditure,0.0
DC27,Umkhanyakude,2018,fruitless,Fruitless and Wasteful Expenditure,37730368.0
DC27,Umkhanyakude,2018,irregular,Irregular Expenditure,232047609.0
DC27,Umkhanyakude,2018,unauthorised,Unauthorised Expenditure,18279811.0
DC28,King Cetshwayo,2018,fruitless,Fruitless and Wasteful Expenditure,0.0
DC28,King Cetshwayo,2018,irregular,Irregular Expenditure,0.0
DC28,King Cetshwayo,2018,unauthorised,Unauthorised Expenditure,0.0
DC29,iLembe,2018,fruitless,Fruitless and Wasteful Expenditure,86804.0
DC29,iLembe,2018,irregular,Irregular Expenditure,45025027.0
DC29,iLembe,2018,unauthorised,Unauthorised Expenditure,0.0
DC3,Overberg,2018,fruitless,Fruitless and Wasteful Expenditure,227625.0
DC3,Overberg,2018,irregular,Irregular Expenditure,703852.0
DC3,Overberg,2018,unauthorised,Unauthorised Expenditure,2665541.0
DC30,Gert Sibande,2018,fruitless,Fruitless and Wasteful Expenditure,0.0
DC30,Gert Sibande,2018,irregular,Irregular Expenditure,0.0
DC30,Gert Sibande,2018,unauthorised,Unauthorised Expenditure,0.0
DC31,Nkangala,2018,fruitless,Fruitless and Wasteful Expenditure,0.0
DC31,Nkangala,2018,irregular,Irregular Expenditure,3521316.0
DC31,Nkangala,2018,unauthorised,Unauthorised Expenditure,0.0
DC32,Ehlanzeni,2018,fruitless,Fruitless and Wasteful Expenditure,1181.0
DC32,Ehlanzeni,2018,irregular,Irregular Expenditure,1640585.0
DC32,Ehlanzeni,2018,unauthorised,Unauthorised Expenditure,0.0
DC33,Mopani,2018,fruitless,Fruitless and Wasteful Expenditure,17885948.0
DC33,Mopani,2018,irregular,Irregular Expenditure,10664876.0
DC33,Mopani,2018,unauthorised,Unauthorised Expenditure,154239337.0
DC34,Vhembe,2018,fruitless,Fruitless and Wasteful Expenditure,1035562.0
DC34,Vhembe,2018,irregular,Irregular Expenditure,167440.0
DC34,Vhembe,2018,unauthorised,Unauthorised Expenditure,0.0
DC35,Capricorn,2018,fruitless,Fruitless and Wasteful Expenditure,403331.0
DC35,Capricorn,2018,irregular,Irregular Expenditure,71845.0
DC35,Capricorn,2018,unauthorised,Unauthorised Expenditure,0.0
DC36,Waterberg,2018,fruitless,Fruitless and Wasteful Expenditure,0.0
DC36,Waterberg,2018,irregular,Irregular Expenditure,329319.0
DC36,Waterberg,2018,unauthorised,Unauthorised Expenditure,0.0
DC37,Bojanala Platinum,2018,fruitless,Fruitless and Wasteful Expenditure,4808741.0
DC37,Bojanala Platinum,2018,irregular,Irregular Expenditure,95493765.0
DC37,Bojanala Platinum,2018,unauthorised,Unauthorised Expenditure,0.0
DC38,Ngaka Modiri Molema,2018,fruitless,Fruitless and Wasteful Expenditure,4243548.0
DC38,Ngaka Modiri Molema,2018,irregular,Irregular Expenditure,151229086.0
DC38,Ngaka Modiri Molema,2018,unauthorised,Unauthorised Expenditure,595774821.0
DC39,Dr Ruth Segomotsi Mompati,2018,fruitless,Fruitless and Wasteful Expenditure,36959.0
DC39,Dr Ruth Segomotsi Mompati,2018,irregular,Irregular Expenditure,381472554.0
DC39,Dr Ruth Segomotsi Mompati,2018,unauthorised,Unauthorised Expenditure,163661349.0
DC4,Garden Route,2018,fruitless,Fruitless and Wasteful Expenditure,18886.0
DC4,Garden Route,2018,irregular,Irregular Expenditure,56815383.0
DC4,Garden Route,2018,unauthorised,Unauthorised Expenditure,28300572.0
DC40,Dr Kenneth Kaunda,2018,fruitless,Fruitless and Wasteful Expenditure,157971.0
DC40,Dr Kenneth Kaunda,2018,irregular,Irregular Expenditure,53234408.0
DC40,Dr Kenneth Kaunda,2018,unauthorised,Unauthorised Expenditure,17497853.0
DC42,Sedibeng,2018,fruitless,Fruitless and Wasteful Expenditure,63257.0
DC42,Sedibeng,2018,irregular,Irregular Expenditure,9423440.0
DC42,Sedibeng,2018,unauthorised,Unauthorised Expenditure,6377258.0
DC43,Harry Gwala,2018,fruitless,Fruitless and Wasteful Expenditure,518916.0
DC43,Harry Gwala,2018,irregular,Irregular Expenditure,117617904.0
DC43,Harry Gwala,2018,unauthorised,Unauthorised Expenditure,148460509.0
DC44,Alfred Nzo,2018,fruitless,Fruitless and Wasteful Expenditure,964362.0
DC44,Alfred Nzo,2018,irregular,Irregular Expenditure,622233430.0
DC44,Alfred Nzo,2018,unauthorised,Unauthorised Expenditure,7060436.0
DC45,John Taolo Gaetsewe,2018,fruitless,Fruitless and Wasteful Expenditure,2282193.0
DC45,John Taolo Gaetsewe,2018,irregular,Irregular Expenditure,365380.0
DC45,John Taolo Gaetsewe,2018,unauthorised,Unauthorised Expenditure,12539772.0
DC47,Sekhukhune,2018,fruitless,Fruitless and Wasteful Expenditure,110651.0
DC47,Sekhukhune,2018,irregular,Irregular Expenditure,26621779.0
DC47,Sekhukhune,2018,unauthorised,Unauthorised Expenditure,54159575.0
DC48,West Rand,2018,fruitless,Fruitless and Wasteful Expenditure,264545.0
DC48,West Rand,2018,irregular,Irregular Expenditure,21066141.0
DC48,West Rand,2018,unauthorised,Unauthorised Expenditure,51137625.0
DC5,Central Karoo,2018,fruitless,Fruitless and Wasteful Expenditure,72999.0
DC5,Central Karoo,2018,irregular,Irregular Expenditure,2975502.0
DC5,Central Karoo,2018,unauthorised,Unauthorised Expenditure,4466762.0
DC6,Namakwa,2018,fruitless,Fruitless and Wasteful Expenditure,0.0
DC6,Namakwa,2018,irregular,Irregular Expenditure,440208.0
DC6,Namakwa,2018,unauthorised,Unauthorised Expenditure,0.0
DC7,Pixley Ka Seme (NC),2018,fruitless,Fruitless and Wasteful Expenditure,3289.0
DC7,Pixley Ka Seme (NC),2018,irregular,Irregular Expenditure,2814086.0
DC7,Pixley Ka Seme (NC),2018,unauthorised,Unauthorised Expenditure,4377863.0
DC8,Z F Mgcawu,2018,fruitless,Fruitless and Wasteful Expenditure,11950.0
DC8,Z F Mgcawu,2018,irregular,Irregular Expenditure,684494.0
DC8,Z F Mgcawu,2018,unauthorised,Unauthorised Expenditure,0.0
DC9,Frances Baard,2018,fruitless,Fruitless and Wasteful Expenditure,188179.0
DC9,Frances Baard,2018,irregular,Irregular Expenditure,3876500.0
DC9,Frances Baard,2018,unauthorised,Unauthorised Expenditure,0.0
EC101,Dr Beyers Naude,2018,fruitless,Fruitless and Wasteful Expenditure,3510087.0
EC101,Dr Beyers Naude,2018,irregular,Irregular Expenditure,155889483.0
EC101,Dr Beyers Naude,2018,unauthorised,Unauthorised Expenditure,17769562.0
EC102,Blue Crane Route,2018,fruitless,Fruitless and Wasteful Expenditure,10.0
EC102,Blue Crane Route,2018,irregular,Irregular Expenditure,12925474.0
EC102,Blue Crane Route,2018,unauthorised,Unauthorised Expenditure,1618374.0
EC104,Makana,2018,fruitless,Fruitless and Wasteful Expenditure,9028107.0
EC104,Makana,2018,irregular,Irregular Expenditure,95158808.0
EC104,Makana,2018,unauthorised,Unauthorised Expenditure,104871661.0
EC105,Ndlambe,2018,fruitless,Fruitless and Wasteful Expenditure,14220.0
EC105,Ndlambe,2018,irregular,Irregular Expenditure,103324174.0
EC105,Ndlambe,2018,unauthorised,Unauthorised Expenditure,45294926.0
EC106,Sundays River Valley,2018,fruitless,Fruitless and Wasteful Expenditure,461336.0
EC106,Sundays River Valley,2018,irregular,Irregular Expenditure,65921659.0
EC106,Sundays River Valley,2018,unauthorised,Unauthorised Expenditure,40383005.0
EC108,Kouga,2018,fruitless,Fruitless and Wasteful Expenditure,501742.0
EC108,Kouga,2018,irregular,Irregular Expenditure,2399573.0
EC108,Kouga,2018,unauthorised,Unauthorised Expenditure,0.0
EC109,Kou-Kamma,2018,fruitless,Fruitless and Wasteful Expenditure,976183.0
EC109,Kou-Kamma,2018,irregular,Irregular Expenditure,37436817.0
EC109,Kou-Kamma,2018,unauthorised,Unauthorised Expenditure,16125928.0
EC121,Mbhashe,2018,fruitless,Fruitless and Wasteful Expenditure,190530.0
EC121,Mbhashe,2018,irregular,Irregular Expenditure,136507742.0
EC121,Mbhashe,2018,unauthorised,Unauthorised Expenditure,0.0
EC122,Mnquma,2018,fruitless,Fruitless and Wasteful Expenditure,340021.0
EC122,Mnquma,2018,irregular,Irregular Expenditure,150784936.0
EC122,Mnquma,2018,unauthorised,Unauthorised Expenditure,31178035.0
EC123,Great Kei,2018,fruitless,Fruitless and Wasteful Expenditure,1859228.0
EC123,Great Kei,2018,irregular,Irregular Expenditure,2637358.0
EC123,Great Kei,2018,unauthorised,Unauthorised Expenditure,18695885.0
EC124,Amahlathi,2018,fruitless,Fruitless and Wasteful Expenditure,262552.0
EC124,Amahlathi,2018,irregular,Irregular Expenditure,19073043.0
EC124,Amahlathi,2018,unauthorised,Unauthorised Expenditure,13273670.0
EC126,Ngqushwa,2018,fruitless,Fruitless and Wasteful Expenditure,140469.0
EC126,Ngqushwa,2018,irregular,Irregular Expenditure,43903041.0
EC126,Ngqushwa,2018,unauthorised,Unauthorised Expenditure,0.0
EC129,Raymond Mhlaba,2018,fruitless,Fruitless and Wasteful Expenditure,12774379.0
EC129,Raymond Mhlaba,2018,irregular,Irregular Expenditure,77983396.0
EC129,Raymond Mhlaba,2018,unauthorised,Unauthorised Expenditure,3903371.0
EC131,Inxuba Yethemba,2018,fruitless,Fruitless and Wasteful Expenditure,7789800.0
EC131,Inxuba Yethemba,2018,irregular,Irregular Expenditure,66548536.0
EC131,Inxuba Yethemba,2018,unauthorised,Unauthorised Expenditure,45619532.0
EC135,Vuyisile Mini,2018,fruitless,Fruitless and Wasteful Expenditure,39367.0
EC135,Vuyisile Mini,2018,irregular,Irregular Expenditure,584541.0
EC135,Vuyisile Mini,2018,unauthorised,Unauthorised Expenditure,24798393.0
EC136,Emalahleni (EC),2018,fruitless,Fruitless and Wasteful Expenditure,10484.0
EC136,Emalahleni (EC),2018,irregular,Irregular Expenditure,15468449.0
EC136,Emalahleni (EC),2018,unauthorised,Unauthorised Expenditure,5819238.0
EC137,Dr. A.B. Xuma,2018,fruitless,Fruitless and Wasteful Expenditure,91666.0
EC137,Dr. A.B. Xuma,2018,irregular,Irregular Expenditure,23172849.0
EC137,Dr. A.B. Xuma,2018,unauthorised,Unauthorised Expenditure,0.0
EC138,Sakhisizwe,2018,fruitless,Fruitless and Wasteful Expenditure,149148.0
EC138,Sakhisizwe,2018,irregular,Irregular Expenditure,34029173.0
EC138,Sakhisizwe,2018,unauthorised,Unauthorised Expenditure,7678490.0
EC139,Enoch Mgijima,2018,fruitless,Fruitless and Wasteful Expenditure,437435.0
EC139,Enoch Mgijima,2018,irregular,Irregular Expenditure,26774428.0
EC139,Enoch Mgijima,2018,unauthorised,Unauthorised Expenditure,13996500.0
EC141,Elundini,2018,fruitless,Fruitless and Wasteful Expenditure,0.0
EC141,Elundini,2018,irregular,Irregular Expenditure,54530617.0
EC141,Elundini,2018,unauthorised,Unauthorised Expenditure,0.0
EC142,Senqu,2018,fruitless,Fruitless and Wasteful Expenditure,34692.0
EC142,Senqu,2018,irregular,Irregular Expenditure,0.0
EC142,Senqu,2018,unauthorised,Unauthorised Expenditure,0.0
EC145,Walter Sisulu,2018,fruitless,Fruitless and Wasteful Expenditure,14903685.0
EC145,Walter Sisulu,2018,irregular,Irregular Expenditure,4817106.0
EC145,Walter Sisulu,2018,unauthorised,Unauthorised Expenditure,63179841.0
EC153,Ngquza Hills,2018,fruitless,Fruitless and Wasteful Expenditure,190139.0
EC153,Ngquza Hills,2018,irregular,Irregular Expenditure,0.0
EC153,Ngquza Hills,2018,unauthorised,Unauthorised Expenditure,0.0
EC154,Port St Johns,2018,fruitless,Fruitless and Wasteful Expenditure,693602.0
EC154,Port St Johns,2018,irregular,Irregular Expenditure,11660026.0
EC154,Port St Johns,2018,unauthorised,Unauthorised Expenditure,2638242.0
EC155,Nyandeni,2018,fruitless,Fruitless and Wasteful Expenditure,3311.0
EC155,Nyandeni,2018,irregular,Irregular Expenditure,105741032.0
EC155,Nyandeni,2018,unauthorised,Unauthorised Expenditure,0.0
EC156,Kumkani Mhlontlo,2018,fruitless,Fruitless and Wasteful Expenditure,10505.0
EC156,Kumkani Mhlontlo,2018,irregular,Irregular Expenditure,30644691.0
EC156,Kumkani Mhlontlo,2018,unauthorised,Unauthorised Expenditure,4568574.0
EC157,King Sabata Dalindyebo,2018,fruitless,Fruitless and Wasteful Expenditure,17593260.0
EC157,King Sabata Dalindyebo,2018,irregular,Irregular Expenditure,297530962.0
EC157,King Sabata Dalindyebo,2018,unauthorised,Unauthorised Expenditure,98992770.0
EC441,Matatiele,2018,fruitless,Fruitless and Wasteful Expenditure,7605.0
EC441,Matatiele,2018,irregular,Irregular Expenditure,276530.0
EC441,Matatiele,2018,unauthorised,Unauthorised Expenditure,0.0
EC442,Umzimvubu,2018,fruitless,Fruitless and Wasteful Expenditure,0.0
EC442,Umzimvubu,2018,irregular,Irregular Expenditure,142504218.0
EC442,Umzimvubu,2018,unauthorised,Unauthorised Expenditure,96399127.0
EC443,Winnie Madikizela-Mandela,2018,fruitless,Fruitless and Wasteful Expenditure,169598.0
EC443,Winnie Madikizela-Mandela,2018,irregular,Irregular Expenditure,5866890.0
EC443,Winnie Madikizela-Mandela,2018,unauthorised,Unauthorised Expenditure,52766753.0
EC444,Ntabankulu,2018,fruitless,Fruitless and Wasteful Expenditure,538944.0
EC444,Ntabankulu,2018,irregular,Irregular Expenditure,26014205.0
EC444,Ntabankulu,2018,unauthorised,Unauthorised Expenditure,28806581.0
EKU,City of Ekurhuleni,2018,fruitless,Fruitless and Wasteful Expenditure,4691208.0
EKU,City of Ekurhuleni,2018,irregular,Irregular Expenditure,274582138.0
EKU,City of Ekurhuleni,2018,unauthorised,Unauthorised Expenditure,0.0
ETH,eThekwini,2018,fruitless,Fruitless and Wasteful Expenditure,29496000.0
ETH,eThekwini,2018,irregular,Irregular Expenditure,732563000.0
ETH,eThekwini,2018,unauthorised,Unauthorised Expenditure,0.0
FS161,Letsemeng,2018,fruitless,Fruitless and Wasteful Expenditure,1375621.0
FS161,Letsemeng,2018,irregular,Irregular Expenditure,101784284.0
FS161,Letsemeng,2018,unauthorised,Unauthorised Expenditure,64871038.0
FS162,Kopanong,2018,fruitless,Fruitless and Wasteful Expenditure,28286201.0
FS162,Kopanong,2018,irregular,Irregular Expenditure,24882414.0
FS162,Kopanong,2018,unauthorised,Unauthorised Expenditure,39354259.0
FS163,Mohokare,2018,fruitless,Fruitless and Wasteful Expenditure,11606551.0
FS163,Mohokare,2018,irregular,Irregular Expenditure,10550309.0
FS163,Mohokare,2018,unauthorised,Unauthorised Expenditure,43331896.0
FS181,Masilonyana,2018,fruitless,Fruitless and Wasteful Expenditure,5864880.0
FS181,Masilonyana,2018,irregular,Irregular Expenditure,13452971.0
FS181,Masilonyana,2018,unauthorised,Unauthorised Expenditure,0.0
FS182,Tokologo,2018,fruitless,Fruitless and Wasteful Expenditure,3828621.0
FS182,Tokologo,2018,irregular,Irregular Expenditure,113559070.0
FS182,Tokologo,2018,unauthorised,Unauthorised Expenditure,169196104.0
FS183,Tswelopele,2018,fruitless,Fruitless and Wasteful Expenditure,4874385.0
FS183,Tswelopele,2018,irregular,Irregular Expenditure,12090042.0
FS183,Tswelopele,2018,unauthorised,Unauthorised Expenditure,4153059.0
FS184,Matjhabeng,2018,fruitless,Fruitless and Wasteful Expenditure,169188816.0
FS184,Matjhabeng,2018,irregular,Irregular Expenditure,376686453.0
FS184,Matjhabeng,2018,unauthorised,Unauthorised Expenditure,873124569.0
FS185,Nala,2018,fruitless,Fruitless and Wasteful Expenditure,5085101.0
FS185,Nala,2018,irregular,Irregular Expenditure,45332334.0
FS185,Nala,2018,unauthorised,Unauthorised Expenditure,2888285.0
FS191,Setsoto,2018,fruitless,Fruitless and Wasteful Expenditure,3350091.0
FS191,Setsoto,2018,irregular,Irregular Expenditure,99147525.0
FS191,Setsoto,2018,unauthorised,Unauthorised Expenditure,17301739.0
FS192,Dihlabeng,2018,fruitless,Fruitless and Wasteful Expenditure,20261298.0
FS192,Dihlabeng,2018,irregular,Irregular Expenditure,37138456.0
FS192,Dihlabeng,2018,unauthorised,Unauthorised Expenditure,170591172.0
FS193,Nketoana,2018,fruitless,Fruitless and Wasteful Expenditure,21346367.0
FS193,Nketoana,2018,irregular,Irregular Expenditure,24057685.0
FS193,Nketoana,2018,unauthorised,Unauthorised Expenditure,44291916.0
FS194,Maluti-a-Phofung,2018,fruitless,Fruitless and Wasteful Expenditure,321787453.0
FS194,Maluti-a-Phofung,2018,irregular,Irregular Expenditure,35107384.0
FS194,Maluti-a-Phofung,2018,unauthorised,Unauthorised Expenditure,709593319.0
FS195,Phumelela,2018,fruitless,Fruitless and Wasteful Expenditure,3391337.0
FS195,Phumelela,2018,irregular,Irregular Expenditure,20134363.0
FS195,Phumelela,2018,unauthorised,Unauthorised Expenditure,69140652.0
FS196,Mantsopa,2018,fruitless,Fruitless and Wasteful Expenditure,15616019.0
FS196,Mantsopa,2018,irregular,Irregular Expenditure,11086605.0
FS196,Mantsopa,2018,unauthorised,Unauthorised Expenditure,169756083.0
FS201,Moqhaka,2018,fruitless,Fruitless and Wasteful Expenditure,17369164.0
FS201,Moqhaka,2018,irregular,Irregular Expenditure,46612511.0
FS201,Moqhaka,2018,unauthorised,Unauthorised Expenditure,146419880.0
FS203,Ngwathe,2018,fruitless,Fruitless and Wasteful Expenditure,35631889.0
FS203,Ngwathe,2018,irregular,Irregular Expenditure,97136638.0
FS203,Ngwathe,2018,unauthorised,Unauthorised Expenditure,168145340.0
FS204,Metsimaholo,2018,fruitless,Fruitless and Wasteful Expenditure,2255167.0
FS204,Metsimaholo,2018,irregular,Irregular Expenditure,13386293.0
FS204,Metsimaholo,2018,unauthorised,Unauthorised Expenditure,0.0
FS205,Mafube,2018,fruitless,Fruitless and Wasteful Expenditure,190273225.0
FS205,Mafube,2018,irregular,Irregular Expenditure,110104478.0
FS205,Mafube,2018,unauthorised,Unauthorised Expenditure,214619401.0
GT421,Emfuleni,2018,fruitless,Fruitless and Wasteful Expenditure,128529684.0
GT421,Emfuleni,2018,irregular,Irregular Expenditure,768175002.0
GT421,Emfuleni,2018,unauthorised,Unauthorised Expenditure,209455131.0
GT422,Midvaal,2018,fruitless,Fruitless and Wasteful Expenditure,0.0
GT422,Midvaal,2018,irregular,Irregular Expenditure,258972.0
GT422,Midvaal,2018,unauthorised,Unauthorised Expenditure,4428586.0
GT423,Lesedi,2018,fruitless,Fruitless and Wasteful Expenditure,290825.0
GT423,Lesedi,2018,irregular,Irregular Expenditure,45146730.0
GT423,Lesedi,2018,unauthorised,Unauthorised Expenditure,13611157.0
GT481,Mogale City,2018,fruitless,Fruitless and Wasteful Expenditure,9486595.0
GT481,Mogale City,2018,irregular,Irregular Expenditure,171157377.0
GT481,Mogale City,2018,unauthorised,Unauthorised Expenditure,0.0
GT484,Merafong City,2018,fruitless,Fruitless and Wasteful Expenditure,24680024.0
GT484,Merafong City,2018,irregular,Irregular Expenditure,22456631.0
GT484,Merafong City,2018,unauthorised,Unauthorised Expenditure,35545761.0
GT485,Rand West City,2018,fruitless,Fruitless and Wasteful Expenditure,11485474.0
GT485,Rand West City,2018,irregular,Irregular Expenditure,149725773.0
GT485,Rand West City,2018,unauthorised,Unauthorised Expenditure,324930769.0
JHB,City of Johannesburg,2018,fruitless,Fruitless and Wasteful Expenditure,9064000.0
JHB,City of Johannesburg,2018,irregular,Irregular Expenditure,868305733.0
JHB,City of Johannesburg,2018,unauthorised,Unauthorised Expenditure,304504671.0
KZN212,Umdoni,2018,fruitless,Fruitless and Wasteful Expenditure,0.0
KZN212,Umdoni,2018,irregular,Irregular Expenditure,45888776.0
KZN212,Umdoni,2018,unauthorised,Unauthorised Expenditure,0.0
KZN213,Umzumbe,2018,fruitless,Fruitless and Wasteful Expenditure,16942.0
KZN213,Umzumbe,2018,irregular,Irregular Expenditure,0.0
KZN213,Umzumbe,2018,unauthorised,Unauthorised Expenditure,1853243.0
KZN214,uMuziwabantu,2018,fruitless,Fruitless and Wasteful Expenditure,7409.0
KZN214,uMuziwabantu,2018,irregular,Irregular Expenditure,1425546.0
KZN214,uMuziwabantu,2018,unauthorised,Unauthorised Expenditure,0.0
KZN216,Ray Nkonyeni,2018,fruitless,Fruitless and Wasteful Expenditure,790965.0
KZN216,Ray Nkonyeni,2018,irregular,Irregular Expenditure,11466111.0
KZN216,Ray Nkonyeni,2018,unauthorised,Unauthorised Expenditure,0.0
KZN221,uMshwathi,2018,fruitless,Fruitless and Wasteful Expenditure,0.0
KZN221,uMshwathi,2018,irregular,Irregular Expenditure,23416009.0
KZN221,uMshwathi,2018,unauthorised,Unauthorised Expenditure,292585.0
KZN222,uMngeni,2018,fruitless,Fruitless and Wasteful Expenditure,5358.0
KZN222,uMngeni,2018,irregular,Irregular Expenditure,784078.0
KZN222,uMngeni,2018,unauthorised,Unauthorised Expenditure,29701039.0
KZN223,Mpofana,2018,fruitless,Fruitless and Wasteful Expenditure,2129706.0
KZN223,Mpofana,2018,irregular,Irregular Expenditure,16219110.0
KZN223,Mpofana,2018,unauthorised,Unauthorised Expenditure,37518680.0
KZN224,Impendle,2018,fruitless,Fruitless and Wasteful Expenditure,5499.0
KZN224,Impendle,2018,irregular,Irregular Expenditure,7068383.0
KZN224,Impendle,2018,unauthorised,Unauthorised Expenditure,0.0
KZN225,Msunduzi,2018,fruitless,Fruitless and Wasteful Expenditure,10970855.0
KZN225,Msunduzi,2018,irregular,Irregular Expenditure,132509961.0
KZN225,Msunduzi,2018,unauthorised,Unauthorised Expenditure,0.0
KZN226,Mkhambathini,2018,fruitless,Fruitless and Wasteful Expenditure,28733.0
KZN226,Mkhambathini,2018,irregular,Irregular Expenditure,5643711.0
KZN226,Mkhambathini,2018,unauthorised,Unauthorised Expenditure,3962379.0
KZN227,Richmond,2018,fruitless,Fruitless and Wasteful Expenditure,0.0
KZN227,Richmond,2018,irregular,Irregular Expenditure,2200000.0
KZN227,Richmond,2018,unauthorised,Unauthorised Expenditure,40065466.0
KZN235,Okhahlamba,2018,fruitless,Fruitless and Wasteful Expenditure,35366.0
KZN235,Okhahlamba,2018,irregular,Irregular Expenditure,0.0
KZN235,Okhahlamba,2018,unauthorised,Unauthorised Expenditure,0.0
KZN237,Inkosi Langalibalele,2018,fruitless,Fruitless and Wasteful Expenditure,2169744.0
KZN237,Inkosi Langalibalele,2018,irregular,Irregular Expenditure,77997881.0
KZN237,Inkosi Langalibalele,2018,unauthorised,Unauthorised Expenditure,18089736.0
KZN238,Alfred Duma,2018,fruitless,Fruitless and Wasteful Expenditure,101045.0
KZN238,Alfred Duma,2018,irregular,Irregular Expenditure,15497580.0
KZN238,Alfred Duma,2018,unauthorised,Unauthorised Expenditure,16612386.0
KZN241,Endumeni,2018,fruitless,Fruitless and Wasteful Expenditure,7397.0
KZN241,Endumeni,2018,irregular,Irregular Expenditure,16635395.0
KZN241,Endumeni,2018,unauthorised,Unauthorised Expenditure,10771519.0
KZN242,Nquthu,2018,fruitless,Fruitless and Wasteful Expenditure,8414.0
KZN242,Nquthu,2018,irregular,Irregular Expenditure,6115987.0
KZN242,Nquthu,2018,unauthorised,Unauthorised Expenditure,0.0
KZN244,Msinga,2018,fruitless,Fruitless and Wasteful Expenditure,825920.0
KZN244,Msinga,2018,irregular,Irregular Expenditure,9531645.0
KZN244,Msinga,2018,unauthorised,Unauthorised Expenditure,0.0
KZN245,Umvoti,2018,fruitless,Fruitless and Wasteful Expenditure,230053.0
KZN245,Umvoti,2018,irregular,Irregular Expenditure,35632788.0
KZN245,Umvoti,2018,unauthorised,Unauthorised Expenditure,0.0
KZN252,Newcastle,2018,fruitless,Fruitless and Wasteful Expenditure,8468639.0
KZN252,Newcastle,2018,irregular,Irregular Expenditure,95694684.0
KZN252,Newcastle,2018,unauthorised,Unauthorised Expenditure,124183199.0
KZN253,Emadlangeni,2018,fruitless,Fruitless and Wasteful Expenditure,23337.0
KZN253,Emadlangeni,2018,irregular,Irregular Expenditure,7789926.0
KZN253,Emadlangeni,2018,unauthorised,Unauthorised Expenditure,21886133.0
KZN254,Dannhauser,2018,fruitless,Fruitless and Wasteful Expenditure,0.0
KZN254,Dannhauser,2018,irregular,Irregular Expenditure,12749026.0
KZN254,Dannhauser,2018,unauthorised,Unauthorised Expenditure,0.0
KZN261,eDumbe,2018,fruitless,Fruitless and Wasteful Expenditure,1199423.0
KZN261,eDumbe,2018,irregular,Irregular Expenditure,1695892.0
KZN261,eDumbe,2018,unauthorised,Unauthorised Expenditure,7890433.0
KZN262,uPhongolo,2018,fruitless,Fruitless and Wasteful Expenditure,423442.0
KZN262,uPhongolo,2018,irregular,Irregular Expenditure,38262616.0
KZN262,uPhongolo,2018,unauthorised,Unauthorised Expenditure,0.0
KZN263,Abaqulusi,2018,fruitless,Fruitless and Wasteful Expenditure,18684531.0
KZN263,Abaqulusi,2018,irregular,Irregular Expenditure,41860000.0
KZN263,Abaqulusi,2018,unauthorised,Unauthorised Expenditure,108460000.0
KZN265,Nongoma,2018,fruitless,Fruitless and Wasteful Expenditure,2059.0
KZN265,Nongoma,2018,irregular,Irregular Expenditure,3242918.0
KZN265,Nongoma,2018,unauthorised,Unauthorised Expenditure,17350968.0
KZN266,Ulundi,2018,fruitless,Fruitless and Wasteful Expenditure,5572187.0
KZN266,Ulundi,2018,irregular,Irregular Expenditure,55758936.0
KZN266,Ulundi,2018,unauthorised,Unauthorised Expenditure,0.0
KZN271,Umhlabuyalingana,2018,fruitless,Fruitless and Wasteful Expenditure,8270.0
KZN271,Umhlabuyalingana,2018,irregular,Irregular Expenditure,4912663.0
KZN271,Umhlabuyalingana,2018,unauthorised,Unauthorised Expenditure,0.0
KZN272,Jozini,2018,fruitless,Fruitless and Wasteful Expenditure,121732.0
KZN272,Jozini,2018,irregular,Irregular Expenditure,61505570.0
KZN272,Jozini,2018,unauthorised,Unauthorised Expenditure,29237102.0
KZN275,Mtubatuba,2018,fruitless,Fruitless and Wasteful Expenditure,82682.0
KZN275,Mtubatuba,2018,irregular,Irregular Expenditure,6883881.0
KZN275,Mtubatuba,2018,unauthorised,Unauthorised Expenditure,28946876.0
KZN276,Hlabisa Big Five,2018,fruitless,Fruitless and Wasteful Expenditure,796506.0
KZN276,Hlabisa Big Five,2018,irregular,Irregular Expenditure,12754511.0
KZN276,Hlabisa Big Five,2018,unauthorised,Unauthorised Expenditure,9667882.0
KZN281,Mfolozi,2018,fruitless,Fruitless and Wasteful Expenditure,196562.0
KZN281,Mfolozi,2018,irregular,Irregular Expenditure,15391697.0
KZN281,Mfolozi,2018,unauthorised,Unauthorised Expenditure,26287624.0
KZN282,uMhlathuze,2018,fruitless,Fruitless and Wasteful Expenditure,0.0
KZN282,uMhlathuze,2018,irregular,Irregular Expenditure,3037670.0
KZN282,uMhlathuze,2018,unauthorised,Unauthorised Expenditure,0.0
KZN284,uMlalazi,2018,fruitless,Fruitless and Wasteful Expenditure,1802099.0
KZN284,uMlalazi,2018,irregular,Irregular Expenditure,3051897.0
KZN284,uMlalazi,2018,unauthorised,Unauthorised Expenditure,14825445.0
KZN285,Mthonjaneni,2018,fruitless,Fruitless and Wasteful Expenditure,56504.0
KZN285,Mthonjaneni,2018,irregular,Irregular Expenditure,36243502.0
KZN285,Mthonjaneni,2018,unauthorised,Unauthorised Expenditure,1508905.0
KZN286,Nkandla,2018,fruitless,Fruitless and Wasteful Expenditure,1708820.0
KZN286,Nkandla,2018,irregular,Irregular Expenditure,10735520.0
KZN286,Nkandla,2018,unauthorised,Unauthorised Expenditure,11391448.0
KZN291,Mandeni,2018,fruitless,Fruitless and Wasteful Expenditure,73577.0
KZN291,Mandeni,2018,irregular,Irregular Expenditure,10759963.0
KZN291,Mandeni,2018,unauthorised,Unauthorised Expenditure,18260204.0
KZN292,KwaDukuza,2018,fruitless,Fruitless and Wasteful Expenditure,20000.0
KZN292,KwaDukuza,2018,irregular,Irregular Expenditure,127689576.0
KZN292,KwaDukuza,2018,unauthorised,Unauthorised Expenditure,0.0
KZN293,Ndwedwe,2018,fruitless,Fruitless and Wasteful Expenditure,0.0
KZN293,Ndwedwe,2018,irregular,Irregular Expenditure,3335009.0
KZN293,Ndwedwe,2018,unauthorised,Unauthorised Expenditure,0.0
KZN294,Maphumulo,2018,fruitless,Fruitless and Wasteful Expenditure,761071.0
KZN294,Maphumulo,2018,irregular,Irregular Expenditure,3146129.0
KZN294,Maphumulo,2018,unauthorised,Unauthorised Expenditure,0.0
KZN433,Greater Kokstad,2018,fruitless,Fruitless and Wasteful Expenditure,16247.0
KZN433,Greater Kokstad,2018,irregular,Irregular Expenditure,28628216.0
KZN433,Greater Kokstad,2018,unauthorised,Unauthorised Expenditure,0.0
KZN434,Johannes Phumani Phungula,2018,fruitless,Fruitless and Wasteful Expenditure,2856.0
KZN434,Johannes Phumani Phungula,2018,irregular,Irregular Expenditure,12209062.0
KZN434,Johannes Phumani Phungula,2018,unauthorised,Unauthorised Expenditure,0.0
KZN435,Umzimkhulu,2018,fruitless,Fruitless and Wasteful Expenditure,0.0
KZN435,Umzimkhulu,2018,irregular,Irregular Expenditure,2609098.0
KZN435,Umzimkhulu,2018,unauthorised,Unauthorised Expenditure,0.0
KZN436,Dr Nkosazana Dlamini Zuma,2018,fruitless,Fruitless and Wasteful Expenditure,11690.0
KZN436,Dr Nkosazana Dlamini Zuma,2018,irregular,Irregular Expenditure,10862408.0
KZN436,Dr Nkosazana Dlamini Zuma,2018,unauthorised,Unauthorised Expenditure,0.0
LIM331,Greater Giyani,2018,fruitless,Fruitless and Wasteful Expenditure,173262.0
LIM331,Greater Giyani,2018,irregular,Irregular Expenditure,2929999.0
LIM331,Greater Giyani,2018,unauthorised,Unauthorised Expenditure,206452633.0
LIM332,Greater Letaba,2018,fruitless,Fruitless and Wasteful Expenditure,97526.0
LIM332,Greater Letaba,2018,irregular,Irregular Expenditure,96376555.0
LIM332,Greater Letaba,2018,unauthorised,Unauthorised Expenditure,51199769.0
LIM333,Greater Tzaneen,2018,fruitless,Fruitless and Wasteful Expenditure,6196828.0
LIM333,Greater Tzaneen,2018,irregular,Irregular Expenditure,12252915.0
LIM333,Greater Tzaneen,2018,unauthorised,Unauthorised Expenditure,111909226.0
LIM334,Ba-Phalaborwa,2018,fruitless,Fruitless and Wasteful Expenditure,241052.0
LIM334,Ba-Phalaborwa,2018,irregular,Irregular Expenditure,37361036.0
LIM334,Ba-Phalaborwa,2018,unauthorised,Unauthorised Expenditure,68675685.0
LIM335,Maruleng,2018,fruitless,Fruitless and Wasteful Expenditure,0.0
LIM335,Maruleng,2018,irregular,Irregular Expenditure,5204392.0
LIM335,Maruleng,2018,unauthorised,Unauthorised Expenditure,0.0
LIM341,Musina,2018,fruitless,Fruitless and Wasteful Expenditure,2948078.0
LIM341,Musina,2018,irregular,Irregular Expenditure,21734708.0
LIM341,Musina,2018,unauthorised,Unauthorised Expenditure,0.0
LIM343,Thulamela,2018,fruitless,Fruitless and Wasteful Expenditure,9927799.0
LIM343,Thulamela,2018,irregular,Irregular Expenditure,891925.0
LIM343,Thulamela,2018,unauthorised,Unauthorised Expenditure,32185551.0
LIM344,Makhado,2018,fruitless,Fruitless and Wasteful Expenditure,606305.0
LIM344,Makhado,2018,irregular,Irregular Expenditure,33511668.0
LIM344,Makhado,2018,unauthorised,Unauthorised Expenditure,164328776.0
LIM345,Collins Chabane,2018,fruitless,Fruitless and Wasteful Expenditure,223585.0
LIM345,Collins Chabane,2018,irregular,Irregular Expenditure,45428621.0
LIM345,Collins Chabane,2018,unauthorised,Unauthorised Expenditure,4998192.0
LIM351,Blouberg,2018,fruitless,Fruitless and Wasteful Expenditure,286917.0
LIM351,Blouberg,2018,irregular,Irregular Expenditure,13959006.0
LIM351,Blouberg,2018,unauthorised,Unauthorised Expenditure,0.0
LIM353,Molemole,2018,fruitless,Fruitless and Wasteful Expenditure,48597.0
LIM353,Molemole,2018,irregular,Irregular Expenditure,54162.0
LIM353,Molemole,2018,unauthorised,Unauthorised Expenditure,1433680.0
LIM354,Polokwane,2018,fruitless,Fruitless and Wasteful Expenditure,98208.0
LIM354,Polokwane,2018,irregular,Irregular Expenditure,89451307.0
LIM354,Polokwane,2018,unauthorised,Unauthorised Expenditure,411050617.0
LIM355,Lepelle-Nkumpi,2018,fruitless,Fruitless and Wasteful Expenditure,4894.0
LIM355,Lepelle-Nkumpi,2018,irregular,Irregular Expenditure,71018805.0
LIM355,Lepelle-Nkumpi,2018,unauthorised,Unauthorised Expenditure,0.0
LIM361,Thabazimbi,2018,fruitless,Fruitless and Wasteful Expenditure,10412593.0
LIM361,Thabazimbi,2018,irregular,Irregular Expenditure,2736496.0
LIM361,Thabazimbi,2018,unauthorised,Unauthorised Expenditure,19448745.0
LIM362,Lephalale,2018,fruitless,Fruitless and Wasteful Expenditure,1124629.0
LIM362,Lephalale,2018,irregular,Irregular Expenditure,8892096.0
LIM362,Lephalale,2018,unauthorised,Unauthorised Expenditure,17616832.0
LIM366,Bela Bela,2018,fruitless,Fruitless and Wasteful Expenditure,2191338.0
LIM366,Bela Bela,2018,irregular,Irregular Expenditure,31873266.0
LIM366,Bela Bela,2018,unauthorised,Unauthorised Expenditure,15130663.0
LIM367,Mogalakwena,2018,fruitless,Fruitless and Wasteful Expenditure,2606694.0
LIM367,Mogalakwena,2018,irregular,Irregular Expenditure,373685032.0
LIM367,Mogalakwena,2018,unauthorised,Unauthorised Expenditure,1117369419.0
LIM368,Modimolle-Mookgopong,2018,fruitless,Fruitless and Wasteful Expenditure,19912005.0
LIM368,Modimolle-Mookgopong,2018,irregular,Irregular Expenditure,76343632.0
LIM368,Modimolle-Mookgopong,2018,unauthorised,Unauthorised Expenditure,59200393.0
LIM471,Ephraim Mogale,2018,fruitless,Fruitless and Wasteful Expenditure,209439.0
LIM471,Ephraim Mogale,2018,irregular,Irregular Expenditure,20966377.0
LIM471,Ephraim Mogale,2018,unauthorised,Unauthorised Expenditure,0.0
LIM472,Elias Motsoaledi,2018,fruitless,Fruitless and Wasteful Expenditure,421359.0
LIM472,Elias Motsoaledi,2018,irregular,Irregular Expenditure,82617973.0
LIM472,Elias Motsoaledi,2018,unauthorised,Unauthorised Expenditure,75392906.0
LIM473,Makhuduthamaga,2018,fruitless,Fruitless and Wasteful Expenditure,64862.0
LIM473,Makhuduthamaga,2018,irregular,Irregular Expenditure,0.0
LIM473,Makhuduthamaga,2018,unauthorised,Unauthorised Expenditure,48020749.0
LIM476,Tubatse Fetakgomo,2018,fruitless,Fruitless and Wasteful Expenditure,1787436.0
LIM476,Tubatse Fetakgomo,2018,irregular,Irregular Expenditure,77305102.0
LIM476,Tubatse Fetakgomo,2018,unauthorised,Unauthorised Expenditure,297671926.0
MAN,Mangaung,2018,fruitless,Fruitless and Wasteful Expenditure,25866875.0
MAN,Mangaung,2018,irregular,Irregular Expenditure,95241867.0
MAN,Mangaung,2018,unauthorised,Unauthorised Expenditure,852316053.0
MP301,Albert Luthuli,2018,fruitless,Fruitless and Wasteful Expenditure,3849171.0
MP301,Albert Luthuli,2018,irregular,Irregular Expenditure,40630459.0
MP301,Albert Luthuli,2018,unauthorised,Unauthorised Expenditure,212077.0
MP302,Msukaligwa,2018,fruitless,Fruitless and Wasteful Expenditure,39747114.0
MP302,Msukaligwa,2018,irregular,Irregular Expenditure,94132893.0
MP302,Msukaligwa,2018,unauthorised,Unauthorised Expenditure,0.0
MP303,Mkhondo,2018,fruitless,Fruitless and Wasteful Expenditure,13420539.0
MP303,Mkhondo,2018,irregular,Irregular Expenditure,30712824.0
MP303,Mkhondo,2018,unauthorised,Unauthorised Expenditure,230673181.0
MP304,Pixley Ka Seme (MP),2018,fruitless,Fruitless and Wasteful Expenditure,2022.0
MP304,Pixley Ka Seme (MP),2018,irregular,Irregular Expenditure,2641056.0
MP304,Pixley Ka Seme (MP),2018,unauthorised,Unauthorised Expenditure,0.0
MP305,Lekwa,2018,fruitless,Fruitless and Wasteful Expenditure,77635336.0
MP305,Lekwa,2018,irregular,Irregular Expenditure,91087414.0
MP305,Lekwa,2018,unauthorised,Unauthorised Expenditure,89698003.0
MP306,Dipaleseng,2018,fruitless,Fruitless and Wasteful Expenditure,3550192.0
MP306,Dipaleseng,2018,irregular,Irregular Expenditure,23728665.0
MP306,Dipaleseng,2018,unauthorised,Unauthorised Expenditure,32308590.0
MP307,Govan Mbeki,2018,fruitless,Fruitless and Wasteful Expenditure,82172966.0
MP307,Govan Mbeki,2018,irregular,Irregular Expenditure,58088949.0
MP307,Govan Mbeki,2018,unauthorised,Unauthorised Expenditure,229992929.0
MP311,Victor Khanye,2018,fruitless,Fruitless and Wasteful Expenditure,6355990.0
MP311,Victor Khanye,2018,irregular,Irregular Expenditure,9080647.0
MP311,Victor Khanye,2018,unauthorised,Unauthorised Expenditure,32696356.0
MP312,Emalahleni (MP),2018,fruitless,Fruitless and Wasteful Expenditure,110173183.0
MP312,Emalahleni (MP),2018,irregular,Irregular Expenditure,135274092.0
MP312,Emalahleni (MP),2018,unauthorised,Unauthorised Expenditure,222041583.0
MP313,Steve Tshwete,2018,fruitless,Fruitless and Wasteful Expenditure,0.0
MP313,Steve Tshwete,2018,irregular,Irregular Expenditure,8387202.0
MP313,Steve Tshwete,2018,unauthorised,Unauthorised Expenditure,26033434.0
MP314,Emakhazeni,2018,fruitless,Fruitless and Wasteful Expenditure,5122107.0
MP314,Emakhazeni,2018,irregular,Irregular Expenditure,40609699.0
MP314,Emakhazeni,2018,unauthorised,Unauthorised Expenditure,5548558.0
MP315,Thembisile Hani,2018,fruitless,Fruitless and Wasteful Expenditure,9113327.0
MP315,Thembisile Hani,2018,irregular,Irregular Expenditure,34892481.0
MP315,Thembisile Hani,2018,unauthorised,Unauthorised Expenditure,0.0
MP316,Dr J.S. Moroka,2018,fruitless,Fruitless and Wasteful Expenditure,431324.0
MP316,Dr J.S. Moroka,2018,irregular,Irregular Expenditure,277804021.0
MP316,Dr J.S. Moroka,2018,unauthorised,Unauthorised Expenditure,14888081.0
MP321,Thaba Chweu,2018,fruitless,Fruitless and Wasteful Expenditure,22042825.0
MP321,Thaba Chweu,2018,irregular,Irregular Expenditure,134211209.0
MP321,Thaba Chweu,2018,unauthorised,Unauthorised Expenditure,8459017.0
MP324,Nkomazi,2018,fruitless,Fruitless and Wasteful Expenditure,861976.0
MP324,Nkomazi,2018,irregular,Irregular Expenditure,58544464.0
MP324,Nkomazi,2018,unauthorised,Unauthorised Expenditure,3190504.0
MP325,Bushbuckridge,2018,fruitless,Fruitless and Wasteful Expenditure,14978884.0
MP325,Bushbuckridge,2018,irregular,Irregular Expenditure,216773363.0
MP325,Bushbuckridge,2018,unauthorised,Unauthorised Expenditure,45172819.0
MP326,City of Mbombela,2018,fruitless,Fruitless and Wasteful Expenditure,28909554.0
MP326,City of Mbombela,2018,irregular,Irregular Expenditure,186521982.0
MP326,City of Mbombela,2018,unauthorised,Unauthorised Expenditure,319607707.0
NC061,Richtersveld,2018,fruitless,Fruitless and Wasteful Expenditure,30060.0
NC061,Richtersveld,2018,irregular,Irregular Expenditure,0.0
NC061,Richtersveld,2018,unauthorised,Unauthorised Expenditure,3801281.0
NC062,Nama Khoi,2018,fruitless,Fruitless and Wasteful Expenditure,12586987.0
NC062,Nama Khoi,2018,irregular,Irregular Expenditure,39897484.0
NC062,Nama Khoi,2018,unauthorised,Unauthorised Expenditure,32327869.0
NC064,Kamiesberg,2018,fruitless,Fruitless and Wasteful Expenditure,2709862.0
NC064,Kamiesberg,2018,irregular,Irregular Expenditure,7263494.0
NC064,Kamiesberg,2018,unauthorised,Unauthorised Expenditure,17313187.0
NC065,Hantam,2018,fruitless,Fruitless and Wasteful Expenditure,0.0
NC065,Hantam,2018,irregular,Irregular Expenditure,81874475.0
NC065,Hantam,2018,unauthorised,Unauthorised Expenditure,16152123.0
NC066,Karoo Hoogland,2018,fruitless,Fruitless and Wasteful Expenditure,8837.0
NC066,Karoo Hoogland,2018,irregular,Irregular Expenditure,6452260.0
NC066,Karoo Hoogland,2018,unauthorised,Unauthorised Expenditure,9552938.0
NC067,Khai-Ma,2018,fruitless,Fruitless and Wasteful Expenditure,1657840.0
NC067,Khai-Ma,2018,irregular,Irregular Expenditure,11842220.0
NC067,Khai-Ma,2018,unauthorised,Unauthorised Expenditure,6576329.0
NC071,Ubuntu,2018,fruitless,Fruitless and Wasteful Expenditure,6328588.0
NC071,Ubuntu,2018,irregular,Irregular Expenditure,3909402.0
NC071,Ubuntu,2018,unauthorised,Unauthorised Expenditure,63712919.0
NC072,Umsobomvu,2018,fruitless,Fruitless and Wasteful Expenditure,0.0
NC072,Umsobomvu,2018,irregular,Irregular Expenditure,6537511.0
NC072,Umsobomvu,2018,unauthorised,Unauthorised Expenditure,0.0
NC073,Emthanjeni,2018,fruitless,Fruitless and Wasteful Expenditure,3774822.0
NC073,Emthanjeni,2018,irregular,Irregular Expenditure,28167807.0
NC073,Emthanjeni,2018,unauthorised,Unauthorised Expenditure,31744135.0
NC074,Kareeberg,2018,fruitless,Fruitless and Wasteful Expenditure,0.0
NC074,Kareeberg,2018,irregular,Irregular Expenditure,476038.0
NC074,Kareeberg,2018,unauthorised,Unauthorised Expenditure,4357405.0
NC075,Renosterberg,2018,fruitless,Fruitless and Wasteful Expenditure,7870347.0
NC075,Renosterberg,2018,irregular,Irregular Expenditure,0.0
NC075,Renosterberg,2018,unauthorised,Unauthorised Expenditure,0.0
NC076,Thembelihle,2018,fruitless,Fruitless and Wasteful Expenditure,7376024.0
NC076,Thembelihle,2018,irregular,Irregular Expenditure,1324385.0
NC076,Thembelihle,2018,unauthorised,Unauthorised Expenditure,29809797.0
NC077,Siyathemba,2018,fruitless,Fruitless and Wasteful Expenditure,2212136.0
NC077,Siyathemba,2018,irregular,Irregular Expenditure,14351221.0
NC077,Siyathemba,2018,unauthorised,Unauthorised Expenditure,39447764.0
NC078,Siyancuma,2018,fruitless,Fruitless and Wasteful Expenditure,12578090.0
NC078,Siyancuma,2018,irregular,Irregular Expenditure,6982029.0
NC078,Siyancuma,2018,unauthorised,Unauthorised Expenditure,37066582.0
NC082,!Kai! Garib,2018,fruitless,Fruitless and Wasteful Expenditure,19979782.0
NC082,!Kai! Garib,2018,irregular,Irregular Expenditure,7765042.0
NC082,!Kai! Garib,2018,unauthorised,Unauthorised Expenditure,76531631.0
NC084,!Kheis,2018,fruitless,Fruitless and Wasteful Expenditure,50466.0
NC084,!Kheis,2018,irregular,Irregular Expenditure,4819274.0
NC084,!Kheis,2018,unauthorised,Unauthorised Expenditure,3829861.0
NC085,Tsantsabane,2018,fruitless,Fruitless and Wasteful Expenditure,12728201.0
NC085,Tsantsabane,2018,irregular,Irregular Expenditure,18605170.0
NC085,Tsantsabane,2018,unauthorised,Unauthorised Expenditure,47629173.0
NC086,Kgatelopele,2018,fruitless,Fruitless and Wasteful Expenditure,4104399.0
NC086,Kgatelopele,2018,irregular,Irregular Expenditure,7890241.0
NC086,Kgatelopele,2018,unauthorised,Unauthorised Expenditure,0.0
NC087,Dawid Kruiper,2018,fruitless,Fruitless and Wasteful Expenditure,2117.0
NC087,Dawid Kruiper,2018,irregular,Irregular Expenditure,7717268.0
NC087,Dawid Kruiper,2018,unauthorised,Unauthorised Expenditure,50868211.0
NC091,Sol Plaatje,2018,fruitless,Fruitless and Wasteful Expenditure,0.0
NC091,Sol Plaatje,2018,irregular,Irregular Expenditure,15874989.0
NC091,Sol Plaatje,2018,unauthorised,Unauthorised Expenditure,0.0
NC092,Dikgatlong,2018,fruitless,Fruitless and Wasteful Expenditure,7414718.0
NC092,Dikgatlong,2018,irregular,Irregular Expenditure,4919207.0
NC092,Dikgatlong,2018,unauthorised,Unauthorised Expenditure,48800851.0
NC093,Magareng,2018,fruitless,Fruitless and Wasteful Expenditure,7987580.0
NC093,Magareng,2018,irregular,Irregular Expenditure,22847379.0
NC093,Magareng,2018,unauthorised,Unauthorised Expenditure,30533375.0
NC094,Phokwane,2018,fruitless,Fruitless and Wasteful Expenditure,4785282.0
NC094,Phokwane,2018,irregular,Irregular Expenditure,48126169.0
NC094,Phokwane,2018,unauthorised,Unauthorised Expenditure,116479988.0
NC451,Joe Morolong,2018,fruitless,Fruitless and Wasteful Expenditure,492248.0
NC451,Joe Morolong,2018,irregular,Irregular Expenditure,37228620.0
NC451,Joe Morolong,2018,unauthorised,Unauthorised Expenditure,55063270.0
NC452,Ga-Segonyana,2018,fruitless,Fruitless and Wasteful Expenditure,5188914.0
NC452,Ga-Segonyana,2018,irregular,Irregular Expenditure,255522766.0
NC452,Ga-Segonyana,2018,unauthorised,Unauthorised Expenditure,41225363.0
NC453,Gamagara,2018,fruitless,Fruitless and Wasteful Expenditure,6724077.0
NC453,Gamagara,2018,irregular,Irregular Expenditure,23317913.0
NC453,Gamagara,2018,unauthorised,Unauthorised Expenditure,0.0
NMA,Nelson Mandela Bay,2018,fruitless,Fruitless and Wasteful Expenditure,2714185.0
NMA,Nelson Mandela Bay,2018,irregular,Irregular Expenditure,3053423410.0
NMA,Nelson Mandela Bay,2018,unauthorised,Unauthorised Expenditure,260174267.0
NW371,Moretele,2018,fruitless,Fruitless and Wasteful Expenditure,8717886.0
NW371,Moretele,2018,irregular,Irregular Expenditure,166071327.0
NW371,Moretele,2018,unauthorised,Unauthorised Expenditure,132079448.0
NW372,Madibeng,2018,fruitless,Fruitless and Wasteful Expenditure,21473527.0
NW372,Madibeng,2018,irregular,Irregular Expenditure,61150801.0
NW372,Madibeng,2018,unauthorised,Unauthorised Expenditure,0.0
NW373,Rustenburg,2018,fruitless,Fruitless and Wasteful Expenditure,251000.0
NW373,Rustenburg,2018,irregular,Irregular Expenditure,1465576000.0
NW373,Rustenburg,2018,unauthorised,Unauthorised Expenditure,65375000.0
NW374,Kgetlengrivier,2018,fruitless,Fruitless and Wasteful Expenditure,4562916.0
NW374,Kgetlengrivier,2018,irregular,Irregular Expenditure,14150473.0
NW374,Kgetlengrivier,2018,unauthorised,Unauthorised Expenditure,0.0
NW375,Moses Kotane,2018,fruitless,Fruitless and Wasteful Expenditure,0.0
NW375,Moses Kotane,2018,irregular,Irregular Expenditure,14940815.0
NW375,Moses Kotane,2018,unauthorised,Unauthorised Expenditure,151266242.0
NW381,Ratlou,2018,fruitless,Fruitless and Wasteful Expenditure,485899.0
NW381,Ratlou,2018,irregular,Irregular Expenditure,43260101.0
NW381,Ratlou,2018,unauthorised,Unauthorised Expenditure,0.0
NW382,Tswaing,2018,fruitless,Fruitless and Wasteful Expenditure,9718266.0
NW382,Tswaing,2018,irregular,Irregular Expenditure,57179483.0
NW382,Tswaing,2018,unauthorised,Unauthorised Expenditure,66209110.0
NW383,Mafikeng,2018,fruitless,Fruitless and Wasteful Expenditure,2397200.0
NW383,Mafikeng,2018,irregular,Irregular Expenditure,211137639.0
NW383,Mafikeng,2018,unauthorised,Unauthorised Expenditure,107578729.0
NW384,Ditsobotla,2018,fruitless,Fruitless and Wasteful Expenditure,0.0
NW384,Ditsobotla,2018,irregular,Irregular Expenditure,0.0
NW384,Ditsobotla,2018,unauthorised,Unauthorised Expenditure,0.0
NW385,Ramotshere Moiloa,2018,fruitless,Fruitless and Wasteful Expenditure,5986204.0
NW385,Ramotshere Moiloa,2018,irregular,Irregular Expenditure,12521328.0
NW385,Ramotshere Moiloa,2018,unauthorised,Unauthorised Expenditure,23268307.0
NW392,Naledi (NW),2018,fruitless,Fruitless and Wasteful Expenditure,29716991.0
NW392,Naledi (NW),2018,irregular,Irregular Expenditure,67848016.0
NW392,Naledi (NW),2018,unauthorised,Unauthorised Expenditure,61958614.0
NW393,Mamusa,2018,fruitless,Fruitless and Wasteful Expenditure,10269849.0
NW393,Mamusa,2018,irregular,Irregular Expenditure,6688732.0
NW393,Mamusa,2018,unauthorised,Unauthorised Expenditure,5831187.0
NW394,Greater Taung,2018,fruitless,Fruitless and Wasteful Expenditure,919033.0
NW394,Greater Taung,2018,irregular,Irregular Expenditure,55522457.0
NW394,Greater Taung,2018,unauthorised,Unauthorised Expenditure,117045.0
NW396,Lekwa-Teemane,2018,fruitless,Fruitless and Wasteful Expenditure,4247061.0
NW396,Lekwa-Teemane,2018,irregular,Irregular Expenditure,1163172.0
NW396,Lekwa-Teemane,2018,unauthorised,Unauthorised Expenditure,0.0
NW397,Kagisano-Molopo,2018,fruitless,Fruitless and Wasteful Expenditure,64791.0
NW397,Kagisano-Molopo,2018,irregular,Irregular Expenditure,111235008.0
NW397,Kagisano-Molopo,2018,unauthorised,Unauthorised Expenditure,24996067.0
NW403,City of Matlosana,2018,fruitless,Fruitless and Wasteful Expenditure,52159217.0
NW403,City of Matlosana,2018,irregular,Irregular Expenditure,355785323.0
NW403,City of Matlosana,2018,unauthorised,Unauthorised Expenditure,140879370.0
NW404,Maquassi Hills,2018,fruitless,Fruitless and Wasteful Expenditure,534665.0
NW404,Maquassi Hills,2018,irregular,Irregular Expenditure,105156955.0
NW404,Maquassi Hills,2018,unauthorised,Unauthorised Expenditure,156925610.0
NW405,J B Marks,2018,fruitless,Fruitless and Wasteful Expenditure,3652808.0
NW405,J B Marks,2018,irregular,Irregular Expenditure,1270272048.0
NW405,J B Marks,2018,unauthorised,Unauthorised Expenditure,168570106.0
TSH,City of Tshwane,2018,fruitless,Fruitless and Wasteful Expenditure,64768966.0
TSH,City of Tshwane,2018,irregular,Irregular Expenditure,1683866772.0
TSH,City of Tshwane,2018,unauthorised,Unauthorised Expenditure,1138260974.0
WC011,Matzikama,2018,fruitless,Fruitless and Wasteful Expenditure,0.0
WC011,Matzikama,2018,irregular,Irregular Expenditure,0.0
WC011,Matzikama,2018,unauthorised,Unauthorised Expenditure,0.0
WC012,Cederberg,2018,fruitless,Fruitless and Wasteful Expenditure,122438.0
WC012,Cederberg,2018,irregular,Irregular Expenditure,51176640.0
WC012,Cederberg,2018,unauthorised,Unauthorised Expenditure,637243.0
WC013,Bergrivier,2018,fruitless,Fruitless and Wasteful Expenditure,8993.0
WC013,Bergrivier,2018,irregular,Irregular Expenditure,0.0
WC013,Bergrivier,2018,unauthorised,Unauthorised Expenditure,0.0
WC014,Saldanha Bay,2018,fruitless,Fruitless and Wasteful Expenditure,19677.0
WC014,Saldanha Bay,2018,irregular,Irregular Expenditure,44385077.0
WC014,Saldanha Bay,2018,unauthorised,Unauthorised Expenditure,23241849.0
WC015,Swartland,2018,fruitless,Fruitless and Wasteful Expenditure,2940.0
WC015,Swartland,2018,irregular,Irregular Expenditure,0.0
WC015,Swartland,2018,unauthorised,Unauthorised Expenditure,6665365.0
WC022,Witzenberg,2018,fruitless,Fruitless and Wasteful Expenditure,0.0
WC022,Witzenberg,2018,irregular,Irregular Expenditure,0.0
WC022,Witzenberg,2018,unauthorised,Unauthorised Expenditure,0.0
WC023,Drakenstein,2018,fruitless,Fruitless and Wasteful Expenditure,0.0
WC023,Drakenstein,2018,irregular,Irregular Expenditure,47848766.0
WC023,Drakenstein,2018,unauthorised,Unauthorised Expenditure,994744.0
WC024,Stellenbosch,2018,fruitless,Fruitless and Wasteful Expenditure,0.0
WC024,Stellenbosch,2018,irregular,Irregular Expenditure,29275088.0
WC024,Stellenbosch,2018,unauthorised,Unauthorised Expenditure,0.0
WC025,Breede Valley,2018,fruitless,Fruitless and Wasteful Expenditure,0.0
WC025,Breede Valley,2018,irregular,Irregular Expenditure,0.0
WC025,Breede Valley,2018,unauthorised,Unauthorised Expenditure,0.0
WC026,Langeberg,2018,fruitless,Fruitless and Wasteful Expenditure,40250.0
WC026,Langeberg,2018,irregular,Irregular Expenditure,836508.0
WC026,Langeberg,2018,unauthorised,Unauthorised Expenditure,6447312.0
WC031,Theewaterskloof,2018,fruitless,Fruitless and Wasteful Expenditure,0.0
WC031,Theewaterskloof,2018,irregular,Irregular Expenditure,18852864.0
WC031,Theewaterskloof,2018,unauthorised,Unauthorised Expenditure,0.0
WC032,Overstrand,2018,fruitless,Fruitless and Wasteful Expenditure,0.0
WC032,Overstrand,2018,irregular,Irregular Expenditure,24290.0
WC032,Overstrand,2018,unauthorised,Unauthorised Expenditure,0.0
WC033,Cape Agulhas,2018,fruitless,Fruitless and Wasteful Expenditure,107870.0
WC033,Cape Agulhas,2018,irregular,Irregular Expenditure,250708.0
WC033,Cape Agulhas,2018,unauthorised,Unauthorised Expenditure,2873761.0
WC034,Swellendam,2018,fruitless,Fruitless and Wasteful Expenditure,0.0
WC034,Swellendam,2018,irregular,Irregular Expenditure,4651870.0
WC034,Swellendam,2018,unauthorised,Unauthorised Expenditure,9984580.0
WC041,Kannaland,2018,fruitless,Fruitless and Wasteful Expenditure,1748047.0
WC041,Kannaland,2018,irregular,Irregular Expenditure,30572663.0
WC041,Kannaland,2018,unauthorised,Unauthorised Expenditure,38269296.0
WC042,Hessequa,2018,fruitless,Fruitless and Wasteful Expenditure,409029.0
WC042,Hessequa,2018,irregular,Irregular Expenditure,1687552.0
WC042,Hessequa,2018,unauthorised,Unauthorised Expenditure,862201.0
WC043,Mossel Bay,2018,fruitless,Fruitless and Wasteful Expenditure,0.0
WC043,Mossel Bay,2018,irregular,Irregular Expenditure,22392436.0
WC043,Mossel Bay,2018,unauthorised,Unauthorised Expenditure,800370.0
WC044,George,2018,fruitless,Fruitless and Wasteful Expenditure,0.0
WC044,George,2018,irregular,Irregular Expenditure,11721578.0
WC044,George,2018,unauthorised,Unauthorised Expenditure,62331468.0
WC045,Oudtshoorn,2018,fruitless,Fruitless and Wasteful Expenditure,477042.0
WC045,Oudtshoorn,2018,irregular,Irregular Expenditure,47416637.0
WC045,Oudtshoorn,2018,unauthorised,Unauthorised Expenditure,0.0
WC047,Bitou,2018,fruitless,Fruitless and Wasteful Expenditure,0.0
WC047,Bitou,2018,irregular,Irregular Expenditure,16714207.0
WC047,Bitou,2018,unauthorised,Unauthorised Expenditure,58345112.0
WC048,Knysna,2018,fruitless,Fruitless and Wasteful Expenditure,684.0
WC048,Knysna,2018,irregular,Irregular Expenditure,18534723.0
WC048,Knysna,2018,unauthorised,Unauthorised Expenditure,9208835.0
WC051,Laingsburg,2018,fruitless,Fruitless and Wasteful Expenditure,37860.0
WC051,Laingsburg,2018,irregular,Irregular Expenditure,14326316.0
WC051,Laingsburg,2018,unauthorised,Unauthorised Expenditure,4649796.0
WC052,Prince Albert,2018,fruitless,Fruitless and Wasteful Expenditure,1494.0
WC052,Prince Albert,2018,irregular,Irregular Expenditure,772114.0
WC052,Prince Albert,2018,unauthorised,Unauthorised Expenditure,5116614.0
WC053,Beaufort West,2018,fruitless,Fruitless and Wasteful Expenditure,562024.0
WC053,Beaufort West,2018,irregular,Irregular Expenditure,52225692.0
WC053,Beaufort West,2018,unauthorised,Unauthorised Expenditure,20460184.0
BUF,Buffalo City,2019,fruitless,Fruitless and Wasteful Expenditure,12378750.0
BUF,Buffalo City,2019,irregular,Irregular Expenditure,132542939.0
BUF,Buffalo City,2019,unauthorised,Unauthorised Expenditure,42977417.0
CPT,Cape Town,2019,fruitless,Fruitless and Wasteful Expenditure,19802000.0
CPT,Cape Town,2019,irregular,Irregular Expenditure,950370000.0
CPT,Cape Town,2019,unauthorised,Unauthorised Expenditure,0.0
DC1,West Coast,2019,fruitless,Fruitless and Wasteful Expenditure,21513.0
DC1,West Coast,2019,irregular,Irregular Expenditure,4548601.0
DC1,West Coast,2019,unauthorised,Unauthorised Expenditure,0.0
DC10,Sarah Baartman,2019,fruitless,Fruitless and Wasteful Expenditure,4911.0
DC10,Sarah Baartman,2019,irregular,Irregular Expenditure,1400079.0
DC10,Sarah Baartman,2019,unauthorised,Unauthorised Expenditure,0.0
DC12,Amathole,2019,fruitless,Fruitless and Wasteful Expenditure,727747.0
DC12,Amathole,2019,irregular,Irregular Expenditure,125229588.0
DC12,Amathole,2019,unauthorised,Unauthorised Expenditure,154845832.0
DC13,Chris Hani,2019,fruitless,Fruitless and Wasteful Expenditure,10203089.0
DC13,Chris Hani,2019,irregular,Irregular Expenditure,94759714.0
DC13,Chris Hani,2019,unauthorised,Unauthorised Expenditure,0.0
DC14,Joe Gqabi,2019,fruitless,Fruitless and Wasteful Expenditure,0.0
DC14,Joe Gqabi,2019,irregular,Irregular Expenditure,9914506.0
DC14,Joe Gqabi,2019,unauthorised,Unauthorised Expenditure,0.0
DC15,O R Tambo,2019,fruitless,Fruitless and Wasteful Expenditure,965486.0
DC15,O R Tambo,2019,irregular,Irregular Expenditure,981044090.0
DC15,O R Tambo,2019,unauthorised,Unauthorised Expenditure,14637683.0
DC16,Xhariep,2019,fruitless,Fruitless and Wasteful Expenditure,341809.0
DC16,Xhariep,2019,irregular,Irregular Expenditure,2466957.0
DC16,Xhariep,2019,unauthorised,Unauthorised Expenditure,6175909.0
DC18,Lejweleputswa,2019,fruitless,Fruitless and Wasteful Expenditure,0.0
DC18,Lejweleputswa,2019,irregular,Irregular Expenditure,583280.0
DC18,Lejweleputswa,2019,unauthorised,Unauthorised Expenditure,0.0
DC19,Thabo Mofutsanyana,2019,fruitless,Fruitless and Wasteful Expenditure,105692.0
DC19,Thabo Mofutsanyana,2019,irregular,Irregular Expenditure,17022948.0
DC19,Thabo Mofutsanyana,2019,unauthorised,Unauthorised Expenditure,0.0
DC2,Cape Winelands DM,2019,fruitless,Fruitless and Wasteful Expenditure,101633.0
DC2,Cape Winelands DM,2019,irregular,Irregular Expenditure,135013.0
DC2,Cape Winelands DM,2019,unauthorised,Unauthorised Expenditure,0.0
DC20,Fezile Dabi,2019,fruitless,Fruitless and Wasteful Expenditure,133607.0
DC20,Fezile Dabi,2019,irregular,Irregular Expenditure,29118472.0
DC20,Fezile Dabi,2019,unauthorised,Unauthorised Expenditure,10841179.0
DC21,Ugu,2019,fruitless,Fruitless and Wasteful Expenditure,11717649.0
DC21,Ugu,2019,irregular,Irregular Expenditure,322158510.0
DC21,Ugu,2019,unauthorised,Unauthorised Expenditure,228149864.0
DC22,uMgungundlovu,2019,fruitless,Fruitless and Wasteful Expenditure,488248.0
DC22,uMgungundlovu,2019,irregular,Irregular Expenditure,7803093.0
DC22,uMgungundlovu,2019,unauthorised,Unauthorised Expenditure,45447394.0
DC23,Uthukela,2019,fruitless,Fruitless and Wasteful Expenditure,1988240.0
DC23,Uthukela,2019,irregular,Irregular Expenditure,245563325.0
DC23,Uthukela,2019,unauthorised,Unauthorised Expenditure,66665124.0
DC24,Umzinyathi,2019,fruitless,Fruitless and Wasteful Expenditure,73424.0
DC24,Umzinyathi,2019,irregular,Irregular Expenditure,355665449.0
DC24,Umzinyathi,2019,unauthorised,Unauthorised Expenditure,67696128.0
DC25,Amajuba,2019,fruitless,Fruitless and Wasteful Expenditure,142277.0
DC25,Amajuba,2019,irregular,Irregular Expenditure,26076058.0
DC25,Amajuba,2019,unauthorised,Unauthorised Expenditure,14597558.0
DC26,Zululand,2019,fruitless,Fruitless and Wasteful Expenditure,1333903.0
DC26,Zululand,2019,irregular,Irregular Expenditure,123776198.0
DC26,Zululand,2019,unauthorised,Unauthorised Expenditure,0.0
DC27,Umkhanyakude,2019,fruitless,Fruitless and Wasteful Expenditure,32517210.0
DC27,Umkhanyakude,2019,irregular,Irregular Expenditure,494337612.0
DC27,Umkhanyakude,2019,unauthorised,Unauthorised Expenditure,108190008.0
DC28,King Cetshwayo,2019,fruitless,Fruitless and Wasteful Expenditure,0.0
DC28,King Cetshwayo,2019,irregular,Irregular Expenditure,6917532.0
DC28,King Cetshwayo,2019,unauthorised,Unauthorised Expenditure,21501205.0
DC29,iLembe,2019,fruitless,Fruitless and Wasteful Expenditure,0.0
DC29,iLembe,2019,irregular,Irregular Expenditure,421895607.0
DC29,iLembe,2019,unauthorised,Unauthorised Expenditure,0.0
DC3,Overberg,2019,fruitless,Fruitless and Wasteful Expenditure,0.0
DC3,Overberg,2019,irregular,Irregular Expenditure,16996911.0
DC3,Overberg,2019,unauthorised,Unauthorised Expenditure,16424967.0
DC30,Gert Sibande,2019,fruitless,Fruitless and Wasteful Expenditure,0.0
DC30,Gert Sibande,2019,irregular,Irregular Expenditure,0.0
DC30,Gert Sibande,2019,unauthorised,Unauthorised Expenditure,0.0
DC31,Nkangala,2019,fruitless,Fruitless and Wasteful Expenditure,0.0
DC31,Nkangala,2019,irregular,Irregular Expenditure,330825.0
DC31,Nkangala,2019,unauthorised,Unauthorised Expenditure,0.0
DC32,Ehlanzeni,2019,fruitless,Fruitless and Wasteful Expenditure,125147.0
DC32,Ehlanzeni,2019,irregular,Irregular Expenditure,2155390.0
DC32,Ehlanzeni,2019,unauthorised,Unauthorised Expenditure,186345.0
DC33,Mopani,2019,fruitless,Fruitless and Wasteful Expenditure,104017441.0
DC33,Mopani,2019,irregular,Irregular Expenditure,513732108.0
DC33,Mopani,2019,unauthorised,Unauthorised Expenditure,135986237.0
DC34,Vhembe,2019,fruitless,Fruitless and Wasteful Expenditure,1045006.0
DC34,Vhembe,2019,irregular,Irregular Expenditure,82857667.0
DC34,Vhembe,2019,unauthorised,Unauthorised Expenditure,571150588.0
DC35,Capricorn,2019,fruitless,Fruitless and Wasteful Expenditure,19762.0
DC35,Capricorn,2019,irregular,Irregular Expenditure,4116292.0
DC35,Capricorn,2019,unauthorised,Unauthorised Expenditure,0.0
DC36,Waterberg,2019,fruitless,Fruitless and Wasteful Expenditure,0.0
DC36,Waterberg,2019,irregular,Irregular Expenditure,31243923.0
DC36,Waterberg,2019,unauthorised,Unauthorised Expenditure,0.0
DC37,Bojanala Platinum,2019,fruitless,Fruitless and Wasteful Expenditure,277912.0
DC37,Bojanala Platinum,2019,irregular,Irregular Expenditure,173703648.0
DC37,Bojanala Platinum,2019,unauthorised,Unauthorised Expenditure,85431266.0
DC38,Ngaka Modiri Molema,2019,fruitless,Fruitless and Wasteful Expenditure,7892479.0
DC38,Ngaka Modiri Molema,2019,irregular,Irregular Expenditure,1559460993.0
DC38,Ngaka Modiri Molema,2019,unauthorised,Unauthorised Expenditure,11425099.0
DC39,Dr Ruth Segomotsi Mompati,2019,fruitless,Fruitless and Wasteful Expenditure,1063359.0
DC39,Dr Ruth Segomotsi Mompati,2019,irregular,Irregular Expenditure,326963910.0
DC39,Dr Ruth Segomotsi Mompati,2019,unauthorised,Unauthorised Expenditure,66593930.0
DC4,Garden Route,2019,fruitless,Fruitless and Wasteful Expenditure,48468.0
DC4,Garden Route,2019,irregular,Irregular Expenditure,160189803.0
DC4,Garden Route,2019,unauthorised,Unauthorised Expenditure,18609403.0
DC40,Dr Kenneth Kaunda,2019,fruitless,Fruitless and Wasteful Expenditure,30905.0
DC40,Dr Kenneth Kaunda,2019,irregular,Irregular Expenditure,21607852.0
DC40,Dr Kenneth Kaunda,2019,unauthorised,Unauthorised Expenditure,0.0
DC42,Sedibeng,2019,fruitless,Fruitless and Wasteful Expenditure,0.0
DC42,Sedibeng,2019,irregular,Irregular Expenditure,9040332.0
DC42,Sedibeng,2019,unauthorised,Unauthorised Expenditure,6585486.0
DC43,Harry Gwala,2019,fruitless,Fruitless and Wasteful Expenditure,70084.0
DC43,Harry Gwala,2019,irregular,Irregular Expenditure,138486434.0
DC43,Harry Gwala,2019,unauthorised,Unauthorised Expenditure,62565321.0
DC44,Alfred Nzo,2019,fruitless,Fruitless and Wasteful Expenditure,13400.0
DC44,Alfred Nzo,2019,irregular,Irregular Expenditure,223500557.0
DC44,Alfred Nzo,2019,unauthorised,Unauthorised Expenditure,0.0
DC45,John Taolo Gaetsewe,2019,fruitless,Fruitless and Wasteful Expenditure,196017.0
DC45,John Taolo Gaetsewe,2019,irregular,Irregular Expenditure,0.0
DC45,John Taolo Gaetsewe,2019,unauthorised,Unauthorised Expenditure,0.0
DC47,Sekhukhune,2019,fruitless,Fruitless and Wasteful Expenditure,704596.0
DC47,Sekhukhune,2019,irregular,Irregular Expenditure,75235191.0
DC47,Sekhukhune,2019,unauthorised,Unauthorised Expenditure,194744628.0
DC48,West Rand,2019,fruitless,Fruitless and Wasteful Expenditure,1590198.0
DC48,West Rand,2019,irregular,Irregular Expenditure,32351368.0
DC48,West Rand,2019,unauthorised,Unauthorised Expenditure,28871695.0
DC5,Central Karoo,2019,fruitless,Fruitless and Wasteful Expenditure,0.0
DC5,Central Karoo,2019,irregular,Irregular Expenditure,15225207.0
DC5,Central Karoo,2019,unauthorised,Unauthorised Expenditure,495377.0
DC6,Namakwa,2019,fruitless,Fruitless and Wasteful Expenditure,7020.0
DC6,Namakwa,2019,irregular,Irregular Expenditure,3562812.0
DC6,Namakwa,2019,unauthorised,Unauthorised Expenditure,1929655.0
DC7,Pixley Ka Seme (NC),2019,fruitless,Fruitless and Wasteful Expenditure,71149.0
DC7,Pixley Ka Seme (NC),2019,irregular,Irregular Expenditure,3137960.0
DC7,Pixley Ka Seme (NC),2019,unauthorised,Unauthorised Expenditure,251246.0
DC8,Z F Mgcawu,2019,fruitless,Fruitless and Wasteful Expenditure,81713.0
DC8,Z F Mgcawu,2019,irregular,Irregular Expenditure,2657532.0
DC8,Z F Mgcawu,2019,unauthorised,Unauthorised Expenditure,0.0
DC9,Frances Baard,2019,fruitless,Fruitless and Wasteful Expenditure,5323.0
DC9,Frances Baard,2019,irregular,Irregular Expenditure,5901376.0
DC9,Frances Baard,2019,unauthorised,Unauthorised Expenditure,0.0
EC101,Dr Beyers Naude,2019,fruitless,Fruitless and Wasteful Expenditure,7813364.0
EC101,Dr Beyers Naude,2019,irregular,Irregular Expenditure,44394130.0
EC101,Dr Beyers Naude,2019,unauthorised,Unauthorised Expenditure,102035535.0
EC102,Blue Crane Route,2019,fruitless,Fruitless and Wasteful Expenditure,10684.0
EC102,Blue Crane Route,2019,irregular,Irregular Expenditure,18904481.0
EC102,Blue Crane Route,2019,unauthorised,Unauthorised Expenditure,7173518.0
EC104,Makana,2019,fruitless,Fruitless and Wasteful Expenditure,12788532.0
EC104,Makana,2019,irregular,Irregular Expenditure,57481023.0
EC104,Makana,2019,unauthorised,Unauthorised Expenditure,84304323.0
EC105,Ndlambe,2019,fruitless,Fruitless and Wasteful Expenditure,10662134.0
EC105,Ndlambe,2019,irregular,Irregular Expenditure,122705267.0
EC105,Ndlambe,2019,unauthorised,Unauthorised Expenditure,58833132.0
EC106,Sundays River Valley,2019,fruitless,Fruitless and Wasteful Expenditure,798889.0
EC106,Sundays River Valley,2019,irregular,Irregular Expenditure,65432659.0
EC106,Sundays River Valley,2019,unauthorised,Unauthorised Expenditure,1847347.0
EC108,Kouga,2019,fruitless,Fruitless and Wasteful Expenditure,53650.0
EC108,Kouga,2019,irregular,Irregular Expenditure,7660307.0
EC108,Kouga,2019,unauthorised,Unauthorised Expenditure,0.0
EC109,Kou-Kamma,2019,fruitless,Fruitless and Wasteful Expenditure,289537.0
EC109,Kou-Kamma,2019,irregular,Irregular Expenditure,7652661.0
EC109,Kou-Kamma,2019,unauthorised,Unauthorised Expenditure,0.0
EC121,Mbhashe,2019,fruitless,Fruitless and Wasteful Expenditure,184028.0
EC121,Mbhashe,2019,irregular,Irregular Expenditure,90622833.0
EC121,Mbhashe,2019,unauthorised,Unauthorised Expenditure,0.0
EC122,Mnquma,2019,fruitless,Fruitless and Wasteful Expenditure,1547948.0
EC122,Mnquma,2019,irregular,Irregular Expenditure,32112806.0
EC122,Mnquma,2019,unauthorised,Unauthorised Expenditure,415282017.0
EC123,Great Kei,2019,fruitless,Fruitless and Wasteful Expenditure,1762537.0
EC123,Great Kei,2019,irregular,Irregular Expenditure,77000.0
EC123,Great Kei,2019,unauthorised,Unauthorised Expenditure,0.0
EC124,Amahlathi,2019,fruitless,Fruitless and Wasteful Expenditure,793025.0
EC124,Amahlathi,2019,irregular,Irregular Expenditure,13134855.0
EC124,Amahlathi,2019,unauthorised,Unauthorised Expenditure,81283113.0
EC126,Ngqushwa,2019,fruitless,Fruitless and Wasteful Expenditure,102429.0
EC126,Ngqushwa,2019,irregular,Irregular Expenditure,23369342.0
EC126,Ngqushwa,2019,unauthorised,Unauthorised Expenditure,6954810.0
EC129,Raymond Mhlaba,2019,fruitless,Fruitless and Wasteful Expenditure,16020834.0
EC129,Raymond Mhlaba,2019,irregular,Irregular Expenditure,714737.0
EC129,Raymond Mhlaba,2019,unauthorised,Unauthorised Expenditure,0.0
EC131,Inxuba Yethemba,2019,fruitless,Fruitless and Wasteful Expenditure,13552079.0
EC131,Inxuba Yethemba,2019,irregular,Irregular Expenditure,70101912.0
EC131,Inxuba Yethemba,2019,unauthorised,Unauthorised Expenditure,76789145.0
EC135,Vuyisile Mini,2019,fruitless,Fruitless and Wasteful Expenditure,320813.0
EC135,Vuyisile Mini,2019,irregular,Irregular Expenditure,25609811.0
EC135,Vuyisile Mini,2019,unauthorised,Unauthorised Expenditure,0.0
EC136,Emalahleni (EC),2019,fruitless,Fruitless and Wasteful Expenditure,9464822.0
EC136,Emalahleni (EC),2019,irregular,Irregular Expenditure,5496970.0
EC136,Emalahleni (EC),2019,unauthorised,Unauthorised Expenditure,20728093.0
EC137,Dr. A.B. Xuma,2019,fruitless,Fruitless and Wasteful Expenditure,119600.0
EC137,Dr. A.B. Xuma,2019,irregular,Irregular Expenditure,24631368.0
EC137,Dr. A.B. Xuma,2019,unauthorised,Unauthorised Expenditure,0.0
EC138,Sakhisizwe,2019,fruitless,Fruitless and Wasteful Expenditure,1535956.0
EC138,Sakhisizwe,2019,irregular,Irregular Expenditure,2269677.0
EC138,Sakhisizwe,2019,unauthorised,Unauthorised Expenditure,10250907.0
EC139,Enoch Mgijima,2019,fruitless,Fruitless and Wasteful Expenditure,6288407.0
EC139,Enoch Mgijima,2019,irregular,Irregular Expenditure,39882355.0
EC139,Enoch Mgijima,2019,unauthorised,Unauthorised Expenditure,141878474.0
EC141,Elundini,2019,fruitless,Fruitless and Wasteful Expenditure,0.0
EC141,Elundini,2019,irregular,Irregular Expenditure,50575910.0
EC141,Elundini,2019,unauthorised,Unauthorised Expenditure,0.0
EC142,Senqu,2019,fruitless,Fruitless and Wasteful Expenditure,74326.0
EC142,Senqu,2019,irregular,Irregular Expenditure,14235461.0
EC142,Senqu,2019,unauthorised,Unauthorised Expenditure,0.0
EC145,Walter Sisulu,2019,fruitless,Fruitless and Wasteful Expenditure,23252488.0
EC145,Walter Sisulu,2019,irregular,Irregular Expenditure,19384435.0
EC145,Walter Sisulu,2019,unauthorised,Unauthorised Expenditure,78391289.0
EC153,Ngquza Hills,2019,fruitless,Fruitless and Wasteful Expenditure,0.0
EC153,Ngquza Hills,2019,irregular,Irregular Expenditure,7287436.0
EC153,Ngquza Hills,2019,unauthorised,Unauthorised Expenditure,0.0
EC154,Port St Johns,2019,fruitless,Fruitless and Wasteful Expenditure,880946.0
EC154,Port St Johns,2019,irregular,Irregular Expenditure,6100688.0
EC154,Port St Johns,2019,unauthorised,Unauthorised Expenditure,3987958.0
EC155,Nyandeni,2019,fruitless,Fruitless and Wasteful Expenditure,2926.0
EC155,Nyandeni,2019,irregular,Irregular Expenditure,62121460.0
EC155,Nyandeni,2019,unauthorised,Unauthorised Expenditure,0.0
EC156,Kumkani Mhlontlo,2019,fruitless,Fruitless and Wasteful Expenditure,10809.0
EC156,Kumkani Mhlontlo,2019,irregular,Irregular Expenditure,14533044.0
EC156,Kumkani Mhlontlo,2019,unauthorised,Unauthorised Expenditure,12822451.0
EC157,King Sabata Dalindyebo,2019,fruitless,Fruitless and Wasteful Expenditure,12790059.0
EC157,King Sabata Dalindyebo,2019,irregular,Irregular Expenditure,58280722.0
EC157,King Sabata Dalindyebo,2019,unauthorised,Unauthorised Expenditure,59003430.0
EC441,Matatiele,2019,fruitless,Fruitless and Wasteful Expenditure,5345.0
EC441,Matatiele,2019,irregular,Irregular Expenditure,7135420.0
EC441,Matatiele,2019,unauthorised,Unauthorised Expenditure,0.0
EC442,Umzimvubu,2019,fruitless,Fruitless and Wasteful Expenditure,2160825.0
EC442,Umzimvubu,2019,irregular,Irregular Expenditure,25922507.0
EC442,Umzimvubu,2019,unauthorised,Unauthorised Expenditure,16901217.0
EC443,Winnie Madikizela-Mandela,2019,fruitless,Fruitless and Wasteful Expenditure,65519.0
EC443,Winnie Madikizela-Mandela,2019,irregular,Irregular Expenditure,22177720.0
EC443,Winnie Madikizela-Mandela,2019,unauthorised,Unauthorised Expenditure,0.0
EC444,Ntabankulu,2019,fruitless,Fruitless and Wasteful Expenditure,677586.0
EC444,Ntabankulu,2019,irregular,Irregular Expenditure,10475717.0
EC444,Ntabankulu,2019,unauthorised,Unauthorised Expenditure,1034790.0
EKU,City of Ekurhuleni,2019,fruitless,Fruitless and Wasteful Expenditure,0.0
EKU,City of Ekurhuleni,2019,irregular,Irregular Expenditure,413006296.0
EKU,City of Ekurhuleni,2019,unauthorised,Unauthorised Expenditure,0.0
ETH,eThekwini,2019,fruitless,Fruitless and Wasteful Expenditure,4064000.0
ETH,eThekwini,2019,irregular,Irregular Expenditure,2341357000.0
ETH,eThekwini,2019,unauthorised,Unauthorised Expenditure,0.0
FS161,Letsemeng,2019,fruitless,Fruitless and Wasteful Expenditure,2046204.0
FS161,Letsemeng,2019,irregular,Irregular Expenditure,27592472.0
FS161,Letsemeng,2019,unauthorised,Unauthorised Expenditure,119091292.0
FS162,Kopanong,2019,fruitless,Fruitless and Wasteful Expenditure,60497109.0
FS162,Kopanong,2019,irregular,Irregular Expenditure,29488979.0
FS162,Kopanong,2019,unauthorised,Unauthorised Expenditure,73179676.0
FS163,Mohokare,2019,fruitless,Fruitless and Wasteful Expenditure,9321508.0
FS163,Mohokare,2019,irregular,Irregular Expenditure,6053543.0
FS163,Mohokare,2019,unauthorised,Unauthorised Expenditure,56579310.0
FS181,Masilonyana,2019,fruitless,Fruitless and Wasteful Expenditure,566934.0
FS181,Masilonyana,2019,irregular,Irregular Expenditure,1646923.0
FS181,Masilonyana,2019,unauthorised,Unauthorised Expenditure,13645259.0
FS182,Tokologo,2019,fruitless,Fruitless and Wasteful Expenditure,6817538.0
FS182,Tokologo,2019,irregular,Irregular Expenditure,26117188.0
FS182,Tokologo,2019,unauthorised,Unauthorised Expenditure,166163385.0
FS183,Tswelopele,2019,fruitless,Fruitless and Wasteful Expenditure,2290006.0
FS183,Tswelopele,2019,irregular,Irregular Expenditure,55673449.0
FS183,Tswelopele,2019,unauthorised,Unauthorised Expenditure,4049823.0
FS184,Matjhabeng,2019,fruitless,Fruitless and Wasteful Expenditure,281881146.0
FS184,Matjhabeng,2019,irregular,Irregular Expenditure,307018306.0
FS184,Matjhabeng,2019,unauthorised,Unauthorised Expenditure,1538965912.0
FS185,Nala,2019,fruitless,Fruitless and Wasteful Expenditure,17491337.0
FS185,Nala,2019,irregular,Irregular Expenditure,28738022.0
FS185,Nala,2019,unauthorised,Unauthorised Expenditure,0.0
FS191,Setsoto,2019,fruitless,Fruitless and Wasteful Expenditure,2979591.0
FS191,Setsoto,2019,irregular,Irregular Expenditure,76934133.0
FS191,Setsoto,2019,unauthorised,Unauthorised Expenditure,616848443.0
FS192,Dihlabeng,2019,fruitless,Fruitless and Wasteful Expenditure,12611666.0
FS192,Dihlabeng,2019,irregular,Irregular Expenditure,53694085.0
FS192,Dihlabeng,2019,unauthorised,Unauthorised Expenditure,241087377.0
FS193,Nketoana,2019,fruitless,Fruitless and Wasteful Expenditure,26501996.0
FS193,Nketoana,2019,irregular,Irregular Expenditure,3026557.0
FS193,Nketoana,2019,unauthorised,Unauthorised Expenditure,189327359.0
FS194,Maluti-a-Phofung,2019,fruitless,Fruitless and Wasteful Expenditure,476590031.0
FS194,Maluti-a-Phofung,2019,irregular,Irregular Expenditure,316008746.0
FS194,Maluti-a-Phofung,2019,unauthorised,Unauthorised Expenditure,134349606.0
FS195,Phumelela,2019,fruitless,Fruitless and Wasteful Expenditure,2762402.0
FS195,Phumelela,2019,irregular,Irregular Expenditure,13578196.0
FS195,Phumelela,2019,unauthorised,Unauthorised Expenditure,86641066.0
FS196,Mantsopa,2019,fruitless,Fruitless and Wasteful Expenditure,20198733.0
FS196,Mantsopa,2019,irregular,Irregular Expenditure,1206100.0
FS196,Mantsopa,2019,unauthorised,Unauthorised Expenditure,114729650.0
FS201,Moqhaka,2019,fruitless,Fruitless and Wasteful Expenditure,11914659.0
FS201,Moqhaka,2019,irregular,Irregular Expenditure,53911314.0
FS201,Moqhaka,2019,unauthorised,Unauthorised Expenditure,112487751.0
FS203,Ngwathe,2019,fruitless,Fruitless and Wasteful Expenditure,113530428.0
FS203,Ngwathe,2019,irregular,Irregular Expenditure,138263346.0
FS203,Ngwathe,2019,unauthorised,Unauthorised Expenditure,169315082.0
FS204,Metsimaholo,2019,fruitless,Fruitless and Wasteful Expenditure,22372735.0
FS204,Metsimaholo,2019,irregular,Irregular Expenditure,97488738.0
FS204,Metsimaholo,2019,unauthorised,Unauthorised Expenditure,77564428.0
FS205,Mafube,2019,fruitless,Fruitless and Wasteful Expenditure,52536295.0
FS205,Mafube,2019,irregular,Irregular Expenditure,77622621.0
FS205,Mafube,2019,unauthorised,Unauthorised Expenditure,177879554.0
GT421,Emfuleni,2019,fruitless,Fruitless and Wasteful Expenditure,357567696.0
GT421,Emfuleni,2019,irregular,Irregular Expenditure,365726097.0
GT421,Emfuleni,2019,unauthorised,Unauthorised Expenditure,1001894687.0
GT422,Midvaal,2019,fruitless,Fruitless and Wasteful Expenditure,26000.0
GT422,Midvaal,2019,irregular,Irregular Expenditure,1833099.0
GT422,Midvaal,2019,unauthorised,Unauthorised Expenditure,0.0
GT423,Lesedi,2019,fruitless,Fruitless and Wasteful Expenditure,73597.0
GT423,Lesedi,2019,irregular,Irregular Expenditure,60811173.0
GT423,Lesedi,2019,unauthorised,Unauthorised Expenditure,3047563.0
GT481,Mogale City,2019,fruitless,Fruitless and Wasteful Expenditure,13585302.0
GT481,Mogale City,2019,irregular,Irregular Expenditure,221268325.0
GT481,Mogale City,2019,unauthorised,Unauthorised Expenditure,166303172.0
GT484,Merafong City,2019,fruitless,Fruitless and Wasteful Expenditure,29156284.0
GT484,Merafong City,2019,irregular,Irregular Expenditure,12940386.0
GT484,Merafong City,2019,unauthorised,Unauthorised Expenditure,0.0
GT485,Rand West City,2019,fruitless,Fruitless and Wasteful Expenditure,47821446.0
GT485,Rand West City,2019,irregular,Irregular Expenditure,176789449.0
GT485,Rand West City,2019,unauthorised,Unauthorised Expenditure,113029071.0
JHB,City of Johannesburg,2019,fruitless,Fruitless and Wasteful Expenditure,116977000.0
JHB,City of Johannesburg,2019,irregular,Irregular Expenditure,816239000.0
JHB,City of Johannesburg,2019,unauthorised,Unauthorised Expenditure,480628000.0
KZN212,Umdoni,2019,fruitless,Fruitless and Wasteful Expenditure,527982.0
KZN212,Umdoni,2019,irregular,Irregular Expenditure,42697573.0
KZN212,Umdoni,2019,unauthorised,Unauthorised Expenditure,42302463.0
KZN213,Umzumbe,2019,fruitless,Fruitless and Wasteful Expenditure,0.0
KZN213,Umzumbe,2019,irregular,Irregular Expenditure,52724625.0
KZN213,Umzumbe,2019,unauthorised,Unauthorised Expenditure,0.0
KZN214,uMuziwabantu,2019,fruitless,Fruitless and Wasteful Expenditure,491423.0
KZN214,uMuziwabantu,2019,irregular,Irregular Expenditure,67332922.0
KZN214,uMuziwabantu,2019,unauthorised,Unauthorised Expenditure,0.0
KZN216,Ray Nkonyeni,2019,fruitless,Fruitless and Wasteful Expenditure,147693.0
KZN216,Ray Nkonyeni,2019,irregular,Irregular Expenditure,153378657.0
KZN216,Ray Nkonyeni,2019,unauthorised,Unauthorised Expenditure,0.0
KZN221,uMshwathi,2019,fruitless,Fruitless and Wasteful Expenditure,24431.0
KZN221,uMshwathi,2019,irregular,Irregular Expenditure,13951955.0
KZN221,uMshwathi,2019,unauthorised,Unauthorised Expenditure,1784913.0
KZN222,uMngeni,2019,fruitless,Fruitless and Wasteful Expenditure,7685.0
KZN222,uMngeni,2019,irregular,Irregular Expenditure,198638.0
KZN222,uMngeni,2019,unauthorised,Unauthorised Expenditure,28372058.0
KZN223,Mpofana,2019,fruitless,Fruitless and Wasteful Expenditure,10280318.0
KZN223,Mpofana,2019,irregular,Irregular Expenditure,30148250.0
KZN223,Mpofana,2019,unauthorised,Unauthorised Expenditure,11035077.0
KZN224,Impendle,2019,fruitless,Fruitless and Wasteful Expenditure,14062948.0
KZN224,Impendle,2019,irregular,Irregular Expenditure,4228182.0
KZN224,Impendle,2019,unauthorised,Unauthorised Expenditure,0.0
KZN225,Msunduzi,2019,fruitless,Fruitless and Wasteful Expenditure,4501377.0
KZN225,Msunduzi,2019,irregular,Irregular Expenditure,214663367.0
KZN225,Msunduzi,2019,unauthorised,Unauthorised Expenditure,170002042.0
KZN226,Mkhambathini,2019,fruitless,Fruitless and Wasteful Expenditure,1024951.0
KZN226,Mkhambathini,2019,irregular,Irregular Expenditure,2863815.0
KZN226,Mkhambathini,2019,unauthorised,Unauthorised Expenditure,3232308.0
KZN227,Richmond,2019,fruitless,Fruitless and Wasteful Expenditure,8984223.0
KZN227,Richmond,2019,irregular,Irregular Expenditure,36774844.0
KZN227,Richmond,2019,unauthorised,Unauthorised Expenditure,7384295.0
KZN235,Okhahlamba,2019,fruitless,Fruitless and Wasteful Expenditure,51260.0
KZN235,Okhahlamba,2019,irregular,Irregular Expenditure,31407081.0
KZN235,Okhahlamba,2019,unauthorised,Unauthorised Expenditure,2442196.0
KZN237,Inkosi Langalibalele,2019,fruitless,Fruitless and Wasteful Expenditure,1778974.0
KZN237,Inkosi Langalibalele,2019,irregular,Irregular Expenditure,17169459.0
KZN237,Inkosi Langalibalele,2019,unauthorised,Unauthorised Expenditure,6285910.0
KZN238,Alfred Duma,2019,fruitless,Fruitless and Wasteful Expenditure,6927.0
KZN238,Alfred Duma,2019,irregular,Irregular Expenditure,919156.0
KZN238,Alfred Duma,2019,unauthorised,Unauthorised Expenditure,21121291.0
KZN241,Endumeni,2019,fruitless,Fruitless and Wasteful Expenditure,148332.0
KZN241,Endumeni,2019,irregular,Irregular Expenditure,93426028.0
KZN241,Endumeni,2019,unauthorised,Unauthorised Expenditure,9549062.0
KZN242,Nquthu,2019,fruitless,Fruitless and Wasteful Expenditure,88894.0
KZN242,Nquthu,2019,irregular,Irregular Expenditure,106936109.0
KZN242,Nquthu,2019,unauthorised,Unauthorised Expenditure,0.0
KZN244,Msinga,2019,fruitless,Fruitless and Wasteful Expenditure,5881.0
KZN244,Msinga,2019,irregular,Irregular Expenditure,0.0
KZN244,Msinga,2019,unauthorised,Unauthorised Expenditure,0.0
KZN245,Umvoti,2019,fruitless,Fruitless and Wasteful Expenditure,1871167.0
KZN245,Umvoti,2019,irregular,Irregular Expenditure,58177296.0
KZN245,Umvoti,2019,unauthorised,Unauthorised Expenditure,16619612.0
KZN252,Newcastle,2019,fruitless,Fruitless and Wasteful Expenditure,28638684.0
KZN252,Newcastle,2019,irregular,Irregular Expenditure,86886867.0
KZN252,Newcastle,2019,unauthorised,Unauthorised Expenditure,47430.0
KZN253,Emadlangeni,2019,fruitless,Fruitless and Wasteful Expenditure,2163.0
KZN253,Emadlangeni,2019,irregular,Irregular Expenditure,1676087.0
KZN253,Emadlangeni,2019,unauthorised,Unauthorised Expenditure,8131901.0
KZN254,Dannhauser,2019,fruitless,Fruitless and Wasteful Expenditure,0.0
KZN254,Dannhauser,2019,irregular,Irregular Expenditure,0.0
KZN254,Dannhauser,2019,unauthorised,Unauthorised Expenditure,0.0
KZN261,eDumbe,2019,fruitless,Fruitless and Wasteful Expenditure,663459.0
KZN261,eDumbe,2019,irregular,Irregular Expenditure,5794572.0
KZN261,eDumbe,2019,unauthorised,Unauthorised Expenditure,11163555.0
KZN262,uPhongolo,2019,fruitless,Fruitless and Wasteful Expenditure,183342.0
KZN262,uPhongolo,2019,irregular,Irregular Expenditure,3752973.0
KZN262,uPhongolo,2019,unauthorised,Unauthorised Expenditure,0.0
KZN263,Abaqulusi,2019,fruitless,Fruitless and Wasteful Expenditure,1333961.0
KZN263,Abaqulusi,2019,irregular,Irregular Expenditure,15520651.0
KZN263,Abaqulusi,2019,unauthorised,Unauthorised Expenditure,70517554.0
KZN265,Nongoma,2019,fruitless,Fruitless and Wasteful Expenditure,388833.0
KZN265,Nongoma,2019,irregular,Irregular Expenditure,36977622.0
KZN265,Nongoma,2019,unauthorised,Unauthorised Expenditure,38206768.0
KZN266,Ulundi,2019,fruitless,Fruitless and Wasteful Expenditure,11075299.0
KZN266,Ulundi,2019,irregular,Irregular Expenditure,72609536.0
KZN266,Ulundi,2019,unauthorised,Unauthorised Expenditure,0.0
KZN271,Umhlabuyalingana,2019,fruitless,Fruitless and Wasteful Expenditure,3384.0
KZN271,Umhlabuyalingana,2019,irregular,Irregular Expenditure,1781250.0
KZN271,Umhlabuyalingana,2019,unauthorised,Unauthorised Expenditure,0.0
KZN272,Jozini,2019,fruitless,Fruitless and Wasteful Expenditure,8219797.0
KZN272,Jozini,2019,irregular,Irregular Expenditure,55126190.0
KZN272,Jozini,2019,unauthorised,Unauthorised Expenditure,14334046.0
KZN275,Mtubatuba,2019,fruitless,Fruitless and Wasteful Expenditure,715099.0
KZN275,Mtubatuba,2019,irregular,Irregular Expenditure,15548107.0
KZN275,Mtubatuba,2019,unauthorised,Unauthorised Expenditure,31993948.0
KZN276,Hlabisa Big Five,2019,fruitless,Fruitless and Wasteful Expenditure,383510.0
KZN276,Hlabisa Big Five,2019,irregular,Irregular Expenditure,13127248.0
KZN276,Hlabisa Big Five,2019,unauthorised,Unauthorised Expenditure,51593213.0
KZN281,Mfolozi,2019,fruitless,Fruitless and Wasteful Expenditure,62734.0
KZN281,Mfolozi,2019,irregular,Irregular Expenditure,31301374.0
KZN281,Mfolozi,2019,unauthorised,Unauthorised Expenditure,0.0
KZN282,uMhlathuze,2019,fruitless,Fruitless and Wasteful Expenditure,0.0
KZN282,uMhlathuze,2019,irregular,Irregular Expenditure,125161354.0
KZN282,uMhlathuze,2019,unauthorised,Unauthorised Expenditure,0.0
KZN284,uMlalazi,2019,fruitless,Fruitless and Wasteful Expenditure,6920.0
KZN284,uMlalazi,2019,irregular,Irregular Expenditure,57738667.0
KZN284,uMlalazi,2019,unauthorised,Unauthorised Expenditure,0.0
KZN285,Mthonjaneni,2019,fruitless,Fruitless and Wasteful Expenditure,341816.0
KZN285,Mthonjaneni,2019,irregular,Irregular Expenditure,23546083.0
KZN285,Mthonjaneni,2019,unauthorised,Unauthorised Expenditure,0.0
KZN286,Nkandla,2019,fruitless,Fruitless and Wasteful Expenditure,124202.0
KZN286,Nkandla,2019,irregular,Irregular Expenditure,4872733.0
KZN286,Nkandla,2019,unauthorised,Unauthorised Expenditure,11103547.0
KZN291,Mandeni,2019,fruitless,Fruitless and Wasteful Expenditure,66748.0
KZN291,Mandeni,2019,irregular,Irregular Expenditure,21773114.0
KZN291,Mandeni,2019,unauthorised,Unauthorised Expenditure,28022764.0
KZN292,KwaDukuza,2019,fruitless,Fruitless and Wasteful Expenditure,0.0
KZN292,KwaDukuza,2019,irregular,Irregular Expenditure,183135170.0
KZN292,KwaDukuza,2019,unauthorised,Unauthorised Expenditure,0.0
KZN293,Ndwedwe,2019,fruitless,Fruitless and Wasteful Expenditure,6969.0
KZN293,Ndwedwe,2019,irregular,Irregular Expenditure,31632862.0
KZN293,Ndwedwe,2019,unauthorised,Unauthorised Expenditure,0.0
KZN294,Maphumulo,2019,fruitless,Fruitless and Wasteful Expenditure,890685.0
KZN294,Maphumulo,2019,irregular,Irregular Expenditure,6719998.0
KZN294,Maphumulo,2019,unauthorised,Unauthorised Expenditure,0.0
KZN433,Greater Kokstad,2019,fruitless,Fruitless and Wasteful Expenditure,15908.0
KZN433,Greater Kokstad,2019,irregular,Irregular Expenditure,225968471.0
KZN433,Greater Kokstad,2019,unauthorised,Unauthorised Expenditure,0.0
KZN434,Johannes Phumani Phungula,2019,fruitless,Fruitless and Wasteful Expenditure,2395.0
KZN434,Johannes Phumani Phungula,2019,irregular,Irregular Expenditure,580000.0
KZN434,Johannes Phumani Phungula,2019,unauthorised,Unauthorised Expenditure,0.0
KZN435,Umzimkhulu,2019,fruitless,Fruitless and Wasteful Expenditure,0.0
KZN435,Umzimkhulu,2019,irregular,Irregular Expenditure,40498586.0
KZN435,Umzimkhulu,2019,unauthorised,Unauthorised Expenditure,0.0
KZN436,Dr Nkosazana Dlamini Zuma,2019,fruitless,Fruitless and Wasteful Expenditure,328804.0
KZN436,Dr Nkosazana Dlamini Zuma,2019,irregular,Irregular Expenditure,9300590.0
KZN436,Dr Nkosazana Dlamini Zuma,2019,unauthorised,Unauthorised Expenditure,0.0
LIM331,Greater Giyani,2019,fruitless,Fruitless and Wasteful Expenditure,23676.0
LIM331,Greater Giyani,2019,irregular,Irregular Expenditure,0.0
LIM331,Greater Giyani,2019,unauthorised,Unauthorised Expenditure,30660098.0
LIM332,Greater Letaba,2019,fruitless,Fruitless and Wasteful Expenditure,1019720.0
LIM332,Greater Letaba,2019,irregular,Irregular Expenditure,46458804.0
LIM332,Greater Letaba,2019,unauthorised,Unauthorised Expenditure,75088605.0
LIM333,Greater Tzaneen,2019,fruitless,Fruitless and Wasteful Expenditure,9975974.0
LIM333,Greater Tzaneen,2019,irregular,Irregular Expenditure,7438134.0
LIM333,Greater Tzaneen,2019,unauthorised,Unauthorised Expenditure,83025989.0
LIM334,Ba-Phalaborwa,2019,fruitless,Fruitless and Wasteful Expenditure,44631.0
LIM334,Ba-Phalaborwa,2019,irregular,Irregular Expenditure,35504537.0
LIM334,Ba-Phalaborwa,2019,unauthorised,Unauthorised Expenditure,99659596.0
LIM335,Maruleng,2019,fruitless,Fruitless and Wasteful Expenditure,661832.0
LIM335,Maruleng,2019,irregular,Irregular Expenditure,17231820.0
LIM335,Maruleng,2019,unauthorised,Unauthorised Expenditure,18665116.0
LIM341,Musina,2019,fruitless,Fruitless and Wasteful Expenditure,6641456.0
LIM341,Musina,2019,irregular,Irregular Expenditure,11539759.0
LIM341,Musina,2019,unauthorised,Unauthorised Expenditure,0.0
LIM343,Thulamela,2019,fruitless,Fruitless and Wasteful Expenditure,6656495.0
LIM343,Thulamela,2019,irregular,Irregular Expenditure,29781336.0
LIM343,Thulamela,2019,unauthorised,Unauthorised Expenditure,24798979.0
LIM344,Makhado,2019,fruitless,Fruitless and Wasteful Expenditure,67368.0
LIM344,Makhado,2019,irregular,Irregular Expenditure,14204502.0
LIM344,Makhado,2019,unauthorised,Unauthorised Expenditure,84406344.0
LIM345,Collins Chabane,2019,fruitless,Fruitless and Wasteful Expenditure,1163285.0
LIM345,Collins Chabane,2019,irregular,Irregular Expenditure,104918823.0
LIM345,Collins Chabane,2019,unauthorised,Unauthorised Expenditure,10368863.0
LIM351,Blouberg,2019,fruitless,Fruitless and Wasteful Expenditure,3415.0
LIM351,Blouberg,2019,irregular,Irregular Expenditure,25292789.0
LIM351,Blouberg,2019,unauthorised,Unauthorised Expenditure,0.0
LIM353,Molemole,2019,fruitless,Fruitless and Wasteful Expenditure,40916.0
LIM353,Molemole,2019,irregular,Irregular Expenditure,0.0
LIM353,Molemole,2019,unauthorised,Unauthorised Expenditure,8835388.0
LIM354,Polokwane,2019,fruitless,Fruitless and Wasteful Expenditure,0.0
LIM354,Polokwane,2019,irregular,Irregular Expenditure,3512495.0
LIM354,Polokwane,2019,unauthorised,Unauthorised Expenditure,437080272.0
LIM355,Lepelle-Nkumpi,2019,fruitless,Fruitless and Wasteful Expenditure,44903.0
LIM355,Lepelle-Nkumpi,2019,irregular,Irregular Expenditure,76439726.0
LIM355,Lepelle-Nkumpi,2019,unauthorised,Unauthorised Expenditure,1105103.0
LIM361,Thabazimbi,2019,fruitless,Fruitless and Wasteful Expenditure,8479630.0
LIM361,Thabazimbi,2019,irregular,Irregular Expenditure,39495921.0
LIM361,Thabazimbi,2019,unauthorised,Unauthorised Expenditure,0.0
LIM362,Lephalale,2019,fruitless,Fruitless and Wasteful Expenditure,943897.0
LIM362,Lephalale,2019,irregular,Irregular Expenditure,114854274.0
LIM362,Lephalale,2019,unauthorised,Unauthorised Expenditure,0.0
LIM366,Bela Bela,2019,fruitless,Fruitless and Wasteful Expenditure,3822678.0
LIM366,Bela Bela,2019,irregular,Irregular Expenditure,11126964.0
LIM366,Bela Bela,2019,unauthorised,Unauthorised Expenditure,14255228.0
LIM367,Mogalakwena,2019,fruitless,Fruitless and Wasteful Expenditure,6860886.0
LIM367,Mogalakwena,2019,irregular,Irregular Expenditure,551211993.0
LIM367,Mogalakwena,2019,unauthorised,Unauthorised Expenditure,231659382.0
LIM368,Modimolle-Mookgopong,2019,fruitless,Fruitless and Wasteful Expenditure,47533002.0
LIM368,Modimolle-Mookgopong,2019,irregular,Irregular Expenditure,22250957.0
LIM368,Modimolle-Mookgopong,2019,unauthorised,Unauthorised Expenditure,141408216.0
LIM471,Ephraim Mogale,2019,fruitless,Fruitless and Wasteful Expenditure,114365.0
LIM471,Ephraim Mogale,2019,irregular,Irregular Expenditure,23647926.0
LIM471,Ephraim Mogale,2019,unauthorised,Unauthorised Expenditure,0.0
LIM472,Elias Motsoaledi,2019,fruitless,Fruitless and Wasteful Expenditure,595640.0
LIM472,Elias Motsoaledi,2019,irregular,Irregular Expenditure,49832896.0
LIM472,Elias Motsoaledi,2019,unauthorised,Unauthorised Expenditure,35450000.0
LIM473,Makhuduthamaga,2019,fruitless,Fruitless and Wasteful Expenditure,103.0
LIM473,Makhuduthamaga,2019,irregular,Irregular Expenditure,67928767.0
LIM473,Makhuduthamaga,2019,unauthorised,Unauthorised Expenditure,60197372.0
LIM476,Tubatse Fetakgomo,2019,fruitless,Fruitless and Wasteful Expenditure,31874531.0
LIM476,Tubatse Fetakgomo,2019,irregular,Irregular Expenditure,148977824.0
LIM476,Tubatse Fetakgomo,2019,unauthorised,Unauthorised Expenditure,4087039.0
MAN,Mangaung,2019,fruitless,Fruitless and Wasteful Expenditure,9537975.0
MAN,Mangaung,2019,irregular,Irregular Expenditure,842457694.0
MAN,Mangaung,2019,unauthorised,Unauthorised Expenditure,1363962321.0
MP301,Albert Luthuli,2019,fruitless,Fruitless and Wasteful Expenditure,1381933.0
MP301,Albert Luthuli,2019,irregular,Irregular Expenditure,39431149.0
MP301,Albert Luthuli,2019,unauthorised,Unauthorised Expenditure,25430440.0
MP302,Msukaligwa,2019,fruitless,Fruitless and Wasteful Expenditure,29591642.0
MP302,Msukaligwa,2019,irregular,Irregular Expenditure,108243820.0
MP302,Msukaligwa,2019,unauthorised,Unauthorised Expenditure,49326910.0
MP303,Mkhondo,2019,fruitless,Fruitless and Wasteful Expenditure,17238719.0
MP303,Mkhondo,2019,irregular,Irregular Expenditure,32036822.0
MP303,Mkhondo,2019,unauthorised,Unauthorised Expenditure,256242032.0
MP304,Pixley Ka Seme (MP),2019,fruitless,Fruitless and Wasteful Expenditure,5556.0
MP304,Pixley Ka Seme (MP),2019,irregular,Irregular Expenditure,3724015.0
MP304,Pixley Ka Seme (MP),2019,unauthorised,Unauthorised Expenditure,0.0
MP305,Lekwa,2019,fruitless,Fruitless and Wasteful Expenditure,120085776.0
MP305,Lekwa,2019,irregular,Irregular Expenditure,69656406.0
MP305,Lekwa,2019,unauthorised,Unauthorised Expenditure,0.0
MP306,Dipaleseng,2019,fruitless,Fruitless and Wasteful Expenditure,4973253.0
MP306,Dipaleseng,2019,irregular,Irregular Expenditure,16098442.0
MP306,Dipaleseng,2019,unauthorised,Unauthorised Expenditure,14364650.0
MP307,Govan Mbeki,2019,fruitless,Fruitless and Wasteful Expenditure,200306516.0
MP307,Govan Mbeki,2019,irregular,Irregular Expenditure,333827805.0
MP307,Govan Mbeki,2019,unauthorised,Unauthorised Expenditure,897063000.0
MP311,Victor Khanye,2019,fruitless,Fruitless and Wasteful Expenditure,22484299.0
MP311,Victor Khanye,2019,irregular,Irregular Expenditure,15528536.0
MP311,Victor Khanye,2019,unauthorised,Unauthorised Expenditure,0.0
MP312,Emalahleni (MP),2019,fruitless,Fruitless and Wasteful Expenditure,400420903.0
MP312,Emalahleni (MP),2019,irregular,Irregular Expenditure,88854893.0
MP312,Emalahleni (MP),2019,unauthorised,Unauthorised Expenditure,518787643.0
MP313,Steve Tshwete,2019,fruitless,Fruitless and Wasteful Expenditure,68982.0
MP313,Steve Tshwete,2019,irregular,Irregular Expenditure,22545342.0
MP313,Steve Tshwete,2019,unauthorised,Unauthorised Expenditure,28512895.0
MP314,Emakhazeni,2019,fruitless,Fruitless and Wasteful Expenditure,5034790.0
MP314,Emakhazeni,2019,irregular,Irregular Expenditure,61259916.0
MP314,Emakhazeni,2019,unauthorised,Unauthorised Expenditure,3747997.0
MP315,Thembisile Hani,2019,fruitless,Fruitless and Wasteful Expenditure,2054808.0
MP315,Thembisile Hani,2019,irregular,Irregular Expenditure,19072680.0
MP315,Thembisile Hani,2019,unauthorised,Unauthorised Expenditure,0.0
MP316,Dr J.S. Moroka,2019,fruitless,Fruitless and Wasteful Expenditure,230357.0
MP316,Dr J.S. Moroka,2019,irregular,Irregular Expenditure,165982942.0
MP316,Dr J.S. Moroka,2019,unauthorised,Unauthorised Expenditure,0.0
MP321,Thaba Chweu,2019,fruitless,Fruitless and Wasteful Expenditure,39453187.0
MP321,Thaba Chweu,2019,irregular,Irregular Expenditure,41249113.0
MP321,Thaba Chweu,2019,unauthorised,Unauthorised Expenditure,55474380.0
MP324,Nkomazi,2019,fruitless,Fruitless and Wasteful Expenditure,230982.0
MP324,Nkomazi,2019,irregular,Irregular Expenditure,150390823.0
MP324,Nkomazi,2019,unauthorised,Unauthorised Expenditure,24068382.0
MP325,Bushbuckridge,2019,fruitless,Fruitless and Wasteful Expenditure,24928682.0
MP325,Bushbuckridge,2019,irregular,Irregular Expenditure,214830431.0
MP325,Bushbuckridge,2019,unauthorised,Unauthorised Expenditure,0.0
MP326,City of Mbombela,2019,fruitless,Fruitless and Wasteful Expenditure,38041859.0
MP326,City of Mbombela,2019,irregular,Irregular Expenditure,208935017.0
MP326,City of Mbombela,2019,unauthorised,Unauthorised Expenditure,267153091.0
NC061,Richtersveld,2019,fruitless,Fruitless and Wasteful Expenditure,406815.0
NC061,Richtersveld,2019,irregular,Irregular Expenditure,0.0
NC061,Richtersveld,2019,unauthorised,Unauthorised Expenditure,8718340.0
NC062,Nama Khoi,2019,fruitless,Fruitless and Wasteful Expenditure,10919441.0
NC062,Nama Khoi,2019,irregular,Irregular Expenditure,3593697.0
NC062,Nama Khoi,2019,unauthorised,Unauthorised Expenditure,41154422.0
NC064,Kamiesberg,2019,fruitless,Fruitless and Wasteful Expenditure,2204876.0
NC064,Kamiesberg,2019,irregular,Irregular Expenditure,18405527.0
NC064,Kamiesberg,2019,unauthorised,Unauthorised Expenditure,29029602.0
NC065,Hantam,2019,fruitless,Fruitless and Wasteful Expenditure,1062138.0
NC065,Hantam,2019,irregular,Irregular Expenditure,68885392.0
NC065,Hantam,2019,unauthorised,Unauthorised Expenditure,11430376.0
NC066,Karoo Hoogland,2019,fruitless,Fruitless and Wasteful Expenditure,5600.0
NC066,Karoo Hoogland,2019,irregular,Irregular Expenditure,346597.0
NC066,Karoo Hoogland,2019,unauthorised,Unauthorised Expenditure,12396096.0
NC067,Khai-Ma,2019,fruitless,Fruitless and Wasteful Expenditure,1482055.0
NC067,Khai-Ma,2019,irregular,Irregular Expenditure,5813772.0
NC067,Khai-Ma,2019,unauthorised,Unauthorised Expenditure,2806682.0
NC071,Ubuntu,2019,fruitless,Fruitless and Wasteful Expenditure,7980204.0
NC071,Ubuntu,2019,irregular,Irregular Expenditure,6192898.0
NC071,Ubuntu,2019,unauthorised,Unauthorised Expenditure,29734456.0
NC072,Umsobomvu,2019,fruitless,Fruitless and Wasteful Expenditure,0.0
NC072,Umsobomvu,2019,irregular,Irregular Expenditure,7964308.0
NC072,Umsobomvu,2019,unauthorised,Unauthorised Expenditure,6979433.0
NC073,Emthanjeni,2019,fruitless,Fruitless and Wasteful Expenditure,4956980.0
NC073,Emthanjeni,2019,irregular,Irregular Expenditure,27140394.0
NC073,Emthanjeni,2019,unauthorised,Unauthorised Expenditure,53535579.0
NC074,Kareeberg,2019,fruitless,Fruitless and Wasteful Expenditure,701492.0
NC074,Kareeberg,2019,irregular,Irregular Expenditure,0.0
NC074,Kareeberg,2019,unauthorised,Unauthorised Expenditure,136466.0
NC075,Renosterberg,2019,fruitless,Fruitless and Wasteful Expenditure,37270230.0
NC075,Renosterberg,2019,irregular,Irregular Expenditure,0.0
NC075,Renosterberg,2019,unauthorised,Unauthorised Expenditure,15695147.0
NC076,Thembelihle,2019,fruitless,Fruitless and Wasteful Expenditure,7481598.0
NC076,Thembelihle,2019,irregular,Irregular Expenditure,15019986.0
NC076,Thembelihle,2019,unauthorised,Unauthorised Expenditure,0.0
NC077,Siyathemba,2019,fruitless,Fruitless and Wasteful Expenditure,7841570.0
NC077,Siyathemba,2019,irregular,Irregular Expenditure,15870560.0
NC077,Siyathemba,2019,unauthorised,Unauthorised Expenditure,60719393.0
NC078,Siyancuma,2019,fruitless,Fruitless and Wasteful Expenditure,15600118.0
NC078,Siyancuma,2019,irregular,Irregular Expenditure,45179811.0
NC078,Siyancuma,2019,unauthorised,Unauthorised Expenditure,33084032.0
NC082,!Kai! Garib,2019,fruitless,Fruitless and Wasteful Expenditure,25410003.0
NC082,!Kai! Garib,2019,irregular,Irregular Expenditure,713237.0
NC082,!Kai! Garib,2019,unauthorised,Unauthorised Expenditure,0.0
NC084,!Kheis,2019,fruitless,Fruitless and Wasteful Expenditure,453450.0
NC084,!Kheis,2019,irregular,Irregular Expenditure,34214035.0
NC084,!Kheis,2019,unauthorised,Unauthorised Expenditure,15128506.0
NC085,Tsantsabane,2019,fruitless,Fruitless and Wasteful Expenditure,13979952.0
NC085,Tsantsabane,2019,irregular,Irregular Expenditure,0.0
NC085,Tsantsabane,2019,unauthorised,Unauthorised Expenditure,31371879.0
NC086,Kgatelopele,2019,fruitless,Fruitless and Wasteful Expenditure,795287.0
NC086,Kgatelopele,2019,irregular,Irregular Expenditure,31689482.0
NC086,Kgatelopele,2019,unauthorised,Unauthorised Expenditure,67154247.0
NC087,Dawid Kruiper,2019,fruitless,Fruitless and Wasteful Expenditure,7406.0
NC087,Dawid Kruiper,2019,irregular,Irregular Expenditure,659217.0
NC087,Dawid Kruiper,2019,unauthorised,Unauthorised Expenditure,51055537.0
NC091,Sol Plaatje,2019,fruitless,Fruitless and Wasteful Expenditure,0.0
NC091,Sol Plaatje,2019,irregular,Irregular Expenditure,40778964.0
NC091,Sol Plaatje,2019,unauthorised,Unauthorised Expenditure,0.0
NC092,Dikgatlong,2019,fruitless,Fruitless and Wasteful Expenditure,10173713.0
NC092,Dikgatlong,2019,irregular,Irregular Expenditure,7220336.0
NC092,Dikgatlong,2019,unauthorised,Unauthorised Expenditure,43650107.0
NC093,Magareng,2019,fruitless,Fruitless and Wasteful Expenditure,5400199.0
NC093,Magareng,2019,irregular,Irregular Expenditure,8462741.0
NC093,Magareng,2019,unauthorised,Unauthorised Expenditure,69543240.0
NC094,Phokwane,2019,fruitless,Fruitless and Wasteful Expenditure,25565281.0
NC094,Phokwane,2019,irregular,Irregular Expenditure,297871603.0
NC094,Phokwane,2019,unauthorised,Unauthorised Expenditure,147361450.0
NC451,Joe Morolong,2019,fruitless,Fruitless and Wasteful Expenditure,196704.0
NC451,Joe Morolong,2019,irregular,Irregular Expenditure,2557315.0
NC451,Joe Morolong,2019,unauthorised,Unauthorised Expenditure,4571998.0
NC452,Ga-Segonyana,2019,fruitless,Fruitless and Wasteful Expenditure,5911841.0
NC452,Ga-Segonyana,2019,irregular,Irregular Expenditure,83024782.0
NC452,Ga-Segonyana,2019,unauthorised,Unauthorised Expenditure,180962436.0
NC453,Gamagara,2019,fruitless,Fruitless and Wasteful Expenditure,20876210.0
NC453,Gamagara,2019,irregular,Irregular Expenditure,34513495.0
NC453,Gamagara,2019,unauthorised,Unauthorised Expenditure,25215227.0
NMA,Nelson Mandela Bay,2019,fruitless,Fruitless and Wasteful Expenditure,15630389.0
NMA,Nelson Mandela Bay,2019,irregular,Irregular Expenditure,4165513322.0
NMA,Nelson Mandela Bay,2019,unauthorised,Unauthorised Expenditure,247964322.0
NW371,Moretele,2019,fruitless,Fruitless and Wasteful Expenditure,68804.0
NW371,Moretele,2019,irregular,Irregular Expenditure,316813645.0
NW371,Moretele,2019,unauthorised,Unauthorised Expenditure,80315558.0
NW372,Madibeng,2019,fruitless,Fruitless and Wasteful Expenditure,6263234.0
NW372,Madibeng,2019,irregular,Irregular Expenditure,443836785.0
NW372,Madibeng,2019,unauthorised,Unauthorised Expenditure,0.0
NW373,Rustenburg,2019,fruitless,Fruitless and Wasteful Expenditure,793000.0
NW373,Rustenburg,2019,irregular,Irregular Expenditure,919774000.0
NW373,Rustenburg,2019,unauthorised,Unauthorised Expenditure,1036181000.0
NW374,Kgetlengrivier,2019,fruitless,Fruitless and Wasteful Expenditure,8189101.0
NW374,Kgetlengrivier,2019,irregular,Irregular Expenditure,38922749.0
NW374,Kgetlengrivier,2019,unauthorised,Unauthorised Expenditure,81341675.0
NW375,Moses Kotane,2019,fruitless,Fruitless and Wasteful Expenditure,1460119.0
NW375,Moses Kotane,2019,irregular,Irregular Expenditure,96070194.0
NW375,Moses Kotane,2019,unauthorised,Unauthorised Expenditure,26732928.0
NW381,Ratlou,2019,fruitless,Fruitless and Wasteful Expenditure,35702.0
NW381,Ratlou,2019,irregular,Irregular Expenditure,11266632.0
NW381,Ratlou,2019,unauthorised,Unauthorised Expenditure,0.0
NW382,Tswaing,2019,fruitless,Fruitless and Wasteful Expenditure,11211071.0
NW382,Tswaing,2019,irregular,Irregular Expenditure,88034310.0
NW382,Tswaing,2019,unauthorised,Unauthorised Expenditure,101922948.0
NW383,Mafikeng,2019,fruitless,Fruitless and Wasteful Expenditure,4709267.0
NW383,Mafikeng,2019,irregular,Irregular Expenditure,166988114.0
NW383,Mafikeng,2019,unauthorised,Unauthorised Expenditure,148930626.0
NW384,Ditsobotla,2019,fruitless,Fruitless and Wasteful Expenditure,153885674.0
NW384,Ditsobotla,2019,irregular,Irregular Expenditure,119928013.0
NW384,Ditsobotla,2019,unauthorised,Unauthorised Expenditure,19107145.0
NW385,Ramotshere Moiloa,2019,fruitless,Fruitless and Wasteful Expenditure,6975769.0
NW385,Ramotshere Moiloa,2019,irregular,Irregular Expenditure,33611702.0
NW385,Ramotshere Moiloa,2019,unauthorised,Unauthorised Expenditure,18414190.0
NW392,Naledi (NW),2019,fruitless,Fruitless and Wasteful Expenditure,0.0
NW392,Naledi (NW),2019,irregular,Irregular Expenditure,6540112.0
NW392,Naledi (NW),2019,unauthorised,Unauthorised Expenditure,0.0
NW393,Mamusa,2019,fruitless,Fruitless and Wasteful Expenditure,7269018.0
NW393,Mamusa,2019,irregular,Irregular Expenditure,14614331.0
NW393,Mamusa,2019,unauthorised,Unauthorised Expenditure,2421241.0
NW394,Greater Taung,2019,fruitless,Fruitless and Wasteful Expenditure,9785.0
NW394,Greater Taung,2019,irregular,Irregular Expenditure,7384301.0
NW394,Greater Taung,2019,unauthorised,Unauthorised Expenditure,0.0
NW396,Lekwa-Teemane,2019,fruitless,Fruitless and Wasteful Expenditure,9269540.0
NW396,Lekwa-Teemane,2019,irregular,Irregular Expenditure,9702726.0
NW396,Lekwa-Teemane,2019,unauthorised,Unauthorised Expenditure,0.0
NW397,Kagisano-Molopo,2019,fruitless,Fruitless and Wasteful Expenditure,289695.0
NW397,Kagisano-Molopo,2019,irregular,Irregular Expenditure,62587767.0
NW397,Kagisano-Molopo,2019,unauthorised,Unauthorised Expenditure,58209123.0
NW403,City of Matlosana,2019,fruitless,Fruitless and Wasteful Expenditure,68344353.0
NW403,City of Matlosana,2019,irregular,Irregular Expenditure,248695550.0
NW403,City of Matlosana,2019,unauthorised,Unauthorised Expenditure,223705443.0
NW404,Maquassi Hills,2019,fruitless,Fruitless and Wasteful Expenditure,4573689.0
NW404,Maquassi Hills,2019,irregular,Irregular Expenditure,73566182.0
NW404,Maquassi Hills,2019,unauthorised,Unauthorised Expenditure,60835798.0
NW405,J B Marks,2019,fruitless,Fruitless and Wasteful Expenditure,2973826.0
NW405,J B Marks,2019,irregular,Irregular Expenditure,680807999.0
NW405,J B Marks,2019,unauthorised,Unauthorised Expenditure,8833803.0
TSH,City of Tshwane,2019,fruitless,Fruitless and Wasteful Expenditure,103373677.0
TSH,City of Tshwane,2019,irregular,Irregular Expenditure,2876710116.0
TSH,City of Tshwane,2019,unauthorised,Unauthorised Expenditure,446395773.0
WC011,Matzikama,2019,fruitless,Fruitless and Wasteful Expenditure,0.0
WC011,Matzikama,2019,irregular,Irregular Expenditure,77450675.0
WC011,Matzikama,2019,unauthorised,Unauthorised Expenditure,0.0
WC012,Cederberg,2019,fruitless,Fruitless and Wasteful Expenditure,4770.0
WC012,Cederberg,2019,irregular,Irregular Expenditure,71382151.0
WC012,Cederberg,2019,unauthorised,Unauthorised Expenditure,1461115.0
WC013,Bergrivier,2019,fruitless,Fruitless and Wasteful Expenditure,18569.0
WC013,Bergrivier,2019,irregular,Irregular Expenditure,15390056.0
WC013,Bergrivier,2019,unauthorised,Unauthorised Expenditure,687569.0
WC014,Saldanha Bay,2019,fruitless,Fruitless and Wasteful Expenditure,910486.0
WC014,Saldanha Bay,2019,irregular,Irregular Expenditure,20829453.0
WC014,Saldanha Bay,2019,unauthorised,Unauthorised Expenditure,0.0
WC015,Swartland,2019,fruitless,Fruitless and Wasteful Expenditure,4902.0
WC015,Swartland,2019,irregular,Irregular Expenditure,9053320.0
WC015,Swartland,2019,unauthorised,Unauthorised Expenditure,9666715.0
WC022,Witzenberg,2019,fruitless,Fruitless and Wasteful Expenditure,0.0
WC022,Witzenberg,2019,irregular,Irregular Expenditure,27674358.0
WC022,Witzenberg,2019,unauthorised,Unauthorised Expenditure,0.0
WC023,Drakenstein,2019,fruitless,Fruitless and Wasteful Expenditure,0.0
WC023,Drakenstein,2019,irregular,Irregular Expenditure,9687909.0
WC023,Drakenstein,2019,unauthorised,Unauthorised Expenditure,18724999.0
WC024,Stellenbosch,2019,fruitless,Fruitless and Wasteful Expenditure,0.0
WC024,Stellenbosch,2019,irregular,Irregular Expenditure,52956227.0
WC024,Stellenbosch,2019,unauthorised,Unauthorised Expenditure,0.0
WC025,Breede Valley,2019,fruitless,Fruitless and Wasteful Expenditure,0.0
WC025,Breede Valley,2019,irregular,Irregular Expenditure,0.0
WC025,Breede Valley,2019,unauthorised,Unauthorised Expenditure,0.0
WC026,Langeberg,2019,fruitless,Fruitless and Wasteful Expenditure,99820.0
WC026,Langeberg,2019,irregular,Irregular Expenditure,11282823.0
WC026,Langeberg,2019,unauthorised,Unauthorised Expenditure,10055780.0
WC031,Theewaterskloof,2019,fruitless,Fruitless and Wasteful Expenditure,0.0
WC031,Theewaterskloof,2019,irregular,Irregular Expenditure,101285777.0
WC031,Theewaterskloof,2019,unauthorised,Unauthorised Expenditure,0.0
WC032,Overstrand,2019,fruitless,Fruitless and Wasteful Expenditure,14364.0
WC032,Overstrand,2019,irregular,Irregular Expenditure,4122848.0
WC032,Overstrand,2019,unauthorised,Unauthorised Expenditure,24396571.0
WC033,Cape Agulhas,2019,fruitless,Fruitless and Wasteful Expenditure,38000.0
WC033,Cape Agulhas,2019,irregular,Irregular Expenditure,5980657.0
WC033,Cape Agulhas,2019,unauthorised,Unauthorised Expenditure,3145970.0
WC034,Swellendam,2019,fruitless,Fruitless and Wasteful Expenditure,0.0
WC034,Swellendam,2019,irregular,Irregular Expenditure,35619441.0
WC034,Swellendam,2019,unauthorised,Unauthorised Expenditure,0.0
WC041,Kannaland,2019,fruitless,Fruitless and Wasteful Expenditure,1570519.0
WC041,Kannaland,2019,irregular,Irregular Expenditure,12447097.0
WC041,Kannaland,2019,unauthorised,Unauthorised Expenditure,4123020.0
WC042,Hessequa,2019,fruitless,Fruitless and Wasteful Expenditure,24156.0
WC042,Hessequa,2019,irregular,Irregular Expenditure,5858909.0
WC042,Hessequa,2019,unauthorised,Unauthorised Expenditure,3007245.0
WC043,Mossel Bay,2019,fruitless,Fruitless and Wasteful Expenditure,223702.0
WC043,Mossel Bay,2019,irregular,Irregular Expenditure,21474686.0
WC043,Mossel Bay,2019,unauthorised,Unauthorised Expenditure,11936516.0
WC044,George,2019,fruitless,Fruitless and Wasteful Expenditure,0.0
WC044,George,2019,irregular,Irregular Expenditure,620892022.0
WC044,George,2019,unauthorised,Unauthorised Expenditure,55024933.0
WC045,Oudtshoorn,2019,fruitless,Fruitless and Wasteful Expenditure,1139352.0
WC045,Oudtshoorn,2019,irregular,Irregular Expenditure,170064975.0
WC045,Oudtshoorn,2019,unauthorised,Unauthorised Expenditure,0.0
WC047,Bitou,2019,fruitless,Fruitless and Wasteful Expenditure,645683.0
WC047,Bitou,2019,irregular,Irregular Expenditure,48337016.0
WC047,Bitou,2019,unauthorised,Unauthorised Expenditure,250059499.0
WC048,Knysna,2019,fruitless,Fruitless and Wasteful Expenditure,75269.0
WC048,Knysna,2019,irregular,Irregular Expenditure,121759480.0
WC048,Knysna,2019,unauthorised,Unauthorised Expenditure,0.0
WC051,Laingsburg,2019,fruitless,Fruitless and Wasteful Expenditure,127791.0
WC051,Laingsburg,2019,irregular,Irregular Expenditure,23631929.0
WC051,Laingsburg,2019,unauthorised,Unauthorised Expenditure,3467120.0
WC052,Prince Albert,2019,fruitless,Fruitless and Wasteful Expenditure,28103.0
WC052,Prince Albert,2019,irregular,Irregular Expenditure,8415819.0
WC052,Prince Albert,2019,unauthorised,Unauthorised Expenditure,683879.0
WC053,Beaufort West,2019,fruitless,Fruitless and Wasteful Expenditure,0.0
WC053,Beaufort West,2019,irregular,Irregular Expenditure,68472722.0
WC053,Beaufort West,2019,unauthorised,Unauthorised Expenditure,1880599.0
BUF,Buffalo City,2020,fruitless,Fruitless and Wasteful Expenditure,0.0
BUF,Buffalo City,2020,irregular,Irregular Expenditure,302137787.0
BUF,Buffalo City,2020,unauthorised,Unauthorised Expenditure,17649513.0
CPT,Cape Town,2020,fruitless,Fruitless and Wasteful Expenditure,28000.0
CPT,Cape Town,2020,irregular,Irregular Expenditure,669164000.0
CPT,Cape Town,2020,unauthorised,Unauthorised Expenditure,6567000.0
DC1,West Coast,2020,fruitless,Fruitless and Wasteful Expenditure,692724.0
DC1,West Coast,2020,irregular,Irregular Expenditure,11273471.0
DC1,West Coast,2020,unauthorised,Unauthorised Expenditure,0.0
DC10,Sarah Baartman,2020,fruitless,Fruitless and Wasteful Expenditure,9309.0
DC10,Sarah Baartman,2020,irregular,Irregular Expenditure,5015664.0
DC10,Sarah Baartman,2020,unauthorised,Unauthorised Expenditure,0.0
DC12,Amathole,2020,fruitless,Fruitless and Wasteful Expenditure,1949987.0
DC12,Amathole,2020,irregular,Irregular Expenditure,104418771.0
DC12,Amathole,2020,unauthorised,Unauthorised Expenditure,202602442.0
DC13,Chris Hani,2020,fruitless,Fruitless and Wasteful Expenditure,683798.0
DC13,Chris Hani,2020,irregular,Irregular Expenditure,25196606.0
DC13,Chris Hani,2020,unauthorised,Unauthorised Expenditure,135640341.0
DC14,Joe Gqabi,2020,fruitless,Fruitless and Wasteful Expenditure,625130.0
DC14,Joe Gqabi,2020,irregular,Irregular Expenditure,126216963.0
DC14,Joe Gqabi,2020,unauthorised,Unauthorised Expenditure,109309505.0
DC15,O R Tambo,2020,fruitless,Fruitless and Wasteful Expenditure,8989149.0
DC15,O R Tambo,2020,irregular,Irregular Expenditure,696189593.0
DC15,O R Tambo,2020,unauthorised,Unauthorised Expenditure,5140277.0
DC16,Xhariep,2020,fruitless,Fruitless and Wasteful Expenditure,188793.0
DC16,Xhariep,2020,irregular,Irregular Expenditure,4381556.0
DC16,Xhariep,2020,unauthorised,Unauthorised Expenditure,455404.0
DC18,Lejweleputswa,2020,fruitless,Fruitless and Wasteful Expenditure,0.0
DC18,Lejweleputswa,2020,irregular,Irregular Expenditure,1172612.0
DC18,Lejweleputswa,2020,unauthorised,Unauthorised Expenditure,0.0
DC19,Thabo Mofutsanyana,2020,fruitless,Fruitless and Wasteful Expenditure,49739.0
DC19,Thabo Mofutsanyana,2020,irregular,Irregular Expenditure,24507042.0
DC19,Thabo Mofutsanyana,2020,unauthorised,Unauthorised Expenditure,4267519.0
DC2,Cape Winelands DM,2020,fruitless,Fruitless and Wasteful Expenditure,0.0
DC2,Cape Winelands DM,2020,irregular,Irregular Expenditure,0.0
DC2,Cape Winelands DM,2020,unauthorised,Unauthorised Expenditure,0.0
DC20,Fezile Dabi,2020,fruitless,Fruitless and Wasteful Expenditure,27590.0
DC20,Fezile Dabi,2020,irregular,Irregular Expenditure,47155670.0
DC20,Fezile Dabi,2020,unauthorised,Unauthorised Expenditure,5225398.0
DC21,Ugu,2020,fruitless,Fruitless and Wasteful Expenditure,10915080.0
DC21,Ugu,2020,irregular,Irregular Expenditure,294828507.0
DC21,Ugu,2020,unauthorised,Unauthorised Expenditure,295340848.0
DC22,uMgungundlovu,2020,fruitless,Fruitless and Wasteful Expenditure,7281877.0
DC22,uMgungundlovu,2020,irregular,Irregular Expenditure,41375493.0
DC22,uMgungundlovu,2020,unauthorised,Unauthorised Expenditure,182429395.0
DC23,Uthukela,2020,fruitless,Fruitless and Wasteful Expenditure,11612520.0
DC23,Uthukela,2020,irregular,Irregular Expenditure,134285885.0
DC23,Uthukela,2020,unauthorised,Unauthorised Expenditure,55812881.0
DC24,Umzinyathi,2020,fruitless,Fruitless and Wasteful Expenditure,4292500.0
DC24,Umzinyathi,2020,irregular,Irregular Expenditure,298373582.0
DC24,Umzinyathi,2020,unauthorised,Unauthorised Expenditure,0.0
DC25,Amajuba,2020,fruitless,Fruitless and Wasteful Expenditure,50672.0
DC25,Amajuba,2020,irregular,Irregular Expenditure,101036862.0
DC25,Amajuba,2020,unauthorised,Unauthorised Expenditure,1100393.0
DC26,Zululand,2020,fruitless,Fruitless and Wasteful Expenditure,74013.0
DC26,Zululand,2020,irregular,Irregular Expenditure,187177197.0
DC26,Zululand,2020,unauthorised,Unauthorised Expenditure,0.0
DC27,Umkhanyakude,2020,fruitless,Fruitless and Wasteful Expenditure,1497617.0
DC27,Umkhanyakude,2020,irregular,Irregular Expenditure,476417980.0
DC27,Umkhanyakude,2020,unauthorised,Unauthorised Expenditure,45549902.0
DC28,King Cetshwayo,2020,fruitless,Fruitless and Wasteful Expenditure,14685.0
DC28,King Cetshwayo,2020,irregular,Irregular Expenditure,124686471.0
DC28,King Cetshwayo,2020,unauthorised,Unauthorised Expenditure,10475709.0
DC29,iLembe,2020,fruitless,Fruitless and Wasteful Expenditure,0.0
DC29,iLembe,2020,irregular,Irregular Expenditure,150454923.0
DC29,iLembe,2020,unauthorised,Unauthorised Expenditure,0.0
DC3,Overberg,2020,fruitless,Fruitless and Wasteful Expenditure,20866.0
DC3,Overberg,2020,irregular,Irregular Expenditure,5506014.0
DC3,Overberg,2020,unauthorised,Unauthorised Expenditure,0.0
DC30,Gert Sibande,2020,fruitless,Fruitless and Wasteful Expenditure,0.0
DC30,Gert Sibande,2020,irregular,Irregular Expenditure,0.0
DC30,Gert Sibande,2020,unauthorised,Unauthorised Expenditure,0.0
DC31,Nkangala,2020,fruitless,Fruitless and Wasteful Expenditure,34500.0
DC31,Nkangala,2020,irregular,Irregular Expenditure,2613097.0
DC31,Nkangala,2020,unauthorised,Unauthorised Expenditure,0.0
DC32,Ehlanzeni,2020,fruitless,Fruitless and Wasteful Expenditure,51625.0
DC32,Ehlanzeni,2020,irregular,Irregular Expenditure,1336512.0
DC32,Ehlanzeni,2020,unauthorised,Unauthorised Expenditure,0.0
DC33,Mopani,2020,fruitless,Fruitless and Wasteful Expenditure,71325016.0
DC33,Mopani,2020,irregular,Irregular Expenditure,450546518.0
DC33,Mopani,2020,unauthorised,Unauthorised Expenditure,116915161.0
DC34,Vhembe,2020,fruitless,Fruitless and Wasteful Expenditure,16354438.0
DC34,Vhembe,2020,irregular,Irregular Expenditure,71793807.0
DC34,Vhembe,2020,unauthorised,Unauthorised Expenditure,725149957.0
DC35,Capricorn,2020,fruitless,Fruitless and Wasteful Expenditure,108285.0
DC35,Capricorn,2020,irregular,Irregular Expenditure,3354702.0
DC35,Capricorn,2020,unauthorised,Unauthorised Expenditure,0.0
DC36,Waterberg,2020,fruitless,Fruitless and Wasteful Expenditure,9743.0
DC36,Waterberg,2020,irregular,Irregular Expenditure,5746156.0
DC36,Waterberg,2020,unauthorised,Unauthorised Expenditure,0.0
DC37,Bojanala Platinum,2020,fruitless,Fruitless and Wasteful Expenditure,1103737.0
DC37,Bojanala Platinum,2020,irregular,Irregular Expenditure,53135994.0
DC37,Bojanala Platinum,2020,unauthorised,Unauthorised Expenditure,27532196.0
DC38,Ngaka Modiri Molema,2020,fruitless,Fruitless and Wasteful Expenditure,1852352.0
DC38,Ngaka Modiri Molema,2020,irregular,Irregular Expenditure,868891990.0
DC38,Ngaka Modiri Molema,2020,unauthorised,Unauthorised Expenditure,202619337.0
DC39,Dr Ruth Segomotsi Mompati,2020,fruitless,Fruitless and Wasteful Expenditure,836733.0
DC39,Dr Ruth Segomotsi Mompati,2020,irregular,Irregular Expenditure,366319823.0
DC39,Dr Ruth Segomotsi Mompati,2020,unauthorised,Unauthorised Expenditure,248720418.0
DC4,Garden Route,2020,fruitless,Fruitless and Wasteful Expenditure,887.0
DC4,Garden Route,2020,irregular,Irregular Expenditure,53617575.0
DC4,Garden Route,2020,unauthorised,Unauthorised Expenditure,34235373.0
DC40,Dr Kenneth Kaunda,2020,fruitless,Fruitless and Wasteful Expenditure,404195.0
DC40,Dr Kenneth Kaunda,2020,irregular,Irregular Expenditure,57310700.0
DC40,Dr Kenneth Kaunda,2020,unauthorised,Unauthorised Expenditure,2782151.0
DC42,Sedibeng,2020,fruitless,Fruitless and Wasteful Expenditure,0.0
DC42,Sedibeng,2020,irregular,Irregular Expenditure,15257905.0
DC42,Sedibeng,2020,unauthorised,Unauthorised Expenditure,1246785.0
DC43,Harry Gwala,2020,fruitless,Fruitless and Wasteful Expenditure,2206040.0
DC43,Harry Gwala,2020,irregular,Irregular Expenditure,62093966.0
DC43,Harry Gwala,2020,unauthorised,Unauthorised Expenditure,0.0
DC44,Alfred Nzo,2020,fruitless,Fruitless and Wasteful Expenditure,364.0
DC44,Alfred Nzo,2020,irregular,Irregular Expenditure,88597973.0
DC44,Alfred Nzo,2020,unauthorised,Unauthorised Expenditure,0.0
DC45,John Taolo Gaetsewe,2020,fruitless,Fruitless and Wasteful Expenditure,3144.0
DC45,John Taolo Gaetsewe,2020,irregular,Irregular Expenditure,276451.0
DC45,John Taolo Gaetsewe,2020,unauthorised,Unauthorised Expenditure,3247882.0
DC47,Sekhukhune,2020,fruitless,Fruitless and Wasteful Expenditure,40343817.0
DC47,Sekhukhune,2020,irregular,Irregular Expenditure,167636259.0
DC47,Sekhukhune,2020,unauthorised,Unauthorised Expenditure,149398980.0
DC48,West Rand,2020,fruitless,Fruitless and Wasteful Expenditure,4214948.0
DC48,West Rand,2020,irregular,Irregular Expenditure,20803347.0
DC48,West Rand,2020,unauthorised,Unauthorised Expenditure,30951146.0
DC5,Central Karoo,2020,fruitless,Fruitless and Wasteful Expenditure,0.0
DC5,Central Karoo,2020,irregular,Irregular Expenditure,0.0
DC5,Central Karoo,2020,unauthorised,Unauthorised Expenditure,1435349.0
DC6,Namakwa,2020,fruitless,Fruitless and Wasteful Expenditure,15626.0
DC6,Namakwa,2020,irregular,Irregular Expenditure,337122.0
DC6,Namakwa,2020,unauthorised,Unauthorised Expenditure,0.0
DC7,Pixley Ka Seme (NC),2020,fruitless,Fruitless and Wasteful Expenditure,15126.0
DC7,Pixley Ka Seme (NC),2020,irregular,Irregular Expenditure,5002041.0
DC7,Pixley Ka Seme (NC),2020,unauthorised,Unauthorised Expenditure,0.0
DC8,Z F Mgcawu,2020,fruitless,Fruitless and Wasteful Expenditure,611335.0
DC8,Z F Mgcawu,2020,irregular,Irregular Expenditure,4424389.0
DC8,Z F Mgcawu,2020,unauthorised,Unauthorised Expenditure,1160795.0
DC9,Frances Baard,2020,fruitless,Fruitless and Wasteful Expenditure,0.0
DC9,Frances Baard,2020,irregular,Irregular Expenditure,91286.0
DC9,Frances Baard,2020,unauthorised,Unauthorised Expenditure,0.0
EC101,Dr Beyers Naude,2020,fruitless,Fruitless and Wasteful Expenditure,8491241.0
EC101,Dr Beyers Naude,2020,irregular,Irregular Expenditure,103453775.0
EC101,Dr Beyers Naude,2020,unauthorised,Unauthorised Expenditure,83238437.0
EC102,Blue Crane Route,2020,fruitless,Fruitless and Wasteful Expenditure,0.0
EC102,Blue Crane Route,2020,irregular,Irregular Expenditure,6669405.0
EC102,Blue Crane Route,2020,unauthorised,Unauthorised Expenditure,24250046.0
EC104,Makana,2020,fruitless,Fruitless and Wasteful Expenditure,3721867.0
EC104,Makana,2020,irregular,Irregular Expenditure,54457212.0
EC104,Makana,2020,unauthorised,Unauthorised Expenditure,20527539.0
EC105,Ndlambe,2020,fruitless,Fruitless and Wasteful Expenditure,11808.0
EC105,Ndlambe,2020,irregular,Irregular Expenditure,55338298.0
EC105,Ndlambe,2020,unauthorised,Unauthorised Expenditure,70955368.0
EC106,Sundays River Valley,2020,fruitless,Fruitless and Wasteful Expenditure,4603117.0
EC106,Sundays River Valley,2020,irregular,Irregular Expenditure,34804898.0
EC106,Sundays River Valley,2020,unauthorised,Unauthorised Expenditure,47250816.0
EC108,Kouga,2020,fruitless,Fruitless and Wasteful Expenditure,27485.0
EC108,Kouga,2020,irregular,Irregular Expenditure,1529888.0
EC108,Kouga,2020,unauthorised,Unauthorised Expenditure,0.0
EC109,Kou-Kamma,2020,fruitless,Fruitless and Wasteful Expenditure,289020.0
EC109,Kou-Kamma,2020,irregular,Irregular Expenditure,15813780.0
EC109,Kou-Kamma,2020,unauthorised,Unauthorised Expenditure,0.0
EC121,Mbhashe,2020,fruitless,Fruitless and Wasteful Expenditure,31016.0
EC121,Mbhashe,2020,irregular,Irregular Expenditure,41454598.0
EC121,Mbhashe,2020,unauthorised,Unauthorised Expenditure,0.0
EC122,Mnquma,2020,fruitless,Fruitless and Wasteful Expenditure,104561.0
EC122,Mnquma,2020,irregular,Irregular Expenditure,27302806.0
EC122,Mnquma,2020,unauthorised,Unauthorised Expenditure,0.0
EC123,Great Kei,2020,fruitless,Fruitless and Wasteful Expenditure,1118314.0
EC123,Great Kei,2020,irregular,Irregular Expenditure,670767.0
EC123,Great Kei,2020,unauthorised,Unauthorised Expenditure,9398468.0
EC124,Amahlathi,2020,fruitless,Fruitless and Wasteful Expenditure,4255903.0
EC124,Amahlathi,2020,irregular,Irregular Expenditure,29869968.0
EC124,Amahlathi,2020,unauthorised,Unauthorised Expenditure,42340664.0
EC126,Ngqushwa,2020,fruitless,Fruitless and Wasteful Expenditure,13155.0
EC126,Ngqushwa,2020,irregular,Irregular Expenditure,7780084.0
EC126,Ngqushwa,2020,unauthorised,Unauthorised Expenditure,3481763.0
EC129,Raymond Mhlaba,2020,fruitless,Fruitless and Wasteful Expenditure,19375793.0
EC129,Raymond Mhlaba,2020,irregular,Irregular Expenditure,22248992.0
EC129,Raymond Mhlaba,2020,unauthorised,Unauthorised Expenditure,0.0
EC131,Inxuba Yethemba,2020,fruitless,Fruitless and Wasteful Expenditure,13743810.0
EC131,Inxuba Yethemba,2020,irregular,Irregular Expenditure,59791985.0
EC131,Inxuba Yethemba,2020,unauthorised,Unauthorised Expenditure,68671154.0
EC135,Vuyisile Mini,2020,fruitless,Fruitless and Wasteful Expenditure,7398889.0
EC135,Vuyisile Mini,2020,irregular,Irregular Expenditure,37785772.0
EC135,Vuyisile Mini,2020,unauthorised,Unauthorised Expenditure,0.0
EC136,Emalahleni (EC),2020,fruitless,Fruitless and Wasteful Expenditure,17028962.0
EC136,Emalahleni (EC),2020,irregular,Irregular Expenditure,2023900.0
EC136,Emalahleni (EC),2020,unauthorised,Unauthorised Expenditure,21017175.0
EC137,Dr. A.B. Xuma,2020,fruitless,Fruitless and Wasteful Expenditure,338835.0
EC137,Dr. A.B. Xuma,2020,irregular,Irregular Expenditure,3690545.0
EC137,Dr. A.B. Xuma,2020,unauthorised,Unauthorised Expenditure,0.0
EC138,Sakhisizwe,2020,fruitless,Fruitless and Wasteful Expenditure,359299.0
EC138,Sakhisizwe,2020,irregular,Irregular Expenditure,4586460.0
EC138,Sakhisizwe,2020,unauthorised,Unauthorised Expenditure,6809027.0
EC139,Enoch Mgijima,2020,fruitless,Fruitless and Wasteful Expenditure,4956885.0
EC139,Enoch Mgijima,2020,irregular,Irregular Expenditure,79610959.0
EC139,Enoch Mgijima,2020,unauthorised,Unauthorised Expenditure,480521371.0
EC141,Elundini,2020,fruitless,Fruitless and Wasteful Expenditure,627861.0
EC141,Elundini,2020,irregular,Irregular Expenditure,31022164.0
EC141,Elundini,2020,unauthorised,Unauthorised Expenditure,20370364.0
EC142,Senqu,2020,fruitless,Fruitless and Wasteful Expenditure,5700.0
EC142,Senqu,2020,irregular,Irregular Expenditure,9537115.0
EC142,Senqu,2020,unauthorised,Unauthorised Expenditure,0.0
EC145,Walter Sisulu,2020,fruitless,Fruitless and Wasteful Expenditure,23235902.0
EC145,Walter Sisulu,2020,irregular,Irregular Expenditure,52978912.0
EC145,Walter Sisulu,2020,unauthorised,Unauthorised Expenditure,76757724.0
EC153,Ngquza Hills,2020,fruitless,Fruitless and Wasteful Expenditure,0.0
EC153,Ngquza Hills,2020,irregular,Irregular Expenditure,1594017.0
EC153,Ngquza Hills,2020,unauthorised,Unauthorised Expenditure,0.0
EC154,Port St Johns,2020,fruitless,Fruitless and Wasteful Expenditure,11001.0
EC154,Port St Johns,2020,irregular,Irregular Expenditure,65233391.0
EC154,Port St Johns,2020,unauthorised,Unauthorised Expenditure,0.0
EC155,Nyandeni,2020,fruitless,Fruitless and Wasteful Expenditure,4389.0
EC155,Nyandeni,2020,irregular,Irregular Expenditure,29278525.0
EC155,Nyandeni,2020,unauthorised,Unauthorised Expenditure,0.0
EC156,Kumkani Mhlontlo,2020,fruitless,Fruitless and Wasteful Expenditure,631574.0
EC156,Kumkani Mhlontlo,2020,irregular,Irregular Expenditure,18112709.0
EC156,Kumkani Mhlontlo,2020,unauthorised,Unauthorised Expenditure,23985353.0
EC157,King Sabata Dalindyebo,2020,fruitless,Fruitless and Wasteful Expenditure,23638291.0
EC157,King Sabata Dalindyebo,2020,irregular,Irregular Expenditure,23504876.0
EC157,King Sabata Dalindyebo,2020,unauthorised,Unauthorised Expenditure,144822972.0
EC441,Matatiele,2020,fruitless,Fruitless and Wasteful Expenditure,3082.0
EC441,Matatiele,2020,irregular,Irregular Expenditure,1522660.0
EC441,Matatiele,2020,unauthorised,Unauthorised Expenditure,38451759.0
EC442,Umzimvubu,2020,fruitless,Fruitless and Wasteful Expenditure,0.0
EC442,Umzimvubu,2020,irregular,Irregular Expenditure,183657.0
EC442,Umzimvubu,2020,unauthorised,Unauthorised Expenditure,0.0
EC443,Winnie Madikizela-Mandela,2020,fruitless,Fruitless and Wasteful Expenditure,96737.0
EC443,Winnie Madikizela-Mandela,2020,irregular,Irregular Expenditure,5722982.0
EC443,Winnie Madikizela-Mandela,2020,unauthorised,Unauthorised Expenditure,0.0
EC444,Ntabankulu,2020,fruitless,Fruitless and Wasteful Expenditure,4203628.0
EC444,Ntabankulu,2020,irregular,Irregular Expenditure,2438210.0
EC444,Ntabankulu,2020,unauthorised,Unauthorised Expenditure,69009944.0
EKU,City of Ekurhuleni,2020,fruitless,Fruitless and Wasteful Expenditure,1958267.0
EKU,City of Ekurhuleni,2020,irregular,Irregular Expenditure,146976287.0
EKU,City of Ekurhuleni,2020,unauthorised,Unauthorised Expenditure,0.0
ETH,eThekwini,2020,fruitless,Fruitless and Wasteful Expenditure,5107000.0
ETH,eThekwini,2020,irregular,Irregular Expenditure,1072027000.0
ETH,eThekwini,2020,unauthorised,Unauthorised Expenditure,1778772000.0
FS161,Letsemeng,2020,fruitless,Fruitless and Wasteful Expenditure,5727502.0
FS161,Letsemeng,2020,irregular,Irregular Expenditure,30298804.0
FS161,Letsemeng,2020,unauthorised,Unauthorised Expenditure,91986310.0
FS162,Kopanong,2020,fruitless,Fruitless and Wasteful Expenditure,57544681.0
FS162,Kopanong,2020,irregular,Irregular Expenditure,2032019.0
FS162,Kopanong,2020,unauthorised,Unauthorised Expenditure,130777952.0
FS163,Mohokare,2020,fruitless,Fruitless and Wasteful Expenditure,18969559.0
FS163,Mohokare,2020,irregular,Irregular Expenditure,182706288.0
FS163,Mohokare,2020,unauthorised,Unauthorised Expenditure,80356139.0
FS181,Masilonyana,2020,fruitless,Fruitless and Wasteful Expenditure,3996942.0
FS181,Masilonyana,2020,irregular,Irregular Expenditure,7835399.0
FS181,Masilonyana,2020,unauthorised,Unauthorised Expenditure,156187275.0
FS182,Tokologo,2020,fruitless,Fruitless and Wasteful Expenditure,9151534.0
FS182,Tokologo,2020,irregular,Irregular Expenditure,19140858.0
FS182,Tokologo,2020,unauthorised,Unauthorised Expenditure,97912700.0
FS183,Tswelopele,2020,fruitless,Fruitless and Wasteful Expenditure,611276.0
FS183,Tswelopele,2020,irregular,Irregular Expenditure,38931797.0
FS183,Tswelopele,2020,unauthorised,Unauthorised Expenditure,248450.0
FS184,Matjhabeng,2020,fruitless,Fruitless and Wasteful Expenditure,281932415.0
FS184,Matjhabeng,2020,irregular,Irregular Expenditure,339793590.0
FS184,Matjhabeng,2020,unauthorised,Unauthorised Expenditure,1499069612.0
FS185,Nala,2020,fruitless,Fruitless and Wasteful Expenditure,33699447.0
FS185,Nala,2020,irregular,Irregular Expenditure,46069247.0
FS185,Nala,2020,unauthorised,Unauthorised Expenditure,117493778.0
FS191,Setsoto,2020,fruitless,Fruitless and Wasteful Expenditure,4333747.0
FS191,Setsoto,2020,irregular,Irregular Expenditure,184032832.0
FS191,Setsoto,2020,unauthorised,Unauthorised Expenditure,127354819.0
FS192,Dihlabeng,2020,fruitless,Fruitless and Wasteful Expenditure,36582204.0
FS192,Dihlabeng,2020,irregular,Irregular Expenditure,129954049.0
FS192,Dihlabeng,2020,unauthorised,Unauthorised Expenditure,154809376.0
FS193,Nketoana,2020,fruitless,Fruitless and Wasteful Expenditure,30329544.0
FS193,Nketoana,2020,irregular,Irregular Expenditure,119261603.0
FS193,Nketoana,2020,unauthorised,Unauthorised Expenditure,134697055.0
FS194,Maluti-a-Phofung,2020,fruitless,Fruitless and Wasteful Expenditure,555651324.0
FS194,Maluti-a-Phofung,2020,irregular,Irregular Expenditure,27928650.0
FS194,Maluti-a-Phofung,2020,unauthorised,Unauthorised Expenditure,0.0
FS195,Phumelela,2020,fruitless,Fruitless and Wasteful Expenditure,10242757.0
FS195,Phumelela,2020,irregular,Irregular Expenditure,14953643.0
FS195,Phumelela,2020,unauthorised,Unauthorised Expenditure,108371149.0
FS196,Mantsopa,2020,fruitless,Fruitless and Wasteful Expenditure,21805830.0
FS196,Mantsopa,2020,irregular,Irregular Expenditure,44380511.0
FS196,Mantsopa,2020,unauthorised,Unauthorised Expenditure,220782474.0
FS201,Moqhaka,2020,fruitless,Fruitless and Wasteful Expenditure,16375744.0
FS201,Moqhaka,2020,irregular,Irregular Expenditure,128593455.0
FS201,Moqhaka,2020,unauthorised,Unauthorised Expenditure,158434685.0
FS203,Ngwathe,2020,fruitless,Fruitless and Wasteful Expenditure,42910405.0
FS203,Ngwathe,2020,irregular,Irregular Expenditure,5035786.0
FS203,Ngwathe,2020,unauthorised,Unauthorised Expenditure,197716696.0
FS204,Metsimaholo,2020,fruitless,Fruitless and Wasteful Expenditure,7197491.0
FS204,Metsimaholo,2020,irregular,Irregular Expenditure,57451984.0
FS204,Metsimaholo,2020,unauthorised,Unauthorised Expenditure,0.0
FS205,Mafube,2020,fruitless,Fruitless and Wasteful Expenditure,54055669.0
FS205,Mafube,2020,irregular,Irregular Expenditure,199744884.0
FS205,Mafube,2020,unauthorised,Unauthorised Expenditure,164523565.0
GT421,Emfuleni,2020,fruitless,Fruitless and Wasteful Expenditure,225183362.0
GT421,Emfuleni,2020,irregular,Irregular Expenditure,309609943.0
GT421,Emfuleni,2020,unauthorised,Unauthorised Expenditure,1653150951.0
GT422,Midvaal,2020,fruitless,Fruitless and Wasteful Expenditure,54376.0
GT422,Midvaal,2020,irregular,Irregular Expenditure,4965959.0
GT422,Midvaal,2020,unauthorised,Unauthorised Expenditure,0.0
GT423,Lesedi,2020,fruitless,Fruitless and Wasteful Expenditure,1871926.0
GT423,Lesedi,2020,irregular,Irregular Expenditure,9909524.0
GT423,Lesedi,2020,unauthorised,Unauthorised Expenditure,46161249.0
GT481,Mogale City,2020,fruitless,Fruitless and Wasteful Expenditure,14280958.0
GT481,Mogale City,2020,irregular,Irregular Expenditure,116432196.0
GT481,Mogale City,2020,unauthorised,Unauthorised Expenditure,0.0
GT484,Merafong City,2020,fruitless,Fruitless and Wasteful Expenditure,48254267.0
GT484,Merafong City,2020,irregular,Irregular Expenditure,35614937.0
GT484,Merafong City,2020,unauthorised,Unauthorised Expenditure,0.0
GT485,Rand West City,2020,fruitless,Fruitless and Wasteful Expenditure,54885314.0
GT485,Rand West City,2020,irregular,Irregular Expenditure,69713487.0
GT485,Rand West City,2020,unauthorised,Unauthorised Expenditure,197849325.0
JHB,City of Johannesburg,2020,fruitless,Fruitless and Wasteful Expenditure,25172000.0
JHB,City of Johannesburg,2020,irregular,Irregular Expenditure,1045558000.0
JHB,City of Johannesburg,2020,unauthorised,Unauthorised Expenditure,59468000.0
KZN212,Umdoni,2020,fruitless,Fruitless and Wasteful Expenditure,9889.0
KZN212,Umdoni,2020,irregular,Irregular Expenditure,103995942.0
KZN212,Umdoni,2020,unauthorised,Unauthorised Expenditure,61388520.0
KZN213,Umzumbe,2020,fruitless,Fruitless and Wasteful Expenditure,103028.0
KZN213,Umzumbe,2020,irregular,Irregular Expenditure,71891472.0
KZN213,Umzumbe,2020,unauthorised,Unauthorised Expenditure,0.0
KZN214,uMuziwabantu,2020,fruitless,Fruitless and Wasteful Expenditure,6839.0
KZN214,uMuziwabantu,2020,irregular,Irregular Expenditure,59998224.0
KZN214,uMuziwabantu,2020,unauthorised,Unauthorised Expenditure,0.0
KZN216,Ray Nkonyeni,2020,fruitless,Fruitless and Wasteful Expenditure,169001.0
KZN216,Ray Nkonyeni,2020,irregular,Irregular Expenditure,17551723.0
KZN216,Ray Nkonyeni,2020,unauthorised,Unauthorised Expenditure,0.0
KZN221,uMshwathi,2020,fruitless,Fruitless and Wasteful Expenditure,0.0
KZN221,uMshwathi,2020,irregular,Irregular Expenditure,1323591.0
KZN221,uMshwathi,2020,unauthorised,Unauthorised Expenditure,0.0
KZN222,uMngeni,2020,fruitless,Fruitless and Wasteful Expenditure,269589.0
KZN222,uMngeni,2020,irregular,Irregular Expenditure,567.0
KZN222,uMngeni,2020,unauthorised,Unauthorised Expenditure,124529311.0
KZN223,Mpofana,2020,fruitless,Fruitless and Wasteful Expenditure,18608280.0
KZN223,Mpofana,2020,irregular,Irregular Expenditure,36001919.0
KZN223,Mpofana,2020,unauthorised,Unauthorised Expenditure,33794095.0
KZN224,Impendle,2020,fruitless,Fruitless and Wasteful Expenditure,1150.0
KZN224,Impendle,2020,irregular,Irregular Expenditure,3013865.0
KZN224,Impendle,2020,unauthorised,Unauthorised Expenditure,0.0
KZN225,Msunduzi,2020,fruitless,Fruitless and Wasteful Expenditure,5381020.0
KZN225,Msunduzi,2020,irregular,Irregular Expenditure,52362328.0
KZN225,Msunduzi,2020,unauthorised,Unauthorised Expenditure,564658354.0
KZN226,Mkhambathini,2020,fruitless,Fruitless and Wasteful Expenditure,22961.0
KZN226,Mkhambathini,2020,irregular,Irregular Expenditure,2865973.0
KZN226,Mkhambathini,2020,unauthorised,Unauthorised Expenditure,52048.0
KZN227,Richmond,2020,fruitless,Fruitless and Wasteful Expenditure,589807.0
KZN227,Richmond,2020,irregular,Irregular Expenditure,14697517.0
KZN227,Richmond,2020,unauthorised,Unauthorised Expenditure,11576293.0
KZN235,Okhahlamba,2020,fruitless,Fruitless and Wasteful Expenditure,42754.0
KZN235,Okhahlamba,2020,irregular,Irregular Expenditure,23177622.0
KZN235,Okhahlamba,2020,unauthorised,Unauthorised Expenditure,2951509.0
KZN237,Inkosi Langalibalele,2020,fruitless,Fruitless and Wasteful Expenditure,2728515.0
KZN237,Inkosi Langalibalele,2020,irregular,Irregular Expenditure,32323995.0
KZN237,Inkosi Langalibalele,2020,unauthorised,Unauthorised Expenditure,73630535.0
KZN238,Alfred Duma,2020,fruitless,Fruitless and Wasteful Expenditure,914117.0
KZN238,Alfred Duma,2020,irregular,Irregular Expenditure,847132.0
KZN238,Alfred Duma,2020,unauthorised,Unauthorised Expenditure,28669442.0
KZN241,Endumeni,2020,fruitless,Fruitless and Wasteful Expenditure,7260.0
KZN241,Endumeni,2020,irregular,Irregular Expenditure,10594369.0
KZN241,Endumeni,2020,unauthorised,Unauthorised Expenditure,7334287.0
KZN242,Nquthu,2020,fruitless,Fruitless and Wasteful Expenditure,643.0
KZN242,Nquthu,2020,irregular,Irregular Expenditure,128802977.0
KZN242,Nquthu,2020,unauthorised,Unauthorised Expenditure,0.0
KZN244,Msinga,2020,fruitless,Fruitless and Wasteful Expenditure,132899.0
KZN244,Msinga,2020,irregular,Irregular Expenditure,0.0
KZN244,Msinga,2020,unauthorised,Unauthorised Expenditure,10959309.0
KZN245,Umvoti,2020,fruitless,Fruitless and Wasteful Expenditure,174639.0
KZN245,Umvoti,2020,irregular,Irregular Expenditure,1829184.0
KZN245,Umvoti,2020,unauthorised,Unauthorised Expenditure,5627734.0
KZN252,Newcastle,2020,fruitless,Fruitless and Wasteful Expenditure,16429499.0
KZN252,Newcastle,2020,irregular,Irregular Expenditure,96482249.0
KZN252,Newcastle,2020,unauthorised,Unauthorised Expenditure,49721318.0
KZN253,Emadlangeni,2020,fruitless,Fruitless and Wasteful Expenditure,48184.0
KZN253,Emadlangeni,2020,irregular,Irregular Expenditure,8498217.0
KZN253,Emadlangeni,2020,unauthorised,Unauthorised Expenditure,14367465.0
KZN254,Dannhauser,2020,fruitless,Fruitless and Wasteful Expenditure,0.0
KZN254,Dannhauser,2020,irregular,Irregular Expenditure,8296627.0
KZN254,Dannhauser,2020,unauthorised,Unauthorised Expenditure,520904.0
KZN261,eDumbe,2020,fruitless,Fruitless and Wasteful Expenditure,370454.0
KZN261,eDumbe,2020,irregular,Irregular Expenditure,6261175.0
KZN261,eDumbe,2020,unauthorised,Unauthorised Expenditure,15921271.0
KZN262,uPhongolo,2020,fruitless,Fruitless and Wasteful Expenditure,12337.0
KZN262,uPhongolo,2020,irregular,Irregular Expenditure,627478.0
KZN262,uPhongolo,2020,unauthorised,Unauthorised Expenditure,13029713.0
KZN263,Abaqulusi,2020,fruitless,Fruitless and Wasteful Expenditure,1240197.0
KZN263,Abaqulusi,2020,irregular,Irregular Expenditure,32566280.0
KZN263,Abaqulusi,2020,unauthorised,Unauthorised Expenditure,64775559.0
KZN265,Nongoma,2020,fruitless,Fruitless and Wasteful Expenditure,289411.0
KZN265,Nongoma,2020,irregular,Irregular Expenditure,42951002.0
KZN265,Nongoma,2020,unauthorised,Unauthorised Expenditure,34808181.0
KZN266,Ulundi,2020,fruitless,Fruitless and Wasteful Expenditure,14940305.0
KZN266,Ulundi,2020,irregular,Irregular Expenditure,30443752.0
KZN266,Ulundi,2020,unauthorised,Unauthorised Expenditure,0.0
KZN271,Umhlabuyalingana,2020,fruitless,Fruitless and Wasteful Expenditure,338170.0
KZN271,Umhlabuyalingana,2020,irregular,Irregular Expenditure,31896439.0
KZN271,Umhlabuyalingana,2020,unauthorised,Unauthorised Expenditure,0.0
KZN272,Jozini,2020,fruitless,Fruitless and Wasteful Expenditure,0.0
KZN272,Jozini,2020,irregular,Irregular Expenditure,41550988.0
KZN272,Jozini,2020,unauthorised,Unauthorised Expenditure,41125334.0
KZN275,Mtubatuba,2020,fruitless,Fruitless and Wasteful Expenditure,1424636.0
KZN275,Mtubatuba,2020,irregular,Irregular Expenditure,255561492.0
KZN275,Mtubatuba,2020,unauthorised,Unauthorised Expenditure,52602726.0
KZN276,Hlabisa Big Five,2020,fruitless,Fruitless and Wasteful Expenditure,16862.0
KZN276,Hlabisa Big Five,2020,irregular,Irregular Expenditure,15676365.0
KZN276,Hlabisa Big Five,2020,unauthorised,Unauthorised Expenditure,39197423.0
KZN281,Mfolozi,2020,fruitless,Fruitless and Wasteful Expenditure,30759.0
KZN281,Mfolozi,2020,irregular,Irregular Expenditure,24692602.0
KZN281,Mfolozi,2020,unauthorised,Unauthorised Expenditure,0.0
KZN282,uMhlathuze,2020,fruitless,Fruitless and Wasteful Expenditure,0.0
KZN282,uMhlathuze,2020,irregular,Irregular Expenditure,52657387.0
KZN282,uMhlathuze,2020,unauthorised,Unauthorised Expenditure,0.0
KZN284,uMlalazi,2020,fruitless,Fruitless and Wasteful Expenditure,7414.0
KZN284,uMlalazi,2020,irregular,Irregular Expenditure,53517479.0
KZN284,uMlalazi,2020,unauthorised,Unauthorised Expenditure,11177238.0
KZN285,Mthonjaneni,2020,fruitless,Fruitless and Wasteful Expenditure,990712.0
KZN285,Mthonjaneni,2020,irregular,Irregular Expenditure,23958412.0
KZN285,Mthonjaneni,2020,unauthorised,Unauthorised Expenditure,5708265.0
KZN286,Nkandla,2020,fruitless,Fruitless and Wasteful Expenditure,213154.0
KZN286,Nkandla,2020,irregular,Irregular Expenditure,1958137.0
KZN286,Nkandla,2020,unauthorised,Unauthorised Expenditure,2921090.0
KZN291,Mandeni,2020,fruitless,Fruitless and Wasteful Expenditure,17706.0
KZN291,Mandeni,2020,irregular,Irregular Expenditure,15542874.0
KZN291,Mandeni,2020,unauthorised,Unauthorised Expenditure,3757348.0
KZN292,KwaDukuza,2020,fruitless,Fruitless and Wasteful Expenditure,0.0
KZN292,KwaDukuza,2020,irregular,Irregular Expenditure,155534671.0
KZN292,KwaDukuza,2020,unauthorised,Unauthorised Expenditure,22092288.0
KZN293,Ndwedwe,2020,fruitless,Fruitless and Wasteful Expenditure,5226458.0
KZN293,Ndwedwe,2020,irregular,Irregular Expenditure,57410254.0
KZN293,Ndwedwe,2020,unauthorised,Unauthorised Expenditure,0.0
KZN294,Maphumulo,2020,fruitless,Fruitless and Wasteful Expenditure,3094971.0
KZN294,Maphumulo,2020,irregular,Irregular Expenditure,34051165.0
KZN294,Maphumulo,2020,unauthorised,Unauthorised Expenditure,0.0
KZN433,Greater Kokstad,2020,fruitless,Fruitless and Wasteful Expenditure,0.0
KZN433,Greater Kokstad,2020,irregular,Irregular Expenditure,35738872.0
KZN433,Greater Kokstad,2020,unauthorised,Unauthorised Expenditure,0.0
KZN434,Johannes Phumani Phungula,2020,fruitless,Fruitless and Wasteful Expenditure,5770.0
KZN434,Johannes Phumani Phungula,2020,irregular,Irregular Expenditure,273857930.0
KZN434,Johannes Phumani Phungula,2020,unauthorised,Unauthorised Expenditure,0.0
KZN435,Umzimkhulu,2020,fruitless,Fruitless and Wasteful Expenditure,0.0
KZN435,Umzimkhulu,2020,irregular,Irregular Expenditure,5471098.0
KZN435,Umzimkhulu,2020,unauthorised,Unauthorised Expenditure,0.0
KZN436,Dr Nkosazana Dlamini Zuma,2020,fruitless,Fruitless and Wasteful Expenditure,7863.0
KZN436,Dr Nkosazana Dlamini Zuma,2020,irregular,Irregular Expenditure,45679693.0
KZN436,Dr Nkosazana Dlamini Zuma,2020,unauthorised,Unauthorised Expenditure,0.0
LIM331,Greater Giyani,2020,fruitless,Fruitless and Wasteful Expenditure,17696.0
LIM331,Greater Giyani,2020,irregular,Irregular Expenditure,26458885.0
LIM331,Greater Giyani,2020,unauthorised,Unauthorised Expenditure,0.0
LIM332,Greater Letaba,2020,fruitless,Fruitless and Wasteful Expenditure,534712.0
LIM332,Greater Letaba,2020,irregular,Irregular Expenditure,28545151.0
LIM332,Greater Letaba,2020,unauthorised,Unauthorised Expenditure,47372610.0
LIM333,Greater Tzaneen,2020,fruitless,Fruitless and Wasteful Expenditure,5997293.0
LIM333,Greater Tzaneen,2020,irregular,Irregular Expenditure,47770241.0
LIM333,Greater Tzaneen,2020,unauthorised,Unauthorised Expenditure,0.0
LIM334,Ba-Phalaborwa,2020,fruitless,Fruitless and Wasteful Expenditure,422519.0
LIM334,Ba-Phalaborwa,2020,irregular,Irregular Expenditure,23508094.0
LIM334,Ba-Phalaborwa,2020,unauthorised,Unauthorised Expenditure,82984375.0
LIM335,Maruleng,2020,fruitless,Fruitless and Wasteful Expenditure,2536.0
LIM335,Maruleng,2020,irregular,Irregular Expenditure,30471422.0
LIM335,Maruleng,2020,unauthorised,Unauthorised Expenditure,0.0
LIM341,Musina,2020,fruitless,Fruitless and Wasteful Expenditure,6290130.0
LIM341,Musina,2020,irregular,Irregular Expenditure,12451211.0
LIM341,Musina,2020,unauthorised,Unauthorised Expenditure,61447703.0
LIM343,Thulamela,2020,fruitless,Fruitless and Wasteful Expenditure,135948.0
LIM343,Thulamela,2020,irregular,Irregular Expenditure,16282437.0
LIM343,Thulamela,2020,unauthorised,Unauthorised Expenditure,0.0
LIM344,Makhado,2020,fruitless,Fruitless and Wasteful Expenditure,232213.0
LIM344,Makhado,2020,irregular,Irregular Expenditure,6333963.0
LIM344,Makhado,2020,unauthorised,Unauthorised Expenditure,60502276.0
LIM345,Collins Chabane,2020,fruitless,Fruitless and Wasteful Expenditure,399787.0
LIM345,Collins Chabane,2020,irregular,Irregular Expenditure,80194094.0
LIM345,Collins Chabane,2020,unauthorised,Unauthorised Expenditure,83758985.0
LIM351,Blouberg,2020,fruitless,Fruitless and Wasteful Expenditure,2492.0
LIM351,Blouberg,2020,irregular,Irregular Expenditure,11442432.0
LIM351,Blouberg,2020,unauthorised,Unauthorised Expenditure,3348006.0
LIM353,Molemole,2020,fruitless,Fruitless and Wasteful Expenditure,127550.0
LIM353,Molemole,2020,irregular,Irregular Expenditure,2033617.0
LIM353,Molemole,2020,unauthorised,Unauthorised Expenditure,0.0
LIM354,Polokwane,2020,fruitless,Fruitless and Wasteful Expenditure,0.0
LIM354,Polokwane,2020,irregular,Irregular Expenditure,1459413.0
LIM354,Polokwane,2020,unauthorised,Unauthorised Expenditure,462089517.0
LIM355,Lepelle-Nkumpi,2020,fruitless,Fruitless and Wasteful Expenditure,16946882.0
LIM355,Lepelle-Nkumpi,2020,irregular,Irregular Expenditure,32778858.0
LIM355,Lepelle-Nkumpi,2020,unauthorised,Unauthorised Expenditure,14110791.0
LIM361,Thabazimbi,2020,fruitless,Fruitless and Wasteful Expenditure,15235142.0
LIM361,Thabazimbi,2020,irregular,Irregular Expenditure,58755205.0
LIM361,Thabazimbi,2020,unauthorised,Unauthorised Expenditure,24855276.0
LIM362,Lephalale,2020,fruitless,Fruitless and Wasteful Expenditure,16630013.0
LIM362,Lephalale,2020,irregular,Irregular Expenditure,52044494.0
LIM362,Lephalale,2020,unauthorised,Unauthorised Expenditure,0.0
LIM366,Bela Bela,2020,fruitless,Fruitless and Wasteful Expenditure,5318859.0
LIM366,Bela Bela,2020,irregular,Irregular Expenditure,48600206.0
LIM366,Bela Bela,2020,unauthorised,Unauthorised Expenditure,29988454.0
LIM367,Mogalakwena,2020,fruitless,Fruitless and Wasteful Expenditure,50409001.0
LIM367,Mogalakwena,2020,irregular,Irregular Expenditure,436898327.0
LIM367,Mogalakwena,2020,unauthorised,Unauthorised Expenditure,78485890.0
LIM368,Modimolle-Mookgopong,2020,fruitless,Fruitless and Wasteful Expenditure,55583956.0
LIM368,Modimolle-Mookgopong,2020,irregular,Irregular Expenditure,48375393.0
LIM368,Modimolle-Mookgopong,2020,unauthorised,Unauthorised Expenditure,94158826.0
LIM471,Ephraim Mogale,2020,fruitless,Fruitless and Wasteful Expenditure,105887.0
LIM471,Ephraim Mogale,2020,irregular,Irregular Expenditure,1098702.0
LIM471,Ephraim Mogale,2020,unauthorised,Unauthorised Expenditure,0.0
LIM472,Elias Motsoaledi,2020,fruitless,Fruitless and Wasteful Expenditure,295173.0
LIM472,Elias Motsoaledi,2020,irregular,Irregular Expenditure,82606788.0
LIM472,Elias Motsoaledi,2020,unauthorised,Unauthorised Expenditure,7896279.0
LIM473,Makhuduthamaga,2020,fruitless,Fruitless and Wasteful Expenditure,8.0
LIM473,Makhuduthamaga,2020,irregular,Irregular Expenditure,80667315.0
LIM473,Makhuduthamaga,2020,unauthorised,Unauthorised Expenditure,48175022.0
LIM476,Tubatse Fetakgomo,2020,fruitless,Fruitless and Wasteful Expenditure,10415133.0
LIM476,Tubatse Fetakgomo,2020,irregular,Irregular Expenditure,457904026.0
LIM476,Tubatse Fetakgomo,2020,unauthorised,Unauthorised Expenditure,29615100.0
MAN,Mangaung,2020,fruitless,Fruitless and Wasteful Expenditure,5329365.0
MAN,Mangaung,2020,irregular,Irregular Expenditure,1600359586.0
MAN,Mangaung,2020,unauthorised,Unauthorised Expenditure,1165090884.0
MP301,Albert Luthuli,2020,fruitless,Fruitless and Wasteful Expenditure,1194943.0
MP301,Albert Luthuli,2020,irregular,Irregular Expenditure,20542755.0
MP301,Albert Luthuli,2020,unauthorised,Unauthorised Expenditure,124148071.0
MP302,Msukaligwa,2020,fruitless,Fruitless and Wasteful Expenditure,74180685.0
MP302,Msukaligwa,2020,irregular,Irregular Expenditure,2520219.0
MP302,Msukaligwa,2020,unauthorised,Unauthorised Expenditure,141122133.0
MP303,Mkhondo,2020,fruitless,Fruitless and Wasteful Expenditure,6837517.0
MP303,Mkhondo,2020,irregular,Irregular Expenditure,43045021.0
MP303,Mkhondo,2020,unauthorised,Unauthorised Expenditure,230933911.0
MP304,Pixley Ka Seme (MP),2020,fruitless,Fruitless and Wasteful Expenditure,0.0
MP304,Pixley Ka Seme (MP),2020,irregular,Irregular Expenditure,42100304.0
MP304,Pixley Ka Seme (MP),2020,unauthorised,Unauthorised Expenditure,0.0
MP305,Lekwa,2020,fruitless,Fruitless and Wasteful Expenditure,119783247.0
MP305,Lekwa,2020,irregular,Irregular Expenditure,75216493.0
MP305,Lekwa,2020,unauthorised,Unauthorised Expenditure,288111565.0
MP306,Dipaleseng,2020,fruitless,Fruitless and Wasteful Expenditure,7453207.0
MP306,Dipaleseng,2020,irregular,Irregular Expenditure,26779830.0
MP306,Dipaleseng,2020,unauthorised,Unauthorised Expenditure,0.0
MP307,Govan Mbeki,2020,fruitless,Fruitless and Wasteful Expenditure,202241341.0
MP307,Govan Mbeki,2020,irregular,Irregular Expenditure,222051311.0
MP307,Govan Mbeki,2020,unauthorised,Unauthorised Expenditure,551168039.0
MP311,Victor Khanye,2020,fruitless,Fruitless and Wasteful Expenditure,38003658.0
MP311,Victor Khanye,2020,irregular,Irregular Expenditure,50860333.0
MP311,Victor Khanye,2020,unauthorised,Unauthorised Expenditure,104711358.0
MP312,Emalahleni (MP),2020,fruitless,Fruitless and Wasteful Expenditure,335473731.0
MP312,Emalahleni (MP),2020,irregular,Irregular Expenditure,110053192.0
MP312,Emalahleni (MP),2020,unauthorised,Unauthorised Expenditure,187222018.0
MP313,Steve Tshwete,2020,fruitless,Fruitless and Wasteful Expenditure,0.0
MP313,Steve Tshwete,2020,irregular,Irregular Expenditure,2085990.0
MP313,Steve Tshwete,2020,unauthorised,Unauthorised Expenditure,56244136.0
MP314,Emakhazeni,2020,fruitless,Fruitless and Wasteful Expenditure,7943699.0
MP314,Emakhazeni,2020,irregular,Irregular Expenditure,104837699.0
MP314,Emakhazeni,2020,unauthorised,Unauthorised Expenditure,3724433.0
MP315,Thembisile Hani,2020,fruitless,Fruitless and Wasteful Expenditure,1095525.0
MP315,Thembisile Hani,2020,irregular,Irregular Expenditure,13090789.0
MP315,Thembisile Hani,2020,unauthorised,Unauthorised Expenditure,0.0
MP316,Dr J.S. Moroka,2020,fruitless,Fruitless and Wasteful Expenditure,229563.0
MP316,Dr J.S. Moroka,2020,irregular,Irregular Expenditure,155928885.0
MP316,Dr J.S. Moroka,2020,unauthorised,Unauthorised Expenditure,1669605.0
MP321,Thaba Chweu,2020,fruitless,Fruitless and Wasteful Expenditure,47103888.0
MP321,Thaba Chweu,2020,irregular,Irregular Expenditure,70817388.0
MP321,Thaba Chweu,2020,unauthorised,Unauthorised Expenditure,7520551.0
MP324,Nkomazi,2020,fruitless,Fruitless and Wasteful Expenditure,763872.0
MP324,Nkomazi,2020,irregular,Irregular Expenditure,112342788.0
MP324,Nkomazi,2020,unauthorised,Unauthorised Expenditure,6213676.0
MP325,Bushbuckridge,2020,fruitless,Fruitless and Wasteful Expenditure,1192057.0
MP325,Bushbuckridge,2020,irregular,Irregular Expenditure,411908415.0
MP325,Bushbuckridge,2020,unauthorised,Unauthorised Expenditure,0.0
MP326,City of Mbombela,2020,fruitless,Fruitless and Wasteful Expenditure,44632732.0
MP326,City of Mbombela,2020,irregular,Irregular Expenditure,125388135.0
MP326,City of Mbombela,2020,unauthorised,Unauthorised Expenditure,474819248.0
NC061,Richtersveld,2020,fruitless,Fruitless and Wasteful Expenditure,1029901.0
NC061,Richtersveld,2020,irregular,Irregular Expenditure,7217780.0
NC061,Richtersveld,2020,unauthorised,Unauthorised Expenditure,18581050.0
NC062,Nama Khoi,2020,fruitless,Fruitless and Wasteful Expenditure,11935108.0
NC062,Nama Khoi,2020,irregular,Irregular Expenditure,3866111.0
NC062,Nama Khoi,2020,unauthorised,Unauthorised Expenditure,103126886.0
NC064,Kamiesberg,2020,fruitless,Fruitless and Wasteful Expenditure,3230317.0
NC064,Kamiesberg,2020,irregular,Irregular Expenditure,39727175.0
NC064,Kamiesberg,2020,unauthorised,Unauthorised Expenditure,27597078.0
NC065,Hantam,2020,fruitless,Fruitless and Wasteful Expenditure,0.0
NC065,Hantam,2020,irregular,Irregular Expenditure,59867690.0
NC065,Hantam,2020,unauthorised,Unauthorised Expenditure,9899011.0
NC066,Karoo Hoogland,2020,fruitless,Fruitless and Wasteful Expenditure,18596.0
NC066,Karoo Hoogland,2020,irregular,Irregular Expenditure,1104786.0
NC066,Karoo Hoogland,2020,unauthorised,Unauthorised Expenditure,9480255.0
NC067,Khai-Ma,2020,fruitless,Fruitless and Wasteful Expenditure,2373602.0
NC067,Khai-Ma,2020,irregular,Irregular Expenditure,5880089.0
NC067,Khai-Ma,2020,unauthorised,Unauthorised Expenditure,4205467.0
NC071,Ubuntu,2020,fruitless,Fruitless and Wasteful Expenditure,7908919.0
NC071,Ubuntu,2020,irregular,Irregular Expenditure,3437567.0
NC071,Ubuntu,2020,unauthorised,Unauthorised Expenditure,8423673.0
NC072,Umsobomvu,2020,fruitless,Fruitless and Wasteful Expenditure,0.0
NC072,Umsobomvu,2020,irregular,Irregular Expenditure,2994564.0
NC072,Umsobomvu,2020,unauthorised,Unauthorised Expenditure,21989653.0
NC073,Emthanjeni,2020,fruitless,Fruitless and Wasteful Expenditure,13553687.0
NC073,Emthanjeni,2020,irregular,Irregular Expenditure,51540916.0
NC073,Emthanjeni,2020,unauthorised,Unauthorised Expenditure,62887949.0
NC074,Kareeberg,2020,fruitless,Fruitless and Wasteful Expenditure,37500.0
NC074,Kareeberg,2020,irregular,Irregular Expenditure,356413.0
NC074,Kareeberg,2020,unauthorised,Unauthorised Expenditure,897345.0
NC075,Renosterberg,2020,fruitless,Fruitless and Wasteful Expenditure,9411448.0
NC075,Renosterberg,2020,irregular,Irregular Expenditure,14703839.0
NC075,Renosterberg,2020,unauthorised,Unauthorised Expenditure,34107450.0
NC076,Thembelihle,2020,fruitless,Fruitless and Wasteful Expenditure,7729633.0
NC076,Thembelihle,2020,irregular,Irregular Expenditure,24315559.0
NC076,Thembelihle,2020,unauthorised,Unauthorised Expenditure,37827396.0
NC077,Siyathemba,2020,fruitless,Fruitless and Wasteful Expenditure,7820247.0
NC077,Siyathemba,2020,irregular,Irregular Expenditure,46843062.0
NC077,Siyathemba,2020,unauthorised,Unauthorised Expenditure,62891263.0
NC078,Siyancuma,2020,fruitless,Fruitless and Wasteful Expenditure,14707721.0
NC078,Siyancuma,2020,irregular,Irregular Expenditure,19484987.0
NC078,Siyancuma,2020,unauthorised,Unauthorised Expenditure,57954752.0
NC082,!Kai! Garib,2020,fruitless,Fruitless and Wasteful Expenditure,32331958.0
NC082,!Kai! Garib,2020,irregular,Irregular Expenditure,30828774.0
NC082,!Kai! Garib,2020,unauthorised,Unauthorised Expenditure,94508268.0
NC084,!Kheis,2020,fruitless,Fruitless and Wasteful Expenditure,1655435.0
NC084,!Kheis,2020,irregular,Irregular Expenditure,180000.0
NC084,!Kheis,2020,unauthorised,Unauthorised Expenditure,0.0
NC085,Tsantsabane,2020,fruitless,Fruitless and Wasteful Expenditure,15042013.0
NC085,Tsantsabane,2020,irregular,Irregular Expenditure,13901623.0
NC085,Tsantsabane,2020,unauthorised,Unauthorised Expenditure,83164727.0
NC086,Kgatelopele,2020,fruitless,Fruitless and Wasteful Expenditure,908259.0
NC086,Kgatelopele,2020,irregular,Irregular Expenditure,13623383.0
NC086,Kgatelopele,2020,unauthorised,Unauthorised Expenditure,0.0
NC087,Dawid Kruiper,2020,fruitless,Fruitless and Wasteful Expenditure,429710.0
NC087,Dawid Kruiper,2020,irregular,Irregular Expenditure,9354094.0
NC087,Dawid Kruiper,2020,unauthorised,Unauthorised Expenditure,30008516.0
NC091,Sol Plaatje,2020,fruitless,Fruitless and Wasteful Expenditure,14454714.0
NC091,Sol Plaatje,2020,irregular,Irregular Expenditure,258030925.0
NC091,Sol Plaatje,2020,unauthorised,Unauthorised Expenditure,0.0
NC092,Dikgatlong,2020,fruitless,Fruitless and Wasteful Expenditure,13955639.0
NC092,Dikgatlong,2020,irregular,Irregular Expenditure,1237052.0
NC092,Dikgatlong,2020,unauthorised,Unauthorised Expenditure,77715839.0
NC093,Magareng,2020,fruitless,Fruitless and Wasteful Expenditure,7820933.0
NC093,Magareng,2020,irregular,Irregular Expenditure,22096650.0
NC093,Magareng,2020,unauthorised,Unauthorised Expenditure,58738877.0
NC094,Phokwane,2020,fruitless,Fruitless and Wasteful Expenditure,11488628.0
NC094,Phokwane,2020,irregular,Irregular Expenditure,3893922.0
NC094,Phokwane,2020,unauthorised,Unauthorised Expenditure,11378350.0
NC451,Joe Morolong,2020,fruitless,Fruitless and Wasteful Expenditure,332088.0
NC451,Joe Morolong,2020,irregular,Irregular Expenditure,3634048.0
NC451,Joe Morolong,2020,unauthorised,Unauthorised Expenditure,38192022.0
NC452,Ga-Segonyana,2020,fruitless,Fruitless and Wasteful Expenditure,3158106.0
NC452,Ga-Segonyana,2020,irregular,Irregular Expenditure,56309550.0
NC452,Ga-Segonyana,2020,unauthorised,Unauthorised Expenditure,24243389.0
NC453,Gamagara,2020,fruitless,Fruitless and Wasteful Expenditure,24790029.0
NC453,Gamagara,2020,irregular,Irregular Expenditure,135690080.0
NC453,Gamagara,2020,unauthorised,Unauthorised Expenditure,4789387.0
NMA,Nelson Mandela Bay,2020,fruitless,Fruitless and Wasteful Expenditure,90900994.0
NMA,Nelson Mandela Bay,2020,irregular,Irregular Expenditure,1372214895.0
NMA,Nelson Mandela Bay,2020,unauthorised,Unauthorised Expenditure,30061131.0
NW371,Moretele,2020,fruitless,Fruitless and Wasteful Expenditure,1128585.0
NW371,Moretele,2020,irregular,Irregular Expenditure,108187087.0
NW371,Moretele,2020,unauthorised,Unauthorised Expenditure,138501192.0
NW372,Madibeng,2020,fruitless,Fruitless and Wasteful Expenditure,27910952.0
NW372,Madibeng,2020,irregular,Irregular Expenditure,332212122.0
NW372,Madibeng,2020,unauthorised,Unauthorised Expenditure,88124311.0
NW373,Rustenburg,2020,fruitless,Fruitless and Wasteful Expenditure,25553000.0
NW373,Rustenburg,2020,irregular,Irregular Expenditure,571112000.0
NW373,Rustenburg,2020,unauthorised,Unauthorised Expenditure,0.0
NW374,Kgetlengrivier,2020,fruitless,Fruitless and Wasteful Expenditure,8462167.0
NW374,Kgetlengrivier,2020,irregular,Irregular Expenditure,85557062.0
NW374,Kgetlengrivier,2020,unauthorised,Unauthorised Expenditure,154407159.0
NW375,Moses Kotane,2020,fruitless,Fruitless and Wasteful Expenditure,2708760.0
NW375,Moses Kotane,2020,irregular,Irregular Expenditure,624360539.0
NW375,Moses Kotane,2020,unauthorised,Unauthorised Expenditure,103033251.0
NW381,Ratlou,2020,fruitless,Fruitless and Wasteful Expenditure,20084.0
NW381,Ratlou,2020,irregular,Irregular Expenditure,6643500.0
NW381,Ratlou,2020,unauthorised,Unauthorised Expenditure,14913489.0
NW382,Tswaing,2020,fruitless,Fruitless and Wasteful Expenditure,15548390.0
NW382,Tswaing,2020,irregular,Irregular Expenditure,100675152.0
NW382,Tswaing,2020,unauthorised,Unauthorised Expenditure,104920628.0
NW383,Mafikeng,2020,fruitless,Fruitless and Wasteful Expenditure,21832952.0
NW383,Mafikeng,2020,irregular,Irregular Expenditure,219600337.0
NW383,Mafikeng,2020,unauthorised,Unauthorised Expenditure,143791032.0
NW384,Ditsobotla,2020,fruitless,Fruitless and Wasteful Expenditure,55210716.0
NW384,Ditsobotla,2020,irregular,Irregular Expenditure,40028881.0
NW384,Ditsobotla,2020,unauthorised,Unauthorised Expenditure,0.0
NW385,Ramotshere Moiloa,2020,fruitless,Fruitless and Wasteful Expenditure,6724112.0
NW385,Ramotshere Moiloa,2020,irregular,Irregular Expenditure,45831469.0
NW385,Ramotshere Moiloa,2020,unauthorised,Unauthorised Expenditure,13039645.0
NW392,Naledi (NW),2020,fruitless,Fruitless and Wasteful Expenditure,171156620.0
NW392,Naledi (NW),2020,irregular,Irregular Expenditure,4223095.0
NW392,Naledi (NW),2020,unauthorised,Unauthorised Expenditure,86123332.0
NW393,Mamusa,2020,fruitless,Fruitless and Wasteful Expenditure,13529078.0
NW393,Mamusa,2020,irregular,Irregular Expenditure,41443675.0
NW393,Mamusa,2020,unauthorised,Unauthorised Expenditure,37519718.0
NW394,Greater Taung,2020,fruitless,Fruitless and Wasteful Expenditure,3796.0
NW394,Greater Taung,2020,irregular,Irregular Expenditure,41299879.0
NW394,Greater Taung,2020,unauthorised,Unauthorised Expenditure,13449349.0
NW396,Lekwa-Teemane,2020,fruitless,Fruitless and Wasteful Expenditure,6102395.0
NW396,Lekwa-Teemane,2020,irregular,Irregular Expenditure,24319158.0
NW396,Lekwa-Teemane,2020,unauthorised,Unauthorised Expenditure,172854286.0
NW397,Kagisano-Molopo,2020,fruitless,Fruitless and Wasteful Expenditure,58462.0
NW397,Kagisano-Molopo,2020,irregular,Irregular Expenditure,37474756.0
NW397,Kagisano-Molopo,2020,unauthorised,Unauthorised Expenditure,12336229.0
NW403,City of Matlosana,2020,fruitless,Fruitless and Wasteful Expenditure,65847781.0
NW403,City of Matlosana,2020,irregular,Irregular Expenditure,179511614.0
NW403,City of Matlosana,2020,unauthorised,Unauthorised Expenditure,481430091.0
NW404,Maquassi Hills,2020,fruitless,Fruitless and Wasteful Expenditure,4469217.0
NW404,Maquassi Hills,2020,irregular,Irregular Expenditure,18341450.0
NW404,Maquassi Hills,2020,unauthorised,Unauthorised Expenditure,340087346.0
NW405,J B Marks,2020,fruitless,Fruitless and Wasteful Expenditure,746049.0
NW405,J B Marks,2020,irregular,Irregular Expenditure,344781016.0
NW405,J B Marks,2020,unauthorised,Unauthorised Expenditure,3556132.0
TSH,City of Tshwane,2020,fruitless,Fruitless and Wasteful Expenditure,300057443.0
TSH,City of Tshwane,2020,irregular,Irregular Expenditure,2530139390.0
TSH,City of Tshwane,2020,unauthorised,Unauthorised Expenditure,2249134140.0
WC011,Matzikama,2020,fruitless,Fruitless and Wasteful Expenditure,0.0
WC011,Matzikama,2020,irregular,Irregular Expenditure,100171693.0
WC011,Matzikama,2020,unauthorised,Unauthorised Expenditure,0.0
WC012,Cederberg,2020,fruitless,Fruitless and Wasteful Expenditure,1291601.0
WC012,Cederberg,2020,irregular,Irregular Expenditure,36225140.0
WC012,Cederberg,2020,unauthorised,Unauthorised Expenditure,6144939.0
WC013,Bergrivier,2020,fruitless,Fruitless and Wasteful Expenditure,255570.0
WC013,Bergrivier,2020,irregular,Irregular Expenditure,1600.0
WC013,Bergrivier,2020,unauthorised,Unauthorised Expenditure,0.0
WC014,Saldanha Bay,2020,fruitless,Fruitless and Wasteful Expenditure,30095.0
WC014,Saldanha Bay,2020,irregular,Irregular Expenditure,1177402.0
WC014,Saldanha Bay,2020,unauthorised,Unauthorised Expenditure,0.0
WC015,Swartland,2020,fruitless,Fruitless and Wasteful Expenditure,21594.0
WC015,Swartland,2020,irregular,Irregular Expenditure,32860580.0
WC015,Swartland,2020,unauthorised,Unauthorised Expenditure,1107201.0
WC022,Witzenberg,2020,fruitless,Fruitless and Wasteful Expenditure,0.0
WC022,Witzenberg,2020,irregular,Irregular Expenditure,0.0
WC022,Witzenberg,2020,unauthorised,Unauthorised Expenditure,0.0
WC023,Drakenstein,2020,fruitless,Fruitless and Wasteful Expenditure,539379.0
WC023,Drakenstein,2020,irregular,Irregular Expenditure,4904499.0
WC023,Drakenstein,2020,unauthorised,Unauthorised Expenditure,34503469.0
WC024,Stellenbosch,2020,fruitless,Fruitless and Wasteful Expenditure,0.0
WC024,Stellenbosch,2020,irregular,Irregular Expenditure,30781737.0
WC024,Stellenbosch,2020,unauthorised,Unauthorised Expenditure,0.0
WC025,Breede Valley,2020,fruitless,Fruitless and Wasteful Expenditure,0.0
WC025,Breede Valley,2020,irregular,Irregular Expenditure,0.0
WC025,Breede Valley,2020,unauthorised,Unauthorised Expenditure,0.0
WC026,Langeberg,2020,fruitless,Fruitless and Wasteful Expenditure,69006.0
WC026,Langeberg,2020,irregular,Irregular Expenditure,2701842.0
WC026,Langeberg,2020,unauthorised,Unauthorised Expenditure,0.0
WC031,Theewaterskloof,2020,fruitless,Fruitless and Wasteful Expenditure,83350.0
WC031,Theewaterskloof,2020,irregular,Irregular Expenditure,972448.0
WC031,Theewaterskloof,2020,unauthorised,Unauthorised Expenditure,0.0
WC032,Overstrand,2020,fruitless,Fruitless and Wasteful Expenditure,521.0
WC032,Overstrand,2020,irregular,Irregular Expenditure,8201089.0
WC032,Overstrand,2020,unauthorised,Unauthorised Expenditure,0.0
WC033,Cape Agulhas,2020,fruitless,Fruitless and Wasteful Expenditure,0.0
WC033,Cape Agulhas,2020,irregular,Irregular Expenditure,5038066.0
WC033,Cape Agulhas,2020,unauthorised,Unauthorised Expenditure,10835562.0
WC034,Swellendam,2020,fruitless,Fruitless and Wasteful Expenditure,0.0
WC034,Swellendam,2020,irregular,Irregular Expenditure,20177738.0
WC034,Swellendam,2020,unauthorised,Unauthorised Expenditure,9959400.0
WC041,Kannaland,2020,fruitless,Fruitless and Wasteful Expenditure,2027907.0
WC041,Kannaland,2020,irregular,Irregular Expenditure,17958489.0
WC041,Kannaland,2020,unauthorised,Unauthorised Expenditure,11525347.0
WC042,Hessequa,2020,fruitless,Fruitless and Wasteful Expenditure,48700.0
WC042,Hessequa,2020,irregular,Irregular Expenditure,116641.0
WC042,Hessequa,2020,unauthorised,Unauthorised Expenditure,3934664.0
WC043,Mossel Bay,2020,fruitless,Fruitless and Wasteful Expenditure,0.0
WC043,Mossel Bay,2020,irregular,Irregular Expenditure,43552056.0
WC043,Mossel Bay,2020,unauthorised,Unauthorised Expenditure,21377926.0
WC044,George,2020,fruitless,Fruitless and Wasteful Expenditure,0.0
WC044,George,2020,irregular,Irregular Expenditure,3527769.0
WC044,George,2020,unauthorised,Unauthorised Expenditure,880734.0
WC045,Oudtshoorn,2020,fruitless,Fruitless and Wasteful Expenditure,0.0
WC045,Oudtshoorn,2020,irregular,Irregular Expenditure,26667606.0
WC045,Oudtshoorn,2020,unauthorised,Unauthorised Expenditure,0.0
WC047,Bitou,2020,fruitless,Fruitless and Wasteful Expenditure,3717248.0
WC047,Bitou,2020,irregular,Irregular Expenditure,118566954.0
WC047,Bitou,2020,unauthorised,Unauthorised Expenditure,24406913.0
WC048,Knysna,2020,fruitless,Fruitless and Wasteful Expenditure,34601.0
WC048,Knysna,2020,irregular,Irregular Expenditure,88543973.0
WC048,Knysna,2020,unauthorised,Unauthorised Expenditure,6294035.0
WC051,Laingsburg,2020,fruitless,Fruitless and Wasteful Expenditure,197457.0
WC051,Laingsburg,2020,irregular,Irregular Expenditure,14365857.0
WC051,Laingsburg,2020,unauthorised,Unauthorised Expenditure,4166894.0
WC052,Prince Albert,2020,fruitless,Fruitless and Wasteful Expenditure,6659.0
WC052,Prince Albert,2020,irregular,Irregular Expenditure,3501100.0
WC052,Prince Albert,2020,unauthorised,Unauthorised Expenditure,508470.0
WC053,Beaufort West,2020,fruitless,Fruitless and Wasteful Expenditure,1242329.0
WC053,Beaufort West,2020,irregular,Irregular Expenditure,75595494.0
WC053,Beaufort West,2020,unauthorised,Unauthorised Expenditure,17597809.0
BUF,Buffalo City,2021,fruitless,Fruitless and Wasteful Expenditure,0.0
BUF,Buffalo City,2021,irregular,Irregular Expenditure,311222630.0
BUF,Buffalo City,2021,unauthorised,Unauthorised Expenditure,0.0
CPT,Cape Town,2021,fruitless,Fruitless and Wasteful Expenditure,12328000.0
CPT,Cape Town,2021,irregular,Irregular Expenditure,762186000.0
CPT,Cape Town,2021,unauthorised,Unauthorised Expenditure,0.0
DC1,West Coast,2021,fruitless,Fruitless and Wasteful Expenditure,315879.0
DC1,West Coast,2021,irregular,Irregular Expenditure,8652271.0
DC1,West Coast,2021,unauthorised,Unauthorised Expenditure,0.0
DC10,Sarah Baartman,2021,fruitless,Fruitless and Wasteful Expenditure,0.0
DC10,Sarah Baartman,2021,irregular,Irregular Expenditure,1718002.0
DC10,Sarah Baartman,2021,unauthorised,Unauthorised Expenditure,0.0
DC12,Amathole,2021,fruitless,Fruitless and Wasteful Expenditure,6960460.0
DC12,Amathole,2021,irregular,Irregular Expenditure,39232551.0
DC12,Amathole,2021,unauthorised,Unauthorised Expenditure,0.0
DC13,Chris Hani,2021,fruitless,Fruitless and Wasteful Expenditure,456109.0
DC13,Chris Hani,2021,irregular,Irregular Expenditure,56504779.0
DC13,Chris Hani,2021,unauthorised,Unauthorised Expenditure,392410627.0
DC14,Joe Gqabi,2021,fruitless,Fruitless and Wasteful Expenditure,0.0
DC14,Joe Gqabi,2021,irregular,Irregular Expenditure,53067316.0
DC14,Joe Gqabi,2021,unauthorised,Unauthorised Expenditure,0.0
DC15,O R Tambo,2021,fruitless,Fruitless and Wasteful Expenditure,8250849.0
DC15,O R Tambo,2021,irregular,Irregular Expenditure,249859996.0
DC15,O R Tambo,2021,unauthorised,Unauthorised Expenditure,1197150.0
DC16,Xhariep,2021,fruitless,Fruitless and Wasteful Expenditure,74813.0
DC16,Xhariep,2021,irregular,Irregular Expenditure,3697063.0
DC16,Xhariep,2021,unauthorised,Unauthorised Expenditure,1861390.0
DC18,Lejweleputswa,2021,fruitless,Fruitless and Wasteful Expenditure,0.0
DC18,Lejweleputswa,2021,irregular,Irregular Expenditure,10868942.0
DC18,Lejweleputswa,2021,unauthorised,Unauthorised Expenditure,2912252.0
DC19,Thabo Mofutsanyana,2021,fruitless,Fruitless and Wasteful Expenditure,3626.0
DC19,Thabo Mofutsanyana,2021,irregular,Irregular Expenditure,16920949.0
DC19,Thabo Mofutsanyana,2021,unauthorised,Unauthorised Expenditure,0.0
DC2,Cape Winelands DM,2021,fruitless,Fruitless and Wasteful Expenditure,0.0
DC2,Cape Winelands DM,2021,irregular,Irregular Expenditure,1486022.0
DC2,Cape Winelands DM,2021,unauthorised,Unauthorised Expenditure,0.0
DC20,Fezile Dabi,2021,fruitless,Fruitless and Wasteful Expenditure,0.0
DC20,Fezile Dabi,2021,irregular,Irregular Expenditure,27734003.0
DC20,Fezile Dabi,2021,unauthorised,Unauthorised Expenditure,46579839.0
DC21,Ugu,2021,fruitless,Fruitless and Wasteful Expenditure,14197445.0
DC21,Ugu,2021,irregular,Irregular Expenditure,177751802.0
DC21,Ugu,2021,unauthorised,Unauthorised Expenditure,252414680.0
DC22,uMgungundlovu,2021,fruitless,Fruitless and Wasteful Expenditure,283278.0
DC22,uMgungundlovu,2021,irregular,Irregular Expenditure,13332251.0
DC22,uMgungundlovu,2021,unauthorised,Unauthorised Expenditure,86575122.0
DC23,Uthukela,2021,fruitless,Fruitless and Wasteful Expenditure,3846296.0
DC23,Uthukela,2021,irregular,Irregular Expenditure,82826211.0
DC23,Uthukela,2021,unauthorised,Unauthorised Expenditure,62343845.0
DC24,Umzinyathi,2021,fruitless,Fruitless and Wasteful Expenditure,276625.0
DC24,Umzinyathi,2021,irregular,Irregular Expenditure,299928152.0
DC24,Umzinyathi,2021,unauthorised,Unauthorised Expenditure,221697206.0
DC25,Amajuba,2021,fruitless,Fruitless and Wasteful Expenditure,3151383.0
DC25,Amajuba,2021,irregular,Irregular Expenditure,199647348.0
DC25,Amajuba,2021,unauthorised,Unauthorised Expenditure,64898298.0
DC26,Zululand,2021,fruitless,Fruitless and Wasteful Expenditure,363040.0
DC26,Zululand,2021,irregular,Irregular Expenditure,17918070.0
DC26,Zululand,2021,unauthorised,Unauthorised Expenditure,127661348.0
DC27,Umkhanyakude,2021,fruitless,Fruitless and Wasteful Expenditure,9784620.0
DC27,Umkhanyakude,2021,irregular,Irregular Expenditure,193344394.0
DC27,Umkhanyakude,2021,unauthorised,Unauthorised Expenditure,31857680.0
DC28,King Cetshwayo,2021,fruitless,Fruitless and Wasteful Expenditure,887464.0
DC28,King Cetshwayo,2021,irregular,Irregular Expenditure,30929093.0
DC28,King Cetshwayo,2021,unauthorised,Unauthorised Expenditure,20033993.0
DC29,iLembe,2021,fruitless,Fruitless and Wasteful Expenditure,4375888.0
DC29,iLembe,2021,irregular,Irregular Expenditure,38465190.0
DC29,iLembe,2021,unauthorised,Unauthorised Expenditure,0.0
DC3,Overberg,2021,fruitless,Fruitless and Wasteful Expenditure,0.0
DC3,Overberg,2021,irregular,Irregular Expenditure,6858060.0
DC3,Overberg,2021,unauthorised,Unauthorised Expenditure,3632595.0
DC30,Gert Sibande,2021,fruitless,Fruitless and Wasteful Expenditure,0.0
DC30,Gert Sibande,2021,irregular,Irregular Expenditure,0.0
DC30,Gert Sibande,2021,unauthorised,Unauthorised Expenditure,0.0
DC31,Nkangala,2021,fruitless,Fruitless and Wasteful Expenditure,0.0
DC31,Nkangala,2021,irregular,Irregular Expenditure,1052188.0
DC31,Nkangala,2021,unauthorised,Unauthorised Expenditure,0.0
DC32,Ehlanzeni,2021,fruitless,Fruitless and Wasteful Expenditure,50177.0
DC32,Ehlanzeni,2021,irregular,Irregular Expenditure,666528.0
DC32,Ehlanzeni,2021,unauthorised,Unauthorised Expenditure,0.0
DC33,Mopani,2021,fruitless,Fruitless and Wasteful Expenditure,43709506.0
DC33,Mopani,2021,irregular,Irregular Expenditure,300278005.0
DC33,Mopani,2021,unauthorised,Unauthorised Expenditure,80584359.0
DC34,Vhembe,2021,fruitless,Fruitless and Wasteful Expenditure,150397.0
DC34,Vhembe,2021,irregular,Irregular Expenditure,223587468.0
DC34,Vhembe,2021,unauthorised,Unauthorised Expenditure,1430908837.0
DC35,Capricorn,2021,fruitless,Fruitless and Wasteful Expenditure,700552.0
DC35,Capricorn,2021,irregular,Irregular Expenditure,2476130.0
DC35,Capricorn,2021,unauthorised,Unauthorised Expenditure,0.0
DC36,Waterberg,2021,fruitless,Fruitless and Wasteful Expenditure,0.0
DC36,Waterberg,2021,irregular,Irregular Expenditure,1465921.0
DC36,Waterberg,2021,unauthorised,Unauthorised Expenditure,0.0
DC37,Bojanala Platinum,2021,fruitless,Fruitless and Wasteful Expenditure,82404.0
DC37,Bojanala Platinum,2021,irregular,Irregular Expenditure,38780866.0
DC37,Bojanala Platinum,2021,unauthorised,Unauthorised Expenditure,7959757.0
DC38,Ngaka Modiri Molema,2021,fruitless,Fruitless and Wasteful Expenditure,27219.0
DC38,Ngaka Modiri Molema,2021,irregular,Irregular Expenditure,334315604.0
DC38,Ngaka Modiri Molema,2021,unauthorised,Unauthorised Expenditure,157857532.0
DC39,Dr Ruth Segomotsi Mompati,2021,fruitless,Fruitless and Wasteful Expenditure,709876.0
DC39,Dr Ruth Segomotsi Mompati,2021,irregular,Irregular Expenditure,88772063.0
DC39,Dr Ruth Segomotsi Mompati,2021,unauthorised,Unauthorised Expenditure,121803841.0
DC4,Garden Route,2021,fruitless,Fruitless and Wasteful Expenditure,0.0
DC4,Garden Route,2021,irregular,Irregular Expenditure,25154016.0
DC4,Garden Route,2021,unauthorised,Unauthorised Expenditure,1367435.0
DC40,Dr Kenneth Kaunda,2021,fruitless,Fruitless and Wasteful Expenditure,7374.0
DC40,Dr Kenneth Kaunda,2021,irregular,Irregular Expenditure,26583024.0
DC40,Dr Kenneth Kaunda,2021,unauthorised,Unauthorised Expenditure,0.0
DC42,Sedibeng,2021,fruitless,Fruitless and Wasteful Expenditure,0.0
DC42,Sedibeng,2021,irregular,Irregular Expenditure,38006980.0
DC42,Sedibeng,2021,unauthorised,Unauthorised Expenditure,22238633.0
DC43,Harry Gwala,2021,fruitless,Fruitless and Wasteful Expenditure,8198792.0
DC43,Harry Gwala,2021,irregular,Irregular Expenditure,68556550.0
DC43,Harry Gwala,2021,unauthorised,Unauthorised Expenditure,0.0
DC44,Alfred Nzo,2021,fruitless,Fruitless and Wasteful Expenditure,3575.0
DC44,Alfred Nzo,2021,irregular,Irregular Expenditure,84389697.0
DC44,Alfred Nzo,2021,unauthorised,Unauthorised Expenditure,0.0
DC45,John Taolo Gaetsewe,2021,fruitless,Fruitless and Wasteful Expenditure,4634.0
DC45,John Taolo Gaetsewe,2021,irregular,Irregular Expenditure,230254.0
DC45,John Taolo Gaetsewe,2021,unauthorised,Unauthorised Expenditure,12243216.0
DC47,Sekhukhune,2021,fruitless,Fruitless and Wasteful Expenditure,344154.0
DC47,Sekhukhune,2021,irregular,Irregular Expenditure,214237255.0
DC47,Sekhukhune,2021,unauthorised,Unauthorised Expenditure,11782032.0
DC48,West Rand,2021,fruitless,Fruitless and Wasteful Expenditure,11670.0
DC48,West Rand,2021,irregular,Irregular Expenditure,49069708.0
DC48,West Rand,2021,unauthorised,Unauthorised Expenditure,14985588.0
DC5,Central Karoo,2021,fruitless,Fruitless and Wasteful Expenditure,696.0
DC5,Central Karoo,2021,irregular,Irregular Expenditure,0.0
DC5,Central Karoo,2021,unauthorised,Unauthorised Expenditure,69693.0
DC6,Namakwa,2021,fruitless,Fruitless and Wasteful Expenditure,8305.0
DC6,Namakwa,2021,irregular,Irregular Expenditure,132431.0
DC6,Namakwa,2021,unauthorised,Unauthorised Expenditure,6294398.0
DC7,Pixley Ka Seme (NC),2021,fruitless,Fruitless and Wasteful Expenditure,0.0
DC7,Pixley Ka Seme (NC),2021,irregular,Irregular Expenditure,3648697.0
DC7,Pixley Ka Seme (NC),2021,unauthorised,Unauthorised Expenditure,0.0
DC8,Z F Mgcawu,2021,fruitless,Fruitless and Wasteful Expenditure,522722.0
DC8,Z F Mgcawu,2021,irregular,Irregular Expenditure,3040507.0
DC8,Z F Mgcawu,2021,unauthorised,Unauthorised Expenditure,0.0
DC9,Frances Baard,2021,fruitless,Fruitless and Wasteful Expenditure,0.0
DC9,Frances Baard,2021,irregular,Irregular Expenditure,178797.0
DC9,Frances Baard,2021,unauthorised,Unauthorised Expenditure,0.0
EC101,Dr Beyers Naude,2021,fruitless,Fruitless and Wasteful Expenditure,17710990.0
EC101,Dr Beyers Naude,2021,irregular,Irregular Expenditure,28812860.0
EC101,Dr Beyers Naude,2021,unauthorised,Unauthorised Expenditure,44076203.0
EC102,Blue Crane Route,2021,fruitless,Fruitless and Wasteful Expenditure,6279.0
EC102,Blue Crane Route,2021,irregular,Irregular Expenditure,8220177.0
EC102,Blue Crane Route,2021,unauthorised,Unauthorised Expenditure,0.0
EC104,Makana,2021,fruitless,Fruitless and Wasteful Expenditure,3902979.0
EC104,Makana,2021,irregular,Irregular Expenditure,25181348.0
EC104,Makana,2021,unauthorised,Unauthorised Expenditure,100121099.0
EC105,Ndlambe,2021,fruitless,Fruitless and Wasteful Expenditure,60601.0
EC105,Ndlambe,2021,irregular,Irregular Expenditure,243801231.0
EC105,Ndlambe,2021,unauthorised,Unauthorised Expenditure,33203257.0
EC106,Sundays River Valley,2021,fruitless,Fruitless and Wasteful Expenditure,3281854.0
EC106,Sundays River Valley,2021,irregular,Irregular Expenditure,29563458.0
EC106,Sundays River Valley,2021,unauthorised,Unauthorised Expenditure,43714971.0
EC108,Kouga,2021,fruitless,Fruitless and Wasteful Expenditure,37528.0
EC108,Kouga,2021,irregular,Irregular Expenditure,3540531.0
EC108,Kouga,2021,unauthorised,Unauthorised Expenditure,0.0
EC109,Kou-Kamma,2021,fruitless,Fruitless and Wasteful Expenditure,0.0
EC109,Kou-Kamma,2021,irregular,Irregular Expenditure,1174448.0
EC109,Kou-Kamma,2021,unauthorised,Unauthorised Expenditure,10703019.0
EC121,Mbhashe,2021,fruitless,Fruitless and Wasteful Expenditure,204783.0
EC121,Mbhashe,2021,irregular,Irregular Expenditure,21120100.0
EC121,Mbhashe,2021,unauthorised,Unauthorised Expenditure,0.0
EC122,Mnquma,2021,fruitless,Fruitless and Wasteful Expenditure,3452.0
EC122,Mnquma,2021,irregular,Irregular Expenditure,1450978.0
EC122,Mnquma,2021,unauthorised,Unauthorised Expenditure,0.0
EC123,Great Kei,2021,fruitless,Fruitless and Wasteful Expenditure,1078955.0
EC123,Great Kei,2021,irregular,Irregular Expenditure,4191260.0
EC123,Great Kei,2021,unauthorised,Unauthorised Expenditure,31718596.0
EC124,Amahlathi,2021,fruitless,Fruitless and Wasteful Expenditure,3723612.0
EC124,Amahlathi,2021,irregular,Irregular Expenditure,17733598.0
EC124,Amahlathi,2021,unauthorised,Unauthorised Expenditure,49136737.0
EC126,Ngqushwa,2021,fruitless,Fruitless and Wasteful Expenditure,16633.0
EC126,Ngqushwa,2021,irregular,Irregular Expenditure,2501349.0
EC126,Ngqushwa,2021,unauthorised,Unauthorised Expenditure,18394190.0
EC129,Raymond Mhlaba,2021,fruitless,Fruitless and Wasteful Expenditure,24948887.0
EC129,Raymond Mhlaba,2021,irregular,Irregular Expenditure,16563951.0
EC129,Raymond Mhlaba,2021,unauthorised,Unauthorised Expenditure,0.0
EC131,Inxuba Yethemba,2021,fruitless,Fruitless and Wasteful Expenditure,10195102.0
EC131,Inxuba Yethemba,2021,irregular,Irregular Expenditure,80153314.0
EC131,Inxuba Yethemba,2021,unauthorised,Unauthorised Expenditure,133180825.0
EC135,Vuyisile Mini,2021,fruitless,Fruitless and Wasteful Expenditure,9294439.0
EC135,Vuyisile Mini,2021,irregular,Irregular Expenditure,7423045.0
EC135,Vuyisile Mini,2021,unauthorised,Unauthorised Expenditure,21088632.0
EC136,Emalahleni (EC),2021,fruitless,Fruitless and Wasteful Expenditure,6190852.0
EC136,Emalahleni (EC),2021,irregular,Irregular Expenditure,5292688.0
EC136,Emalahleni (EC),2021,unauthorised,Unauthorised Expenditure,10373137.0
EC137,Dr. A.B. Xuma,2021,fruitless,Fruitless and Wasteful Expenditure,0.0
EC137,Dr. A.B. Xuma,2021,irregular,Irregular Expenditure,7527050.0
EC137,Dr. A.B. Xuma,2021,unauthorised,Unauthorised Expenditure,0.0
EC138,Sakhisizwe,2021,fruitless,Fruitless and Wasteful Expenditure,301433.0
EC138,Sakhisizwe,2021,irregular,Irregular Expenditure,13756975.0
EC138,Sakhisizwe,2021,unauthorised,Unauthorised Expenditure,0.0
EC139,Enoch Mgijima,2021,fruitless,Fruitless and Wasteful Expenditure,122467434.0
EC139,Enoch Mgijima,2021,irregular,Irregular Expenditure,52650401.0
EC139,Enoch Mgijima,2021,unauthorised,Unauthorised Expenditure,189203120.0
EC141,Elundini,2021,fruitless,Fruitless and Wasteful Expenditure,7000.0
EC141,Elundini,2021,irregular,Irregular Expenditure,12939705.0
EC141,Elundini,2021,unauthorised,Unauthorised Expenditure,0.0
EC142,Senqu,2021,fruitless,Fruitless and Wasteful Expenditure,54880.0
EC142,Senqu,2021,irregular,Irregular Expenditure,498236.0
EC142,Senqu,2021,unauthorised,Unauthorised Expenditure,0.0
EC145,Walter Sisulu,2021,fruitless,Fruitless and Wasteful Expenditure,240932.0
EC145,Walter Sisulu,2021,irregular,Irregular Expenditure,25250690.0
EC145,Walter Sisulu,2021,unauthorised,Unauthorised Expenditure,116305926.0
EC153,Ngquza Hills,2021,fruitless,Fruitless and Wasteful Expenditure,0.0
EC153,Ngquza Hills,2021,irregular,Irregular Expenditure,1906549.0
EC153,Ngquza Hills,2021,unauthorised,Unauthorised Expenditure,0.0
EC154,Port St Johns,2021,fruitless,Fruitless and Wasteful Expenditure,762396.0
EC154,Port St Johns,2021,irregular,Irregular Expenditure,41634944.0
EC154,Port St Johns,2021,unauthorised,Unauthorised Expenditure,65520518.0
EC155,Nyandeni,2021,fruitless,Fruitless and Wasteful Expenditure,2069789.0
EC155,Nyandeni,2021,irregular,Irregular Expenditure,251301509.0
EC155,Nyandeni,2021,unauthorised,Unauthorised Expenditure,0.0
EC156,Kumkani Mhlontlo,2021,fruitless,Fruitless and Wasteful Expenditure,119052.0
EC156,Kumkani Mhlontlo,2021,irregular,Irregular Expenditure,5914423.0
EC156,Kumkani Mhlontlo,2021,unauthorised,Unauthorised Expenditure,0.0
EC157,King Sabata Dalindyebo,2021,fruitless,Fruitless and Wasteful Expenditure,19562870.0
EC157,King Sabata Dalindyebo,2021,irregular,Irregular Expenditure,9284672.0
EC157,King Sabata Dalindyebo,2021,unauthorised,Unauthorised Expenditure,3646060.0
EC441,Matatiele,2021,fruitless,Fruitless and Wasteful Expenditure,901631.0
EC441,Matatiele,2021,irregular,Irregular Expenditure,15127717.0
EC441,Matatiele,2021,unauthorised,Unauthorised Expenditure,69601485.0
EC442,Umzimvubu,2021,fruitless,Fruitless and Wasteful Expenditure,61343.0
EC442,Umzimvubu,2021,irregular,Irregular Expenditure,0.0
EC442,Umzimvubu,2021,unauthorised,Unauthorised Expenditure,0.0
EC443,Winnie Madikizela-Mandela,2021,fruitless,Fruitless and Wasteful Expenditure,1473.0
EC443,Winnie Madikizela-Mandela,2021,irregular,Irregular Expenditure,1590000.0
EC443,Winnie Madikizela-Mandela,2021,unauthorised,Unauthorised Expenditure,0.0
EC444,Ntabankulu,2021,fruitless,Fruitless and Wasteful Expenditure,23828974.0
EC444,Ntabankulu,2021,irregular,Irregular Expenditure,15362118.0
EC444,Ntabankulu,2021,unauthorised,Unauthorised Expenditure,0.0
EKU,City of Ekurhuleni,2021,fruitless,Fruitless and Wasteful Expenditure,641430.0
EKU,City of Ekurhuleni,2021,irregular,Irregular Expenditure,226029141.0
EKU,City of Ekurhuleni,2021,unauthorised,Unauthorised Expenditure,0.0
ETH,eThekwini,2021,fruitless,Fruitless and Wasteful Expenditure,9573000.0
ETH,eThekwini,2021,irregular,Irregular Expenditure,770324000.0
ETH,eThekwini,2021,unauthorised,Unauthorised Expenditure,0.0
FS161,Letsemeng,2021,fruitless,Fruitless and Wasteful Expenditure,8785108.0
FS161,Letsemeng,2021,irregular,Irregular Expenditure,164094118.0
FS161,Letsemeng,2021,unauthorised,Unauthorised Expenditure,177058547.0
FS162,Kopanong,2021,fruitless,Fruitless and Wasteful Expenditure,0.0
FS162,Kopanong,2021,irregular,Irregular Expenditure,0.0
FS162,Kopanong,2021,unauthorised,Unauthorised Expenditure,0.0
FS163,Mohokare,2021,fruitless,Fruitless and Wasteful Expenditure,11203586.0
FS163,Mohokare,2021,irregular,Irregular Expenditure,24803506.0
FS163,Mohokare,2021,unauthorised,Unauthorised Expenditure,53672874.0
FS181,Masilonyana,2021,fruitless,Fruitless and Wasteful Expenditure,0.0
FS181,Masilonyana,2021,irregular,Irregular Expenditure,0.0
FS181,Masilonyana,2021,unauthorised,Unauthorised Expenditure,0.0
FS182,Tokologo,2021,fruitless,Fruitless and Wasteful Expenditure,0.0
FS182,Tokologo,2021,irregular,Irregular Expenditure,0.0
FS182,Tokologo,2021,unauthorised,Unauthorised Expenditure,0.0
FS183,Tswelopele,2021,fruitless,Fruitless and Wasteful Expenditure,24039.0
FS183,Tswelopele,2021,irregular,Irregular Expenditure,25279466.0
FS183,Tswelopele,2021,unauthorised,Unauthorised Expenditure,1387000.0
FS184,Matjhabeng,2021,fruitless,Fruitless and Wasteful Expenditure,105472288.0
FS184,Matjhabeng,2021,irregular,Irregular Expenditure,453550791.0
FS184,Matjhabeng,2021,unauthorised,Unauthorised Expenditure,1274087422.0
FS185,Nala,2021,fruitless,Fruitless and Wasteful Expenditure,650675.0
FS185,Nala,2021,irregular,Irregular Expenditure,93894314.0
FS185,Nala,2021,unauthorised,Unauthorised Expenditure,168667767.0
FS191,Setsoto,2021,fruitless,Fruitless and Wasteful Expenditure,2504899.0
FS191,Setsoto,2021,irregular,Irregular Expenditure,93216995.0
FS191,Setsoto,2021,unauthorised,Unauthorised Expenditure,319561516.0
FS192,Dihlabeng,2021,fruitless,Fruitless and Wasteful Expenditure,21174242.0
FS192,Dihlabeng,2021,irregular,Irregular Expenditure,151323677.0
FS192,Dihlabeng,2021,unauthorised,Unauthorised Expenditure,255555816.0
FS193,Nketoana,2021,fruitless,Fruitless and Wasteful Expenditure,0.0
FS193,Nketoana,2021,irregular,Irregular Expenditure,0.0
FS193,Nketoana,2021,unauthorised,Unauthorised Expenditure,0.0
FS194,Maluti-a-Phofung,2021,fruitless,Fruitless and Wasteful Expenditure,128540091.0
FS194,Maluti-a-Phofung,2021,irregular,Irregular Expenditure,29908838.0
FS194,Maluti-a-Phofung,2021,unauthorised,Unauthorised Expenditure,168798650.0
FS195,Phumelela,2021,fruitless,Fruitless and Wasteful Expenditure,11168708.0
FS195,Phumelela,2021,irregular,Irregular Expenditure,8471110.0
FS195,Phumelela,2021,unauthorised,Unauthorised Expenditure,95611689.0
FS196,Mantsopa,2021,fruitless,Fruitless and Wasteful Expenditure,5499916.0
FS196,Mantsopa,2021,irregular,Irregular Expenditure,0.0
FS196,Mantsopa,2021,unauthorised,Unauthorised Expenditure,182819770.0
FS201,Moqhaka,2021,fruitless,Fruitless and Wasteful Expenditure,5386711.0
FS201,Moqhaka,2021,irregular,Irregular Expenditure,140623380.0
FS201,Moqhaka,2021,unauthorised,Unauthorised Expenditure,76693867.0
FS203,Ngwathe,2021,fruitless,Fruitless and Wasteful Expenditure,30573142.0
FS203,Ngwathe,2021,irregular,Irregular Expenditure,0.0
FS203,Ngwathe,2021,unauthorised,Unauthorised Expenditure,99115148.0
FS204,Metsimaholo,2021,fruitless,Fruitless and Wasteful Expenditure,3594516.0
FS204,Metsimaholo,2021,irregular,Irregular Expenditure,70724402.0
FS204,Metsimaholo,2021,unauthorised,Unauthorised Expenditure,16372664.0
FS205,Mafube,2021,fruitless,Fruitless and Wasteful Expenditure,0.0
FS205,Mafube,2021,irregular,Irregular Expenditure,0.0
FS205,Mafube,2021,unauthorised,Unauthorised Expenditure,0.0
GT421,Emfuleni,2021,fruitless,Fruitless and Wasteful Expenditure,399626377.0
GT421,Emfuleni,2021,irregular,Irregular Expenditure,80089622.0
GT421,Emfuleni,2021,unauthorised,Unauthorised Expenditure,1152484854.0
GT422,Midvaal,2021,fruitless,Fruitless and Wasteful Expenditure,4298751.0
GT422,Midvaal,2021,irregular,Irregular Expenditure,5461600.0
GT422,Midvaal,2021,unauthorised,Unauthorised Expenditure,0.0
GT423,Lesedi,2021,fruitless,Fruitless and Wasteful Expenditure,39564.0
GT423,Lesedi,2021,irregular,Irregular Expenditure,14481206.0
GT423,Lesedi,2021,unauthorised,Unauthorised Expenditure,22369422.0
GT481,Mogale City,2021,fruitless,Fruitless and Wasteful Expenditure,22940652.0
GT481,Mogale City,2021,irregular,Irregular Expenditure,84644079.0
GT481,Mogale City,2021,unauthorised,Unauthorised Expenditure,0.0
GT484,Merafong City,2021,fruitless,Fruitless and Wasteful Expenditure,46119165.0
GT484,Merafong City,2021,irregular,Irregular Expenditure,33893638.0
GT484,Merafong City,2021,unauthorised,Unauthorised Expenditure,0.0
GT485,Rand West City,2021,fruitless,Fruitless and Wasteful Expenditure,59726643.0
GT485,Rand West City,2021,irregular,Irregular Expenditure,164128326.0
GT485,Rand West City,2021,unauthorised,Unauthorised Expenditure,202072243.0
JHB,City of Johannesburg,2021,fruitless,Fruitless and Wasteful Expenditure,11380000.0
JHB,City of Johannesburg,2021,irregular,Irregular Expenditure,1118009000.0
JHB,City of Johannesburg,2021,unauthorised,Unauthorised Expenditure,1003250000.0
KZN212,Umdoni,2021,fruitless,Fruitless and Wasteful Expenditure,15396807.0
KZN212,Umdoni,2021,irregular,Irregular Expenditure,91640629.0
KZN212,Umdoni,2021,unauthorised,Unauthorised Expenditure,16930064.0
KZN213,Umzumbe,2021,fruitless,Fruitless and Wasteful Expenditure,11729.0
KZN213,Umzumbe,2021,irregular,Irregular Expenditure,60778479.0
KZN213,Umzumbe,2021,unauthorised,Unauthorised Expenditure,0.0
KZN214,uMuziwabantu,2021,fruitless,Fruitless and Wasteful Expenditure,87847.0
KZN214,uMuziwabantu,2021,irregular,Irregular Expenditure,26391122.0
KZN214,uMuziwabantu,2021,unauthorised,Unauthorised Expenditure,9000.0
KZN216,Ray Nkonyeni,2021,fruitless,Fruitless and Wasteful Expenditure,171467.0
KZN216,Ray Nkonyeni,2021,irregular,Irregular Expenditure,31850292.0
KZN216,Ray Nkonyeni,2021,unauthorised,Unauthorised Expenditure,0.0
KZN221,uMshwathi,2021,fruitless,Fruitless and Wasteful Expenditure,0.0
KZN221,uMshwathi,2021,irregular,Irregular Expenditure,124900.0
KZN221,uMshwathi,2021,unauthorised,Unauthorised Expenditure,77090800.0
KZN222,uMngeni,2021,fruitless,Fruitless and Wasteful Expenditure,646535.0
KZN222,uMngeni,2021,irregular,Irregular Expenditure,21965833.0
KZN222,uMngeni,2021,unauthorised,Unauthorised Expenditure,86057073.0
KZN223,Mpofana,2021,fruitless,Fruitless and Wasteful Expenditure,635760.0
KZN223,Mpofana,2021,irregular,Irregular Expenditure,50781958.0
KZN223,Mpofana,2021,unauthorised,Unauthorised Expenditure,51943526.0
KZN224,Impendle,2021,fruitless,Fruitless and Wasteful Expenditure,0.0
KZN224,Impendle,2021,irregular,Irregular Expenditure,3985261.0
KZN224,Impendle,2021,unauthorised,Unauthorised Expenditure,15962209.0
KZN225,Msunduzi,2021,fruitless,Fruitless and Wasteful Expenditure,9219285.0
KZN225,Msunduzi,2021,irregular,Irregular Expenditure,50096103.0
KZN225,Msunduzi,2021,unauthorised,Unauthorised Expenditure,920571748.0
KZN226,Mkhambathini,2021,fruitless,Fruitless and Wasteful Expenditure,0.0
KZN226,Mkhambathini,2021,irregular,Irregular Expenditure,441012.0
KZN226,Mkhambathini,2021,unauthorised,Unauthorised Expenditure,4701195.0
KZN227,Richmond,2021,fruitless,Fruitless and Wasteful Expenditure,464868.0
KZN227,Richmond,2021,irregular,Irregular Expenditure,22583824.0
KZN227,Richmond,2021,unauthorised,Unauthorised Expenditure,6731230.0
KZN235,Okhahlamba,2021,fruitless,Fruitless and Wasteful Expenditure,46308.0
KZN235,Okhahlamba,2021,irregular,Irregular Expenditure,3638879.0
KZN235,Okhahlamba,2021,unauthorised,Unauthorised Expenditure,0.0
KZN237,Inkosi Langalibalele,2021,fruitless,Fruitless and Wasteful Expenditure,965498.0
KZN237,Inkosi Langalibalele,2021,irregular,Irregular Expenditure,34881808.0
KZN237,Inkosi Langalibalele,2021,unauthorised,Unauthorised Expenditure,33944499.0
KZN238,Alfred Duma,2021,fruitless,Fruitless and Wasteful Expenditure,514876.0
KZN238,Alfred Duma,2021,irregular,Irregular Expenditure,51744.0
KZN238,Alfred Duma,2021,unauthorised,Unauthorised Expenditure,2026081.0
KZN241,Endumeni,2021,fruitless,Fruitless and Wasteful Expenditure,1505239.0
KZN241,Endumeni,2021,irregular,Irregular Expenditure,9864208.0
KZN241,Endumeni,2021,unauthorised,Unauthorised Expenditure,32220268.0
KZN242,Nquthu,2021,fruitless,Fruitless and Wasteful Expenditure,33035.0
KZN242,Nquthu,2021,irregular,Irregular Expenditure,217750735.0
KZN242,Nquthu,2021,unauthorised,Unauthorised Expenditure,0.0
KZN244,Msinga,2021,fruitless,Fruitless and Wasteful Expenditure,0.0
KZN244,Msinga,2021,irregular,Irregular Expenditure,808266.0
KZN244,Msinga,2021,unauthorised,Unauthorised Expenditure,24711092.0
KZN245,Umvoti,2021,fruitless,Fruitless and Wasteful Expenditure,194690.0
KZN245,Umvoti,2021,irregular,Irregular Expenditure,34124626.0
KZN245,Umvoti,2021,unauthorised,Unauthorised Expenditure,26590020.0
KZN252,Newcastle,2021,fruitless,Fruitless and Wasteful Expenditure,4361163.0
KZN252,Newcastle,2021,irregular,Irregular Expenditure,31645210.0
KZN252,Newcastle,2021,unauthorised,Unauthorised Expenditure,0.0
KZN253,Emadlangeni,2021,fruitless,Fruitless and Wasteful Expenditure,116167.0
KZN253,Emadlangeni,2021,irregular,Irregular Expenditure,29801585.0
KZN253,Emadlangeni,2021,unauthorised,Unauthorised Expenditure,11437157.0
KZN254,Dannhauser,2021,fruitless,Fruitless and Wasteful Expenditure,0.0
KZN254,Dannhauser,2021,irregular,Irregular Expenditure,21639030.0
KZN254,Dannhauser,2021,unauthorised,Unauthorised Expenditure,0.0
KZN261,eDumbe,2021,fruitless,Fruitless and Wasteful Expenditure,37730.0
KZN261,eDumbe,2021,irregular,Irregular Expenditure,16054509.0
KZN261,eDumbe,2021,unauthorised,Unauthorised Expenditure,32398772.0
KZN262,uPhongolo,2021,fruitless,Fruitless and Wasteful Expenditure,2529.0
KZN262,uPhongolo,2021,irregular,Irregular Expenditure,404337.0
KZN262,uPhongolo,2021,unauthorised,Unauthorised Expenditure,21186752.0
KZN263,Abaqulusi,2021,fruitless,Fruitless and Wasteful Expenditure,8061007.0
KZN263,Abaqulusi,2021,irregular,Irregular Expenditure,80744070.0
KZN263,Abaqulusi,2021,unauthorised,Unauthorised Expenditure,129439476.0
KZN265,Nongoma,2021,fruitless,Fruitless and Wasteful Expenditure,161703.0
KZN265,Nongoma,2021,irregular,Irregular Expenditure,18058160.0
KZN265,Nongoma,2021,unauthorised,Unauthorised Expenditure,26546551.0
KZN266,Ulundi,2021,fruitless,Fruitless and Wasteful Expenditure,0.0
KZN266,Ulundi,2021,irregular,Irregular Expenditure,44187041.0
KZN266,Ulundi,2021,unauthorised,Unauthorised Expenditure,0.0
KZN271,Umhlabuyalingana,2021,fruitless,Fruitless and Wasteful Expenditure,979402.0
KZN271,Umhlabuyalingana,2021,irregular,Irregular Expenditure,25101864.0
KZN271,Umhlabuyalingana,2021,unauthorised,Unauthorised Expenditure,0.0
KZN272,Jozini,2021,fruitless,Fruitless and Wasteful Expenditure,77739.0
KZN272,Jozini,2021,irregular,Irregular Expenditure,40460908.0
KZN272,Jozini,2021,unauthorised,Unauthorised Expenditure,24286001.0
KZN275,Mtubatuba,2021,fruitless,Fruitless and Wasteful Expenditure,2968670.0
KZN275,Mtubatuba,2021,irregular,Irregular Expenditure,179490313.0
KZN275,Mtubatuba,2021,unauthorised,Unauthorised Expenditure,34402664.0
KZN276,Hlabisa Big Five,2021,fruitless,Fruitless and Wasteful Expenditure,318024.0
KZN276,Hlabisa Big Five,2021,irregular,Irregular Expenditure,8836899.0
KZN276,Hlabisa Big Five,2021,unauthorised,Unauthorised Expenditure,44748909.0
KZN281,Mfolozi,2021,fruitless,Fruitless and Wasteful Expenditure,15290.0
KZN281,Mfolozi,2021,irregular,Irregular Expenditure,45001629.0
KZN281,Mfolozi,2021,unauthorised,Unauthorised Expenditure,9687889.0
KZN282,uMhlathuze,2021,fruitless,Fruitless and Wasteful Expenditure,0.0
KZN282,uMhlathuze,2021,irregular,Irregular Expenditure,12480823.0
KZN282,uMhlathuze,2021,unauthorised,Unauthorised Expenditure,0.0
KZN284,uMlalazi,2021,fruitless,Fruitless and Wasteful Expenditure,1275.0
KZN284,uMlalazi,2021,irregular,Irregular Expenditure,35138579.0
KZN284,uMlalazi,2021,unauthorised,Unauthorised Expenditure,0.0
KZN285,Mthonjaneni,2021,fruitless,Fruitless and Wasteful Expenditure,201340.0
KZN285,Mthonjaneni,2021,irregular,Irregular Expenditure,24345817.0
KZN285,Mthonjaneni,2021,unauthorised,Unauthorised Expenditure,0.0
KZN286,Nkandla,2021,fruitless,Fruitless and Wasteful Expenditure,151098.0
KZN286,Nkandla,2021,irregular,Irregular Expenditure,9397515.0
KZN286,Nkandla,2021,unauthorised,Unauthorised Expenditure,0.0
KZN291,Mandeni,2021,fruitless,Fruitless and Wasteful Expenditure,166750.0
KZN291,Mandeni,2021,irregular,Irregular Expenditure,10342370.0
KZN291,Mandeni,2021,unauthorised,Unauthorised Expenditure,0.0
KZN292,KwaDukuza,2021,fruitless,Fruitless and Wasteful Expenditure,0.0
KZN292,KwaDukuza,2021,irregular,Irregular Expenditure,68753850.0
KZN292,KwaDukuza,2021,unauthorised,Unauthorised Expenditure,17082697.0
KZN293,Ndwedwe,2021,fruitless,Fruitless and Wasteful Expenditure,2896.0
KZN293,Ndwedwe,2021,irregular,Irregular Expenditure,0.0
KZN293,Ndwedwe,2021,unauthorised,Unauthorised Expenditure,0.0
KZN294,Maphumulo,2021,fruitless,Fruitless and Wasteful Expenditure,39888.0
KZN294,Maphumulo,2021,irregular,Irregular Expenditure,159540.0
KZN294,Maphumulo,2021,unauthorised,Unauthorised Expenditure,0.0
KZN433,Greater Kokstad,2021,fruitless,Fruitless and Wasteful Expenditure,0.0
KZN433,Greater Kokstad,2021,irregular,Irregular Expenditure,49713355.0
KZN433,Greater Kokstad,2021,unauthorised,Unauthorised Expenditure,0.0
KZN434,Johannes Phumani Phungula,2021,fruitless,Fruitless and Wasteful Expenditure,0.0
KZN434,Johannes Phumani Phungula,2021,irregular,Irregular Expenditure,66535431.0
KZN434,Johannes Phumani Phungula,2021,unauthorised,Unauthorised Expenditure,0.0
KZN435,Umzimkhulu,2021,fruitless,Fruitless and Wasteful Expenditure,0.0
KZN435,Umzimkhulu,2021,irregular,Irregular Expenditure,21385537.0
KZN435,Umzimkhulu,2021,unauthorised,Unauthorised Expenditure,0.0
KZN436,Dr Nkosazana Dlamini Zuma,2021,fruitless,Fruitless and Wasteful Expenditure,93652.0
KZN436,Dr Nkosazana Dlamini Zuma,2021,irregular,Irregular Expenditure,11032923.0
KZN436,Dr Nkosazana Dlamini Zuma,2021,unauthorised,Unauthorised Expenditure,0.0
LIM331,Greater Giyani,2021,fruitless,Fruitless and Wasteful Expenditure,86005.0
LIM331,Greater Giyani,2021,irregular,Irregular Expenditure,10596671.0
LIM331,Greater Giyani,2021,unauthorised,Unauthorised Expenditure,51282044.0
LIM332,Greater Letaba,2021,fruitless,Fruitless and Wasteful Expenditure,1243158.0
LIM332,Greater Letaba,2021,irregular,Irregular Expenditure,33872398.0
LIM332,Greater Letaba,2021,unauthorised,Unauthorised Expenditure,19585070.0
LIM333,Greater Tzaneen,2021,fruitless,Fruitless and Wasteful Expenditure,6166778.0
LIM333,Greater Tzaneen,2021,irregular,Irregular Expenditure,29565272.0
LIM333,Greater Tzaneen,2021,unauthorised,Unauthorised Expenditure,15083719.0
LIM334,Ba-Phalaborwa,2021,fruitless,Fruitless and Wasteful Expenditure,86673.0
LIM334,Ba-Phalaborwa,2021,irregular,Irregular Expenditure,28553529.0
LIM334,Ba-Phalaborwa,2021,unauthorised,Unauthorised Expenditure,27120364.0
LIM335,Maruleng,2021,fruitless,Fruitless and Wasteful Expenditure,192757.0
LIM335,Maruleng,2021,irregular,Irregular Expenditure,52330301.0
LIM335,Maruleng,2021,unauthorised,Unauthorised Expenditure,20914389.0
LIM341,Musina,2021,fruitless,Fruitless and Wasteful Expenditure,61569.0
LIM341,Musina,2021,irregular,Irregular Expenditure,23182105.0
LIM341,Musina,2021,unauthorised,Unauthorised Expenditure,0.0
LIM343,Thulamela,2021,fruitless,Fruitless and Wasteful Expenditure,17173.0
LIM343,Thulamela,2021,irregular,Irregular Expenditure,186218.0
LIM343,Thulamela,2021,unauthorised,Unauthorised Expenditure,0.0
LIM344,Makhado,2021,fruitless,Fruitless and Wasteful Expenditure,880.0
LIM344,Makhado,2021,irregular,Irregular Expenditure,0.0
LIM344,Makhado,2021,unauthorised,Unauthorised Expenditure,0.0
LIM345,Collins Chabane,2021,fruitless,Fruitless and Wasteful Expenditure,4605.0
LIM345,Collins Chabane,2021,irregular,Irregular Expenditure,82341432.0
LIM345,Collins Chabane,2021,unauthorised,Unauthorised Expenditure,45453428.0
LIM351,Blouberg,2021,fruitless,Fruitless and Wasteful Expenditure,0.0
LIM351,Blouberg,2021,irregular,Irregular Expenditure,30286364.0
LIM351,Blouberg,2021,unauthorised,Unauthorised Expenditure,0.0
LIM353,Molemole,2021,fruitless,Fruitless and Wasteful Expenditure,28477.0
LIM353,Molemole,2021,irregular,Irregular Expenditure,2303412.0
LIM353,Molemole,2021,unauthorised,Unauthorised Expenditure,0.0
LIM354,Polokwane,2021,fruitless,Fruitless and Wasteful Expenditure,17708.0
LIM354,Polokwane,2021,irregular,Irregular Expenditure,72934604.0
LIM354,Polokwane,2021,unauthorised,Unauthorised Expenditure,614252938.0
LIM355,Lepelle-Nkumpi,2021,fruitless,Fruitless and Wasteful Expenditure,243505.0
LIM355,Lepelle-Nkumpi,2021,irregular,Irregular Expenditure,10253198.0
LIM355,Lepelle-Nkumpi,2021,unauthorised,Unauthorised Expenditure,257157237.0
LIM361,Thabazimbi,2021,fruitless,Fruitless and Wasteful Expenditure,12047583.0
LIM361,Thabazimbi,2021,irregular,Irregular Expenditure,60101966.0
LIM361,Thabazimbi,2021,unauthorised,Unauthorised Expenditure,40651314.0
LIM362,Lephalale,2021,fruitless,Fruitless and Wasteful Expenditure,12295.0
LIM362,Lephalale,2021,irregular,Irregular Expenditure,23083715.0
LIM362,Lephalale,2021,unauthorised,Unauthorised Expenditure,0.0
LIM366,Bela Bela,2021,fruitless,Fruitless and Wasteful Expenditure,834003.0
LIM366,Bela Bela,2021,irregular,Irregular Expenditure,14448304.0
LIM366,Bela Bela,2021,unauthorised,Unauthorised Expenditure,70995531.0
LIM367,Mogalakwena,2021,fruitless,Fruitless and Wasteful Expenditure,3589209.0
LIM367,Mogalakwena,2021,irregular,Irregular Expenditure,242399102.0
LIM367,Mogalakwena,2021,unauthorised,Unauthorised Expenditure,583819945.0
LIM368,Modimolle-Mookgopong,2021,fruitless,Fruitless and Wasteful Expenditure,30720491.0
LIM368,Modimolle-Mookgopong,2021,irregular,Irregular Expenditure,33042442.0
LIM368,Modimolle-Mookgopong,2021,unauthorised,Unauthorised Expenditure,131631710.0
LIM471,Ephraim Mogale,2021,fruitless,Fruitless and Wasteful Expenditure,2942611.0
LIM471,Ephraim Mogale,2021,irregular,Irregular Expenditure,7977419.0
LIM471,Ephraim Mogale,2021,unauthorised,Unauthorised Expenditure,0.0
LIM472,Elias Motsoaledi,2021,fruitless,Fruitless and Wasteful Expenditure,2184677.0
LIM472,Elias Motsoaledi,2021,irregular,Irregular Expenditure,77379399.0
LIM472,Elias Motsoaledi,2021,unauthorised,Unauthorised Expenditure,40945923.0
LIM473,Makhuduthamaga,2021,fruitless,Fruitless and Wasteful Expenditure,0.0
LIM473,Makhuduthamaga,2021,irregular,Irregular Expenditure,62417624.0
LIM473,Makhuduthamaga,2021,unauthorised,Unauthorised Expenditure,38086857.0
LIM476,Tubatse Fetakgomo,2021,fruitless,Fruitless and Wasteful Expenditure,5668684.0
LIM476,Tubatse Fetakgomo,2021,irregular,Irregular Expenditure,139763961.0
LIM476,Tubatse Fetakgomo,2021,unauthorised,Unauthorised Expenditure,94300362.0
MAN,Mangaung,2021,fruitless,Fruitless and Wasteful Expenditure,19694896.0
MAN,Mangaung,2021,irregular,Irregular Expenditure,190844856.0
MAN,Mangaung,2021,unauthorised,Unauthorised Expenditure,570024938.0
MP301,Albert Luthuli,2021,fruitless,Fruitless and Wasteful Expenditure,122284.0
MP301,Albert Luthuli,2021,irregular,Irregular Expenditure,16189484.0
MP301,Albert Luthuli,2021,unauthorised,Unauthorised Expenditure,9859613.0
MP302,Msukaligwa,2021,fruitless,Fruitless and Wasteful Expenditure,0.0
MP302,Msukaligwa,2021,irregular,Irregular Expenditure,174767721.0
MP302,Msukaligwa,2021,unauthorised,Unauthorised Expenditure,83459000.0
MP303,Mkhondo,2021,fruitless,Fruitless and Wasteful Expenditure,8454831.0
MP303,Mkhondo,2021,irregular,Irregular Expenditure,12886791.0
MP303,Mkhondo,2021,unauthorised,Unauthorised Expenditure,158365190.0
MP304,Pixley Ka Seme (MP),2021,fruitless,Fruitless and Wasteful Expenditure,23378.0
MP304,Pixley Ka Seme (MP),2021,irregular,Irregular Expenditure,10177404.0
MP304,Pixley Ka Seme (MP),2021,unauthorised,Unauthorised Expenditure,0.0
MP305,Lekwa,2021,fruitless,Fruitless and Wasteful Expenditure,11518648.0
MP305,Lekwa,2021,irregular,Irregular Expenditure,40751096.0
MP305,Lekwa,2021,unauthorised,Unauthorised Expenditure,233469317.0
MP306,Dipaleseng,2021,fruitless,Fruitless and Wasteful Expenditure,0.0
MP306,Dipaleseng,2021,irregular,Irregular Expenditure,3317530.0
MP306,Dipaleseng,2021,unauthorised,Unauthorised Expenditure,26087611.0
MP307,Govan Mbeki,2021,fruitless,Fruitless and Wasteful Expenditure,85106221.0
MP307,Govan Mbeki,2021,irregular,Irregular Expenditure,79610378.0
MP307,Govan Mbeki,2021,unauthorised,Unauthorised Expenditure,815585332.0
MP311,Victor Khanye,2021,fruitless,Fruitless and Wasteful Expenditure,0.0
MP311,Victor Khanye,2021,irregular,Irregular Expenditure,121930026.0
MP311,Victor Khanye,2021,unauthorised,Unauthorised Expenditure,60489490.0
MP312,Emalahleni (MP),2021,fruitless,Fruitless and Wasteful Expenditure,0.0
MP312,Emalahleni (MP),2021,irregular,Irregular Expenditure,198888018.0
MP312,Emalahleni (MP),2021,unauthorised,Unauthorised Expenditure,444726152.0
MP313,Steve Tshwete,2021,fruitless,Fruitless and Wasteful Expenditure,70520.0
MP313,Steve Tshwete,2021,irregular,Irregular Expenditure,0.0
MP313,Steve Tshwete,2021,unauthorised,Unauthorised Expenditure,107014335.0
MP314,Emakhazeni,2021,fruitless,Fruitless and Wasteful Expenditure,0.0
MP314,Emakhazeni,2021,irregular,Irregular Expenditure,22344475.0
MP314,Emakhazeni,2021,unauthorised,Unauthorised Expenditure,294760.0
MP315,Thembisile Hani,2021,fruitless,Fruitless and Wasteful Expenditure,39413.0
MP315,Thembisile Hani,2021,irregular,Irregular Expenditure,20466469.0
MP315,Thembisile Hani,2021,unauthorised,Unauthorised Expenditure,0.0
MP316,Dr J.S. Moroka,2021,fruitless,Fruitless and Wasteful Expenditure,0.0
MP316,Dr J.S. Moroka,2021,irregular,Irregular Expenditure,49465313.0
MP316,Dr J.S. Moroka,2021,unauthorised,Unauthorised Expenditure,0.0
MP321,Thaba Chweu,2021,fruitless,Fruitless and Wasteful Expenditure,0.0
MP321,Thaba Chweu,2021,irregular,Irregular Expenditure,205364591.0
MP321,Thaba Chweu,2021,unauthorised,Unauthorised Expenditure,130702206.0
MP324,Nkomazi,2021,fruitless,Fruitless and Wasteful Expenditure,18221.0
MP324,Nkomazi,2021,irregular,Irregular Expenditure,38330542.0
MP324,Nkomazi,2021,unauthorised,Unauthorised Expenditure,33953290.0
MP325,Bushbuckridge,2021,fruitless,Fruitless and Wasteful Expenditure,31560.0
MP325,Bushbuckridge,2021,irregular,Irregular Expenditure,211536197.0
MP325,Bushbuckridge,2021,unauthorised,Unauthorised Expenditure,0.0
MP326,City of Mbombela,2021,fruitless,Fruitless and Wasteful Expenditure,0.0
MP326,City of Mbombela,2021,irregular,Irregular Expenditure,50788204.0
MP326,City of Mbombela,2021,unauthorised,Unauthorised Expenditure,486319531.0
NC061,Richtersveld,2021,fruitless,Fruitless and Wasteful Expenditure,0.0
NC061,Richtersveld,2021,irregular,Irregular Expenditure,8239883.0
NC061,Richtersveld,2021,unauthorised,Unauthorised Expenditure,20050050.0
NC062,Nama Khoi,2021,fruitless,Fruitless and Wasteful Expenditure,0.0
NC062,Nama Khoi,2021,irregular,Irregular Expenditure,3954351.0
NC062,Nama Khoi,2021,unauthorised,Unauthorised Expenditure,16661252.0
NC064,Kamiesberg,2021,fruitless,Fruitless and Wasteful Expenditure,751299.0
NC064,Kamiesberg,2021,irregular,Irregular Expenditure,31681868.0
NC064,Kamiesberg,2021,unauthorised,Unauthorised Expenditure,29307899.0
NC065,Hantam,2021,fruitless,Fruitless and Wasteful Expenditure,419.0
NC065,Hantam,2021,irregular,Irregular Expenditure,45734634.0
NC065,Hantam,2021,unauthorised,Unauthorised Expenditure,2248077.0
NC066,Karoo Hoogland,2021,fruitless,Fruitless and Wasteful Expenditure,1100.0
NC066,Karoo Hoogland,2021,irregular,Irregular Expenditure,8557831.0
NC066,Karoo Hoogland,2021,unauthorised,Unauthorised Expenditure,10838507.0
NC067,Khai-Ma,2021,fruitless,Fruitless and Wasteful Expenditure,799513.0
NC067,Khai-Ma,2021,irregular,Irregular Expenditure,2075762.0
NC067,Khai-Ma,2021,unauthorised,Unauthorised Expenditure,5519149.0
NC071,Ubuntu,2021,fruitless,Fruitless and Wasteful Expenditure,0.0
NC071,Ubuntu,2021,irregular,Irregular Expenditure,23715832.0
NC071,Ubuntu,2021,unauthorised,Unauthorised Expenditure,40046760.0
NC072,Umsobomvu,2021,fruitless,Fruitless and Wasteful Expenditure,0.0
NC072,Umsobomvu,2021,irregular,Irregular Expenditure,10716472.0
NC072,Umsobomvu,2021,unauthorised,Unauthorised Expenditure,27818818.0
NC073,Emthanjeni,2021,fruitless,Fruitless and Wasteful Expenditure,89617.0
NC073,Emthanjeni,2021,irregular,Irregular Expenditure,9628128.0
NC073,Emthanjeni,2021,unauthorised,Unauthorised Expenditure,87873319.0
NC074,Kareeberg,2021,fruitless,Fruitless and Wasteful Expenditure,1496651.0
NC074,Kareeberg,2021,irregular,Irregular Expenditure,2343735.0
NC074,Kareeberg,2021,unauthorised,Unauthorised Expenditure,0.0
NC075,Renosterberg,2021,fruitless,Fruitless and Wasteful Expenditure,1869765.0
NC075,Renosterberg,2021,irregular,Irregular Expenditure,0.0
NC075,Renosterberg,2021,unauthorised,Unauthorised Expenditure,0.0
NC076,Thembelihle,2021,fruitless,Fruitless and Wasteful Expenditure,0.0
NC076,Thembelihle,2021,irregular,Irregular Expenditure,4022962.0
NC076,Thembelihle,2021,unauthorised,Unauthorised Expenditure,10625564.0
NC077,Siyathemba,2021,fruitless,Fruitless and Wasteful Expenditure,112459.0
NC077,Siyathemba,2021,irregular,Irregular Expenditure,69697668.0
NC077,Siyathemba,2021,unauthorised,Unauthorised Expenditure,67157509.0
NC078,Siyancuma,2021,fruitless,Fruitless and Wasteful Expenditure,1714097.0
NC078,Siyancuma,2021,irregular,Irregular Expenditure,13173019.0
NC078,Siyancuma,2021,unauthorised,Unauthorised Expenditure,54068110.0
NC082,!Kai! Garib,2021,fruitless,Fruitless and Wasteful Expenditure,0.0
NC082,!Kai! Garib,2021,irregular,Irregular Expenditure,0.0
NC082,!Kai! Garib,2021,unauthorised,Unauthorised Expenditure,0.0
NC084,!Kheis,2021,fruitless,Fruitless and Wasteful Expenditure,2725930.0
NC084,!Kheis,2021,irregular,Irregular Expenditure,33785427.0
NC084,!Kheis,2021,unauthorised,Unauthorised Expenditure,0.0
NC085,Tsantsabane,2021,fruitless,Fruitless and Wasteful Expenditure,0.0
NC085,Tsantsabane,2021,irregular,Irregular Expenditure,0.0
NC085,Tsantsabane,2021,unauthorised,Unauthorised Expenditure,44750238.0
NC086,Kgatelopele,2021,fruitless,Fruitless and Wasteful Expenditure,597864.0
NC086,Kgatelopele,2021,irregular,Irregular Expenditure,2293497.0
NC086,Kgatelopele,2021,unauthorised,Unauthorised Expenditure,0.0
NC087,Dawid Kruiper,2021,fruitless,Fruitless and Wasteful Expenditure,0.0
NC087,Dawid Kruiper,2021,irregular,Irregular Expenditure,2931993.0
NC087,Dawid Kruiper,2021,unauthorised,Unauthorised Expenditure,51817779.0
NC091,Sol Plaatje,2021,fruitless,Fruitless and Wasteful Expenditure,13693326.0
NC091,Sol Plaatje,2021,irregular,Irregular Expenditure,116568677.0
NC091,Sol Plaatje,2021,unauthorised,Unauthorised Expenditure,0.0
NC092,Dikgatlong,2021,fruitless,Fruitless and Wasteful Expenditure,393506.0
NC092,Dikgatlong,2021,irregular,Irregular Expenditure,1060509.0
NC092,Dikgatlong,2021,unauthorised,Unauthorised Expenditure,103093132.0
NC093,Magareng,2021,fruitless,Fruitless and Wasteful Expenditure,852562.0
NC093,Magareng,2021,irregular,Irregular Expenditure,26104553.0
NC093,Magareng,2021,unauthorised,Unauthorised Expenditure,57943576.0
NC094,Phokwane,2021,fruitless,Fruitless and Wasteful Expenditure,0.0
NC094,Phokwane,2021,irregular,Irregular Expenditure,0.0
NC094,Phokwane,2021,unauthorised,Unauthorised Expenditure,0.0
NC451,Joe Morolong,2021,fruitless,Fruitless and Wasteful Expenditure,106582.0
NC451,Joe Morolong,2021,irregular,Irregular Expenditure,4065059.0
NC451,Joe Morolong,2021,unauthorised,Unauthorised Expenditure,249407.0
NC452,Ga-Segonyana,2021,fruitless,Fruitless and Wasteful Expenditure,0.0
NC452,Ga-Segonyana,2021,irregular,Irregular Expenditure,18864640.0
NC452,Ga-Segonyana,2021,unauthorised,Unauthorised Expenditure,67810223.0
NC453,Gamagara,2021,fruitless,Fruitless and Wasteful Expenditure,2400000.0
NC453,Gamagara,2021,irregular,Irregular Expenditure,673691381.0
NC453,Gamagara,2021,unauthorised,Unauthorised Expenditure,49796070.0
NMA,Nelson Mandela Bay,2021,fruitless,Fruitless and Wasteful Expenditure,999816.0
NMA,Nelson Mandela Bay,2021,irregular,Irregular Expenditure,1389805210.0
NMA,Nelson Mandela Bay,2021,unauthorised,Unauthorised Expenditure,847087284.0
NW371,Moretele,2021,fruitless,Fruitless and Wasteful Expenditure,941314.0
NW371,Moretele,2021,irregular,Irregular Expenditure,47191775.0
NW371,Moretele,2021,unauthorised,Unauthorised Expenditure,72597000.0
NW372,Madibeng,2021,fruitless,Fruitless and Wasteful Expenditure,22679006.0
NW372,Madibeng,2021,irregular,Irregular Expenditure,529040614.0
NW372,Madibeng,2021,unauthorised,Unauthorised Expenditure,0.0
NW373,Rustenburg,2021,fruitless,Fruitless and Wasteful Expenditure,4478000.0
NW373,Rustenburg,2021,irregular,Irregular Expenditure,614594000.0
NW373,Rustenburg,2021,unauthorised,Unauthorised Expenditure,0.0
NW374,Kgetlengrivier,2021,fruitless,Fruitless and Wasteful Expenditure,0.0
NW374,Kgetlengrivier,2021,irregular,Irregular Expenditure,100247417.0
NW374,Kgetlengrivier,2021,unauthorised,Unauthorised Expenditure,126213876.0
NW375,Moses Kotane,2021,fruitless,Fruitless and Wasteful Expenditure,101610737.0
NW375,Moses Kotane,2021,irregular,Irregular Expenditure,231435794.0
NW375,Moses Kotane,2021,unauthorised,Unauthorised Expenditure,133238930.0
NW381,Ratlou,2021,fruitless,Fruitless and Wasteful Expenditure,69670.0
NW381,Ratlou,2021,irregular,Irregular Expenditure,92830421.0
NW381,Ratlou,2021,unauthorised,Unauthorised Expenditure,0.0
NW382,Tswaing,2021,fruitless,Fruitless and Wasteful Expenditure,7044293.0
NW382,Tswaing,2021,irregular,Irregular Expenditure,115428031.0
NW382,Tswaing,2021,unauthorised,Unauthorised Expenditure,116486966.0
NW383,Mafikeng,2021,fruitless,Fruitless and Wasteful Expenditure,559695.0
NW383,Mafikeng,2021,irregular,Irregular Expenditure,209770249.0
NW383,Mafikeng,2021,unauthorised,Unauthorised Expenditure,120803265.0
NW384,Ditsobotla,2021,fruitless,Fruitless and Wasteful Expenditure,19148746.0
NW384,Ditsobotla,2021,irregular,Irregular Expenditure,195711038.0
NW384,Ditsobotla,2021,unauthorised,Unauthorised Expenditure,61725999.0
NW385,Ramotshere Moiloa,2021,fruitless,Fruitless and Wasteful Expenditure,2383099.0
NW385,Ramotshere Moiloa,2021,irregular,Irregular Expenditure,149467424.0
NW385,Ramotshere Moiloa,2021,unauthorised,Unauthorised Expenditure,980250.0
NW392,Naledi (NW),2021,fruitless,Fruitless and Wasteful Expenditure,19093803.0
NW392,Naledi (NW),2021,irregular,Irregular Expenditure,7504311.0
NW392,Naledi (NW),2021,unauthorised,Unauthorised Expenditure,10129849.0
NW393,Mamusa,2021,fruitless,Fruitless and Wasteful Expenditure,15431815.0
NW393,Mamusa,2021,irregular,Irregular Expenditure,54101526.0
NW393,Mamusa,2021,unauthorised,Unauthorised Expenditure,104164221.0
NW394,Greater Taung,2021,fruitless,Fruitless and Wasteful Expenditure,70981.0
NW394,Greater Taung,2021,irregular,Irregular Expenditure,1456873.0
NW394,Greater Taung,2021,unauthorised,Unauthorised Expenditure,29929109.0
NW396,Lekwa-Teemane,2021,fruitless,Fruitless and Wasteful Expenditure,3156934.0
NW396,Lekwa-Teemane,2021,irregular,Irregular Expenditure,78557939.0
NW396,Lekwa-Teemane,2021,unauthorised,Unauthorised Expenditure,220112453.0
NW397,Kagisano-Molopo,2021,fruitless,Fruitless and Wasteful Expenditure,24368.0
NW397,Kagisano-Molopo,2021,irregular,Irregular Expenditure,113463617.0
NW397,Kagisano-Molopo,2021,unauthorised,Unauthorised Expenditure,35157052.0
NW403,City of Matlosana,2021,fruitless,Fruitless and Wasteful Expenditure,274306.0
NW403,City of Matlosana,2021,irregular,Irregular Expenditure,489028859.0
NW403,City of Matlosana,2021,unauthorised,Unauthorised Expenditure,642450889.0
NW404,Maquassi Hills,2021,fruitless,Fruitless and Wasteful Expenditure,2698371.0
NW404,Maquassi Hills,2021,irregular,Irregular Expenditure,109910379.0
NW404,Maquassi Hills,2021,unauthorised,Unauthorised Expenditure,32995777.0
NW405,J B Marks,2021,fruitless,Fruitless and Wasteful Expenditure,616620.0
NW405,J B Marks,2021,irregular,Irregular Expenditure,364709765.0
NW405,J B Marks,2021,unauthorised,Unauthorised Expenditure,542310.0
TSH,City of Tshwane,2021,fruitless,Fruitless and Wasteful Expenditure,221559102.0
TSH,City of Tshwane,2021,irregular,Irregular Expenditure,2702803906.0
TSH,City of Tshwane,2021,unauthorised,Unauthorised Expenditure,566041443.0
WC011,Matzikama,2021,fruitless,Fruitless and Wasteful Expenditure,1808376.0
WC011,Matzikama,2021,irregular,Irregular Expenditure,30019307.0
WC011,Matzikama,2021,unauthorised,Unauthorised Expenditure,6000343.0
WC012,Cederberg,2021,fruitless,Fruitless and Wasteful Expenditure,3511254.0
WC012,Cederberg,2021,irregular,Irregular Expenditure,12793616.0
WC012,Cederberg,2021,unauthorised,Unauthorised Expenditure,1749171.0
WC013,Bergrivier,2021,fruitless,Fruitless and Wasteful Expenditure,297.0
WC013,Bergrivier,2021,irregular,Irregular Expenditure,94750.0
WC013,Bergrivier,2021,unauthorised,Unauthorised Expenditure,764459.0
WC014,Saldanha Bay,2021,fruitless,Fruitless and Wasteful Expenditure,25356.0
WC014,Saldanha Bay,2021,irregular,Irregular Expenditure,427960.0
WC014,Saldanha Bay,2021,unauthorised,Unauthorised Expenditure,0.0
WC015,Swartland,2021,fruitless,Fruitless and Wasteful Expenditure,10767.0
WC015,Swartland,2021,irregular,Irregular Expenditure,15407005.0
WC015,Swartland,2021,unauthorised,Unauthorised Expenditure,13258009.0
WC022,Witzenberg,2021,fruitless,Fruitless and Wasteful Expenditure,0.0
WC022,Witzenberg,2021,irregular,Irregular Expenditure,0.0
WC022,Witzenberg,2021,unauthorised,Unauthorised Expenditure,1935841.0
WC023,Drakenstein,2021,fruitless,Fruitless and Wasteful Expenditure,0.0
WC023,Drakenstein,2021,irregular,Irregular Expenditure,3113057.0
WC023,Drakenstein,2021,unauthorised,Unauthorised Expenditure,0.0
WC024,Stellenbosch,2021,fruitless,Fruitless and Wasteful Expenditure,0.0
WC024,Stellenbosch,2021,irregular,Irregular Expenditure,89820222.0
WC024,Stellenbosch,2021,unauthorised,Unauthorised Expenditure,0.0
WC025,Breede Valley,2021,fruitless,Fruitless and Wasteful Expenditure,0.0
WC025,Breede Valley,2021,irregular,Irregular Expenditure,0.0
WC025,Breede Valley,2021,unauthorised,Unauthorised Expenditure,0.0
WC026,Langeberg,2021,fruitless,Fruitless and Wasteful Expenditure,77599.0
WC026,Langeberg,2021,irregular,Irregular Expenditure,1096656.0
WC026,Langeberg,2021,unauthorised,Unauthorised Expenditure,4707818.0
WC031,Theewaterskloof,2021,fruitless,Fruitless and Wasteful Expenditure,1850.0
WC031,Theewaterskloof,2021,irregular,Irregular Expenditure,4477211.0
WC031,Theewaterskloof,2021,unauthorised,Unauthorised Expenditure,0.0
WC032,Overstrand,2021,fruitless,Fruitless and Wasteful Expenditure,0.0
WC032,Overstrand,2021,irregular,Irregular Expenditure,1450910.0
WC032,Overstrand,2021,unauthorised,Unauthorised Expenditure,14253808.0
WC033,Cape Agulhas,2021,fruitless,Fruitless and Wasteful Expenditure,0.0
WC033,Cape Agulhas,2021,irregular,Irregular Expenditure,4150289.0
WC033,Cape Agulhas,2021,unauthorised,Unauthorised Expenditure,7635586.0
WC034,Swellendam,2021,fruitless,Fruitless and Wasteful Expenditure,0.0
WC034,Swellendam,2021,irregular,Irregular Expenditure,19836140.0
WC034,Swellendam,2021,unauthorised,Unauthorised Expenditure,3844185.0
WC041,Kannaland,2021,fruitless,Fruitless and Wasteful Expenditure,3441178.0
WC041,Kannaland,2021,irregular,Irregular Expenditure,21459507.0
WC041,Kannaland,2021,unauthorised,Unauthorised Expenditure,6699423.0
WC042,Hessequa,2021,fruitless,Fruitless and Wasteful Expenditure,0.0
WC042,Hessequa,2021,irregular,Irregular Expenditure,121276.0
WC042,Hessequa,2021,unauthorised,Unauthorised Expenditure,2631310.0
WC043,Mossel Bay,2021,fruitless,Fruitless and Wasteful Expenditure,0.0
WC043,Mossel Bay,2021,irregular,Irregular Expenditure,43117726.0
WC043,Mossel Bay,2021,unauthorised,Unauthorised Expenditure,14868611.0
WC044,George,2021,fruitless,Fruitless and Wasteful Expenditure,21703.0
WC044,George,2021,irregular,Irregular Expenditure,5532526.0
WC044,George,2021,unauthorised,Unauthorised Expenditure,84133628.0
WC045,Oudtshoorn,2021,fruitless,Fruitless and Wasteful Expenditure,0.0
WC045,Oudtshoorn,2021,irregular,Irregular Expenditure,24614634.0
WC045,Oudtshoorn,2021,unauthorised,Unauthorised Expenditure,0.0
WC047,Bitou,2021,fruitless,Fruitless and Wasteful Expenditure,102577.0
WC047,Bitou,2021,irregular,Irregular Expenditure,44080048.0
WC047,Bitou,2021,unauthorised,Unauthorised Expenditure,35293700.0
WC048,Knysna,2021,fruitless,Fruitless and Wasteful Expenditure,32340.0
WC048,Knysna,2021,irregular,Irregular Expenditure,67700043.0
WC048,Knysna,2021,unauthorised,Unauthorised Expenditure,9922302.0
WC051,Laingsburg,2021,fruitless,Fruitless and Wasteful Expenditure,728865.0
WC051,Laingsburg,2021,irregular,Irregular Expenditure,13860538.0
WC051,Laingsburg,2021,unauthorised,Unauthorised Expenditure,10299062.0
WC052,Prince Albert,2021,fruitless,Fruitless and Wasteful Expenditure,93716.0
WC052,Prince Albert,2021,irregular,Irregular Expenditure,842695.0
WC052,Prince Albert,2021,unauthorised,Unauthorised Expenditure,1079611.0
WC053,Beaufort West,2021,fruitless,Fruitless and Wasteful Expenditure,2981.0
WC053,Beaufort West,2021,irregular,Irregular Expenditure,23272530.0
WC053,Beaufort West,2021,unauthorised,Unauthorised Expenditure,103898922.0
BUF,Buffalo City,2022,fruitless,Fruitless and Wasteful Expenditure,0.0
BUF,Buffalo City,2022,irregular,Irregular Expenditure,6523478722.0
BUF,Buffalo City,2022,unauthorised,Unauthorised Expenditure,163702130.0
CPT,Cape Town,2022,fruitless,Fruitless and Wasteful Expenditure,4340000.0
CPT,Cape Town,2022,irregular,Irregular Expenditure,33274000.0
CPT,Cape Town,2022,unauthorised,Unauthorised Expenditure,0.0
DC1,West Coast,2022,fruitless,Fruitless and Wasteful Expenditure,27781.0
DC1,West Coast,2022,irregular,Irregular Expenditure,13088013.0
DC1,West Coast,2022,unauthorised,Unauthorised Expenditure,0.0
DC10,Sarah Baartman,2022,fruitless,Fruitless and Wasteful Expenditure,1564.0
DC10,Sarah Baartman,2022,irregular,Irregular Expenditure,997659.0
DC10,Sarah Baartman,2022,unauthorised,Unauthorised Expenditure,0.0
DC12,Amathole,2022,fruitless,Fruitless and Wasteful Expenditure,61394142.0
DC12,Amathole,2022,irregular,Irregular Expenditure,46748826.0
DC12,Amathole,2022,unauthorised,Unauthorised Expenditure,0.0
DC13,Chris Hani,2022,fruitless,Fruitless and Wasteful Expenditure,2842204.0
DC13,Chris Hani,2022,irregular,Irregular Expenditure,59379140.0
DC13,Chris Hani,2022,unauthorised,Unauthorised Expenditure,284172946.0
DC14,Joe Gqabi,2022,fruitless,Fruitless and Wasteful Expenditure,0.0
DC14,Joe Gqabi,2022,irregular,Irregular Expenditure,15910470.0
DC14,Joe Gqabi,2022,unauthorised,Unauthorised Expenditure,0.0
DC15,O R Tambo,2022,fruitless,Fruitless and Wasteful Expenditure,20666517.0
DC15,O R Tambo,2022,irregular,Irregular Expenditure,124018617.0
DC15,O R Tambo,2022,unauthorised,Unauthorised Expenditure,31851662.0
DC16,Xhariep,2022,fruitless,Fruitless and Wasteful Expenditure,183988.0
DC16,Xhariep,2022,irregular,Irregular Expenditure,3636967.0
DC16,Xhariep,2022,unauthorised,Unauthorised Expenditure,6110077.0
DC18,Lejweleputswa,2022,fruitless,Fruitless and Wasteful Expenditure,0.0
DC18,Lejweleputswa,2022,irregular,Irregular Expenditure,5966166.0
DC18,Lejweleputswa,2022,unauthorised,Unauthorised Expenditure,0.0
DC19,Thabo Mofutsanyana,2022,fruitless,Fruitless and Wasteful Expenditure,0.0
DC19,Thabo Mofutsanyana,2022,irregular,Irregular Expenditure,9791475.0
DC19,Thabo Mofutsanyana,2022,unauthorised,Unauthorised Expenditure,0.0
DC2,Cape Winelands DM,2022,fruitless,Fruitless and Wasteful Expenditure,0.0
DC2,Cape Winelands DM,2022,irregular,Irregular Expenditure,0.0
DC2,Cape Winelands DM,2022,unauthorised,Unauthorised Expenditure,0.0
DC20,Fezile Dabi,2022,fruitless,Fruitless and Wasteful Expenditure,4090798.0
DC20,Fezile Dabi,2022,irregular,Irregular Expenditure,14298487.0
DC20,Fezile Dabi,2022,unauthorised,Unauthorised Expenditure,9899855.0
DC21,Ugu,2022,fruitless,Fruitless and Wasteful Expenditure,19435694.0
DC21,Ugu,2022,irregular,Irregular Expenditure,324546344.0
DC21,Ugu,2022,unauthorised,Unauthorised Expenditure,223787517.0
DC22,uMgungundlovu,2022,fruitless,Fruitless and Wasteful Expenditure,34197.0
DC22,uMgungundlovu,2022,irregular,Irregular Expenditure,680904.0
DC22,uMgungundlovu,2022,unauthorised,Unauthorised Expenditure,65629790.0
DC23,Uthukela,2022,fruitless,Fruitless and Wasteful Expenditure,3854551.0
DC23,Uthukela,2022,irregular,Irregular Expenditure,307370937.0
DC23,Uthukela,2022,unauthorised,Unauthorised Expenditure,16733953.0
DC24,Umzinyathi,2022,fruitless,Fruitless and Wasteful Expenditure,26616661.0
DC24,Umzinyathi,2022,irregular,Irregular Expenditure,136708770.0
DC24,Umzinyathi,2022,unauthorised,Unauthorised Expenditure,405735080.0
DC25,Amajuba,2022,fruitless,Fruitless and Wasteful Expenditure,212286.0
DC25,Amajuba,2022,irregular,Irregular Expenditure,62441177.0
DC25,Amajuba,2022,unauthorised,Unauthorised Expenditure,104938483.0
DC26,Zululand,2022,fruitless,Fruitless and Wasteful Expenditure,303721.0
DC26,Zululand,2022,irregular,Irregular Expenditure,58990103.0
DC26,Zululand,2022,unauthorised,Unauthorised Expenditure,127448321.0
DC27,Umkhanyakude,2022,fruitless,Fruitless and Wasteful Expenditure,1546327.0
DC27,Umkhanyakude,2022,irregular,Irregular Expenditure,1523973457.0
DC27,Umkhanyakude,2022,unauthorised,Unauthorised Expenditure,48676681.0
DC28,King Cetshwayo,2022,fruitless,Fruitless and Wasteful Expenditure,0.0
DC28,King Cetshwayo,2022,irregular,Irregular Expenditure,22652636.0
DC28,King Cetshwayo,2022,unauthorised,Unauthorised Expenditure,0.0
DC29,iLembe,2022,fruitless,Fruitless and Wasteful Expenditure,7377483.0
DC29,iLembe,2022,irregular,Irregular Expenditure,48119806.0
DC29,iLembe,2022,unauthorised,Unauthorised Expenditure,0.0
DC3,Overberg,2022,fruitless,Fruitless and Wasteful Expenditure,0.0
DC3,Overberg,2022,irregular,Irregular Expenditure,2531180.0
DC3,Overberg,2022,unauthorised,Unauthorised Expenditure,1416437.0
DC30,Gert Sibande,2022,fruitless,Fruitless and Wasteful Expenditure,0.0
DC30,Gert Sibande,2022,irregular,Irregular Expenditure,0.0
DC30,Gert Sibande,2022,unauthorised,Unauthorised Expenditure,0.0
DC31,Nkangala,2022,fruitless,Fruitless and Wasteful Expenditure,8344.0
DC31,Nkangala,2022,irregular,Irregular Expenditure,0.0
DC31,Nkangala,2022,unauthorised,Unauthorised Expenditure,0.0
DC32,Ehlanzeni,2022,fruitless,Fruitless and Wasteful Expenditure,13474.0
DC32,Ehlanzeni,2022,irregular,Irregular Expenditure,690694.0
DC32,Ehlanzeni,2022,unauthorised,Unauthorised Expenditure,0.0
DC33,Mopani,2022,fruitless,Fruitless and Wasteful Expenditure,52884575.0
DC33,Mopani,2022,irregular,Irregular Expenditure,301692002.0
DC33,Mopani,2022,unauthorised,Unauthorised Expenditure,509844777.0
DC34,Vhembe,2022,fruitless,Fruitless and Wasteful Expenditure,93425.0
DC34,Vhembe,2022,irregular,Irregular Expenditure,105183314.0
DC34,Vhembe,2022,unauthorised,Unauthorised Expenditure,539220738.0
DC35,Capricorn,2022,fruitless,Fruitless and Wasteful Expenditure,738824.0
DC35,Capricorn,2022,irregular,Irregular Expenditure,71888.0
DC35,Capricorn,2022,unauthorised,Unauthorised Expenditure,0.0
DC36,Waterberg,2022,fruitless,Fruitless and Wasteful Expenditure,0.0
DC36,Waterberg,2022,irregular,Irregular Expenditure,0.0
DC36,Waterberg,2022,unauthorised,Unauthorised Expenditure,0.0
DC37,Bojanala Platinum,2022,fruitless,Fruitless and Wasteful Expenditure,90625.0
DC37,Bojanala Platinum,2022,irregular,Irregular Expenditure,24401777.0
DC37,Bojanala Platinum,2022,unauthorised,Unauthorised Expenditure,577341.0
DC38,Ngaka Modiri Molema,2022,fruitless,Fruitless and Wasteful Expenditure,7802930.0
DC38,Ngaka Modiri Molema,2022,irregular,Irregular Expenditure,411877422.0
DC38,Ngaka Modiri Molema,2022,unauthorised,Unauthorised Expenditure,176598977.0
DC39,Dr Ruth Segomotsi Mompati,2022,fruitless,Fruitless and Wasteful Expenditure,13091180.0
DC39,Dr Ruth Segomotsi Mompati,2022,irregular,Irregular Expenditure,136495015.0
DC39,Dr Ruth Segomotsi Mompati,2022,unauthorised,Unauthorised Expenditure,17977488.0
DC4,Garden Route,2022,fruitless,Fruitless and Wasteful Expenditure,399800.0
DC4,Garden Route,2022,irregular,Irregular Expenditure,19751778.0
DC4,Garden Route,2022,unauthorised,Unauthorised Expenditure,0.0
DC40,Dr Kenneth Kaunda,2022,fruitless,Fruitless and Wasteful Expenditure,79012.0
DC40,Dr Kenneth Kaunda,2022,irregular,Irregular Expenditure,33845698.0
DC40,Dr Kenneth Kaunda,2022,unauthorised,Unauthorised Expenditure,0.0
DC42,Sedibeng,2022,fruitless,Fruitless and Wasteful Expenditure,527910.0
DC42,Sedibeng,2022,irregular,Irregular Expenditure,42308948.0
DC42,Sedibeng,2022,unauthorised,Unauthorised Expenditure,2666659.0
DC43,Harry Gwala,2022,fruitless,Fruitless and Wasteful Expenditure,18934.0
DC43,Harry Gwala,2022,irregular,Irregular Expenditure,550480033.0
DC43,Harry Gwala,2022,unauthorised,Unauthorised Expenditure,0.0
DC44,Alfred Nzo,2022,fruitless,Fruitless and Wasteful Expenditure,406049.0
DC44,Alfred Nzo,2022,irregular,Irregular Expenditure,103561516.0
DC44,Alfred Nzo,2022,unauthorised,Unauthorised Expenditure,0.0
DC45,John Taolo Gaetsewe,2022,fruitless,Fruitless and Wasteful Expenditure,5612.0
DC45,John Taolo Gaetsewe,2022,irregular,Irregular Expenditure,462387.0
DC45,John Taolo Gaetsewe,2022,unauthorised,Unauthorised Expenditure,12523188.0
DC47,Sekhukhune,2022,fruitless,Fruitless and Wasteful Expenditure,10166818.0
DC47,Sekhukhune,2022,irregular,Irregular Expenditure,76787198.0
DC47,Sekhukhune,2022,unauthorised,Unauthorised Expenditure,505611.0
DC48,West Rand,2022,fruitless,Fruitless and Wasteful Expenditure,366117.0
DC48,West Rand,2022,irregular,Irregular Expenditure,16963736.0
DC48,West Rand,2022,unauthorised,Unauthorised Expenditure,14123641.0
DC5,Central Karoo,2022,fruitless,Fruitless and Wasteful Expenditure,12089.0
DC5,Central Karoo,2022,irregular,Irregular Expenditure,6669799.0
DC5,Central Karoo,2022,unauthorised,Unauthorised Expenditure,3865301.0
DC6,Namakwa,2022,fruitless,Fruitless and Wasteful Expenditure,0.0
DC6,Namakwa,2022,irregular,Irregular Expenditure,650.0
DC6,Namakwa,2022,unauthorised,Unauthorised Expenditure,2043249.0
DC7,Pixley Ka Seme (NC),2022,fruitless,Fruitless and Wasteful Expenditure,71202.0
DC7,Pixley Ka Seme (NC),2022,irregular,Irregular Expenditure,3948099.0
DC7,Pixley Ka Seme (NC),2022,unauthorised,Unauthorised Expenditure,0.0
DC8,Z F Mgcawu,2022,fruitless,Fruitless and Wasteful Expenditure,9439.0
DC8,Z F Mgcawu,2022,irregular,Irregular Expenditure,2203641.0
DC8,Z F Mgcawu,2022,unauthorised,Unauthorised Expenditure,1643237.0
DC9,Frances Baard,2022,fruitless,Fruitless and Wasteful Expenditure,0.0
DC9,Frances Baard,2022,irregular,Irregular Expenditure,0.0
DC9,Frances Baard,2022,unauthorised,Unauthorised Expenditure,0.0
EC101,Dr Beyers Naude,2022,fruitless,Fruitless and Wasteful Expenditure,21165224.0
EC101,Dr Beyers Naude,2022,irregular,Irregular Expenditure,189973642.0
EC101,Dr Beyers Naude,2022,unauthorised,Unauthorised Expenditure,60984868.0
EC102,Blue Crane Route,2022,fruitless,Fruitless and Wasteful Expenditure,50866.0
EC102,Blue Crane Route,2022,irregular,Irregular Expenditure,10034161.0
EC102,Blue Crane Route,2022,unauthorised,Unauthorised Expenditure,0.0
EC104,Makana,2022,fruitless,Fruitless and Wasteful Expenditure,2316269.0
EC104,Makana,2022,irregular,Irregular Expenditure,46228940.0
EC104,Makana,2022,unauthorised,Unauthorised Expenditure,101669000.0
EC105,Ndlambe,2022,fruitless,Fruitless and Wasteful Expenditure,4800.0
EC105,Ndlambe,2022,irregular,Irregular Expenditure,78990362.0
EC105,Ndlambe,2022,unauthorised,Unauthorised Expenditure,75498188.0
EC106,Sundays River Valley,2022,fruitless,Fruitless and Wasteful Expenditure,3302622.0
EC106,Sundays River Valley,2022,irregular,Irregular Expenditure,43426422.0
EC106,Sundays River Valley,2022,unauthorised,Unauthorised Expenditure,24009668.0
EC108,Kouga,2022,fruitless,Fruitless and Wasteful Expenditure,41005.0
EC108,Kouga,2022,irregular,Irregular Expenditure,382748.0
EC108,Kouga,2022,unauthorised,Unauthorised Expenditure,0.0
EC109,Kou-Kamma,2022,fruitless,Fruitless and Wasteful Expenditure,393396.0
EC109,Kou-Kamma,2022,irregular,Irregular Expenditure,57400090.0
EC109,Kou-Kamma,2022,unauthorised,Unauthorised Expenditure,27536187.0
EC121,Mbhashe,2022,fruitless,Fruitless and Wasteful Expenditure,10575214.0
EC121,Mbhashe,2022,irregular,Irregular Expenditure,6042688.0
EC121,Mbhashe,2022,unauthorised,Unauthorised Expenditure,0.0
EC122,Mnquma,2022,fruitless,Fruitless and Wasteful Expenditure,0.0
EC122,Mnquma,2022,irregular,Irregular Expenditure,0.0
EC122,Mnquma,2022,unauthorised,Unauthorised Expenditure,0.0
EC123,Great Kei,2022,fruitless,Fruitless and Wasteful Expenditure,529545.0
EC123,Great Kei,2022,irregular,Irregular Expenditure,687998.0
EC123,Great Kei,2022,unauthorised,Unauthorised Expenditure,0.0
EC124,Amahlathi,2022,fruitless,Fruitless and Wasteful Expenditure,2105886.0
EC124,Amahlathi,2022,irregular,Irregular Expenditure,17044012.0
EC124,Amahlathi,2022,unauthorised,Unauthorised Expenditure,15300782.0
EC126,Ngqushwa,2022,fruitless,Fruitless and Wasteful Expenditure,12110616.0
EC126,Ngqushwa,2022,irregular,Irregular Expenditure,327212.0
EC126,Ngqushwa,2022,unauthorised,Unauthorised Expenditure,0.0
EC129,Raymond Mhlaba,2022,fruitless,Fruitless and Wasteful Expenditure,16862114.0
EC129,Raymond Mhlaba,2022,irregular,Irregular Expenditure,133571883.0
EC129,Raymond Mhlaba,2022,unauthorised,Unauthorised Expenditure,3194991.0
EC131,Inxuba Yethemba,2022,fruitless,Fruitless and Wasteful Expenditure,18953929.0
EC131,Inxuba Yethemba,2022,irregular,Irregular Expenditure,65832460.0
EC131,Inxuba Yethemba,2022,unauthorised,Unauthorised Expenditure,141766871.0
EC135,Vuyisile Mini,2022,fruitless,Fruitless and Wasteful Expenditure,2547526.0
EC135,Vuyisile Mini,2022,irregular,Irregular Expenditure,1395933.0
EC135,Vuyisile Mini,2022,unauthorised,Unauthorised Expenditure,29393255.0
EC136,Emalahleni (EC),2022,fruitless,Fruitless and Wasteful Expenditure,1061646.0
EC136,Emalahleni (EC),2022,irregular,Irregular Expenditure,27891580.0
EC136,Emalahleni (EC),2022,unauthorised,Unauthorised Expenditure,37346196.0
EC137,Dr. A.B. Xuma,2022,fruitless,Fruitless and Wasteful Expenditure,0.0
EC137,Dr. A.B. Xuma,2022,irregular,Irregular Expenditure,105058078.0
EC137,Dr. A.B. Xuma,2022,unauthorised,Unauthorised Expenditure,0.0
EC138,Sakhisizwe,2022,fruitless,Fruitless and Wasteful Expenditure,253269.0
EC138,Sakhisizwe,2022,irregular,Irregular Expenditure,10141878.0
EC138,Sakhisizwe,2022,unauthorised,Unauthorised Expenditure,9127217.0
EC139,Enoch Mgijima,2022,fruitless,Fruitless and Wasteful Expenditure,47275269.0
EC139,Enoch Mgijima,2022,irregular,Irregular Expenditure,117639599.0
EC139,Enoch Mgijima,2022,unauthorised,Unauthorised Expenditure,406638307.0
EC141,Elundini,2022,fruitless,Fruitless and Wasteful Expenditure,0.0
EC141,Elundini,2022,irregular,Irregular Expenditure,1126075.0
EC141,Elundini,2022,unauthorised,Unauthorised Expenditure,86325.0
EC142,Senqu,2022,fruitless,Fruitless and Wasteful Expenditure,0.0
EC142,Senqu,2022,irregular,Irregular Expenditure,119989.0
EC142,Senqu,2022,unauthorised,Unauthorised Expenditure,0.0
EC145,Walter Sisulu,2022,fruitless,Fruitless and Wasteful Expenditure,33904601.0
EC145,Walter Sisulu,2022,irregular,Irregular Expenditure,18268310.0
EC145,Walter Sisulu,2022,unauthorised,Unauthorised Expenditure,25838281.0
EC153,Ngquza Hills,2022,fruitless,Fruitless and Wasteful Expenditure,17290.0
EC153,Ngquza Hills,2022,irregular,Irregular Expenditure,8347656.0
EC153,Ngquza Hills,2022,unauthorised,Unauthorised Expenditure,0.0
EC154,Port St Johns,2022,fruitless,Fruitless and Wasteful Expenditure,794685.0
EC154,Port St Johns,2022,irregular,Irregular Expenditure,15732636.0
EC154,Port St Johns,2022,unauthorised,Unauthorised Expenditure,49529466.0
EC155,Nyandeni,2022,fruitless,Fruitless and Wasteful Expenditure,3797.0
EC155,Nyandeni,2022,irregular,Irregular Expenditure,111789064.0
EC155,Nyandeni,2022,unauthorised,Unauthorised Expenditure,0.0
EC156,Kumkani Mhlontlo,2022,fruitless,Fruitless and Wasteful Expenditure,6760.0
EC156,Kumkani Mhlontlo,2022,irregular,Irregular Expenditure,4815297.0
EC156,Kumkani Mhlontlo,2022,unauthorised,Unauthorised Expenditure,11405482.0
EC157,King Sabata Dalindyebo,2022,fruitless,Fruitless and Wasteful Expenditure,11924271.0
EC157,King Sabata Dalindyebo,2022,irregular,Irregular Expenditure,1309871311.0
EC157,King Sabata Dalindyebo,2022,unauthorised,Unauthorised Expenditure,129569158.0
EC441,Matatiele,2022,fruitless,Fruitless and Wasteful Expenditure,47689.0
EC441,Matatiele,2022,irregular,Irregular Expenditure,10278551.0
EC441,Matatiele,2022,unauthorised,Unauthorised Expenditure,93380933.0
EC442,Umzimvubu,2022,fruitless,Fruitless and Wasteful Expenditure,0.0
EC442,Umzimvubu,2022,irregular,Irregular Expenditure,0.0
EC442,Umzimvubu,2022,unauthorised,Unauthorised Expenditure,77440532.0
EC443,Winnie Madikizela-Mandela,2022,fruitless,Fruitless and Wasteful Expenditure,355000.0
EC443,Winnie Madikizela-Mandela,2022,irregular,Irregular Expenditure,15795.0
EC443,Winnie Madikizela-Mandela,2022,unauthorised,Unauthorised Expenditure,0.0
EC444,Ntabankulu,2022,fruitless,Fruitless and Wasteful Expenditure,2359952.0
EC444,Ntabankulu,2022,irregular,Irregular Expenditure,19133687.0
EC444,Ntabankulu,2022,unauthorised,Unauthorised Expenditure,0.0
EKU,City of Ekurhuleni,2022,fruitless,Fruitless and Wasteful Expenditure,5711178.0
EKU,City of Ekurhuleni,2022,irregular,Irregular Expenditure,288461210.0
EKU,City of Ekurhuleni,2022,unauthorised,Unauthorised Expenditure,0.0
ETH,eThekwini,2022,fruitless,Fruitless and Wasteful Expenditure,2058000.0
ETH,eThekwini,2022,irregular,Irregular Expenditure,1497679000.0
ETH,eThekwini,2022,unauthorised,Unauthorised Expenditure,0.0
FS161,Letsemeng,2022,fruitless,Fruitless and Wasteful Expenditure,9837817.0
FS161,Letsemeng,2022,irregular,Irregular Expenditure,0.0
FS161,Letsemeng,2022,unauthorised,Unauthorised Expenditure,206285385.0
FS162,Kopanong,2022,fruitless,Fruitless and Wasteful Expenditure,70717172.0
FS162,Kopanong,2022,irregular,Irregular Expenditure,397334.0
FS162,Kopanong,2022,unauthorised,Unauthorised Expenditure,283577204.0
FS163,Mohokare,2022,fruitless,Fruitless and Wasteful Expenditure,15567475.0
FS163,Mohokare,2022,irregular,Irregular Expenditure,19357823.0
FS163,Mohokare,2022,unauthorised,Unauthorised Expenditure,150887899.0
FS181,Masilonyana,2022,fruitless,Fruitless and Wasteful Expenditure,60000.0
FS181,Masilonyana,2022,irregular,Irregular Expenditure,0.0
FS181,Masilonyana,2022,unauthorised,Unauthorised Expenditure,0.0
FS182,Tokologo,2022,fruitless,Fruitless and Wasteful Expenditure,13318075.0
FS182,Tokologo,2022,irregular,Irregular Expenditure,103270220.0
FS182,Tokologo,2022,unauthorised,Unauthorised Expenditure,15966875.0
FS183,Tswelopele,2022,fruitless,Fruitless and Wasteful Expenditure,3734381.0
FS183,Tswelopele,2022,irregular,Irregular Expenditure,35882570.0
FS183,Tswelopele,2022,unauthorised,Unauthorised Expenditure,18763709.0
FS184,Matjhabeng,2022,fruitless,Fruitless and Wasteful Expenditure,180736297.0
FS184,Matjhabeng,2022,irregular,Irregular Expenditure,307922701.0
FS184,Matjhabeng,2022,unauthorised,Unauthorised Expenditure,1474880000.0
FS185,Nala,2022,fruitless,Fruitless and Wasteful Expenditure,24566436.0
FS185,Nala,2022,irregular,Irregular Expenditure,6566038.0
FS185,Nala,2022,unauthorised,Unauthorised Expenditure,116688168.0
FS191,Setsoto,2022,fruitless,Fruitless and Wasteful Expenditure,2287299.0
FS191,Setsoto,2022,irregular,Irregular Expenditure,53609988.0
FS191,Setsoto,2022,unauthorised,Unauthorised Expenditure,176617291.0
FS192,Dihlabeng,2022,fruitless,Fruitless and Wasteful Expenditure,41114932.0
FS192,Dihlabeng,2022,irregular,Irregular Expenditure,256829556.0
FS192,Dihlabeng,2022,unauthorised,Unauthorised Expenditure,276107670.0
FS193,Nketoana,2022,fruitless,Fruitless and Wasteful Expenditure,22310301.0
FS193,Nketoana,2022,irregular,Irregular Expenditure,100758602.0
FS193,Nketoana,2022,unauthorised,Unauthorised Expenditure,229491145.0
FS194,Maluti-a-Phofung,2022,fruitless,Fruitless and Wasteful Expenditure,77504806.0
FS194,Maluti-a-Phofung,2022,irregular,Irregular Expenditure,111519372.0
FS194,Maluti-a-Phofung,2022,unauthorised,Unauthorised Expenditure,369678602.0
FS195,Phumelela,2022,fruitless,Fruitless and Wasteful Expenditure,11299168.0
FS195,Phumelela,2022,irregular,Irregular Expenditure,14284537.0
FS195,Phumelela,2022,unauthorised,Unauthorised Expenditure,92504657.0
FS196,Mantsopa,2022,fruitless,Fruitless and Wasteful Expenditure,9490035.0
FS196,Mantsopa,2022,irregular,Irregular Expenditure,5330002.0
FS196,Mantsopa,2022,unauthorised,Unauthorised Expenditure,125285065.0
FS201,Moqhaka,2022,fruitless,Fruitless and Wasteful Expenditure,29794512.0
FS201,Moqhaka,2022,irregular,Irregular Expenditure,120483256.0
FS201,Moqhaka,2022,unauthorised,Unauthorised Expenditure,104156372.0
FS203,Ngwathe,2022,fruitless,Fruitless and Wasteful Expenditure,64033607.0
FS203,Ngwathe,2022,irregular,Irregular Expenditure,34441815.0
FS203,Ngwathe,2022,unauthorised,Unauthorised Expenditure,251442252.0
FS204,Metsimaholo,2022,fruitless,Fruitless and Wasteful Expenditure,1050514.0
FS204,Metsimaholo,2022,irregular,Irregular Expenditure,168511439.0
FS204,Metsimaholo,2022,unauthorised,Unauthorised Expenditure,25418564.0
FS205,Mafube,2022,fruitless,Fruitless and Wasteful Expenditure,53960410.0
FS205,Mafube,2022,irregular,Irregular Expenditure,73163769.0
FS205,Mafube,2022,unauthorised,Unauthorised Expenditure,248853145.0
GT421,Emfuleni,2022,fruitless,Fruitless and Wasteful Expenditure,827881210.0
GT421,Emfuleni,2022,irregular,Irregular Expenditure,232305800.0
GT421,Emfuleni,2022,unauthorised,Unauthorised Expenditure,2708864475.0
GT422,Midvaal,2022,fruitless,Fruitless and Wasteful Expenditure,0.0
GT422,Midvaal,2022,irregular,Irregular Expenditure,652600.0
GT422,Midvaal,2022,unauthorised,Unauthorised Expenditure,0.0
GT423,Lesedi,2022,fruitless,Fruitless and Wasteful Expenditure,1024614.0
GT423,Lesedi,2022,irregular,Irregular Expenditure,7487413.0
GT423,Lesedi,2022,unauthorised,Unauthorised Expenditure,39491001.0
GT481,Mogale City,2022,fruitless,Fruitless and Wasteful Expenditure,28845611.0
GT481,Mogale City,2022,irregular,Irregular Expenditure,181081974.0
GT481,Mogale City,2022,unauthorised,Unauthorised Expenditure,66216896.0
GT484,Merafong City,2022,fruitless,Fruitless and Wasteful Expenditure,74166664.0
GT484,Merafong City,2022,irregular,Irregular Expenditure,49127148.0
GT484,Merafong City,2022,unauthorised,Unauthorised Expenditure,0.0
GT485,Rand West City,2022,fruitless,Fruitless and Wasteful Expenditure,84901168.0
GT485,Rand West City,2022,irregular,Irregular Expenditure,106916761.0
GT485,Rand West City,2022,unauthorised,Unauthorised Expenditure,602628397.0
JHB,City of Johannesburg,2022,fruitless,Fruitless and Wasteful Expenditure,344467000.0
JHB,City of Johannesburg,2022,irregular,Irregular Expenditure,1384993000.0
JHB,City of Johannesburg,2022,unauthorised,Unauthorised Expenditure,391203000.0
KZN212,Umdoni,2022,fruitless,Fruitless and Wasteful Expenditure,103262.0
KZN212,Umdoni,2022,irregular,Irregular Expenditure,69288968.0
KZN212,Umdoni,2022,unauthorised,Unauthorised Expenditure,58559419.0
KZN213,Umzumbe,2022,fruitless,Fruitless and Wasteful Expenditure,758.0
KZN213,Umzumbe,2022,irregular,Irregular Expenditure,41660236.0
KZN213,Umzumbe,2022,unauthorised,Unauthorised Expenditure,0.0
KZN214,uMuziwabantu,2022,fruitless,Fruitless and Wasteful Expenditure,104425.0
KZN214,uMuziwabantu,2022,irregular,Irregular Expenditure,13250831.0
KZN214,uMuziwabantu,2022,unauthorised,Unauthorised Expenditure,0.0
KZN216,Ray Nkonyeni,2022,fruitless,Fruitless and Wasteful Expenditure,19784.0
KZN216,Ray Nkonyeni,2022,irregular,Irregular Expenditure,4392985.0
KZN216,Ray Nkonyeni,2022,unauthorised,Unauthorised Expenditure,0.0
KZN221,uMshwathi,2022,fruitless,Fruitless and Wasteful Expenditure,0.0
KZN221,uMshwathi,2022,irregular,Irregular Expenditure,0.0
KZN221,uMshwathi,2022,unauthorised,Unauthorised Expenditure,9161477.0
KZN222,uMngeni,2022,fruitless,Fruitless and Wasteful Expenditure,36173.0
KZN222,uMngeni,2022,irregular,Irregular Expenditure,16455928.0
KZN222,uMngeni,2022,unauthorised,Unauthorised Expenditure,28445987.0
KZN223,Mpofana,2022,fruitless,Fruitless and Wasteful Expenditure,14511953.0
KZN223,Mpofana,2022,irregular,Irregular Expenditure,38156994.0
KZN223,Mpofana,2022,unauthorised,Unauthorised Expenditure,62374663.0
KZN224,Impendle,2022,fruitless,Fruitless and Wasteful Expenditure,2054.0
KZN224,Impendle,2022,irregular,Irregular Expenditure,11952525.0
KZN224,Impendle,2022,unauthorised,Unauthorised Expenditure,13604330.0
KZN225,Msunduzi,2022,fruitless,Fruitless and Wasteful Expenditure,681580.0
KZN225,Msunduzi,2022,irregular,Irregular Expenditure,180140503.0
KZN225,Msunduzi,2022,unauthorised,Unauthorised Expenditure,510129135.0
KZN226,Mkhambathini,2022,fruitless,Fruitless and Wasteful Expenditure,27564.0
KZN226,Mkhambathini,2022,irregular,Irregular Expenditure,6157343.0
KZN226,Mkhambathini,2022,unauthorised,Unauthorised Expenditure,9692327.0
KZN227,Richmond,2022,fruitless,Fruitless and Wasteful Expenditure,15221.0
KZN227,Richmond,2022,irregular,Irregular Expenditure,1283501.0
KZN227,Richmond,2022,unauthorised,Unauthorised Expenditure,2397647.0
KZN235,Okhahlamba,2022,fruitless,Fruitless and Wasteful Expenditure,25564.0
KZN235,Okhahlamba,2022,irregular,Irregular Expenditure,845482.0
KZN235,Okhahlamba,2022,unauthorised,Unauthorised Expenditure,1878566.0
KZN237,Inkosi Langalibalele,2022,fruitless,Fruitless and Wasteful Expenditure,388364.0
KZN237,Inkosi Langalibalele,2022,irregular,Irregular Expenditure,32879020.0
KZN237,Inkosi Langalibalele,2022,unauthorised,Unauthorised Expenditure,129486917.0
KZN238,Alfred Duma,2022,fruitless,Fruitless and Wasteful Expenditure,553.0
KZN238,Alfred Duma,2022,irregular,Irregular Expenditure,0.0
KZN238,Alfred Duma,2022,unauthorised,Unauthorised Expenditure,20099475.0
KZN241,Endumeni,2022,fruitless,Fruitless and Wasteful Expenditure,2705920.0
KZN241,Endumeni,2022,irregular,Irregular Expenditure,2574872.0
KZN241,Endumeni,2022,unauthorised,Unauthorised Expenditure,11325108.0
KZN242,Nquthu,2022,fruitless,Fruitless and Wasteful Expenditure,38165.0
KZN242,Nquthu,2022,irregular,Irregular Expenditure,121079401.0
KZN242,Nquthu,2022,unauthorised,Unauthorised Expenditure,24953355.0
KZN244,Msinga,2022,fruitless,Fruitless and Wasteful Expenditure,141232.0
KZN244,Msinga,2022,irregular,Irregular Expenditure,7225102.0
KZN244,Msinga,2022,unauthorised,Unauthorised Expenditure,31987417.0
KZN245,Umvoti,2022,fruitless,Fruitless and Wasteful Expenditure,313430.0
KZN245,Umvoti,2022,irregular,Irregular Expenditure,9097953.0
KZN245,Umvoti,2022,unauthorised,Unauthorised Expenditure,9860450.0
KZN252,Newcastle,2022,fruitless,Fruitless and Wasteful Expenditure,463996.0
KZN252,Newcastle,2022,irregular,Irregular Expenditure,111395620.0
KZN252,Newcastle,2022,unauthorised,Unauthorised Expenditure,0.0
KZN253,Emadlangeni,2022,fruitless,Fruitless and Wasteful Expenditure,950102.0
KZN253,Emadlangeni,2022,irregular,Irregular Expenditure,13769718.0
KZN253,Emadlangeni,2022,unauthorised,Unauthorised Expenditure,12795070.0
KZN254,Dannhauser,2022,fruitless,Fruitless and Wasteful Expenditure,400000.0
KZN254,Dannhauser,2022,irregular,Irregular Expenditure,76462420.0
KZN254,Dannhauser,2022,unauthorised,Unauthorised Expenditure,37743376.0
KZN261,eDumbe,2022,fruitless,Fruitless and Wasteful Expenditure,61097.0
KZN261,eDumbe,2022,irregular,Irregular Expenditure,23519277.0
KZN261,eDumbe,2022,unauthorised,Unauthorised Expenditure,68929301.0
KZN262,uPhongolo,2022,fruitless,Fruitless and Wasteful Expenditure,33092.0
KZN262,uPhongolo,2022,irregular,Irregular Expenditure,24613270.0
KZN262,uPhongolo,2022,unauthorised,Unauthorised Expenditure,48676304.0
KZN263,Abaqulusi,2022,fruitless,Fruitless and Wasteful Expenditure,23631477.0
KZN263,Abaqulusi,2022,irregular,Irregular Expenditure,58244350.0
KZN263,Abaqulusi,2022,unauthorised,Unauthorised Expenditure,152117514.0
KZN265,Nongoma,2022,fruitless,Fruitless and Wasteful Expenditure,1857120.0
KZN265,Nongoma,2022,irregular,Irregular Expenditure,3755682.0
KZN265,Nongoma,2022,unauthorised,Unauthorised Expenditure,51553705.0
KZN266,Ulundi,2022,fruitless,Fruitless and Wasteful Expenditure,18545.0
KZN266,Ulundi,2022,irregular,Irregular Expenditure,33109264.0
KZN266,Ulundi,2022,unauthorised,Unauthorised Expenditure,0.0
KZN271,Umhlabuyalingana,2022,fruitless,Fruitless and Wasteful Expenditure,12695785.0
KZN271,Umhlabuyalingana,2022,irregular,Irregular Expenditure,16681020.0
KZN271,Umhlabuyalingana,2022,unauthorised,Unauthorised Expenditure,0.0
KZN272,Jozini,2022,fruitless,Fruitless and Wasteful Expenditure,0.0
KZN272,Jozini,2022,irregular,Irregular Expenditure,99064172.0
KZN272,Jozini,2022,unauthorised,Unauthorised Expenditure,521845.0
KZN275,Mtubatuba,2022,fruitless,Fruitless and Wasteful Expenditure,981988.0
KZN275,Mtubatuba,2022,irregular,Irregular Expenditure,23893781.0
KZN275,Mtubatuba,2022,unauthorised,Unauthorised Expenditure,46057681.0
KZN276,Hlabisa Big Five,2022,fruitless,Fruitless and Wasteful Expenditure,338078.0
KZN276,Hlabisa Big Five,2022,irregular,Irregular Expenditure,7264287.0
KZN276,Hlabisa Big Five,2022,unauthorised,Unauthorised Expenditure,5075895.0
KZN281,Mfolozi,2022,fruitless,Fruitless and Wasteful Expenditure,578842.0
KZN281,Mfolozi,2022,irregular,Irregular Expenditure,53670457.0
KZN281,Mfolozi,2022,unauthorised,Unauthorised Expenditure,23566843.0
KZN282,uMhlathuze,2022,fruitless,Fruitless and Wasteful Expenditure,0.0
KZN282,uMhlathuze,2022,irregular,Irregular Expenditure,0.0
KZN282,uMhlathuze,2022,unauthorised,Unauthorised Expenditure,0.0
KZN284,uMlalazi,2022,fruitless,Fruitless and Wasteful Expenditure,28835.0
KZN284,uMlalazi,2022,irregular,Irregular Expenditure,18708663.0
KZN284,uMlalazi,2022,unauthorised,Unauthorised Expenditure,25543807.0
KZN285,Mthonjaneni,2022,fruitless,Fruitless and Wasteful Expenditure,235466.0
KZN285,Mthonjaneni,2022,irregular,Irregular Expenditure,48914885.0
KZN285,Mthonjaneni,2022,unauthorised,Unauthorised Expenditure,20455895.0
KZN286,Nkandla,2022,fruitless,Fruitless and Wasteful Expenditure,356983.0
KZN286,Nkandla,2022,irregular,Irregular Expenditure,11587428.0
KZN286,Nkandla,2022,unauthorised,Unauthorised Expenditure,46675106.0
KZN291,Mandeni,2022,fruitless,Fruitless and Wasteful Expenditure,616579.0
KZN291,Mandeni,2022,irregular,Irregular Expenditure,14856812.0
KZN291,Mandeni,2022,unauthorised,Unauthorised Expenditure,0.0
KZN292,KwaDukuza,2022,fruitless,Fruitless and Wasteful Expenditure,0.0
KZN292,KwaDukuza,2022,irregular,Irregular Expenditure,81667136.0
KZN292,KwaDukuza,2022,unauthorised,Unauthorised Expenditure,10249668.0
KZN293,Ndwedwe,2022,fruitless,Fruitless and Wasteful Expenditure,2085.0
KZN293,Ndwedwe,2022,irregular,Irregular Expenditure,8781481.0
KZN293,Ndwedwe,2022,unauthorised,Unauthorised Expenditure,0.0
KZN294,Maphumulo,2022,fruitless,Fruitless and Wasteful Expenditure,3729.0
KZN294,Maphumulo,2022,irregular,Irregular Expenditure,586864.0
KZN294,Maphumulo,2022,unauthorised,Unauthorised Expenditure,0.0
KZN433,Greater Kokstad,2022,fruitless,Fruitless and Wasteful Expenditure,372432.0
KZN433,Greater Kokstad,2022,irregular,Irregular Expenditure,21906889.0
KZN433,Greater Kokstad,2022,unauthorised,Unauthorised Expenditure,0.0
KZN434,Johannes Phumani Phungula,2022,fruitless,Fruitless and Wasteful Expenditure,1142.0
KZN434,Johannes Phumani Phungula,2022,irregular,Irregular Expenditure,53277347.0
KZN434,Johannes Phumani Phungula,2022,unauthorised,Unauthorised Expenditure,0.0
KZN435,Umzimkhulu,2022,fruitless,Fruitless and Wasteful Expenditure,246769.0
KZN435,Umzimkhulu,2022,irregular,Irregular Expenditure,25858285.0
KZN435,Umzimkhulu,2022,unauthorised,Unauthorised Expenditure,0.0
KZN436,Dr Nkosazana Dlamini Zuma,2022,fruitless,Fruitless and Wasteful Expenditure,5131.0
KZN436,Dr Nkosazana Dlamini Zuma,2022,irregular,Irregular Expenditure,136348.0
KZN436,Dr Nkosazana Dlamini Zuma,2022,unauthorised,Unauthorised Expenditure,0.0
LIM331,Greater Giyani,2022,fruitless,Fruitless and Wasteful Expenditure,7211422.0
LIM331,Greater Giyani,2022,irregular,Irregular Expenditure,6281720.0
LIM331,Greater Giyani,2022,unauthorised,Unauthorised Expenditure,49095505.0
LIM332,Greater Letaba,2022,fruitless,Fruitless and Wasteful Expenditure,907828.0
LIM332,Greater Letaba,2022,irregular,Irregular Expenditure,21517831.0
LIM332,Greater Letaba,2022,unauthorised,Unauthorised Expenditure,82000928.0
LIM333,Greater Tzaneen,2022,fruitless,Fruitless and Wasteful Expenditure,15558964.0
LIM333,Greater Tzaneen,2022,irregular,Irregular Expenditure,68709636.0
LIM333,Greater Tzaneen,2022,unauthorised,Unauthorised Expenditure,92973907.0
LIM334,Ba-Phalaborwa,2022,fruitless,Fruitless and Wasteful Expenditure,0.0
LIM334,Ba-Phalaborwa,2022,irregular,Irregular Expenditure,40549188.0
LIM334,Ba-Phalaborwa,2022,unauthorised,Unauthorised Expenditure,61590261.0
LIM335,Maruleng,2022,fruitless,Fruitless and Wasteful Expenditure,795597.0
LIM335,Maruleng,2022,irregular,Irregular Expenditure,80124242.0
LIM335,Maruleng,2022,unauthorised,Unauthorised Expenditure,0.0
LIM341,Musina,2022,fruitless,Fruitless and Wasteful Expenditure,12993.0
LIM341,Musina,2022,irregular,Irregular Expenditure,31296247.0
LIM341,Musina,2022,unauthorised,Unauthorised Expenditure,18927447.0
LIM343,Thulamela,2022,fruitless,Fruitless and Wasteful Expenditure,366893.0
LIM343,Thulamela,2022,irregular,Irregular Expenditure,1508307.0
LIM343,Thulamela,2022,unauthorised,Unauthorised Expenditure,0.0
LIM344,Makhado,2022,fruitless,Fruitless and Wasteful Expenditure,8774.0
LIM344,Makhado,2022,irregular,Irregular Expenditure,0.0
LIM344,Makhado,2022,unauthorised,Unauthorised Expenditure,0.0
LIM345,Collins Chabane,2022,fruitless,Fruitless and Wasteful Expenditure,507510.0
LIM345,Collins Chabane,2022,irregular,Irregular Expenditure,14910807.0
LIM345,Collins Chabane,2022,unauthorised,Unauthorised Expenditure,21098249.0
LIM351,Blouberg,2022,fruitless,Fruitless and Wasteful Expenditure,0.0
LIM351,Blouberg,2022,irregular,Irregular Expenditure,8337640.0
LIM351,Blouberg,2022,unauthorised,Unauthorised Expenditure,7086649.0
LIM353,Molemole,2022,fruitless,Fruitless and Wasteful Expenditure,937.0
LIM353,Molemole,2022,irregular,Irregular Expenditure,2477091.0
LIM353,Molemole,2022,unauthorised,Unauthorised Expenditure,6419694.0
LIM354,Polokwane,2022,fruitless,Fruitless and Wasteful Expenditure,18306465.0
LIM354,Polokwane,2022,irregular,Irregular Expenditure,167257274.0
LIM354,Polokwane,2022,unauthorised,Unauthorised Expenditure,540518381.0
LIM355,Lepelle-Nkumpi,2022,fruitless,Fruitless and Wasteful Expenditure,11800.0
LIM355,Lepelle-Nkumpi,2022,irregular,Irregular Expenditure,34221064.0
LIM355,Lepelle-Nkumpi,2022,unauthorised,Unauthorised Expenditure,22719244.0
LIM361,Thabazimbi,2022,fruitless,Fruitless and Wasteful Expenditure,10415786.0
LIM361,Thabazimbi,2022,irregular,Irregular Expenditure,8273270.0
LIM361,Thabazimbi,2022,unauthorised,Unauthorised Expenditure,91902163.0
LIM362,Lephalale,2022,fruitless,Fruitless and Wasteful Expenditure,1474230.0
LIM362,Lephalale,2022,irregular,Irregular Expenditure,73520544.0
LIM362,Lephalale,2022,unauthorised,Unauthorised Expenditure,5636000.0
LIM366,Bela Bela,2022,fruitless,Fruitless and Wasteful Expenditure,2166691.0
LIM366,Bela Bela,2022,irregular,Irregular Expenditure,75521201.0
LIM366,Bela Bela,2022,unauthorised,Unauthorised Expenditure,52945881.0
LIM367,Mogalakwena,2022,fruitless,Fruitless and Wasteful Expenditure,9351116.0
LIM367,Mogalakwena,2022,irregular,Irregular Expenditure,295735388.0
LIM367,Mogalakwena,2022,unauthorised,Unauthorised Expenditure,319308613.0
LIM368,Modimolle-Mookgopong,2022,fruitless,Fruitless and Wasteful Expenditure,16318145.0
LIM368,Modimolle-Mookgopong,2022,irregular,Irregular Expenditure,45379673.0
LIM368,Modimolle-Mookgopong,2022,unauthorised,Unauthorised Expenditure,129498931.0
LIM471,Ephraim Mogale,2022,fruitless,Fruitless and Wasteful Expenditure,3862764.0
LIM471,Ephraim Mogale,2022,irregular,Irregular Expenditure,51551930.0
LIM471,Ephraim Mogale,2022,unauthorised,Unauthorised Expenditure,0.0
LIM472,Elias Motsoaledi,2022,fruitless,Fruitless and Wasteful Expenditure,826237.0
LIM472,Elias Motsoaledi,2022,irregular,Irregular Expenditure,76739211.0
LIM472,Elias Motsoaledi,2022,unauthorised,Unauthorised Expenditure,2763256.0
LIM473,Makhuduthamaga,2022,fruitless,Fruitless and Wasteful Expenditure,0.0
LIM473,Makhuduthamaga,2022,irregular,Irregular Expenditure,65727853.0
LIM473,Makhuduthamaga,2022,unauthorised,Unauthorised Expenditure,7049638.0
LIM476,Tubatse Fetakgomo,2022,fruitless,Fruitless and Wasteful Expenditure,10015032.0
LIM476,Tubatse Fetakgomo,2022,irregular,Irregular Expenditure,25893981.0
LIM476,Tubatse Fetakgomo,2022,unauthorised,Unauthorised Expenditure,13414797.0
MAN,Mangaung,2022,fruitless,Fruitless and Wasteful Expenditure,83931856.0
MAN,Mangaung,2022,irregular,Irregular Expenditure,185427976.0
MAN,Mangaung,2022,unauthorised,Unauthorised Expenditure,1253981315.0
MP301,Albert Luthuli,2022,fruitless,Fruitless and Wasteful Expenditure,16634.0
MP301,Albert Luthuli,2022,irregular,Irregular Expenditure,62838995.0
MP301,Albert Luthuli,2022,unauthorised,Unauthorised Expenditure,0.0
MP302,Msukaligwa,2022,fruitless,Fruitless and Wasteful Expenditure,73202079.0
MP302,Msukaligwa,2022,irregular,Irregular Expenditure,74455882.0
MP302,Msukaligwa,2022,unauthorised,Unauthorised Expenditure,136915644.0
MP303,Mkhondo,2022,fruitless,Fruitless and Wasteful Expenditure,30919234.0
MP303,Mkhondo,2022,irregular,Irregular Expenditure,13391367.0
MP303,Mkhondo,2022,unauthorised,Unauthorised Expenditure,94735791.0
MP304,Pixley Ka Seme (MP),2022,fruitless,Fruitless and Wasteful Expenditure,2320138.0
MP304,Pixley Ka Seme (MP),2022,irregular,Irregular Expenditure,6135376.0
MP304,Pixley Ka Seme (MP),2022,unauthorised,Unauthorised Expenditure,0.0
MP305,Lekwa,2022,fruitless,Fruitless and Wasteful Expenditure,104430641.0
MP305,Lekwa,2022,irregular,Irregular Expenditure,201392773.0
MP305,Lekwa,2022,unauthorised,Unauthorised Expenditure,146189219.0
MP306,Dipaleseng,2022,fruitless,Fruitless and Wasteful Expenditure,17657544.0
MP306,Dipaleseng,2022,irregular,Irregular Expenditure,77009634.0
MP306,Dipaleseng,2022,unauthorised,Unauthorised Expenditure,52403118.0
MP307,Govan Mbeki,2022,fruitless,Fruitless and Wasteful Expenditure,157005779.0
MP307,Govan Mbeki,2022,irregular,Irregular Expenditure,101117493.0
MP307,Govan Mbeki,2022,unauthorised,Unauthorised Expenditure,786277355.0
MP311,Victor Khanye,2022,fruitless,Fruitless and Wasteful Expenditure,43021115.0
MP311,Victor Khanye,2022,irregular,Irregular Expenditure,169198827.0
MP311,Victor Khanye,2022,unauthorised,Unauthorised Expenditure,51924079.0
MP312,Emalahleni (MP),2022,fruitless,Fruitless and Wasteful Expenditure,273784616.0
MP312,Emalahleni (MP),2022,irregular,Irregular Expenditure,187794889.0
MP312,Emalahleni (MP),2022,unauthorised,Unauthorised Expenditure,909860047.0
MP313,Steve Tshwete,2022,fruitless,Fruitless and Wasteful Expenditure,0.0
MP313,Steve Tshwete,2022,irregular,Irregular Expenditure,0.0
MP313,Steve Tshwete,2022,unauthorised,Unauthorised Expenditure,0.0
MP314,Emakhazeni,2022,fruitless,Fruitless and Wasteful Expenditure,6810705.0
MP314,Emakhazeni,2022,irregular,Irregular Expenditure,66477880.0
MP314,Emakhazeni,2022,unauthorised,Unauthorised Expenditure,0.0
MP315,Thembisile Hani,2022,fruitless,Fruitless and Wasteful Expenditure,8036.0
MP315,Thembisile Hani,2022,irregular,Irregular Expenditure,90709421.0
MP315,Thembisile Hani,2022,unauthorised,Unauthorised Expenditure,0.0
MP316,Dr J.S. Moroka,2022,fruitless,Fruitless and Wasteful Expenditure,84338.0
MP316,Dr J.S. Moroka,2022,irregular,Irregular Expenditure,71928097.0
MP316,Dr J.S. Moroka,2022,unauthorised,Unauthorised Expenditure,5171503.0
MP321,Thaba Chweu,2022,fruitless,Fruitless and Wasteful Expenditure,41084374.0
MP321,Thaba Chweu,2022,irregular,Irregular Expenditure,88877527.0
MP321,Thaba Chweu,2022,unauthorised,Unauthorised Expenditure,127176606.0
MP324,Nkomazi,2022,fruitless,Fruitless and Wasteful Expenditure,375816.0
MP324,Nkomazi,2022,irregular,Irregular Expenditure,111787004.0
MP324,Nkomazi,2022,unauthorised,Unauthorised Expenditure,227201488.0
MP325,Bushbuckridge,2022,fruitless,Fruitless and Wasteful Expenditure,2418224.0
MP325,Bushbuckridge,2022,irregular,Irregular Expenditure,598973166.0
MP325,Bushbuckridge,2022,unauthorised,Unauthorised Expenditure,0.0
MP326,City of Mbombela,2022,fruitless,Fruitless and Wasteful Expenditure,83410787.0
MP326,City of Mbombela,2022,irregular,Irregular Expenditure,152665568.0
MP326,City of Mbombela,2022,unauthorised,Unauthorised Expenditure,539772738.0
NC061,Richtersveld,2022,fruitless,Fruitless and Wasteful Expenditure,3380021.0
NC061,Richtersveld,2022,irregular,Irregular Expenditure,39129530.0
NC061,Richtersveld,2022,unauthorised,Unauthorised Expenditure,50579723.0
NC062,Nama Khoi,2022,fruitless,Fruitless and Wasteful Expenditure,7229574.0
NC062,Nama Khoi,2022,irregular,Irregular Expenditure,79814295.0
NC062,Nama Khoi,2022,unauthorised,Unauthorised Expenditure,17740395.0
NC064,Kamiesberg,2022,fruitless,Fruitless and Wasteful Expenditure,4509354.0
NC064,Kamiesberg,2022,irregular,Irregular Expenditure,8637349.0
NC064,Kamiesberg,2022,unauthorised,Unauthorised Expenditure,55888953.0
NC065,Hantam,2022,fruitless,Fruitless and Wasteful Expenditure,0.0
NC065,Hantam,2022,irregular,Irregular Expenditure,101957.0
NC065,Hantam,2022,unauthorised,Unauthorised Expenditure,4439140.0
NC066,Karoo Hoogland,2022,fruitless,Fruitless and Wasteful Expenditure,92640.0
NC066,Karoo Hoogland,2022,irregular,Irregular Expenditure,1094067.0
NC066,Karoo Hoogland,2022,unauthorised,Unauthorised Expenditure,13732410.0
NC067,Khai-Ma,2022,fruitless,Fruitless and Wasteful Expenditure,1537679.0
NC067,Khai-Ma,2022,irregular,Irregular Expenditure,0.0
NC067,Khai-Ma,2022,unauthorised,Unauthorised Expenditure,6392287.0
NC071,Ubuntu,2022,fruitless,Fruitless and Wasteful Expenditure,3133766.0
NC071,Ubuntu,2022,irregular,Irregular Expenditure,14744776.0
NC071,Ubuntu,2022,unauthorised,Unauthorised Expenditure,42691114.0
NC072,Umsobomvu,2022,fruitless,Fruitless and Wasteful Expenditure,569874.0
NC072,Umsobomvu,2022,irregular,Irregular Expenditure,16986047.0
NC072,Umsobomvu,2022,unauthorised,Unauthorised Expenditure,0.0
NC073,Emthanjeni,2022,fruitless,Fruitless and Wasteful Expenditure,4639871.0
NC073,Emthanjeni,2022,irregular,Irregular Expenditure,3310165.0
NC073,Emthanjeni,2022,unauthorised,Unauthorised Expenditure,79498935.0
NC074,Kareeberg,2022,fruitless,Fruitless and Wasteful Expenditure,47429.0
NC074,Kareeberg,2022,irregular,Irregular Expenditure,11719569.0
NC074,Kareeberg,2022,unauthorised,Unauthorised Expenditure,0.0
NC075,Renosterberg,2022,fruitless,Fruitless and Wasteful Expenditure,0.0
NC075,Renosterberg,2022,irregular,Irregular Expenditure,17207554.0
NC075,Renosterberg,2022,unauthorised,Unauthorised Expenditure,0.0
NC076,Thembelihle,2022,fruitless,Fruitless and Wasteful Expenditure,6603481.0
NC076,Thembelihle,2022,irregular,Irregular Expenditure,27435017.0
NC076,Thembelihle,2022,unauthorised,Unauthorised Expenditure,0.0
NC077,Siyathemba,2022,fruitless,Fruitless and Wasteful Expenditure,3793403.0
NC077,Siyathemba,2022,irregular,Irregular Expenditure,8031281.0
NC077,Siyathemba,2022,unauthorised,Unauthorised Expenditure,35480389.0
NC078,Siyancuma,2022,fruitless,Fruitless and Wasteful Expenditure,3445622.0
NC078,Siyancuma,2022,irregular,Irregular Expenditure,4546363.0
NC078,Siyancuma,2022,unauthorised,Unauthorised Expenditure,59744357.0
NC082,!Kai! Garib,2022,fruitless,Fruitless and Wasteful Expenditure,24545300.0
NC082,!Kai! Garib,2022,irregular,Irregular Expenditure,85692687.0
NC082,!Kai! Garib,2022,unauthorised,Unauthorised Expenditure,176688526.0
NC084,!Kheis,2022,fruitless,Fruitless and Wasteful Expenditure,2810794.0
NC084,!Kheis,2022,irregular,Irregular Expenditure,243102.0
NC084,!Kheis,2022,unauthorised,Unauthorised Expenditure,1302388.0
NC085,Tsantsabane,2022,fruitless,Fruitless and Wasteful Expenditure,38608154.0
NC085,Tsantsabane,2022,irregular,Irregular Expenditure,19247558.0
NC085,Tsantsabane,2022,unauthorised,Unauthorised Expenditure,56851442.0
NC086,Kgatelopele,2022,fruitless,Fruitless and Wasteful Expenditure,751693.0
NC086,Kgatelopele,2022,irregular,Irregular Expenditure,12927117.0
NC086,Kgatelopele,2022,unauthorised,Unauthorised Expenditure,0.0
NC087,Dawid Kruiper,2022,fruitless,Fruitless and Wasteful Expenditure,2155053.0
NC087,Dawid Kruiper,2022,irregular,Irregular Expenditure,1817133.0
NC087,Dawid Kruiper,2022,unauthorised,Unauthorised Expenditure,74301068.0
NC091,Sol Plaatje,2022,fruitless,Fruitless and Wasteful Expenditure,50432943.0
NC091,Sol Plaatje,2022,irregular,Irregular Expenditure,198183364.0
NC091,Sol Plaatje,2022,unauthorised,Unauthorised Expenditure,0.0
NC092,Dikgatlong,2022,fruitless,Fruitless and Wasteful Expenditure,7420248.0
NC092,Dikgatlong,2022,irregular,Irregular Expenditure,810323.0
NC092,Dikgatlong,2022,unauthorised,Unauthorised Expenditure,37012025.0
NC093,Magareng,2022,fruitless,Fruitless and Wasteful Expenditure,4100702.0
NC093,Magareng,2022,irregular,Irregular Expenditure,26857695.0
NC093,Magareng,2022,unauthorised,Unauthorised Expenditure,22535205.0
NC094,Phokwane,2022,fruitless,Fruitless and Wasteful Expenditure,14219875.0
NC094,Phokwane,2022,irregular,Irregular Expenditure,34644134.0
NC094,Phokwane,2022,unauthorised,Unauthorised Expenditure,208265243.0
NC451,Joe Morolong,2022,fruitless,Fruitless and Wasteful Expenditure,590247.0
NC451,Joe Morolong,2022,irregular,Irregular Expenditure,167088347.0
NC451,Joe Morolong,2022,unauthorised,Unauthorised Expenditure,4312606.0
NC452,Ga-Segonyana,2022,fruitless,Fruitless and Wasteful Expenditure,181140.0
NC452,Ga-Segonyana,2022,irregular,Irregular Expenditure,166902636.0
NC452,Ga-Segonyana,2022,unauthorised,Unauthorised Expenditure,33915000.0
NC453,Gamagara,2022,fruitless,Fruitless and Wasteful Expenditure,20771237.0
NC453,Gamagara,2022,irregular,Irregular Expenditure,165343036.0
NC453,Gamagara,2022,unauthorised,Unauthorised Expenditure,112547200.0
NMA,Nelson Mandela Bay,2022,fruitless,Fruitless and Wasteful Expenditure,7830030.0
NMA,Nelson Mandela Bay,2022,irregular,Irregular Expenditure,1380651824.0
NMA,Nelson Mandela Bay,2022,unauthorised,Unauthorised Expenditure,0.0
NW371,Moretele,2022,fruitless,Fruitless and Wasteful Expenditure,768812.0
NW371,Moretele,2022,irregular,Irregular Expenditure,46112899.0
NW371,Moretele,2022,unauthorised,Unauthorised Expenditure,138998578.0
NW372,Madibeng,2022,fruitless,Fruitless and Wasteful Expenditure,30510817.0
NW372,Madibeng,2022,irregular,Irregular Expenditure,661145326.0
NW372,Madibeng,2022,unauthorised,Unauthorised Expenditure,48972.0
NW373,Rustenburg,2022,fruitless,Fruitless and Wasteful Expenditure,2591000.0
NW373,Rustenburg,2022,irregular,Irregular Expenditure,326368000.0
NW373,Rustenburg,2022,unauthorised,Unauthorised Expenditure,167587000.0
NW374,Kgetlengrivier,2022,fruitless,Fruitless and Wasteful Expenditure,15791364.0
NW374,Kgetlengrivier,2022,irregular,Irregular Expenditure,88784342.0
NW374,Kgetlengrivier,2022,unauthorised,Unauthorised Expenditure,0.0
NW375,Moses Kotane,2022,fruitless,Fruitless and Wasteful Expenditure,16350713.0
NW375,Moses Kotane,2022,irregular,Irregular Expenditure,112989034.0
NW375,Moses Kotane,2022,unauthorised,Unauthorised Expenditure,199568185.0
NW381,Ratlou,2022,fruitless,Fruitless and Wasteful Expenditure,268726.0
NW381,Ratlou,2022,irregular,Irregular Expenditure,24194842.0
NW381,Ratlou,2022,unauthorised,Unauthorised Expenditure,8659792.0
NW382,Tswaing,2022,fruitless,Fruitless and Wasteful Expenditure,9571810.0
NW382,Tswaing,2022,irregular,Irregular Expenditure,58053168.0
NW382,Tswaing,2022,unauthorised,Unauthorised Expenditure,0.0
NW383,Mafikeng,2022,fruitless,Fruitless and Wasteful Expenditure,1414551.0
NW383,Mafikeng,2022,irregular,Irregular Expenditure,222843332.0
NW383,Mafikeng,2022,unauthorised,Unauthorised Expenditure,187585248.0
NW384,Ditsobotla,2022,fruitless,Fruitless and Wasteful Expenditure,22021058.0
NW384,Ditsobotla,2022,irregular,Irregular Expenditure,24048933.0
NW384,Ditsobotla,2022,unauthorised,Unauthorised Expenditure,70984899.0
NW385,Ramotshere Moiloa,2022,fruitless,Fruitless and Wasteful Expenditure,4718475.0
NW385,Ramotshere Moiloa,2022,irregular,Irregular Expenditure,9492105.0
NW385,Ramotshere Moiloa,2022,unauthorised,Unauthorised Expenditure,42357779.0
NW392,Naledi (NW),2022,fruitless,Fruitless and Wasteful Expenditure,51499431.0
NW392,Naledi (NW),2022,irregular,Irregular Expenditure,48295569.0
NW392,Naledi (NW),2022,unauthorised,Unauthorised Expenditure,60073333.0
NW393,Mamusa,2022,fruitless,Fruitless and Wasteful Expenditure,10661752.0
NW393,Mamusa,2022,irregular,Irregular Expenditure,27938663.0
NW393,Mamusa,2022,unauthorised,Unauthorised Expenditure,26460915.0
NW394,Greater Taung,2022,fruitless,Fruitless and Wasteful Expenditure,136312.0
NW394,Greater Taung,2022,irregular,Irregular Expenditure,14427861.0
NW394,Greater Taung,2022,unauthorised,Unauthorised Expenditure,14958589.0
NW396,Lekwa-Teemane,2022,fruitless,Fruitless and Wasteful Expenditure,28754109.0
NW396,Lekwa-Teemane,2022,irregular,Irregular Expenditure,2495902.0
NW396,Lekwa-Teemane,2022,unauthorised,Unauthorised Expenditure,94405394.0
NW397,Kagisano-Molopo,2022,fruitless,Fruitless and Wasteful Expenditure,89856.0
NW397,Kagisano-Molopo,2022,irregular,Irregular Expenditure,293983715.0
NW397,Kagisano-Molopo,2022,unauthorised,Unauthorised Expenditure,56093023.0
NW403,City of Matlosana,2022,fruitless,Fruitless and Wasteful Expenditure,113221153.0
NW403,City of Matlosana,2022,irregular,Irregular Expenditure,301086190.0
NW403,City of Matlosana,2022,unauthorised,Unauthorised Expenditure,1122272986.0
NW404,Maquassi Hills,2022,fruitless,Fruitless and Wasteful Expenditure,5383929.0
NW404,Maquassi Hills,2022,irregular,Irregular Expenditure,169970543.0
NW404,Maquassi Hills,2022,unauthorised,Unauthorised Expenditure,57308154.0
NW405,J B Marks,2022,fruitless,Fruitless and Wasteful Expenditure,4555589.0
NW405,J B Marks,2022,irregular,Irregular Expenditure,278558263.0
NW405,J B Marks,2022,unauthorised,Unauthorised Expenditure,23973420.0
TSH,City of Tshwane,2022,fruitless,Fruitless and Wasteful Expenditure,845352511.0
TSH,City of Tshwane,2022,irregular,Irregular Expenditure,1253012109.0
TSH,City of Tshwane,2022,unauthorised,Unauthorised Expenditure,1351132242.0
WC011,Matzikama,2022,fruitless,Fruitless and Wasteful Expenditure,7225843.0
WC011,Matzikama,2022,irregular,Irregular Expenditure,61572917.0
WC011,Matzikama,2022,unauthorised,Unauthorised Expenditure,14480078.0
WC012,Cederberg,2022,fruitless,Fruitless and Wasteful Expenditure,3406368.0
WC012,Cederberg,2022,irregular,Irregular Expenditure,35203795.0
WC012,Cederberg,2022,unauthorised,Unauthorised Expenditure,0.0
WC013,Bergrivier,2022,fruitless,Fruitless and Wasteful Expenditure,1026.0
WC013,Bergrivier,2022,irregular,Irregular Expenditure,0.0
WC013,Bergrivier,2022,unauthorised,Unauthorised Expenditure,0.0
WC014,Saldanha Bay,2022,fruitless,Fruitless and Wasteful Expenditure,44129.0
WC014,Saldanha Bay,2022,irregular,Irregular Expenditure,1144801.0
WC014,Saldanha Bay,2022,unauthorised,Unauthorised Expenditure,0.0
WC015,Swartland,2022,fruitless,Fruitless and Wasteful Expenditure,0.0
WC015,Swartland,2022,irregular,Irregular Expenditure,0.0
WC015,Swartland,2022,unauthorised,Unauthorised Expenditure,11717297.0
WC022,Witzenberg,2022,fruitless,Fruitless and Wasteful Expenditure,0.0
WC022,Witzenberg,2022,irregular,Irregular Expenditure,0.0
WC022,Witzenberg,2022,unauthorised,Unauthorised Expenditure,8933855.0
WC023,Drakenstein,2022,fruitless,Fruitless and Wasteful Expenditure,10000.0
WC023,Drakenstein,2022,irregular,Irregular Expenditure,27406653.0
WC023,Drakenstein,2022,unauthorised,Unauthorised Expenditure,0.0
WC024,Stellenbosch,2022,fruitless,Fruitless and Wasteful Expenditure,4266953.0
WC024,Stellenbosch,2022,irregular,Irregular Expenditure,45094520.0
WC024,Stellenbosch,2022,unauthorised,Unauthorised Expenditure,0.0
WC025,Breede Valley,2022,fruitless,Fruitless and Wasteful Expenditure,0.0
WC025,Breede Valley,2022,irregular,Irregular Expenditure,0.0
WC025,Breede Valley,2022,unauthorised,Unauthorised Expenditure,0.0
WC026,Langeberg,2022,fruitless,Fruitless and Wasteful Expenditure,71303.0
WC026,Langeberg,2022,irregular,Irregular Expenditure,245184.0
WC026,Langeberg,2022,unauthorised,Unauthorised Expenditure,0.0
WC031,Theewaterskloof,2022,fruitless,Fruitless and Wasteful Expenditure,0.0
WC031,Theewaterskloof,2022,irregular,Irregular Expenditure,1980693.0
WC031,Theewaterskloof,2022,unauthorised,Unauthorised Expenditure,0.0
WC032,Overstrand,2022,fruitless,Fruitless and Wasteful Expenditure,34463.0
WC032,Overstrand,2022,irregular,Irregular Expenditure,240434.0
WC032,Overstrand,2022,unauthorised,Unauthorised Expenditure,14108285.0
WC033,Cape Agulhas,2022,fruitless,Fruitless and Wasteful Expenditure,26178.0
WC033,Cape Agulhas,2022,irregular,Irregular Expenditure,9659019.0
WC033,Cape Agulhas,2022,unauthorised,Unauthorised Expenditure,2664707.0
WC034,Swellendam,2022,fruitless,Fruitless and Wasteful Expenditure,0.0
WC034,Swellendam,2022,irregular,Irregular Expenditure,54618212.0
WC034,Swellendam,2022,unauthorised,Unauthorised Expenditure,2527096.0
WC041,Kannaland,2022,fruitless,Fruitless and Wasteful Expenditure,2786373.0
WC041,Kannaland,2022,irregular,Irregular Expenditure,5084145.0
WC041,Kannaland,2022,unauthorised,Unauthorised Expenditure,36670076.0
WC042,Hessequa,2022,fruitless,Fruitless and Wasteful Expenditure,0.0
WC042,Hessequa,2022,irregular,Irregular Expenditure,1533.0
WC042,Hessequa,2022,unauthorised,Unauthorised Expenditure,0.0
WC043,Mossel Bay,2022,fruitless,Fruitless and Wasteful Expenditure,0.0
WC043,Mossel Bay,2022,irregular,Irregular Expenditure,1214491.0
WC043,Mossel Bay,2022,unauthorised,Unauthorised Expenditure,237079383.0
WC044,George,2022,fruitless,Fruitless and Wasteful Expenditure,728648.0
WC044,George,2022,irregular,Irregular Expenditure,15382272.0
WC044,George,2022,unauthorised,Unauthorised Expenditure,3288035.0
WC045,Oudtshoorn,2022,fruitless,Fruitless and Wasteful Expenditure,0.0
WC045,Oudtshoorn,2022,irregular,Irregular Expenditure,9932589.0
WC045,Oudtshoorn,2022,unauthorised,Unauthorised Expenditure,20591017.0
WC047,Bitou,2022,fruitless,Fruitless and Wasteful Expenditure,0.0
WC047,Bitou,2022,irregular,Irregular Expenditure,73235043.0
WC047,Bitou,2022,unauthorised,Unauthorised Expenditure,884804977.0
WC048,Knysna,2022,fruitless,Fruitless and Wasteful Expenditure,0.0
WC048,Knysna,2022,irregular,Irregular Expenditure,63844975.0
WC048,Knysna,2022,unauthorised,Unauthorised Expenditure,22341345.0
WC051,Laingsburg,2022,fruitless,Fruitless and Wasteful Expenditure,535553.0
WC051,Laingsburg,2022,irregular,Irregular Expenditure,5400157.0
WC051,Laingsburg,2022,unauthorised,Unauthorised Expenditure,7681235.0
WC052,Prince Albert,2022,fruitless,Fruitless and Wasteful Expenditure,13639.0
WC052,Prince Albert,2022,irregular,Irregular Expenditure,76223.0
WC052,Prince Albert,2022,unauthorised,Unauthorised Expenditure,4672507.0
WC053,Beaufort West,2022,fruitless,Fruitless and Wasteful Expenditure,8928215.0
WC053,Beaufort West,2022,irregular,Irregular Expenditure,8300575.0
WC053,Beaufort West,2022,unauthorised,Unauthorised Expenditure,24406572.0
BUF,Buffalo City,2023,fruitless,Fruitless and Wasteful Expenditure,53713.0
BUF,Buffalo City,2023,irregular,Irregular Expenditure,1713312375.0
BUF,Buffalo City,2023,unauthorised,Unauthorised Expenditure,0.0
CPT,Cape Town,2023,fruitless,Fruitless and Wasteful Expenditure,593000.0
CPT,Cape Town,2023,irregular,Irregular Expenditure,11989000.0
CPT,Cape Town,2023,unauthorised,Unauthorised Expenditure,0.0
DC1,West Coast,2023,fruitless,Fruitless and Wasteful Expenditure,15622.0
DC1,West Coast,2023,irregular,Irregular Expenditure,6076110.0
DC1,West Coast,2023,unauthorised,Unauthorised Expenditure,0.0
DC10,Sarah Baartman,2023,fruitless,Fruitless and Wasteful Expenditure,86518.0
DC10,Sarah Baartman,2023,irregular,Irregular Expenditure,1481081.0
DC10,Sarah Baartman,2023,unauthorised,Unauthorised Expenditure,0.0
DC12,Amathole,2023,fruitless,Fruitless and Wasteful Expenditure,21699425.0
DC12,Amathole,2023,irregular,Irregular Expenditure,223054227.0
DC12,Amathole,2023,unauthorised,Unauthorised Expenditure,36796069.0
DC13,Chris Hani,2023,fruitless,Fruitless and Wasteful Expenditure,491909.0
DC13,Chris Hani,2023,irregular,Irregular Expenditure,171243231.0
DC13,Chris Hani,2023,unauthorised,Unauthorised Expenditure,344076508.0
DC14,Joe Gqabi,2023,fruitless,Fruitless and Wasteful Expenditure,14358.0
DC14,Joe Gqabi,2023,irregular,Irregular Expenditure,43148228.0
DC14,Joe Gqabi,2023,unauthorised,Unauthorised Expenditure,24013603.0
DC15,O R Tambo,2023,fruitless,Fruitless and Wasteful Expenditure,14962260.0
DC15,O R Tambo,2023,irregular,Irregular Expenditure,172448923.0
DC15,O R Tambo,2023,unauthorised,Unauthorised Expenditure,71351915.0
DC16,Xhariep,2023,fruitless,Fruitless and Wasteful Expenditure,398286.0
DC16,Xhariep,2023,irregular,Irregular Expenditure,1295694.0
DC16,Xhariep,2023,unauthorised,Unauthorised Expenditure,6724033.0
DC18,Lejweleputswa,2023,fruitless,Fruitless and Wasteful Expenditure,0.0
DC18,Lejweleputswa,2023,irregular,Irregular Expenditure,18693897.0
DC18,Lejweleputswa,2023,unauthorised,Unauthorised Expenditure,0.0
DC19,Thabo Mofutsanyana,2023,fruitless,Fruitless and Wasteful Expenditure,44652.0
DC19,Thabo Mofutsanyana,2023,irregular,Irregular Expenditure,16090700.0
DC19,Thabo Mofutsanyana,2023,unauthorised,Unauthorised Expenditure,1497133.0
DC2,Cape Winelands DM,2023,fruitless,Fruitless and Wasteful Expenditure,400.0
DC2,Cape Winelands DM,2023,irregular,Irregular Expenditure,0.0
DC2,Cape Winelands DM,2023,unauthorised,Unauthorised Expenditure,0.0
DC20,Fezile Dabi,2023,fruitless,Fruitless and Wasteful Expenditure,14712.0
DC20,Fezile Dabi,2023,irregular,Irregular Expenditure,39795788.0
DC20,Fezile Dabi,2023,unauthorised,Unauthorised Expenditure,5487646.0
DC21,Ugu,2023,fruitless,Fruitless and Wasteful Expenditure,4518704.0
DC21,Ugu,2023,irregular,Irregular Expenditure,242350998.0
DC21,Ugu,2023,unauthorised,Unauthorised Expenditure,431556883.0
DC22,uMgungundlovu,2023,fruitless,Fruitless and Wasteful Expenditure,20095188.0
DC22,uMgungundlovu,2023,irregular,Irregular Expenditure,345927100.0
DC22,uMgungundlovu,2023,unauthorised,Unauthorised Expenditure,256836921.0
DC23,Uthukela,2023,fruitless,Fruitless and Wasteful Expenditure,48522790.0
DC23,Uthukela,2023,irregular,Irregular Expenditure,383091253.0
DC23,Uthukela,2023,unauthorised,Unauthorised Expenditure,155450071.0
DC24,Umzinyathi,2023,fruitless,Fruitless and Wasteful Expenditure,3508582.0
DC24,Umzinyathi,2023,irregular,Irregular Expenditure,227723356.0
DC24,Umzinyathi,2023,unauthorised,Unauthorised Expenditure,316859410.0
DC25,Amajuba,2023,fruitless,Fruitless and Wasteful Expenditure,3392529.0
DC25,Amajuba,2023,irregular,Irregular Expenditure,59027280.0
DC25,Amajuba,2023,unauthorised,Unauthorised Expenditure,84170083.0
DC26,Zululand,2023,fruitless,Fruitless and Wasteful Expenditure,1046939.0
DC26,Zululand,2023,irregular,Irregular Expenditure,94843990.0
DC26,Zululand,2023,unauthorised,Unauthorised Expenditure,233980163.0
DC27,Umkhanyakude,2023,fruitless,Fruitless and Wasteful Expenditure,865960.0
DC27,Umkhanyakude,2023,irregular,Irregular Expenditure,336284168.0
DC27,Umkhanyakude,2023,unauthorised,Unauthorised Expenditure,143490132.0
DC28,King Cetshwayo,2023,fruitless,Fruitless and Wasteful Expenditure,0.0
DC28,King Cetshwayo,2023,irregular,Irregular Expenditure,0.0
DC28,King Cetshwayo,2023,unauthorised,Unauthorised Expenditure,0.0
DC29,iLembe,2023,fruitless,Fruitless and Wasteful Expenditure,0.0
DC29,iLembe,2023,irregular,Irregular Expenditure,6347547.0
DC29,iLembe,2023,unauthorised,Unauthorised Expenditure,0.0
DC3,Overberg,2023,fruitless,Fruitless and Wasteful Expenditure,0.0
DC3,Overberg,2023,irregular,Irregular Expenditure,3746457.0
DC3,Overberg,2023,unauthorised,Unauthorised Expenditure,0.0
DC30,Gert Sibande,2023,fruitless,Fruitless and Wasteful Expenditure,25623747.0
DC30,Gert Sibande,2023,irregular,Irregular Expenditure,62862689.0
DC30,Gert Sibande,2023,unauthorised,Unauthorised Expenditure,0.0
DC31,Nkangala,2023,fruitless,Fruitless and Wasteful Expenditure,261669.0
DC31,Nkangala,2023,irregular,Irregular Expenditure,0.0
DC31,Nkangala,2023,unauthorised,Unauthorised Expenditure,0.0
DC32,Ehlanzeni,2023,fruitless,Fruitless and Wasteful Expenditure,181483.0
DC32,Ehlanzeni,2023,irregular,Irregular Expenditure,0.0
DC32,Ehlanzeni,2023,unauthorised,Unauthorised Expenditure,0.0
DC33,Mopani,2023,fruitless,Fruitless and Wasteful Expenditure,78882086.0
DC33,Mopani,2023,irregular,Irregular Expenditure,164948831.0
DC33,Mopani,2023,unauthorised,Unauthorised Expenditure,588657734.0
DC34,Vhembe,2023,fruitless,Fruitless and Wasteful Expenditure,2565578.0
DC34,Vhembe,2023,irregular,Irregular Expenditure,92748697.0
DC34,Vhembe,2023,unauthorised,Unauthorised Expenditure,190013245.0
DC35,Capricorn,2023,fruitless,Fruitless and Wasteful Expenditure,4074817.0
DC35,Capricorn,2023,irregular,Irregular Expenditure,192957239.0
DC35,Capricorn,2023,unauthorised,Unauthorised Expenditure,0.0
DC36,Waterberg,2023,fruitless,Fruitless and Wasteful Expenditure,0.0
DC36,Waterberg,2023,irregular,Irregular Expenditure,0.0
DC36,Waterberg,2023,unauthorised,Unauthorised Expenditure,0.0
DC37,Bojanala Platinum,2023,fruitless,Fruitless and Wasteful Expenditure,147713.0
DC37,Bojanala Platinum,2023,irregular,Irregular Expenditure,70936451.0
DC37,Bojanala Platinum,2023,unauthorised,Unauthorised Expenditure,88943497.0
DC38,Ngaka Modiri Molema,2023,fruitless,Fruitless and Wasteful Expenditure,749131.0
DC38,Ngaka Modiri Molema,2023,irregular,Irregular Expenditure,485898277.0
DC38,Ngaka Modiri Molema,2023,unauthorised,Unauthorised Expenditure,417214349.0
DC39,Dr Ruth Segomotsi Mompati,2023,fruitless,Fruitless and Wasteful Expenditure,1763471.0
DC39,Dr Ruth Segomotsi Mompati,2023,irregular,Irregular Expenditure,274521977.0
DC39,Dr Ruth Segomotsi Mompati,2023,unauthorised,Unauthorised Expenditure,143542371.0
DC4,Garden Route,2023,fruitless,Fruitless and Wasteful Expenditure,57406.0
DC4,Garden Route,2023,irregular,Irregular Expenditure,16566596.0
DC4,Garden Route,2023,unauthorised,Unauthorised Expenditure,6943402.0
DC40,Dr Kenneth Kaunda,2023,fruitless,Fruitless and Wasteful Expenditure,1026354.0
DC40,Dr Kenneth Kaunda,2023,irregular,Irregular Expenditure,42440107.0
DC40,Dr Kenneth Kaunda,2023,unauthorised,Unauthorised Expenditure,1440576.0
DC42,Sedibeng,2023,fruitless,Fruitless and Wasteful Expenditure,0.0
DC42,Sedibeng,2023,irregular,Irregular Expenditure,20772269.0
DC42,Sedibeng,2023,unauthorised,Unauthorised Expenditure,4552365.0
DC43,Harry Gwala,2023,fruitless,Fruitless and Wasteful Expenditure,62877.0
DC43,Harry Gwala,2023,irregular,Irregular Expenditure,288281523.0
DC43,Harry Gwala,2023,unauthorised,Unauthorised Expenditure,9691677.0
DC44,Alfred Nzo,2023,fruitless,Fruitless and Wasteful Expenditure,0.0
DC44,Alfred Nzo,2023,irregular,Irregular Expenditure,33425663.0
DC44,Alfred Nzo,2023,unauthorised,Unauthorised Expenditure,0.0
DC45,John Taolo Gaetsewe,2023,fruitless,Fruitless and Wasteful Expenditure,373668.0
DC45,John Taolo Gaetsewe,2023,irregular,Irregular Expenditure,1466705.0
DC45,John Taolo Gaetsewe,2023,unauthorised,Unauthorised Expenditure,1651263.0
DC47,Sekhukhune,2023,fruitless,Fruitless and Wasteful Expenditure,15691754.0
DC47,Sekhukhune,2023,irregular,Irregular Expenditure,100432787.0
DC47,Sekhukhune,2023,unauthorised,Unauthorised Expenditure,0.0
DC48,West Rand,2023,fruitless,Fruitless and Wasteful Expenditure,583019.0
DC48,West Rand,2023,irregular,Irregular Expenditure,0.0
DC48,West Rand,2023,unauthorised,Unauthorised Expenditure,5114614.0
DC5,Central Karoo,2023,fruitless,Fruitless and Wasteful Expenditure,10366.0
DC5,Central Karoo,2023,irregular,Irregular Expenditure,18373115.0
DC5,Central Karoo,2023,unauthorised,Unauthorised Expenditure,6127523.0
DC6,Namakwa,2023,fruitless,Fruitless and Wasteful Expenditure,300.0
DC6,Namakwa,2023,irregular,Irregular Expenditure,2364262.0
DC6,Namakwa,2023,unauthorised,Unauthorised Expenditure,371074.0
DC7,Pixley Ka Seme (NC),2023,fruitless,Fruitless and Wasteful Expenditure,230098.0
DC7,Pixley Ka Seme (NC),2023,irregular,Irregular Expenditure,4393263.0
DC7,Pixley Ka Seme (NC),2023,unauthorised,Unauthorised Expenditure,5033111.0
DC8,Z F Mgcawu,2023,fruitless,Fruitless and Wasteful Expenditure,23608.0
DC8,Z F Mgcawu,2023,irregular,Irregular Expenditure,25422.0
DC8,Z F Mgcawu,2023,unauthorised,Unauthorised Expenditure,0.0
DC9,Frances Baard,2023,fruitless,Fruitless and Wasteful Expenditure,137592.0
DC9,Frances Baard,2023,irregular,Irregular Expenditure,0.0
DC9,Frances Baard,2023,unauthorised,Unauthorised Expenditure,387874.0
EC101,Dr Beyers Naude,2023,fruitless,Fruitless and Wasteful Expenditure,48315293.0
EC101,Dr Beyers Naude,2023,irregular,Irregular Expenditure,203993717.0
EC101,Dr Beyers Naude,2023,unauthorised,Unauthorised Expenditure,105776596.0
EC102,Blue Crane Route,2023,fruitless,Fruitless and Wasteful Expenditure,303500.0
EC102,Blue Crane Route,2023,irregular,Irregular Expenditure,12636784.0
EC102,Blue Crane Route,2023,unauthorised,Unauthorised Expenditure,0.0
EC104,Makana,2023,fruitless,Fruitless and Wasteful Expenditure,1.0
EC104,Makana,2023,irregular,Irregular Expenditure,36972207.0
EC104,Makana,2023,unauthorised,Unauthorised Expenditure,0.0
EC105,Ndlambe,2023,fruitless,Fruitless and Wasteful Expenditure,654679.0
EC105,Ndlambe,2023,irregular,Irregular Expenditure,81810509.0
EC105,Ndlambe,2023,unauthorised,Unauthorised Expenditure,84000359.0
EC106,Sundays River Valley,2023,fruitless,Fruitless and Wasteful Expenditure,1646718.0
EC106,Sundays River Valley,2023,irregular,Irregular Expenditure,187228310.0
EC106,Sundays River Valley,2023,unauthorised,Unauthorised Expenditure,116221007.0
EC108,Kouga,2023,fruitless,Fruitless and Wasteful Expenditure,111999.0
EC108,Kouga,2023,irregular,Irregular Expenditure,0.0
EC108,Kouga,2023,unauthorised,Unauthorised Expenditure,92827502.0
EC109,Kou-Kamma,2023,fruitless,Fruitless and Wasteful Expenditure,375300.0
EC109,Kou-Kamma,2023,irregular,Irregular Expenditure,39678204.0
EC109,Kou-Kamma,2023,unauthorised,Unauthorised Expenditure,45659422.0
EC121,Mbhashe,2023,fruitless,Fruitless and Wasteful Expenditure,9057.0
EC121,Mbhashe,2023,irregular,Irregular Expenditure,12796455.0
EC121,Mbhashe,2023,unauthorised,Unauthorised Expenditure,0.0
EC122,Mnquma,2023,fruitless,Fruitless and Wasteful Expenditure,0.0
EC122,Mnquma,2023,irregular,Irregular Expenditure,0.0
EC122,Mnquma,2023,unauthorised,Unauthorised Expenditure,0.0
EC123,Great Kei,2023,fruitless,Fruitless and Wasteful Expenditure,238661.0
EC123,Great Kei,2023,irregular,Irregular Expenditure,0.0
EC123,Great Kei,2023,unauthorised,Unauthorised Expenditure,0.0
EC124,Amahlathi,2023,fruitless,Fruitless and Wasteful Expenditure,10346986.0
EC124,Amahlathi,2023,irregular,Irregular Expenditure,16673396.0
EC124,Amahlathi,2023,unauthorised,Unauthorised Expenditure,36221353.0
EC126,Ngqushwa,2023,fruitless,Fruitless and Wasteful Expenditure,404131.0
EC126,Ngqushwa,2023,irregular,Irregular Expenditure,3491952.0
EC126,Ngqushwa,2023,unauthorised,Unauthorised Expenditure,0.0
EC129,Raymond Mhlaba,2023,fruitless,Fruitless and Wasteful Expenditure,23345870.0
EC129,Raymond Mhlaba,2023,irregular,Irregular Expenditure,80969058.0
EC129,Raymond Mhlaba,2023,unauthorised,Unauthorised Expenditure,0.0
EC131,Inxuba Yethemba,2023,fruitless,Fruitless and Wasteful Expenditure,40544975.0
EC131,Inxuba Yethemba,2023,irregular,Irregular Expenditure,36031067.0
EC131,Inxuba Yethemba,2023,unauthorised,Unauthorised Expenditure,104488555.0
EC135,Vuyisile Mini,2023,fruitless,Fruitless and Wasteful Expenditure,20098712.0
EC135,Vuyisile Mini,2023,irregular,Irregular Expenditure,23237818.0
EC135,Vuyisile Mini,2023,unauthorised,Unauthorised Expenditure,10004643.0
EC136,Emalahleni (EC),2023,fruitless,Fruitless and Wasteful Expenditure,866353.0
EC136,Emalahleni (EC),2023,irregular,Irregular Expenditure,10041735.0
EC136,Emalahleni (EC),2023,unauthorised,Unauthorised Expenditure,10476376.0
EC137,Dr. A.B. Xuma,2023,fruitless,Fruitless and Wasteful Expenditure,8540643.0
EC137,Dr. A.B. Xuma,2023,irregular,Irregular Expenditure,61033602.0
EC137,Dr. A.B. Xuma,2023,unauthorised,Unauthorised Expenditure,0.0
EC138,Sakhisizwe,2023,fruitless,Fruitless and Wasteful Expenditure,988939.0
EC138,Sakhisizwe,2023,irregular,Irregular Expenditure,17525372.0
EC138,Sakhisizwe,2023,unauthorised,Unauthorised Expenditure,24556413.0
EC139,Enoch Mgijima,2023,fruitless,Fruitless and Wasteful Expenditure,135703188.0
EC139,Enoch Mgijima,2023,irregular,Irregular Expenditure,416199114.0
EC139,Enoch Mgijima,2023,unauthorised,Unauthorised Expenditure,487930609.0
EC141,Elundini,2023,fruitless,Fruitless and Wasteful Expenditure,1162.0
EC141,Elundini,2023,irregular,Irregular Expenditure,0.0
EC141,Elundini,2023,unauthorised,Unauthorised Expenditure,0.0
EC142,Senqu,2023,fruitless,Fruitless and Wasteful Expenditure,1888774.0
EC142,Senqu,2023,irregular,Irregular Expenditure,37016855.0
EC142,Senqu,2023,unauthorised,Unauthorised Expenditure,0.0
EC145,Walter Sisulu,2023,fruitless,Fruitless and Wasteful Expenditure,40266063.0
EC145,Walter Sisulu,2023,irregular,Irregular Expenditure,10689096.0
EC145,Walter Sisulu,2023,unauthorised,Unauthorised Expenditure,50703187.0
EC153,Ngquza Hills,2023,fruitless,Fruitless and Wasteful Expenditure,1072138.0
EC153,Ngquza Hills,2023,irregular,Irregular Expenditure,3413719.0
EC153,Ngquza Hills,2023,unauthorised,Unauthorised Expenditure,0.0
EC154,Port St Johns,2023,fruitless,Fruitless and Wasteful Expenditure,780962.0
EC154,Port St Johns,2023,irregular,Irregular Expenditure,7586403.0
EC154,Port St Johns,2023,unauthorised,Unauthorised Expenditure,20215146.0
EC155,Nyandeni,2023,fruitless,Fruitless and Wasteful Expenditure,278088.0
EC155,Nyandeni,2023,irregular,Irregular Expenditure,56540636.0
EC155,Nyandeni,2023,unauthorised,Unauthorised Expenditure,0.0
EC156,Kumkani Mhlontlo,2023,fruitless,Fruitless and Wasteful Expenditure,17842.0
EC156,Kumkani Mhlontlo,2023,irregular,Irregular Expenditure,145946.0
EC156,Kumkani Mhlontlo,2023,unauthorised,Unauthorised Expenditure,10554476.0
EC157,King Sabata Dalindyebo,2023,fruitless,Fruitless and Wasteful Expenditure,8236033.0
EC157,King Sabata Dalindyebo,2023,irregular,Irregular Expenditure,8867830.0
EC157,King Sabata Dalindyebo,2023,unauthorised,Unauthorised Expenditure,197723397.0
EC441,Matatiele,2023,fruitless,Fruitless and Wasteful Expenditure,134122.0
EC441,Matatiele,2023,irregular,Irregular Expenditure,200000.0
EC441,Matatiele,2023,unauthorised,Unauthorised Expenditure,0.0
EC442,Umzimvubu,2023,fruitless,Fruitless and Wasteful Expenditure,0.0
EC442,Umzimvubu,2023,irregular,Irregular Expenditure,26840657.0
EC442,Umzimvubu,2023,unauthorised,Unauthorised Expenditure,11030132.0
EC443,Winnie Madikizela-Mandela,2023,fruitless,Fruitless and Wasteful Expenditure,5053048.0
EC443,Winnie Madikizela-Mandela,2023,irregular,Irregular Expenditure,1842061.0
EC443,Winnie Madikizela-Mandela,2023,unauthorised,Unauthorised Expenditure,0.0
EC444,Ntabankulu,2023,fruitless,Fruitless and Wasteful Expenditure,415379.0
EC444,Ntabankulu,2023,irregular,Irregular Expenditure,24279501.0
EC444,Ntabankulu,2023,unauthorised,Unauthorised Expenditure,0.0
EKU,City of Ekurhuleni,2023,fruitless,Fruitless and Wasteful Expenditure,75328087.0
EKU,City of Ekurhuleni,2023,irregular,Irregular Expenditure,69504146.0
EKU,City of Ekurhuleni,2023,unauthorised,Unauthorised Expenditure,0.0
ETH,eThekwini,2023,fruitless,Fruitless and Wasteful Expenditure,579000.0
ETH,eThekwini,2023,irregular,Irregular Expenditure,2408877000.0
ETH,eThekwini,2023,unauthorised,Unauthorised Expenditure,0.0
FS161,Letsemeng,2023,fruitless,Fruitless and Wasteful Expenditure,14132345.0
FS161,Letsemeng,2023,irregular,Irregular Expenditure,82212532.0
FS161,Letsemeng,2023,unauthorised,Unauthorised Expenditure,224025210.0
FS162,Kopanong,2023,fruitless,Fruitless and Wasteful Expenditure,75695862.0
FS162,Kopanong,2023,irregular,Irregular Expenditure,10836622.0
FS162,Kopanong,2023,unauthorised,Unauthorised Expenditure,126307999.0
FS163,Mohokare,2023,fruitless,Fruitless and Wasteful Expenditure,12731016.0
FS163,Mohokare,2023,irregular,Irregular Expenditure,4693795.0
FS163,Mohokare,2023,unauthorised,Unauthorised Expenditure,47176408.0
FS181,Masilonyana,2023,fruitless,Fruitless and Wasteful Expenditure,60000.0
FS181,Masilonyana,2023,irregular,Irregular Expenditure,867856859.0
FS181,Masilonyana,2023,unauthorised,Unauthorised Expenditure,0.0
FS182,Tokologo,2023,fruitless,Fruitless and Wasteful Expenditure,17450404.0
FS182,Tokologo,2023,irregular,Irregular Expenditure,11844548.0
FS182,Tokologo,2023,unauthorised,Unauthorised Expenditure,0.0
FS183,Tswelopele,2023,fruitless,Fruitless and Wasteful Expenditure,9366529.0
FS183,Tswelopele,2023,irregular,Irregular Expenditure,52370821.0
FS183,Tswelopele,2023,unauthorised,Unauthorised Expenditure,6085826.0
FS184,Matjhabeng,2023,fruitless,Fruitless and Wasteful Expenditure,341571055.0
FS184,Matjhabeng,2023,irregular,Irregular Expenditure,175128873.0
FS184,Matjhabeng,2023,unauthorised,Unauthorised Expenditure,1067576616.0
FS185,Nala,2023,fruitless,Fruitless and Wasteful Expenditure,47870909.0
FS185,Nala,2023,irregular,Irregular Expenditure,11839769.0
FS185,Nala,2023,unauthorised,Unauthorised Expenditure,101805926.0
FS191,Setsoto,2023,fruitless,Fruitless and Wasteful Expenditure,844245.0
FS191,Setsoto,2023,irregular,Irregular Expenditure,19868984.0
FS191,Setsoto,2023,unauthorised,Unauthorised Expenditure,150478952.0
FS192,Dihlabeng,2023,fruitless,Fruitless and Wasteful Expenditure,75811385.0
FS192,Dihlabeng,2023,irregular,Irregular Expenditure,172038361.0
FS192,Dihlabeng,2023,unauthorised,Unauthorised Expenditure,337784190.0
FS193,Nketoana,2023,fruitless,Fruitless and Wasteful Expenditure,47655198.0
FS193,Nketoana,2023,irregular,Irregular Expenditure,53046824.0
FS193,Nketoana,2023,unauthorised,Unauthorised Expenditure,170126896.0
FS194,Maluti-a-Phofung,2023,fruitless,Fruitless and Wasteful Expenditure,384625452.0
FS194,Maluti-a-Phofung,2023,irregular,Irregular Expenditure,131297398.0
FS194,Maluti-a-Phofung,2023,unauthorised,Unauthorised Expenditure,5327210.0
FS195,Phumelela,2023,fruitless,Fruitless and Wasteful Expenditure,15582902.0
FS195,Phumelela,2023,irregular,Irregular Expenditure,10646508.0
FS195,Phumelela,2023,unauthorised,Unauthorised Expenditure,72133854.0
FS196,Mantsopa,2023,fruitless,Fruitless and Wasteful Expenditure,17082738.0
FS196,Mantsopa,2023,irregular,Irregular Expenditure,5023725.0
FS196,Mantsopa,2023,unauthorised,Unauthorised Expenditure,35206962.0
FS201,Moqhaka,2023,fruitless,Fruitless and Wasteful Expenditure,61001447.0
FS201,Moqhaka,2023,irregular,Irregular Expenditure,97477869.0
FS201,Moqhaka,2023,unauthorised,Unauthorised Expenditure,338494818.0
FS203,Ngwathe,2023,fruitless,Fruitless and Wasteful Expenditure,78450016.0
FS203,Ngwathe,2023,irregular,Irregular Expenditure,31005893.0
FS203,Ngwathe,2023,unauthorised,Unauthorised Expenditure,294009536.0
FS204,Metsimaholo,2023,fruitless,Fruitless and Wasteful Expenditure,5189357.0
FS204,Metsimaholo,2023,irregular,Irregular Expenditure,107316921.0
FS204,Metsimaholo,2023,unauthorised,Unauthorised Expenditure,0.0
FS205,Mafube,2023,fruitless,Fruitless and Wasteful Expenditure,62311889.0
FS205,Mafube,2023,irregular,Irregular Expenditure,25997405.0
FS205,Mafube,2023,unauthorised,Unauthorised Expenditure,364548948.0
GT421,Emfuleni,2023,fruitless,Fruitless and Wasteful Expenditure,598102035.0
GT421,Emfuleni,2023,irregular,Irregular Expenditure,92323720.0
GT421,Emfuleni,2023,unauthorised,Unauthorised Expenditure,2214091190.0
GT422,Midvaal,2023,fruitless,Fruitless and Wasteful Expenditure,723262.0
GT422,Midvaal,2023,irregular,Irregular Expenditure,2584646.0
GT422,Midvaal,2023,unauthorised,Unauthorised Expenditure,0.0
GT423,Lesedi,2023,fruitless,Fruitless and Wasteful Expenditure,14161447.0
GT423,Lesedi,2023,irregular,Irregular Expenditure,6496305.0
GT423,Lesedi,2023,unauthorised,Unauthorised Expenditure,187976602.0
GT481,Mogale City,2023,fruitless,Fruitless and Wasteful Expenditure,41516917.0
GT481,Mogale City,2023,irregular,Irregular Expenditure,467783900.0
GT481,Mogale City,2023,unauthorised,Unauthorised Expenditure,0.0
GT484,Merafong City,2023,fruitless,Fruitless and Wasteful Expenditure,138444087.0
GT484,Merafong City,2023,irregular,Irregular Expenditure,280375324.0
GT484,Merafong City,2023,unauthorised,Unauthorised Expenditure,0.0
GT485,Rand West City,2023,fruitless,Fruitless and Wasteful Expenditure,117492803.0
GT485,Rand West City,2023,irregular,Irregular Expenditure,89123780.0
GT485,Rand West City,2023,unauthorised,Unauthorised Expenditure,229713786.0
JHB,City of Johannesburg,2023,fruitless,Fruitless and Wasteful Expenditure,8489000.0
JHB,City of Johannesburg,2023,irregular,Irregular Expenditure,811433000.0
JHB,City of Johannesburg,2023,unauthorised,Unauthorised Expenditure,1289984000.0
KZN212,Umdoni,2023,fruitless,Fruitless and Wasteful Expenditure,2268879.0
KZN212,Umdoni,2023,irregular,Irregular Expenditure,16918612.0
KZN212,Umdoni,2023,unauthorised,Unauthorised Expenditure,27866838.0
KZN213,Umzumbe,2023,fruitless,Fruitless and Wasteful Expenditure,16070.0
KZN213,Umzumbe,2023,irregular,Irregular Expenditure,16457097.0
KZN213,Umzumbe,2023,unauthorised,Unauthorised Expenditure,2379003.0
KZN214,uMuziwabantu,2023,fruitless,Fruitless and Wasteful Expenditure,97511.0
KZN214,uMuziwabantu,2023,irregular,Irregular Expenditure,5808364.0
KZN214,uMuziwabantu,2023,unauthorised,Unauthorised Expenditure,0.0
KZN216,Ray Nkonyeni,2023,fruitless,Fruitless and Wasteful Expenditure,33872.0
KZN216,Ray Nkonyeni,2023,irregular,Irregular Expenditure,387294546.0
KZN216,Ray Nkonyeni,2023,unauthorised,Unauthorised Expenditure,0.0
KZN221,uMshwathi,2023,fruitless,Fruitless and Wasteful Expenditure,0.0
KZN221,uMshwathi,2023,irregular,Irregular Expenditure,0.0
KZN221,uMshwathi,2023,unauthorised,Unauthorised Expenditure,0.0
KZN222,uMngeni,2023,fruitless,Fruitless and Wasteful Expenditure,5836.0
KZN222,uMngeni,2023,irregular,Irregular Expenditure,3319858.0
KZN222,uMngeni,2023,unauthorised,Unauthorised Expenditure,100709547.0
KZN223,Mpofana,2023,fruitless,Fruitless and Wasteful Expenditure,32648537.0
KZN223,Mpofana,2023,irregular,Irregular Expenditure,32792329.0
KZN223,Mpofana,2023,unauthorised,Unauthorised Expenditure,76038564.0
KZN224,Impendle,2023,fruitless,Fruitless and Wasteful Expenditure,20165.0
KZN224,Impendle,2023,irregular,Irregular Expenditure,6269638.0
KZN224,Impendle,2023,unauthorised,Unauthorised Expenditure,10304509.0
KZN225,Msunduzi,2023,fruitless,Fruitless and Wasteful Expenditure,153182256.0
KZN225,Msunduzi,2023,irregular,Irregular Expenditure,59889157.0
KZN225,Msunduzi,2023,unauthorised,Unauthorised Expenditure,0.0
KZN226,Mkhambathini,2023,fruitless,Fruitless and Wasteful Expenditure,4274.0
KZN226,Mkhambathini,2023,irregular,Irregular Expenditure,8735387.0
KZN226,Mkhambathini,2023,unauthorised,Unauthorised Expenditure,0.0
KZN227,Richmond,2023,fruitless,Fruitless and Wasteful Expenditure,6137.0
KZN227,Richmond,2023,irregular,Irregular Expenditure,0.0
KZN227,Richmond,2023,unauthorised,Unauthorised Expenditure,0.0
KZN235,Okhahlamba,2023,fruitless,Fruitless and Wasteful Expenditure,8067.0
KZN235,Okhahlamba,2023,irregular,Irregular Expenditure,39444106.0
KZN235,Okhahlamba,2023,unauthorised,Unauthorised Expenditure,8658942.0
KZN237,Inkosi Langalibalele,2023,fruitless,Fruitless and Wasteful Expenditure,330014.0
KZN237,Inkosi Langalibalele,2023,irregular,Irregular Expenditure,18170607.0
KZN237,Inkosi Langalibalele,2023,unauthorised,Unauthorised Expenditure,53532969.0
KZN238,Alfred Duma,2023,fruitless,Fruitless and Wasteful Expenditure,342239.0
KZN238,Alfred Duma,2023,irregular,Irregular Expenditure,1493247.0
KZN238,Alfred Duma,2023,unauthorised,Unauthorised Expenditure,7200898.0
KZN241,Endumeni,2023,fruitless,Fruitless and Wasteful Expenditure,11432884.0
KZN241,Endumeni,2023,irregular,Irregular Expenditure,21734634.0
KZN241,Endumeni,2023,unauthorised,Unauthorised Expenditure,55999507.0
KZN242,Nquthu,2023,fruitless,Fruitless and Wasteful Expenditure,19614.0
KZN242,Nquthu,2023,irregular,Irregular Expenditure,96626791.0
KZN242,Nquthu,2023,unauthorised,Unauthorised Expenditure,10588682.0
KZN244,Msinga,2023,fruitless,Fruitless and Wasteful Expenditure,29691.0
KZN244,Msinga,2023,irregular,Irregular Expenditure,24531829.0
KZN244,Msinga,2023,unauthorised,Unauthorised Expenditure,6758601.0
KZN245,Umvoti,2023,fruitless,Fruitless and Wasteful Expenditure,12075.0
KZN245,Umvoti,2023,irregular,Irregular Expenditure,42400.0
KZN245,Umvoti,2023,unauthorised,Unauthorised Expenditure,36876928.0
KZN252,Newcastle,2023,fruitless,Fruitless and Wasteful Expenditure,13034701.0
KZN252,Newcastle,2023,irregular,Irregular Expenditure,70567246.0
KZN252,Newcastle,2023,unauthorised,Unauthorised Expenditure,202379120.0
KZN253,Emadlangeni,2023,fruitless,Fruitless and Wasteful Expenditure,368826.0
KZN253,Emadlangeni,2023,irregular,Irregular Expenditure,45087962.0
KZN253,Emadlangeni,2023,unauthorised,Unauthorised Expenditure,28581274.0
KZN254,Dannhauser,2023,fruitless,Fruitless and Wasteful Expenditure,34376.0
KZN254,Dannhauser,2023,irregular,Irregular Expenditure,4196372.0
KZN254,Dannhauser,2023,unauthorised,Unauthorised Expenditure,64654101.0
KZN261,eDumbe,2023,fruitless,Fruitless and Wasteful Expenditure,66252.0
KZN261,eDumbe,2023,irregular,Irregular Expenditure,25721343.0
KZN261,eDumbe,2023,unauthorised,Unauthorised Expenditure,29807133.0
KZN262,uPhongolo,2023,fruitless,Fruitless and Wasteful Expenditure,7929416.0
KZN262,uPhongolo,2023,irregular,Irregular Expenditure,732248.0
KZN262,uPhongolo,2023,unauthorised,Unauthorised Expenditure,32450790.0
KZN263,Abaqulusi,2023,fruitless,Fruitless and Wasteful Expenditure,2387893.0
KZN263,Abaqulusi,2023,irregular,Irregular Expenditure,150429612.0
KZN263,Abaqulusi,2023,unauthorised,Unauthorised Expenditure,233924000.0
KZN265,Nongoma,2023,fruitless,Fruitless and Wasteful Expenditure,1301782.0
KZN265,Nongoma,2023,irregular,Irregular Expenditure,0.0
KZN265,Nongoma,2023,unauthorised,Unauthorised Expenditure,61640317.0
KZN266,Ulundi,2023,fruitless,Fruitless and Wasteful Expenditure,9833878.0
KZN266,Ulundi,2023,irregular,Irregular Expenditure,71199889.0
KZN266,Ulundi,2023,unauthorised,Unauthorised Expenditure,1871545.0
KZN271,Umhlabuyalingana,2023,fruitless,Fruitless and Wasteful Expenditure,344481.0
KZN271,Umhlabuyalingana,2023,irregular,Irregular Expenditure,23559510.0
KZN271,Umhlabuyalingana,2023,unauthorised,Unauthorised Expenditure,0.0
KZN272,Jozini,2023,fruitless,Fruitless and Wasteful Expenditure,273623.0
KZN272,Jozini,2023,irregular,Irregular Expenditure,38884273.0
KZN272,Jozini,2023,unauthorised,Unauthorised Expenditure,94072648.0
KZN275,Mtubatuba,2023,fruitless,Fruitless and Wasteful Expenditure,1091531.0
KZN275,Mtubatuba,2023,irregular,Irregular Expenditure,101150514.0
KZN275,Mtubatuba,2023,unauthorised,Unauthorised Expenditure,58246999.0
KZN276,Hlabisa Big Five,2023,fruitless,Fruitless and Wasteful Expenditure,449.0
KZN276,Hlabisa Big Five,2023,irregular,Irregular Expenditure,7024337.0
KZN276,Hlabisa Big Five,2023,unauthorised,Unauthorised Expenditure,1249754.0
KZN281,Mfolozi,2023,fruitless,Fruitless and Wasteful Expenditure,440270.0
KZN281,Mfolozi,2023,irregular,Irregular Expenditure,34495297.0
KZN281,Mfolozi,2023,unauthorised,Unauthorised Expenditure,42978208.0
KZN282,uMhlathuze,2023,fruitless,Fruitless and Wasteful Expenditure,0.0
KZN282,uMhlathuze,2023,irregular,Irregular Expenditure,405057.0
KZN282,uMhlathuze,2023,unauthorised,Unauthorised Expenditure,0.0
KZN284,uMlalazi,2023,fruitless,Fruitless and Wasteful Expenditure,0.0
KZN284,uMlalazi,2023,irregular,Irregular Expenditure,8126128.0
KZN284,uMlalazi,2023,unauthorised,Unauthorised Expenditure,13193765.0
KZN285,Mthonjaneni,2023,fruitless,Fruitless and Wasteful Expenditure,1672220.0
KZN285,Mthonjaneni,2023,irregular,Irregular Expenditure,64067247.0
KZN285,Mthonjaneni,2023,unauthorised,Unauthorised Expenditure,37984808.0
KZN286,Nkandla,2023,fruitless,Fruitless and Wasteful Expenditure,1337405.0
KZN286,Nkandla,2023,irregular,Irregular Expenditure,12278336.0
KZN286,Nkandla,2023,unauthorised,Unauthorised Expenditure,23626358.0
KZN291,Mandeni,2023,fruitless,Fruitless and Wasteful Expenditure,324524.0
KZN291,Mandeni,2023,irregular,Irregular Expenditure,14302521.0
KZN291,Mandeni,2023,unauthorised,Unauthorised Expenditure,6242581.0
KZN292,KwaDukuza,2023,fruitless,Fruitless and Wasteful Expenditure,1861262.0
KZN292,KwaDukuza,2023,irregular,Irregular Expenditure,52125526.0
KZN292,KwaDukuza,2023,unauthorised,Unauthorised Expenditure,46736517.0
KZN293,Ndwedwe,2023,fruitless,Fruitless and Wasteful Expenditure,10133.0
KZN293,Ndwedwe,2023,irregular,Irregular Expenditure,3104785.0
KZN293,Ndwedwe,2023,unauthorised,Unauthorised Expenditure,16040754.0
KZN294,Maphumulo,2023,fruitless,Fruitless and Wasteful Expenditure,29658.0
KZN294,Maphumulo,2023,irregular,Irregular Expenditure,17005743.0
KZN294,Maphumulo,2023,unauthorised,Unauthorised Expenditure,43456120.0
KZN433,Greater Kokstad,2023,fruitless,Fruitless and Wasteful Expenditure,0.0
KZN433,Greater Kokstad,2023,irregular,Irregular Expenditure,9912707.0
KZN433,Greater Kokstad,2023,unauthorised,Unauthorised Expenditure,0.0
KZN434,Johannes Phumani Phungula,2023,fruitless,Fruitless and Wasteful Expenditure,6404.0
KZN434,Johannes Phumani Phungula,2023,irregular,Irregular Expenditure,7614690.0
KZN434,Johannes Phumani Phungula,2023,unauthorised,Unauthorised Expenditure,19956120.0
KZN435,Umzimkhulu,2023,fruitless,Fruitless and Wasteful Expenditure,0.0
KZN435,Umzimkhulu,2023,irregular,Irregular Expenditure,19074607.0
KZN435,Umzimkhulu,2023,unauthorised,Unauthorised Expenditure,0.0
KZN436,Dr Nkosazana Dlamini Zuma,2023,fruitless,Fruitless and Wasteful Expenditure,180363.0
KZN436,Dr Nkosazana Dlamini Zuma,2023,irregular,Irregular Expenditure,1614852.0
KZN436,Dr Nkosazana Dlamini Zuma,2023,unauthorised,Unauthorised Expenditure,0.0
LIM331,Greater Giyani,2023,fruitless,Fruitless and Wasteful Expenditure,290329.0
LIM331,Greater Giyani,2023,irregular,Irregular Expenditure,14363302.0
LIM331,Greater Giyani,2023,unauthorised,Unauthorised Expenditure,118879105.0
LIM332,Greater Letaba,2023,fruitless,Fruitless and Wasteful Expenditure,595201.0
LIM332,Greater Letaba,2023,irregular,Irregular Expenditure,18261495.0
LIM332,Greater Letaba,2023,unauthorised,Unauthorised Expenditure,33126719.0
LIM333,Greater Tzaneen,2023,fruitless,Fruitless and Wasteful Expenditure,13390138.0
LIM333,Greater Tzaneen,2023,irregular,Irregular Expenditure,114605224.0
LIM333,Greater Tzaneen,2023,unauthorised,Unauthorised Expenditure,19894903.0
LIM334,Ba-Phalaborwa,2023,fruitless,Fruitless and Wasteful Expenditure,182862.0
LIM334,Ba-Phalaborwa,2023,irregular,Irregular Expenditure,21968945.0
LIM334,Ba-Phalaborwa,2023,unauthorised,Unauthorised Expenditure,0.0
LIM335,Maruleng,2023,fruitless,Fruitless and Wasteful Expenditure,120320.0
LIM335,Maruleng,2023,irregular,Irregular Expenditure,37827381.0
LIM335,Maruleng,2023,unauthorised,Unauthorised Expenditure,4364320.0
LIM341,Musina,2023,fruitless,Fruitless and Wasteful Expenditure,0.0
LIM341,Musina,2023,irregular,Irregular Expenditure,33278971.0
LIM341,Musina,2023,unauthorised,Unauthorised Expenditure,0.0
LIM343,Thulamela,2023,fruitless,Fruitless and Wasteful Expenditure,2960411.0
LIM343,Thulamela,2023,irregular,Irregular Expenditure,35193270.0
LIM343,Thulamela,2023,unauthorised,Unauthorised Expenditure,0.0
LIM344,Makhado,2023,fruitless,Fruitless and Wasteful Expenditure,259169.0
LIM344,Makhado,2023,irregular,Irregular Expenditure,693420.0
LIM344,Makhado,2023,unauthorised,Unauthorised Expenditure,0.0
LIM345,Collins Chabane,2023,fruitless,Fruitless and Wasteful Expenditure,357735.0
LIM345,Collins Chabane,2023,irregular,Irregular Expenditure,5706484.0
LIM345,Collins Chabane,2023,unauthorised,Unauthorised Expenditure,85664874.0
LIM351,Blouberg,2023,fruitless,Fruitless and Wasteful Expenditure,0.0
LIM351,Blouberg,2023,irregular,Irregular Expenditure,4702094.0
LIM351,Blouberg,2023,unauthorised,Unauthorised Expenditure,0.0
LIM353,Molemole,2023,fruitless,Fruitless and Wasteful Expenditure,1806.0
LIM353,Molemole,2023,irregular,Irregular Expenditure,4035034.0
LIM353,Molemole,2023,unauthorised,Unauthorised Expenditure,11075924.0
LIM354,Polokwane,2023,fruitless,Fruitless and Wasteful Expenditure,0.0
LIM354,Polokwane,2023,irregular,Irregular Expenditure,255808363.0
LIM354,Polokwane,2023,unauthorised,Unauthorised Expenditure,1040556577.0
LIM355,Lepelle-Nkumpi,2023,fruitless,Fruitless and Wasteful Expenditure,40097.0
LIM355,Lepelle-Nkumpi,2023,irregular,Irregular Expenditure,72647516.0
LIM355,Lepelle-Nkumpi,2023,unauthorised,Unauthorised Expenditure,3510730.0
LIM361,Thabazimbi,2023,fruitless,Fruitless and Wasteful Expenditure,14326275.0
LIM361,Thabazimbi,2023,irregular,Irregular Expenditure,40572415.0
LIM361,Thabazimbi,2023,unauthorised,Unauthorised Expenditure,26324049.0
LIM362,Lephalale,2023,fruitless,Fruitless and Wasteful Expenditure,844.0
LIM362,Lephalale,2023,irregular,Irregular Expenditure,5337144.0
LIM362,Lephalale,2023,unauthorised,Unauthorised Expenditure,0.0
LIM366,Bela Bela,2023,fruitless,Fruitless and Wasteful Expenditure,4470743.0
LIM366,Bela Bela,2023,irregular,Irregular Expenditure,67456810.0
LIM366,Bela Bela,2023,unauthorised,Unauthorised Expenditure,35089192.0
LIM367,Mogalakwena,2023,fruitless,Fruitless and Wasteful Expenditure,5169060.0
LIM367,Mogalakwena,2023,irregular,Irregular Expenditure,544258166.0
LIM367,Mogalakwena,2023,unauthorised,Unauthorised Expenditure,228160102.0
LIM368,Modimolle-Mookgopong,2023,fruitless,Fruitless and Wasteful Expenditure,84568427.0
LIM368,Modimolle-Mookgopong,2023,irregular,Irregular Expenditure,78067407.0
LIM368,Modimolle-Mookgopong,2023,unauthorised,Unauthorised Expenditure,132948494.0
LIM471,Ephraim Mogale,2023,fruitless,Fruitless and Wasteful Expenditure,20383.0
LIM471,Ephraim Mogale,2023,irregular,Irregular Expenditure,56416259.0
LIM471,Ephraim Mogale,2023,unauthorised,Unauthorised Expenditure,0.0
LIM472,Elias Motsoaledi,2023,fruitless,Fruitless and Wasteful Expenditure,1898396.0
LIM472,Elias Motsoaledi,2023,irregular,Irregular Expenditure,75859810.0
LIM472,Elias Motsoaledi,2023,unauthorised,Unauthorised Expenditure,0.0
LIM473,Makhuduthamaga,2023,fruitless,Fruitless and Wasteful Expenditure,0.0
LIM473,Makhuduthamaga,2023,irregular,Irregular Expenditure,6661732.0
LIM473,Makhuduthamaga,2023,unauthorised,Unauthorised Expenditure,23008909.0
LIM476,Tubatse Fetakgomo,2023,fruitless,Fruitless and Wasteful Expenditure,709070.0
LIM476,Tubatse Fetakgomo,2023,irregular,Irregular Expenditure,50892850.0
LIM476,Tubatse Fetakgomo,2023,unauthorised,Unauthorised Expenditure,224904509.0
MAN,Mangaung,2023,fruitless,Fruitless and Wasteful Expenditure,140687849.0
MAN,Mangaung,2023,irregular,Irregular Expenditure,198150622.0
MAN,Mangaung,2023,unauthorised,Unauthorised Expenditure,1195214671.0
MP301,Albert Luthuli,2023,fruitless,Fruitless and Wasteful Expenditure,10777.0
MP301,Albert Luthuli,2023,irregular,Irregular Expenditure,42672831.0
MP301,Albert Luthuli,2023,unauthorised,Unauthorised Expenditure,0.0
MP302,Msukaligwa,2023,fruitless,Fruitless and Wasteful Expenditure,82521074.0
MP302,Msukaligwa,2023,irregular,Irregular Expenditure,50968388.0
MP302,Msukaligwa,2023,unauthorised,Unauthorised Expenditure,235125294.0
MP303,Mkhondo,2023,fruitless,Fruitless and Wasteful Expenditure,5177178.0
MP303,Mkhondo,2023,irregular,Irregular Expenditure,19782747.0
MP303,Mkhondo,2023,unauthorised,Unauthorised Expenditure,161114830.0
MP304,Pixley Ka Seme (MP),2023,fruitless,Fruitless and Wasteful Expenditure,1970951.0
MP304,Pixley Ka Seme (MP),2023,irregular,Irregular Expenditure,14528349.0
MP304,Pixley Ka Seme (MP),2023,unauthorised,Unauthorised Expenditure,0.0
MP305,Lekwa,2023,fruitless,Fruitless and Wasteful Expenditure,309844379.0
MP305,Lekwa,2023,irregular,Irregular Expenditure,61815130.0
MP305,Lekwa,2023,unauthorised,Unauthorised Expenditure,242994147.0
MP306,Dipaleseng,2023,fruitless,Fruitless and Wasteful Expenditure,29085958.0
MP306,Dipaleseng,2023,irregular,Irregular Expenditure,118287740.0
MP306,Dipaleseng,2023,unauthorised,Unauthorised Expenditure,260030040.0
MP307,Govan Mbeki,2023,fruitless,Fruitless and Wasteful Expenditure,327828097.0
MP307,Govan Mbeki,2023,irregular,Irregular Expenditure,141293283.0
MP307,Govan Mbeki,2023,unauthorised,Unauthorised Expenditure,458656775.0
MP311,Victor Khanye,2023,fruitless,Fruitless and Wasteful Expenditure,87055074.0
MP311,Victor Khanye,2023,irregular,Irregular Expenditure,118493870.0
MP311,Victor Khanye,2023,unauthorised,Unauthorised Expenditure,10841069.0
MP312,Emalahleni (MP),2023,fruitless,Fruitless and Wasteful Expenditure,534088102.0
MP312,Emalahleni (MP),2023,irregular,Irregular Expenditure,154223292.0
MP312,Emalahleni (MP),2023,unauthorised,Unauthorised Expenditure,921199942.0
MP313,Steve Tshwete,2023,fruitless,Fruitless and Wasteful Expenditure,0.0
MP313,Steve Tshwete,2023,irregular,Irregular Expenditure,289907289.0
MP313,Steve Tshwete,2023,unauthorised,Unauthorised Expenditure,0.0
MP314,Emakhazeni,2023,fruitless,Fruitless and Wasteful Expenditure,19183506.0
MP314,Emakhazeni,2023,irregular,Irregular Expenditure,148449923.0
MP314,Emakhazeni,2023,unauthorised,Unauthorised Expenditure,121014711.0
MP315,Thembisile Hani,2023,fruitless,Fruitless and Wasteful Expenditure,0.0
MP315,Thembisile Hani,2023,irregular,Irregular Expenditure,38157843.0
MP315,Thembisile Hani,2023,unauthorised,Unauthorised Expenditure,0.0
MP316,Dr J.S. Moroka,2023,fruitless,Fruitless and Wasteful Expenditure,193301.0
MP316,Dr J.S. Moroka,2023,irregular,Irregular Expenditure,227922842.0
MP316,Dr J.S. Moroka,2023,unauthorised,Unauthorised Expenditure,20008238.0
MP321,Thaba Chweu,2023,fruitless,Fruitless and Wasteful Expenditure,81646202.0
MP321,Thaba Chweu,2023,irregular,Irregular Expenditure,80277702.0
MP321,Thaba Chweu,2023,unauthorised,Unauthorised Expenditure,168891625.0
MP324,Nkomazi,2023,fruitless,Fruitless and Wasteful Expenditure,312607.0
MP324,Nkomazi,2023,irregular,Irregular Expenditure,87334510.0
MP324,Nkomazi,2023,unauthorised,Unauthorised Expenditure,162066291.0
MP325,Bushbuckridge,2023,fruitless,Fruitless and Wasteful Expenditure,1258628.0
MP325,Bushbuckridge,2023,irregular,Irregular Expenditure,7186801.0
MP325,Bushbuckridge,2023,unauthorised,Unauthorised Expenditure,9763249.0
MP326,City of Mbombela,2023,fruitless,Fruitless and Wasteful Expenditure,136108944.0
MP326,City of Mbombela,2023,irregular,Irregular Expenditure,204740374.0
MP326,City of Mbombela,2023,unauthorised,Unauthorised Expenditure,780313836.0
NC061,Richtersveld,2023,fruitless,Fruitless and Wasteful Expenditure,6317055.0
NC061,Richtersveld,2023,irregular,Irregular Expenditure,8166223.0
NC061,Richtersveld,2023,unauthorised,Unauthorised Expenditure,23097962.0
NC062,Nama Khoi,2023,fruitless,Fruitless and Wasteful Expenditure,12475563.0
NC062,Nama Khoi,2023,irregular,Irregular Expenditure,17340619.0
NC062,Nama Khoi,2023,unauthorised,Unauthorised Expenditure,62800071.0
NC064,Kamiesberg,2023,fruitless,Fruitless and Wasteful Expenditure,7286541.0
NC064,Kamiesberg,2023,irregular,Irregular Expenditure,11722446.0
NC064,Kamiesberg,2023,unauthorised,Unauthorised Expenditure,62653112.0
NC065,Hantam,2023,fruitless,Fruitless and Wasteful Expenditure,0.0
NC065,Hantam,2023,irregular,Irregular Expenditure,210704.0
NC065,Hantam,2023,unauthorised,Unauthorised Expenditure,0.0
NC066,Karoo Hoogland,2023,fruitless,Fruitless and Wasteful Expenditure,441217.0
NC066,Karoo Hoogland,2023,irregular,Irregular Expenditure,200484.0
NC066,Karoo Hoogland,2023,unauthorised,Unauthorised Expenditure,29577318.0
NC067,Khai-Ma,2023,fruitless,Fruitless and Wasteful Expenditure,3126359.0
NC067,Khai-Ma,2023,irregular,Irregular Expenditure,0.0
NC067,Khai-Ma,2023,unauthorised,Unauthorised Expenditure,0.0
NC071,Ubuntu,2023,fruitless,Fruitless and Wasteful Expenditure,5311406.0
NC071,Ubuntu,2023,irregular,Irregular Expenditure,0.0
NC071,Ubuntu,2023,unauthorised,Unauthorised Expenditure,24741078.0
NC072,Umsobomvu,2023,fruitless,Fruitless and Wasteful Expenditure,1900197.0
NC072,Umsobomvu,2023,irregular,Irregular Expenditure,2227623.0
NC072,Umsobomvu,2023,unauthorised,Unauthorised Expenditure,0.0
NC073,Emthanjeni,2023,fruitless,Fruitless and Wasteful Expenditure,11741651.0
NC073,Emthanjeni,2023,irregular,Irregular Expenditure,8656093.0
NC073,Emthanjeni,2023,unauthorised,Unauthorised Expenditure,157935249.0
NC074,Kareeberg,2023,fruitless,Fruitless and Wasteful Expenditure,73298.0
NC074,Kareeberg,2023,irregular,Irregular Expenditure,10745218.0
NC074,Kareeberg,2023,unauthorised,Unauthorised Expenditure,1427999.0
NC075,Renosterberg,2023,fruitless,Fruitless and Wasteful Expenditure,56394212.0
NC075,Renosterberg,2023,irregular,Irregular Expenditure,32005560.0
NC075,Renosterberg,2023,unauthorised,Unauthorised Expenditure,28808260.0
NC076,Thembelihle,2023,fruitless,Fruitless and Wasteful Expenditure,8119914.0
NC076,Thembelihle,2023,irregular,Irregular Expenditure,7814239.0
NC076,Thembelihle,2023,unauthorised,Unauthorised Expenditure,15520317.0
NC077,Siyathemba,2023,fruitless,Fruitless and Wasteful Expenditure,13358916.0
NC077,Siyathemba,2023,irregular,Irregular Expenditure,52095604.0
NC077,Siyathemba,2023,unauthorised,Unauthorised Expenditure,44599383.0
NC078,Siyancuma,2023,fruitless,Fruitless and Wasteful Expenditure,11141282.0
NC078,Siyancuma,2023,irregular,Irregular Expenditure,15737897.0
NC078,Siyancuma,2023,unauthorised,Unauthorised Expenditure,29085137.0
NC082,!Kai! Garib,2023,fruitless,Fruitless and Wasteful Expenditure,59649237.0
NC082,!Kai! Garib,2023,irregular,Irregular Expenditure,69612707.0
NC082,!Kai! Garib,2023,unauthorised,Unauthorised Expenditure,121069621.0
NC084,!Kheis,2023,fruitless,Fruitless and Wasteful Expenditure,2099327.0
NC084,!Kheis,2023,irregular,Irregular Expenditure,2632908.0
NC084,!Kheis,2023,unauthorised,Unauthorised Expenditure,0.0
NC085,Tsantsabane,2023,fruitless,Fruitless and Wasteful Expenditure,20724977.0
NC085,Tsantsabane,2023,irregular,Irregular Expenditure,16436787.0
NC085,Tsantsabane,2023,unauthorised,Unauthorised Expenditure,43960419.0
NC086,Kgatelopele,2023,fruitless,Fruitless and Wasteful Expenditure,3586367.0
NC086,Kgatelopele,2023,irregular,Irregular Expenditure,11602211.0
NC086,Kgatelopele,2023,unauthorised,Unauthorised Expenditure,0.0
NC087,Dawid Kruiper,2023,fruitless,Fruitless and Wasteful Expenditure,10933334.0
NC087,Dawid Kruiper,2023,irregular,Irregular Expenditure,2069972.0
NC087,Dawid Kruiper,2023,unauthorised,Unauthorised Expenditure,0.0
NC091,Sol Plaatje,2023,fruitless,Fruitless and Wasteful Expenditure,100574734.0
NC091,Sol Plaatje,2023,irregular,Irregular Expenditure,142657671.0
NC091,Sol Plaatje,2023,unauthorised,Unauthorised Expenditure,0.0
NC092,Dikgatlong,2023,fruitless,Fruitless and Wasteful Expenditure,14062967.0
NC092,Dikgatlong,2023,irregular,Irregular Expenditure,8957756.0
NC092,Dikgatlong,2023,unauthorised,Unauthorised Expenditure,0.0
NC093,Magareng,2023,fruitless,Fruitless and Wasteful Expenditure,6509332.0
NC093,Magareng,2023,irregular,Irregular Expenditure,22878449.0
NC093,Magareng,2023,unauthorised,Unauthorised Expenditure,24275080.0
NC094,Phokwane,2023,fruitless,Fruitless and Wasteful Expenditure,22295447.0
NC094,Phokwane,2023,irregular,Irregular Expenditure,34117187.0
NC094,Phokwane,2023,unauthorised,Unauthorised Expenditure,333563207.0
NC451,Joe Morolong,2023,fruitless,Fruitless and Wasteful Expenditure,635970.0
NC451,Joe Morolong,2023,irregular,Irregular Expenditure,11645822.0
NC451,Joe Morolong,2023,unauthorised,Unauthorised Expenditure,15500961.0
NC452,Ga-Segonyana,2023,fruitless,Fruitless and Wasteful Expenditure,17225.0
NC452,Ga-Segonyana,2023,irregular,Irregular Expenditure,51489970.0
NC452,Ga-Segonyana,2023,unauthorised,Unauthorised Expenditure,48939000.0
NC453,Gamagara,2023,fruitless,Fruitless and Wasteful Expenditure,38036743.0
NC453,Gamagara,2023,irregular,Irregular Expenditure,142914755.0
NC453,Gamagara,2023,unauthorised,Unauthorised Expenditure,17973260.0
NMA,Nelson Mandela Bay,2023,fruitless,Fruitless and Wasteful Expenditure,46135679.0
NMA,Nelson Mandela Bay,2023,irregular,Irregular Expenditure,1401363381.0
NMA,Nelson Mandela Bay,2023,unauthorised,Unauthorised Expenditure,65279619.0
NW371,Moretele,2023,fruitless,Fruitless and Wasteful Expenditure,1806047.0
NW371,Moretele,2023,irregular,Irregular Expenditure,27954872.0
NW371,Moretele,2023,unauthorised,Unauthorised Expenditure,119299528.0
NW372,Madibeng,2023,fruitless,Fruitless and Wasteful Expenditure,63166151.0
NW372,Madibeng,2023,irregular,Irregular Expenditure,76126554.0
NW372,Madibeng,2023,unauthorised,Unauthorised Expenditure,408242169.0
NW373,Rustenburg,2023,fruitless,Fruitless and Wasteful Expenditure,2549000.0
NW373,Rustenburg,2023,irregular,Irregular Expenditure,379255000.0
NW373,Rustenburg,2023,unauthorised,Unauthorised Expenditure,48039000.0
NW374,Kgetlengrivier,2023,fruitless,Fruitless and Wasteful Expenditure,77660455.0
NW374,Kgetlengrivier,2023,irregular,Irregular Expenditure,117536796.0
NW374,Kgetlengrivier,2023,unauthorised,Unauthorised Expenditure,92852006.0
NW375,Moses Kotane,2023,fruitless,Fruitless and Wasteful Expenditure,3159280.0
NW375,Moses Kotane,2023,irregular,Irregular Expenditure,77436751.0
NW375,Moses Kotane,2023,unauthorised,Unauthorised Expenditure,9119548.0
NW381,Ratlou,2023,fruitless,Fruitless and Wasteful Expenditure,53933.0
NW381,Ratlou,2023,irregular,Irregular Expenditure,14107054.0
NW381,Ratlou,2023,unauthorised,Unauthorised Expenditure,14464997.0
NW382,Tswaing,2023,fruitless,Fruitless and Wasteful Expenditure,41427200.0
NW382,Tswaing,2023,irregular,Irregular Expenditure,336118124.0
NW382,Tswaing,2023,unauthorised,Unauthorised Expenditure,86069059.0
NW383,Mafikeng,2023,fruitless,Fruitless and Wasteful Expenditure,228387.0
NW383,Mafikeng,2023,irregular,Irregular Expenditure,225956577.0
NW383,Mafikeng,2023,unauthorised,Unauthorised Expenditure,163992285.0
NW384,Ditsobotla,2023,fruitless,Fruitless and Wasteful Expenditure,64065443.0
NW384,Ditsobotla,2023,irregular,Irregular Expenditure,29704946.0
NW384,Ditsobotla,2023,unauthorised,Unauthorised Expenditure,281824494.0
NW385,Ramotshere Moiloa,2023,fruitless,Fruitless and Wasteful Expenditure,8447640.0
NW385,Ramotshere Moiloa,2023,irregular,Irregular Expenditure,60988457.0
NW385,Ramotshere Moiloa,2023,unauthorised,Unauthorised Expenditure,92832243.0
NW392,Naledi (NW),2023,fruitless,Fruitless and Wasteful Expenditure,58119632.0
NW392,Naledi (NW),2023,irregular,Irregular Expenditure,125502703.0
NW392,Naledi (NW),2023,unauthorised,Unauthorised Expenditure,72749062.0
NW393,Mamusa,2023,fruitless,Fruitless and Wasteful Expenditure,23887876.0
NW393,Mamusa,2023,irregular,Irregular Expenditure,37948534.0
NW393,Mamusa,2023,unauthorised,Unauthorised Expenditure,56990468.0
NW394,Greater Taung,2023,fruitless,Fruitless and Wasteful Expenditure,131832.0
NW394,Greater Taung,2023,irregular,Irregular Expenditure,325572749.0
NW394,Greater Taung,2023,unauthorised,Unauthorised Expenditure,27758407.0
NW396,Lekwa-Teemane,2023,fruitless,Fruitless and Wasteful Expenditure,38733845.0
NW396,Lekwa-Teemane,2023,irregular,Irregular Expenditure,32258324.0
NW396,Lekwa-Teemane,2023,unauthorised,Unauthorised Expenditure,129268310.0
NW397,Kagisano-Molopo,2023,fruitless,Fruitless and Wasteful Expenditure,1038232.0
NW397,Kagisano-Molopo,2023,irregular,Irregular Expenditure,138693092.0
NW397,Kagisano-Molopo,2023,unauthorised,Unauthorised Expenditure,54749865.0
NW403,City of Matlosana,2023,fruitless,Fruitless and Wasteful Expenditure,233384410.0
NW403,City of Matlosana,2023,irregular,Irregular Expenditure,276936124.0
NW403,City of Matlosana,2023,unauthorised,Unauthorised Expenditure,369616587.0
NW404,Maquassi Hills,2023,fruitless,Fruitless and Wasteful Expenditure,7831540.0
NW404,Maquassi Hills,2023,irregular,Irregular Expenditure,24933298.0
NW404,Maquassi Hills,2023,unauthorised,Unauthorised Expenditure,23960910.0
NW405,J B Marks,2023,fruitless,Fruitless and Wasteful Expenditure,5948118.0
NW405,J B Marks,2023,irregular,Irregular Expenditure,297767935.0
NW405,J B Marks,2023,unauthorised,Unauthorised Expenditure,33208916.0
TSH,City of Tshwane,2023,fruitless,Fruitless and Wasteful Expenditure,1345301892.0
TSH,City of Tshwane,2023,irregular,Irregular Expenditure,3816853278.0
TSH,City of Tshwane,2023,unauthorised,Unauthorised Expenditure,423284507.0
WC011,Matzikama,2023,fruitless,Fruitless and Wasteful Expenditure,14683505.0
WC011,Matzikama,2023,irregular,Irregular Expenditure,85186609.0
WC011,Matzikama,2023,unauthorised,Unauthorised Expenditure,0.0
WC012,Cederberg,2023,fruitless,Fruitless and Wasteful Expenditure,3911555.0
WC012,Cederberg,2023,irregular,Irregular Expenditure,36233137.0
WC012,Cederberg,2023,unauthorised,Unauthorised Expenditure,2369206.0
WC013,Bergrivier,2023,fruitless,Fruitless and Wasteful Expenditure,27545.0
WC013,Bergrivier,2023,irregular,Irregular Expenditure,1368884.0
WC013,Bergrivier,2023,unauthorised,Unauthorised Expenditure,0.0
WC014,Saldanha Bay,2023,fruitless,Fruitless and Wasteful Expenditure,974.0
WC014,Saldanha Bay,2023,irregular,Irregular Expenditure,1149559.0
WC014,Saldanha Bay,2023,unauthorised,Unauthorised Expenditure,0.0
WC015,Swartland,2023,fruitless,Fruitless and Wasteful Expenditure,0.0
WC015,Swartland,2023,irregular,Irregular Expenditure,435563.0
WC015,Swartland,2023,unauthorised,Unauthorised Expenditure,5556386.0
WC022,Witzenberg,2023,fruitless,Fruitless and Wasteful Expenditure,0.0
WC022,Witzenberg,2023,irregular,Irregular Expenditure,5437362.0
WC022,Witzenberg,2023,unauthorised,Unauthorised Expenditure,0.0
WC023,Drakenstein,2023,fruitless,Fruitless and Wasteful Expenditure,1454220.0
WC023,Drakenstein,2023,irregular,Irregular Expenditure,449274.0
WC023,Drakenstein,2023,unauthorised,Unauthorised Expenditure,0.0
WC024,Stellenbosch,2023,fruitless,Fruitless and Wasteful Expenditure,0.0
WC024,Stellenbosch,2023,irregular,Irregular Expenditure,38427609.0
WC024,Stellenbosch,2023,unauthorised,Unauthorised Expenditure,0.0
WC025,Breede Valley,2023,fruitless,Fruitless and Wasteful Expenditure,0.0
WC025,Breede Valley,2023,irregular,Irregular Expenditure,0.0
WC025,Breede Valley,2023,unauthorised,Unauthorised Expenditure,0.0
WC026,Langeberg,2023,fruitless,Fruitless and Wasteful Expenditure,37311.0
WC026,Langeberg,2023,irregular,Irregular Expenditure,0.0
WC026,Langeberg,2023,unauthorised,Unauthorised Expenditure,0.0
WC031,Theewaterskloof,2023,fruitless,Fruitless and Wasteful Expenditure,18386.0
WC031,Theewaterskloof,2023,irregular,Irregular Expenditure,196878284.0
WC031,Theewaterskloof,2023,unauthorised,Unauthorised Expenditure,104357068.0
WC032,Overstrand,2023,fruitless,Fruitless and Wasteful Expenditure,0.0
WC032,Overstrand,2023,irregular,Irregular Expenditure,2332519.0
WC032,Overstrand,2023,unauthorised,Unauthorised Expenditure,26061573.0
WC033,Cape Agulhas,2023,fruitless,Fruitless and Wasteful Expenditure,438263.0
WC033,Cape Agulhas,2023,irregular,Irregular Expenditure,2945706.0
WC033,Cape Agulhas,2023,unauthorised,Unauthorised Expenditure,8554299.0
WC034,Swellendam,2023,fruitless,Fruitless and Wasteful Expenditure,248240.0
WC034,Swellendam,2023,irregular,Irregular Expenditure,35118781.0
WC034,Swellendam,2023,unauthorised,Unauthorised Expenditure,1018394.0
WC041,Kannaland,2023,fruitless,Fruitless and Wasteful Expenditure,3301190.0
WC041,Kannaland,2023,irregular,Irregular Expenditure,7240086.0
WC041,Kannaland,2023,unauthorised,Unauthorised Expenditure,11615085.0
WC042,Hessequa,2023,fruitless,Fruitless and Wasteful Expenditure,0.0
WC042,Hessequa,2023,irregular,Irregular Expenditure,5412400.0
WC042,Hessequa,2023,unauthorised,Unauthorised Expenditure,5853667.0
WC043,Mossel Bay,2023,fruitless,Fruitless and Wasteful Expenditure,0.0
WC043,Mossel Bay,2023,irregular,Irregular Expenditure,2736925.0
WC043,Mossel Bay,2023,unauthorised,Unauthorised Expenditure,2154825.0
WC044,George,2023,fruitless,Fruitless and Wasteful Expenditure,0.0
WC044,George,2023,irregular,Irregular Expenditure,173220.0
WC044,George,2023,unauthorised,Unauthorised Expenditure,0.0
WC045,Oudtshoorn,2023,fruitless,Fruitless and Wasteful Expenditure,0.0
WC045,Oudtshoorn,2023,irregular,Irregular Expenditure,5356869.0
WC045,Oudtshoorn,2023,unauthorised,Unauthorised Expenditure,0.0
WC047,Bitou,2023,fruitless,Fruitless and Wasteful Expenditure,75000.0
WC047,Bitou,2023,irregular,Irregular Expenditure,175345.0
WC047,Bitou,2023,unauthorised,Unauthorised Expenditure,0.0
WC048,Knysna,2023,fruitless,Fruitless and Wasteful Expenditure,2889680.0
WC048,Knysna,2023,irregular,Irregular Expenditure,71659020.0
WC048,Knysna,2023,unauthorised,Unauthorised Expenditure,58912849.0
WC051,Laingsburg,2023,fruitless,Fruitless and Wasteful Expenditure,682133.0
WC051,Laingsburg,2023,irregular,Irregular Expenditure,3721284.0
WC051,Laingsburg,2023,unauthorised,Unauthorised Expenditure,38099732.0
WC052,Prince Albert,2023,fruitless,Fruitless and Wasteful Expenditure,0.0
WC052,Prince Albert,2023,irregular,Irregular Expenditure,1694266.0
WC052,Prince Albert,2023,unauthorised,Unauthorised Expenditure,7727404.0
WC053,Beaufort West,2023,fruitless,Fruitless and Wasteful Expenditure,8962175.0
WC053,Beaufort West,2023,irregular,Irregular Expenditure,27780969.0
WC053,Beaufort West,2023,unauthorised,Unauthorised Expenditure,21279219.0
BUF,Buffalo City,2024,fruitless,Fruitless and Wasteful Expenditure,692826.0
BUF,Buffalo City,2024,irregular,Irregular Expenditure,1317740495.0
BUF,Buffalo City,2024,unauthorised,Unauthorised Expenditure,403496432.0
CPT,Cape Town,2024,fruitless,Fruitless and Wasteful Expenditure,0.0
CPT,Cape Town,2024,irregular,Irregular Expenditure,634262000.0
CPT,Cape Town,2024,unauthorised,Unauthorised Expenditure,0.0
DC1,West Coast,2024,fruitless,Fruitless and Wasteful Expenditure,116292.0
DC1,West Coast,2024,irregular,Irregular Expenditure,423085.0
DC1,West Coast,2024,unauthorised,Unauthorised Expenditure,0.0
DC10,Sarah Baartman,2024,fruitless,Fruitless and Wasteful Expenditure,11700.0
DC10,Sarah Baartman,2024,irregular,Irregular Expenditure,12366465.0
DC10,Sarah Baartman,2024,unauthorised,Unauthorised Expenditure,0.0
DC12,Amathole,2024,fruitless,Fruitless and Wasteful Expenditure,28181947.0
DC12,Amathole,2024,irregular,Irregular Expenditure,639289240.0
DC12,Amathole,2024,unauthorised,Unauthorised Expenditure,188648710.0
DC13,Chris Hani,2024,fruitless,Fruitless and Wasteful Expenditure,2241445.0
DC13,Chris Hani,2024,irregular,Irregular Expenditure,152467266.0
DC13,Chris Hani,2024,unauthorised,Unauthorised Expenditure,98733378.0
DC14,Joe Gqabi,2024,fruitless,Fruitless and Wasteful Expenditure,0.0
DC14,Joe Gqabi,2024,irregular,Irregular Expenditure,0.0
DC14,Joe Gqabi,2024,unauthorised,Unauthorised Expenditure,0.0
DC15,O R Tambo,2024,fruitless,Fruitless and Wasteful Expenditure,3741092.0
DC15,O R Tambo,2024,irregular,Irregular Expenditure,181737992.0
DC15,O R Tambo,2024,unauthorised,Unauthorised Expenditure,264984965.0
DC16,Xhariep,2024,fruitless,Fruitless and Wasteful Expenditure,255704.0
DC16,Xhariep,2024,irregular,Irregular Expenditure,4168088.0
DC16,Xhariep,2024,unauthorised,Unauthorised Expenditure,12670102.0
DC18,Lejweleputswa,2024,fruitless,Fruitless and Wasteful Expenditure,207336.0
DC18,Lejweleputswa,2024,irregular,Irregular Expenditure,23855845.0
DC18,Lejweleputswa,2024,unauthorised,Unauthorised Expenditure,812483.0
DC19,Thabo Mofutsanyana,2024,fruitless,Fruitless and Wasteful Expenditure,6177.0
DC19,Thabo Mofutsanyana,2024,irregular,Irregular Expenditure,10158359.0
DC19,Thabo Mofutsanyana,2024,unauthorised,Unauthorised Expenditure,1085589.0
DC2,Cape Winelands DM,2024,fruitless,Fruitless and Wasteful Expenditure,0.0
DC2,Cape Winelands DM,2024,irregular,Irregular Expenditure,0.0
DC2,Cape Winelands DM,2024,unauthorised,Unauthorised Expenditure,0.0
DC20,Fezile Dabi,2024,fruitless,Fruitless and Wasteful Expenditure,1699021.0
DC20,Fezile Dabi,2024,irregular,Irregular Expenditure,30921595.0
DC20,Fezile Dabi,2024,unauthorised,Unauthorised Expenditure,6569167.0
DC21,Ugu,2024,fruitless,Fruitless and Wasteful Expenditure,23489793.0
DC21,Ugu,2024,irregular,Irregular Expenditure,107142814.0
DC21,Ugu,2024,unauthorised,Unauthorised Expenditure,1099401477.0
DC22,uMgungundlovu,2024,fruitless,Fruitless and Wasteful Expenditure,13945.0
DC22,uMgungundlovu,2024,irregular,Irregular Expenditure,176423114.0
DC22,uMgungundlovu,2024,unauthorised,Unauthorised Expenditure,186531936.0
DC23,Uthukela,2024,fruitless,Fruitless and Wasteful Expenditure,11797950.0
DC23,Uthukela,2024,irregular,Irregular Expenditure,385199722.0
DC23,Uthukela,2024,unauthorised,Unauthorised Expenditure,256334920.0
DC24,Umzinyathi,2024,fruitless,Fruitless and Wasteful Expenditure,11935193.0
DC24,Umzinyathi,2024,irregular,Irregular Expenditure,242382304.0
DC24,Umzinyathi,2024,unauthorised,Unauthorised Expenditure,107974749.0
DC25,Amajuba,2024,fruitless,Fruitless and Wasteful Expenditure,3329362.0
DC25,Amajuba,2024,irregular,Irregular Expenditure,26391991.0
DC25,Amajuba,2024,unauthorised,Unauthorised Expenditure,53933511.0
DC26,Zululand,2024,fruitless,Fruitless and Wasteful Expenditure,3248400.0
DC26,Zululand,2024,irregular,Irregular Expenditure,159294202.0
DC26,Zululand,2024,unauthorised,Unauthorised Expenditure,233746094.0
DC27,Umkhanyakude,2024,fruitless,Fruitless and Wasteful Expenditure,3201308.0
DC27,Umkhanyakude,2024,irregular,Irregular Expenditure,1183039160.0
DC27,Umkhanyakude,2024,unauthorised,Unauthorised Expenditure,171829616.0
DC28,King Cetshwayo,2024,fruitless,Fruitless and Wasteful Expenditure,0.0
DC28,King Cetshwayo,2024,irregular,Irregular Expenditure,0.0
DC28,King Cetshwayo,2024,unauthorised,Unauthorised Expenditure,0.0
DC29,iLembe,2024,fruitless,Fruitless and Wasteful Expenditure,0.0
DC29,iLembe,2024,irregular,Irregular Expenditure,496000.0
DC29,iLembe,2024,unauthorised,Unauthorised Expenditure,0.0
DC3,Overberg,2024,fruitless,Fruitless and Wasteful Expenditure,0.0
DC3,Overberg,2024,irregular,Irregular Expenditure,14048830.0
DC3,Overberg,2024,unauthorised,Unauthorised Expenditure,0.0
DC30,Gert Sibande,2024,fruitless,Fruitless and Wasteful Expenditure,0.0
DC30,Gert Sibande,2024,irregular,Irregular Expenditure,67939757.0
DC30,Gert Sibande,2024,unauthorised,Unauthorised Expenditure,0.0
DC31,Nkangala,2024,fruitless,Fruitless and Wasteful Expenditure,277658.0
DC31,Nkangala,2024,irregular,Irregular Expenditure,0.0
DC31,Nkangala,2024,unauthorised,Unauthorised Expenditure,0.0
DC32,Ehlanzeni,2024,fruitless,Fruitless and Wasteful Expenditure,72809.0
DC32,Ehlanzeni,2024,irregular,Irregular Expenditure,0.0
DC32,Ehlanzeni,2024,unauthorised,Unauthorised Expenditure,0.0
DC33,Mopani,2024,fruitless,Fruitless and Wasteful Expenditure,63731230.0
DC33,Mopani,2024,irregular,Irregular Expenditure,7662179.0
DC33,Mopani,2024,unauthorised,Unauthorised Expenditure,422689099.0
DC34,Vhembe,2024,fruitless,Fruitless and Wasteful Expenditure,305780.0
DC34,Vhembe,2024,irregular,Irregular Expenditure,117749823.0
DC34,Vhembe,2024,unauthorised,Unauthorised Expenditure,0.0
DC35,Capricorn,2024,fruitless,Fruitless and Wasteful Expenditure,63654.0
DC35,Capricorn,2024,irregular,Irregular Expenditure,214514246.0
DC35,Capricorn,2024,unauthorised,Unauthorised Expenditure,0.0
DC36,Waterberg,2024,fruitless,Fruitless and Wasteful Expenditure,0.0
DC36,Waterberg,2024,irregular,Irregular Expenditure,0.0
DC36,Waterberg,2024,unauthorised,Unauthorised Expenditure,0.0
DC37,Bojanala Platinum,2024,fruitless,Fruitless and Wasteful Expenditure,310711.0
DC37,Bojanala Platinum,2024,irregular,Irregular Expenditure,73906529.0
DC37,Bojanala Platinum,2024,unauthorised,Unauthorised Expenditure,0.0
DC38,Ngaka Modiri Molema,2024,fruitless,Fruitless and Wasteful Expenditure,477724.0
DC38,Ngaka Modiri Molema,2024,irregular,Irregular Expenditure,581670618.0
DC38,Ngaka Modiri Molema,2024,unauthorised,Unauthorised Expenditure,509856965.0
DC39,Dr Ruth Segomotsi Mompati,2024,fruitless,Fruitless and Wasteful Expenditure,550404.0
DC39,Dr Ruth Segomotsi Mompati,2024,irregular,Irregular Expenditure,308759936.0
DC39,Dr Ruth Segomotsi Mompati,2024,unauthorised,Unauthorised Expenditure,340189455.0
DC4,Garden Route,2024,fruitless,Fruitless and Wasteful Expenditure,91735.0
DC4,Garden Route,2024,irregular,Irregular Expenditure,35064793.0
DC4,Garden Route,2024,unauthorised,Unauthorised Expenditure,11965380.0
DC40,Dr Kenneth Kaunda,2024,fruitless,Fruitless and Wasteful Expenditure,238461.0
DC40,Dr Kenneth Kaunda,2024,irregular,Irregular Expenditure,47293515.0
DC40,Dr Kenneth Kaunda,2024,unauthorised,Unauthorised Expenditure,3508563.0
DC42,Sedibeng,2024,fruitless,Fruitless and Wasteful Expenditure,0.0
DC42,Sedibeng,2024,irregular,Irregular Expenditure,19144119.0
DC42,Sedibeng,2024,unauthorised,Unauthorised Expenditure,18297636.0
DC43,Harry Gwala,2024,fruitless,Fruitless and Wasteful Expenditure,2153.0
DC43,Harry Gwala,2024,irregular,Irregular Expenditure,147693369.0
DC43,Harry Gwala,2024,unauthorised,Unauthorised Expenditure,127976270.0
DC44,Alfred Nzo,2024,fruitless,Fruitless and Wasteful Expenditure,0.0
DC44,Alfred Nzo,2024,irregular,Irregular Expenditure,6915445.0
DC44,Alfred Nzo,2024,unauthorised,Unauthorised Expenditure,0.0
DC45,John Taolo Gaetsewe,2024,fruitless,Fruitless and Wasteful Expenditure,225508.0
DC45,John Taolo Gaetsewe,2024,irregular,Irregular Expenditure,349485.0
DC45,John Taolo Gaetsewe,2024,unauthorised,Unauthorised Expenditure,11228515.0
DC47,Sekhukhune,2024,fruitless,Fruitless and Wasteful Expenditure,797517.0
DC47,Sekhukhune,2024,irregular,Irregular Expenditure,93942827.0
DC47,Sekhukhune,2024,unauthorised,Unauthorised Expenditure,21732435.0
DC48,West Rand,2024,fruitless,Fruitless and Wasteful Expenditure,715957.0
DC48,West Rand,2024,irregular,Irregular Expenditure,0.0
DC48,West Rand,2024,unauthorised,Unauthorised Expenditure,0.0
DC5,Central Karoo,2024,fruitless,Fruitless and Wasteful Expenditure,17438.0
DC5,Central Karoo,2024,irregular,Irregular Expenditure,3516520.0
DC5,Central Karoo,2024,unauthorised,Unauthorised Expenditure,6758719.0
DC6,Namakwa,2024,fruitless,Fruitless and Wasteful Expenditure,6789.0
DC6,Namakwa,2024,irregular,Irregular Expenditure,1936963.0
DC6,Namakwa,2024,unauthorised,Unauthorised Expenditure,528096.0
DC7,Pixley Ka Seme (NC),2024,fruitless,Fruitless and Wasteful Expenditure,472607.0
DC7,Pixley Ka Seme (NC),2024,irregular,Irregular Expenditure,5667306.0
DC7,Pixley Ka Seme (NC),2024,unauthorised,Unauthorised Expenditure,9083126.0
DC8,Z F Mgcawu,2024,fruitless,Fruitless and Wasteful Expenditure,119324.0
DC8,Z F Mgcawu,2024,irregular,Irregular Expenditure,98874.0
DC8,Z F Mgcawu,2024,unauthorised,Unauthorised Expenditure,0.0
DC9,Frances Baard,2024,fruitless,Fruitless and Wasteful Expenditure,0.0
DC9,Frances Baard,2024,irregular,Irregular Expenditure,0.0
DC9,Frances Baard,2024,unauthorised,Unauthorised Expenditure,0.0
EC101,Dr Beyers Naude,2024,fruitless,Fruitless and Wasteful Expenditure,55582709.0
EC101,Dr Beyers Naude,2024,irregular,Irregular Expenditure,61772835.0
EC101,Dr Beyers Naude,2024,unauthorised,Unauthorised Expenditure,98023159.0
EC102,Blue Crane Route,2024,fruitless,Fruitless and Wasteful Expenditure,16288656.0
EC102,Blue Crane Route,2024,irregular,Irregular Expenditure,7204614.0
EC102,Blue Crane Route,2024,unauthorised,Unauthorised Expenditure,12255420.0
EC104,Makana,2024,fruitless,Fruitless and Wasteful Expenditure,31494470.0
EC104,Makana,2024,irregular,Irregular Expenditure,41510504.0
EC104,Makana,2024,unauthorised,Unauthorised Expenditure,0.0
EC105,Ndlambe,2024,fruitless,Fruitless and Wasteful Expenditure,53887.0
EC105,Ndlambe,2024,irregular,Irregular Expenditure,110910511.0
EC105,Ndlambe,2024,unauthorised,Unauthorised Expenditure,42150388.0
EC106,Sundays River Valley,2024,fruitless,Fruitless and Wasteful Expenditure,5853918.0
EC106,Sundays River Valley,2024,irregular,Irregular Expenditure,169621436.0
EC106,Sundays River Valley,2024,unauthorised,Unauthorised Expenditure,91253082.0
EC108,Kouga,2024,fruitless,Fruitless and Wasteful Expenditure,0.0
EC108,Kouga,2024,irregular,Irregular Expenditure,0.0
EC108,Kouga,2024,unauthorised,Unauthorised Expenditure,0.0
EC109,Kou-Kamma,2024,fruitless,Fruitless and Wasteful Expenditure,943858.0
EC109,Kou-Kamma,2024,irregular,Irregular Expenditure,11190068.0
EC109,Kou-Kamma,2024,unauthorised,Unauthorised Expenditure,6104709.0
EC121,Mbhashe,2024,fruitless,Fruitless and Wasteful Expenditure,239859.0
EC121,Mbhashe,2024,irregular,Irregular Expenditure,2332360.0
EC121,Mbhashe,2024,unauthorised,Unauthorised Expenditure,0.0
EC122,Mnquma,2024,fruitless,Fruitless and Wasteful Expenditure,0.0
EC122,Mnquma,2024,irregular,Irregular Expenditure,648877.0
EC122,Mnquma,2024,unauthorised,Unauthorised Expenditure,0.0
EC123,Great Kei,2024,fruitless,Fruitless and Wasteful Expenditure,6017938.0
EC123,Great Kei,2024,irregular,Irregular Expenditure,0.0
EC123,Great Kei,2024,unauthorised,Unauthorised Expenditure,0.0
EC124,Amahlathi,2024,fruitless,Fruitless and Wasteful Expenditure,10680148.0
EC124,Amahlathi,2024,irregular,Irregular Expenditure,23947770.0
EC124,Amahlathi,2024,unauthorised,Unauthorised Expenditure,0.0
EC126,Ngqushwa,2024,fruitless,Fruitless and Wasteful Expenditure,598651.0
EC126,Ngqushwa,2024,irregular,Irregular Expenditure,3384307.0
EC126,Ngqushwa,2024,unauthorised,Unauthorised Expenditure,0.0
EC129,Raymond Mhlaba,2024,fruitless,Fruitless and Wasteful Expenditure,10609426.0
EC129,Raymond Mhlaba,2024,irregular,Irregular Expenditure,24728808.0
EC129,Raymond Mhlaba,2024,unauthorised,Unauthorised Expenditure,0.0
EC131,Inxuba Yethemba,2024,fruitless,Fruitless and Wasteful Expenditure,1322580.0
EC131,Inxuba Yethemba,2024,irregular,Irregular Expenditure,58219678.0
EC131,Inxuba Yethemba,2024,unauthorised,Unauthorised Expenditure,22987861.0
EC135,Vuyisile Mini,2024,fruitless,Fruitless and Wasteful Expenditure,8458.0
EC135,Vuyisile Mini,2024,irregular,Irregular Expenditure,21422492.0
EC135,Vuyisile Mini,2024,unauthorised,Unauthorised Expenditure,18850923.0
EC136,Emalahleni (EC),2024,fruitless,Fruitless and Wasteful Expenditure,34743.0
EC136,Emalahleni (EC),2024,irregular,Irregular Expenditure,16250960.0
EC136,Emalahleni (EC),2024,unauthorised,Unauthorised Expenditure,27622724.0
EC137,Dr. A.B. Xuma,2024,fruitless,Fruitless and Wasteful Expenditure,1357342.0
EC137,Dr. A.B. Xuma,2024,irregular,Irregular Expenditure,69656394.0
EC137,Dr. A.B. Xuma,2024,unauthorised,Unauthorised Expenditure,0.0
EC138,Sakhisizwe,2024,fruitless,Fruitless and Wasteful Expenditure,1056957.0
EC138,Sakhisizwe,2024,irregular,Irregular Expenditure,13133178.0
EC138,Sakhisizwe,2024,unauthorised,Unauthorised Expenditure,21137571.0
EC139,Enoch Mgijima,2024,fruitless,Fruitless and Wasteful Expenditure,50997449.0
EC139,Enoch Mgijima,2024,irregular,Irregular Expenditure,221734177.0
EC139,Enoch Mgijima,2024,unauthorised,Unauthorised Expenditure,381588328.0
EC141,Elundini,2024,fruitless,Fruitless and Wasteful Expenditure,0.0
EC141,Elundini,2024,irregular,Irregular Expenditure,0.0
EC141,Elundini,2024,unauthorised,Unauthorised Expenditure,0.0
EC142,Senqu,2024,fruitless,Fruitless and Wasteful Expenditure,60808.0
EC142,Senqu,2024,irregular,Irregular Expenditure,5778289.0
EC142,Senqu,2024,unauthorised,Unauthorised Expenditure,2049931.0
EC145,Walter Sisulu,2024,fruitless,Fruitless and Wasteful Expenditure,8451426.0
EC145,Walter Sisulu,2024,irregular,Irregular Expenditure,21753166.0
EC145,Walter Sisulu,2024,unauthorised,Unauthorised Expenditure,99446701.0
EC153,Ngquza Hills,2024,fruitless,Fruitless and Wasteful Expenditure,46777.0
EC153,Ngquza Hills,2024,irregular,Irregular Expenditure,8854977.0
EC153,Ngquza Hills,2024,unauthorised,Unauthorised Expenditure,0.0
EC154,Port St Johns,2024,fruitless,Fruitless and Wasteful Expenditure,2081746.0
EC154,Port St Johns,2024,irregular,Irregular Expenditure,1544655.0
EC154,Port St Johns,2024,unauthorised,Unauthorised Expenditure,43667656.0
EC155,Nyandeni,2024,fruitless,Fruitless and Wasteful Expenditure,4979034.0
EC155,Nyandeni,2024,irregular,Irregular Expenditure,168514540.0
EC155,Nyandeni,2024,unauthorised,Unauthorised Expenditure,0.0
EC156,Kumkani Mhlontlo,2024,fruitless,Fruitless and Wasteful Expenditure,18875850.0
EC156,Kumkani Mhlontlo,2024,irregular,Irregular Expenditure,13329101.0
EC156,Kumkani Mhlontlo,2024,unauthorised,Unauthorised Expenditure,1925000.0
EC157,King Sabata Dalindyebo,2024,fruitless,Fruitless and Wasteful Expenditure,17216329.0
EC157,King Sabata Dalindyebo,2024,irregular,Irregular Expenditure,25404036.0
EC157,King Sabata Dalindyebo,2024,unauthorised,Unauthorised Expenditure,39307623.0
EC441,Matatiele,2024,fruitless,Fruitless and Wasteful Expenditure,218664.0
EC441,Matatiele,2024,irregular,Irregular Expenditure,217800.0
EC441,Matatiele,2024,unauthorised,Unauthorised Expenditure,85274.0
EC442,Umzimvubu,2024,fruitless,Fruitless and Wasteful Expenditure,450665.0
EC442,Umzimvubu,2024,irregular,Irregular Expenditure,24323341.0
EC442,Umzimvubu,2024,unauthorised,Unauthorised Expenditure,623511.0
EC443,Winnie Madikizela-Mandela,2024,fruitless,Fruitless and Wasteful Expenditure,50783.0
EC443,Winnie Madikizela-Mandela,2024,irregular,Irregular Expenditure,167516493.0
EC443,Winnie Madikizela-Mandela,2024,unauthorised,Unauthorised Expenditure,0.0
EC444,Ntabankulu,2024,fruitless,Fruitless and Wasteful Expenditure,720859.0
EC444,Ntabankulu,2024,irregular,Irregular Expenditure,6361145.0
EC444,Ntabankulu,2024,unauthorised,Unauthorised Expenditure,0.0
EKU,City of Ekurhuleni,2024,fruitless,Fruitless and Wasteful Expenditure,407324.0
EKU,City of Ekurhuleni,2024,irregular,Irregular Expenditure,124195872.0
EKU,City of Ekurhuleni,2024,unauthorised,Unauthorised Expenditure,397107942.0
ETH,eThekwini,2024,fruitless,Fruitless and Wasteful Expenditure,6723000.0
ETH,eThekwini,2024,irregular,Irregular Expenditure,1612015000.0
ETH,eThekwini,2024,unauthorised,Unauthorised Expenditure,0.0
FS161,Letsemeng,2024,fruitless,Fruitless and Wasteful Expenditure,24346762.0
FS161,Letsemeng,2024,irregular,Irregular Expenditure,41029233.0
FS161,Letsemeng,2024,unauthorised,Unauthorised Expenditure,127262723.0
FS162,Kopanong,2024,fruitless,Fruitless and Wasteful Expenditure,95292012.0
FS162,Kopanong,2024,irregular,Irregular Expenditure,6037880.0
FS162,Kopanong,2024,unauthorised,Unauthorised Expenditure,0.0
FS163,Mohokare,2024,fruitless,Fruitless and Wasteful Expenditure,5560843.0
FS163,Mohokare,2024,irregular,Irregular Expenditure,6756460.0
FS163,Mohokare,2024,unauthorised,Unauthorised Expenditure,0.0
FS181,Masilonyana,2024,fruitless,Fruitless and Wasteful Expenditure,22301182.0
FS181,Masilonyana,2024,irregular,Irregular Expenditure,11929680.0
FS181,Masilonyana,2024,unauthorised,Unauthorised Expenditure,0.0
FS182,Tokologo,2024,fruitless,Fruitless and Wasteful Expenditure,39647935.0
FS182,Tokologo,2024,irregular,Irregular Expenditure,10988167.0
FS182,Tokologo,2024,unauthorised,Unauthorised Expenditure,6178974.0
FS183,Tswelopele,2024,fruitless,Fruitless and Wasteful Expenditure,13641644.0
FS183,Tswelopele,2024,irregular,Irregular Expenditure,57579340.0
FS183,Tswelopele,2024,unauthorised,Unauthorised Expenditure,63608660.0
FS184,Matjhabeng,2024,fruitless,Fruitless and Wasteful Expenditure,239024031.0
FS184,Matjhabeng,2024,irregular,Irregular Expenditure,123755995.0
FS184,Matjhabeng,2024,unauthorised,Unauthorised Expenditure,1048403955.0
FS185,Nala,2024,fruitless,Fruitless and Wasteful Expenditure,32247055.0
FS185,Nala,2024,irregular,Irregular Expenditure,70373214.0
FS185,Nala,2024,unauthorised,Unauthorised Expenditure,0.0
FS191,Setsoto,2024,fruitless,Fruitless and Wasteful Expenditure,12571.0
FS191,Setsoto,2024,irregular,Irregular Expenditure,10032039.0
FS191,Setsoto,2024,unauthorised,Unauthorised Expenditure,78231386.0
FS192,Dihlabeng,2024,fruitless,Fruitless and Wasteful Expenditure,93394513.0
FS192,Dihlabeng,2024,irregular,Irregular Expenditure,207619256.0
FS192,Dihlabeng,2024,unauthorised,Unauthorised Expenditure,287201431.0
FS193,Nketoana,2024,fruitless,Fruitless and Wasteful Expenditure,37592703.0
FS193,Nketoana,2024,irregular,Irregular Expenditure,69057004.0
FS193,Nketoana,2024,unauthorised,Unauthorised Expenditure,471630963.0
FS194,Maluti-a-Phofung,2024,fruitless,Fruitless and Wasteful Expenditure,263955855.0
FS194,Maluti-a-Phofung,2024,irregular,Irregular Expenditure,73580896.0
FS194,Maluti-a-Phofung,2024,unauthorised,Unauthorised Expenditure,99199551.0
FS195,Phumelela,2024,fruitless,Fruitless and Wasteful Expenditure,21556473.0
FS195,Phumelela,2024,irregular,Irregular Expenditure,2635054.0
FS195,Phumelela,2024,unauthorised,Unauthorised Expenditure,122639216.0
FS196,Mantsopa,2024,fruitless,Fruitless and Wasteful Expenditure,28193397.0
FS196,Mantsopa,2024,irregular,Irregular Expenditure,6453648.0
FS196,Mantsopa,2024,unauthorised,Unauthorised Expenditure,8187061.0
FS201,Moqhaka,2024,fruitless,Fruitless and Wasteful Expenditure,5510951.0
FS201,Moqhaka,2024,irregular,Irregular Expenditure,83899225.0
FS201,Moqhaka,2024,unauthorised,Unauthorised Expenditure,122592687.0
FS203,Ngwathe,2024,fruitless,Fruitless and Wasteful Expenditure,94430259.0
FS203,Ngwathe,2024,irregular,Irregular Expenditure,59682623.0
FS203,Ngwathe,2024,unauthorised,Unauthorised Expenditure,335274146.0
FS204,Metsimaholo,2024,fruitless,Fruitless and Wasteful Expenditure,4548428.0
FS204,Metsimaholo,2024,irregular,Irregular Expenditure,147716612.0
FS204,Metsimaholo,2024,unauthorised,Unauthorised Expenditure,83950621.0
FS205,Mafube,2024,fruitless,Fruitless and Wasteful Expenditure,0.0
FS205,Mafube,2024,irregular,Irregular Expenditure,0.0
FS205,Mafube,2024,unauthorised,Unauthorised Expenditure,0.0
GT421,Emfuleni,2024,fruitless,Fruitless and Wasteful Expenditure,208472407.0
GT421,Emfuleni,2024,irregular,Irregular Expenditure,49341902.0
GT421,Emfuleni,2024,unauthorised,Unauthorised Expenditure,1650398309.0
GT422,Midvaal,2024,fruitless,Fruitless and Wasteful Expenditure,92799.0
GT422,Midvaal,2024,irregular,Irregular Expenditure,941337.0
GT422,Midvaal,2024,unauthorised,Unauthorised Expenditure,0.0
GT423,Lesedi,2024,fruitless,Fruitless and Wasteful Expenditure,20341095.0
GT423,Lesedi,2024,irregular,Irregular Expenditure,6396994.0
GT423,Lesedi,2024,unauthorised,Unauthorised Expenditure,9023830.0
GT481,Mogale City,2024,fruitless,Fruitless and Wasteful Expenditure,0.0
GT481,Mogale City,2024,irregular,Irregular Expenditure,615538973.0
GT481,Mogale City,2024,unauthorised,Unauthorised Expenditure,0.0
GT484,Merafong City,2024,fruitless,Fruitless and Wasteful Expenditure,157778935.0
GT484,Merafong City,2024,irregular,Irregular Expenditure,209249496.0
GT484,Merafong City,2024,unauthorised,Unauthorised Expenditure,1030054567.0
GT485,Rand West City,2024,fruitless,Fruitless and Wasteful Expenditure,71055488.0
GT485,Rand West City,2024,irregular,Irregular Expenditure,210816643.0
GT485,Rand West City,2024,unauthorised,Unauthorised Expenditure,465174015.0
JHB,City of Johannesburg,2024,fruitless,Fruitless and Wasteful Expenditure,1479000.0
JHB,City of Johannesburg,2024,irregular,Irregular Expenditure,1982206000.0
JHB,City of Johannesburg,2024,unauthorised,Unauthorised Expenditure,2755031000.0
KZN212,Umdoni,2024,fruitless,Fruitless and Wasteful Expenditure,111325.0
KZN212,Umdoni,2024,irregular,Irregular Expenditure,16355650.0
KZN212,Umdoni,2024,unauthorised,Unauthorised Expenditure,6582405.0
KZN213,Umzumbe,2024,fruitless,Fruitless and Wasteful Expenditure,19260.0
KZN213,Umzumbe,2024,irregular,Irregular Expenditure,603249.0
KZN213,Umzumbe,2024,unauthorised,Unauthorised Expenditure,0.0
KZN214,uMuziwabantu,2024,fruitless,Fruitless and Wasteful Expenditure,348794.0
KZN214,uMuziwabantu,2024,irregular,Irregular Expenditure,5538404.0
KZN214,uMuziwabantu,2024,unauthorised,Unauthorised Expenditure,0.0
KZN216,Ray Nkonyeni,2024,fruitless,Fruitless and Wasteful Expenditure,7281.0
KZN216,Ray Nkonyeni,2024,irregular,Irregular Expenditure,185793157.0
KZN216,Ray Nkonyeni,2024,unauthorised,Unauthorised Expenditure,0.0
KZN221,uMshwathi,2024,fruitless,Fruitless and Wasteful Expenditure,0.0
KZN221,uMshwathi,2024,irregular,Irregular Expenditure,2546715.0
KZN221,uMshwathi,2024,unauthorised,Unauthorised Expenditure,0.0
KZN222,uMngeni,2024,fruitless,Fruitless and Wasteful Expenditure,1780251.0
KZN222,uMngeni,2024,irregular,Irregular Expenditure,1402122.0
KZN222,uMngeni,2024,unauthorised,Unauthorised Expenditure,0.0
KZN223,Mpofana,2024,fruitless,Fruitless and Wasteful Expenditure,29841533.0
KZN223,Mpofana,2024,irregular,Irregular Expenditure,38935933.0
KZN223,Mpofana,2024,unauthorised,Unauthorised Expenditure,85724750.0
KZN224,Impendle,2024,fruitless,Fruitless and Wasteful Expenditure,132453.0
KZN224,Impendle,2024,irregular,Irregular Expenditure,17933929.0
KZN224,Impendle,2024,unauthorised,Unauthorised Expenditure,40987761.0
KZN225,Msunduzi,2024,fruitless,Fruitless and Wasteful Expenditure,44891884.0
KZN225,Msunduzi,2024,irregular,Irregular Expenditure,14065419.0
KZN225,Msunduzi,2024,unauthorised,Unauthorised Expenditure,0.0
KZN226,Mkhambathini,2024,fruitless,Fruitless and Wasteful Expenditure,4368.0
KZN226,Mkhambathini,2024,irregular,Irregular Expenditure,1077375.0
KZN226,Mkhambathini,2024,unauthorised,Unauthorised Expenditure,0.0
KZN227,Richmond,2024,fruitless,Fruitless and Wasteful Expenditure,498295.0
KZN227,Richmond,2024,irregular,Irregular Expenditure,0.0
KZN227,Richmond,2024,unauthorised,Unauthorised Expenditure,0.0
KZN235,Okhahlamba,2024,fruitless,Fruitless and Wasteful Expenditure,1945954.0
KZN235,Okhahlamba,2024,irregular,Irregular Expenditure,39735721.0
KZN235,Okhahlamba,2024,unauthorised,Unauthorised Expenditure,26531013.0
KZN237,Inkosi Langalibalele,2024,fruitless,Fruitless and Wasteful Expenditure,41794665.0
KZN237,Inkosi Langalibalele,2024,irregular,Irregular Expenditure,85052676.0
KZN237,Inkosi Langalibalele,2024,unauthorised,Unauthorised Expenditure,72205558.0
KZN238,Alfred Duma,2024,fruitless,Fruitless and Wasteful Expenditure,30811.0
KZN238,Alfred Duma,2024,irregular,Irregular Expenditure,2313611.0
KZN238,Alfred Duma,2024,unauthorised,Unauthorised Expenditure,11862870.0
KZN241,Endumeni,2024,fruitless,Fruitless and Wasteful Expenditure,11817392.0
KZN241,Endumeni,2024,irregular,Irregular Expenditure,5289658.0
KZN241,Endumeni,2024,unauthorised,Unauthorised Expenditure,39038335.0
KZN242,Nquthu,2024,fruitless,Fruitless and Wasteful Expenditure,702086.0
KZN242,Nquthu,2024,irregular,Irregular Expenditure,154224619.0
KZN242,Nquthu,2024,unauthorised,Unauthorised Expenditure,7409187.0
KZN244,Msinga,2024,fruitless,Fruitless and Wasteful Expenditure,0.0
KZN244,Msinga,2024,irregular,Irregular Expenditure,12073605.0
KZN244,Msinga,2024,unauthorised,Unauthorised Expenditure,0.0
KZN245,Umvoti,2024,fruitless,Fruitless and Wasteful Expenditure,317.0
KZN245,Umvoti,2024,irregular,Irregular Expenditure,811716.0
KZN245,Umvoti,2024,unauthorised,Unauthorised Expenditure,0.0
KZN252,Newcastle,2024,fruitless,Fruitless and Wasteful Expenditure,24041294.0
KZN252,Newcastle,2024,irregular,Irregular Expenditure,80251896.0
KZN252,Newcastle,2024,unauthorised,Unauthorised Expenditure,173940494.0
KZN253,Emadlangeni,2024,fruitless,Fruitless and Wasteful Expenditure,181749.0
KZN253,Emadlangeni,2024,irregular,Irregular Expenditure,47293563.0
KZN253,Emadlangeni,2024,unauthorised,Unauthorised Expenditure,16037612.0
KZN254,Dannhauser,2024,fruitless,Fruitless and Wasteful Expenditure,81609.0
KZN254,Dannhauser,2024,irregular,Irregular Expenditure,26398193.0
KZN254,Dannhauser,2024,unauthorised,Unauthorised Expenditure,28824865.0
KZN261,eDumbe,2024,fruitless,Fruitless and Wasteful Expenditure,4026514.0
KZN261,eDumbe,2024,irregular,Irregular Expenditure,88997962.0
KZN261,eDumbe,2024,unauthorised,Unauthorised Expenditure,61570605.0
KZN262,uPhongolo,2024,fruitless,Fruitless and Wasteful Expenditure,13382.0
KZN262,uPhongolo,2024,irregular,Irregular Expenditure,220545.0
KZN262,uPhongolo,2024,unauthorised,Unauthorised Expenditure,137761560.0
KZN263,Abaqulusi,2024,fruitless,Fruitless and Wasteful Expenditure,9860008.0
KZN263,Abaqulusi,2024,irregular,Irregular Expenditure,125585967.0
KZN263,Abaqulusi,2024,unauthorised,Unauthorised Expenditure,310680546.0
KZN265,Nongoma,2024,fruitless,Fruitless and Wasteful Expenditure,1632546.0
KZN265,Nongoma,2024,irregular,Irregular Expenditure,45829449.0
KZN265,Nongoma,2024,unauthorised,Unauthorised Expenditure,65398257.0
KZN266,Ulundi,2024,fruitless,Fruitless and Wasteful Expenditure,2312489.0
KZN266,Ulundi,2024,irregular,Irregular Expenditure,106328396.0
KZN266,Ulundi,2024,unauthorised,Unauthorised Expenditure,87918089.0
KZN271,Umhlabuyalingana,2024,fruitless,Fruitless and Wasteful Expenditure,73046.0
KZN271,Umhlabuyalingana,2024,irregular,Irregular Expenditure,47086012.0
KZN271,Umhlabuyalingana,2024,unauthorised,Unauthorised Expenditure,0.0
KZN272,Jozini,2024,fruitless,Fruitless and Wasteful Expenditure,1191641.0
KZN272,Jozini,2024,irregular,Irregular Expenditure,30250257.0
KZN272,Jozini,2024,unauthorised,Unauthorised Expenditure,67667629.0
KZN275,Mtubatuba,2024,fruitless,Fruitless and Wasteful Expenditure,2654816.0
KZN275,Mtubatuba,2024,irregular,Irregular Expenditure,274545546.0
KZN275,Mtubatuba,2024,unauthorised,Unauthorised Expenditure,37856006.0
KZN276,Hlabisa Big Five,2024,fruitless,Fruitless and Wasteful Expenditure,1296.0
KZN276,Hlabisa Big Five,2024,irregular,Irregular Expenditure,1016311.0
KZN276,Hlabisa Big Five,2024,unauthorised,Unauthorised Expenditure,2648829.0
KZN281,Mfolozi,2024,fruitless,Fruitless and Wasteful Expenditure,3230.0
KZN281,Mfolozi,2024,irregular,Irregular Expenditure,71170802.0
KZN281,Mfolozi,2024,unauthorised,Unauthorised Expenditure,39025293.0
KZN282,uMhlathuze,2024,fruitless,Fruitless and Wasteful Expenditure,0.0
KZN282,uMhlathuze,2024,irregular,Irregular Expenditure,0.0
KZN282,uMhlathuze,2024,unauthorised,Unauthorised Expenditure,0.0
KZN284,uMlalazi,2024,fruitless,Fruitless and Wasteful Expenditure,0.0
KZN284,uMlalazi,2024,irregular,Irregular Expenditure,1441602.0
KZN284,uMlalazi,2024,unauthorised,Unauthorised Expenditure,7546942.0
KZN285,Mthonjaneni,2024,fruitless,Fruitless and Wasteful Expenditure,2475808.0
KZN285,Mthonjaneni,2024,irregular,Irregular Expenditure,86736415.0
KZN285,Mthonjaneni,2024,unauthorised,Unauthorised Expenditure,47404734.0
KZN286,Nkandla,2024,fruitless,Fruitless and Wasteful Expenditure,163703.0
KZN286,Nkandla,2024,irregular,Irregular Expenditure,3255055.0
KZN286,Nkandla,2024,unauthorised,Unauthorised Expenditure,7410254.0
KZN291,Mandeni,2024,fruitless,Fruitless and Wasteful Expenditure,136741.0
KZN291,Mandeni,2024,irregular,Irregular Expenditure,6259527.0
KZN291,Mandeni,2024,unauthorised,Unauthorised Expenditure,8672326.0
KZN292,KwaDukuza,2024,fruitless,Fruitless and Wasteful Expenditure,0.0
KZN292,KwaDukuza,2024,irregular,Irregular Expenditure,3290174.0
KZN292,KwaDukuza,2024,unauthorised,Unauthorised Expenditure,57248687.0
KZN293,Ndwedwe,2024,fruitless,Fruitless and Wasteful Expenditure,5972.0
KZN293,Ndwedwe,2024,irregular,Irregular Expenditure,2978208.0
KZN293,Ndwedwe,2024,unauthorised,Unauthorised Expenditure,36753023.0
KZN294,Maphumulo,2024,fruitless,Fruitless and Wasteful Expenditure,2625783.0
KZN294,Maphumulo,2024,irregular,Irregular Expenditure,9043067.0
KZN294,Maphumulo,2024,unauthorised,Unauthorised Expenditure,9025615.0
KZN433,Greater Kokstad,2024,fruitless,Fruitless and Wasteful Expenditure,1327685.0
KZN433,Greater Kokstad,2024,irregular,Irregular Expenditure,4569320.0
KZN433,Greater Kokstad,2024,unauthorised,Unauthorised Expenditure,18223756.0
KZN434,Johannes Phumani Phungula,2024,fruitless,Fruitless and Wasteful Expenditure,3078.0
KZN434,Johannes Phumani Phungula,2024,irregular,Irregular Expenditure,863783.0
KZN434,Johannes Phumani Phungula,2024,unauthorised,Unauthorised Expenditure,9894523.0
KZN435,Umzimkhulu,2024,fruitless,Fruitless and Wasteful Expenditure,0.0
KZN435,Umzimkhulu,2024,irregular,Irregular Expenditure,3873161.0
KZN435,Umzimkhulu,2024,unauthorised,Unauthorised Expenditure,0.0
KZN436,Dr Nkosazana Dlamini Zuma,2024,fruitless,Fruitless and Wasteful Expenditure,4705.0
KZN436,Dr Nkosazana Dlamini Zuma,2024,irregular,Irregular Expenditure,163380.0
KZN436,Dr Nkosazana Dlamini Zuma,2024,unauthorised,Unauthorised Expenditure,26619260.0
LIM331,Greater Giyani,2024,fruitless,Fruitless and Wasteful Expenditure,3125043.0
LIM331,Greater Giyani,2024,irregular,Irregular Expenditure,7981274.0
LIM331,Greater Giyani,2024,unauthorised,Unauthorised Expenditure,0.0
LIM332,Greater Letaba,2024,fruitless,Fruitless and Wasteful Expenditure,111339.0
LIM332,Greater Letaba,2024,irregular,Irregular Expenditure,3921297.0
LIM332,Greater Letaba,2024,unauthorised,Unauthorised Expenditure,83326794.0
LIM333,Greater Tzaneen,2024,fruitless,Fruitless and Wasteful Expenditure,5698601.0
LIM333,Greater Tzaneen,2024,irregular,Irregular Expenditure,98497738.0
LIM333,Greater Tzaneen,2024,unauthorised,Unauthorised Expenditure,0.0
LIM334,Ba-Phalaborwa,2024,fruitless,Fruitless and Wasteful Expenditure,7193520.0
LIM334,Ba-Phalaborwa,2024,irregular,Irregular Expenditure,20879208.0
LIM334,Ba-Phalaborwa,2024,unauthorised,Unauthorised Expenditure,84816240.0
LIM335,Maruleng,2024,fruitless,Fruitless and Wasteful Expenditure,20246.0
LIM335,Maruleng,2024,irregular,Irregular Expenditure,13284277.0
LIM335,Maruleng,2024,unauthorised,Unauthorised Expenditure,14100502.0
LIM341,Musina,2024,fruitless,Fruitless and Wasteful Expenditure,1483528.0
LIM341,Musina,2024,irregular,Irregular Expenditure,22584093.0
LIM341,Musina,2024,unauthorised,Unauthorised Expenditure,8688945.0
LIM343,Thulamela,2024,fruitless,Fruitless and Wasteful Expenditure,373391.0
LIM343,Thulamela,2024,irregular,Irregular Expenditure,16983804.0
LIM343,Thulamela,2024,unauthorised,Unauthorised Expenditure,1003375.0
LIM344,Makhado,2024,fruitless,Fruitless and Wasteful Expenditure,915592.0
LIM344,Makhado,2024,irregular,Irregular Expenditure,550900.0
LIM344,Makhado,2024,unauthorised,Unauthorised Expenditure,0.0
LIM345,Collins Chabane,2024,fruitless,Fruitless and Wasteful Expenditure,1748951.0
LIM345,Collins Chabane,2024,irregular,Irregular Expenditure,32795752.0
LIM345,Collins Chabane,2024,unauthorised,Unauthorised Expenditure,86344991.0
LIM351,Blouberg,2024,fruitless,Fruitless and Wasteful Expenditure,0.0
LIM351,Blouberg,2024,irregular,Irregular Expenditure,34653587.0
LIM351,Blouberg,2024,unauthorised,Unauthorised Expenditure,0.0
LIM353,Molemole,2024,fruitless,Fruitless and Wasteful Expenditure,0.0
LIM353,Molemole,2024,irregular,Irregular Expenditure,0.0
LIM353,Molemole,2024,unauthorised,Unauthorised Expenditure,18205394.0
LIM354,Polokwane,2024,fruitless,Fruitless and Wasteful Expenditure,6105151.0
LIM354,Polokwane,2024,irregular,Irregular Expenditure,432462560.0
LIM354,Polokwane,2024,unauthorised,Unauthorised Expenditure,932058521.0
LIM355,Lepelle-Nkumpi,2024,fruitless,Fruitless and Wasteful Expenditure,0.0
LIM355,Lepelle-Nkumpi,2024,irregular,Irregular Expenditure,56122997.0
LIM355,Lepelle-Nkumpi,2024,unauthorised,Unauthorised Expenditure,0.0
LIM361,Thabazimbi,2024,fruitless,Fruitless and Wasteful Expenditure,6089657.0
LIM361,Thabazimbi,2024,irregular,Irregular Expenditure,22658903.0
LIM361,Thabazimbi,2024,unauthorised,Unauthorised Expenditure,59985129.0
LIM362,Lephalale,2024,fruitless,Fruitless and Wasteful Expenditure,29739.0
LIM362,Lephalale,2024,irregular,Irregular Expenditure,292523.0
LIM362,Lephalale,2024,unauthorised,Unauthorised Expenditure,42711226.0
LIM366,Bela Bela,2024,fruitless,Fruitless and Wasteful Expenditure,211355.0
LIM366,Bela Bela,2024,irregular,Irregular Expenditure,26501398.0
LIM366,Bela Bela,2024,unauthorised,Unauthorised Expenditure,58368129.0
LIM367,Mogalakwena,2024,fruitless,Fruitless and Wasteful Expenditure,6836261.0
LIM367,Mogalakwena,2024,irregular,Irregular Expenditure,650601579.0
LIM367,Mogalakwena,2024,unauthorised,Unauthorised Expenditure,0.0
LIM368,Modimolle-Mookgopong,2024,fruitless,Fruitless and Wasteful Expenditure,44441871.0
LIM368,Modimolle-Mookgopong,2024,irregular,Irregular Expenditure,27106918.0
LIM368,Modimolle-Mookgopong,2024,unauthorised,Unauthorised Expenditure,49743584.0
LIM471,Ephraim Mogale,2024,fruitless,Fruitless and Wasteful Expenditure,17034.0
LIM471,Ephraim Mogale,2024,irregular,Irregular Expenditure,23129632.0
LIM471,Ephraim Mogale,2024,unauthorised,Unauthorised Expenditure,0.0
LIM472,Elias Motsoaledi,2024,fruitless,Fruitless and Wasteful Expenditure,245169.0
LIM472,Elias Motsoaledi,2024,irregular,Irregular Expenditure,51977865.0
LIM472,Elias Motsoaledi,2024,unauthorised,Unauthorised Expenditure,0.0
LIM473,Makhuduthamaga,2024,fruitless,Fruitless and Wasteful Expenditure,0.0
LIM473,Makhuduthamaga,2024,irregular,Irregular Expenditure,1471039.0
LIM473,Makhuduthamaga,2024,unauthorised,Unauthorised Expenditure,30511957.0
LIM476,Tubatse Fetakgomo,2024,fruitless,Fruitless and Wasteful Expenditure,0.0
LIM476,Tubatse Fetakgomo,2024,irregular,Irregular Expenditure,46851432.0
LIM476,Tubatse Fetakgomo,2024,unauthorised,Unauthorised Expenditure,275655848.0
MAN,Mangaung,2024,fruitless,Fruitless and Wasteful Expenditure,122519741.0
MAN,Mangaung,2024,irregular,Irregular Expenditure,277156250.0
MAN,Mangaung,2024,unauthorised,Unauthorised Expenditure,1343141552.0
MP301,Albert Luthuli,2024,fruitless,Fruitless and Wasteful Expenditure,7830.0
MP301,Albert Luthuli,2024,irregular,Irregular Expenditure,1907634.0
MP301,Albert Luthuli,2024,unauthorised,Unauthorised Expenditure,0.0
MP302,Msukaligwa,2024,fruitless,Fruitless and Wasteful Expenditure,119238976.0
MP302,Msukaligwa,2024,irregular,Irregular Expenditure,51381925.0
MP302,Msukaligwa,2024,unauthorised,Unauthorised Expenditure,233344123.0
MP303,Mkhondo,2024,fruitless,Fruitless and Wasteful Expenditure,86185980.0
MP303,Mkhondo,2024,irregular,Irregular Expenditure,12205579.0
MP303,Mkhondo,2024,unauthorised,Unauthorised Expenditure,99130448.0
MP304,Pixley Ka Seme (MP),2024,fruitless,Fruitless and Wasteful Expenditure,408026.0
MP304,Pixley Ka Seme (MP),2024,irregular,Irregular Expenditure,14814779.0
MP304,Pixley Ka Seme (MP),2024,unauthorised,Unauthorised Expenditure,0.0
MP305,Lekwa,2024,fruitless,Fruitless and Wasteful Expenditure,189923930.0
MP305,Lekwa,2024,irregular,Irregular Expenditure,54223167.0
MP305,Lekwa,2024,unauthorised,Unauthorised Expenditure,354021749.0
MP306,Dipaleseng,2024,fruitless,Fruitless and Wasteful Expenditure,29923868.0
MP306,Dipaleseng,2024,irregular,Irregular Expenditure,25762633.0
MP306,Dipaleseng,2024,unauthorised,Unauthorised Expenditure,240522181.0
MP307,Govan Mbeki,2024,fruitless,Fruitless and Wasteful Expenditure,295679983.0
MP307,Govan Mbeki,2024,irregular,Irregular Expenditure,157992534.0
MP307,Govan Mbeki,2024,unauthorised,Unauthorised Expenditure,911136361.0
MP311,Victor Khanye,2024,fruitless,Fruitless and Wasteful Expenditure,85144426.0
MP311,Victor Khanye,2024,irregular,Irregular Expenditure,221742795.0
MP311,Victor Khanye,2024,unauthorised,Unauthorised Expenditure,289034833.0
MP312,Emalahleni (MP),2024,fruitless,Fruitless and Wasteful Expenditure,383958235.0
MP312,Emalahleni (MP),2024,irregular,Irregular Expenditure,1647399614.0
MP312,Emalahleni (MP),2024,unauthorised,Unauthorised Expenditure,1036583845.0
MP313,Steve Tshwete,2024,fruitless,Fruitless and Wasteful Expenditure,7034654.0
MP313,Steve Tshwete,2024,irregular,Irregular Expenditure,51005526.0
MP313,Steve Tshwete,2024,unauthorised,Unauthorised Expenditure,95377135.0
MP314,Emakhazeni,2024,fruitless,Fruitless and Wasteful Expenditure,6994948.0
MP314,Emakhazeni,2024,irregular,Irregular Expenditure,17936877.0
MP314,Emakhazeni,2024,unauthorised,Unauthorised Expenditure,63417061.0
MP315,Thembisile Hani,2024,fruitless,Fruitless and Wasteful Expenditure,766.0
MP315,Thembisile Hani,2024,irregular,Irregular Expenditure,5737448.0
MP315,Thembisile Hani,2024,unauthorised,Unauthorised Expenditure,58005994.0
MP316,Dr J.S. Moroka,2024,fruitless,Fruitless and Wasteful Expenditure,51722.0
MP316,Dr J.S. Moroka,2024,irregular,Irregular Expenditure,199246084.0
MP316,Dr J.S. Moroka,2024,unauthorised,Unauthorised Expenditure,25713169.0
MP321,Thaba Chweu,2024,fruitless,Fruitless and Wasteful Expenditure,74153379.0
MP321,Thaba Chweu,2024,irregular,Irregular Expenditure,73270861.0
MP321,Thaba Chweu,2024,unauthorised,Unauthorised Expenditure,0.0
MP324,Nkomazi,2024,fruitless,Fruitless and Wasteful Expenditure,3131176.0
MP324,Nkomazi,2024,irregular,Irregular Expenditure,54895252.0
MP324,Nkomazi,2024,unauthorised,Unauthorised Expenditure,472688494.0
MP325,Bushbuckridge,2024,fruitless,Fruitless and Wasteful Expenditure,7568946.0
MP325,Bushbuckridge,2024,irregular,Irregular Expenditure,0.0
MP325,Bushbuckridge,2024,unauthorised,Unauthorised Expenditure,0.0
MP326,City of Mbombela,2024,fruitless,Fruitless and Wasteful Expenditure,114471851.0
MP326,City of Mbombela,2024,irregular,Irregular Expenditure,81883086.0
MP326,City of Mbombela,2024,unauthorised,Unauthorised Expenditure,726965595.0
NC061,Richtersveld,2024,fruitless,Fruitless and Wasteful Expenditure,3229861.0
NC061,Richtersveld,2024,irregular,Irregular Expenditure,4049404.0
NC061,Richtersveld,2024,unauthorised,Unauthorised Expenditure,14829629.0
NC062,Nama Khoi,2024,fruitless,Fruitless and Wasteful Expenditure,11487776.0
NC062,Nama Khoi,2024,irregular,Irregular Expenditure,112309640.0
NC062,Nama Khoi,2024,unauthorised,Unauthorised Expenditure,24501367.0
NC064,Kamiesberg,2024,fruitless,Fruitless and Wasteful Expenditure,10112822.0
NC064,Kamiesberg,2024,irregular,Irregular Expenditure,11840514.0
NC064,Kamiesberg,2024,unauthorised,Unauthorised Expenditure,16289848.0
NC065,Hantam,2024,fruitless,Fruitless and Wasteful Expenditure,50846.0
NC065,Hantam,2024,irregular,Irregular Expenditure,3842938.0
NC065,Hantam,2024,unauthorised,Unauthorised Expenditure,21480764.0
NC066,Karoo Hoogland,2024,fruitless,Fruitless and Wasteful Expenditure,459528.0
NC066,Karoo Hoogland,2024,irregular,Irregular Expenditure,675553.0
NC066,Karoo Hoogland,2024,unauthorised,Unauthorised Expenditure,16635059.0
NC067,Khai-Ma,2024,fruitless,Fruitless and Wasteful Expenditure,3905260.0
NC067,Khai-Ma,2024,irregular,Irregular Expenditure,829878.0
NC067,Khai-Ma,2024,unauthorised,Unauthorised Expenditure,9137216.0
NC071,Ubuntu,2024,fruitless,Fruitless and Wasteful Expenditure,1279531.0
NC071,Ubuntu,2024,irregular,Irregular Expenditure,4590094.0
NC071,Ubuntu,2024,unauthorised,Unauthorised Expenditure,32125020.0
NC072,Umsobomvu,2024,fruitless,Fruitless and Wasteful Expenditure,681771.0
NC072,Umsobomvu,2024,irregular,Irregular Expenditure,1137653.0
NC072,Umsobomvu,2024,unauthorised,Unauthorised Expenditure,0.0
NC073,Emthanjeni,2024,fruitless,Fruitless and Wasteful Expenditure,23425798.0
NC073,Emthanjeni,2024,irregular,Irregular Expenditure,23109635.0
NC073,Emthanjeni,2024,unauthorised,Unauthorised Expenditure,116630126.0
NC074,Kareeberg,2024,fruitless,Fruitless and Wasteful Expenditure,0.0
NC074,Kareeberg,2024,irregular,Irregular Expenditure,0.0
NC074,Kareeberg,2024,unauthorised,Unauthorised Expenditure,16028122.0
NC075,Renosterberg,2024,fruitless,Fruitless and Wasteful Expenditure,4991751.0
NC075,Renosterberg,2024,irregular,Irregular Expenditure,5102942.0
NC075,Renosterberg,2024,unauthorised,Unauthorised Expenditure,0.0
NC076,Thembelihle,2024,fruitless,Fruitless and Wasteful Expenditure,10430301.0
NC076,Thembelihle,2024,irregular,Irregular Expenditure,3844178.0
NC076,Thembelihle,2024,unauthorised,Unauthorised Expenditure,50613552.0
NC077,Siyathemba,2024,fruitless,Fruitless and Wasteful Expenditure,24269233.0
NC077,Siyathemba,2024,irregular,Irregular Expenditure,10339029.0
NC077,Siyathemba,2024,unauthorised,Unauthorised Expenditure,36226267.0
NC078,Siyancuma,2024,fruitless,Fruitless and Wasteful Expenditure,1565797.0
NC078,Siyancuma,2024,irregular,Irregular Expenditure,19737197.0
NC078,Siyancuma,2024,unauthorised,Unauthorised Expenditure,59238362.0
NC082,!Kai! Garib,2024,fruitless,Fruitless and Wasteful Expenditure,35089355.0
NC082,!Kai! Garib,2024,irregular,Irregular Expenditure,9118690.0
NC082,!Kai! Garib,2024,unauthorised,Unauthorised Expenditure,206437962.0
NC084,!Kheis,2024,fruitless,Fruitless and Wasteful Expenditure,4298762.0
NC084,!Kheis,2024,irregular,Irregular Expenditure,2094821.0
NC084,!Kheis,2024,unauthorised,Unauthorised Expenditure,2343785.0
NC085,Tsantsabane,2024,fruitless,Fruitless and Wasteful Expenditure,42685281.0
NC085,Tsantsabane,2024,irregular,Irregular Expenditure,9590158.0
NC085,Tsantsabane,2024,unauthorised,Unauthorised Expenditure,95145496.0
NC086,Kgatelopele,2024,fruitless,Fruitless and Wasteful Expenditure,2835399.0
NC086,Kgatelopele,2024,irregular,Irregular Expenditure,635946.0
NC086,Kgatelopele,2024,unauthorised,Unauthorised Expenditure,33753740.0
NC087,Dawid Kruiper,2024,fruitless,Fruitless and Wasteful Expenditure,5147779.0
NC087,Dawid Kruiper,2024,irregular,Irregular Expenditure,32272898.0
NC087,Dawid Kruiper,2024,unauthorised,Unauthorised Expenditure,0.0
NC091,Sol Plaatje,2024,fruitless,Fruitless and Wasteful Expenditure,40733895.0
NC091,Sol Plaatje,2024,irregular,Irregular Expenditure,64619890.0
NC091,Sol Plaatje,2024,unauthorised,Unauthorised Expenditure,29260981.0
NC092,Dikgatlong,2024,fruitless,Fruitless and Wasteful Expenditure,5484016.0
NC092,Dikgatlong,2024,irregular,Irregular Expenditure,51620437.0
NC092,Dikgatlong,2024,unauthorised,Unauthorised Expenditure,0.0
NC093,Magareng,2024,fruitless,Fruitless and Wasteful Expenditure,973442.0
NC093,Magareng,2024,irregular,Irregular Expenditure,45806429.0
NC093,Magareng,2024,unauthorised,Unauthorised Expenditure,33782010.0
NC094,Phokwane,2024,fruitless,Fruitless and Wasteful Expenditure,20983064.0
NC094,Phokwane,2024,irregular,Irregular Expenditure,18862739.0
NC094,Phokwane,2024,unauthorised,Unauthorised Expenditure,342116230.0
NC451,Joe Morolong,2024,fruitless,Fruitless and Wasteful Expenditure,483878.0
NC451,Joe Morolong,2024,irregular,Irregular Expenditure,138841875.0
NC451,Joe Morolong,2024,unauthorised,Unauthorised Expenditure,68265491.0
NC452,Ga-Segonyana,2024,fruitless,Fruitless and Wasteful Expenditure,268333.0
NC452,Ga-Segonyana,2024,irregular,Irregular Expenditure,85745381.0
NC452,Ga-Segonyana,2024,unauthorised,Unauthorised Expenditure,89357605.0
NC453,Gamagara,2024,fruitless,Fruitless and Wasteful Expenditure,16579119.0
NC453,Gamagara,2024,irregular,Irregular Expenditure,123500490.0
NC453,Gamagara,2024,unauthorised,Unauthorised Expenditure,28618444.0
NMA,Nelson Mandela Bay,2024,fruitless,Fruitless and Wasteful Expenditure,17079185.0
NMA,Nelson Mandela Bay,2024,irregular,Irregular Expenditure,1951214202.0
NMA,Nelson Mandela Bay,2024,unauthorised,Unauthorised Expenditure,1441693865.0
NW371,Moretele,2024,fruitless,Fruitless and Wasteful Expenditure,1253365.0
NW371,Moretele,2024,irregular,Irregular Expenditure,10127527.0
NW371,Moretele,2024,unauthorised,Unauthorised Expenditure,96240572.0
NW372,Madibeng,2024,fruitless,Fruitless and Wasteful Expenditure,94782442.0
NW372,Madibeng,2024,irregular,Irregular Expenditure,213221849.0
NW372,Madibeng,2024,unauthorised,Unauthorised Expenditure,321642125.0
NW373,Rustenburg,2024,fruitless,Fruitless and Wasteful Expenditure,118000.0
NW373,Rustenburg,2024,irregular,Irregular Expenditure,318251000.0
NW373,Rustenburg,2024,unauthorised,Unauthorised Expenditure,10424000.0
NW374,Kgetlengrivier,2024,fruitless,Fruitless and Wasteful Expenditure,32156115.0
NW374,Kgetlengrivier,2024,irregular,Irregular Expenditure,57509084.0
NW374,Kgetlengrivier,2024,unauthorised,Unauthorised Expenditure,174721114.0
NW375,Moses Kotane,2024,fruitless,Fruitless and Wasteful Expenditure,17900769.0
NW375,Moses Kotane,2024,irregular,Irregular Expenditure,235519879.0
NW375,Moses Kotane,2024,unauthorised,Unauthorised Expenditure,82866736.0
NW381,Ratlou,2024,fruitless,Fruitless and Wasteful Expenditure,24790.0
NW381,Ratlou,2024,irregular,Irregular Expenditure,7108367.0
NW381,Ratlou,2024,unauthorised,Unauthorised Expenditure,9419189.0
NW382,Tswaing,2024,fruitless,Fruitless and Wasteful Expenditure,21875720.0
NW382,Tswaing,2024,irregular,Irregular Expenditure,95658295.0
NW382,Tswaing,2024,unauthorised,Unauthorised Expenditure,148402345.0
NW383,Mafikeng,2024,fruitless,Fruitless and Wasteful Expenditure,14858214.0
NW383,Mafikeng,2024,irregular,Irregular Expenditure,311179074.0
NW383,Mafikeng,2024,unauthorised,Unauthorised Expenditure,140937573.0
NW384,Ditsobotla,2024,fruitless,Fruitless and Wasteful Expenditure,43368869.0
NW384,Ditsobotla,2024,irregular,Irregular Expenditure,0.0
NW384,Ditsobotla,2024,unauthorised,Unauthorised Expenditure,0.0
NW385,Ramotshere Moiloa,2024,fruitless,Fruitless and Wasteful Expenditure,10628685.0
NW385,Ramotshere Moiloa,2024,irregular,Irregular Expenditure,4282563.0
NW385,Ramotshere Moiloa,2024,unauthorised,Unauthorised Expenditure,29011932.0
NW392,Naledi (NW),2024,fruitless,Fruitless and Wasteful Expenditure,20329190.0
NW392,Naledi (NW),2024,irregular,Irregular Expenditure,120017497.0
NW392,Naledi (NW),2024,unauthorised,Unauthorised Expenditure,24720053.0
NW393,Mamusa,2024,fruitless,Fruitless and Wasteful Expenditure,26755467.0
NW393,Mamusa,2024,irregular,Irregular Expenditure,19026800.0
NW393,Mamusa,2024,unauthorised,Unauthorised Expenditure,43791922.0
NW394,Greater Taung,2024,fruitless,Fruitless and Wasteful Expenditure,495736.0
NW394,Greater Taung,2024,irregular,Irregular Expenditure,43570408.0
NW394,Greater Taung,2024,unauthorised,Unauthorised Expenditure,45905534.0
NW396,Lekwa-Teemane,2024,fruitless,Fruitless and Wasteful Expenditure,46369817.0
NW396,Lekwa-Teemane,2024,irregular,Irregular Expenditure,41784994.0
NW396,Lekwa-Teemane,2024,unauthorised,Unauthorised Expenditure,194179577.0
NW397,Kagisano-Molopo,2024,fruitless,Fruitless and Wasteful Expenditure,544633.0
NW397,Kagisano-Molopo,2024,irregular,Irregular Expenditure,109380751.0
NW397,Kagisano-Molopo,2024,unauthorised,Unauthorised Expenditure,32425767.0
NW403,City of Matlosana,2024,fruitless,Fruitless and Wasteful Expenditure,104864745.0
NW403,City of Matlosana,2024,irregular,Irregular Expenditure,264341250.0
NW403,City of Matlosana,2024,unauthorised,Unauthorised Expenditure,1126875482.0
NW404,Maquassi Hills,2024,fruitless,Fruitless and Wasteful Expenditure,8581588.0
NW404,Maquassi Hills,2024,irregular,Irregular Expenditure,34204506.0
NW404,Maquassi Hills,2024,unauthorised,Unauthorised Expenditure,206663755.0
NW405,J B Marks,2024,fruitless,Fruitless and Wasteful Expenditure,33474210.0
NW405,J B Marks,2024,irregular,Irregular Expenditure,466152756.0
NW405,J B Marks,2024,unauthorised,Unauthorised Expenditure,15006166.0
TSH,City of Tshwane,2024,fruitless,Fruitless and Wasteful Expenditure,793015349.0
TSH,City of Tshwane,2024,irregular,Irregular Expenditure,2411243713.0
TSH,City of Tshwane,2024,unauthorised,Unauthorised Expenditure,2146039587.0
WC011,Matzikama,2024,fruitless,Fruitless and Wasteful Expenditure,6316286.0
WC011,Matzikama,2024,irregular,Irregular Expenditure,59825173.0
WC011,Matzikama,2024,unauthorised,Unauthorised Expenditure,0.0
WC012,Cederberg,2024,fruitless,Fruitless and Wasteful Expenditure,1164184.0
WC012,Cederberg,2024,irregular,Irregular Expenditure,16603924.0
WC012,Cederberg,2024,unauthorised,Unauthorised Expenditure,974750.0
WC013,Bergrivier,2024,fruitless,Fruitless and Wasteful Expenditure,0.0
WC013,Bergrivier,2024,irregular,Irregular Expenditure,12168871.0
WC013,Bergrivier,2024,unauthorised,Unauthorised Expenditure,0.0
WC014,Saldanha Bay,2024,fruitless,Fruitless and Wasteful Expenditure,92379.0
WC014,Saldanha Bay,2024,irregular,Irregular Expenditure,34117381.0
WC014,Saldanha Bay,2024,unauthorised,Unauthorised Expenditure,2568198.0
WC015,Swartland,2024,fruitless,Fruitless and Wasteful Expenditure,0.0
WC015,Swartland,2024,irregular,Irregular Expenditure,13870217.0
WC015,Swartland,2024,unauthorised,Unauthorised Expenditure,0.0
WC022,Witzenberg,2024,fruitless,Fruitless and Wasteful Expenditure,0.0
WC022,Witzenberg,2024,irregular,Irregular Expenditure,5891802.0
WC022,Witzenberg,2024,unauthorised,Unauthorised Expenditure,0.0
WC023,Drakenstein,2024,fruitless,Fruitless and Wasteful Expenditure,790951.0
WC023,Drakenstein,2024,irregular,Irregular Expenditure,172272714.0
WC023,Drakenstein,2024,unauthorised,Unauthorised Expenditure,0.0
WC024,Stellenbosch,2024,fruitless,Fruitless and Wasteful Expenditure,0.0
WC024,Stellenbosch,2024,irregular,Irregular Expenditure,12420386.0
WC024,Stellenbosch,2024,unauthorised,Unauthorised Expenditure,0.0
WC025,Breede Valley,2024,fruitless,Fruitless and Wasteful Expenditure,0.0
WC025,Breede Valley,2024,irregular,Irregular Expenditure,0.0
WC025,Breede Valley,2024,unauthorised,Unauthorised Expenditure,0.0
WC026,Langeberg,2024,fruitless,Fruitless and Wasteful Expenditure,5424.0
WC026,Langeberg,2024,irregular,Irregular Expenditure,0.0
WC026,Langeberg,2024,unauthorised,Unauthorised Expenditure,0.0
WC031,Theewaterskloof,2024,fruitless,Fruitless and Wasteful Expenditure,0.0
WC031,Theewaterskloof,2024,irregular,Irregular Expenditure,262270650.0
WC031,Theewaterskloof,2024,unauthorised,Unauthorised Expenditure,49370445.0
WC032,Overstrand,2024,fruitless,Fruitless and Wasteful Expenditure,0.0
WC032,Overstrand,2024,irregular,Irregular Expenditure,4340651.0
WC032,Overstrand,2024,unauthorised,Unauthorised Expenditure,0.0
WC033,Cape Agulhas,2024,fruitless,Fruitless and Wasteful Expenditure,203437.0
WC033,Cape Agulhas,2024,irregular,Irregular Expenditure,113715792.0
WC033,Cape Agulhas,2024,unauthorised,Unauthorised Expenditure,30575715.0
WC034,Swellendam,2024,fruitless,Fruitless and Wasteful Expenditure,0.0
WC034,Swellendam,2024,irregular,Irregular Expenditure,63534402.0
WC034,Swellendam,2024,unauthorised,Unauthorised Expenditure,978131.0
WC041,Kannaland,2024,fruitless,Fruitless and Wasteful Expenditure,0.0
WC041,Kannaland,2024,irregular,Irregular Expenditure,20117157.0
WC041,Kannaland,2024,unauthorised,Unauthorised Expenditure,0.0
WC042,Hessequa,2024,fruitless,Fruitless and Wasteful Expenditure,11366.0
WC042,Hessequa,2024,irregular,Irregular Expenditure,13454.0
WC042,Hessequa,2024,unauthorised,Unauthorised Expenditure,5471718.0
WC043,Mossel Bay,2024,fruitless,Fruitless and Wasteful Expenditure,0.0
WC043,Mossel Bay,2024,irregular,Irregular Expenditure,25462543.0
WC043,Mossel Bay,2024,unauthorised,Unauthorised Expenditure,0.0
WC044,George,2024,fruitless,Fruitless and Wasteful Expenditure,0.0
WC044,George,2024,irregular,Irregular Expenditure,40041736.0
WC044,George,2024,unauthorised,Unauthorised Expenditure,31271056.0
WC045,Oudtshoorn,2024,fruitless,Fruitless and Wasteful Expenditure,0.0
WC045,Oudtshoorn,2024,irregular,Irregular Expenditure,25912113.0
WC045,Oudtshoorn,2024,unauthorised,Unauthorised Expenditure,0.0
WC047,Bitou,2024,fruitless,Fruitless and Wasteful Expenditure,1161659.0
WC047,Bitou,2024,irregular,Irregular Expenditure,21875768.0
WC047,Bitou,2024,unauthorised,Unauthorised Expenditure,31763702.0
WC048,Knysna,2024,fruitless,Fruitless and Wasteful Expenditure,0.0
WC048,Knysna,2024,irregular,Irregular Expenditure,142811034.0
WC048,Knysna,2024,unauthorised,Unauthorised Expenditure,58199151.0
WC051,Laingsburg,2024,fruitless,Fruitless and Wasteful Expenditure,1543828.0
WC051,Laingsburg,2024,irregular,Irregular Expenditure,45124663.0
WC051,Laingsburg,2024,unauthorised,Unauthorised Expenditure,25035353.0
WC052,Prince Albert,2024,fruitless,Fruitless and Wasteful Expenditure,4670.0
WC052,Prince Albert,2024,irregular,Irregular Expenditure,5123605.0
WC052,Prince Albert,2024,unauthorised,Unauthorised Expenditure,19134745.0
WC053,Beaufort West,2024,fruitless,Fruitless and Wasteful Expenditure,1213426.0
WC053,Beaufort West,2024,irregular,Irregular Expenditure,20688963.0
WC053,Beaufort West,2024,unauthorised,Unauthorised Expenditure,12676788.0
